{"type":"FeatureCollection","features":[{"type":"Feature","properties":{"name":"'Ksan Campground1","routes":["C3"],"provs":["BC"],"desc":"description: (laundry, washrooms, showers)<br>Details from Google Maps<br>1450 Ksan Rd, 'Ksan, BC V0J 1Y0<br>www.ksancampground.ca<br>+1 250-842-5940<br>Type: Privately Owned Campground<br>ID: 202.0","sym":"Campground"},"geometry":{"type":"Point","coordinates":[-127.67922,55.24939]}},{"type":"Feature","properties":{"name":"**Camping Annie","routes":["C3"],"provs":["QC"],"desc":"description: *A pump and basic tools for minor repairs, A sheltered location where you can eat during inclement weather, *A camping space, even without a reservation, if you are travelling exclusively by bicycle, Information about local bicycle networks and cycling services in the area, Privately Owned Campground<br>Type: Approved Accommodation (campground)<br>ID:","sym":"Flag, Blue"},"geometry":{"type":"Point","coordinates":[-68.03578,48.67118]}},{"type":"Feature","properties":{"name":"**Camping Au Bonnet Rouge","routes":["C1","C2","C3","CA"],"provs":["QC"],"desc":"description: This campground offers<br>71 sites<br>Cycling packages<br>Bike washing station<br>Laundry room<br>Secure food storage area<br><br>In addition, as a Bienvenue cyclistes!-certified campground, it offers<br>*A pump and basic tools for minor repairs<br>*A camping space, even without a reservation, if you are travelling exclusively by bicycle<br>A sheltered location where you can eat during inclement weather<br>Information about local bicycle networks and cycling services in the area<br><br>https://www.routeverte.com/en/hebergements/camping-bonnet-rouge-2/<br>Privately Owned Campground\u2026","sym":"Flag, Blue"},"geometry":{"type":"Point","coordinates":[-70.2651,47.21775]}},{"type":"Feature","properties":{"name":"**Camping Brownsburg-Chatham","routes":["C1","C3","CA"],"provs":["ON","QC"],"desc":"description: In addition, as a Bienvenue cyclistes!-certified campground, it offers<br>*A pump and basic tools for minor repairs<br>*A camping space, even without a reservation, if you are travelling exclusively by bicycle<br>A sheltered location where you can eat during inclement weather<br>Information about local bicycle networks and cycling services in the area, <br>This campground offers<br>256 sites<br>Bike washing station<br>Laundry room<br>https://www.routeverte.com/en/hebergements/camping-municipal-brownsburg-chatham-2/<br>,Municipal Campground<br>Type: Approved Accommodation (campgrou\u2026","sym":"Flag, Blue"},"geometry":{"type":"Point","coordinates":[-74.44661,45.58547]}},{"type":"Feature","properties":{"name":"**Camping des Aulnaies Inc","routes":["C1","C2","C3","CA"],"provs":["QC"],"desc":"description: This campground offers<br>515 sites<br>Laundry room<br>Breakfast / Lunch / Dinner<br><br>In addition, as a Bienvenue cyclistes!-certified campground, it offers<br>*A pump and basic tools for minor repairs<br>*A camping space, even without a reservation, if you are travelling exclusively by bicycle<br>A sheltered location where you can eat during inclement weather<br>Information about local bicycle networks and cycling services in the area<br>https://www.routeverte.com/en/hebergements/camping-des-aulnaies-2/<br>Type: Approved Accommodation (campground)<br>ID:","sym":"Flag, Blue"},"geometry":{"type":"Point","coordinates":[-70.21409,47.28014]}},{"type":"Feature","properties":{"name":"**Camping et chalets de la Demi-Lieue","routes":["C1","C2","C3","CA"],"provs":["QC"],"desc":"description: This campground offers<br>351 sites<br>Laundry room<br>Secure food storage area<br>Breakfast / Lunch / Dinner<br>In addition, as a Bienvenue cyclistes!-certified campground, it offers<br>*A pump and basic tools for minor repairs<br>*A camping space, even without a reservation, if you are travelling exclusively by bicycle<br>A sheltered location where you can eat during inclement weather<br>Information about local bicycle networks and cycling services in the area<br>https://www.routeverte.com/en/hebergements/camping-la-demi-lieue-2/<br>Type: Approved Accommodation (campground)<br>I\u2026","sym":"Flag, Blue"},"geometry":{"type":"Point","coordinates":[-70.23267,47.24549]}},{"type":"Feature","properties":{"name":"**Camping Municipal De Trois Pistoles","routes":["C1","C3"],"provs":["QC"],"desc":"description: This campground offers<br>181 sites<br>Bike washing station<br>Laundry room<br><br>In addition, as a Bienvenue cyclistes!-certified campground, it offers<br>*A pump and basic tools for minor repairs<br>*A camping space, even without a reservation, if you are travelling exclusively by bicycle<br>A sheltered location where you can eat during inclement weather<br>Information about local bicycle networks and cycling services in the area<br>https://www.routeverte.com/en/hebergements/camping-municipal-de-trois-pistoles-2/ Municipal Campground<br>Type: Approved Accommodation (campground)\u2026","sym":"Flag, Blue"},"geometry":{"type":"Point","coordinates":[-69.18948,48.12648]}},{"type":"Feature","properties":{"name":"**Camping Oka1","routes":["C1","C3","CN","CW"],"provs":["QC"],"desc":"description: In addition, as a Bienvenue cyclistes!-certified campground, it offers<br>*A pump and basic tools for minor repairs<br>*A camping space, even without a reservation, if you are travelling exclusively by bicycle<br>A sheltered location where you can eat during inclement weather<br>Information about local bicycle networks and cycling services in the area https://www.routeverte.com/en/hebergements/parc-national-doka-2/ Provincial Park Campground, This campground offers<br>896 sites<br>Laundry room<br>Lunch<br>Type: Approved Accommodation (campground)<br>ID: 344.0","sym":"Flag, Blue"},"geometry":{"type":"Point","coordinates":[-74.05791,45.47286]}},{"type":"Feature","properties":{"name":"**CAMPING PANORAMIQUE \u2013 PARKBRIDGE (Panoramique | Camping VR et chalets Parkbridge)","routes":["C1","C2","C3","CA"],"provs":["QC"],"desc":"description: This campground offers<br>479 sites<br>Laundry room<br>Breakfast / Lunch / Dinner<br><br>In addition, as a Bienvenue cyclistes!-certified campground, it offers<br>*A pump and basic tools for minor repairs<br>*A camping space, even without a reservation, if you are travelling exclusively by bicycle<br>A sheltered location where you can eat during inclement weather<br>Information about local bicycle networks and cycling services in the area<br>https://www.routeverte.com/en/hebergements/camping-panoramique-parkbridge-2/<br>Privately Owned Campground<br>Details from Google Maps<br>464\u2026","sym":"Flag, Blue"},"geometry":{"type":"Point","coordinates":[-71.9044,46.68851]}},{"type":"Feature","properties":{"name":"**Camping Riviere-Ouelle","routes":["C1","C2","C3"],"provs":["QC"],"desc":"description: This campground offers<br>250 sites<br>Bike washing station<br>Laundry room<br>Secure food storage area<br>Breakfast<br><br>In addition, as a Bienvenue cyclistes!-certified campground, it offers<br>*A pump and basic tools for minor repairs<br>*A camping space, even without a reservation, if you are travelling exclusively by bicycle<br>A sheltered location where you can eat during inclement weather<br>Information about local bicycle networks and cycling services in the area<br>https://www.routeverte.com/en/hebergements/camping-riviere-ouelle-2/ Privately Owned Campground<br>Type: A\u2026","sym":"Flag, Blue"},"geometry":{"type":"Point","coordinates":[-70.04364,47.43503]}},{"type":"Feature","properties":{"name":"**Kokanee Provincial Park - Holt Cyclist Shelter Campground","routes":["C2"],"provs":["BC"],"desc":"description: Provincial Park Campground<br>*Dedicated cyclist campsite, *cooking shelter<br>Type: Approved Accommodation (campground)<br>ID:","sym":"Flag, Blue"},"geometry":{"type":"Point","coordinates":[-117.12707,49.60391]}},{"type":"Feature","properties":{"name":"**Rainbow Trailer Park (campground) (might be closed 3july2024)","routes":["C3"],"provs":["BC"],"desc":"description: *Recommended by community, *(has dedicated cycling cabin and camping spot)<br>Details from Google Maps<br>12601 BC-16, Telkwa, BC V0J 2X1<br>+1 250-846-9663<br>Approved Accommodation (campground)<br>Has bicycle camping - use of cabin for free (big bicycle hanging from sign.<br>Type: Tenting unconfirmed<br>ID: 196.0","sym":"Flag, Blue"},"geometry":{"type":"Point","coordinates":[-127.02442,54.68266]}},{"type":"Feature","properties":{"name":"**St. Lawrence Park","routes":["C2","CN","CA"],"provs":["ON"],"desc":"description: *Special rate for cyclists, *St. Lawrence Park welcomes cyclists and has an \u201calways room\u201d policy for self-supported cyclists.<br>Municipal Campground<br>Details from Google Maps<br>525 King St W, Brockville, ON K6V 3N4<br>www.brockville.com<br>+1 613-345-1341<br>Type: Approved Accommodation (campground)<br>ID: 114.0","sym":"Flag, Blue"},"geometry":{"type":"Point","coordinates":[-75.7017,44.57763]}},{"type":"Feature","properties":{"name":"*Anicinabe Park","routes":["C1","C2","C3","CA"],"provs":["ON"],"desc":"description: 5+ trip report stays, Approved Accommodation #9, Privately Owned Campground<br>Details from Google Maps<br>Miikana Way and, Golf Course Rd, Kenora, ON P9N 4H5<br>www.anicinabepark.com<br>+1 807-407-1697<br>Booking<br>https://online.premiercampground.com/37fa9c6df0614aecaf1936e367ba942d<br>Type: Approved Accommodation (campground)<br>ID: 9.0","sym":"Flag, Blue"},"geometry":{"type":"Point","coordinates":[-94.47914,49.75313]}},{"type":"Feature","properties":{"name":"*Camping Chez Jean","routes":["C1","C2","C3"],"provs":["QC"],"desc":"description: *Special rate for cyclists http://www.campingchezjean.com/<br>Type: Approved Accommodation (campground)<br>ID:","sym":"Flag, Blue"},"geometry":{"type":"Point","coordinates":[-69.49014,47.74993]}},{"type":"Feature","properties":{"name":"*Camping de la Batture SEBKA","routes":["C1","C2","C3"],"provs":["QC"],"desc":"description: This campground offers<br>95 sites<br>Bike washing station<br>Laundry room<br>Secure food storage area<br><br>In addition, as a Bienvenue cyclistes!-certified campground, it offers<br>*A pump and basic tools for minor repairs<br>*A camping space, even without a reservation, if you are travelling exclusively by bicycle<br>A sheltered location where you can eat during inclement weather<br>Information about local bicycle networks and cycling services in the area<br>https://www.routeverte.com/en/hebergements/camping-de-la-batture-2/<br>Privately Owned Campground<br>Type: Approved Acco\u2026","sym":"Flag, Blue"},"geometry":{"type":"Point","coordinates":[-69.7576,47.64302]}},{"type":"Feature","properties":{"name":"*Camping La Maison Verte du Parc Gasp\u00e9sien1","routes":["C1","C3","CA"],"provs":["QC"],"desc":"description: This campground offers<br>119 sites<br>Bike washing station<br>Laundry room<br><br>In addition, as a Bienvenue cyclistes!-certified campground, it offers<br>*A pump and basic tools for minor repairs<br>A camping space, even without a reservation, if you are travelling exclusively by bicycle<br>A sheltered location where you can eat during inclement weather<br>Information about local bicycle networks and cycling services in the area<br><br>https://www.routeverte.com/en/hebergements/camping-la-maison-verte-du-parc-gaspesien-2/ Privately Owned Campground<br>Type: Approved Accommodati\u2026","sym":"Flag, Blue"},"geometry":{"type":"Point","coordinates":[-66.69626,48.04078]}},{"type":"Feature","properties":{"name":"*Camping Le Marquis","routes":["C1","C2","C3"],"provs":["QC"],"desc":"description: This tourist accommodation offers<br>167 units<br>Cycling packages<br>Bike washing station<br>Laundry room<br>Secure food storage area<br>Breakfast / Lunch / Dinner<br><br>In addition, as a Bienvenue cyclistes!-certified tourist accommodation, it offers<br>*A pump and basic tools for minor repairs<br>A covered, locked location to store your bicycle at night<br>Information about local bicycle networks and cycling services in the area<br>https://www.routeverte.com/en/hebergements/camping-le-marquis-2/ (Tenting unconfirmed)<br>Type: Approved Accommodation (campground)<br>ID:","sym":"Flag, Blue"},"geometry":{"type":"Point","coordinates":[-73.32696,45.8374]}},{"type":"Feature","properties":{"name":"*Camping Marina Louiseville","routes":["C1","C3"],"provs":["QC"],"desc":"description: *Cooking shelter, Privately Owned Campground<br>Type: Approved Accommodation (campground)<br>ID:","sym":"Flag, Blue"},"geometry":{"type":"Point","coordinates":[-72.92498,46.2252]}},{"type":"Feature","properties":{"name":"*Camping Parc Adams","routes":["C1"],"provs":["QC"],"desc":"description: This campground offers<br>21 sites<br>Bike washing station<br>Laundry room<br><br>In addition, as a Bienvenue cyclistes!-certified campground, it offers<br>*A pump and basic tools for minor repairs<br>A camping space, even without a reservation, if you are travelling exclusively by bicycle<br>A sheltered location where you can eat during inclement weather<br>Information about local bicycle networks and cycling services in the area<br>https://www.routeverte.com/en/hebergements/camping-parc-adams-2/<br>Type: Approved Accommodation (campground)<br>ID:","sym":"Flag, Blue"},"geometry":{"type":"Point","coordinates":[-66.95121,47.97359]}},{"type":"Feature","properties":{"name":"*Camping Pointe Aux Oies","routes":["C1","C2","C3"],"provs":["QC"],"desc":"description: CYCLOTOURIST<br><br>$27/day<br>Taxes not included<br>https://www.campingpointeauxoies.com/en/rates-packages-promotions/<br>Type: Approved Accommodation (campground)<br>ID:","sym":"Flag, Blue"},"geometry":{"type":"Point","coordinates":[-70.54628,46.9906]}},{"type":"Feature","properties":{"name":"*Camping Port St-Francois1","routes":["C1","C2","C3"],"provs":["QC"],"desc":"description: Cyclist Special - Without Car<br>Friday to Friday\t<br>1 cyclist 20 plus 10 plus additional\t<br>No domestic animals <br>Privately Owned Campground<br>https://campingportst-francois.com/tarif-camping/#<br>Type: Approved Accommodation (campground)<br>ID: 345.0","sym":"Flag, Blue"},"geometry":{"type":"Point","coordinates":[-72.61741,46.26931]}},{"type":"Feature","properties":{"name":"*CAN-OP/G & G Service Upsala Campground1","routes":["C1","C3","CA"],"provs":["ON"],"desc":"description: *5+ trip report stays, Approved Accommodation #15, Privately Owned Campground<br>Details from Google Maps<br>4850 ON-17, Upsala, ON P0T 2Y0<br>+1 807-986-2312<br>Type: Approved Accommodation (campground)<br>ID: 15.0","sym":"Flag, Blue"},"geometry":{"type":"Point","coordinates":[-90.47047,49.04391]}},{"type":"Feature","properties":{"name":"*Coquihalla Campground","routes":["C1","C2","CN","CA"],"provs":["BC"],"desc":"description: *5+ trip report stays Privately Owned Campground, <br>Details from Google Maps<br>800 Kawkawa Lake Rd, Hope, BC V0X 1L4<br>www.coquihallacampground.ca<br>+1 604-860-5330<br>Approved Accommodation #8<br>Type: Approved Accommodation (campground)<br>ID: 8.0","sym":"Flag, Blue"},"geometry":{"type":"Point","coordinates":[-121.42546,49.37921]}},{"type":"Feature","properties":{"name":"*Crystal Lake Campground1","routes":["C1","C3","CA"],"provs":["ON"],"desc":"description: *5+ trip report stays, Privately Owned Campground <br>Details from Google Maps<br>167 Hanslips Rd, Vermilion Bay, ON P0V 2V0<br>www.crystallakecampground.ca<br>+1 807-220-5467<br>Type: Approved Accommodation (campground)<br>ID: 62.0","sym":"Flag, Blue"},"geometry":{"type":"Point","coordinates":[-93.45624,49.82998]}},{"type":"Feature","properties":{"name":"*Cumberland Cove Seaside Campground","routes":["C1","CL","CW"],"provs":["PE"],"desc":"description: Here at Cumberland Cove Seaside Campground we offer...<br><br> Large grassy Tent and RV sites<br> Clean Washrooms - No extra charge for showers<br> Coin operated Washer and Dryer<br> Picnic Table and Fire pit<br> Dumping Station * ( Fee applicable if less than a 2 night stay)<br> 24 hour Supervision, Owner(s) on site<br> Treat for your pet <br>http://www.seasidecampingpei.ca/offer.html, Privately Owned Campground<br>*Recommended by someone on the fb page<br>Details from Google Maps<br>227 Cumberland Cove Rd, Borden-Carleton, PE C0B 1X0<br>www.seasidecampingpei.ca<br>+1 902-855-296\u2026","sym":"Flag, Blue"},"geometry":{"type":"Point","coordinates":[-63.57426,46.21687]}},{"type":"Feature","properties":{"name":"*C\u00e9dri\u00e8re, Parc National de Plaisance","routes":["C1"],"provs":["ON","QC"],"desc":"description: *Special rate for cyclists, <br>(Quebec National Park) <br>\"S\u00e9paq is proud to partner with V\u00e9lo Qu\u00e9bec to establish a Welcome Cyclists campsite network. Enjoy campsites exclusively for touring cyclists. They\u2019re easily accessible and available without advance booking.<br>Le Plateau campground<br><br> 2 campsites<br> 2 fire pits<br> 2 tables<br> Bike racks<br> Water access point: 200 m<br> La Carapace Visitors Centre nearby (community room - shelter, washroom, store and convenience store)<br> Lockers for food<br> Possibility of access via a cycling path<br> Sunny campsites<br><br>In\u2026","sym":"Flag, Blue"},"geometry":{"type":"Point","coordinates":[-75.05332,45.60201]}},{"type":"Feature","properties":{"name":"*Davy Lake Campground and Resort","routes":["C1","C3","CA"],"provs":["ON"],"desc":"description: \"Outdoor Sink for Tenters and Cyclists\"<br>https://davylake.ca/pages/amenities<br>*5+ trip report stays, Approved Accommodation #14, Privately Owned Campground<br>Details from Google Maps<br>400 Davey Lake Rd, Ignace, ON P0T 1T0<br>www.davylake.ca<br>+1 807-934-0914<br>Type: Approved Accommodation (campground)<br>ID: 14.0","sym":"Flag, Blue"},"geometry":{"type":"Point","coordinates":[-91.65249,49.41002]}},{"type":"Feature","properties":{"name":"*Eagle Valley Park Campground","routes":["C1","C2","CN","CA"],"provs":["SK"],"desc":"description: 5+ Trip Report Stays, Approved Accommodation #13, Privately Owned Campground, (Box 2108 SK-21 &amp;, SK-1, Maple Creek, SK S0N 1N0)<br>https://eaglevalleypark.ca/<br>Type: Approved Accommodation (campground)<br>ID: 13.0","sym":"Flag, Blue"},"geometry":{"type":"Point","coordinates":[-109.52685,49.97555]}},{"type":"Feature","properties":{"name":"*Gas City Campground","routes":["C1","C2","CA"],"provs":["AB"],"desc":"description: *5+ Trip report stays, Approved Accommodation #21, Municipal Campground<br>Details from Google Maps<br>402 11 Ave SW, Medicine Hat, AB T1A 7Z6<br>https://www.medicinehat.ca/en/parks-recreation-and-culture/camping.aspx#Amenities_1<br>+1 403-529-8158<br>Campground amenities include:<br> community campfire pit and kitchen<br> convenience store<br> dump station<br> firewood<br> laundry facilities<br> playground<br> showers<br> wireless internet<br>Type: Approved Accommodation (campground)<br>ID: 21.0","sym":"Flag, Blue"},"geometry":{"type":"Point","coordinates":[-110.7237,50.03802]}},{"type":"Feature","properties":{"name":"*Grenville Park Camping & Rv Park","routes":["C2"],"provs":["ON"],"desc":"description: *Has a designated cyclist camping area, and a special rate for cyclists<br>Grenville Park Camping &amp; Rv Park<br>Details from Google Maps<br>2323 2, Johnstown, ON K0E 1T1<br>www.gocampgrenvillepark.com<br>+1 613-925-5055<br>https://www.gocampgrenvillepark.com/rates/<br>Type: Approved Accommodation (campground)<br>ID:","sym":"Flag, Blue"},"geometry":{"type":"Point","coordinates":[-75.45213,44.74995]}},{"type":"Feature","properties":{"name":"*Harmony Beach Lakeview Resort","routes":["C1","C2","C3","CA"],"provs":["ON"],"desc":"description: May 15 to September 30<br>*Reported no tenting available (that was during closed season)<br>Approved Accommodation #10<br>Details from Google Maps<br>128 Harmony Beach Rd, Goulais River, ON P0S 1E0<br>https://www.facebook.com/harmonybeachresort<br>+1 705-649-3322<br>Type: Privately Owned Campground<br>ID: 10.0","sym":"Flag, Blue"},"geometry":{"type":"Point","coordinates":[-84.37186,46.84677]}},{"type":"Feature","properties":{"name":"*Jonas Creek Campground","routes":["C3"],"provs":["AB"],"desc":"description: Open: June 5 to September 9, 2024<br>\"Campsite #14 is designated for bike camping only.\"<br>https://parks.canada.ca/pn-np/ab/jasper/activ/passez-stay/camping#jonas<br>National Park Campground<br>\"Reservable: All sites available on a First Come, First Served basis. No reservations possible.\"<br>\"cooking shelter\"<br>\"A night at Jonas can be spent camping within earshot of the babbling creek. Hardy campers looking to get away from it all can also walk into hillside sites secluded in the forest. In addition, a bike camping area can be found near the cooking shelter, offering a great s\u2026","sym":"Flag, Blue"},"geometry":{"type":"Point","coordinates":[-117.39648,52.41739]}},{"type":"Feature","properties":{"name":"*Plantation Campground1","routes":["C2"],"provs":["NS"],"desc":"description: *Recommended by someone in the facebook page, nice quiet grassy area<br>Privately Owned Campground<br>Details from Google Maps<br>210 W Steadman Rd, Berwick, NS B0P 1E0<br>www.plantationcampground.com<br>+1 902-538-8888<br>Type: Approved Accommodation (campground)<br>ID: 360.0","sym":"Flag, Blue"},"geometry":{"type":"Point","coordinates":[-64.70518,45.07495]}},{"type":"Feature","properties":{"name":"*Rideau Heights Campsite","routes":["C1","C3","CN","CA"],"provs":["ON"],"desc":"description: unconfirmed if open for 2024 season.\u00a0 (closed for 2023 season)<br>Type: Tenting unconfirmed<br>ID:","sym":"Flag, Blue"},"geometry":{"type":"Point","coordinates":[-75.70248,45.34194]}},{"type":"Feature","properties":{"name":"*Rimouski Camping & Motel Anse (campground)1","routes":["C1","C3"],"provs":["QC"],"desc":"description: This campground offers<br>121 sites<br>Bike washing station<br>Laundry room<br>Secure food storage area<br><br>In addition, as a Bienvenue cyclistes!-certified campground, it offers<br>*A pump and basic tools for minor repairs<br>A camping space, even without a reservation, if you are travelling exclusively by bicycle<br>A sheltered location where you can eat during inclement weather<br>Information about local bicycle networks and cycling services in the area<br><br>https://www.routeverte.com/en/hebergements/camping-rimouski-motel-de-lanse-2/ Privately Owned Campground<br>Type: Ap\u2026","sym":"Flag, Blue"},"geometry":{"type":"Point","coordinates":[-68.61318,48.41636]}},{"type":"Feature","properties":{"name":"*Sun Valley RV Park (formerly Sun Valley Trout Park)","routes":["C1","C2","CN","CA"],"provs":["BC"],"desc":"description: *has sign on website<br>*5+ Trip report stays, Privately Owned Campground, <br>Details from Google Maps<br>31395 Silverdale Ave, Mission, BC V4S 1J7<br>www.campingfishingbc.com<br>+1 604-826-6471<br>Type: Approved Accommodation (campground)<br>ID: 7.0","sym":"Flag, Blue"},"geometry":{"type":"Point","coordinates":[-122.35465,49.14264]}},{"type":"Feature","properties":{"name":"*Tillebrook Provincial Park - Campground C","routes":["C1","CA"],"provs":["AB"],"desc":"description: *5+ Trip report stays, Provincial Park Campground<br>Details from Google Maps<br>Newell County No. 4, AB T0J 3K0<br>www.albertaparks.ca<br>+1 877-537-2757<br>Approved Accommodation (campground)<br>Type: Approved Accommodation (campground)<br>ID: 173.0","sym":"Flag, Blue"},"geometry":{"type":"Point","coordinates":[-111.8129,50.53775]}},{"type":"Feature","properties":{"name":"1000 Islands / Ivy Lea KOA Holiday","routes":["C2"],"provs":["ON"],"desc":"description: <br>Type: Privately Owned Campground<br>ID:","sym":"Campground"},"geometry":{"type":"Point","coordinates":[-76.02389,44.3642]}},{"type":"Feature","properties":{"name":"2 Pump Pauls Gas & Snacks","routes":["C2"],"provs":["BC"],"desc":"description: <br>Type: Privately Owned Campground<br>ID:","sym":"Campground"},"geometry":{"type":"Point","coordinates":[-116.09999,49.08095]}},{"type":"Feature","properties":{"name":"A1 Camp Site","routes":["C1","CA"],"provs":["AB"],"desc":"description: Yes tenting - asked on Google Places listing <br>Details from Google Maps<br>549 11 St, Bassano, AB T0J 0B0<br>+1 403-641-2027<br>https://a1motel.godaddysites.com/<br>Type: Privately Owned Campground<br>ID: 288.0","sym":"Campground"},"geometry":{"type":"Point","coordinates":[-112.45292,50.79074]}},{"type":"Feature","properties":{"name":"Aaron Provincial Park","routes":["C1","C3"],"provs":["ON"],"desc":"description: <br>Type: Provincial Park Campground<br>ID:","sym":"Campground"},"geometry":{"type":"Point","coordinates":[-92.65326,49.7579]}},{"type":"Feature","properties":{"name":"Acacia Grove RV Park & Cabins","routes":["CN","CA"],"provs":["BC"],"desc":"description: ($Wifi, store, laundry, flush toilets, showers, water) (Spences Bridge)<br>Type: Privately Owned Campground<br>ID: 208.0","sym":"Campground"},"geometry":{"type":"Point","coordinates":[-121.33468,50.42447]}},{"type":"Feature","properties":{"name":"Adventures East Campground & Cottages","routes":["C1"],"provs":["NS"],"desc":"description: <br>Type: Privately Owned Campground<br>ID:","sym":"Campground"},"geometry":{"type":"Point","coordinates":[-60.8583,46.08852]}},{"type":"Feature","properties":{"name":"Agawa Bay Campground","routes":["C1","C2","C3","CA"],"provs":["ON"],"desc":"description: Approved Accommodation #17<br>Details from Google Maps<br>ON-17, Wawa, ON P0S 1K0<br>https://www.ontarioparks.ca/park/lakesuperior<br>+1 705-882-2026<br>Type: Provincial Park Campground<br>ID: 17.0","sym":"Campground"},"geometry":{"type":"Point","coordinates":[-84.61621,47.33495]}},{"type":"Feature","properties":{"name":"Agimac Lake Resort","routes":["C1","C3","CA"],"provs":["ON"],"desc":"description: <br>Type: Privately Owned Campground<br>ID:","sym":"Campground"},"geometry":{"type":"Point","coordinates":[-91.67907,49.42112]}},{"type":"Feature","properties":{"name":"Aloha RV Park & Campsite","routes":["C1","C2","CN","CA","CL"],"provs":["BC"],"desc":"description: Details from Google Maps<br>29666 Fraser Hwy, Abbotsford, BC V4X 1V2<br>+1 778-716-2366<br>Type: Privately Owned Campground<br>ID: 256.0","sym":"Campground"},"geometry":{"type":"Point","coordinates":[-122.40236,49.05728]}},{"type":"Feature","properties":{"name":"Alpiner Holiday Resort Sicamous B.C. Formally Joe Schmucks Roadhouse (tenting unconfirmed)","routes":["C1","CN","CA","CL"],"provs":["BC"],"desc":"description: (no outside washrooms)<br>Type: Unofficial Campground<br>ID:","sym":"Campground"},"geometry":{"type":"Point","coordinates":[-118.97141,50.83823]}},{"type":"Feature","properties":{"name":"Alsask Municipal Campground","routes":["C3"],"provs":["AB","SK"],"desc":"description: <br>Type: Privately Owned Campground<br>ID:","sym":"Campground"},"geometry":{"type":"Point","coordinates":[-109.98922,51.38825]}},{"type":"Feature","properties":{"name":"Amherst Shore Provincial Camp Ground","routes":["CL"],"provs":["NS"],"desc":"description: <br>Type: Provincial Park Campground<br>ID:","sym":"Campground"},"geometry":{"type":"Point","coordinates":[-63.87914,45.9595]}},{"type":"Feature","properties":{"name":"Antlers Kingfisher Lodge","routes":["C1"],"provs":["ON"],"desc":"description: <br>Type: Privately Owned Campground<br>ID:","sym":"Campground"},"geometry":{"type":"Point","coordinates":[-78.27506,46.25647]}},{"type":"Feature","properties":{"name":"Aquaparc H2O","routes":["C1","C2","C3"],"provs":["QC"],"desc":"description: Details from Google Maps<br>4150 Rang Saint-Charles, Trois-Rivi\u00e8res, QC G9B 7W9<br>aquaparch2o.com<br>+1 819-377-5469<br>Type: Tenting unconfirmed<br>ID:","sym":"Campground"},"geometry":{"type":"Point","coordinates":[-72.6913,46.30689]}},{"type":"Feature","properties":{"name":"Arm of Gold Campground1","routes":["C1","C3","CN","CL","CW"],"provs":["NS"],"desc":"description: Season Dates: June 1 to October 1<br>Details from Google Maps<br>24 Church Rd, Little Bras D'or, NS B1Y 2Y2<br>www.armofgoldcamp.com<br>+1 902-736-6516<br>Type: Privately Owned Campground<br>ID: 350.0","sym":"Campground"},"geometry":{"type":"Point","coordinates":[-60.29014,46.24987]}},{"type":"Feature","properties":{"name":"Arosa Ranch","routes":["C2"],"provs":["BC"],"desc":"description: (bathrooms, hot showers)<br>Type: Privately Owned Campground<br>ID:","sym":"Campground"},"geometry":{"type":"Point","coordinates":[-119.28649,49.00416]}},{"type":"Feature","properties":{"name":"Arrowvale Campground","routes":["C2","CA"],"provs":["BC"],"desc":"description: Yes tenting - asked on Google Maps listing<br>Details from Google Maps<br>5955 Hector Rd, Port Alberni, BC V9Y 9E8<br>www.arrowvale.ca<br>+1 250-723-7948<br>Type: Privately Owned Campground<br>ID:","sym":"Campground"},"geometry":{"type":"Point","coordinates":[-124.86749,49.28165]}},{"type":"Feature","properties":{"name":"Aspen Grove Campground","routes":["C1","CA"],"provs":["MB"],"desc":"description: <br>Type: Privately Owned Campground<br>ID:","sym":"Campground"},"geometry":{"type":"Point","coordinates":[-100.75833,49.78044]}},{"type":"Feature","properties":{"name":"Assiniboia Regional Park Campground","routes":["C2"],"provs":["SK"],"desc":"description: Details from Google Maps<br>SK-2, Assiniboia, SK S0H 0B0<br>https://www.assiniboia.net/visit_us/accommodation_camping.html<br>+1 306-642-3382<br>Type: Municipal Campground<br>ID: 221.0","sym":"Campground"},"geometry":{"type":"Point","coordinates":[-105.99089,49.6261]}},{"type":"Feature","properties":{"name":"Auberge Camping du Lac Malcom1","routes":["C1","CA"],"provs":["QC"],"desc":"description: Details from Google Maps<br>123 route du lac Malcom, La Matap\u00e9dia, QC G0J 3K0<br>www.aubergecampinglacmalcom.com<br>+1 418-536-3322<br>Type: Privately Owned Campground<br>ID: 178.0","sym":"Campground"},"geometry":{"type":"Point","coordinates":[-67.76034,48.59233]}},{"type":"Feature","properties":{"name":"Avola Campground","routes":["CN"],"provs":["BC"],"desc":"description: <br>Type: Privately Owned Campground<br>ID:","sym":"Campground"},"geometry":{"type":"Point","coordinates":[-119.32523,51.7803]}},{"type":"Feature","properties":{"name":"Babawasse Campground","routes":["C1"],"provs":["ON"],"desc":"description: <br>Type: Provincial Park Campground<br>ID:","sym":"Campground"},"geometry":{"type":"Point","coordinates":[-78.87354,46.29361]}},{"type":"Feature","properties":{"name":"Baddeck Cabot Trail Campground","routes":["C1"],"provs":["NS"],"desc":"description: Recommended on facebook<br>https://www.facebook.com/groups/1551091118449121/posts/3292500644308151/<br>Type: Privately Owned Campground<br>ID:","sym":"Campground"},"geometry":{"type":"Point","coordinates":[-60.85297,46.09094]}},{"type":"Feature","properties":{"name":"Bairds memorial campground","routes":["C2"],"provs":["NB"],"desc":"description: Details from Google Maps<br>12255 NB-105, Perth-Andover, NB E7H 3W9<br>bairdscampground.ca<br>+1 506-273-3080<br>Type: Privately Owned Campground<br>ID: 367.0","sym":"Campground"},"geometry":{"type":"Point","coordinates":[-67.71766,46.70796]}},{"type":"Feature","properties":{"name":"Balzac Campground RV Park & Storage","routes":["C3","CL"],"provs":["AB"],"desc":"description: <br>Type: Privately Owned Campground<br>ID:","sym":"Campground"},"geometry":{"type":"Point","coordinates":[-114.00401,51.22303]}},{"type":"Feature","properties":{"name":"Bamberton Campsite (Bamberton Provincial Park)","routes":["C1","C3","CA","CL","CW"],"provs":["BC"],"desc":"description: Details from Google Maps<br>Cowichan Valley F, BC V0R 2P4<br>https://bcparks.ca/bamberton-park/<br>+1 250-474-1336<br>Type: Provincial Park Campground<br>ID:","sym":"Campground"},"geometry":{"type":"Point","coordinates":[-123.52917,48.6057]}},{"type":"Feature","properties":{"name":"Bancroft Campground","routes":["CN","CA"],"provs":["ON"],"desc":"description: <br>Type: Privately Owned Campground<br>ID:","sym":"Campground"},"geometry":{"type":"Point","coordinates":[-77.88448,45.11192]}},{"type":"Feature","properties":{"name":"Barachois Pond Provincial Park - Campground1","routes":["C3"],"provs":["NL"],"desc":"description: Details from Google Maps<br>NL-1 Black Duck Siding, Stephenville, NL A0N 2G0<br>https://www.parksnl.ca/parks/barachois-pond-provincial-park/<br>+1 709-649-0048<br>Type: Provincial Park Campground<br>ID: 348.0","sym":"Campground"},"geometry":{"type":"Point","coordinates":[-58.27948,48.48427]}},{"type":"Feature","properties":{"name":"Barefoot Villas Cabins & Hotel in Christina Lake","routes":["C2","CA"],"provs":["BC"],"desc":"description: (Tenting, Showers, Laundry)<br>Type: Privately Owned Campground<br>ID:","sym":"Campground"},"geometry":{"type":"Point","coordinates":[-118.21641,49.05784]}},{"type":"Feature","properties":{"name":"Barrie KOA Holiday","routes":["C3","CL"],"provs":["ON"],"desc":"description: <br>Type: Privately Owned Campground<br>ID:","sym":"Campground"},"geometry":{"type":"Point","coordinates":[-79.71479,44.51588]}},{"type":"Feature","properties":{"name":"Bass Lake Park","routes":["C2","C3"],"provs":["ON"],"desc":"description: <br>Type: Privately Owned Campground<br>ID:","sym":"Campground"},"geometry":{"type":"Point","coordinates":[-81.00867,44.70263]}},{"type":"Feature","properties":{"name":"Bassano Homecoming Campground","routes":["C1","CA"],"provs":["AB"],"desc":"description: Approved Accommodation #11<br>Details from Google Maps<br>601-605 2 Ave, Bassano, AB T0J 0B0<br>https://bassano.ca/campground-accommodations/<br>+1 403-641-3788<br>Type: Municipal Campground<br>ID: 11.0","sym":"Campground"},"geometry":{"type":"Point","coordinates":[-112.46398,50.78621]}},{"type":"Feature","properties":{"name":"Bathurst Marina Inc.1","routes":["C1","C3","CA"],"provs":["NB"],"desc":"description: Details from Google Maps<br>1555 Queen Elizabeth Dr, Bathurst, NB E2A 4Y4<br>www.bathurstmarina.ca<br>+1 506-547-1166<br>Type: Privately Owned Campground<br>ID: 58.0","sym":"Campground"},"geometry":{"type":"Point","coordinates":[-65.62611,47.65828]}},{"type":"Feature","properties":{"name":"Bathurst Wildlife Camping","routes":["C1","C3","CA"],"provs":["NB"],"desc":"description: <br>Type: Privately Owned Campground<br>ID:","sym":"Campground"},"geometry":{"type":"Point","coordinates":[-65.72071,47.65168]}},{"type":"Feature","properties":{"name":"Batman's Cottages and Campground","routes":["C2","C3"],"provs":["ON"],"desc":"description: <br>Type: Privately Owned Campground<br>ID:","sym":"Campground"},"geometry":{"type":"Point","coordinates":[-81.89794,45.88382]}},{"type":"Feature","properties":{"name":"Battery Provincial Park","routes":["CN"],"provs":["NS"],"desc":"description: Details from Google Maps<br>10110 NS-4, St. Peter's, NS B0E 3B0<br>https://parks.novascotia.ca/park/battery<br>+1 902-535-3094<br>Type: Provincial Park Campground<br>ID: 253.0","sym":"Campground"},"geometry":{"type":"Point","coordinates":[-60.86592,45.65026]}},{"type":"Feature","properties":{"name":"Beachview Campground","routes":["C1","C3"],"provs":["NB"],"desc":"description: <br>Type: Privately Owned Campground<br>ID:","sym":"Campground"},"geometry":{"type":"Point","coordinates":[-64.53785,46.3551]}},{"type":"Feature","properties":{"name":"Beaumont Campground","routes":["C3"],"provs":["BC"],"desc":"description: (water, flush toilets)<br>Type: Provincial Park Campground<br>ID:","sym":"Campground"},"geometry":{"type":"Point","coordinates":[-124.61765,54.06195]}},{"type":"Feature","properties":{"name":"Beaverview RV Park & Campground","routes":["C3"],"provs":["BC"],"desc":"description: (wifi, showers, laundry)<br>Details from Google Maps<br>2435 BC-16, McBride, BC V0J 2E0<br>www.beaverviewpark.com<br>+1 250-569-2513<br>Type: Privately Owned Campground<br>ID: 80.0","sym":"Campground"},"geometry":{"type":"Point","coordinates":[-120.12605,53.30092]}},{"type":"Feature","properties":{"name":"Bee Happy Family Campground","routes":["C3","CN"],"provs":["ON"],"desc":"description: Details from Google Maps<br>1181 Big Bay Point Rd, Innisfil, ON L9S 2N6<br>www.beehappycampground.com<br>+1 705-722-3030<br>Type: Privately Owned Campground<br>ID: 314.0","sym":"Campground"},"geometry":{"type":"Point","coordinates":[-79.57333,44.37269]}},{"type":"Feature","properties":{"name":"BeechBrook","routes":["C2"],"provs":["NS"],"desc":"description: <br>Type: Privately Owned Campground<br>ID:","sym":"Campground"},"geometry":{"type":"Point","coordinates":[-63.95899,44.97077]}},{"type":"Feature","properties":{"name":"Beiseker Municipal Campground","routes":["C3","CA"],"provs":["AB"],"desc":"description: <br>Type: Municipal Campground<br>ID:","sym":"Campground"},"geometry":{"type":"Point","coordinates":[-113.52738,51.38643]}},{"type":"Feature","properties":{"name":"Bell's Point Beach Campground1","routes":["C1","C2","C3","CA"],"provs":["ON"],"desc":"description: Yes tenting https://campgrounds.rvlife.com/regions/ontario/sault-ste-marie/bells-point-beach-campground-4165<br>Details from Google Maps<br>158 ON-17B, Garden River, ON P6A 6Z3<br>+1 705-946-7781<br>Type: Privately Owned Campground<br>ID: 303.0","sym":"Campground"},"geometry":{"type":"Point","coordinates":[-84.22128,46.54266]}},{"type":"Feature","properties":{"name":"Bellevue Beach Campground","routes":["C3"],"provs":["NL"],"desc":"description: <br>Type: Privately Owned Campground<br>ID:","sym":"Campground"},"geometry":{"type":"Point","coordinates":[-53.78116,47.63562]}},{"type":"Feature","properties":{"name":"Bellevue Community Campground","routes":["C2","CA"],"provs":["AB"],"desc":"description: <br>Type: Privately Owned Campground<br>ID:","sym":"Campground"},"geometry":{"type":"Point","coordinates":[-114.35937,49.56972]}},{"type":"Feature","properties":{"name":"Ben Eoin Beach RV Resort","routes":["CN"],"provs":["NS"],"desc":"description: <br>Type: Privately Owned Campground<br>ID:","sym":"Campground"},"geometry":{"type":"Point","coordinates":[-60.48826,45.94737]}},{"type":"Feature","properties":{"name":"Beothuck Family Park","routes":["C3","CA"],"provs":["NL"],"desc":"description: Details from Google Maps<br>Grand Falls-Windsor, NL A2B 1B4<br>beothuckfamilypark.com<br>+1 709-489-9832<br>Type: Privately Owned Campground<br>ID: 170.0","sym":"Campground"},"geometry":{"type":"Point","coordinates":[-55.70651,48.94333]}},{"type":"Feature","properties":{"name":"Besant Campground","routes":["C1"],"provs":["SK"],"desc":"description: <br>Type: Privately Owned Campground<br>ID:","sym":"Campground"},"geometry":{"type":"Point","coordinates":[-105.96505,50.46153]}},{"type":"Feature","properties":{"name":"Big Intervale Campground - Cape Breton Highlands National Park","routes":["C3"],"provs":["NS"],"desc":"description: <br>Type: National Park Campground<br>ID:","sym":"Campground"},"geometry":{"type":"Point","coordinates":[-60.61429,46.83034]}},{"type":"Feature","properties":{"name":"Big Oak Tent Trailer Park & Cottages","routes":["C1"],"provs":["ON"],"desc":"description: <br>Type: Privately Owned Campground<br>ID:","sym":"Campground"},"geometry":{"type":"Point","coordinates":[-79.94102,46.32983]}},{"type":"Feature","properties":{"name":"Birch Grove Camp Ground","routes":["C2","CW"],"provs":["BC"],"desc":"description: <br>Type: Privately Owned Campground<br>ID:","sym":"Campground"},"geometry":{"type":"Point","coordinates":[-116.99907,49.61772]}},{"type":"Feature","properties":{"name":"Birch Hill Camp","routes":["C1"],"provs":["ON"],"desc":"description: <br>Type: Privately Owned Campground<br>ID:","sym":"Campground"},"geometry":{"type":"Point","coordinates":[-79.2284,46.22604]}},{"type":"Feature","properties":{"name":"Birch Island Campground","routes":["CN"],"provs":["BC"],"desc":"description: Details from Google Maps<br>88 Walker Rd, Clearwater, BC V0E 1N0<br>+1 250-674-3771<br>Type: Privately Owned Campground<br>ID: 211.0","sym":"Campground"},"geometry":{"type":"Point","coordinates":[-119.9035,51.60422]}},{"type":"Feature","properties":{"name":"Birchland RV Park & Golf","routes":["C1","C3","CA"],"provs":["ON"],"desc":"description: <br>Type: Privately Owned Campground<br>ID:","sym":"Campground"},"geometry":{"type":"Point","coordinates":[-92.86501,49.81339]}},{"type":"Feature","properties":{"name":"Birchwood Campground & Cabins1","routes":["C1","CN","CA","CL"],"provs":["NS"],"desc":"description: Details from Google Maps<br>2521 NS-376, Pictou, NS B0K 1H0<br>www.birchwoodcampground.ca<br>+1 902-485-8565<br>Type: Privately Owned Campground<br>ID: 83.0","sym":"Campground"},"geometry":{"type":"Point","coordinates":[-62.77507,45.67273]}},{"type":"Feature","properties":{"name":"Blind River Marina campground","routes":["C1","C2","C3"],"provs":["ON"],"desc":"description: \"We\u2019re looking forward to serving sailboats, power boats, cyclists and road-warriors requiring a safe space to camp overnight!<br>RVs and tents are also welcome for single-day camping.\"<br>https://www.brmarinepark.ca/marina<br>Type: Privately Owned Campground<br>ID:","sym":"Campground"},"geometry":{"type":"Point","coordinates":[-82.96491,46.18017]}},{"type":"Feature","properties":{"name":"Blue Bird Trailer and Campsite","routes":["C1","C3","CA"],"provs":["ON"],"desc":"description: https://www.campendium.com/blue-bird-trailer-and-campsite<br> Overview of Blue Bird Trailer &amp; Campsite<br>Number of Sites 50<br>Pad Type grass<br>Reservations yes<br>Open Seasonally May 15 - Oct 30<br>Elevation 1,213 ft / 369 m<br>Max Length 50 ft<br>Tent Camping Yes<br>Type: Privately Owned Campground<br>ID:","sym":"Campground"},"geometry":{"type":"Point","coordinates":[-93.34807,49.84447]}},{"type":"Feature","properties":{"name":"Blue Cedars RV Park and Campground1","routes":["C3","CA","CL"],"provs":["BC"],"desc":"description: (wifi, washrooms, showers, coin laundry, convenience)<br>Details from Google Maps<br>4433 Kimball Rd, Prince George, BC V2N 5N7<br>bluecedarsrvpark.com<br>+1 888-964-7271<br>Type: Privately Owned Campground<br>ID: 101.0","sym":"Campground"},"geometry":{"type":"Point","coordinates":[-122.82084,53.85933]}},{"type":"Feature","properties":{"name":"Blue Lake Provincial Park","routes":["C1","C3","CA"],"provs":["ON"],"desc":"description: <br>Type: Provincial Park Campground<br>ID:","sym":"Campground"},"geometry":{"type":"Point","coordinates":[-93.47269,49.90341]}},{"type":"Feature","properties":{"name":"Blue River Campground & RV Park1","routes":["CN"],"provs":["BC"],"desc":"description: Open Season (May 01 \u2013 October 10)<br>Details from Google Maps<br>991 Blue River West Frontage Rd, Blue River, BC V0E 1J0<br>www.bluerivercampground.ca<br>+1 778-668-7423<br>Type: Privately Owned Campground<br>ID: 213.0","sym":"Campground"},"geometry":{"type":"Point","coordinates":[-119.30525,52.11509]}},{"type":"Feature","properties":{"name":"Bluewater Park Campground1","routes":["C2","C3"],"provs":["ON"],"desc":"description: \"Bluewater Park Campground is a municipally-owned campground located in Bluewater Park on Colpoy's Bay along the Niagara Escarpment. This cozy campground offers 40 seasonal sites, 54 serviced sites and non-serviced tent camping sites.\"<br>https://www.southbrucepeninsula.com/en/explore-and-play/bluewater-park-campground.aspx<br>Details from Google Maps<br>400 William St, Wiarton, ON N0H 2T0<br>www.southbrucepeninsula.com<br>+1 519-534-1400 ext. 316<br>Type: Municipal Campground<br>ID: 311.0","sym":"Campground"},"geometry":{"type":"Point","coordinates":[-81.13655,44.74387]}},{"type":"Feature","properties":{"name":"Bona Vista Campground","routes":["C1"],"provs":["ON"],"desc":"description: Details from Google Maps<br>18070 ON-17, Cobden, ON K0J 1K0<br>bonavistacampground.ca<br>+1 613-646-2716<br>Type: Privately Owned Campground<br>ID: 317.0","sym":"Campground"},"geometry":{"type":"Point","coordinates":[-76.88999,45.6409]}},{"type":"Feature","properties":{"name":"Borden / Summerside KOA Journey1","routes":["C1","CL","CW"],"provs":["PE"],"desc":"description: (formerly Jelly Stone Campground)<br>(tent sites available from clicking the booking process)<br>https://koa.com/campgrounds/borden/general-information/<br>Type: Privately Owned Campground<br>ID: 78.0","sym":"Campground"},"geometry":{"type":"Point","coordinates":[-63.67266,46.25532]}},{"type":"Feature","properties":{"name":"Boundary Creek Provincial Park","routes":["C2","CA"],"provs":["BC"],"desc":"description: (water, flush toilets)<br>Type: Provincial Park Campground<br>ID:","sym":"Campground"},"geometry":{"type":"Point","coordinates":[-118.69584,49.05822]}},{"type":"Feature","properties":{"name":"Bow Island Centennial Park & Campground","routes":["C2","CA"],"provs":["AB"],"desc":"description: Details from Google Maps<br>1121 Centre St, Bow Island, AB T0K 0G0<br>www.bowisland.com<br>+1 403-545-2522<br>Type: Municipal Campground<br>ID: 40.0","sym":"Campground"},"geometry":{"type":"Point","coordinates":[-111.37974,49.86224]}},{"type":"Feature","properties":{"name":"Bow River Campground","routes":["C1","C3","CN","CA"],"provs":["AB"],"desc":"description: <br>Type: Provincial Park Campground<br>ID:","sym":"Campground"},"geometry":{"type":"Point","coordinates":[-115.31918,51.06098]}},{"type":"Feature","properties":{"name":"Bras d'Or Lakes Campground","routes":["C1"],"provs":["NS"],"desc":"description: <br>Type: Privately Owned Campground<br>ID:","sym":"Campground"},"geometry":{"type":"Point","coordinates":[-60.81913,46.08139]}},{"type":"Feature","properties":{"name":"Breezy Hill Camping","routes":["C1"],"provs":["ON"],"desc":"description: <br>Type: Privately Owned Campground<br>ID:","sym":"Campground"},"geometry":{"type":"Point","coordinates":[-76.20515,45.34457]}},{"type":"Feature","properties":{"name":"Bridgetown Family Camping","routes":["C2"],"provs":["NS"],"desc":"description: <br>Type: Privately Owned Campground<br>ID:","sym":"Campground"},"geometry":{"type":"Point","coordinates":[-65.2917,44.83824]}},{"type":"Feature","properties":{"name":"Broad Cove Campground","routes":["C3"],"provs":["NS"],"desc":"description: <br>Type: National Park Campground<br>ID:","sym":"Campground"},"geometry":{"type":"Point","coordinates":[-60.36592,46.71007]}},{"type":"Feature","properties":{"name":"Broadview Lions Campground","routes":["C1"],"provs":["SK"],"desc":"description: <br>Type: Privately Owned Campground<br>ID:","sym":"Campground"},"geometry":{"type":"Point","coordinates":[-102.58171,50.37113]}},{"type":"Feature","properties":{"name":"Bromley Rock Provincial Park","routes":["C1","C2"],"provs":["BC"],"desc":"description: <br>Type: Provincial Park Campground<br>ID:","sym":"Campground"},"geometry":{"type":"Point","coordinates":[-120.25836,49.4173]}},{"type":"Feature","properties":{"name":"Brookdale Country Inn & RV Park","routes":["C3"],"provs":["NL"],"desc":"description: (unsure if tenting is available)<br>Type: Privately Owned Campground<br>ID:","sym":"Campground"},"geometry":{"type":"Point","coordinates":[-55.5409,48.99086]}},{"type":"Feature","properties":{"name":"Broughton Strait Campground1","routes":["C3","CA"],"provs":["BC"],"desc":"description: Details from Google Maps<br>Broughton Blvd, Port McNeill, BC V0N 2R0<br>https://portmcneill.ca/residents/broughton-straight-campground/<br>+1 250-230-1526<br>Type: Municipal Campground<br>ID: 153.0","sym":"Campground"},"geometry":{"type":"Point","coordinates":[-127.09129,50.58569]}},{"type":"Feature","properties":{"name":"Brown's Bay Camping Site","routes":["C2"],"provs":["ON"],"desc":"description: <br>Type: Provincial Park Campground<br>ID:","sym":"Campground"},"geometry":{"type":"Point","coordinates":[-75.81882,44.48896]}},{"type":"Feature","properties":{"name":"Brownlee Lake Park","routes":["C1","C2","C3","CA"],"provs":["ON"],"desc":"description: <br>Type: Privately Owned Campground<br>ID:","sym":"Campground"},"geometry":{"type":"Point","coordinates":[-83.43061,46.29849]}},{"type":"Feature","properties":{"name":"Bruce Mines Campground","routes":["C1","C2","C3"],"provs":["ON"],"desc":"description: <br>Type: Municipal Campground<br>ID:","sym":"Campground"},"geometry":{"type":"Point","coordinates":[-83.7832,46.30045]}},{"type":"Feature","properties":{"name":"Bry-Mar RV Park & Campground","routes":["C1","CA"],"provs":["MB"],"desc":"description: <br>Type: Privately Owned Campground<br>ID:","sym":"Campground"},"geometry":{"type":"Point","coordinates":[-99.80177,49.88871]}},{"type":"Feature","properties":{"name":"Buffalo Lookout Campground","routes":["C1"],"provs":["SK"],"desc":"description: Details from Google Maps<br>40 Redhead Rd, Emerald Park, SK S0G 3Z0<br>www.buffalolookoutcampground.ca<br>+1 306-525-1448<br>Type: Privately Owned Campground<br>ID: 298.0","sym":"Campground"},"geometry":{"type":"Point","coordinates":[-104.44563,50.44717]}},{"type":"Feature","properties":{"name":"Bunnell Park Campground","routes":["C2","CA"],"provs":["ON"],"desc":"description: Approved Accommodation #19<br>Details from Google Maps<br>ON-622, Atikokan, ON P0T 1C0<br>https://visitatikokan.com/experiences/bunnell-park-campground/<br>+1 807-597-1234<br>Type: Municipal Campground<br>ID: 19.0","sym":"Campground"},"geometry":{"type":"Point","coordinates":[-91.58742,48.75622]}},{"type":"Feature","properties":{"name":"Burnaby Cariboo RV Park and Campground (BCRV)","routes":["C2","CN","CL"],"provs":["BC"],"desc":"description: Details from Google Maps<br>8765 Cariboo Pl, Burnaby, BC V3N 4T2<br>www.bcrv.com<br>+1 604-420-1722<br>Type: Privately Owned Campground<br>ID: 255.0","sym":"Campground"},"geometry":{"type":"Point","coordinates":[-122.91117,49.24878]}},{"type":"Feature","properties":{"name":"Burns Lake Village Campground","routes":["C3","CA"],"provs":["BC"],"desc":"description: (free, no showers) Approved Accommodation #27<br>Details from Google Maps<br># South, BC-35, Burns Lake, BC V0J 1E0<br>visitburnslake.ca<br>+1 250-692-7587<br>Type: Municipal Campground<br>ID:","sym":"Campground"},"geometry":{"type":"Point","coordinates":[-125.76278,54.22263]}},{"type":"Feature","properties":{"name":"Burritts Rapids Lockstation","routes":["CN"],"provs":["ON"],"desc":"description: 5) Allows tent camping for those arriving by water and also for cyclists and hikers.<br>https://www.rideau-info.com/canal/locks/17-burrittsrapids.html<br>Details from Google Maps<br>673 River Rd, Kemptville, ON K0G 1J0<br>https://www.pc.gc.ca/en/lhn-nhs/on/rideau?utm_source=gmb&amp;utm_medium=rideau_lock17<br>+1 613-258-4510<br>Type: National Park Campground<br>ID:","sym":"Campground"},"geometry":{"type":"Point","coordinates":[-75.78662,44.98231]}},{"type":"Feature","properties":{"name":"Butter Pot Provincial Park","routes":["C1","C3"],"provs":["NL"],"desc":"description: <br>Type: Provincial Park Campground<br>ID:","sym":"Campground"},"geometry":{"type":"Point","coordinates":[-53.05828,47.39018]}},{"type":"Feature","properties":{"name":"Cabana Beach Campground","routes":["C2","CA"],"provs":["BC"],"desc":"description: <br>Type: Privately Owned Campground<br>ID:","sym":"Campground"},"geometry":{"type":"Point","coordinates":[-119.4374,49.01041]}},{"type":"Feature","properties":{"name":"Cabot Shores Wilderness Resort | Cabot trail, Cape Breton1","routes":["C3","CA","CL","CW"],"provs":["NS"],"desc":"description: Details from Google Maps<br>Cabot Shores Wilderness Resort, 30 Buchanan Dr, Indian Brook, NS B0C 1H0<br>www.cabotshores.com<br>+1 902-929-2584<br>Type: Privately Owned Campground<br>ID: 246.0","sym":"Campground"},"geometry":{"type":"Point","coordinates":[-60.52808,46.37222]}},{"type":"Feature","properties":{"name":"Cache Bay Trailer Park","routes":["C1"],"provs":["ON"],"desc":"description: \"Hi Sam. Our campground has both tent and trailer sites available.\"\u00a0<br>(google maps answer - 2025)<br>Type: Privately Owned Campground<br>ID:","sym":"Campground"},"geometry":{"type":"Point","coordinates":[-79.98742,46.36912]}},{"type":"Feature","properties":{"name":"Cache Creek Campground and RV Park1","routes":["CN","CA"],"provs":["BC"],"desc":"description: Cache Creek Campground and RV Park (formerly Brookside Campsite)<br>(Wifi, laundry, showers)<br>Details from Google Maps<br>1621 Trans-Canada Hwy, Cache Creek, BC V0K 1H0<br>cachecreekcampground.com<br>+1 604-226-5088<br>Type: Privately Owned Campground<br>ID: 209.0","sym":"Campground"},"geometry":{"type":"Point","coordinates":[-121.30731,50.80997]}},{"type":"Feature","properties":{"name":"Caddy Lake Campground","routes":["C1","C2","C3"],"provs":["MB"],"desc":"description: <br>Type: Privately Owned Campground<br>ID:","sym":"Campground"},"geometry":{"type":"Point","coordinates":[-95.21757,49.8064]}},{"type":"Feature","properties":{"name":"Cadillac Campground1","routes":["C2"],"provs":["SK"],"desc":"description: Details from Google Maps<br>Dedion, Cadillac, SK S0N 0K0<br>https://thecadillac.ca/cadillac-campground<br>+1 306-785-2100<br>Type: Municipal Campground<br>ID: 220.0","sym":"Campground"},"geometry":{"type":"Point","coordinates":[-107.73597,49.72582]}},{"type":"Feature","properties":{"name":"Calaway Park Campground","routes":["C1","C3","CN"],"provs":["AB"],"desc":"description: Details from Google Maps<br>245033 Range Rd 33, Calgary, AB T3Z 2E9<br>www.calawaypark.com<br>+1 403-240-3822<br>Type: Privately Owned Campground<br>ID: 296.0","sym":"Campground"},"geometry":{"type":"Point","coordinates":[-114.35192,51.08416]}},{"type":"Feature","properties":{"name":"Caliper Lake Provincial Park","routes":["C2","CA"],"provs":["ON"],"desc":"description: Details from Google Maps<br>ON-71, Nestor Falls, ON P0X 1K0<br>https://www.ontarioparks.ca/park/caliperlake<br>+1 807-484-2181<br>Type: Provincial Park Campground<br>ID: 179.0","sym":"Campground"},"geometry":{"type":"Point","coordinates":[-93.91375,49.05791]}},{"type":"Feature","properties":{"name":"Camel Chute Campground1","routes":["CN","CA"],"provs":["ON"],"desc":"description: Details from Google Maps<br>4384 Matawatchan Rd, Griffith, ON K0J 2R0<br>www.camelchutecampground.ca<br>+1 613-333-9262<br>Privately Owned Campground<br>Type: Tenting unconfirmed<br>ID: 172.0","sym":"Campground"},"geometry":{"type":"Point","coordinates":[-77.11456,45.18901]}},{"type":"Feature","properties":{"name":"Cameron Lake Resort","routes":["C2","C3"],"provs":["BC"],"desc":"description: https://campinglife.ca/campgrounds/cameron-lake-resort/ - does indicate tenting<br>Details from Google Maps<br>Chalet Rd, Qualicum Beach, BC V9K 1S5<br>+1 250-752-6707<br>Type: Privately Owned Campground<br>ID: 327.0","sym":"Campground"},"geometry":{"type":"Point","coordinates":[-124.58557,49.28962]}},{"type":"Feature","properties":{"name":"Cameron's Point Family Campground","routes":["C2"],"provs":["QC"],"desc":"description: Details from Google Maps<br>19558 Stormont, Dundas and Glengarry County Road 2, Summerstown, ON K0C 2E0<br>www.cameronspoint.ca<br>+1 613-931-1516<br>Type: Tenting unconfirmed<br>ID:","sym":"Campground"},"geometry":{"type":"Point","coordinates":[-74.5369,45.07572]}},{"type":"Feature","properties":{"name":"Camp Barcovan Tent & R.V. Resort","routes":["C2","C3"],"provs":["ON"],"desc":"description: <br>Type: Privately Owned Campground<br>ID:","sym":"Campground"},"geometry":{"type":"Point","coordinates":[-77.62896,44.03301]}},{"type":"Feature","properties":{"name":"Camp-Along Resort","routes":["C1","CA"],"provs":["BC"],"desc":"description: (wifi, showers, flush toilets, laundromat, store)<br>Type: Privately Owned Campground<br>ID:","sym":"Campground"},"geometry":{"type":"Point","coordinates":[-119.60527,49.40652]}},{"type":"Feature","properties":{"name":"Camper's City RV Resort","routes":["CN","CL"],"provs":["NB"],"desc":"description: <br>Type: Privately Owned Campground<br>ID:","sym":"Campground"},"geometry":{"type":"Point","coordinates":[-64.82811,46.1332]}},{"type":"Feature","properties":{"name":"Camperland RV Resort & Cabins","routes":["C1","C2"],"provs":["BC"],"desc":"description: \"as well as sites for campers and tenting.\"<br>https://holidaytrailsresorts.com/camperland-rv-resort-cabins/<br>Details from Google Maps<br>53730 Bridal Falls Rd, Rosedale, BC V0X 1X1<br>www.holidaytrailsresorts.com<br>+1 604-794-7361<br>Type: Privately Owned Campground<br>ID: 260.0","sym":"Campground"},"geometry":{"type":"Point","coordinates":[-121.74172,49.18717]}},{"type":"Feature","properties":{"name":"Campers Haven RV & Tent Park1","routes":["C1"],"provs":["BC"],"desc":"description: (laundry, wifi, store, restroom, motel)<br>Details from Google Maps<br>2779 Dejordie Rd, Donald, BC V0A 1H1<br>www.travel-british-columbia.com<br>+1 250-340-8482<br>Type: Privately Owned Campground<br>ID: 284.0","sym":"Campground"},"geometry":{"type":"Point","coordinates":[-117.16355,51.48984]}},{"type":"Feature","properties":{"name":"Camping Ancre Jaune2","routes":["C3","CA"],"provs":["QC"],"desc":"description: Details from Google Maps<br>2 Rue Simard, Sainte-Anne-des-Monts, QC G4V 2R5<br>https://www.facebook.com/profile.php?id=100024313305053<br>+1 418-763-1813<br>Type: Privately Owned Campground<br>ID: 238.0","sym":"Campground"},"geometry":{"type":"Point","coordinates":[-66.51156,49.12427]}},{"type":"Feature","properties":{"name":"Camping au Havre de la Nuit Inc","routes":["C3"],"provs":["QC"],"desc":"description: <br>Type: Privately Owned Campground<br>ID:","sym":"Campground"},"geometry":{"type":"Point","coordinates":[-64.21069,48.52611]}},{"type":"Feature","properties":{"name":"Camping Au Plateau 5 \u00c9toiles Inc","routes":["C3","CN"],"provs":["QC"],"desc":"description: does have tenting, and a special rate for cyclists (confirmed by email 16dec2025)<br>Type: Approved Accommodation (campground)<br>ID:","sym":"Campground"},"geometry":{"type":"Point","coordinates":[-73.71098,45.68411]}},{"type":"Feature","properties":{"name":"Camping Aux Pignons Verts","routes":["C3"],"provs":["QC"],"desc":"description: <br>Type: Privately Owned Campground<br>ID:","sym":"Campground"},"geometry":{"type":"Point","coordinates":[-66.95562,49.00679]}},{"type":"Feature","properties":{"name":"Camping Baie de Gasp\u00e9 - R\u00e9ception","routes":["C3","CA","CL"],"provs":["QC"],"desc":"description: <br>Type: Privately Owned Campground<br>ID:","sym":"Campground"},"geometry":{"type":"Point","coordinates":[-64.3018,48.8279]}},{"type":"Feature","properties":{"name":"Camping Beaurivage et pr\u00eat \u00e0 camper","routes":["C1"],"provs":["QC"],"desc":"description: <br>Type: Privately Owned Campground<br>ID:","sym":"Campground"},"geometry":{"type":"Point","coordinates":[-67.23627,48.26309]}},{"type":"Feature","properties":{"name":"Camping Beausejour1","routes":["C1","C3","CN","CA"],"provs":["NB"],"desc":"description: Details from Google Maps<br>747 Chem. Lino, Sh\u00e9diac, NB E4P 1Z5<br>campingbeausejour.ca<br>+1 506-532-5885<br>Type: Privately Owned Campground<br>ID: 366.0","sym":"Campground"},"geometry":{"type":"Point","coordinates":[-64.49914,46.20783]}},{"type":"Feature","properties":{"name":"Camping Bois Vert","routes":["C3"],"provs":["QC"],"desc":"description: <br>Type: Privately Owned Campground<br>ID:","sym":"Campground"},"geometry":{"type":"Point","coordinates":[-64.26417,48.69694]}},{"type":"Feature","properties":{"name":"Camping by the Bay","routes":["C1","C3"],"provs":["NB"],"desc":"description: <br>Type: Privately Owned Campground<br>ID:","sym":"Campground"},"geometry":{"type":"Point","coordinates":[-66.1234,47.94967]}},{"type":"Feature","properties":{"name":"Camping Cabano","routes":["C2","CA"],"provs":["QC"],"desc":"description: <br>Type: Privately Owned Campground<br>ID:","sym":"Campground"},"geometry":{"type":"Point","coordinates":[-68.90425,47.6803]}},{"type":"Feature","properties":{"name":"Camping Cap a la Roche","routes":["C1","C2","C3"],"provs":["QC"],"desc":"description: (tenting indicted on booking page)<br>Type: Privately Owned Campground<br>ID:","sym":"Campground"},"geometry":{"type":"Point","coordinates":[-72.12931,46.54941]}},{"type":"Feature","properties":{"name":"Camping Causapscal chez Moose","routes":["C1","CA"],"provs":["QC"],"desc":"description: Details from Google Maps<br>601 Route 132 Ouest, Causapscal, QC G0J 1J0<br>www.campingchezmoose.com<br>+1 418-756-5621<br>Type: Privately Owned Campground<br>ID: 121.0","sym":"Campground"},"geometry":{"type":"Point","coordinates":[-67.23968,48.37241]}},{"type":"Feature","properties":{"name":"Camping Cedar Cove Inc","routes":["C1","C3"],"provs":["NB"],"desc":"description: Details from Google Maps<br>115 Rue Principale, Pointe-Verte, NB E8J 2V8<br>+1 506-783-2648<br>Type: Tenting unconfirmed<br>ID:","sym":"Campground"},"geometry":{"type":"Point","coordinates":[-65.78777,47.86965]}},{"type":"Feature","properties":{"name":"Camping Chalets La Luciole Sainte-Luce sur Mer","routes":["C1","C3"],"provs":["QC"],"desc":"description: <br>Type: Privately Owned Campground<br>ID:","sym":"Campground"},"geometry":{"type":"Point","coordinates":[-68.37745,48.54546]}},{"type":"Feature","properties":{"name":"Camping Chalets Mer et Montagne Inc","routes":["C3"],"provs":["QC"],"desc":"description: Details from Google Maps<br>99 Rte Principale, Madeleine-Centre, QC G0E 1P0<br>www.campingchaletsmeretmontagne.com<br>+1 514-402-6174<br>Type: Privately Owned Campground<br>ID: 239.0","sym":"Campground"},"geometry":{"type":"Point","coordinates":[-65.34827,49.24895]}},{"type":"Feature","properties":{"name":"Camping Coop des \u00c9rables de Montmagny","routes":["C1","C2","C3"],"provs":["QC"],"desc":"description: <br>Type: Privately Owned Campground<br>ID:","sym":"Campground"},"geometry":{"type":"Point","coordinates":[-70.66083,46.95101]}},{"type":"Feature","properties":{"name":"Camping C\u00f4te Surprise","routes":["C3"],"provs":["QC"],"desc":"description: <br>Type: Privately Owned Campground<br>ID:","sym":"Campground"},"geometry":{"type":"Point","coordinates":[-64.22169,48.51029]}},{"type":"Feature","properties":{"name":"Camping d'Amqui","routes":["C1"],"provs":["QC"],"desc":"description: <br>Type: Privately Owned Campground<br>ID:","sym":"Campground"},"geometry":{"type":"Point","coordinates":[-67.45639,48.49516]}},{"type":"Feature","properties":{"name":"Camping de la Falaise","routes":["C3"],"provs":["QC"],"desc":"description: <br>Type: Privately Owned Campground<br>ID:","sym":"Campground"},"geometry":{"type":"Point","coordinates":[-65.03345,49.21867]}},{"type":"Feature","properties":{"name":"Camping de la republique","routes":["C2","CA"],"provs":["NB"],"desc":"description: Details from Google Maps<br>31 Isidore-Boucher Blvd, Edmundston, NB E7B 1V6<br>https://www.parcsnbparks.info/fr/parks/8/parc-provincial-de-la-republique<br>+1 506-735-2525<br>Type: Provincial Park Campground<br>ID: 87.0","sym":"Campground"},"geometry":{"type":"Point","coordinates":[-68.39579,47.44095]}},{"type":"Feature","properties":{"name":"Camping de la rivi\u00e8re Matap\u00e9dia","routes":["C1"],"provs":["QC"],"desc":"description: <br>Type: Privately Owned Campground<br>ID:","sym":"Campground"},"geometry":{"type":"Point","coordinates":[-67.23282,48.25502]}},{"type":"Feature","properties":{"name":"Camping des Chutes de la Rouge secteur Nord","routes":["C1","CA"],"provs":["ON","QC"],"desc":"description: Camping des Chutes de la Rouge secteur Nord<br>Details from Google Maps<br>2260 QC-148 2265 et, Grenville-sur-la-Rouge, QC J0V 1B0<br>www.campingdeschutesdelarouge.ca<br>+1 819-242-2883<br>Type: Privately Owned Campground<br>ID: 75.0","sym":"Campground"},"geometry":{"type":"Point","coordinates":[-74.68934,45.64388]}},{"type":"Feature","properties":{"name":"Camping du Phare \u00e0 Perc\u00e9","routes":["C3"],"provs":["QC"],"desc":"description: <br>Type: Privately Owned Campground<br>ID:","sym":"Campground"},"geometry":{"type":"Point","coordinates":[-64.22162,48.50451]}},{"type":"Feature","properties":{"name":"Camping Du Quai","routes":["C1","C2","C3","CA"],"provs":["QC"],"desc":"description: <br>Type: Privately Owned Campground<br>ID:","sym":"Campground"},"geometry":{"type":"Point","coordinates":[-69.55551,47.85382]}},{"type":"Feature","properties":{"name":"Camping Edmundston Campground","routes":["C2"],"provs":["NB"],"desc":"description: Amenities<br>Wi-Fi internet throughout the park<br>Pet friendly<br>Firewood sale<br>Two dump stations<br>Sanitary complex including:<br>4 showers, 7 toilets<br>4 sinks &amp; laundry suite<br>https://camped.ca/en/services<br>Details from Google Maps<br>1318 NB-144, Edmundston, NB E7C 1L9<br>camped.ca<br>+1 506-253-3668<br>Type: Privately Owned Campground<br>ID: 362.0","sym":"Campground"},"geometry":{"type":"Point","coordinates":[-68.27708,47.36658]}},{"type":"Feature","properties":{"name":"Camping Escuminac","routes":["C1","C3"],"provs":["QC"],"desc":"description: <br>Type: Privately Owned Campground<br>ID:","sym":"Campground"},"geometry":{"type":"Point","coordinates":[-66.50735,48.10518]}},{"type":"Feature","properties":{"name":"Camping Hach\u00e9 inc.","routes":["C1","C3"],"provs":["NB"],"desc":"description: <br>Type: Privately Owned Campground<br>ID:","sym":"Campground"},"geometry":{"type":"Point","coordinates":[-65.71385,47.74899]}},{"type":"Feature","properties":{"name":"Camping Indian Head","routes":["C3"],"provs":["QC"],"desc":"description: Details from Google Maps<br>1669 QC-132, Saint-Georges-de-Malbaie, QC G0C 2X0<br>www.teteindien.com<br>+1 418-645-2333<br>Type: Privately Owned Campground<br>ID: 241.0","sym":"Campground"},"geometry":{"type":"Point","coordinates":[-64.17941,48.63414]}},{"type":"Feature","properties":{"name":"Camping L'\u00e9gar\u00e9","routes":["C1","C2","C3"],"provs":["QC"],"desc":"description: https://www.bonjourquebec.com/en-ca/listing/accommodation/camping-l-egare/0244<br>Type: Privately Owned Campground<br>ID:","sym":"Campground"},"geometry":{"type":"Point","coordinates":[-71.61116,46.70055]}},{"type":"Feature","properties":{"name":"Camping la Seigneurie1","routes":["C3","CA"],"provs":["QC"],"desc":"description: Details from Google Maps<br>101 Rte de l'\u00c9glise, Pabos, QC G0C 2H0<br>www.campinglaseigneurie-fr.com<br>+1 418-689-3031<br>Type: Privately Owned Campground<br>ID: 242.0","sym":"Campground"},"geometry":{"type":"Point","coordinates":[-64.62099,48.37225]}},{"type":"Feature","properties":{"name":"Camping Lido","routes":["C2"],"provs":["QC"],"desc":"description: <br>Type: Privately Owned Campground<br>ID:","sym":"Campground"},"geometry":{"type":"Point","coordinates":[-69.43838,47.76831]}},{"type":"Feature","properties":{"name":"Camping Malybel","routes":["C1","C3","CA"],"provs":["NB"],"desc":"description: <br>Type: Privately Owned Campground<br>ID:","sym":"Campground"},"geometry":{"type":"Point","coordinates":[-65.68041,47.68408]}},{"type":"Feature","properties":{"name":"Camping Matapedia","routes":["C1"],"provs":["QC","NB"],"desc":"description: <br>Type: Privately Owned Campground<br>ID:","sym":"Campground"},"geometry":{"type":"Point","coordinates":[-66.94011,47.97354]}},{"type":"Feature","properties":{"name":"Camping municipal de la Pointe","routes":["C1","C2","C3","CA"],"provs":["QC"],"desc":"description: Affiliated with 'V\u00e9loroute Le Saint-Laurent \u00e0 v\u00e9lo' / The St. Lawrence by bike<br>https://campingmunicipaldelapointe.ca/en/<br>Type: Municipal Campground<br>ID:","sym":"Campground"},"geometry":{"type":"Point","coordinates":[-69.55128,47.86032]}},{"type":"Feature","properties":{"name":"Camping municipal de Saint-Fabien","routes":["C1","C3"],"provs":["QC"],"desc":"description: This campground offers<br>64 sites<br>Laundry room<br>Secure food storage area<br><br>In addition, as a Bienvenue cyclistes!-certified campground, it offers<br>*A pump and basic tools for minor repairs<br>A camping space, even without a reservation, if you are travelling exclusively by bicycle<br>A sheltered location where you can eat during inclement weather<br>Information about local bicycle networks and cycling services in the area<br>https://www.routeverte.com/en/hebergements/camping-municipal-saint-fabien-2/ Municipal Campground<br>Type: Approved Accommodation (campground)<br\u2026","sym":"Campground"},"geometry":{"type":"Point","coordinates":[-68.86877,48.29674]}},{"type":"Feature","properties":{"name":"Camping municipal Parc de l'\u00efle de Leclercville","routes":["C1","C2","C3"],"provs":["QC"],"desc":"description: Details from Google Maps<br>8000 Rte Marie-Victorin, Leclercville, QC G0S 2K0<br>www.munleclercville.qc.ca<br>+1 819-292-2331<br>Type: Municipal Campground<br>ID: 346.0","sym":"Campground"},"geometry":{"type":"Point","coordinates":[-71.99574,46.57238]}},{"type":"Feature","properties":{"name":"Camping Municipal Rocher Panet","routes":["C1","C2","C3"],"provs":["QC"],"desc":"description: <br>Type: Municipal Campground<br>ID:","sym":"Campground"},"geometry":{"type":"Point","coordinates":[-70.36968,47.13293]}},{"type":"Feature","properties":{"name":"Camping Murraywood","routes":["C1","C3"],"provs":["NB"],"desc":"description: Details from Google Maps<br>281 Rte 134, Petit-Rocher-Nord, NB E8J 2E5<br>campingmurraywood.com<br>+1 506-783-2137<br>Type: Tenting unconfirmed<br>ID:","sym":"Campground"},"geometry":{"type":"Point","coordinates":[-65.73101,47.80701]}},{"type":"Feature","properties":{"name":"Camping New-Richmond","routes":["C3"],"provs":["QC"],"desc":"description: Details from Google Maps<br>410 Rte 132 O, New Richmond, QC G0C 2B0<br>http://campingnewrichmond.com/<br>+1 418-392-6060<br>Type: Privately Owned Campground<br>ID: 243.0","sym":"Campground"},"geometry":{"type":"Point","coordinates":[-65.89951,48.20887]}},{"type":"Feature","properties":{"name":"Camping O'P'TIT DES MONTS","routes":["C3","CA"],"provs":["QC"],"desc":"description: <br>Type: Privately Owned Campground<br>ID:","sym":"Campground"},"geometry":{"type":"Point","coordinates":[-66.56362,49.12551]}},{"type":"Feature","properties":{"name":"Camping paquin","routes":["C1","C3"],"provs":["QC"],"desc":"description: <br>Type: Privately Owned Campground<br>ID:","sym":"Campground"},"geometry":{"type":"Point","coordinates":[-74.24874,45.5337]}},{"type":"Feature","properties":{"name":"Camping Parc Sirois Whale","routes":["C3","CN","CA","CL"],"provs":["QC"],"desc":"description: <br>Type: Privately Owned Campground<br>ID:","sym":"Campground"},"geometry":{"type":"Point","coordinates":[-67.60639,48.81491]}},{"type":"Feature","properties":{"name":"Camping Parc St-Michel","routes":["C1","C2","C3"],"provs":["QC"],"desc":"description: <br>Type: Privately Owned Campground<br>ID:","sym":"Campground"},"geometry":{"type":"Point","coordinates":[-70.88563,46.88695]}},{"type":"Feature","properties":{"name":"Camping Plage Beaubassin","routes":["C3"],"provs":["QC"],"desc":"description: <br>Type: Municipal Campground<br>ID:","sym":"Campground"},"geometry":{"type":"Point","coordinates":[-65.48492,48.03936]}},{"type":"Feature","properties":{"name":"Camping plage Trois-Pistoles","routes":["C1","C3"],"provs":["QC"],"desc":"description: <br>Type: Privately Owned Campground<br>ID:","sym":"Campground"},"geometry":{"type":"Point","coordinates":[-69.12988,48.16628]}},{"type":"Feature","properties":{"name":"Camping St Basile","routes":["C2"],"provs":["NB"],"desc":"description: Details from Google Maps<br>14411, NB-144, Saint-Basile Parish, NB E7C 2L9<br>www.campingstbasile.com<br>+1 506-263-1183<br>Type: Privately Owned Campground<br>ID: 363.0","sym":"Campground"},"geometry":{"type":"Point","coordinates":[-68.17075,47.33331]}},{"type":"Feature","properties":{"name":"Camping Trans-Canadien","routes":["C1","C3","CA"],"provs":["QC"],"desc":"description: <br>Type: Privately Owned Campground<br>ID:","sym":"Campground"},"geometry":{"type":"Point","coordinates":[-74.35034,45.51075]}},{"type":"Feature","properties":{"name":"Camping Village","routes":["C3"],"provs":["QC"],"desc":"description: <br>Type: Privately Owned Campground<br>ID:","sym":"Campground"},"geometry":{"type":"Point","coordinates":[-64.21843,48.51874]}},{"type":"Feature","properties":{"name":"Camping woods and riverbanks","routes":["C1"],"provs":["QC"],"desc":"description: <br>Type: Privately Owned Campground<br>ID:","sym":"Campground"},"geometry":{"type":"Point","coordinates":[-67.54764,48.53465]}},{"type":"Feature","properties":{"name":"Camping Youghall","routes":["C1","C3","CA"],"provs":["NB"],"desc":"description: <br>Type: Privately Owned Campground<br>ID:","sym":"Campground"},"geometry":{"type":"Point","coordinates":[-65.65221,47.65633]}},{"type":"Feature","properties":{"name":"Camping \u00cele du fort","routes":["C2","CA"],"provs":["QC"],"desc":"description: <br>Type: Privately Owned Campground<br>ID:","sym":"Campground"},"geometry":{"type":"Point","coordinates":[-72.86474,46.09301]}},{"type":"Feature","properties":{"name":"Canoe River Campground","routes":["CN"],"provs":["BC"],"desc":"description: https://www.canoerivercampground.com/AboutUs.htm<br>Type: Privately Owned Campground<br>ID:","sym":"Campground"},"geometry":{"type":"Point","coordinates":[-119.25544,52.77382]}},{"type":"Feature","properties":{"name":"Canyon Alpine RV Park and Campground","routes":["CN","CA"],"provs":["BC"],"desc":"description: ID#110<br>(internet, showers, laundry, store) <br>Details from Google Maps<br>50490, Trans-Canada Hwy, Boston Bar, BC V0K 1C0<br>www.canyonalpinervpark.com<br>+1 604-867-9734<br>Type: Privately Owned Campground<br>ID: 110.0","sym":"Campground"},"geometry":{"type":"Point","coordinates":[-121.4451,49.91341]}},{"type":"Feature","properties":{"name":"Canyon Hot Springs Resort1","routes":["C1","CA"],"provs":["BC"],"desc":"description: Details from Google Maps<br>7050 Trans-Canada Hwy, Revelstoke, BC V0E 2S0<br>www.canyonhotsprings.com<br>+1 250-837-2420<br>Type: Privately Owned Campground<br>ID: 127.0","sym":"Campground"},"geometry":{"type":"Point","coordinates":[-117.85631,51.13807]}},{"type":"Feature","properties":{"name":"Cap Aventure - Plage de Cap-aux-Os1","routes":["C3","CA","CL"],"provs":["QC"],"desc":"description: Details from Google Maps<br>2052 Bd de Grande-Gr\u00e8ve, Gasp\u00e9, QC G4X 6L6<br>capaventure.net<br>+1 418-892-5055<br>Type: Privately Owned Campground<br>ID: 240.0","sym":"Campground"},"geometry":{"type":"Point","coordinates":[-64.31058,48.82742]}},{"type":"Feature","properties":{"name":"Cape Breton Highlands National Park - Ingonish Beach Campground","routes":["C3"],"provs":["NS"],"desc":"description: <br>Type: National Park Campground<br>ID:","sym":"Campground"},"geometry":{"type":"Point","coordinates":[-60.39952,46.65376]}},{"type":"Feature","properties":{"name":"Cape Breton Highlands National Park - MacIntosh Brook Campground","routes":["C3","CA"],"provs":["NS"],"desc":"description: Details from Google Maps<br>23606 Cabot Trail, Pleasant Bay, NS B0E 2P0<br>www.pc.gc.ca<br>+1 877-737-3783<br>Type: National Park Campground<br>ID: 245.0","sym":"Campground"},"geometry":{"type":"Point","coordinates":[-60.76842,46.81254]}},{"type":"Feature","properties":{"name":"Cape Croker Park","routes":["C2","C3"],"provs":["ON"],"desc":"description: <br>Type: Privately Owned Campground<br>ID:","sym":"Campground"},"geometry":{"type":"Point","coordinates":[-81.09038,44.89141]}},{"type":"Feature","properties":{"name":"Capitaine Homard (campground)","routes":["C1","C3"],"provs":["QC"],"desc":"description: Tents shown on PDF <br>https://capitainehomard.com/wp-content/uploads/2021/01/plan-camping-capitaine-homard-FR.pdf<br><br>https://capitainehomard.com/en/camping/<br>Details from Google Maps<br>180 Rte de la Mer, Sainte-Flavie, QC G0J 2L0<br>capitainehomard.com<br>+1 418-775-8046<br>Type: Privately Owned Campground<br>ID: 356.0","sym":"Campground"},"geometry":{"type":"Point","coordinates":[-68.27495,48.5911]}},{"type":"Feature","properties":{"name":"Caribou/Munroes Island Provincial Park","routes":["C1","CN","CL","CW"],"provs":["NS"],"desc":"description: <br>Type: Provincial Park Campground<br>ID:","sym":"Campground"},"geometry":{"type":"Point","coordinates":[-62.65511,45.72361]}},{"type":"Feature","properties":{"name":"Carlyle Lions Park Campground1","routes":["C2"],"provs":["SK"],"desc":"description: Details from Google Maps<br>4 St E, Carlyle, SK S0C 0R0<br>https://letscamp.ca/camps/carlylelionscampground<br>+1 306-575-6600<br>Type: Privately Owned Campground<br>ID: 226.0","sym":"Campground"},"geometry":{"type":"Point","coordinates":[-102.26536,49.62534]}},{"type":"Feature","properties":{"name":"Cascade Cove RV Park and Campground","routes":["C2","CA"],"provs":["BC"],"desc":"description: (power, water, wifi)<br>Type: Privately Owned Campground<br>ID:","sym":"Campground"},"geometry":{"type":"Point","coordinates":[-118.21743,49.02701]}},{"type":"Feature","properties":{"name":"Castle Mountain Campground","routes":["C1","C3","CN"],"provs":["AB"],"desc":"description: <br>Type: Closed for renovations<br>ID:","sym":"Campground"},"geometry":{"type":"Point","coordinates":[-115.91152,51.26826]}},{"type":"Feature","properties":{"name":"Castlegar Cabins, RV Park & Campground","routes":["C2","CA"],"provs":["BC"],"desc":"description: Details from Google Maps<br>1725 BC-3, Castlegar, BC V1N 4W1<br>www.crvp.ca<br>+1 250-365-2337<br>Type: Privately Owned Campground<br>ID: 324.0","sym":"Campground"},"geometry":{"type":"Point","coordinates":[-117.67912,49.27111]}},{"type":"Feature","properties":{"name":"Catamaran Park Campground","routes":["C3"],"provs":["NL"],"desc":"description: <br>Type: Privately Owned Campground<br>ID:","sym":"Campground"},"geometry":{"type":"Point","coordinates":[-56.08589,49.05445]}},{"type":"Feature","properties":{"name":"Cedar Cove Campground & Cottage Rentals","routes":["C2","C3"],"provs":["ON"],"desc":"description: <br>Type: Privately Owned Campground<br>ID:","sym":"Campground"},"geometry":{"type":"Point","coordinates":[-77.62772,44.03001]}},{"type":"Feature","properties":{"name":"Cedar Grove RV Park & Campground","routes":["C2","C3"],"provs":["BC"],"desc":"description: https://www.cedargrovervpark.ca/campground<br>Details from Google Maps<br>246 Riverbend Rd, Qualicum Beach, BC V9K 2N2<br>cedargrovervpark.ca<br>+1 250-752-2442<br>Type: Privately Owned Campground<br>ID: 259.0","sym":"Campground"},"geometry":{"type":"Point","coordinates":[-124.48411,49.3621]}},{"type":"Feature","properties":{"name":"Cedar Grove Trailer Park","routes":["C1","CA","CL"],"provs":["ON"],"desc":"description: open from May 15th to September 30th of every year.<br>Details from Google Maps<br>3395 Greater Sudbury Regional Road 55, Whitefish, ON P0M 3E0<br>cedargrovecampground.ca<br>+1 705-866-0722<br>Type: Privately Owned Campground<br>ID: 197.0","sym":"Campground"},"geometry":{"type":"Point","coordinates":[-81.26328,46.38481]}},{"type":"Feature","properties":{"name":"Cedar Shade Campground","routes":["C1","C3"],"provs":["ON"],"desc":"description: <br>Type: Privately Owned Campground<br>ID:","sym":"Campground"},"geometry":{"type":"Point","coordinates":[-74.83771,45.58051]}},{"type":"Feature","properties":{"name":"Cedardale Camping & Seasonal Resort","routes":["C2","C3"],"provs":["ON"],"desc":"description: 2 tents are allowed per site<br>https://cedardale.killamleisureliving.com/non-serviced-campsites/<br>Type: Privately Owned Campground<br>ID:","sym":"Campground"},"geometry":{"type":"Point","coordinates":[-77.65636,44.02269]}},{"type":"Feature","properties":{"name":"Ceilidh's Variety & Campground","routes":["C3"],"provs":["NS"],"desc":"description: Unclear if there is tent camping or if it's open (april 2024)<br>https://www.facebook.com/profile.php?id=100057256556407<br>Type: Privately Owned Campground<br>ID:","sym":"Campground"},"geometry":{"type":"Point","coordinates":[-60.36177,46.70578]}},{"type":"Feature","properties":{"name":"Centennial Park (Whitefish)","routes":["C1","CA","CL"],"provs":["ON"],"desc":"description: 2024 Season - May 17, 2024 to September 15, 2024. <br>Details from Google Maps<br>400 Graham Rd, Whitefish, ON P0M 3E0<br>https://www.greatersudbury.ca/play/campgrounds-and-trailer-parks/centennial-park/<br>+1 705-866-0338<br>Type: Regional Park Campground<br>ID: 97.0","sym":"Campground"},"geometry":{"type":"Point","coordinates":[-81.28346,46.39149]}},{"type":"Feature","properties":{"name":"Cereal Campground","routes":["C3"],"provs":["AB"],"desc":"description: It indicated tenting here<br>https://www.travelalberta.com/listings/cereal-board-of-trade-campground-12774<br>Type: Municipal Campground<br>ID:","sym":"Campground"},"geometry":{"type":"Point","coordinates":[-110.80443,51.41712]}},{"type":"Feature","properties":{"name":"Champlain Campground","routes":["C1","C3","CA"],"provs":["ON"],"desc":"description: Details from Google Maps<br>East Hawkesbury, ON K0B 1B0<br>https://www.ontarioparks.ca/park/voyageur<br>+1 888-668-7275<br>Type: Provincial Park Campground<br>ID: 159.0","sym":"Campground"},"geometry":{"type":"Point","coordinates":[-74.42779,45.55555]}},{"type":"Feature","properties":{"name":"Champlain Tent Trailer and RV Park","routes":["C1","CA"],"provs":["ON"],"desc":"description: <br>Type: Privately Owned Campground<br>ID:","sym":"Campground"},"geometry":{"type":"Point","coordinates":[-79.42214,46.24497]}},{"type":"Feature","properties":{"name":"Chaparral Inn Motel & Campground","routes":["C2"],"provs":["SK"],"desc":"description: <br>Type: Privately Owned Campground<br>ID:","sym":"Campground"},"geometry":{"type":"Point","coordinates":[-102.49211,49.64091]}},{"type":"Feature","properties":{"name":"Chaplin Village Campground","routes":["C1","CA"],"provs":["SK"],"desc":"description: Details from Google Maps<br>150 1st Ave, Chaplin, SK S0H 0V0<br>+1 306-395-2221<br>https://www.tourismsaskatchewan.com/listings/124/chaplin-campground<br>Type: Municipal Campground<br>ID: 54.0","sym":"Campground"},"geometry":{"type":"Point","coordinates":[-106.66172,50.45784]}},{"type":"Feature","properties":{"name":"Charlottenburgh Park","routes":["C2","CA"],"provs":["ON"],"desc":"description: <br>Type: Regional Park Campground<br>ID:","sym":"Campground"},"geometry":{"type":"Point","coordinates":[-74.52599,45.08784]}},{"type":"Feature","properties":{"name":"Chase Lion's Club RV Park","routes":["CN"],"provs":["BC"],"desc":"description: Indicates tent camping <br>https://campgrounds.rvlife.com/regions/british-columbia/chase/chase-lions-rv-park-3570#/<br>Type: Privately Owned Campground<br>ID:","sym":"Campground"},"geometry":{"type":"Point","coordinates":[-119.69999,50.82605]}},{"type":"Feature","properties":{"name":"Chez les Maury Camping - Vignoble","routes":["C1","C3"],"provs":["NB"],"desc":"description: <br>Type: Privately Owned Campground<br>ID:","sym":"Campground"},"geometry":{"type":"Point","coordinates":[-64.6973,46.53538]}},{"type":"Feature","properties":{"name":"Chippewa Campground","routes":["C2"],"provs":["ON"],"desc":"description: <br>Type: Provincial Park Campground<br>ID:","sym":"Campground"},"geometry":{"type":"Point","coordinates":[-91.13419,48.6673]}},{"type":"Feature","properties":{"name":"Christina Pines Campground1","routes":["C2","CA"],"provs":["BC"],"desc":"description: Approved Accommodation #22<br>(wifi, laundry, water, washrooms) <br>Details from Google Maps<br>1528 Neimi Rd, Christina Lake, BC V0H 1E0<br>www.christinapines.ca<br>+1 250-447-9587<br>Type: Privately Owned Campground<br>ID: 22.0","sym":"Campground"},"geometry":{"type":"Point","coordinates":[-118.21318,49.03779]}},{"type":"Feature","properties":{"name":"Churchbridge CampgroundA","routes":["C3"],"provs":["SK"],"desc":"description: <br>Type: Municipal Campground<br>ID:","sym":"Campground"},"geometry":{"type":"Point","coordinates":[-101.89531,50.89342]}},{"type":"Feature","properties":{"name":"Chutes Provincial Park","routes":["C1","C2","C3"],"provs":["ON"],"desc":"description: <br>Type: Provincial Park Campground<br>ID:","sym":"Campground"},"geometry":{"type":"Point","coordinates":[-82.07694,46.21819]}},{"type":"Feature","properties":{"name":"Ch\u00e9ticamp Campground - National Park","routes":["C3"],"provs":["NS"],"desc":"description: <br>Type: National Park Campground<br>ID:","sym":"Campground"},"geometry":{"type":"Point","coordinates":[-60.95415,46.65008]}},{"type":"Feature","properties":{"name":"Cluculz Lake Rest Area","routes":["C3"],"provs":["BC"],"desc":"description: While camping isn't technically permitted, it is the only stop between Vanderhoof and Prince George 90km and there are no provincial campgrounds close by. <br>Cobb Lake Recreation Site is not a reasonable alternative http://www.sitesandtrailsbc.ca/search/search-result.aspx?site=REC1106&amp;districtCode=RDVA&amp;type=Site<br>Type: Unofficial Campground<br>ID:","sym":"Campground"},"geometry":{"type":"Point","coordinates":[-123.58682,53.90847]}},{"type":"Feature","properties":{"name":"Coalhurst Miners Memorial Campground1","routes":["C2","CA"],"provs":["AB"],"desc":"description: \"Overnight camping is available at a charge of $25.00 per night (self registration at the campground). The campground contains a wide range of amenities including, pay showers, picnic shelter, sani station and flush toilets. There are 14 camping stalls, available on a first come, first serve basis.'<br>http://coalhurst.ca/services/facilities-parks/<br>Details from Google Maps<br>Lethbridge County, AB T0L 0V0<br>coalhurst.ca<br>+1 403-381-3033<br>Type: Municipal Campground<br>ID: 297.0","sym":"Campground"},"geometry":{"type":"Point","coordinates":[-112.94037,49.74979]}},{"type":"Feature","properties":{"name":"Cobourg East Campground","routes":["C2","C3"],"provs":["ON"],"desc":"description: https://cobourgeastcamp.com/overnight-rates<br>Type: Privately Owned Campground<br>ID:","sym":"Campground"},"geometry":{"type":"Point","coordinates":[-77.99875,43.99086]}},{"type":"Feature","properties":{"name":"Colasante's R V Park & Marina","routes":["C2","C3"],"provs":["ON"],"desc":"description: <br>Type: Privately Owned Campground<br>ID:","sym":"Campground"},"geometry":{"type":"Point","coordinates":[-77.62787,44.03087]}},{"type":"Feature","properties":{"name":"Coldspring Campground","routes":["C1","C2","CA"],"provs":["BC"],"desc":"description: <br>Type: Provincial Park Campground<br>ID:","sym":"Campground"},"geometry":{"type":"Point","coordinates":[-120.80629,49.07423]}},{"type":"Feature","properties":{"name":"Columbia Icefield Campground","routes":["C3"],"provs":["AB"],"desc":"description: Open: June 12 to October 14, 2024<br><br>\"Icefield Tent<br><br>Down the road from the world-renowned Columbia Icefield, this campground puts you on the doorstep of some of the most spectacular scenery on the planet. Glacier views are had from most campsites and from the windows of the cozy log cookhouses.<br><br>Tenting only.\"<br>https://parks.canada.ca/pn-np/ab/jasper/activ/passez-stay/camping?utm_source=gmb&amp;utm_medium=columbia_campground<br>Type: National Park Campground<br>ID:","sym":"Campground"},"geometry":{"type":"Point","coordinates":[-117.20457,52.22007]}},{"type":"Feature","properties":{"name":"Comfort Plus Campground","routes":["C1"],"provs":["SK"],"desc":"description: <br>Type: Privately Owned Campground<br>ID:","sym":"Campground"},"geometry":{"type":"Point","coordinates":[-104.34222,50.45401]}},{"type":"Feature","properties":{"name":"Connell Park Campground","routes":["C2","CA"],"provs":["NB"],"desc":"description: Details from Google Maps<br>120 Connell Park Rd, Woodstock, NB E7M 1M4<br>https://www.facebook.com/pages/Connell%20Park%20Campground/132658130097124/<br>+1 506-324-0924<br>Type: Privately Owned Campground<br>ID: 42.0","sym":"Campground"},"geometry":{"type":"Point","coordinates":[-67.58579,46.1635]}},{"type":"Feature","properties":{"name":"Coombs Country Campground","routes":["C2","C3"],"provs":["BC"],"desc":"description: Tenting sites will open on May 14th, 2024.<br>Type: Privately Owned Campground<br>ID:","sym":"Campground"},"geometry":{"type":"Point","coordinates":[-124.44524,49.30217]}},{"type":"Feature","properties":{"name":"Coop Camping Parc Daigle Park","routes":["C1","C3"],"provs":["NB"],"desc":"description: <br>Type: Privately Owned Campground<br>ID:","sym":"Campground"},"geometry":{"type":"Point","coordinates":[-64.99623,46.75274]}},{"type":"Feature","properties":{"name":"Copper Creek Recreation Site","routes":["C1","C2"],"provs":["BC"],"desc":"description: (toilets)<br>Type: Provincial Park Campground<br>ID:","sym":"Campground"},"geometry":{"type":"Point","coordinates":[-120.55742,49.19052]}},{"type":"Feature","properties":{"name":"Copper Quarter Campground","routes":["CN","CA"],"provs":["BC"],"desc":"description: Details from Google Maps<br>485 Mount Paul Centre Way, Kamloops, BC V2H 1G7<br>copperquartercampground.ca<br>+1 778-586-4472<br>Type: Privately Owned Campground<br>ID: 271.0","sym":"Campground"},"geometry":{"type":"Point","coordinates":[-120.32747,50.68901]}},{"type":"Feature","properties":{"name":"Corney Brook Campground","routes":["C3"],"provs":["NS"],"desc":"description: <br>Type: National Park Campground<br>ID:","sym":"Campground"},"geometry":{"type":"Point","coordinates":[-60.92568,46.7261]}},{"type":"Feature","properties":{"name":"Cosmo Camping / 1000 Islands","routes":["C2"],"provs":["ON"],"desc":"description: <br>Type: Privately Owned Campground<br>ID:","sym":"Campground"},"geometry":{"type":"Point","coordinates":[-76.05343,44.35058]}},{"type":"Feature","properties":{"name":"Cottonwood Campground","routes":["C2"],"provs":["MB"],"desc":"description: <br>Type: Municipal Campground<br>ID:","sym":"Campground"},"geometry":{"type":"Point","coordinates":[-98.70248,49.62566]}},{"type":"Feature","properties":{"name":"Country Inn (campground)","routes":["C3","CA"],"provs":["NL"],"desc":"description: Details from Google Maps<br>315 Magee Rd, Gander, NL A1V 1W6<br>countryinngander.ca<br>+1 709-256-4005<br>Type: Tenting unconfirmed<br>ID: 89.0","sym":"Campground"},"geometry":{"type":"Point","coordinates":[-54.60723,48.98517]}},{"type":"Feature","properties":{"name":"Craigleith Campground","routes":["C3"],"provs":["ON"],"desc":"description: <br>Type: Provincial Park Campground<br>ID:","sym":"Campground"},"geometry":{"type":"Point","coordinates":[-80.35166,44.53764]}},{"type":"Feature","properties":{"name":"Crawford Bay Cottage & RV Park","routes":["C2","CW"],"provs":["BC"],"desc":"description: (power, washrooms)<br>Type: Privately Owned Campground<br>ID:","sym":"Campground"},"geometry":{"type":"Point","coordinates":[-116.8221,49.67529]}},{"type":"Feature","properties":{"name":"Crazy Creek Hot Pools Resort","routes":["C1"],"provs":["BC"],"desc":"description: <br>Type: Privately Owned Campground<br>ID:","sym":"Campground"},"geometry":{"type":"Point","coordinates":[-118.64651,50.99642]}},{"type":"Feature","properties":{"name":"Creekside Camping & RV Park","routes":["C1","C3"],"provs":["MB"],"desc":"description: yes tenting (https://campcreekside.ca/amenities/)<br>Details from Google Maps<br>Trans-Canada Hwy, Oakville, MB R0H 0Y0<br>campcreekside.ca<br>+1 204-267-7002<br>Type: Privately Owned Campground<br>ID: 289.0","sym":"Campground"},"geometry":{"type":"Point","coordinates":[-98.09388,49.96812]}},{"type":"Feature","properties":{"name":"Creekside Gardens & RV Park","routes":["C1"],"provs":["SK"],"desc":"description: in 2017 a report of tenting possible, but not recommended <br>https://www.tripadvisor.com/Attraction_Review-g499388-d7603141-Reviews-Creekside_Gardens-Qu_Appelle_Saskatchewan.html#REVIEWS<br>Type: Tenting unconfirmed<br>ID:","sym":"Campground"},"geometry":{"type":"Point","coordinates":[-103.86592,50.54235]}},{"type":"Feature","properties":{"name":"Cripple Creek Campground","routes":["C1","C2","C3","CA"],"provs":["MB"],"desc":"description: <br>Type: Privately Owned Campground<br>ID:","sym":"Campground"},"geometry":{"type":"Point","coordinates":[-96.32087,49.66142]}},{"type":"Feature","properties":{"name":"Crowsnest Pass Campground","routes":["C2","CA"],"provs":["AB"],"desc":"description: <br>Type: Privately Owned Campground<br>ID:","sym":"Campground"},"geometry":{"type":"Point","coordinates":[-114.34423,49.55701]}},{"type":"Feature","properties":{"name":"Crysler Park Marina","routes":["C2"],"provs":["ON"],"desc":"description: <br>Type: Regional Park Campground<br>ID:","sym":"Campground"},"geometry":{"type":"Point","coordinates":[-75.09154,44.93821]}},{"type":"Feature","properties":{"name":"Daisy May Campground","routes":["C2"],"provs":["AB"],"desc":"description: Indicates tent camping permiited https://www.travelalberta.com/listings/daisy-may-campground-5768<br>Type: Privately Owned Campground<br>ID:","sym":"Campground"},"geometry":{"type":"Point","coordinates":[-113.42102,49.72362]}},{"type":"Feature","properties":{"name":"Darlington Provincial Park","routes":["C2"],"provs":["ON"],"desc":"description: <br>Type: Provincial Park Campground<br>ID:","sym":"Campground"},"geometry":{"type":"Point","coordinates":[-78.77847,43.87212]}},{"type":"Feature","properties":{"name":"David Smallwood Municipal Park campground","routes":["C3"],"provs":["NL"],"desc":"description: David Smallwood Municipal Park campground<br>For reservations please call 674-0122.<br><br>Indicates tenting available<br>https://www.campendium.com/david-smallwood-rv-park<br><br>Details from Google Maps<br>344 NL-320, Gambo, NL A0G 1T0<br>+1 709-674-0122<br>Type: Municipal Campground<br>ID: 299.0","sym":"Campground"},"geometry":{"type":"Point","coordinates":[-54.21933,48.80433]}},{"type":"Feature","properties":{"name":"Deer Lake RV Park & Campgrounds","routes":["C3","CA"],"provs":["NL"],"desc":"description: <br>Type: Municipal Campground<br>ID:","sym":"Campground"},"geometry":{"type":"Point","coordinates":[-57.45095,49.18074]}},{"type":"Feature","properties":{"name":"Deleau - Sifton Centennial Park","routes":["C2"],"provs":["MB"],"desc":"description: Details from Google Maps<br>209 1 Ave, Deleau, MB R0M 0L0<br>https://www.facebook.com/profile.php?id=100080637593647<br>+1 204-761-0168<br>Type: Municipal Campground<br>ID: 230.0","sym":"Campground"},"geometry":{"type":"Point","coordinates":[-100.56801,49.5814]}},{"type":"Feature","properties":{"name":"Delia Diamond Anniversary Campground","routes":["C3"],"provs":["AB"],"desc":"description: Tenting yes<br>https://delia.ca/<br>(click on camping, links to<br>https://www.campreservations.ca/campground/delia-diamond-anniversary-campgorund-201)<br>Type: Municipal Campground<br>ID:","sym":"Campground"},"geometry":{"type":"Point","coordinates":[-112.37044,51.63227]}},{"type":"Feature","properties":{"name":"Dewdney Recreation Site","routes":["C1","C2","CA"],"provs":["BC"],"desc":"description: <br>Type: Provincial Park Campground<br>ID:","sym":"Campground"},"geometry":{"type":"Point","coordinates":[-120.42667,49.4599]}},{"type":"Feature","properties":{"name":"Dino's Rv Nest","routes":["C3","CA"],"provs":["AB"],"desc":"description: Tenting yes https://www.campendium.com/dinos-rv-nest<br>Type: Privately Owned Campground<br>ID:","sym":"Campground"},"geometry":{"type":"Point","coordinates":[-112.71762,51.47273]}},{"type":"Feature","properties":{"name":"Domaine Chartrand Camping","routes":["C1","C3","CA"],"provs":["ON"],"desc":"description: <br>Type: Privately Owned Campground<br>ID:","sym":"Campground"},"geometry":{"type":"Point","coordinates":[-74.77252,45.62778]}},{"type":"Feature","properties":{"name":"Dreany Haven Campground","routes":["C1","CA"],"provs":["ON"],"desc":"description: yes tenting https://www.campendium.com/dreany-haven-campground<br>Details from Google Maps<br>1859 Trans-Canada Hwy, Corbeil, ON P0H 1K0<br>+1 705-752-2800<br>Type: Privately Owned Campground<br>ID: 313.0","sym":"Campground"},"geometry":{"type":"Point","coordinates":[-79.35742,46.29152]}},{"type":"Feature","properties":{"name":"Driftwood Provincial Park - Brumm Campground","routes":["C1","CA","CL"],"provs":["ON"],"desc":"description: Details from Google Maps<br>301-253 Driftwood Park Rd, Stonecliffe, ON K0J 2K0<br>www.ontarioparks.com<br>+1 613-586-2553<br>Type: Provincial Park Campground<br>ID: 186.0","sym":"Campground"},"geometry":{"type":"Point","coordinates":[-77.84233,46.19269]}},{"type":"Feature","properties":{"name":"Dryden Cabins and RV Park","routes":["C1","C3","CA"],"provs":["ON"],"desc":"description: Details from Google Maps<br>559 Government St, Dryden, ON P8N 3K8<br>https://www.facebook.com/profile.php?viewas=100000686899395&amp;id=100092740180081<br>+1 807-323-4170<br>details<br>https://campgrounds.rvlife.com/regions/ontario/dryden/dryden-cabins-rv-park-9019<br>details<br>https://www.hipcamp.com/en-CA/land/ontario-dryden-rv-park-zwjh1y52?adults=1&amp;children=0&amp;srid=9ccbe803-4d32-4768-b629-642baffc0e15<br>Type: Privately Owned Campground<br>ID: 118.0","sym":"Campground"},"geometry":{"type":"Point","coordinates":[-92.8192,49.78684]}},{"type":"Feature","properties":{"name":"Dunromin Campground","routes":["C2"],"provs":["NS"],"desc":"description: Details from Google Maps<br>4618 Hwy 1, Granville Ferry, NS B0S 1A0<br>www.dunromincampground.ca<br>+1 902-532-2808<br>Type: Privately Owned Campground<br>ID: 364.0","sym":"Campground"},"geometry":{"type":"Point","coordinates":[-65.50875,44.75841]}},{"type":"Feature","properties":{"name":"Dutch's Campground","routes":["C1","CA"],"provs":["BC"],"desc":"description: right next to Sun Country Cycle (bike shop), (showers, coin laundry, wifi, 4 min walk to store)<br>Details from Google Maps<br>15408 Kalamalka Rd, Coldstream, BC V1B 1Y9<br>www.dutchscampground.com<br>+1 250-545-1023<br>Type: Privately Owned Campground<br>ID: 273.0","sym":"Campground"},"geometry":{"type":"Point","coordinates":[-119.26727,50.23605]}},{"type":"Feature","properties":{"name":"Dyer Straits Campground","routes":["C1"],"provs":["SK"],"desc":"description: <br>Type: Privately Owned Campground<br>ID:","sym":"Campground"},"geometry":{"type":"Point","coordinates":[-104.35497,50.45033]}},{"type":"Feature","properties":{"name":"D\u00e9gelis Camping - Municipal Beach","routes":["C2"],"provs":["QC"],"desc":"description: <br>Type: Municipal Campground<br>ID:","sym":"Campground"},"geometry":{"type":"Point","coordinates":[-68.63276,47.57879]}},{"type":"Feature","properties":{"name":"Eagle River Campground","routes":["C1"],"provs":["BC"],"desc":"description: (no website)<br>https://www.allstays.com/Campgrounds-details/13241.htm<br>Details from Google Maps<br>5327 Prosh Frontage Rd, Malakwa, BC V0E 2J0<br>+1 250-836-5362<br>Type: Privately Owned Campground<br>ID: 278.0","sym":"Campground"},"geometry":{"type":"Point","coordinates":[-118.70694,50.9897]}},{"type":"Feature","properties":{"name":"Eagle RV Park and Campground1","routes":["C1","C2","CN","CA"],"provs":["BC"],"desc":"description: Approved Accommodation #25<br>Details from Google Maps<br>3169 10 Ave, Keremeos, BC V0X 1N1<br>+1 250-499-5439<br><br>Amenities and Services<br><br>Sites:<br>3, Operating Season:<br>Open All Yea, Campsite Rates:<br>Serviced $35/night plus taxes<br>Tenting $22/night plus taxe, Pets Permitted, Pet Policy and Rates:<br>Pets welcome, clean up after the, Seasonal Campsite Rentals, 30 Amp Service, Cable Hook Up On Site, Flush Toilets, Full RV Hook Ups, Group Camping Area, Internet Connection or WiFi, Pull Thru Sites, Sewer On Site, Showers, Tenting Area, Water On Site, Winter Camping Av\u2026","sym":"Campground"},"geometry":{"type":"Point","coordinates":[-119.86183,49.20446]}},{"type":"Feature","properties":{"name":"Elk Creek Recreation Site","routes":["C3","CA"],"provs":["BC"],"desc":"description: (toilets)<br>\"Site Closed.<br>Elk Creek is now closed and gated for the season. The site will open in May 2024.\"<br>https://www.sitesandtrailsbc.ca/search/search-result.aspx?site=REC0144&amp;type=Site<br>Type: Provincial Park Campground<br>ID:","sym":"Campground"},"geometry":{"type":"Point","coordinates":[-125.92796,50.31289]}},{"type":"Feature","properties":{"name":"Elkhorn Campground","routes":["C1","CA"],"provs":["MB"],"desc":"description: Open from May 1st to September 30th<br>Details from Google Maps<br>202 Cavendish St, Elkhorn, MB R0M 0N0<br>www.elkhorn.mb.ca<br>+1 204-845-2161<br>Type: Municipal Campground<br>ID: 229.0","sym":"Campground"},"geometry":{"type":"Point","coordinates":[-101.24242,49.97985]}},{"type":"Feature","properties":{"name":"Elm River Park","routes":["C3"],"provs":["NS"],"desc":"description: <br>Type: Privately Owned Campground<br>ID:","sym":"Campground"},"geometry":{"type":"Point","coordinates":[-63.50691,45.39704]}},{"type":"Feature","properties":{"name":"Emory Creek Provincial Park","routes":["CN"],"provs":["BC"],"desc":"description: ID#265<br>'The park is open May 10, 2024 to October 20, 2024'<br>Details from Google Maps<br>18km north of Hope, BC on, Trans-Canada Hwy #1, Hope, BC V0X 1L0<br>https://bcparks.ca/emory-creek-park/<br>+1 778-548-1096<br>Type: Provincial Park Campground<br>ID: 265.0","sym":"Campground"},"geometry":{"type":"Point","coordinates":[-121.41673,49.51264]}},{"type":"Feature","properties":{"name":"Enclosure Campground","routes":["C1","C3"],"provs":["NB"],"desc":"description: Enclosure Campground<br>Details from Google Maps<br>8 Enclosure Rd, Derby Junction, NB E1V 5B2<br>enclosurecampground.ca<br>+1 506-622-8638<br>Type: Privately Owned Campground<br>ID: 315.0","sym":"Campground"},"geometry":{"type":"Point","coordinates":[-65.5931,46.96119]}},{"type":"Feature","properties":{"name":"Entrance Bay Campground","routes":["C2","CA","CL"],"provs":["BC"],"desc":"description: <br>Type: Provincial Park Campground<br>ID:","sym":"Campground"},"geometry":{"type":"Point","coordinates":[-121.97084,49.05522]}},{"type":"Feature","properties":{"name":"Fairview Park Camping & Marina1","routes":["C1","CA"],"provs":["ON"],"desc":"description: Details from Google Maps<br>395 Riverbend Road, Marina Dr, North Bay, ON P1B 8Z4<br>fairviewparkcamping.com<br>+1 705-474-0903<br>Type: Privately Owned Campground<br>ID: 312.0","sym":"Campground"},"geometry":{"type":"Point","coordinates":[-79.40602,46.25432]}},{"type":"Feature","properties":{"name":"Falcon Lake Beach Campground (Whiteshell Provincial Park)","routes":["C1","C2","C3","CA"],"provs":["MB"],"desc":"description: Details from Google Maps<br>Manitoba R0E 2H0<br>https://www.gov.mb.ca/sd/parks/park-maps-and-locations/eastern/whiteshell.html<br>+1 800-214-6497<br>Type: Provincial Park Campground<br>ID: 156.0","sym":"Campground"},"geometry":{"type":"Point","coordinates":[-95.32761,49.68388]}},{"type":"Feature","properties":{"name":"Falcon Lake Lakeshore Campground","routes":["C1","C2","C3","CA"],"provs":["MB"],"desc":"description: <br>Type: Provincial Park Campground<br>ID:","sym":"Campground"},"geometry":{"type":"Point","coordinates":[-95.31619,49.69225]}},{"type":"Feature","properties":{"name":"Falls and Gorge Camping Chutes and Gorge","routes":["C2","CA"],"provs":["NB"],"desc":"description: Details from Google Maps<br>120 Manse Rd, Grand Falls, NB E3Z 2X4<br>www.grandfallsnb.com<br>+1 877-475-7769<br>Type: Municipal Campground<br>ID: 43.0","sym":"Campground"},"geometry":{"type":"Point","coordinates":[-67.73277,47.04509]}},{"type":"Feature","properties":{"name":"Fallsview Municipal Park1","routes":["C3"],"provs":["NL"],"desc":"description: Fallsview Municipal Park campground (showers, washrooms)<br>Details from Google Maps<br>20 E Trailer Ct, Bishop's Falls, NL A0H 1C0https://www.bishopsfalls.ca/visitors/camping_attractions<br>Type: Municipal Campground<br>ID: 308.0","sym":"Campground"},"geometry":{"type":"Point","coordinates":[-55.47501,49.01735]}},{"type":"Feature","properties":{"name":"Family Tree Riverside RV & Campground","routes":["C1","CN","CA","CL"],"provs":["BC"],"desc":"description: (store, laundry, showers)<br>Details from Google Maps<br>2055 Trans-Canada Hwy, Sicamous, BC V0E 2V1<br>familytreeriversidervcampground.com<br>+1 250-836-2583<br>Type: Privately Owned Campground<br>ID: 275.0","sym":"Campground"},"geometry":{"type":"Point","coordinates":[-118.92778,50.86675]}},{"type":"Feature","properties":{"name":"Farran Park Campground & Day-Use","routes":["C2"],"provs":["ON"],"desc":"description: <br>Type: Provincial Park Campground<br>ID:","sym":"Campground"},"geometry":{"type":"Point","coordinates":[-74.99483,44.98653]}},{"type":"Feature","properties":{"name":"Fernie RV Resort","routes":["C2","CA"],"provs":["BC"],"desc":"description: (power, wifi, water)<br>Details from Google Maps<br>2001 6th Ave, Fernie, BC V0B 1M0<br>www.ferniervresort.com<br>+1 844-343-2233<br>Type: Privately Owned Campground<br>ID: 291.0","sym":"Campground"},"geometry":{"type":"Point","coordinates":[-115.0522,49.52001]}},{"type":"Feature","properties":{"name":"Ferry Island Municipal Campground","routes":["C3","CA"],"provs":["BC"],"desc":"description: Details from Google Maps<br>4301 BC-16, Terrace, BC V8G 1J7<br>www.terrace.ca<br>+1 250-615-9657<br>Type: Municipal Campground<br>ID: 100.0","sym":"Campground"},"geometry":{"type":"Point","coordinates":[-128.57088,54.51148]}},{"type":"Feature","properties":{"name":"Fitzgerald\u2019s Pond Park","routes":["C1"],"provs":["NL"],"desc":"description: (cash only)<br>Type: Privately Owned Campground<br>ID:","sym":"Campground"},"geometry":{"type":"Point","coordinates":[-53.73109,47.34312]}},{"type":"Feature","properties":{"name":"Fitzroy Provincial Park - Pine Grove Campground","routes":["C1"],"provs":["ON","QC"],"desc":"description: <br>Type: Provincial Park Campground<br>ID:","sym":"Campground"},"geometry":{"type":"Point","coordinates":[-76.21815,45.48043]}},{"type":"Feature","properties":{"name":"Fitzroy Provincial Park - Two Rivers Campground","routes":["C1"],"provs":["ON","QC"],"desc":"description: <br>Type: Provincial Park Campground<br>ID:","sym":"Campground"},"geometry":{"type":"Point","coordinates":[-76.22186,45.47936]}},{"type":"Feature","properties":{"name":"Foam Lake Campground","routes":["C3","CA"],"provs":["SK"],"desc":"description: Details from Google Maps<br>529 SK-16, Foam Lake, SK S0A 1A0<br>https://foamlake.com/discover-foam-lake/foam-lake-tourism/foam-lake-campground/<br>+1 306-272-3714<br>Type: Municipal Campground<br>ID: 115.0","sym":"Campground"},"geometry":{"type":"Point","coordinates":[-103.53725,51.63683]}},{"type":"Feature","properties":{"name":"Fort Steele Resort & RV Park","routes":["C2","CN"],"provs":["BC"],"desc":"description: \"We offer over 60 tenting sites that are mostly located in a heavily treed area with water taps for everyone to share. Each site has a picnic table and some have their own fire pit. Because of the heavy trees not every site has its own fire pit, but we do have community fire pits for everyone's enjoyment as well as a covered shelter to share and available portable fire pits for rent.<br><br>All sites have access to the outdoor solar heated swimming pool, playground, sports field and basketball hoop. There are free hot showers for registered guests only and a coin operated Laundrom\u2026","sym":"Campground"},"geometry":{"type":"Point","coordinates":[-115.62524,49.62216]}},{"type":"Feature","properties":{"name":"Fort William Historical Park","routes":["C2"],"provs":["ON"],"desc":"description: Open for the season:<br>May 17 \u2013 October 14, 2024<br>https://fwhp.ca/campground/<br>Type: Provincial Park Campground<br>ID:","sym":"Campground"},"geometry":{"type":"Point","coordinates":[-89.35409,48.34699]}},{"type":"Feature","properties":{"name":"Four Seasons Resort & Campground","routes":["C1","CA"],"provs":["MB"],"desc":"description: https://www.fourseasonsislandresort.com/camping/campground<br>Type: Privately Owned Campground<br>ID:","sym":"Campground"},"geometry":{"type":"Point","coordinates":[-100.71226,49.68353]}},{"type":"Feature","properties":{"name":"Fox Lake Campground","routes":["C3","CA"],"provs":["AB"],"desc":"description: Details from Google Maps<br>31267 Range Road 145A 3 km west of, Hanna, AB T0J 1P0<br>hanna.ca<br>+1 403-854-4433<br>Type: Municipal Campground<br>ID: 185.0","sym":"Campground"},"geometry":{"type":"Point","coordinates":[-111.97579,51.65633]}},{"type":"Feature","properties":{"name":"Frank Carpenter Memorial Campground","routes":["C2","CA"],"provs":["BC"],"desc":"description: (flush toilets, $showers)<br>Cyclist shelter<br>Details from Google Maps<br>Fifth Ave, Midway, BC V0H 1M0<br>midwaybc.ca<br>+1 250-449-2467<br>Type: Municipal Campground<br>ID: 160.0","sym":"Campground"},"geometry":{"type":"Point","coordinates":[-118.7771,49.00562]}},{"type":"Feature","properties":{"name":"Franklin Motel | Tent and Trailer Park (campground)","routes":["C1","CA"],"provs":["ON"],"desc":"description: Details from Google Maps<br>444 Lakeshore Dr, North Bay, ON P1A 2E1<br>www.franklinmotel.ca<br>+1 705-472-1360<br>Type: Privately Owned Campground<br>ID: 330.0","sym":"Campground"},"geometry":{"type":"Point","coordinates":[-79.44519,46.27673]}},{"type":"Feature","properties":{"name":"Friends of Long Island Centre","routes":["CN"],"provs":["ON"],"desc":"description: Details from Google Maps<br>415 Nicolls Island Rd, Manotick, ON K4M 1A2<br>www.folic.ca<br>Type: Privately Owned Campground<br>ID:","sym":"Campground"},"geometry":{"type":"Point","coordinates":[-75.70262,45.2539]}},{"type":"Feature","properties":{"name":"Fundy Spray Campground","routes":["C2","CW"],"provs":["NS"],"desc":"description: <br>Type: Privately Owned Campground<br>ID:","sym":"Campground"},"geometry":{"type":"Point","coordinates":[-65.7328,44.60299]}},{"type":"Feature","properties":{"name":"Gagnon Beach","routes":["C1"],"provs":["NB"],"desc":"description: CHECK OUT IS AT 11AM and CHECK IN IS AT 1PM.<br><br>Unserviced (Field Camping) \u2013 Located in our open field area, this section is perfect for tenters! Pitch your tent(any size), park your vehicle and still have room for a campfire and picnic lunch. The added bonus is that you are only a short walk from our beautiful sandy beach!<br><br>Depending on the location of the tent site, Wi-fi signal may be connected to your devices at an additional cost. Washrooms with outdoor sink access and showers are available for campers\u2019 use.<br><br> ADA Accessible<br> Back-In lots<br> Fire Pit provi\u2026","sym":"Campground"},"geometry":{"type":"Point","coordinates":[-64.33079,46.22439]}},{"type":"Feature","properties":{"name":"Gateway Camping","routes":["C3"],"provs":["ON"],"desc":"description: Details from Google Maps<br>186 Main St, Wasaga Beach, ON L9Z 2L3<br>https://www.rootsrv.ca/gateway-campground<br>+1 705-429-5862<br>Type: Privately Owned Campground<br>ID: 64.0","sym":"Campground"},"geometry":{"type":"Point","coordinates":[-80.00946,44.52209]}},{"type":"Feature","properties":{"name":"Gateway to the North RV Park","routes":["C3","CA"],"provs":["NL"],"desc":"description: Details from Google Maps<br>1 NL-430, Deer Lake, NL A8A 2Z4<br>www.gatewaytothenorthrvpark.com<br>+1 833-429-2718<br>Approved Accommodation #28<br>Type: Privately Owned Campground<br>ID: 28.0","sym":"Campground"},"geometry":{"type":"Point","coordinates":[-57.43535,49.19377]}},{"type":"Feature","properties":{"name":"George Huxter Memorial Park","routes":["C3"],"provs":["NL"],"desc":"description: <br>Type: Municipal Campground<br>ID:","sym":"Campground"},"geometry":{"type":"Point","coordinates":[-56.10988,49.51168]}},{"type":"Feature","properties":{"name":"Ghost Reservoir Provincial Recreation Area","routes":["C1","C3","CN"],"provs":["AB"],"desc":"description: Details from Google Maps<br>Bighorn No. 8, AB T0L 1N0<br>https://albertaparks.ca/parks/kananaskis/ghost-reservoir-pra/<br>+1 403-678-0760<br>Type: Provincial Park Campground<br>ID: 295.0","sym":"Campground"},"geometry":{"type":"Point","coordinates":[-114.71787,51.22177]}},{"type":"Feature","properties":{"name":"Ghost Station Camping and Storage","routes":["C1","C3"],"provs":["AB"],"desc":"description: <br>Type: Privately Owned Campground<br>ID:","sym":"Campground"},"geometry":{"type":"Point","coordinates":[-114.67308,51.22641]}},{"type":"Feature","properties":{"name":"Gite et camping du Vieux Quai","routes":["C1","C3"],"provs":["QC"],"desc":"description: <br>Type: Privately Owned Campground<br>ID:","sym":"Campground"},"geometry":{"type":"Point","coordinates":[-68.23492,48.60853]}},{"type":"Feature","properties":{"name":"Gleichen Campground","routes":["C1"],"provs":["AB"],"desc":"description: no official information online about it https://www.campendium.com/gleichen-campground https://www.ioverlander.com/places/179951-gleichen-campground<br>from email \"The Beaupre Memorial Campground in Gleichen is seasonal and is opened from mid May-Sept. There is a pit toilet, fire pits, picnic tables, RV dump and water. The campsite is free and no booking are required, first come. There are 7 campsites. No power.\"<br>Type: Municipal Campground<br>ID: 322.0","sym":"Campground"},"geometry":{"type":"Point","coordinates":[-113.05247,50.86839]}},{"type":"Feature","properties":{"name":"Glen Rouge Campground (closed for renovations in 2024)","routes":["C2","CA","CL"],"provs":["ON"],"desc":"description: - closed for renovations in 2024)<br>Type: Closed for renovations<br>ID: 130.0","sym":"Campground"},"geometry":{"type":"Point","coordinates":[-79.13731,43.80563]}},{"type":"Feature","properties":{"name":"Glengarry Campground","routes":["C2","CA"],"provs":["ON"],"desc":"description: <br>Type: Regional Park Campground<br>ID:","sym":"Campground"},"geometry":{"type":"Point","coordinates":[-74.46298,45.15237]}},{"type":"Feature","properties":{"name":"Glenview Cottages and campground","routes":["C1","C2","C3","CA"],"provs":["ON"],"desc":"description: <br>Type: Privately Owned Campground<br>ID:","sym":"Campground"},"geometry":{"type":"Point","coordinates":[-84.29491,46.60146]}},{"type":"Feature","properties":{"name":"Glenview [RIVERSIDE] Campground","routes":["C1","CA"],"provs":["NS"],"desc":"description: 'Cyclists Welcome' https://campingselect.ca/en/nova-scotia/cape-breton-island/glenview-campground<br>Type: Privately Owned Campground<br>ID:","sym":"Campground"},"geometry":{"type":"Point","coordinates":[-61.13023,45.97541]}},{"type":"Feature","properties":{"name":"Glidden Campsite","routes":["C1"],"provs":["QC","NB"],"desc":"description: <br>Type: Privately Owned Campground<br>ID:","sym":"Campground"},"geometry":{"type":"Point","coordinates":[-66.9017,47.98629]}},{"type":"Feature","properties":{"name":"Golden Municipal Campground & RV Park","routes":["C1","CN","CA"],"provs":["BC"],"desc":"description: (water, store, showers, wifi, laundry)<br>Details from Google Maps<br>1411 9 St S, Golden, BC V0A 1H0<br>www.goldenmunicipalcampground.com<br>+1 250-344-5412<br>Type: Municipal Campground<br>ID: 53.0","sym":"Campground"},"geometry":{"type":"Point","coordinates":[-116.95177,51.2974]}},{"type":"Feature","properties":{"name":"Goldpan Provincial Park","routes":["CN","CA"],"provs":["BC"],"desc":"description: \"Alert icon<br>Goldpan Provincial Park Closed until further Notice<br>Due to slope instability and risk to public safety the campground at Goldpan Provincial Park will remain closed until further notice. Geo-technical information provided by Ministry of Transportation and Infrastructure on slope stability, and recent slide activity in the park have indicated a high level of risk for visitors staying within the campground. Therefore, BC Parks has made the decision to close the park. We will continue to explore options for future opening and visitors should consult this website for \u2026","sym":"Campground"},"geometry":{"type":"Point","coordinates":[-121.38985,50.34837]}},{"type":"Feature","properties":{"name":"Gordon Howe Campground","routes":["C3","CA"],"provs":["SK"],"desc":"description: Details from Google Maps<br>1640 Avenue P S, Saskatoon, SK S7M 2X8<br>https://www.saskatoon.ca/parks-recreation-attractions/recreational-facilities-sport-fields/gordon-howe-campground<br>+1 306-975-3328<br>Type: Municipal Campground<br>ID: 61.0","sym":"Campground"},"geometry":{"type":"Point","coordinates":[-106.69725,52.11002]}},{"type":"Feature","properties":{"name":"Grand Codroy Rv/Tent Camping","routes":["C3"],"provs":["NL"],"desc":"description: <br>Type: Privately Owned Campground<br>ID:","sym":"Campground"},"geometry":{"type":"Point","coordinates":[-59.205,47.83507]}},{"type":"Feature","properties":{"name":"Grand Forks Municipal Campground","routes":["C2"],"provs":["BC"],"desc":"description: <br>Type: Municipal Campground<br>ID:","sym":"Campground"},"geometry":{"type":"Point","coordinates":[-118.44125,49.02967]}},{"type":"Feature","properties":{"name":"Grand Valley Campground","routes":["C1","CA"],"provs":["MB"],"desc":"description: <br>Type: Municipal Campground<br>ID:","sym":"Campground"},"geometry":{"type":"Point","coordinates":[-100.08376,49.87362]}},{"type":"Feature","properties":{"name":"Grassy Lake Municipal Campground","routes":["C2"],"provs":["AB"],"desc":"description: <br>Type: Municipal Campground<br>ID:","sym":"Campground"},"geometry":{"type":"Point","coordinates":[-111.70407,49.82239]}},{"type":"Feature","properties":{"name":"Green Acres Manitoulin- Family Campground & Restaurant","routes":["C2","C3"],"provs":["ON"],"desc":"description: <br>Type: Privately Owned Campground<br>ID:","sym":"Campground"},"geometry":{"type":"Point","coordinates":[-81.92085,45.88992]}},{"type":"Feature","properties":{"name":"Green Point Campground (Pacific Rim National Park - Long Beach)","routes":["C2","CA"],"provs":["BC"],"desc":"description: Details from Google Maps<br>Green Point Campground, BC-4, Ucluelet, BC V0R 3A0<br>http://www.pc.gc.ca/eng/pn-np/bc/pacificrim/visit/visit4c.aspx<br>+1 877-737-3783<br>*<br>Long Beach Unit: Green Point Campground<br><br>12 km north of the Ucluelet-Tofino junction on Hwy.4, midway between Ucluelet and Tofino. <br><br>Open: May 1 \u2013 October 15, 2024<br>Type: National Park Campground<br>ID: 149.0","sym":"Campground"},"geometry":{"type":"Point","coordinates":[-125.72204,49.05623]}},{"type":"Feature","properties":{"name":"Greenview motel & rv park","routes":["C2"],"provs":["BC"],"desc":"description: <br>Type: Privately Owned Campground<br>ID:","sym":"Campground"},"geometry":{"type":"Point","coordinates":[-118.677,49.09558]}},{"type":"Feature","properties":{"name":"Greenwood City Campground","routes":["C2"],"provs":["BC"],"desc":"description: (no washroom facilities)<br>Type: Municipal Campground<br>ID:","sym":"Campground"},"geometry":{"type":"Point","coordinates":[-118.67808,49.09138]}},{"type":"Feature","properties":{"name":"Grenfell Recreational Park Campground","routes":["C1","CA"],"provs":["SK"],"desc":"description: Details from Google Maps<br>Lake St, Grenfell, SK S0G 2B0<br>https://letscamp.ca/camps/grenfell-recreational-park<br>+1 306-697-2815<br>Type: Municipal Campground<br>ID: 168.0","sym":"Campground"},"geometry":{"type":"Point","coordinates":[-102.93856,50.41366]}},{"type":"Feature","properties":{"name":"Grist Mill Campground","routes":["C1","C2","CN","CA"],"provs":["BC"],"desc":"description: <br>Type: Privately Owned Campground<br>ID:","sym":"Campground"},"geometry":{"type":"Point","coordinates":[-119.80653,49.21416]}},{"type":"Feature","properties":{"name":"Gull Lake Campground","routes":["C1","CA"],"provs":["SK"],"desc":"description: Well treed setting.<br> Modern washroom and free shower facilities.<br> Free WiFi.<br> Close to downtown services.<br> Picnic tables and firewood available.<br>Details from Google Maps<br>7563 Lake Ave, Gull Lake, SK S0N 1A0<br>https://www.gulllakesk.com/recreation/campground<br>+1 306-672-3447<br>Type: Municipal Campground<br>ID: 132.0","sym":"Campground"},"geometry":{"type":"Point","coordinates":[-108.47658,50.09736]}},{"type":"Feature","properties":{"name":"Gushue's Pond Park","routes":["C1","C3","CA"],"provs":["NL"],"desc":"description: 10 tent sites<br>http://www.gushuespondpark.ca/about-the-park.html#a<br>Details from Google Maps<br>Brigus Junction, NL A0A 1Z0<br>www.gushuespondpark.ca<br>+1 709-229-4003<br>Type: Privately Owned Campground<br>ID: 249.0","sym":"Campground"},"geometry":{"type":"Point","coordinates":[-53.28773,47.40014]}},{"type":"Feature","properties":{"name":"Halifax West KOA","routes":["C2"],"provs":["NS"],"desc":"description: <br>Type: Privately Owned Campground<br>ID:","sym":"Campground"},"geometry":{"type":"Point","coordinates":[-63.78414,44.83178]}},{"type":"Feature","properties":{"name":"Hammock Harbour","routes":["C3","CN","CA","CL"],"provs":["ON"],"desc":"description: \"We have 2 areas of overnight camping - our main area includes 109-121 and 200-210. We also have a few back-in sites in our Pond area, 211 - 216. It is more private, quieter and looks out at a pond, has hydro and water, but has no shade. It is suitable for tents, or smaller trailers (34' max).\"<br>https://www.hammockharbour.com/transient<br>Details from Google Maps<br>4569 Concession Rd 12, Orillia, ON L3V 0M2<br>www.hammockharbour.com<br>+1 705-326-7885<br>Type: Privately Owned Campground<br>ID: 103.0","sym":"Campground"},"geometry":{"type":"Point","coordinates":[-79.36039,44.60949]}},{"type":"Feature","properties":{"name":"Hampton Campground - E.C. Manning Provincial Park","routes":["C1","C2","CA"],"provs":["BC"],"desc":"description: <br>Type: Provincial Park Campground<br>ID:","sym":"Campground"},"geometry":{"type":"Point","coordinates":[-120.72106,49.07009]}},{"type":"Feature","properties":{"name":"Happy Hearts Tent & Trailer Park","routes":["C2","C3","CW"],"provs":["ON"],"desc":"description: <br>Type: Privately Owned Campground<br>ID:","sym":"Campground"},"geometry":{"type":"Point","coordinates":[-81.65539,45.23534]}},{"type":"Feature","properties":{"name":"Happy Land Park","routes":["C2"],"provs":["ON"],"desc":"description: <br>Type: Privately Owned Campground<br>ID:","sym":"Campground"},"geometry":{"type":"Point","coordinates":[-89.59801,48.39342]}},{"type":"Feature","properties":{"name":"Harbour Light Campground","routes":["C1","CN","CA","CL","CW"],"provs":["NS"],"desc":"description: <br>Type: Privately Owned Campground<br>ID:","sym":"Campground"},"geometry":{"type":"Point","coordinates":[-62.6678,45.69448]}},{"type":"Feature","properties":{"name":"Hardings Point Campground","routes":["C2","CA"],"provs":["NB"],"desc":"description: Details from Google Maps<br>71 Harding Point Landing Rd, Carters Point, NB E5S 1N8<br>www.hardingspointcampground.com<br>+1 506-763-2517<br>(open May 16, 2025)<br>Type: Privately Owned Campground<br>ID: 128.0","sym":"Campground"},"geometry":{"type":"Point","coordinates":[-66.21629,45.35377]}},{"type":"Feature","properties":{"name":"Harmony Acres Campground","routes":["C2","C3","CW"],"provs":["ON"],"desc":"description: https://harmonyacres.ca/pricing-rates<br>Type: Privately Owned Campground<br>ID:","sym":"Campground"},"geometry":{"type":"Point","coordinates":[-81.60289,45.21746]}},{"type":"Feature","properties":{"name":"Harrison Park CAMPGROUND","routes":["C2","C3"],"provs":["ON"],"desc":"description: <br>Type: Municipal Campground<br>ID:","sym":"Campground"},"geometry":{"type":"Point","coordinates":[-80.93766,44.54404]}},{"type":"Feature","properties":{"name":"Hartt Island RV Resort","routes":["C2"],"provs":["NB"],"desc":"description: Details from Google Maps<br>2475 Woodstock Rd, Fredericton, NB E3C 1P6<br>www.harttisland.ca<br>+1 506-462-9400<br>Type: Privately Owned Campground<br>ID: 371.0","sym":"Campground"},"geometry":{"type":"Point","coordinates":[-66.74381,45.96583]}},{"type":"Feature","properties":{"name":"Helen Lake Recreation Site","routes":["C3","CA"],"provs":["BC"],"desc":"description: (pit toilet, no water)<br>Type: Provincial Park Campground<br>ID:","sym":"Campground"},"geometry":{"type":"Point","coordinates":[-126.68687,54.49116]}},{"type":"Feature","properties":{"name":"Hidden Valley Campground & RV Park","routes":["CN","CA"],"provs":["BC"],"desc":"description: (wifi, laundry, showers, flush toilets)<br>Type: Privately Owned Campground<br>ID:","sym":"Campground"},"geometry":{"type":"Point","coordinates":[-119.22487,50.74778]}},{"type":"Feature","properties":{"name":"Hide Away Campground","routes":["C3"],"provs":["NS"],"desc":"description: <br>Type: Privately Owned Campground<br>ID:","sym":"Campground"},"geometry":{"type":"Point","coordinates":[-60.46,46.88721]}},{"type":"Feature","properties":{"name":"Highbury Gardens RV Park","routes":["C2"],"provs":["NS"],"desc":"description: Features<br><br>Enjoy the clean, fresh air and outdoor lifestyle, without giving up all the comforts of home.<br><br>We offer our campers:18-web<br><br>RV Sites<br><br> Full Hook-Up (20, 30, and 50 Amp) 3 Way, 2 Way and unserviced sites<br> Pull-Thru Sites (Depending on availability)<br><br>Tenting Areas<br><br> Unserviced Sites<br><br>Note: Both wooded and open camping sites are available. Each site includes a picnic table and a fire pit.<br><br> Carded Electronic Security Gate<br> Function Room<br> Modern Washrooms<br> Games Room<br> Laundry Facilities<br> Swimming Pool<br><br> \u2026","sym":"Campground"},"geometry":{"type":"Point","coordinates":[-64.47875,45.04961]}},{"type":"Feature","properties":{"name":"Highpoint Campground","routes":["C2"],"provs":["ON"],"desc":"description: <br>Type: Municipal Campground<br>ID:","sym":"Campground"},"geometry":{"type":"Point","coordinates":[-80.39038,44.17207]}},{"type":"Feature","properties":{"name":"Hilltop Gardens Farm & Campground","routes":["CN","CA"],"provs":["BC"],"desc":"description: Tenting unconfirmed - asked 22june2024 https://www.facebook.com/permalink.php?story_fbid=976571934471093&amp;id=100063548862460<br>Type: Tenting unconfirmed<br>ID:","sym":"Campground"},"geometry":{"type":"Point","coordinates":[-121.30434,50.45633]}},{"type":"Feature","properties":{"name":"Hilly Acres Camp & Trailer Prk","routes":["C2","C3"],"provs":["ON"],"desc":"description: it does indicate tenting on the website<br>https://www.campendium.com/hilly-acres-camp-trailer-park<br>(Website not updated since 2011)<br>https://www.hillyacres.com/rates.htm<br>Details from Google Maps<br>1049 S River Rd, Whitefish Falls, ON P0P 2H0<br>+1 705-285-4226<br>Type: Privately Owned Campground<br>ID: 331.0","sym":"Campground"},"geometry":{"type":"Point","coordinates":[-81.73057,46.11082]}},{"type":"Feature","properties":{"name":"Holiday Haven Campground (formerly Charlottetown KOA Holiday)","routes":["C1","CA","CL"],"provs":["PE"],"desc":"description: (formerly Charlottetown KOA Holiday) Holiday Haven Campground<br>Details from Google Maps<br>208 Ferry Rd, Cornwall, PE C0A 1H0<br>holidayhaven.ca<br>+1 844-566-2421<br>Type: Privately Owned Campground<br>ID: 357.0","sym":"Campground"},"geometry":{"type":"Point","coordinates":[-63.18691,46.21315]}},{"type":"Feature","properties":{"name":"Holiday Park Tent & Trailer Campground","routes":["C3"],"provs":["ON"],"desc":"description: <br>Type: Privately Owned Campground<br>ID:","sym":"Campground"},"geometry":{"type":"Point","coordinates":[-80.00846,44.52282]}},{"type":"Feature","properties":{"name":"Holland Agricultural Grounds & Campground","routes":["C2"],"provs":["MB"],"desc":"description: Details from Google Maps<br>Park, Holland, MB R0G 0X0<br>+1 204-526-2263<br>https://rmofvictoria.com/p/holland-agriculture-society<br>Type: Municipal Campground<br>ID: 232.0","sym":"Campground"},"geometry":{"type":"Point","coordinates":[-98.87482,49.59889]}},{"type":"Feature","properties":{"name":"Honeymoon Lake Campground (Jasper National Park)","routes":["C3"],"provs":["AB"],"desc":"description: \"<br>Honeymoon Lake<br><br> Open: May 15 to September 9, 2024<br> Reservable: All sites available on a First Come, First Served basis. No reservations possible.<br> Sites: 34<br><br> Fees: See full list of camping fees here<br> Site type:<br> Unserviced, with fire pit<br> Bike camping (campsite #24 only)<br><br>Being able to replace ringing phones, noisy traffic and city smog with quiet lakeside strolls and the smell of breakfast cooking over a campfire gives you a sense of how Honeymoon Lake Campground got its name.<br><br>Campsite #24 is designated for bike camping only. This is\u2026","sym":"Campground"},"geometry":{"type":"Point","coordinates":[-117.6814,52.55581]}},{"type":"Feature","properties":{"name":"Hoodoo Creek Campground","routes":["C1"],"provs":["BC"],"desc":"description: <br>Type: National Park Campground<br>ID:","sym":"Campground"},"geometry":{"type":"Point","coordinates":[-116.5708,51.22281]}},{"type":"Feature","properties":{"name":"Hope Bay Campground","routes":["C2","C3"],"provs":["ON"],"desc":"description: Details from Google Maps<br>2 Hope Bay Rd, South Bruce Peninsula, ON N0H 2T0<br>www.hopebaycampground.com<br>+1 519-534-1208<br>Type: Privately Owned Campground<br>ID: 310.0","sym":"Campground"},"geometry":{"type":"Point","coordinates":[-81.15634,44.90342]}},{"type":"Feature","properties":{"name":"Hope Valley RV & Campground","routes":["C1","C2","CN","CA"],"provs":["BC"],"desc":"description: June 2024 - asked on Google Maps listing (need to call)<br>Details from Google Maps<br>62280 Flood Hope Rd, Hope, BC V0X 1L2<br>hopevalleyrv.com<br>+1 604-869-9857<br>Privately Owned Campground<br>Type: Tenting unconfirmed<br>ID:","sym":"Campground"},"geometry":{"type":"Point","coordinates":[-121.50694,49.36662]}},{"type":"Feature","properties":{"name":"Hyclass Ocean Campground","routes":["C1","C3"],"provs":["NS"],"desc":"description: <br>Type: Privately Owned Campground<br>ID:","sym":"Campground"},"geometry":{"type":"Point","coordinates":[-61.58023,45.64487]}},{"type":"Feature","properties":{"name":"H\u00e9bergement et Camping Marsoui","routes":["C3"],"provs":["QC"],"desc":"description: <br>Type: Privately Owned Campground<br>ID:","sym":"Campground"},"geometry":{"type":"Point","coordinates":[-66.06776,49.21536]}},{"type":"Feature","properties":{"name":"Illecillewaet Campground","routes":["C1"],"provs":["BC"],"desc":"description: <br>Type: National Park Campground<br>ID:","sym":"Campground"},"geometry":{"type":"Point","coordinates":[-117.49528,51.26612]}},{"type":"Feature","properties":{"name":"Inch Arran Park","routes":["C1","C3"],"provs":["NB"],"desc":"description: Details from Google Maps<br>125 Inch Arran Ave, Dalhousie, NB E8C 3C5<br>https://www.heron-bay.ca/incharran<br>https://www.bookyoursite.com/campgrounds/inch-arran-campground#sites<br>+1 506-684-7363<br>Type: Municipal Campground<br>ID: 320.0","sym":"Campground"},"geometry":{"type":"Point","coordinates":[-66.35323,48.05902]}},{"type":"Feature","properties":{"name":"Indian Head Campground1","routes":["C1","CA"],"provs":["SK"],"desc":"description: It does say 'tent-trailer' on the website http://www.indianheadcampground.ca/rates.htm<br>Approved Accommodation #36<br>Details from Google Maps<br>1100 McKay St, Indian Head, SK S0G 2K0<br>www.indianheadcampground.ca<br>+1 306-695-3635<br>Type: Privately Owned Campground<br>ID: 36.0","sym":"Campground"},"geometry":{"type":"Point","coordinates":[-103.6573,50.53043]}},{"type":"Feature","properties":{"name":"Indian Line Campground1","routes":["C2","CN","CA","CL"],"provs":["ON"],"desc":"description: Details from Google Maps<br>7625 Finch Ave W, Brampton, ON L6T 0B2<br>trca.ca<br>+1 855-811-0111<br>Type: Regional Park Campground<br>ID: 134.0","sym":"Campground"},"geometry":{"type":"Point","coordinates":[-79.63664,43.73647]}},{"type":"Feature","properties":{"name":"Inverness Beach Village1","routes":["C3","CA"],"provs":["NS"],"desc":"description: Details from Google Maps<br>50 Inverness Beach Village Rd, Inverness, NS B0E 1N0<br>www.invernessbeachvillage.com<br>+1 902-258-2653<br>Type: Privately Owned Campground<br>ID: 244.0","sym":"Campground"},"geometry":{"type":"Point","coordinates":[-61.29937,46.24212]}},{"type":"Feature","properties":{"name":"Irish Loop Resort Ltd","routes":["C1","C3"],"provs":["NL"],"desc":"description: <br>Type: Privately Owned Campground<br>ID:","sym":"Campground"},"geometry":{"type":"Point","coordinates":[-53.2637,47.29235]}},{"type":"Feature","properties":{"name":"Irricana Campground","routes":["C3","CA","CL"],"provs":["AB"],"desc":"description: Approved Accommodation #30<br>Details from Google Maps<br>1 St, Irricana, AB T0M 1B0<br>townofirricana.ca<br>+1 403-371-7376<br>Type: Municipal Campground<br>ID: 30.0","sym":"Campground"},"geometry":{"type":"Point","coordinates":[-113.60589,51.32415]}},{"type":"Feature","properties":{"name":"Island Lake Provincial Recreation Area (no water)","routes":["C2"],"provs":["BC","AB"],"desc":"description: https://www.albertaparks.ca/parks/south/island-lake-pra/information-facilities/camping/island-lake/<br>Type: Provincial Park Campground<br>ID:","sym":"Campground"},"geometry":{"type":"Point","coordinates":[-114.67367,49.6285]}},{"type":"Feature","properties":{"name":"Ivy Lea Campground","routes":["C2"],"provs":["ON"],"desc":"description: <br>Type: Regional Park Campground<br>ID:","sym":"Campground"},"geometry":{"type":"Point","coordinates":[-75.98446,44.36913]}},{"type":"Feature","properties":{"name":"J.T. Cheeseman Provincial Park","routes":["C3","CA"],"provs":["NL"],"desc":"description: Details from Google Maps<br>Cape Ray, NL A0N 1C0<br>https://www.parksnl.ca/parks/j-t-cheeseman-provincial-park/<br>+1 709-695-7222<br>Type: Provincial Park Campground<br>ID: 250.0","sym":"Campground"},"geometry":{"type":"Point","coordinates":[-59.25736,47.63187]}},{"type":"Feature","properties":{"name":"Jack's Pond Park","routes":["C3","CA"],"provs":["NL"],"desc":"description: Details from Google Maps<br>Trans Canada Highway 1, Arnold's Cove, NL A0B 1A0<br>www.jackspondpark.com<br>+1 709-463-0150<br>Type: Privately Owned Campground<br>ID: 182.0","sym":"Campground"},"geometry":{"type":"Point","coordinates":[-53.9421,47.75604]}},{"type":"Feature","properties":{"name":"Jaggars Point Oceanfront Campground","routes":["C2","CW"],"provs":["NS"],"desc":"description: <br>Type: Privately Owned Campground<br>ID:","sym":"Campground"},"geometry":{"type":"Point","coordinates":[-65.7164,44.612]}},{"type":"Feature","properties":{"name":"Jardine Municipal Park","routes":["C1","C3"],"provs":["NB"],"desc":"description: <br>Type: Municipal Campground<br>ID:","sym":"Campground"},"geometry":{"type":"Point","coordinates":[-64.86426,46.66501]}},{"type":"Feature","properties":{"name":"Jeff's Hideaway Camp","routes":["C2"],"provs":["NS"],"desc":"description: Jeff's Hideaway Campground &amp; Cottages (formerly Vidito Family Campground and Cottages)<br>Details from Google Maps<br>13736 Evangeline Trail Highway 1, Wilmot, NS B0P 1W0<br>www.jeffshideaway.com<br>+1 902-825-4380<br>Type: Privately Owned Campground<br>ID: 50.0","sym":"Campground"},"geometry":{"type":"Point","coordinates":[-65.04443,44.95369]}},{"type":"Feature","properties":{"name":"Jell-e-Bean Campground & Trailer Park","routes":["C3"],"provs":["ON"],"desc":"description: open from May to October<br>Details from Google Maps<br>8681 Beachwood Rd, Wasaga Beach, ON L9Z 2G5<br>https://jelleebeancampground.wordpress.com/+1 705-429-5418<br>Type: Privately Owned Campground<br>ID: 140.0","sym":"Campground"},"geometry":{"type":"Point","coordinates":[-80.11245,44.46768]}},{"type":"Feature","properties":{"name":"Jerlin Rv Campsite","routes":["C1","C3","CA"],"provs":["ON"],"desc":"description: https://www.campendium.com/jerlin-rv-campsite (indicates tenting is available)<br>Type: Privately Owned Campground<br>ID:","sym":"Campground"},"geometry":{"type":"Point","coordinates":[-93.37619,49.85644]}},{"type":"Feature","properties":{"name":"Jesse James RV and Tent park","routes":["C1"],"provs":["AB"],"desc":"description: <br>Type: Privately Owned Campground<br>ID:","sym":"Campground"},"geometry":{"type":"Point","coordinates":[-111.15852,50.21606]}},{"type":"Feature","properties":{"name":"Jingle Pot RV Park & Campground","routes":["C2","C3","CN","CA","CW"],"provs":["BC"],"desc":"description: ID#98<br>Details from Google Maps<br>4012 Jingle Pot Rd, Nanaimo, BC V9T 0K3<br>www.jinglepotrv.ca<br>+1 250-758-1614<br>Type: Privately Owned Campground<br>ID: 98.0","sym":"Campground"},"geometry":{"type":"Point","coordinates":[-124.03278,49.20445]}},{"type":"Feature","properties":{"name":"John Budd Memorial Park","routes":["C2","C3","CA","CW"],"provs":["ON"],"desc":"description: https://ca.wikicamps.co/site/Ontario/Camp+Site/John+Budd+Memorial+Park/12617<br><br>https://www.manitoulin-island.com/south_baymouth/john_budd_memorial_park.html<br>Type: Privately Owned Campground<br>ID:","sym":"Campground"},"geometry":{"type":"Point","coordinates":[-82.01144,45.56468]}},{"type":"Feature","properties":{"name":"John Woodward Campground","routes":["C1"],"provs":["SK"],"desc":"description: <br>Type: Municipal Campground<br>ID:","sym":"Campground"},"geometry":{"type":"Point","coordinates":[-108.79931,50.06351]}},{"type":"Feature","properties":{"name":"Johnston Canyon Campground","routes":["C1","C3","CN"],"provs":["AB"],"desc":"description: <br>Type: National Park Campground<br>ID:","sym":"Campground"},"geometry":{"type":"Point","coordinates":[-115.84185,51.24488]}},{"type":"Feature","properties":{"name":"Joyful Journeys RV Campark Resort","routes":["C1","C3","CA","CL","CW"],"provs":["NS"],"desc":"description: <br>Type: Privately Owned Campground<br>ID:","sym":"Campground"},"geometry":{"type":"Point","coordinates":[-60.54606,46.3162]}},{"type":"Feature","properties":{"name":"Juniper Beach Camp Ground (Juniper Beach Provincial Park)","routes":["CN"],"provs":["BC"],"desc":"description: https://bcparks.ca/juniper-beach-park/#park-camping-details-container<br>Details from Google Maps<br>Thompson-Nicola, BC V0K 2P0<br>bcparks.ca<br>Type: Provincial Park Campground<br>ID: 268.0","sym":"Campground"},"geometry":{"type":"Point","coordinates":[-121.07937,50.77892]}},{"type":"Feature","properties":{"name":"Kakabeka Falls Riverside Campground","routes":["C2"],"provs":["ON"],"desc":"description: <br>Type: Provincial Park Campground<br>ID:","sym":"Campground"},"geometry":{"type":"Point","coordinates":[-89.62883,48.4033]}},{"type":"Feature","properties":{"name":"Kashabowie River Resort","routes":["C2","CA"],"provs":["ON"],"desc":"description: yes tenting <br>https://www.transcanadahighway.com/listing/lake-kashabowie-lodge-campground/<br>Details from Google Maps<br>1 Kash River Rd, Kashabowie, ON P0T 1Y0<br>www.kashabowie.com<br>+1 807-926-2442<br>Type: Privately Owned Campground<br>ID: 301.0","sym":"Campground"},"geometry":{"type":"Point","coordinates":[-90.4175,48.64619]}},{"type":"Feature","properties":{"name":"Kasiks Wilderness Resort","routes":["C3"],"provs":["BC"],"desc":"description: (88km West to Prince Rupert, 60km to Terrace)<br>https://kasiks.ca/camping-2/<br>Details from Google Maps<br>8931 Highway 16 West, Terrace, BC V8G 1A0<br>kasiks.ca<br>+1 250-631-7979<br>Type: Privately Owned Campground<br>ID: 200.0","sym":"Campground"},"geometry":{"type":"Point","coordinates":[-129.35253,54.31416]}},{"type":"Feature","properties":{"name":"Keeshkeemaquah Campground & RV Park (Formerly Shady Oaks R.V. Resort & Campground)","routes":["C1","CA"],"provs":["MB"],"desc":"description: Details from Google Maps<br>Trans-Canada Highway #1, -Service Road 70W, Sidney, MB R0H 1L0<br>https://keeshcampground.ca/amenities/<br>+1 204-466-2777<br>Type: Privately Owned Campground<br>ID: 183.0","sym":"Campground"},"geometry":{"type":"Point","coordinates":[-99.05817,49.90245]}},{"type":"Feature","properties":{"name":"Kekuli Bay Provincial Park Campground","routes":["C1","CA","CL"],"provs":["BC"],"desc":"description: <br>Type: Provincial Park Campground<br>ID:","sym":"Campground"},"geometry":{"type":"Point","coordinates":[-119.34305,50.18304]}},{"type":"Feature","properties":{"name":"Kelso Beach at Nawash Park","routes":["C2","C3"],"provs":["ON"],"desc":"description: Details from Google Maps<br>2nd Avenue West, Owen Sound, ON N4K 2H4<br>https://www.owensoundtourism.ca/en/explore-owen-sound/parks-recreation/camping-and-rv<br>+1 519-371-9734<br>Type: Municipal Campground<br>ID: 187.0","sym":"Campground"},"geometry":{"type":"Point","coordinates":[-80.94642,44.57969]}},{"type":"Feature","properties":{"name":"Kettle River Recreation Area","routes":["C2"],"provs":["BC"],"desc":"description: <br>Type: Provincial Park Campground<br>ID:","sym":"Campground"},"geometry":{"type":"Point","coordinates":[-118.98135,49.11223]}},{"type":"Feature","properties":{"name":"Kettle River RV Park","routes":["C2","CA"],"provs":["BC"],"desc":"description: Details from Google Maps<br>3255 BC-3, Rock Creek, BC V0H 1Y0<br>kettleriverrv.com<br>+1 250-446-2225<br>Type: Privately Owned Campground<br>ID:","sym":"Campground"},"geometry":{"type":"Point","coordinates":[-118.88635,49.04451]}},{"type":"Feature","properties":{"name":"Kicking Horse Campground","routes":["C1"],"provs":["BC"],"desc":"description: <br>Type: National Park Campground<br>ID:","sym":"Campground"},"geometry":{"type":"Point","coordinates":[-116.43542,51.42308]}},{"type":"Feature","properties":{"name":"Kikomun Creek Recreation Site","routes":["C2"],"provs":["BC"],"desc":"description: (pit toilets)<br>Type: Provincial Park Campground<br>ID:","sym":"Campground"},"geometry":{"type":"Point","coordinates":[-115.22113,49.27894]}},{"type":"Feature","properties":{"name":"Kilby Museum & Campground","routes":["C1","C2"],"provs":["BC"],"desc":"description: <br>Type: Privately Owned Campground<br>ID:","sym":"Campground"},"geometry":{"type":"Point","coordinates":[-121.96244,49.2373]}},{"type":"Feature","properties":{"name":"Kin Beach Provincial Park","routes":["C3"],"provs":["BC"],"desc":"description: https://bcparks.ca/kin-beach-park/#park-camping-details-container<br>Kin Beach Park is a classified as a Class \"C\" park, whereby the park is managed by a local community board. <br>Community Board, Comox, B.C. <br>Park Caretaker <br>Phone: 250-339-6365<br>Type: Provincial Park Campground<br>ID: 264.0","sym":"Campground"},"geometry":{"type":"Point","coordinates":[-124.89731,49.72797]}},{"type":"Feature","properties":{"name":"Kindersley Regional Park Campground1","routes":["C3","CA"],"provs":["SK"],"desc":"description: Details from Google Maps<br>1S1 Ditson Dr, Kindersley, SK S0L 1S1<br>https://kindersleyregionalpark.ca/#park-camping<br>+1 306-463-2788<br>Type: Municipal Campground<br>ID: 67.0","sym":"Campground"},"geometry":{"type":"Point","coordinates":[-109.14464,51.46018]}},{"type":"Feature","properties":{"name":"King's Acres Campground","routes":["C1"],"provs":["SK"],"desc":"description: Details from Google Maps<br>Eastgate Dr, Sherwood No. 159, SK S0G 3Z0<br>www.campkingsacres.com<br>+1 306-522-1619<br>Type: Privately Owned Campground<br>ID: 216.0","sym":"Campground"},"geometry":{"type":"Point","coordinates":[-104.50964,50.4485]}},{"type":"Feature","properties":{"name":"Kinsmen Prince Edward Campground & RV Park","routes":["C3","CA"],"provs":["NL"],"desc":"description: Details from Google Maps<br>NL-440, Corner Brook, NL A2H 6W8<br>www.princeedwardrvpark.com<br>+1 709-637-1580<br>https://www.newfoundlandlabrador.com/plan-and-book/campgrounds/211773<br>Type: Privately Owned Campground<br>ID: 164.0","sym":"Campground"},"geometry":{"type":"Point","coordinates":[-57.8955,48.96395]}},{"type":"Feature","properties":{"name":"Kitty Coleman Beach Provincial Park","routes":["C3"],"provs":["BC"],"desc":"description: ID#266<br>https://bcparks.ca/kitty-coleman-beach-park/#park-camping-details-container<br>As a Class C park, Kitty Coleman is managed by a local community board<br>https://www.facebook.com/kittycolemanpark<br>Type: Provincial Park Campground<br>ID: 266.0","sym":"Campground"},"geometry":{"type":"Point","coordinates":[-124.99676,49.7892]}},{"type":"Feature","properties":{"name":"Kitwanga Municipal Campground","routes":["C3","CA"],"provs":["BC"],"desc":"description: Indicates its free<br>https://www.allstays.com/Campgrounds-details/45402.htm<br>Campground Details:<br>free, 8 sites, May-Sep, All ages, Tents, 745 ft elev, tables, grill, toilets, firewood, (C)<br>Type: Municipal Campground<br>ID: 167.0","sym":"Campground"},"geometry":{"type":"Point","coordinates":[-128.02282,55.11329]}},{"type":"Feature","properties":{"name":"Kitwanga River RV Campground (formerly Cassiar Mountain Rv Park)","routes":["C3","CA"],"provs":["BC"],"desc":"description: (special rate for bicycles) (don't remember source)<br>tenting-yes<br>https://www.allstays.com/Campgrounds-details/13126.htm<br>Details from Google Maps<br>1535 Barcalow Rd, Kitwanga, BC V0J 2A0<br>kitwangarivercampground.com<br>+1 250-849-5799<br>Type: Privately Owned Campground<br>ID: 201.0","sym":"Campground"},"geometry":{"type":"Point","coordinates":[-128.03372,55.11387]}},{"type":"Feature","properties":{"name":"Kluskap Ridge RV and Campground","routes":["C1","C3","CL","CW"],"provs":["NS"],"desc":"description: <br>Type: Privately Owned Campground<br>ID:","sym":"Campground"},"geometry":{"type":"Point","coordinates":[-60.54415,46.27602]}},{"type":"Feature","properties":{"name":"Kokanee Chalets, RV Park and Campground","routes":["C2","CW"],"provs":["BC"],"desc":"description: (washrooms, showers, laundry)<br>Details from Google Maps<br>15981 BC-3A, Crawford Bay, BC V0B 1E0<br>www.kokaneechalets.com<br>+1 250-227-9292<br>Type: Privately Owned Campground<br>ID: 60.0","sym":"Campground"},"geometry":{"type":"Point","coordinates":[-116.82216,49.6719]}},{"type":"Feature","properties":{"name":"Kona Beach Campground and RV Park","routes":["C3"],"provs":["NL"],"desc":"description: Indicates Tent camping https://www.campendium.com/kona-beach-park unofficial page https://www.facebook.com/pages/Kona%20Beach%20Park/1140552335995548<br>Type: Privately Owned Campground<br>ID: 341.0","sym":"Campground"},"geometry":{"type":"Point","coordinates":[-56.0824,49.40297]}},{"type":"Feature","properties":{"name":"Kozy Acres Camping","routes":["C2","CA"],"provs":["NB"],"desc":"description: (Yogi Bear's Jellystone Park Woodstock, New Brunswick)<br>https://jellystoneparknb.com/campsite/<br>Details from Google Maps<br>Tch 2 Exit 191, Woodstock, NB E7M 4E5<br>www.jellystoneparknb.com<br>+1 506-328-6287<br>Type: Privately Owned Campground<br>ID: 374.0","sym":"Campground"},"geometry":{"type":"Point","coordinates":[-67.60501,46.12673]}},{"type":"Feature","properties":{"name":"Kozy Tent & Trailer Park","routes":["C2","CA"],"provs":["BC"],"desc":"description: (laundry, washroom, showers)<br>Type: Privately Owned Campground<br>ID:","sym":"Campground"},"geometry":{"type":"Point","coordinates":[-116.48309,49.09524]}},{"type":"Feature","properties":{"name":"Kumsheen Rafting Resort","routes":["CN"],"provs":["BC"],"desc":"description: <br>Type: Privately Owned Campground<br>ID:","sym":"Campground"},"geometry":{"type":"Point","coordinates":[-121.53648,50.26062]}},{"type":"Feature","properties":{"name":"Lake Apsey Resort","routes":["C1","C2","C3","CN","CL"],"provs":["ON"],"desc":"description: Details from Google Maps<br>400 Apsey Lake Rd, Espanola, ON P5E 1T1<br>www.lakeapseyresort.com<br>+1 705-869-1718<br>Type: Privately Owned Campground<br>ID: 307.0","sym":"Campground"},"geometry":{"type":"Point","coordinates":[-81.74787,46.22992]}},{"type":"Feature","properties":{"name":"Lake Lauzon Resort and Marine1","routes":["C1","C2","C3"],"provs":["ON"],"desc":"description: Details from Google Maps<br>Algoma Mills, ON P0R 1A0<br>www.lakelauzonresort.com<br>+1 705-849-0007<br>Type: Tenting unconfirmed<br>ID:","sym":"Campground"},"geometry":{"type":"Point","coordinates":[-82.78901,46.19461]}},{"type":"Feature","properties":{"name":"Lake Louise Soft-Sided Trailer/Tent Campground1","routes":["C1","C3","CN","CA"],"provs":["AB"],"desc":"description: (Showers, hot/cold water, flush toilets)<br>Details from Google Maps<br>Fairview Rd, Lake Louise, AB T0Lhttps://parks.canada.ca/pn-np/ab/banff/activ/camping#lakelouisesoft<br>Type: National Park Campground<br>ID: 47.0","sym":"Campground"},"geometry":{"type":"Point","coordinates":[-116.17364,51.41763]}},{"type":"Feature","properties":{"name":"Lakeside Campground","routes":["C2","C3"],"provs":["ON"],"desc":"description: https://www.ontarioparks.ca/park/presquile/camping<br>Type: Provincial Park Campground<br>ID:","sym":"Campground"},"geometry":{"type":"Point","coordinates":[-77.7169,43.99101]}},{"type":"Feature","properties":{"name":"Lakeview Park Campground1","routes":["C3","CA"],"provs":["MB"],"desc":"description: Open May to September 30<br>Details from Google Maps<br>West End, 2 Ave, Shoal Lake, MB R0J 1Z0<br>https://www.facebook.com/lakeviewparkcamping/<br>+1 204-761-8228<br>Type: Privately Owned Campground<br>ID: 189.0","sym":"Campground"},"geometry":{"type":"Point","coordinates":[-100.59389,50.43397]}},{"type":"Feature","properties":{"name":"Lakeview Trailer Park","routes":["C1","CA","CL"],"provs":["ON"],"desc":"description: <br>Type: Privately Owned Campground<br>ID:","sym":"Campground"},"geometry":{"type":"Point","coordinates":[-77.819,46.17008]}},{"type":"Feature","properties":{"name":"Lamplighter Campground1","routes":["C1","CA"],"provs":["BC"],"desc":"description: Season Dates*: May 6th 2024 - September 30th 2024 (free wifi, showers, washrooms, coin laundry)<br>Details from Google Maps<br>1760 Nixon Rd, Revelstoke, BC V0E 2S0<br>https://www.lamplightercampground.com/<br>+1 250-837-3385<br>Type: Privately Owned Campground<br>ID: 214.0","sym":"Campground"},"geometry":{"type":"Point","coordinates":[-118.22108,51.00068]}},{"type":"Feature","properties":{"name":"Lancaster Park Outdoor Resort","routes":["C2","CA"],"provs":["ON"],"desc":"description: Details from Google Maps<br>20716 S Service Rd, Lancaster, ON K0C 1N0<br>www.lancasterpark.ca<br>+1 613-347-3452<br>Type: Tenting unconfirmed<br>ID: 70.0","sym":"Campground"},"geometry":{"type":"Point","coordinates":[-74.46985,45.15112]}},{"type":"Feature","properties":{"name":"Lands End Park","routes":["C2","C3","CW"],"provs":["ON"],"desc":"description: <br>Type: Privately Owned Campground<br>ID:","sym":"Campground"},"geometry":{"type":"Point","coordinates":[-81.68331,45.23927]}},{"type":"Feature","properties":{"name":"Lanigan Campground","routes":["C3","CA"],"provs":["SK"],"desc":"description: Details from Google Maps<br>East end of Downing Dr, Lanigan, SK S0K 2M0<br>http://lanigan.ca/recreation/campground/<br>+1 306-365-0000<br>Type: Municipal Campground<br>ID: 158.0","sym":"Campground"},"geometry":{"type":"Point","coordinates":[-105.02106,51.85137]}},{"type":"Feature","properties":{"name":"Lasalle Lakes (West) Recreation Site","routes":["C3"],"provs":["BC"],"desc":"description: (toilets)<br>Details from Google Maps<br>Fraser-Fort George H, BC V0J 2E0https://www.sitesandtrailsbc.ca/search/search-result.aspx?site=REC1314&amp;districtCode=RDHW&amp;type=Site<br>Type: Provincial Park Campground<br>ID: 204.0","sym":"Campground"},"geometry":{"type":"Point","coordinates":[-120.67957,53.52323]}},{"type":"Feature","properties":{"name":"Lazy Rock","routes":["C1"],"provs":["ON"],"desc":"description: <br>Type: Privately Owned Campground<br>ID:","sym":"Campground"},"geometry":{"type":"Point","coordinates":[-78.77804,46.29016]}},{"type":"Feature","properties":{"name":"Lethbridge KOA","routes":["C2","CA"],"provs":["AB"],"desc":"description: formerly (Bridgeview Rv Resort)<br>Details from Google Maps<br>1501 2nd Ave W, Lethbridge, AB T1J 4S5<br>koa.com<br>+1 403-381-2357<br>Type: Privately Owned Campground<br>ID: 56.0","sym":"Campground"},"geometry":{"type":"Point","coordinates":[-112.87293,49.7115]}},{"type":"Feature","properties":{"name":"Lightning Lake Campground","routes":["C1","C2"],"provs":["BC"],"desc":"description: <br>Type: Provincial Park Campground<br>ID:","sym":"Campground"},"geometry":{"type":"Point","coordinates":[-120.84181,49.06094]}},{"type":"Feature","properties":{"name":"Lilac Resort; RV, Lodging and Water Slide Park","routes":["C1","C2","C3"],"provs":["MB"],"desc":"description: <br>Type: Privately Owned Campground<br>ID:","sym":"Campground"},"geometry":{"type":"Point","coordinates":[-96.60126,49.68111]}},{"type":"Feature","properties":{"name":"Linwood Harbour Campground","routes":["C1","C3"],"provs":["NS"],"desc":"description: <br>Type: Privately Owned Campground<br>ID:","sym":"Campground"},"geometry":{"type":"Point","coordinates":[-61.5864,45.63576]}},{"type":"Feature","properties":{"name":"Lion's Head Beach Park Campground","routes":["C2","C3"],"provs":["ON"],"desc":"description: <br>Type: Municipal Campground<br>ID:","sym":"Campground"},"geometry":{"type":"Point","coordinates":[-81.25169,44.98804]}},{"type":"Feature","properties":{"name":"Little Mississippi Resort","routes":["CN"],"provs":["ON"],"desc":"description: https://littlemissresort.com/lander isn't working.<br><br>This page says tenting is permitted<br>https://trailerparkscanada.com/campgrounds-trailer-parks/little-mississippi-resort-campground/<br>Type: Privately Owned Campground<br>ID:","sym":"Campground"},"geometry":{"type":"Point","coordinates":[-77.59948,45.18751]}},{"type":"Feature","properties":{"name":"Little Paradise Park","routes":["C3"],"provs":["NL"],"desc":"description: (maybe an RV Park, but can't be sure, asked on Google maps and facebook page)<br>Details from Google Maps<br>McDougalls, Off Trans Canada HWY, NL, NL A0N 1W0<br>+1 709-955-2682<br>https://www.facebook.com/profile.php?id=100069220413645<br>https://littleparadise.camp.zone/<br>Type: Tenting unconfirmed<br>ID:","sym":"Campground"},"geometry":{"type":"Point","coordinates":[-59.27535,47.75925]}},{"type":"Feature","properties":{"name":"Little Qualicum Falls Campground - Lower Campground (Main operating season 2024: May 15 to October 15)","routes":["C2","C3"],"provs":["BC"],"desc":"description: Details from Google Maps<br>little falls campground, Qualicum, BC V0R 1M0<br>http://www.env.gov.bc.ca/bcparks/explore/parkpgs/little_qualicum_falls/<br>Type: Provincial Park Campground<br>ID: 258.0","sym":"Campground"},"geometry":{"type":"Point","coordinates":[-124.54671,49.31034]}},{"type":"Feature","properties":{"name":"Living Forest Oceanside Campground & RV Park","routes":["C2","C3","CN","CA","CW"],"provs":["BC"],"desc":"description: ID#119 <br>Details from Google Maps<br>6 Maki Rd, Nanaimo, BC V9R 6N7<br>livingforest.com<br>+1 250-755-1755<br>Type: Privately Owned Campground<br>ID: 119.0","sym":"Campground"},"geometry":{"type":"Point","coordinates":[-123.91208,49.13077]}},{"type":"Feature","properties":{"name":"Lochlomond Tenting and Trailer Park","routes":["C3","CA"],"provs":["NS"],"desc":"description: Approved Accommodation #29<br>Details from Google Maps<br>1 Loch Lomond Ln, Amherst, NS B4H 3Y4<br>lochlomondrvpark.com<br>+1 902-667-3890<br>Type: Privately Owned Campground<br>ID: 29.0","sym":"Campground"},"geometry":{"type":"Point","coordinates":[-64.20407,45.80121]}},{"type":"Feature","properties":{"name":"Lockhart Beach Provincial Park","routes":["C2"],"provs":["BC"],"desc":"description: (Boil water from pump, pit toilets)<br>Type: Provincial Park Campground<br>ID:","sym":"Campground"},"geometry":{"type":"Point","coordinates":[-116.78631,49.5087]}},{"type":"Feature","properties":{"name":"Lone Eagle Motel 83 & Campground","routes":["C1"],"provs":["SK"],"desc":"description: <br>Type: Privately Owned Campground<br>ID:","sym":"Campground"},"geometry":{"type":"Point","coordinates":[-107.2173,50.42443]}},{"type":"Feature","properties":{"name":"Loop Brook Campground","routes":["C1"],"provs":["BC"],"desc":"description: <br>Type: National Park Campground<br>ID:","sym":"Campground"},"geometry":{"type":"Point","coordinates":[-117.53737,51.25521]}},{"type":"Feature","properties":{"name":"Lord Selkirk Campground","routes":["C1"],"provs":["PE"],"desc":"description: Details from Google Maps<br>142 Selkirk Park Rd, Belfast, PE C0A 1A0<br>lordselkirkcampground.com<br>+1 902-659-2794<br>Type: Privately Owned Campground<br>ID: 355.0","sym":"Campground"},"geometry":{"type":"Point","coordinates":[-62.91253,46.09442]}},{"type":"Feature","properties":{"name":"Lorne Calvert Campground","routes":["C1","CA"],"provs":["SK"],"desc":"description: (formerly River Park Campground)<br>Type: Municipal Campground<br>ID:","sym":"Campground"},"geometry":{"type":"Point","coordinates":[-105.52176,50.38389]}},{"type":"Feature","properties":{"name":"Lost Lemon Campground & Cabins","routes":["C2","CA"],"provs":["AB"],"desc":"description: Details from Google Maps<br>11001 19 Ave, Blairmore, AB T0K 0E0<br>lostlemon.com<br>+1 403-562-2932<br>Type: Privately Owned Campground<br>ID: 38.0","sym":"Campground"},"geometry":{"type":"Point","coordinates":[-114.46244,49.61386]}},{"type":"Feature","properties":{"name":"Lucerne Campground","routes":["C3"],"provs":["BC"],"desc":"description: \"Two sites are walk-in only and ideal for cyclists. The campground has no running water or flush toilets.\"<br>https://bcparks.ca/mount-robson-park/#park-camping-details-container<br>Type: Provincial Park Campground<br>ID:","sym":"Campground"},"geometry":{"type":"Point","coordinates":[-118.57557,52.8502]}},{"type":"Feature","properties":{"name":"Lundbreck Falls Provincial Recreation Area (no water, yes power, pit toilets)","routes":["C2"],"provs":["AB"],"desc":"description: https://albertaparks.ca/parks/south/lundbreck-falls-pra/information-facilities/camping/lundbreck-falls/<br>Type: Provincial Park Campground<br>ID:","sym":"Campground"},"geometry":{"type":"Point","coordinates":[-114.20188,49.5853]}},{"type":"Feature","properties":{"name":"MacGregor Lions Club Campground","routes":["C1"],"provs":["MB"],"desc":"description: <br>Type: Privately Owned Campground<br>ID:","sym":"Campground"},"geometry":{"type":"Point","coordinates":[-98.77607,49.96963]}},{"type":"Feature","properties":{"name":"MacIver's Motel & Campground","routes":["C1","C2","C3"],"provs":["ON"],"desc":"description: Details from Google Maps<br>26060 Hwy 17 West, Blind River, ON P0R 1B0<br>www.macivers.ca<br>+1 705-356-7411<br>does indicate tenting<br> https://campgrounds.rvlife.com/regions/ontario/blind-river/macivers-motel-campground-13587<br>Type: Privately Owned Campground<br>ID: 328.0","sym":"Campground"},"geometry":{"type":"Point","coordinates":[-83.0248,46.19836]}},{"type":"Feature","properties":{"name":"MacLeod's Beach & Campsite","routes":["C3","CA"],"provs":["NS"],"desc":"description: Details from Google Maps<br>1485 Broad Cove Marsh Rd, Inverness, NS B0E 1N0<br>www.macleodsbeachcampsite.com<br>+1 902-258-2433<br>Type: Privately Owned Campground<br>ID: 351.0","sym":"Campground"},"geometry":{"type":"Point","coordinates":[-61.24218,46.3048]}},{"type":"Feature","properties":{"name":"Malady Head Campground","routes":["C3"],"provs":["NL"],"desc":"description: <br>Type: National Park Campground<br>ID:","sym":"Campground"},"geometry":{"type":"Point","coordinates":[-53.92079,48.6481]}},{"type":"Feature","properties":{"name":"Manitoulin Eco Park & DarkSky1","routes":["C2","C3"],"provs":["ON"],"desc":"description: Details from Google Maps<br>18777 ON-6, Tehkummah, ON P0P 2C0<br>www.manitoulinecopark.com<br>+1 705-859-2470<br>Type: Privately Owned Campground<br>ID: 305.0","sym":"Campground"},"geometry":{"type":"Point","coordinates":[-81.96891,45.6621]}},{"type":"Feature","properties":{"name":"Manitoulin Resort","routes":["C2","C3"],"provs":["ON"],"desc":"description: <br>Type: Privately Owned Campground<br>ID:","sym":"Campground"},"geometry":{"type":"Point","coordinates":[-81.87132,45.75728]}},{"type":"Feature","properties":{"name":"Maple Pool Campground & RV Park","routes":["C3"],"provs":["BC"],"desc":"description: http://www.maplepoolcampsite.com/rates<br>Type: Privately Owned Campground<br>ID:","sym":"Campground"},"geometry":{"type":"Point","coordinates":[-124.99583,49.70328]}},{"type":"Feature","properties":{"name":"Marble Canyon Campground (Kootenay National Park)","routes":["CN"],"provs":["BC"],"desc":"description: (Toilets, water)<br>Type: National Park Campground<br>ID:","sym":"Campground"},"geometry":{"type":"Point","coordinates":[-116.11745,51.18429]}},{"type":"Feature","properties":{"name":"Marina Village Batiscan","routes":["C1","C2","C3"],"provs":["QC"],"desc":"description: <br>Type: Privately Owned Campground<br>ID:","sym":"Campground"},"geometry":{"type":"Point","coordinates":[-72.24469,46.52291]}},{"type":"Feature","properties":{"name":"Mattawa River Resort and Cardinal Restaurant","routes":["C1"],"provs":["ON"],"desc":"description: Details from Google Maps<br>6251 ON-17, Mattawa, ON P0H 1V0<br>https://www.mattawariverresort.com/cardinal-campgrounds<br>+1 705-744-5020<br>Type: Privately Owned Campground<br>ID: 309.0","sym":"Campground"},"geometry":{"type":"Point","coordinates":[-78.81556,46.29005]}},{"type":"Feature","properties":{"name":"McCullough's Landing1","routes":["C3"],"provs":["ON"],"desc":"description: Yes tenting - asked on Google Maps Places<br>Details from Google Maps<br>207 McCulloughs Landng, Perth, ON K7H 3C8<br>mcculloughslandingcampground.ca<br>+1 613-267-4310<br>Type: Privately Owned Campground<br>ID: 318.0","sym":"Campground"},"geometry":{"type":"Point","coordinates":[-76.21742,45.01885]}},{"type":"Feature","properties":{"name":"McLaren Campground","routes":["C2"],"provs":["ON"],"desc":"description: <br>Type: Provincial Park Campground<br>ID:","sym":"Campground"},"geometry":{"type":"Point","coordinates":[-74.96885,44.99024]}},{"type":"Feature","properties":{"name":"McLeod Meadows CG, Kootenay NP","routes":["CN"],"provs":["BC"],"desc":"description: <br>Type: National Park Campground<br>ID:","sym":"Campground"},"geometry":{"type":"Point","coordinates":[-115.946,50.76689]}},{"type":"Feature","properties":{"name":"Meadowlark Campground1","routes":["C1","CA"],"provs":["MB"],"desc":"description: Details from Google Maps<br>100 Meadowlark Trailer Park, Hwy #1, Brandon, MB R7C 0C1<br>https://meadowlarkcampground.ca/rates/<br>+1 204-728-7205<br>more details<br>https://www.travelmanitoba.com/directory/meadowlark-campground/<br>Approved Accommodation #32<br>Type: Privately Owned Campground<br>ID: 32.0","sym":"Campground"},"geometry":{"type":"Point","coordinates":[-99.95626,49.88759]}},{"type":"Feature","properties":{"name":"Meaford Memorial Park","routes":["C3"],"provs":["ON"],"desc":"description: <br>Type: Tenting unconfirmed<br>ID:","sym":"Campground"},"geometry":{"type":"Point","coordinates":[-80.5652,44.60116]}},{"type":"Feature","properties":{"name":"Merrickville Lions Club Campground","routes":["CN"],"provs":["ON"],"desc":"description: Tenting confirmed on Google Maps place page<br>Details from Google Maps<br>10 St John St, Merrickville, ON K0G 1N0<br>www.merrickvillelionscampground.ca<br>+1 613-269-3702<br>Type: Privately Owned Campground<br>ID: 323.0","sym":"Campground"},"geometry":{"type":"Point","coordinates":[-75.83922,44.91647]}},{"type":"Feature","properties":{"name":"Merrickville Lockstation","routes":["CN"],"provs":["ON"],"desc":"description: 6) Allows tent camping for those arriving by water and also for cyclists and hikers.<br>https://www.rideau-info.com/canal/locks/21-23-merrickville.html<br>Details from Google Maps<br>Elgin St, Merrickville-Wolford, ON K0G 1N0<br>https://www.pc.gc.ca/en/lhn-nhs/on/rideau?utm_source=gmb&amp;utm_medium=rideau_lock21to23<br>+1 613-269-4787<br>Type: National Park Campground<br>ID:","sym":"Campground"},"geometry":{"type":"Point","coordinates":[-75.83549,44.91688]}},{"type":"Feature","properties":{"name":"Mile 60 Park Campground1","routes":["C2"],"provs":["MB"],"desc":"description: https://www.facebook.com/mile60park/<br>https://letscamp.ca/camps/mile60park<br>https://www.rmofgrey.ca/p/mile-60-park-campground-bookings<br>Details from Google Maps<br>Grey, MB R0G 1Z0<br>www.rmofgrey.ca<br>Type: Municipal Campground<br>ID: 233.0","sym":"Campground"},"geometry":{"type":"Point","coordinates":[-98.33805,49.66175]}},{"type":"Feature","properties":{"name":"Mille Roches Campground","routes":["C2"],"provs":["ON"],"desc":"description: <br>Type: Provincial Park Campground<br>ID:","sym":"Campground"},"geometry":{"type":"Point","coordinates":[-74.89787,45.01136]}},{"type":"Feature","properties":{"name":"Miller's Camping Resort1","routes":["C1","C3"],"provs":["MB"],"desc":"description: Yes tenting - Google Maps listing<br>Details from Google Maps<br>Transcanada Hwy, Portage la Prairie, MB R1N 3C3<br>www.millerscampground.com<br>+1 204-857-4255<br>Type: Privately Owned Campground<br>ID: 292.0","sym":"Campground"},"geometry":{"type":"Point","coordinates":[-98.13697,49.97391]}},{"type":"Feature","properties":{"name":"Mine Centre Resort","routes":["C2"],"provs":["ON"],"desc":"description: Yes tenting (according to Google Places Q&amp;A)<br>Details from Google Maps<br>Mine Centre, ON P0W 1H0<br>https://www.facebook.com/MineCentreResort/<br>+1 807-275-8170<br>Type: Privately Owned Campground<br>ID: 300.0","sym":"Campground"},"geometry":{"type":"Point","coordinates":[-92.6216,48.75875]}},{"type":"Feature","properties":{"name":"Minnedosa Beach Campground","routes":["C3"],"provs":["MB"],"desc":"description: <br>Type: Municipal Campground<br>ID:","sym":"Campground"},"geometry":{"type":"Point","coordinates":[-99.82037,50.26042]}},{"type":"Feature","properties":{"name":"Miracle Beach Provincial Park","routes":["C3"],"provs":["BC"],"desc":"description: \"There are three walk-in or cycle-in campsites at this park.\"<br>https://bcparks.ca/miracle-beach-park/#park-camping-details-container<br>Type: Provincial Park Campground<br>ID: 267.0","sym":"Campground"},"geometry":{"type":"Point","coordinates":[-125.09731,49.84835]}},{"type":"Feature","properties":{"name":"Miramichi Treehouse & Camping Adventures1","routes":["C1","C3","CA"],"provs":["NB"],"desc":"description: Details from Google Maps<br>116 N Black River Rd, Black River Bridge, NB E1N 5S4<br>www.campingmiramichi.com<br>+1 506-773-6252<br>Type: Privately Owned Campground<br>ID: 191.0","sym":"Campground"},"geometry":{"type":"Point","coordinates":[-65.32418,46.97693]}},{"type":"Feature","properties":{"name":"Mirror Lake Resort Campground ~ Pass Lake, ON","routes":["C1","C2","C3"],"provs":["ON"],"desc":"description: https://lakesuperiorcircletour.info/location/mirror-lake-resort-and-campground/<br>Type: Privately Owned Campground<br>ID:","sym":"Campground"},"geometry":{"type":"Point","coordinates":[-88.75497,48.62459]}},{"type":"Feature","properties":{"name":"Misty Isles Lodge","routes":["C2"],"provs":["ON"],"desc":"description: <br>Type: Tenting unconfirmed<br>ID:","sym":"Campground"},"geometry":{"type":"Point","coordinates":[-76.09533,44.3486]}},{"type":"Feature","properties":{"name":"Monarch Campground","routes":["C1"],"provs":["BC"],"desc":"description: <br>Type: National Park Campground<br>ID:","sym":"Campground"},"geometry":{"type":"Point","coordinates":[-116.44334,51.42141]}},{"type":"Feature","properties":{"name":"Moonlight Bay Tent & Trailer Park","routes":["CN"],"provs":["ON"],"desc":"description: <br>Type: Privately Owned Campground<br>ID:","sym":"Campground"},"geometry":{"type":"Point","coordinates":[-78.20982,45.01289]}},{"type":"Feature","properties":{"name":"Moosomin & District Regional Park1","routes":["C1","CA"],"provs":["SK"],"desc":"description: Details from Google Maps<br>801 Main St, Moosomin, SK S0G 3N0<br>moosominregionalpark.com<br>+1 306-435-3531<br>Type: Regional Park Campground<br>ID: 198.0","sym":"Campground"},"geometry":{"type":"Point","coordinates":[-101.70757,50.07572]}},{"type":"Feature","properties":{"name":"Motel Camping des Anc\u00eatres (campground)","routes":["C3"],"provs":["QC"],"desc":"description: <br>Type: Privately Owned Campground<br>ID:","sym":"Campground"},"geometry":{"type":"Point","coordinates":[-64.5419,49.07366]}},{"type":"Feature","properties":{"name":"Motel M\u00e9tis- Camping (campground)","routes":["C1","C3"],"provs":["QC"],"desc":"description: <br>Type: Privately Owned Campground<br>ID:","sym":"Campground"},"geometry":{"type":"Point","coordinates":[-68.11417,48.63513]}},{"type":"Feature","properties":{"name":"Motels Camping Des Flots Bleus","routes":["C1","C3"],"provs":["QC"],"desc":"description: <br>Type: Privately Owned Campground<br>ID:","sym":"Campground"},"geometry":{"type":"Point","coordinates":[-69.25979,48.09066]}},{"type":"Feature","properties":{"name":"Mount Baker RV Park","routes":["C2","CN"],"provs":["BC"],"desc":"description: Details from Google Maps<br>1501 1st St S, Cranbrook, BC V1C 1B7<br>cranbrooktourism.com<br>+1 778-687-4833<br>Type: Municipal Campground<br>ID: 55.0","sym":"Campground"},"geometry":{"type":"Point","coordinates":[-115.76067,49.51005]}},{"type":"Feature","properties":{"name":"Mount Fernie Provincial Campground","routes":["C2","CA"],"provs":["BC"],"desc":"description: (water, showers)<br>https://bcparks.ca/mount-fernie-park/#park-camping-details-container<br>Type: Provincial Park Campground<br>ID:","sym":"Campground"},"geometry":{"type":"Point","coordinates":[-115.09346,49.48722]}},{"type":"Feature","properties":{"name":"Mount Kerkeslin Campground","routes":["C3"],"provs":["AB"],"desc":"description: Open: May 29 to September 2, 2024<br> Reservable: All sites available on a First Come, First Served basis. No reservations possible.<br> Sites: 42<br><br> Fees: See full list of camping fees here<br> Site type:<br> Unserviced, with fire pit<br><br>This shaded campground is an excellent stop-over for tenters and RVers looking for peace and quiet along the Icefields Parkway. Located along the Athabasca River, it is just a short drive from the iconic Athabasca Falls and only 34 km from the town of Jasper.<br><br>Best suited for tents as well asmotorhomes and trailers under 27 feet.<b\u2026","sym":"Campground"},"geometry":{"type":"Point","coordinates":[-117.86712,52.63363]}},{"type":"Feature","properties":{"name":"Mountain Park Resort","routes":["C2","CA"],"provs":["BC"],"desc":"description: (store, washrooms, laundry)<br>Type: Privately Owned Campground<br>ID:","sym":"Campground"},"geometry":{"type":"Point","coordinates":[-116.45425,49.10299]}},{"type":"Feature","properties":{"name":"Mountain Shadows Campground","routes":["C2"],"provs":["BC"],"desc":"description: <br>Type: Privately Owned Campground<br>ID:","sym":"Campground"},"geometry":{"type":"Point","coordinates":[-114.89048,49.72007]}},{"type":"Feature","properties":{"name":"Moyie Lake Provincial Park Campground","routes":["C2"],"provs":["BC"],"desc":"description: (cold water taps, flush toilets, showers)<br>https://bcparks.ca/moyie-lake-park/#park-camping-details-container<br>Type: Provincial Park Campground<br>ID:","sym":"Campground"},"geometry":{"type":"Point","coordinates":[-115.84408,49.371]}},{"type":"Feature","properties":{"name":"Mule Deer Campground","routes":["C1","C2","CA"],"provs":["BC"],"desc":"description: Approved Accommodation #12<br>Details from Google Maps<br>516 Crowsnest Hwy, Manning Park, BC V0X 1R0<br>https://bcparks.ca/ec-manning-park/<br>+1 604-668-5953<br>Type: Provincial Park Campground<br>ID: 12.0","sym":"Campground"},"geometry":{"type":"Point","coordinates":[-120.68149,49.09013]}},{"type":"Feature","properties":{"name":"Mulherin Campground","routes":["C2","CA"],"provs":["NB"],"desc":"description: Comfort &amp; Convenience:. Clean rest-rooms complete with hot showers.<br> Coin operated laundry facility.<br> Canteen on site selling: Firewood, Ice, Ice Cream, Candy and other camping supplies.<br> Payphone<br> Fire Pits<br> Dumping Station<br>https://mulherinscampground.com/<br>Details from Google Maps<br>170 Mccluskey Rd, Grand Falls, NB E3Z 1L3<br>mulherinscampground.com<br>+1 506-473-3050<br>Type: Privately Owned Campground<br>ID: 365.0","sym":"Campground"},"geometry":{"type":"Point","coordinates":[-67.76473,46.98205]}},{"type":"Feature","properties":{"name":"Murphys Point Provincial Park - Hogg Bay Campground","routes":["C3"],"provs":["ON"],"desc":"description: Details from Google Maps<br>2243 Elm Grove Rd, Perth, ON K7H 3C7<br>https://www.ontarioparks.ca/park/murphyspoint/camping<br>Type: Provincial Park Campground<br>ID: 319.0","sym":"Campground"},"geometry":{"type":"Point","coordinates":[-76.22978,44.77835]}},{"type":"Feature","properties":{"name":"Murray Beach Provincial Park Campground","routes":["C1"],"provs":["NB"],"desc":"description: <br>Type: Provincial Park Campground<br>ID:","sym":"Campground"},"geometry":{"type":"Point","coordinates":[-63.97956,46.17755]}},{"type":"Feature","properties":{"name":"Nancy Greene Provincial Park Campground","routes":["C2"],"provs":["BC"],"desc":"description: \"A hand pump is available in the park. Interior Health has issued a permanent \u201cboil water\u201d advisory on this source.\"<br>https://bcparks.ca/nancy-greene-park/#park-camping-details-container (Hand Pump BOIL WATER ADVISIORY, pit toilets)<br>Type: Provincial Park Campground<br>ID:","sym":"Campground"},"geometry":{"type":"Point","coordinates":[-117.94113,49.25931]}},{"type":"Feature","properties":{"name":"Nature\u2019s Inn Dryden \u2013 RV Park","routes":["C1","C3","CA"],"provs":["ON"],"desc":"description: from the Google Maps Questions, tenting is permitted<br>Type: Privately Owned Campground<br>ID:","sym":"Campground"},"geometry":{"type":"Point","coordinates":[-92.83519,49.76122]}},{"type":"Feature","properties":{"name":"Nelson City Campground","routes":["C2"],"provs":["BC"],"desc":"description: <br>Type: Municipal Campground<br>ID:","sym":"Campground"},"geometry":{"type":"Point","coordinates":[-117.28666,49.49764]}},{"type":"Feature","properties":{"name":"Newman Sound Campground","routes":["C3","CA"],"provs":["NL"],"desc":"description: Terra Nova National Park - Newman Sound Campground (Mallorytown)<br>Details from Google Maps<br>Trans-Canada Hwy, Mallorytown, NL A0C 1L0<br>https://parks.canada.ca/pn-np/nl/terranova/activ/camping/ns<br>+1 877-737-3783<br>Type: National Park Campground<br>ID: 184.0","sym":"Campground"},"geometry":{"type":"Point","coordinates":[-53.97437,48.54317]}},{"type":"Feature","properties":{"name":"Neys Lunch & Campground","routes":["C1","C2","C3"],"provs":["ON"],"desc":"description: https://ca.wikicamps.co/site/Ontario/Caravan+Park/Neys+Lunch+%26amp%3B+Campground/253<br>https://campgrounds.notjustfishing.com/neyslunch-campground.shtml<br>Type: Privately Owned Campground<br>ID:","sym":"Campground"},"geometry":{"type":"Point","coordinates":[-86.58685,48.7809]}},{"type":"Feature","properties":{"name":"Neys Provincial Park - Area 1 Campground","routes":["C1","C2","C3"],"provs":["ON"],"desc":"description: <br>Type: Provincial Park Campground<br>ID:","sym":"Campground"},"geometry":{"type":"Point","coordinates":[-86.6201,48.78391]}},{"type":"Feature","properties":{"name":"Night Sky Campground1","routes":["C2","CA"],"provs":["BC"],"desc":"description: (power, water)<br>Details from Google Maps<br>400 1 St, Greenwood, BC V0H 1J0<br>www.nightskycampground.ca<br>+1 780-814-2935<br>Type: Privately Owned Campground<br>ID: 272.0","sym":"Campground"},"geometry":{"type":"Point","coordinates":[-118.68958,49.0754]}},{"type":"Feature","properties":{"name":"Nimpkish Recreation Area","routes":["C3"],"provs":["BC"],"desc":"description: location unconfirmed<br>\"Wilderness camping<br><br>There are no designated campsites at this park, however random wilderness camping is allowed. No facilities are provided. Please practice \u201c Leave No Trace\u201d camping ethics.<br>\"<br>https://bcparks.ca/nimpkish-lake-park/#park-facility-container<br>Details from Google Maps<br>83MH+MG, Nimpkish, BC V0N 1A0<br>Type: Provincial Park Campground<br>ID: 269.0","sym":"Campground"},"geometry":{"type":"Point","coordinates":[-126.9225,50.33462]}},{"type":"Feature","properties":{"name":"Nipigon Marina Campground","routes":["C1","C2","C3","CA"],"provs":["ON"],"desc":"description: Details from Google Maps<br>Nipigon, ON P0T 2J0<br>https://www.nipigon.net/play-explore/facilities/nipigon-marina<br>+1 807-887-3040<br>Type: Municipal Campground<br>ID: 174.0","sym":"Campground"},"geometry":{"type":"Point","coordinates":[-88.25737,49.00843]}},{"type":"Feature","properties":{"name":"Nk'mip Campgrounds","routes":["C2","CA"],"provs":["BC"],"desc":"description: (water, wifi, showers)<br>Details from Google Maps<br>8000 45 St, Osoyoos, BC V0H 1V6<br>campingosoyoos.com<br>+1 250-495-7279<br>Type: Privately Owned Campground<br>ID: 137.0","sym":"Campground"},"geometry":{"type":"Point","coordinates":[-119.44077,49.03859]}},{"type":"Feature","properties":{"name":"North Star Lake Recreation Site","routes":["C2"],"provs":["BC"],"desc":"description: (pit toilets)<br>Type: Provincial Park Campground<br>ID:","sym":"Campground"},"geometry":{"type":"Point","coordinates":[-115.26847,49.34487]}},{"type":"Feature","properties":{"name":"North Sydney / Cabot Trail KOA","routes":["C1","C3","CL","CW"],"provs":["NS"],"desc":"description: Details from Google Maps<br>3779 New Harris Rd, New Harris, NS B1X 1T1<br>https://koa.com/campgrounds/north-sydney/<br>+1 800-562-7452<br>Type: Privately Owned Campground<br>ID: 247.0","sym":"Campground"},"geometry":{"type":"Point","coordinates":[-60.49868,46.24068]}},{"type":"Feature","properties":{"name":"Northumberland Provincial Park","routes":["C1","CW"],"provs":["PE"],"desc":"description: June \u2013 September<br>Details from Google Maps<br>12547 PE-4, Belle River, PE C0A 1B0<br>www.tourismpei.com<br>+1 902-962-7418<br>Type: Provincial Park Campground<br>ID: 353.0","sym":"Campground"},"geometry":{"type":"Point","coordinates":[-62.71774,45.96664]}},{"type":"Feature","properties":{"name":"Notre Dame Provincial Park1","routes":["C3"],"provs":["NL"],"desc":"description: Details from Google Maps<br>Trans-Canada Hwy, Lewisporte, NL A0G 3A0<br>https://www.parksnl.ca/parks/notre-dame-provincial-park/<br>+1 709-535-2379<br>Type: Provincial Park Campground<br>ID: 340.0","sym":"Campground"},"geometry":{"type":"Point","coordinates":[-55.08022,49.1178]}},{"type":"Feature","properties":{"name":"Oasis Motel & Campground (CG)","routes":["C1","C3","CN","CA"],"provs":["NS"],"desc":"description: <br>Type: Privately Owned Campground<br>ID:","sym":"Campground"},"geometry":{"type":"Point","coordinates":[-61.94346,45.60361]}},{"type":"Feature","properties":{"name":"Ocean View Park","routes":["C1","CA"],"provs":["NB"],"desc":"description: <br>Type: Privately Owned Campground<br>ID:","sym":"Campground"},"geometry":{"type":"Point","coordinates":[-64.39374,46.21982]}},{"type":"Feature","properties":{"name":"Ofty's Riverside Campground","routes":["C3"],"provs":["MB"],"desc":"description: <br>Type: Privately Owned Campground<br>ID:","sym":"Campground"},"geometry":{"type":"Point","coordinates":[-98.5496,50.15029]}},{"type":"Feature","properties":{"name":"Ogema Regional Park & Campground","routes":["C2"],"provs":["SK"],"desc":"description: <br>Type: Municipal Campground<br>ID:","sym":"Campground"},"geometry":{"type":"Point","coordinates":[-104.91529,49.57194]}},{"type":"Feature","properties":{"name":"Ojibway Tent & Trailer Park","routes":["C1","C2","C3"],"provs":["ON"],"desc":"description: <br>Type: Privately Owned Campground<br>ID:","sym":"Campground"},"geometry":{"type":"Point","coordinates":[-84.08995,46.50429]}},{"type":"Feature","properties":{"name":"Okanagan Lake Provincial Park North Campground","routes":["C1"],"provs":["BC"],"desc":"description: <br>Type: Provincial Park Campground<br>ID:","sym":"Campground"},"geometry":{"type":"Point","coordinates":[-119.73337,49.69115]}},{"type":"Feature","properties":{"name":"Okanagan Lake Provincial Park South","routes":["C1"],"provs":["BC"],"desc":"description: <br>Type: Provincial Park Campground<br>ID:","sym":"Campground"},"geometry":{"type":"Point","coordinates":[-119.72347,49.68351]}},{"type":"Feature","properties":{"name":"Old Hedley Road East Recreation Site","routes":["C1","C2"],"provs":["BC"],"desc":"description: <br>Type: Provincial Park Campground<br>ID:","sym":"Campground"},"geometry":{"type":"Point","coordinates":[-120.17775,49.3824]}},{"type":"Feature","properties":{"name":"Old Hedley Road West Recreation Site","routes":["C1","C2"],"provs":["BC"],"desc":"description: <br>Type: Provincial Park Campground<br>ID:","sym":"Campground"},"geometry":{"type":"Point","coordinates":[-120.1916,49.38371]}},{"type":"Feature","properties":{"name":"Oldman River Provincial Recreation Area (no water, pit toilets)","routes":["C2"],"provs":["AB"],"desc":"description: no water / pit toilets <br>\"Sewage\t<br><br>The sewage disposal station here is permanently closed. The nearby Town of Fort Macleod operates a public sewage disposal and potable water station (located on the east side of the town next to Mac's Convenience Store).<br>Water<br><br>You are expected to bring your own water. Government of Alberta regulations require that water from pumps/taps like the one located here NOT be used for drinking, cooking or washing (including brushing teeth and washing dishes). Water from the pump/tap onsite can only be used for purposes like putting out a\u2026","sym":"Campground"},"geometry":{"type":"Point","coordinates":[-113.45115,49.71854]}},{"type":"Feature","properties":{"name":"Osborne Bay Resort","routes":["C3"],"provs":["BC"],"desc":"description: https://www.osbornebayresort.com/camping<br>Type: Privately Owned Campground<br>ID:","sym":"Campground"},"geometry":{"type":"Point","coordinates":[-123.6385,48.8629]}},{"type":"Feature","properties":{"name":"Otentik Upper Nicholsons, Parc Canada - lieu historique du Canal Rideau","routes":["CN"],"provs":["ON"],"desc":"description: 5) Allows tent camping for those arriving by water and also for cyclists and hikers.<br>https://www.rideau-info.com/canal/locks/19-uppernicholsons.html<br>Details from Google Maps<br>121 Andrewsville Rd, Merrickville-Wolford, ON K0G 1N0<br>https://parks.canada.ca/lhn-nhs/on/rideau/activ/camping/otentik<br>+1 877-737-3783<br>Type: National Park Campground<br>ID:","sym":"Campground"},"geometry":{"type":"Point","coordinates":[-75.81759,44.95038]}},{"type":"Feature","properties":{"name":"Outpost Camping","routes":["C1","C2"],"provs":["BC"],"desc":"description: <br>Type: Privately Owned Campground<br>ID:","sym":"Campground"},"geometry":{"type":"Point","coordinates":[-120.21601,49.39679]}},{"type":"Feature","properties":{"name":"Owen Sound KOA Journey","routes":["C2","C3"],"provs":["ON"],"desc":"description: <br>Type: Privately Owned Campground<br>ID:","sym":"Campground"},"geometry":{"type":"Point","coordinates":[-80.88314,44.56582]}},{"type":"Feature","properties":{"name":"Owl's Nest Campground","routes":["C2"],"provs":["AB"],"desc":"description: yes tenting, but stay on gravel<br>Approved Accommodation #195<br>Details from Google Maps<br>505 20th Ave, Coaldale, AB T1M 1R5<br>www.owlsnestcampground.ca<br>+1 403-635-6378<br>Type: Privately Owned Campground<br>ID: 195.0","sym":"Campground"},"geometry":{"type":"Point","coordinates":[-112.59528,49.72717]}},{"type":"Feature","properties":{"name":"Ox 'n' Cart Lions Campground","routes":["C1","CA"],"provs":["MB"],"desc":"description: <br>Type: Privately Owned Campground<br>ID:","sym":"Campground"},"geometry":{"type":"Point","coordinates":[-100.64461,49.7677]}},{"type":"Feature","properties":{"name":"Painted Rock Campground","routes":["C3"],"provs":["SK"],"desc":"description: from (2019)<br><br>Rates are $25 for a tent unit $30 for an rv unit and $35 for full water &amp; sewer hook up. (Full hook up is limited).<br>Type: Privately Owned Campground<br>ID:","sym":"Campground"},"geometry":{"type":"Point","coordinates":[-105.95559,51.98162]}},{"type":"Feature","properties":{"name":"Pair-a-Dice RV Park & Campground1","routes":["C2","CA"],"provs":["BC"],"desc":"description: (free showers, laundromat, store, wifi)<br>Details from Google Maps<br>1322 Northwest Blvd, Creston, BC V0B 1G6<br>www.pairadicepark.com<br>+1 866-223-3423<br>Type: Privately Owned Campground<br>ID: 48.0","sym":"Campground"},"geometry":{"type":"Point","coordinates":[-116.52305,49.11106]}},{"type":"Feature","properties":{"name":"Pancake Bay Provincial Park - no pancakes :(","routes":["C1","C2","C3"],"provs":["ON"],"desc":"description: no pancakes :(<br>Details from Google Maps<br>12729 Hwy 17N, Batchawana Bay, ON P0S 1A0<br>www.ontarioparks.com<br>+1 705-882-2209<br>Type: Provincial Park Campground<br>ID: 302.0","sym":"Campground"},"geometry":{"type":"Point","coordinates":[-84.68711,46.96934]}},{"type":"Feature","properties":{"name":"Pangman Campground and RV Park","routes":["C2"],"provs":["SK"],"desc":"description: Confirmed on facebook - does have an outhouse<br>Details from Google Maps<br>309 Mergens St, Pangman, SK S0C 2C0<br>www.tourismsaskatchewan.com<br>+1 403-415-5030<br>Municipal Campground<br>iOverlander has a review for it, so it might not be closed https://www.ioverlander.com/places/278235-pangman-camping<br>Type: Municipal Campground<br>ID: 223.0","sym":"Campground"},"geometry":{"type":"Point","coordinates":[-104.66216,49.64426]}},{"type":"Feature","properties":{"name":"Panoramic Camping","routes":["C2","CA"],"provs":["NB"],"desc":"description: Tenting confirmed on Google Maps question/answer<br>Details from Google Maps<br>86 Chem. Albert, Paroisse de Saint-Jacques, NB E7B 1Z5<br>www.facebook.com<br>+1 506-739-6544<br>Type: Privately Owned Campground<br>ID: 361.0","sym":"Campground"},"geometry":{"type":"Point","coordinates":[-68.37433,47.41867]}},{"type":"Feature","properties":{"name":"Paradise Corner RV Campground","routes":["C3","CA"],"provs":["AB"],"desc":"description: indicates Tenting permitted https://www.travelalberta.com/listings/paradise-corner-rv-campground-12781<br>Type: Privately Owned Campground<br>ID:","sym":"Campground"},"geometry":{"type":"Point","coordinates":[-111.94332,51.63462]}},{"type":"Feature","properties":{"name":"Parc & Mer Mont-Louis","routes":["C3"],"provs":["QC"],"desc":"description: Note that our geographical location causes strong winds several times a week.<br>We recommend tents of the \u201crangum\u201d type.<br>https://parcetmer.com/services/#camping<br>Type: Privately Owned Campground<br>ID:","sym":"Campground"},"geometry":{"type":"Point","coordinates":[-65.71874,49.23658]}},{"type":"Feature","properties":{"name":"Parc De L'Ile Saint-Quentin","routes":["C1","C2","C3","CN","CA","CW"],"provs":["QC"],"desc":"description: Details from Google Maps<br>10 Pl. de la Rosalie, Trois-Rivi\u00e8res, QC G9A 5K2<br>www.ilesaintquentin.com<br>+1 819-373-8151<br>Type: Tenting unconfirmed<br>ID:","sym":"Campground"},"geometry":{"type":"Point","coordinates":[-72.52154,46.35188]}},{"type":"Feature","properties":{"name":"Parc du Mont-Citadelle","routes":["C2"],"provs":["QC"],"desc":"description: <br>Type: Privately Owned Campground<br>ID:","sym":"Campground"},"geometry":{"type":"Point","coordinates":[-69.18812,47.72616]}},{"type":"Feature","properties":{"name":"Parc national du Bic","routes":["C1","C3"],"provs":["QC"],"desc":"description: This campground offers<br>286 sites<br>Laundry room<br>In addition, as a Bienvenue cyclistes!-certified campground, it offers<br>*A pump and basic tools for minor repairs<br>A camping space, even without a reservation, if you are travelling exclusively by bicycle<br>A sheltered location where you can eat during inclement weather<br>Information about local bicycle networks and cycling services in the area<br>https://www.routeverte.com/en/hebergements/parc-national-du-bic-2/<br>Type: Approved Accommodation (campground)<br>ID:","sym":"Campground"},"geometry":{"type":"Point","coordinates":[-68.75517,48.35445]}},{"type":"Feature","properties":{"name":"Parlee Beach Provincial Park Camping","routes":["C1","C3","CN","CA"],"provs":["NB"],"desc":"description: <br>Type: Provincial Park Campground<br>ID:","sym":"Campground"},"geometry":{"type":"Point","coordinates":[-64.50363,46.22987]}},{"type":"Feature","properties":{"name":"PassCreek Campground","routes":["C2","CA"],"provs":["BC"],"desc":"description: (flush toilets, showers, UV treated water) (1090 Parkside Rd, Castlegar, BC V1N 4T7) Approved Accommodation #3<br>Details from Google Maps<br>1090 Parkside Rd, Castlegar, BC V1N 4T7<br>passcreekcampground.weebly.com<br>+1 250-304-4602<br>Type: Municipal Campground<br>ID: 35.0","sym":"Campground"},"geometry":{"type":"Point","coordinates":[-117.66261,49.33794]}},{"type":"Feature","properties":{"name":"Pathfinder Camp Resorts - Agassiz-Harrison","routes":["C1","C2"],"provs":["BC"],"desc":"description: stay reported in 2024 https://www.facebook.com/ogr.rides/posts/pfbid0r4AeCUQMMWsniHL939xrNSykrjjXPzuTHxcGB1MCVVH4oaB4c6tvw6pMgEq6FiBUl<br>Type: Privately Owned Campground<br>ID:","sym":"Campground"},"geometry":{"type":"Point","coordinates":[-121.79067,49.24327]}},{"type":"Feature","properties":{"name":"Pawgwasheeng Pow Wow area - Pays Plat First Nation (Camping permitted - ask at Variety store)","routes":["C1","C2","C3"],"provs":["ON"],"desc":"description: Pawgwasheeng Pow Wow area - Pays Plat First Nation (Camping permitted - ask at Variety store)<br>Type: Privately Owned Campground<br>ID:","sym":"Campground"},"geometry":{"type":"Point","coordinates":[-87.55842,48.8816]}},{"type":"Feature","properties":{"name":"Peach Orchard Campsite","routes":["C1"],"provs":["BC"],"desc":"description: yes tenting - asked on Google Maps<br>Details from Google Maps<br>6321 Peach Orchard Rd, Summerland, BC V0H 1Z6<br>www.summerland.ca<br>+1 250-494-9649<br>Type: Municipal Campground<br>ID: 370.0","sym":"Campground"},"geometry":{"type":"Point","coordinates":[-119.65886,49.60982]}},{"type":"Feature","properties":{"name":"Peanut Hills Campground","routes":["C1","CA"],"provs":["SK"],"desc":"description: <br>Type: Privately Owned Campground<br>ID:","sym":"Campground"},"geometry":{"type":"Point","coordinates":[-105.4994,50.40445]}},{"type":"Feature","properties":{"name":"Penn Lake Park And Campground1","routes":["C1","C2","C3","CA"],"provs":["ON"],"desc":"description: Details from Google Maps<br>61 Penn Lake Rd, Marathon, ON P0T 2E0<br>https://www.marathon.ca/en/explore-and-play/camping-at-penn-lake-park.aspx<br>+1 807-229-1340<br>Type: Municipal Campground<br>ID: 122.0","sym":"Campground"},"geometry":{"type":"Point","coordinates":[-86.3637,48.71659]}},{"type":"Feature","properties":{"name":"Penner Oil Campground","routes":["C1","CA"],"provs":["SK"],"desc":"description: (unconfirmed if still exists)<br>Details from Google Maps<br>SK-19, Chaplin, SK S0H 0V0<br>+1 306-395-2230<br>Type: Tenting unconfirmed<br>ID:","sym":"Campground"},"geometry":{"type":"Point","coordinates":[-106.6469,50.46128]}},{"type":"Feature","properties":{"name":"Petit-Gasp\u00e9 Campground","routes":["C3","CA","CL"],"provs":["QC"],"desc":"description: <br>Type: National Park Campground<br>ID:","sym":"Campground"},"geometry":{"type":"Point","coordinates":[-64.25941,48.81067]}},{"type":"Feature","properties":{"name":"Pickard Creek Recreation Site","routes":["C1","C2"],"provs":["BC"],"desc":"description: <br>Type: Provincial Park Campground<br>ID:","sym":"Campground"},"geometry":{"type":"Point","coordinates":[-120.14584,49.37447]}},{"type":"Feature","properties":{"name":"Pierre's Point Campground","routes":["CN","CA"],"provs":["BC"],"desc":"description: (power, water, coin showers, laundry, store)<br>Details from Google Maps<br>2569 Campground Rd, Salmon Arm, BC V1E 3A2<br>pierresptcampground.ca<br>+1 250-253-1340<br>Type: Privately Owned Campground<br>ID: 210.0","sym":"Campground"},"geometry":{"type":"Point","coordinates":[-119.31791,50.74115]}},{"type":"Feature","properties":{"name":"Pine Sunset Lodge","routes":["C1","C3"],"provs":["ON"],"desc":"description: <br>Type: Tenting unconfirmed<br>ID:","sym":"Campground"},"geometry":{"type":"Point","coordinates":[-92.49879,49.65784]}},{"type":"Feature","properties":{"name":"Pine Valley Resort & Campground","routes":["C1","CA","CL"],"provs":["ON","QC"],"desc":"description: <br>Type: Privately Owned Campground<br>ID:","sym":"Campground"},"geometry":{"type":"Point","coordinates":[-77.87699,46.1996]}},{"type":"Feature","properties":{"name":"Pinecrest Resort","routes":["C2"],"provs":["ON"],"desc":"description: (tenting rates not available on website)<br>https://www.pinecrestresort.ca/rv-tent-camping/<br>Type: Privately Owned Campground<br>ID:","sym":"Campground"},"geometry":{"type":"Point","coordinates":[-76.25439,44.30869]}},{"type":"Feature","properties":{"name":"Pinecrest Tent & Trailer Park","routes":["C1","C2","C3","CA"],"provs":["ON"],"desc":"description: Yes tenting https://www.campendium.com/pinecrest-tent-trailer-park<br>Details from Google Maps<br>12519 ON-17, Thessalon, ON P0R 1L0<br>https://www.facebook.com/pinecresttentandtrailerpark/<br>+1 705-842-2635<br>Type: Privately Owned Campground<br>ID: 304.0","sym":"Campground"},"geometry":{"type":"Point","coordinates":[-83.5854,46.27684]}},{"type":"Feature","properties":{"name":"Pinegrove Campground & RV Park","routes":["CN","CW"],"provs":["BC"],"desc":"description: https://www.pinegrovecampground.net/rates<br>Details from Google Maps<br>421 Walterdale Rd, McLure, BC V0E 2H0<br>www.pinegrovecampground.net<br>+1 250-672-5529<br>Type: Privately Owned Campground<br>ID: 212.0","sym":"Campground"},"geometry":{"type":"Point","coordinates":[-120.22337,51.01097]}},{"type":"Feature","properties":{"name":"Piper's Glen Resort","routes":["C3"],"provs":["BC"],"desc":"description: (wifi, showers, toilets, water)<br>Details from Google Maps<br>14108 BC-16, Fort Fraser, BC V0J 1N0<br>www.pipersglenresort.com<br>+1 250-690-7565<br>Type: Privately Owned Campground<br>ID: 203.0","sym":"Campground"},"geometry":{"type":"Point","coordinates":[-124.64615,54.06253]}},{"type":"Feature","properties":{"name":"Pipestone Community Campground","routes":["C2"],"provs":["MB"],"desc":"description: <br>Type: Municipal Campground<br>ID:","sym":"Campground"},"geometry":{"type":"Point","coordinates":[-100.94716,49.55998]}},{"type":"Feature","properties":{"name":"Pippy Park Campgrounds and Trailer Park","routes":["C1","C3","CA"],"provs":["NL"],"desc":"description: Details from Google Maps<br>34 Nagles Pl, St. John's, NL A1B 3T2<br>www.pippypark.com<br>+1 709-737-3669<br>Type: Privately Owned Campground<br>ID: 248.0","sym":"Campground"},"geometry":{"type":"Point","coordinates":[-52.73229,47.58166]}},{"type":"Feature","properties":{"name":"Plage Saint-Pierre Beach & Campground","routes":["C3"],"provs":["NS"],"desc":"description: <br>Type: Privately Owned Campground<br>ID:","sym":"Campground"},"geometry":{"type":"Point","coordinates":[-61.04538,46.60848]}},{"type":"Feature","properties":{"name":"Point Campground Taylor","routes":["C3"],"provs":["QC"],"desc":"description: <br>Type: Privately Owned Campground<br>ID:","sym":"Campground"},"geometry":{"type":"Point","coordinates":[-65.84572,48.15133]}},{"type":"Feature","properties":{"name":"Point Park Tenting Area","routes":["C2","CA"],"provs":["ON"],"desc":"description: Details from Google Maps<br>Agency Indian Reserve No. 1, Rainy Lake, ON P0W 1C0<br>http://www.fortfrances.ca/experience/activities-amenities/pithers-point-park/camping<br>+1 807-274-5323<br>Type: Municipal Campground<br>ID: 147.0","sym":"Campground"},"geometry":{"type":"Point","coordinates":[-93.35933,48.61782]}},{"type":"Feature","properties":{"name":"Ponderosa Campground","routes":["C1","CA"],"provs":["SK"],"desc":"description: Details from Google Maps<br>Swift Current, SK S9H 3X6<br>pondarosacampground.ca<br>+1 306-773-5000<br>Type: Privately Owned Campground<br>ID: 181.0","sym":"Campground"},"geometry":{"type":"Point","coordinates":[-107.7659,50.3078]}},{"type":"Feature","properties":{"name":"Port Hardy RV Resort & Log Cabins","routes":["C3","CW"],"provs":["BC"],"desc":"description: <br>Type: Privately Owned Campground<br>ID:","sym":"Campground"},"geometry":{"type":"Point","coordinates":[-127.47818,50.6978]}},{"type":"Feature","properties":{"name":"Portage Industrial Exhibition Campground1","routes":["C1","C3","CA"],"provs":["MB"],"desc":"description: Details from Google Maps<br>Island Park, Portage la Prairie, MB R1N 3B5<br>portageex.com<br>+1 204-857-3231<br>Type: Privately Owned Campground<br>ID: 175.0","sym":"Campground"},"geometry":{"type":"Point","coordinates":[-98.29981,49.96566]}},{"type":"Feature","properties":{"name":"Prairie Oasis Tourist Complex","routes":["C1","CA"],"provs":["SK"],"desc":"description: Details from Google Maps<br>955 Thatcher Dr, Moose Jaw, SK S6H 4N9<br>www.prairie-oasis.com<br>+1 800-854-8855<br>Type: Privately Owned Campground<br>ID: 52.0","sym":"Campground"},"geometry":{"type":"Point","coordinates":[-105.50965,50.41086]}},{"type":"Feature","properties":{"name":"Prairie View Park Mobile Home and Campground","routes":["C3","CA"],"provs":["SK"],"desc":"description: Barrier-free, modern washrooms/showers<br> Children\u2019s playground <br> Picnic shelter <br> Picnic tables <br> Fire pits <br> All sites full-service (30 amp/water/sewer) <br> 14 pull-through sites<br> Tenting area <br> Group camping available <br> Seasonal rates available <br> Sewage disposal<br>Details from Google Maps<br>601 Jubilee Ave #603, Rosetown, SK S0L 2V0<br>https://wheatlandregionalcentre.com/campground<br>+1 306-882-4257<br>Type: Municipal Campground<br>ID: 171.0","sym":"Campground"},"geometry":{"type":"Point","coordinates":[-107.98069,51.56094]}},{"type":"Feature","properties":{"name":"Primrose Park","routes":["C2"],"provs":["ON"],"desc":"description: <br>Type: Privately Owned Campground<br>ID:","sym":"Campground"},"geometry":{"type":"Point","coordinates":[-80.13764,44.08776]}},{"type":"Feature","properties":{"name":"Prince Rupert RV Campground","routes":["C3","CW"],"provs":["BC"],"desc":"description: Showers included<br>https://princerupertrv.com/rates-and-reserve/<br>Details from Google Maps<br>1750 Park Ave, Prince Rupert, BC V8J 3R5<br>princerupertrv.com<br>+1 250-627-1000<br>Type: Privately Owned Campground<br>ID: 274.0","sym":"Campground"},"geometry":{"type":"Point","coordinates":[-130.34313,54.29853]}},{"type":"Feature","properties":{"name":"Princeton Municipal Campground","routes":["C1","C2","CA"],"provs":["BC"],"desc":"description: (water, shower, flush toilets, wifi) Approved Accommodation #24<br>Details from Google Maps<br>365 BC-3, Princeton, BC V0X 1W0<br>discoverprinceton.ca<br>+1 250-295-7355<br>Type: Municipal Campground<br>ID: 24.0","sym":"Campground"},"geometry":{"type":"Point","coordinates":[-120.4772,49.46235]}},{"type":"Feature","properties":{"name":"Protection Mountain Campground","routes":["C1","C3","CN"],"provs":["AB"],"desc":"description: <br>Type: National Park Campground<br>ID:","sym":"Campground"},"geometry":{"type":"Point","coordinates":[-116.03831,51.32709]}},{"type":"Feature","properties":{"name":"Prudhomme Lake Provincial Park","routes":["C3"],"provs":["BC"],"desc":"description: (23km East of Prince Rupert, handpump water and toilets available)<br>Type: Provincial Park Campground<br>ID:","sym":"Campground"},"geometry":{"type":"Point","coordinates":[-130.13291,54.24058]}},{"type":"Feature","properties":{"name":"Puddingstone Harbour","routes":["C1","C2","C3"],"provs":["ON"],"desc":"description: <br>Type: Privately Owned Campground<br>ID:","sym":"Campground"},"geometry":{"type":"Point","coordinates":[-83.71514,46.27847]}},{"type":"Feature","properties":{"name":"Puntledge RV Campground","routes":["C3"],"provs":["BC"],"desc":"description: <br>Type: Privately Owned Campground<br>ID:","sym":"Campground"},"geometry":{"type":"Point","coordinates":[-125.004,49.69696]}},{"type":"Feature","properties":{"name":"Purden Lake Provincial Park","routes":["C3","CA"],"provs":["BC"],"desc":"description: (water, pit/flush toilets)<br>Type: Provincial Park Campground<br>ID:","sym":"Campground"},"geometry":{"type":"Point","coordinates":[-121.95679,53.91475]}},{"type":"Feature","properties":{"name":"Purden Lake Resort","routes":["C3","CA"],"provs":["BC"],"desc":"description: (coin Shower, Washrooms, Water, Resturant, power)<br>Details from Google Maps<br>Fraser-Fort George F, BC V0J 3M0<br>www.purden.com<br>+1 250-565-7777<br>Type: Privately Owned Campground<br>ID: 161.0","sym":"Campground"},"geometry":{"type":"Point","coordinates":[-121.90783,53.9062]}},{"type":"Feature","properties":{"name":"Quebec City KOA Holiday","routes":["C1","C2","C3"],"provs":["QC"],"desc":"description: <br>Type: Privately Owned Campground<br>ID:","sym":"Campground"},"geometry":{"type":"Point","coordinates":[-71.30196,46.69961]}},{"type":"Feature","properties":{"name":"Quetico Lodge and Conference Centre","routes":["C2"],"provs":["ON"],"desc":"description: There is a note that Has $20 tenting available, but it's unclear if that is still valid.\u00a0 Asked on Google Places listing 25july2024<br>Municipal Campground<br>https://www.facebook.com/QueticoLACC/about<br>https://visitatikokan.com/experiences/quetico-centre/<br>Details from Google Maps<br>Box 460, 1130 ON-633, Rainy River, Unorganized, ON P0T 1C0<br>visitatikokan.com<br>+1 807-621-6895<br>Type: Tenting unconfirmed<br>ID:","sym":"Campground"},"geometry":{"type":"Point","coordinates":[-91.20671,48.73501]}},{"type":"Feature","properties":{"name":"Quinn Creek Campground","routes":["CN"],"provs":["BC"],"desc":"description: <br>Type: Provincial Park Campground<br>ID:","sym":"Campground"},"geometry":{"type":"Point","coordinates":[-116.54359,51.0283]}},{"type":"Feature","properties":{"name":"Quinsam Campground (Elk Falls Provincial Park)","routes":["C3","CA"],"provs":["BC"],"desc":"description: ID#154<br>Details from Google Maps<br>Campbell River Rd, Campbell River, BC V0P 1N0<br>bcparks.ca<br>+1 250-850-7125<br>Type: Provincial Park Campground<br>ID: 154.0","sym":"Campground"},"geometry":{"type":"Point","coordinates":[-125.2956,50.03683]}},{"type":"Feature","properties":{"name":"Rabbit Blanket Campground","routes":["C1","C2","C3"],"provs":["ON"],"desc":"description: \"Rabbit Blanket Lake Campground is situated on an inland lake with a small beach area. The forest is mixed allowing for some shaded sites and some more open. The campground is close to Hwy 17. There are 60 sites, 20 of which are electrical. There is a comfort station with flush toilets, showers and laundry and a trailer dump and fill station.\"<br>https://www.ontarioparks.ca/park/lakesuperior/camping<br>Type: Provincial Park Campground<br>ID:","sym":"Campground"},"geometry":{"type":"Point","coordinates":[-84.82694,47.75215]}},{"type":"Feature","properties":{"name":"Rainbow Falls Provincial Park - Rossport Campground","routes":["C1","C2","C3"],"provs":["ON"],"desc":"description: <br>Type: Provincial Park Campground<br>ID:","sym":"Campground"},"geometry":{"type":"Point","coordinates":[-87.44427,48.83916]}},{"type":"Feature","properties":{"name":"Rampart Creek Campground","routes":["C3"],"provs":["AB"],"desc":"description: <br>Type: National Park Campground<br>ID:","sym":"Campground"},"geometry":{"type":"Point","coordinates":[-116.86641,52.03883]}},{"type":"Feature","properties":{"name":"Rathtrevor Beach Campground","routes":["C2","C3","CN"],"provs":["BC"],"desc":"description: Rathtrevor Beach Park offers vehicle-accessible campsites, set in the wooded upland. All sites are within a five-minute walk to the two-kilometre stretch of sandy beach. <br><br>Facilities include hot showers, flush toilets, an adventure playground, fresh water, and a sani-station. <br><br>Campsite reservations are accepted and first come, first served sites are available in the shoulder season. <br><br> The park is very busy during the summer months and reservations are required between the last week of June and Labour Day.<br>https://bcparks.ca/rathtrevor-beach-park/#park-campin\u2026","sym":"Campground"},"geometry":{"type":"Point","coordinates":[-124.27037,49.31965]}},{"type":"Feature","properties":{"name":"Recreation Campground","routes":["CN","CA"],"provs":["BC"],"desc":"description: (can't find it on the BC Recreation SItes website)<br>Type: Unofficial Campground<br>ID:","sym":"Campground"},"geometry":{"type":"Point","coordinates":[-121.33596,50.42121]}},{"type":"Feature","properties":{"name":"Redcliff Municipal Campground","routes":["C1","C2","CA"],"provs":["AB"],"desc":"description: <br>Type: Municipal Campground<br>ID:","sym":"Campground"},"geometry":{"type":"Point","coordinates":[-110.79394,50.07676]}},{"type":"Feature","properties":{"name":"Redden's Camp, Cabins, & RV Park1","routes":["C1","C2","C3"],"provs":["ON"],"desc":"description: \"Yes we allow tenting, but we do not have designated tenting sites we use the RV sites\"<br>Details from Google Maps<br>4433 ON-17, Longbow Lake, ON P0X 1H0<br>www.reddenscamp.com<br>+1 807-548-4066<br>Type: Privately Owned Campground<br>ID: 329.0","sym":"Campground"},"geometry":{"type":"Point","coordinates":[-94.32382,49.7262]}},{"type":"Feature","properties":{"name":"Redstreak Campground (Kootenay National Park)","routes":["CN"],"provs":["BC"],"desc":"description: Details from Google Maps<br>Redstreak Campground Rd, East Kootenay G, BC V0A 1M0<br>www.pc.gc.ca<br>+1 877-737-3783<br>Type: National Park Campground<br>ID: 207.0","sym":"Campground"},"geometry":{"type":"Point","coordinates":[-116.06212,50.62498]}},{"type":"Feature","properties":{"name":"Redvers Tourism Log Cabin Campground1","routes":["C2"],"provs":["SK"],"desc":"description: Book online or call: During open season (May-Sept) (306)452-3276<br>Details from Google Maps<br>SK-13, Redvers, SK S0C 2H0<br>https://redvers.ca/redvers-tourism-log-cabin/<br>+1 306-452-3276<br>Type: Municipal Campground<br>ID: 227.0","sym":"Campground"},"geometry":{"type":"Point","coordinates":[-101.70441,49.57682]}},{"type":"Feature","properties":{"name":"Regency Park RV Resort","routes":["C2","CN"],"provs":["BC"],"desc":"description: \"Open year-round. Forty-eight full-service sites; some pull-throughs, 30/50 amp service, sani-station, WiFi, picnic tables, laundry facilities, washrooms with hot showers. Tenting.\"<br>https://cranbrooktourism.com/accommodations/camping/regency-resort-rv-park<br>Details from Google Maps<br>2414 Cranbrook St N, Cranbrook, BC V1C 3T2<br>regencyrvpark.com<br>+1 250-581-0776<br>Type: Privately Owned Campground<br>ID: 285.0","sym":"Campground"},"geometry":{"type":"Point","coordinates":[-115.74013,49.53507]}},{"type":"Feature","properties":{"name":"Renfrew / Ottawa West KOA Journey","routes":["C1","CN","CA"],"provs":["ON"],"desc":"description: Details from Google Maps<br>2826 Johnston Rd, Renfrew, ON K7V 3Z8<br>https://koa.com/campgrounds/renfrew/<br>+1 800-562-3980<br>Type: Privately Owned Campground<br>ID: 84.0","sym":"Campground"},"geometry":{"type":"Point","coordinates":[-76.68144,45.53164]}},{"type":"Feature","properties":{"name":"Reston Campground1","routes":["C2"],"provs":["MB"],"desc":"description: Details from Google Maps<br>301 1st St W, Reston, MB R0M 1X0<br>https://www.rmofpipestone.com/p/accomodations<br>+1 204-851-7326<br>Type: Municipal Campground<br>ID: 228.0","sym":"Campground"},"geometry":{"type":"Point","coordinates":[-101.10036,49.56034]}},{"type":"Feature","properties":{"name":"Rideau Acres Campground","routes":["C2","C3","CL"],"provs":["ON"],"desc":"description: <br>Type: Privately Owned Campground<br>ID:","sym":"Campground"},"geometry":{"type":"Point","coordinates":[-76.4219,44.30444]}},{"type":"Feature","properties":{"name":"Rideau Canal, Lock 13 - Black Rapids Lockstation","routes":["C1","C3","CN"],"provs":["ON"],"desc":"description: 5) Allows tent camping for those arriving by water and also for cyclists and hikers.<br>https://www.rideau-info.com/canal/locks/13-blackrapids.html<br>Details from Google Maps<br>2453 Prince of Wales Dr, Ottawa, ON K2C 3H1<br>https://www.pc.gc.ca/en/lhn-nhs/on/rideau?utm_source=gmb&amp;utm_medium=rideau_lock13<br>+1 613-226-5434<br>Type: National Park Campground<br>ID:","sym":"Campground"},"geometry":{"type":"Point","coordinates":[-75.69834,45.32135]}},{"type":"Feature","properties":{"name":"Rideau Canal, Lock 18 - Lower Nicholsons","routes":["CN"],"provs":["ON"],"desc":"description: 5) Allows tent camping for those arriving by water and also for cyclists and hikers.<br>https://www.rideau-info.com/canal/locks/18-lowernicholsons.html<br>Details from Google Maps<br>Nicholson Ln, Merrickville-Wolford, ON K0G 1N0<br>https://www.pc.gc.ca/en/lhn-nhs/on/rideau?utm_source=gmb&amp;utm_medium=rideau_lock18<br>+1 613-269-4960<br>Type: National Park Campground<br>ID:","sym":"Campground"},"geometry":{"type":"Point","coordinates":[-75.81588,44.95459]}},{"type":"Feature","properties":{"name":"Rideau Canal, Lock 20 - Clowes","routes":["CN"],"provs":["ON"],"desc":"description: 5) Allows tent camping for those arriving by water and also for cyclists and hikers.<br>https://www.rideau-info.com/canal/locks/20-clowes.html<br>Details from Google Maps<br>495 Heritage Dr, Merrickville, ON K0G 1N0<br>https://www.pc.gc.ca/en/lhn-nhs/on/rideau?utm_source=gmb&amp;utm_medium=rideau_lock20<br>+1 613-269-4426<br>Type: National Park Campground<br>ID:","sym":"Campground"},"geometry":{"type":"Point","coordinates":[-75.82254,44.94646]}},{"type":"Feature","properties":{"name":"Rideau Canal, Lock 24 - Kilmarnock","routes":["CN"],"provs":["ON"],"desc":"description: 6) Allows tent camping for those arriving by water and also for cyclists and hikers.<br>https://www.rideau-info.com/canal/locks/24-kilmarnock.html<br>Details from Google Maps<br>1316 Kilmarnock Rd, Jasper, ON K0G 1G0<br>https://www.pc.gc.ca/en/lhn-nhs/on/rideau?utm_source=gmb&amp;utm_medium=rideau_lock24<br>+1 613-283-3792<br>Type: National Park Campground<br>ID:","sym":"Campground"},"geometry":{"type":"Point","coordinates":[-75.931,44.88411]}},{"type":"Feature","properties":{"name":"Rideau Canal, Lock 33 - Lower Beveridges","routes":["C3"],"provs":["ON"],"desc":"description: 5) Allows tent camping for those arriving by water and also for cyclists and hikers.<br>https://www.rideau-info.com/canal/locks/33-lowerbeveridges.html<br>Details from Google Maps<br>Beveridge Locks Rd, Perth, ON K7H 3C7<br>+1 613-267-2036<br>Type: National Park Campground<br>ID:","sym":"Campground"},"geometry":{"type":"Point","coordinates":[-76.13941,44.87519]}},{"type":"Feature","properties":{"name":"Rideau Canal, Lock 35 - Narrows","routes":["C3"],"provs":["ON"],"desc":"description: 5) Allows tent camping for those arriving by water and also for cyclists and hikers.<br>https://www.rideau-info.com/canal/locks/35-narrows.html<br>Details from Google Maps<br>Rideau Lakes, Westport, ON K0G 1V0<br>https://www.pc.gc.ca/en/lhn-nhs/on/rideau?utm_source=gmb&amp;utm_medium=rideau_lock35<br>+1 613-539-7537<br>Type: National Park Campground<br>ID:","sym":"Campground"},"geometry":{"type":"Point","coordinates":[-76.29567,44.70297]}},{"type":"Feature","properties":{"name":"Rideau Canal, Lock 36 - Newboro","routes":["C3"],"provs":["ON"],"desc":"description: https://www.rideau-info.com/canal/locks/36-newboro.html<br>5) Allows tent camping for those arriving by water and also for cyclists and hikers.<br>https://www.pc.gc.ca/en/lhn-nhs/on/rideau?utm_source=gmb&amp;utm_medium=rideau_lock36<br>Details from Google Maps<br>10 Blockhouse Ln, Elgin, ON K0G 1E0<br>www.pc.gc.ca<br>+1 613-507-3183<br>Type: National Park Campground<br>ID:","sym":"Campground"},"geometry":{"type":"Point","coordinates":[-76.32102,44.64603]}},{"type":"Feature","properties":{"name":"Rideau Canal, Lock 37 - Chaffeys","routes":["C3"],"provs":["ON"],"desc":"description: 5) Allows tent camping for those arriving by water and also for cyclists and hikers.<br>https://www.rideau-info.com/canal/locks/37-chaffeys.html<br>Details from Google Maps<br>Rideau Lakes, Westport, ON K0G 1E0<br>www.pc.gc.ca<br>+1 613-359-5914<br>Type: National Park Campground<br>ID:","sym":"Campground"},"geometry":{"type":"Point","coordinates":[-76.31955,44.57917]}},{"type":"Feature","properties":{"name":"Rideau Canal, Lock 38 - Davis","routes":["C3"],"provs":["ON"],"desc":"description: 5) Allows tent camping for those arriving by water and also for cyclists and hikers.<br>https://www.rideau-info.com/canal/locks/38-davis.html<br>Details from Google Maps<br>1822 Davis Lock Rd, Elgin, ON K0G 1E0<br>www.pc.gc.ca<br>+1 613-359-5620<br>Type: National Park Campground<br>ID:","sym":"Campground"},"geometry":{"type":"Point","coordinates":[-76.29209,44.56302]}},{"type":"Feature","properties":{"name":"Rideau Canal, Lock 45 - Lower Brewers","routes":["C2","C3"],"provs":["ON"],"desc":"description: 5) Allows tent camping for those arriving by water and also for cyclists and hikers.<br>https://www.rideau-info.com/canal/locks/45-lowerbrewers.html<br>Details from Google Maps<br>Washburn Rd, Kingston, ON K0H 1Y0<br>www.pc.gc.ca<br>Type: National Park Campground<br>ID:","sym":"Campground"},"geometry":{"type":"Point","coordinates":[-76.32506,44.3895]}},{"type":"Feature","properties":{"name":"Rideau Canal, Locks 14-16 - Long Island","routes":["CN"],"provs":["ON"],"desc":"description: 5) Allows tent camping for those arriving by water and also for cyclists and hikers.<br>https://www.rideau-info.com/canal/locks/14-16-longisland.html<br>Details from Google Maps<br>390 Nicolls Island Rd, Manotick, ON K4M 1B2<br>https://www.pc.gc.ca/en/lhn-nhs/on/rideau?utm_source=gmb&amp;utm_medium=rideau_lock14to16<br>+1 613-283-5170<br>Type: National Park Campground<br>ID:","sym":"Campground"},"geometry":{"type":"Point","coordinates":[-75.70186,45.25117]}},{"type":"Feature","properties":{"name":"Rideau Canal, Locks 39-42 - Jones Falls","routes":["C3"],"provs":["ON"],"desc":"description: 5) Allows tent camping for those arriving by water and also for cyclists and hikers.<br>https://www.rideau-info.com/canal/locks/39-42-jonesfalls.html<br>Details from Google Maps<br>Kenneys Rd, Elgin, ON K0G 1E0<br>www.pc.gc.ca<br>+1 613-507-3185<br>Type: National Park Campground<br>ID:","sym":"Campground"},"geometry":{"type":"Point","coordinates":[-76.23813,44.54517]}},{"type":"Feature","properties":{"name":"Rideau Canal, Locks 46 - 49 - Kingston Mills1","routes":["C2","C3","CL"],"provs":["ON"],"desc":"description: 5) Allows tent camping for those arriving by water and also for cyclists and hikers.<br>https://www.rideau-info.com/canal/locks/46-49-kingstonmills.html?utm_source=gmb&amp;utm_medium=rideau_lock46to49<br>Details from Google Maps<br>Kingston Mills Rd, Kingston, ON K7L 4V3<br>+1 613-507-3188<br>Type: National Park Campground<br>ID:","sym":"Campground"},"geometry":{"type":"Point","coordinates":[-76.442,44.29287]}},{"type":"Feature","properties":{"name":"River Bend Cabins Tent Trailer Park","routes":["CN","CA"],"provs":["ON"],"desc":"description: Unconfirmed if open, is listed on some websites, but Google says it's closed.<br>This website says that there is tent camping.\u00a0 (no website found)<br>https://www.campendium.com/bancroft-tent-trailer-camp Privately Owned Campground<br>Type: Tenting unconfirmed<br>ID: 109.0","sym":"Campground"},"geometry":{"type":"Point","coordinates":[-77.86831,45.08478]}},{"type":"Feature","properties":{"name":"River Country Campground","routes":["C2"],"provs":["NB"],"desc":"description: Details from Google Maps<br>69 Lahue Rd, Clearview, NB E7L 1X6<br>www.rivercountry.ca<br>+1 506-324-4682<br>Type: Privately Owned Campground<br>ID: 369.0","sym":"Campground"},"geometry":{"type":"Point","coordinates":[-67.71823,46.56911]}},{"type":"Feature","properties":{"name":"River Grove Campground and Cabins1","routes":["C3","CA"],"provs":["AB"],"desc":"description: https://www.camprivergrove.com/tenting.html<br>TEnting in the heart of the badlands<br> Excellent shaded tenting<br> Fenced grounds<br> Two dishwashing stations<br> Free Wifi<br> Walking distance to town<br> Firewood available<br> Treated Town Water<br> Coin Laundromat<br> Washrooms and Showers (wheelchair accessible)<br> Large playground<br> Arcade<br> Convenience Store<br>Details from Google Maps<br>25 Poplar St, Drumheller, AB T0J 0Y1<br>www.camprivergrove.com<br>+1 403-823-6655<br>Type: Privately Owned Campground<br>ID: 82.0","sym":"Campground"},"geometry":{"type":"Point","coordinates":[-112.71466,51.46796]}},{"type":"Feature","properties":{"name":"River Park Campground1","routes":["C2"],"provs":["SK"],"desc":"description: May long weekend \u2013 September 30<br>Details from Google Maps<br>403 Confederation Dr, Weyburn, SK S4H 2G9<br>https://weyburn.ca/river-park-campground/<br>+1 306-897-7877<br>Type: Municipal Campground<br>ID: 224.0","sym":"Campground"},"geometry":{"type":"Point","coordinates":[-103.85148,49.6574]}},{"type":"Feature","properties":{"name":"River Run Campground","routes":["CN"],"provs":["NB"],"desc":"description: treed, open, and waterside tenting sites available<br>4 washrooms with hot showers<br>2 laundry rooms (coin-op)<br>community center hot water dish sink, coffee maker, kettle, toaster<br>picnic table, fire pit<br>water access - swim, small boat launch, kayak rental<br>pets welcome (on leash please)<br>https://www.riverruncampground.ca/products-2<br>Details from Google Maps<br>8976 NB-112, Coles Island, NB E4C 2V2<br>www.riverruncampground.ca<br>+1 506-362-9198<br>Type: Privately Owned Campground<br>ID: 143.0","sym":"Campground"},"geometry":{"type":"Point","coordinates":[-65.74526,45.95794]}},{"type":"Feature","properties":{"name":"River Run Resort & Grill","routes":["C2","CA"],"provs":["NB"],"desc":"description: Details from Google Maps<br>352 Mazerolle Settlement Rd, Upper Kingsclear, NB E3E 1V5<br>riverrunresort.ca<br>+1 506-363-4638<br>Type: Privately Owned Campground<br>ID: 373.0","sym":"Campground"},"geometry":{"type":"Point","coordinates":[-66.86697,45.87349]}},{"type":"Feature","properties":{"name":"Riverbend Campground (formerly Lions Riverbend Campground)","routes":["C3","CA"],"provs":["MB"],"desc":"description: Details from Google Maps<br>Broadway Ave, Neepawa, MB R0J 1H0<br>https://www.neepawa.ca/campground/<br>+1 204-476-7676<br>more details<br>https://www.campreservations.ca/campground/riverbend-campground--2751<br>Type: Municipal Campground<br>ID: 152.0","sym":"Campground"},"geometry":{"type":"Point","coordinates":[-99.45479,50.2288]}},{"type":"Feature","properties":{"name":"Rivermount Motel & Campground1","routes":["CN"],"provs":["BC"],"desc":"description: https://www.rivermountmotel.com/camping/<br>Type: Privately Owned Campground<br>ID:","sym":"Campground"},"geometry":{"type":"Point","coordinates":[-120.18131,51.4558]}},{"type":"Feature","properties":{"name":"Rivers Edge RV Park & Campground","routes":["C1","C2","CA"],"provs":["BC"],"desc":"description: 5+ reported stays<br>\u2022 Free WiFi (range-dependent)<br>\u2022 Washrooms with showers on-site <br>Privately Owned Campground<br>Type: Approved Accommodation (campground)<br>ID: 85.0","sym":"Campground"},"geometry":{"type":"Point","coordinates":[-120.49296,49.46182]}},{"type":"Feature","properties":{"name":"Riverside Motel & Campground Eastend, SK","routes":["C2"],"provs":["SK"],"desc":"description: <br>Type: Privately Owned Campground<br>ID:","sym":"Campground"},"geometry":{"type":"Point","coordinates":[-108.83119,49.51273]}},{"type":"Feature","properties":{"name":"Riverside Municipal Campground","routes":["C3","CA"],"provs":["BC"],"desc":"description: (wifi, pit toilets, $Showers)<br>Details from Google Maps<br>3843 19 Ave, Smithers, BC V0J 2N0<br>www.smithers.ca<br>+1 250-847-1600<br>Type: Municipal Campground<br>ID: 94.0","sym":"Campground"},"geometry":{"type":"Point","coordinates":[-127.14909,54.78497]}},{"type":"Feature","properties":{"name":"Riverside Park Campground (Pembroke, ON)","routes":["C1","CA"],"provs":["ON","QC"],"desc":"description: Open seasonally from Victoria Day weekend (May)-Thanksgiving weekend (October)<br>Mentioned in video https://www.youtube.com/watch?v=7jruPfK_ejo<br>Details from Google Maps<br>961 Pembroke St W, Pembroke, ON K8A<br>www.pembrokeontario.com<br>+1 613-735-6821 ext. 1504<br>Type: Municipal Campground<br>ID: 145.0","sym":"Campground"},"geometry":{"type":"Point","coordinates":[-77.13505,45.82964]}},{"type":"Feature","properties":{"name":"Riverside Park Campground (Vanderhoof, BC)","routes":["C3","CA"],"provs":["BC"],"desc":"description: Details from Google Maps<br>3100 Burrard Ave, Vanderhoof, BC V0J 3A0<br>https://vanderhoof.ca/visit/camping/+1 250-567-4710<br>Type: Municipal Campground<br>ID: 88.0","sym":"Campground"},"geometry":{"type":"Point","coordinates":[-124.01081,54.02517]}},{"type":"Feature","properties":{"name":"Riverside RV Park and Campground","routes":["C1","CA","CL"],"provs":["BC"],"desc":"description: (token showers, washrooms, wifi)<br>Type: Privately Owned Campground<br>ID:","sym":"Campground"},"geometry":{"type":"Point","coordinates":[-119.12919,50.55695]}},{"type":"Feature","properties":{"name":"Riverside-Cedar Campground","routes":["C2"],"provs":["ON"],"desc":"description: <br>Type: Regional Park Campground<br>ID:","sym":"Campground"},"geometry":{"type":"Point","coordinates":[-75.12054,44.93378]}},{"type":"Feature","properties":{"name":"Riverwood Park Campgrounds","routes":["C3","CA"],"provs":["ON"],"desc":"description: \"Seasonal and overnight tent &amp; trailer camping. Full hook up with 30 amp &amp; some 50 amp service. Cabin rentals available!\"<br>Details from Google Maps<br>31 Riverwood Park Rd, Lindsay, ON K9V 0K2<br>riverwoodpark.ca<br>+1 705-324-1655<br>Type: Privately Owned Campground<br>ID: 86.0","sym":"Campground"},"geometry":{"type":"Point","coordinates":[-78.7305,44.31979]}},{"type":"Feature","properties":{"name":"Riviera RV Park","routes":["C2"],"provs":["BC"],"desc":"description: (water, wifi, washroom, laundry)<br>Type: Privately Owned Campground<br>ID:","sym":"Campground"},"geometry":{"type":"Point","coordinates":[-118.41872,49.0241]}},{"type":"Feature","properties":{"name":"Robson Meadows Campground","routes":["C3","CA"],"provs":["BC"],"desc":"description: (pit toilets, water, showers)<br>Details from Google Maps<br>BC-16, T\u00eate Jaune Cache, BC V0E 2Z0<br>https://bcparks.ca/mount-robson-park/#park-camping-details-container<br>Type: Provincial Park Campground<br>ID: 205.0","sym":"Campground"},"geometry":{"type":"Point","coordinates":[-119.23683,53.03071]}},{"type":"Feature","properties":{"name":"Robson River Campground","routes":["C3","CA"],"provs":["BC"],"desc":"description: <br>Type: Provincial Park Campground<br>ID:","sym":"Campground"},"geometry":{"type":"Point","coordinates":[-119.24836,53.03273]}},{"type":"Feature","properties":{"name":"Rock Creek Riverside Campground","routes":["C2"],"provs":["BC"],"desc":"description: <br>Type: Privately Owned Campground<br>ID:","sym":"Campground"},"geometry":{"type":"Point","coordinates":[-119.00361,49.0623]}},{"type":"Feature","properties":{"name":"Rock Garden Campground","routes":["C1","C2","C3","CA"],"provs":["MB"],"desc":"description: <br>Type: Privately Owned Campground<br>ID:","sym":"Campground"},"geometry":{"type":"Point","coordinates":[-96.45356,49.67739]}},{"type":"Feature","properties":{"name":"Rockwood Park Campground","routes":["C2","CW"],"provs":["NB"],"desc":"description: \"Guests can enjoy free hot showers and restroom facilities, along with the convenience of coin operated laundry and complimentary WiFi at select sites. Discover added leisure options, including a Multipurpose Games room within one of our structures for rainy days, and an outdoor basketball net for sun-soaked afternoons. It is a short walk to the Lily Lake Pavilion with boat rentals, supervised swimming, and delicious meals at Lily\u2019s Lakeside.\"<br>https://rockwoodparkcampground.com/campground<br><br>April 26-Oct 11 2025<br>Type: Privately Owned Campground<br>ID: 375.0","sym":"Campground"},"geometry":{"type":"Point","coordinates":[-66.0527,45.29175]}},{"type":"Feature","properties":{"name":"Roebuck Family Campground","routes":["C3"],"provs":["ON"],"desc":"description: <br>Type: Privately Owned Campground<br>ID:","sym":"Campground"},"geometry":{"type":"Point","coordinates":[-80.68531,44.61731]}},{"type":"Feature","properties":{"name":"Rosebush Campground - Forillon National Park","routes":["C3","CA","CL"],"provs":["QC"],"desc":"description: <br>Type: National Park Campground<br>ID:","sym":"Campground"},"geometry":{"type":"Point","coordinates":[-64.22445,48.82896]}},{"type":"Feature","properties":{"name":"Roxy's Variety & Cabin Rentals tent sites.","routes":["C2","C3"],"provs":["ON"],"desc":"description: https://www.tripadvisor.ca/Hotel_Review-g670005-d4329399-Reviews-Roxys_Gas_Variety_Cabins_Tent_Sites-Tobermory_Bruce_County_Ontario.html<br>Type: Privately Owned Campground<br>ID:","sym":"Campground"},"geometry":{"type":"Point","coordinates":[-81.5545,45.19124]}},{"type":"Feature","properties":{"name":"Rushing River Provincial Park","routes":["C1","C2","C3"],"provs":["ON"],"desc":"description: <br>Type: Provincial Park Campground<br>ID:","sym":"Campground"},"geometry":{"type":"Point","coordinates":[-94.23548,49.68173]}},{"type":"Feature","properties":{"name":"Rustic Campground","routes":["C1","C2"],"provs":["BC"],"desc":"description: <br>Type: Privately Owned Campground<br>ID:","sym":"Campground"},"geometry":{"type":"Point","coordinates":[-120.02841,49.30053]}},{"type":"Feature","properties":{"name":"Salem Woods Campground","routes":["C2","C3"],"provs":["ON"],"desc":"description: Says that tenting is available<br>https://www.campinginontario.ca/SalemWoodsTrailerPark<br>Type: Privately Owned Campground<br>ID:","sym":"Campground"},"geometry":{"type":"Point","coordinates":[-77.84146,44.01356]}},{"type":"Feature","properties":{"name":"Salmon Arm Camping Resort","routes":["CN","CA"],"provs":["BC"],"desc":"description: <br>Type: Privately Owned Campground<br>ID:","sym":"Campground"},"geometry":{"type":"Point","coordinates":[-119.22897,50.7025]}},{"type":"Feature","properties":{"name":"Salmon Run Resort","routes":["C3","CA"],"provs":["NL"],"desc":"description: (formerly Crabbes River Park)<br>https://www.newfoundlandlabrador.com/plan-and-book/campgrounds/210807<br>https://www.facebook.com/profile.php?id=100083370661202<br>Details from Google Maps<br>Trans-Canada Highway, 1Km east of, NL-405, Saint David's, NL A0N 1X0<br>+1 905-243-5723<br>Type: Privately Owned Campground<br>ID: 349.0","sym":"Campground"},"geometry":{"type":"Point","coordinates":[-58.77545,48.17405]}},{"type":"Feature","properties":{"name":"Saltcoats & District Regional Park","routes":["C3"],"provs":["SK"],"desc":"description: <br>Type: Regional Park Campground<br>ID:","sym":"Campground"},"geometry":{"type":"Point","coordinates":[-102.15261,51.03211]}},{"type":"Feature","properties":{"name":"Sandaraska Camp ground.","routes":["C3"],"provs":["ON"],"desc":"description: <br>Type: Tenting unconfirmed<br>ID:","sym":"Campground"},"geometry":{"type":"Point","coordinates":[-78.57127,44.09573]}},{"type":"Feature","properties":{"name":"Sandy Beach Tent & Trailer Park","routes":["C1"],"provs":["NB"],"desc":"description: <br>Type: Privately Owned Campground<br>ID:","sym":"Campground"},"geometry":{"type":"Point","coordinates":[-64.28906,46.23115]}},{"type":"Feature","properties":{"name":"Saokii Campground","routes":["C3","CA"],"provs":["AB"],"desc":"description: Details from Google Maps<br>Special Area No. 3, AB T0J 2J0<br>+1 403-664-1270<br>https://adventuregenie.com/rv-campgrounds/alberta/oyen/saokii-campground<br>indicates tenting<br>Type: Privately Owned Campground<br>ID: 180.0","sym":"Campground"},"geometry":{"type":"Point","coordinates":[-110.48177,51.38806]}},{"type":"Feature","properties":{"name":"Sault Ste. Marie KOA Holiday","routes":["C1","C2","C3","CA"],"provs":["ON"],"desc":"description: <br>Type: Privately Owned Campground<br>ID:","sym":"Campground"},"geometry":{"type":"Point","coordinates":[-84.32929,46.57958]}},{"type":"Feature","properties":{"name":"Savanne River Resort","routes":["C1","C3"],"provs":["ON"],"desc":"description: Details from Google Maps<br>Thunder Bay, Unorganized, ON P0T 2Y0, Canada<br>+1 807-986-2484<br>Type: Tenting unconfirmed<br>ID:","sym":"Campground"},"geometry":{"type":"Point","coordinates":[-90.24913,48.95222]}},{"type":"Feature","properties":{"name":"Sayward Fisherboy RV Park Motel and Resort","routes":["C3","CA"],"provs":["BC"],"desc":"description: Details from Google Maps<br>1546 Sayward Rd, Sayward, BC V0P 1R0<br>saywardvalleyresort.com<br>+1 250-282-3204<br>Type: Privately Owned Campground<br>ID: 57.0","sym":"Campground"},"geometry":{"type":"Point","coordinates":[-125.92038,50.31636]}},{"type":"Feature","properties":{"name":"Scotia Pine Campground1","routes":["C3","CN"],"provs":["NS"],"desc":"description: Details from Google Maps<br>1911 NS-2, Brookfield, NS B0N 1C0<br>scotiapine.ca<br>+1 877-893-3666<br>Type: Privately Owned Campground<br>ID: 66.0","sym":"Campground"},"geometry":{"type":"Point","coordinates":[-63.28872,45.2866]}},{"type":"Feature","properties":{"name":"Scottie's RV & Campground","routes":["C2","CA"],"provs":["BC"],"desc":"description: (showers, laundry) Hot showers are FREE.<br>Details from Google Maps<br>1409 Erickson Rd, Creston, BC V0B 1G3<br>www.scottiesrv.com<br>250-428-4256 <br>+1 800-982-4256<br>Type: Privately Owned Campground<br>ID: 282.0","sym":"Campground"},"geometry":{"type":"Point","coordinates":[-116.50833,49.08816]}},{"type":"Feature","properties":{"name":"Secretan Recreation Site - unofficial camping (Authenic Outhouse kept in it's origional condition, no water) better to continue onto east to Besant Campground or back to Chaplin)","routes":["C1"],"provs":["SK"],"desc":"description: Secretan Recreation Site - unofficial camping (Authenic Outhouse kept in it's origional condition, no water) better to continue onto east to Besant Campground or back to Chaplin)<br>Type: Unofficial Campground<br>ID:","sym":"Campground"},"geometry":{"type":"Point","coordinates":[-106.46362,50.46193]}},{"type":"Feature","properties":{"name":"Seeley Lake Provincial Park Campground","routes":["C3"],"provs":["BC"],"desc":"description: (Water, Pit Toilets)<br>Type: Provincial Park Campground<br>ID:","sym":"Campground"},"geometry":{"type":"Point","coordinates":[-127.68779,55.19673]}},{"type":"Feature","properties":{"name":"Serpent River Campground","routes":["C1","C2","C3","CA"],"provs":["ON"],"desc":"description: Details from Google Maps<br>4696 Hwy 17 W, Spragge, ON P0R 1K0<br>www.serpentrivercampground.com<br>+1 877-849-2210<br>Type: Privately Owned Campground<br>ID: 106.0","sym":"Campground"},"geometry":{"type":"Point","coordinates":[-82.60143,46.21125]}},{"type":"Feature","properties":{"name":"Shady Rest RV Park","routes":["C3","CA"],"provs":["BC"],"desc":"description: (Showers, laundry, Wifi, washrooms, Covered bicycle tenting areas)<br>Details from Google Maps<br>3960 Drive in Rd, Houston, BC V0J 1Z2<br>shadyrestrvpark.ca<br>+1 800-343-3777<br>Type: Privately Owned Campground<br>ID: 157.0","sym":"Campground"},"geometry":{"type":"Point","coordinates":[-126.63305,54.41497]}},{"type":"Feature","properties":{"name":"Shawnee Campground and Play Park","routes":["C2"],"provs":["SK"],"desc":"description: https://www.shaunavon.com/page/campground-information/<br>Details from Google Maps<br>Shaunavon, SK S0N 2M0<br>+1 306-297-2605<br>Type: Municipal Campground<br>ID: 219.0","sym":"Campground"},"geometry":{"type":"Point","coordinates":[-108.40739,49.64906]}},{"type":"Feature","properties":{"name":"Sherwood Forest Camping Park","routes":["C2"],"provs":["NS"],"desc":"description: Clean washrooms<br> Flush toilets<br> Hot showers<br> Coin laundry<br> Firepits<br> Picnic Tables<br> Garbage Recycle Bins<br> Dust Control<br> Security<br> Dumping Station<br> Ice<br> Propane Service near the park<br> Canteen and basic conveniences<br>http://www.sherwoodforestcampingpark.com/activities/<br>Details from Google Maps<br>6890 Nova Scotia Trunk 1, Coldbrook, NS B4R 1C5<br>www.sherwoodforestcampingpark.com<br>+1 902-679-6632<br>Type: Privately Owned Campground<br>ID: 359.0","sym":"Campground"},"geometry":{"type":"Point","coordinates":[-64.58429,45.06435]}},{"type":"Feature","properties":{"name":"Shubie Campground","routes":["C2","CN","CA","CL"],"provs":["NS"],"desc":"description: <br>Type: Privately Owned Campground<br>ID:","sym":"Campground"},"geometry":{"type":"Point","coordinates":[-63.55354,44.70682]}},{"type":"Feature","properties":{"name":"Shuswap Lake Cabins & Resort1","routes":["CN"],"provs":["BC"],"desc":"description: (power, washrooms, showers)<br>Type: Privately Owned Campground<br>ID:","sym":"Campground"},"geometry":{"type":"Point","coordinates":[-119.47299,50.87768]}},{"type":"Feature","properties":{"name":"Sicamous RV & Cabin Resort by Pinnacle Lifestyles (formerly Sicamous KOA)","routes":["C1"],"provs":["BC"],"desc":"description: <br>Type: Privately Owned Campground<br>ID:","sym":"Campground"},"geometry":{"type":"Point","coordinates":[-118.84214,50.88783]}},{"type":"Feature","properties":{"name":"Sid Turcotte Park Campground and Cabins and Ice Cream","routes":["C1"],"provs":["ON"],"desc":"description: <br>Type: Privately Owned Campground<br>ID:","sym":"Campground"},"geometry":{"type":"Point","coordinates":[-78.71613,46.31167]}},{"type":"Feature","properties":{"name":"Silver Sage Trailer Park1","routes":["CN","CA"],"provs":["BC"],"desc":"description: (washroom, showers, laundromat) <br>Details from Google Maps<br>771 East Athabasca St W #98, Kamloops, BC V2H 1C8<br>silversagerv.ca<br>+1 250-828-2077<br>Type: Privately Owned Campground<br>ID: 270.0","sym":"Campground"},"geometry":{"type":"Point","coordinates":[-120.31746,50.6806]}},{"type":"Feature","properties":{"name":"Silver Sands Family Camping","routes":["C1","CL"],"provs":["NB"],"desc":"description: Yes tenting - from Google Maps place page QA<br>Details from Google Maps<br>Little Cape Rd, Cap-Pel\u00e9, NB E4N 2W2<br>+1 506-577-6771<br>Type: Privately Owned Campground<br>ID: 325.0","sym":"Campground"},"geometry":{"type":"Point","coordinates":[-64.18668,46.20558]}},{"type":"Feature","properties":{"name":"Sioux Narrows Provincial Park Campground","routes":["C2","CA"],"provs":["ON"],"desc":"description: Details from Google Maps<br>Unnamed Road, Sioux Narrows Nestor Falls, ON P0V<br>https://www.ontarioparks.com/park/siouxnarrows/camping<br>+1 807-226-5223<br>Type: Provincial Park Campground<br>ID: 188.0","sym":"Campground"},"geometry":{"type":"Point","coordinates":[-94.05856,49.42302]}},{"type":"Feature","properties":{"name":"Sir Richard Squires Memorial Provincial Park - Campground","routes":["C3"],"provs":["NL"],"desc":"description: Details from Google Maps<br>Newfoundland and Labrador A0K 3E0<br>https://www.parksnl.ca/parks/sir-richard-squires-memorial-provincial-park/<br>Type: Provincial Park Campground<br>ID: 342.0","sym":"Campground"},"geometry":{"type":"Point","coordinates":[-57.17198,49.34403]}},{"type":"Feature","properties":{"name":"Skands Campground","routes":["C2","CA"],"provs":["BC"],"desc":"description: (Tenting, Showers, Laundry)<br>Type: Privately Owned Campground<br>ID:","sym":"Campground"},"geometry":{"type":"Point","coordinates":[-118.21666,49.05546]}},{"type":"Feature","properties":{"name":"Skihist Provincial Park Campground","routes":["CN"],"provs":["BC"],"desc":"description: <br>Type: Provincial Park Campground<br>ID:","sym":"Campground"},"geometry":{"type":"Point","coordinates":[-121.5103,50.25227]}},{"type":"Feature","properties":{"name":"Skookumchuck Motel & RV Park (campground)","routes":["CN"],"provs":["BC"],"desc":"description: yes tenting - asked on Google Maps listing<br>Details from Google Maps<br>4539 Barleban Rd Hwy 93/95, Skookumchuck, BC V0B 2E0<br>+1 250-422-3025<br>https://skookumchuckmotel.camp.zone/<br>Type: Privately Owned Campground<br>ID: 206.0","sym":"Campground"},"geometry":{"type":"Point","coordinates":[-115.73497,49.9123]}},{"type":"Feature","properties":{"name":"Sleepy Hollow Campground (Pincher Creek)","routes":["C2","CA"],"provs":["AB"],"desc":"description: Details from Google Maps<br>1229 Waterton Ave, Pincher Creek, AB T0K 1W0<br>www.facebook.com<br>+1 403-627-2033<br>Type: Privately Owned Campground<br>ID: 45.0","sym":"Campground"},"geometry":{"type":"Point","coordinates":[-113.93467,49.49305]}},{"type":"Feature","properties":{"name":"Sleepy Hollow Campground (Wolseley)","routes":["C1"],"provs":["SK"],"desc":"description: (not listed on Google Maps)<br>https://www.tourismsaskatchewan.com/listings/1882/sleepy-hollow-campground<br><br>Contact Info<br><br>Phone(s): (306) 209-2642<br><br>Open May 1 to Oct 15.<br>46 Poplar St, Wolseley, SK S0G 5H0<br>N side of Hwy 1 at W entrance to Wolseley. 102 km E of Regina.<br><br>Latitude: 50.42543\u00b0 N, Longitude: -103.2879\u00b0 W<br>Type: Privately Owned Campground<br>ID: 333","sym":"Campground"},"geometry":{"type":"Point","coordinates":[-103.28731,50.42513]}},{"type":"Feature","properties":{"name":"Sleepy Hollow-Anant","routes":["C2"],"provs":["SK"],"desc":"description: Exact location unconfirmed https://parks.saskatchewan.ca/camping/cypress-hills-interprovincial-park/r/campgroundDetails.do?contractCode=SKPP&amp;parkId=290125#sr_a<br>Type: Provincial Park Campground<br>ID:","sym":"Campground"},"geometry":{"type":"Point","coordinates":[-109.45711,49.6693]}},{"type":"Feature","properties":{"name":"Smokey Bear Campground","routes":["C1","CA"],"provs":["BC"],"desc":"description: (wifi, washroom, laundry)<br>Details from Google Maps<br>3287 Weird Woods Road, Revelstoke, BC V0E 2S0<br>www.smokey-bearcampground.com<br>+1 250-837-9573<br>Type: Privately Owned Campground<br>ID: 279.0","sym":"Campground"},"geometry":{"type":"Point","coordinates":[-118.27806,50.98937]}},{"type":"Feature","properties":{"name":"SMONE\u0106TEN Campground, Gulf Islands National Park Reserve, Parks Canada (open May 15 to Sept 30)","routes":["C1","C3","CA","CL","CW"],"provs":["BC"],"desc":"description: Details from Google Maps<br>10740 McDonald Park Rd, North Saanich, BC V8L 5S5<br>https://www.pc.gc.ca/en/pn-np/bc/gulf/activ/camping/campinglavantpays-frontcountrycamping#McDonald<br>+1 866-944-1744<br>Type: National Park Campground<br>ID: 254.0","sym":"Campground"},"geometry":{"type":"Point","coordinates":[-123.42704,48.67412]}},{"type":"Feature","properties":{"name":"Soul's Paradise Resort","routes":["C2","CW"],"provs":["BC"],"desc":"description: Details from Google Maps<br>16961 Pilot Bay Rd, Kootenay Bay, BC V0B 1X0<br>soulsparadise.ca<br>+1 250-201-9441<br>Type: Privately Owned Campground<br>ID: 281.0","sym":"Campground"},"geometry":{"type":"Point","coordinates":[-116.87116,49.67077]}},{"type":"Feature","properties":{"name":"South Bay Resort & Campground","routes":["C2","C3","CA","CW"],"provs":["ON"],"desc":"description: open May 17 to September 2<br>https://www.southbayresort.ca/cottages-rvs--tent-sites.html<br>Details from Google Maps<br>21214 ON-6, South Baymouth, ON P0P 1Z0<br>+1 705-859-3106<br>Type: Privately Owned Campground<br>ID: 73.0","sym":"Campground"},"geometry":{"type":"Point","coordinates":[-82.01167,45.5691]}},{"type":"Feature","properties":{"name":"South Cove Camping and Golf","routes":["C1","C3","CN","CA"],"provs":["NB"],"desc":"description: Details from Google Maps<br>55 Chem. South Cove, Sh\u00e9diac, NB E4P 2T4<br>www.shediacsouthcove.ca<br>+1 506-532-6713<br>Type: Privately Owned Campground<br>ID: 117.0","sym":"Campground"},"geometry":{"type":"Point","coordinates":[-64.52263,46.22518]}},{"type":"Feature","properties":{"name":"Spanish River Resort and Campground - guided Walleye fishing, cabin rentals and family friendly camp sites.1","routes":["C1","C2","C3"],"provs":["ON"],"desc":"description: formerly Mitchells Fishing Camp<br>Details from Google Maps<br>69 Colonization Rd, Spanish, ON P0P 2A0<br>www.spanishriverresort.com<br>+1 705-844-2202<br>Type: Privately Owned Campground<br>ID: 306.0","sym":"Campground"},"geometry":{"type":"Point","coordinates":[-82.34066,46.18609]}},{"type":"Feature","properties":{"name":"Springbrook Resort Motel & RV Park","routes":["CN"],"provs":["BC"],"desc":"description: <br>Type: Privately Owned Campground<br>ID:","sym":"Campground"},"geometry":{"type":"Point","coordinates":[-115.73569,49.91357]}},{"type":"Feature","properties":{"name":"Sproat Lake Provincial Park Campsite","routes":["C2","CA"],"provs":["BC"],"desc":"description: Details from Google Maps<br>BC-4, Kleecoot, BC V0R 1W0<br>+1 250-474-1336<br>https://bcparks.ca/sproat-lake-park/<br>Type: Provincial Park Campground<br>ID: 162.0","sym":"Campground"},"geometry":{"type":"Point","coordinates":[-124.9281,49.29213]}},{"type":"Feature","properties":{"name":"Spruce Grove RV Park and Campground","routes":["CN"],"provs":["BC"],"desc":"description: <br>Type: Privately Owned Campground<br>ID:","sym":"Campground"},"geometry":{"type":"Point","coordinates":[-115.86605,50.32107]}},{"type":"Feature","properties":{"name":"Square Pond Park","routes":["C3"],"provs":["NL"],"desc":"description: Details from Google Maps<br>Gambo, NL A0G 1T0<br>www.squarepondpark.ca<br>+1 709-674-7566<br>Type: Privately Owned Campground<br>ID: 316.0","sym":"Campground"},"geometry":{"type":"Point","coordinates":[-54.29493,48.80383]}},{"type":"Feature","properties":{"name":"Squawkum Park and RV Campground","routes":["C1","C2"],"provs":["BC"],"desc":"description: Yes Tenting - asked on Google Maps listing<br>Details from Google Maps<br>44314 Lougheed Hwy., Lake Errock, BC V0M 1N0<br>sqewlets.ca<br>+1 604-826-5813<br>Type: Privately Owned Campground<br>ID: 287.0","sym":"Campground"},"geometry":{"type":"Point","coordinates":[-121.99878,49.2413]}},{"type":"Feature","properties":{"name":"Steelhead Provincial Park Campground","routes":["CN"],"provs":["BC"],"desc":"description: (Pit toilet, showers)<br>Type: Provincial Park Campground<br>ID:","sym":"Campground"},"geometry":{"type":"Point","coordinates":[-120.8655,50.75703]}},{"type":"Feature","properties":{"name":"Stemwinder Provincial Park","routes":["C1","C2"],"provs":["BC"],"desc":"description: pit toilets<br>Type: Provincial Park Campground<br>ID:","sym":"Campground"},"geometry":{"type":"Point","coordinates":[-120.13623,49.37071]}},{"type":"Feature","properties":{"name":"Still Water Marina & Campground","routes":["C2","C3"],"provs":["ON"],"desc":"description: <br>Type: Tenting unconfirmed<br>ID:","sym":"Campground"},"geometry":{"type":"Point","coordinates":[-81.76484,46.06447]}},{"type":"Feature","properties":{"name":"Stillwater Tent & Trailer Park","routes":["C1","C2","C3","CA"],"provs":["ON"],"desc":"description: Unclear if tenting is normally available, \"** PLEASE NOTE - WE ARE ONLY ACCEPTING RESERVATIONS FOR SELF CONTAINED CAMPERS - OUR SHOWER HOUSE AND WASHROOMS ARE BEING REPAIRED AND WILL BE CLOSED UNTIL FURTHER NOTICE.\"<br>https://reserve.campgroundbooking.com/stillwater-park-campground-and-gift-shop<br>Type: Closed for renovations<br>ID:","sym":"Campground"},"geometry":{"type":"Point","coordinates":[-88.31975,49.01175]}},{"type":"Feature","properties":{"name":"Stonehurst Campground & Golf Course1","routes":["CN"],"provs":["NB"],"desc":"description: Details from Google Maps<br>47915 Homestead Rd, Berry Mills, NB E1G 3S5<br>www.stonehurstcamping.ca<br>+1 506-852-4162<br>Type: Privately Owned Campground<br>ID: 368.0","sym":"Campground"},"geometry":{"type":"Point","coordinates":[-64.92531,46.12607]}},{"type":"Feature","properties":{"name":"Stop Along the Way Campground","routes":["C1","C2","C3"],"provs":["ON"],"desc":"description: Website hasn't been updated (2024)<br>\"At the moment we offer 20 and 30 amp hookups for RV's, Trailers and Tents, we also have space available for those who are wanting to rough it 'non-electric style'.\" \"There is a bathroom located on the property that is complete with two toilets, two showers &amp; two sinks, and another one to come in 2022!\"<br>https://stopalongtheway.ca/<br>Type: Privately Owned Campground<br>ID:","sym":"Campground"},"geometry":{"type":"Point","coordinates":[-87.2706,48.81585]}},{"type":"Feature","properties":{"name":"Strang`s Shore Camping","routes":["C1"],"provs":["NB"],"desc":"description: <br>Type: Privately Owned Campground<br>ID:","sym":"Campground"},"geometry":{"type":"Point","coordinates":[-63.97343,46.17883]}},{"type":"Feature","properties":{"name":"Strathmore AG Campground","routes":["C1","CA"],"provs":["AB"],"desc":"description: Details from Google Maps<br>33 Wheatland Trail, Strathmore, AB T1P 1K1<br>https://strathmoreag.com/camping<br>+1 403-325-0794<br>Type: Municipal Campground<br>ID: 91.0","sym":"Campground"},"geometry":{"type":"Point","coordinates":[-113.39545,51.06277]}},{"type":"Feature","properties":{"name":"Strathmore Highway Camping","routes":["C1","CA"],"provs":["AB"],"desc":"description: <br>Type: Privately Owned Campground<br>ID:","sym":"Campground"},"geometry":{"type":"Point","coordinates":[-113.29942,51.03848]}},{"type":"Feature","properties":{"name":"Sugarloaf Provincial Park - Campground","routes":["C1","C3","CA"],"provs":["NB"],"desc":"description: Details from Google Maps<br>Unnamed Road, Campbellton, NB E3N<br>https://www.parcsnbparks.info/en/parks/9/sugarloaf-provincial-park<br>+1 506-789-2366<br>Type: Provincial Park Campground<br>ID: 372.0","sym":"Campground"},"geometry":{"type":"Point","coordinates":[-66.68874,47.98257]}},{"type":"Feature","properties":{"name":"Summit River Lodge & Campsites","routes":["CN"],"provs":["BC"],"desc":"description: All Sites have green grass, picnic table and fire pit. Free wifi and use of campers washroom with free hot showers. We have water fill up station plus a sani-dump. We are adding all sites individually but for the moment we have added just general campsite so you can book online. Most site available have full service but it\u2019s first come first serve this summer with site preference given to multi night bookings .<br>https://www.summitriverlodge.com/en/1219124/overview<br>Details from Google Maps<br>19345 BC-5, Valemount, BC V0E 2Z0<br>www.summitriverlodge.com<br>+1 250-566-9933<br>T\u2026","sym":"Campground"},"geometry":{"type":"Point","coordinates":[-119.19412,52.65616]}},{"type":"Feature","properties":{"name":"Sunbury Oromocto Park and Campground","routes":["C2","CN"],"provs":["NB"],"desc":"description: Details from Google Maps<br>413 Smith Rd, Geary, NB E2V 3S9<br>sunburycampground.com<br>+1 506-357-3708<br>Type: Privately Owned Campground<br>ID: 277.0","sym":"Campground"},"geometry":{"type":"Point","coordinates":[-66.52909,45.78831]}},{"type":"Feature","properties":{"name":"Sunny Cove Camp","routes":["C2"],"provs":["ON"],"desc":"description: Please be advised that Sunny Cove is currently not in operation, as it is closed for maintenance and repair. (4may2024)<br>https://fortfrances.ca/experience/activities-amenities/sunny-cove-camp<br>Type: Closed for renovations<br>ID:","sym":"Campground"},"geometry":{"type":"Point","coordinates":[-93.26097,48.68621]}},{"type":"Feature","properties":{"name":"Sunny Valley Park","routes":["C2","C3"],"provs":["ON"],"desc":"description: <br>Type: Privately Owned Campground<br>ID:","sym":"Campground"},"geometry":{"type":"Point","coordinates":[-80.92181,44.49093]}},{"type":"Feature","properties":{"name":"Sunnyside Campground","routes":["C2","CA","CL"],"provs":["BC"],"desc":"description: <br>Type: Municipal Campground<br>ID:","sym":"Campground"},"geometry":{"type":"Point","coordinates":[-121.96436,49.06578]}},{"type":"Feature","properties":{"name":"Sunrise Campground (unconfirmed if tenting is available)","routes":["C1","C3"],"provs":["NB"],"desc":"description: <br>Type: Privately Owned Campground<br>ID:","sym":"Campground"},"geometry":{"type":"Point","coordinates":[-65.37018,47.08932]}},{"type":"Feature","properties":{"name":"Sunset Lake Recreation Site","routes":["C3"],"provs":["BC"],"desc":"description: \"Site Closed.<br>Site closed due to danger trees, will re-open when trees have been removed.\"<br>https://www.sitesandtrailsbc.ca/search/search-result.aspx?site=REC0540&amp;districtCode=RDSS&amp;type=Site<br><br>(pit toilet, no water)<br>Type: Closed for renovations<br>ID:","sym":"Campground"},"geometry":{"type":"Point","coordinates":[-126.35669,54.49542]}},{"type":"Feature","properties":{"name":"Sunset Sands RV Park","routes":["C3"],"provs":["NS"],"desc":"description: Details from Google Maps<br>45 Wharf Rd, Port Hood, NS B0E 2W0<br>www.sunsetsands.ca<br>+1 902-787-2207<br>Type: Privately Owned Campground<br>ID: 352.0","sym":"Campground"},"geometry":{"type":"Point","coordinates":[-61.53667,46.01671]}},{"type":"Feature","properties":{"name":"Sunset Shores Resort","routes":["C1","C2","C3"],"provs":["ON"],"desc":"description: https://www.sunsetshores.ca/tent-sites/index.html<br>Type: Privately Owned Campground<br>ID:","sym":"Campground"},"geometry":{"type":"Point","coordinates":[-84.5264,46.93145]}},{"type":"Feature","properties":{"name":"Sunset View Campground","routes":["C2"],"provs":["NB"],"desc":"description: Details from Google Maps<br>45 Hawkshaw Rd, Hawkshaw, NB E6G 1N8<br>www.sunsetviewcampground.ca<br>+1 506-575-2592<br>Type: Privately Owned Campground<br>ID: 321.0","sym":"Campground"},"geometry":{"type":"Point","coordinates":[-67.23663,45.97052]}},{"type":"Feature","properties":{"name":"Sunset Watch Family Campgrounds","routes":["CL"],"provs":["NS"],"desc":"description: Details from Google Maps<br>242 Peninsula Point Rd, Tatamagouche, NS B0K 1V0<br>www.sunsetwatchfamilycampground.com<br>+1 902-657-0009<br>Type: Tenting unconfirmed<br>ID: 251.0","sym":"Campground"},"geometry":{"type":"Point","coordinates":[-63.20355,45.7654]}},{"type":"Feature","properties":{"name":"Sunshine Valley RV Resort & Cabins","routes":["C1","C2"],"provs":["BC"],"desc":"description: (convenience store, shower, laundry, washrooms)<br>Type: Privately Owned Campground<br>ID:","sym":"Campground"},"geometry":{"type":"Point","coordinates":[-121.2315,49.27392]}},{"type":"Feature","properties":{"name":"SunTerra Campground & Hotel","routes":["C2","CA"],"provs":["BC"],"desc":"description: https://www.destinationosoyoos.com/listing/sunterra-campground/<br>Type: Privately Owned Campground<br>ID:","sym":"Campground"},"geometry":{"type":"Point","coordinates":[-119.4348,49.0207]}},{"type":"Feature","properties":{"name":"Surf Junction Campground","routes":["C2"],"provs":["BC"],"desc":"description: <br>Type: Privately Owned Campground<br>ID:","sym":"Campground"},"geometry":{"type":"Point","coordinates":[-125.58724,48.98709]}},{"type":"Feature","properties":{"name":"Suzanne Lake Recreation Site","routes":["C2"],"provs":["BC"],"desc":"description: (pit toilets)<br>Type: Provincial Park Campground<br>ID:","sym":"Campground"},"geometry":{"type":"Point","coordinates":[-115.2457,49.31989]}},{"type":"Feature","properties":{"name":"Swan Lake RV Park & Campground","routes":["C1","CA"],"provs":["BC"],"desc":"description: (washrooms, coin showers, laundromat)<br>Type: Privately Owned Campground<br>ID:","sym":"Campground"},"geometry":{"type":"Point","coordinates":[-119.2648,50.31904]}},{"type":"Feature","properties":{"name":"Sweltzer Creek Campground","routes":["C2","CA","CL"],"provs":["BC"],"desc":"description: Details from Google Maps<br>4745 Sleepy Hollow Rd, Cultus Lake, BC V2R 4Y1<br>www.sweltzercreekcampground.com<br>+1 604-824-4023<br>Type: Privately Owned Campground<br>ID:","sym":"Campground"},"geometry":{"type":"Point","coordinates":[-121.96076,49.08811]}},{"type":"Feature","properties":{"name":"sw\u0313iw\u0313s (Haynes Point) Provincial Park","routes":["C2","CA"],"provs":["BC"],"desc":"description: <br>Type: Provincial Park Campground<br>ID:","sym":"Campground"},"geometry":{"type":"Point","coordinates":[-119.4575,49.01458]}},{"type":"Feature","properties":{"name":"T & I Campground","routes":["C2","CA"],"provs":["ON"],"desc":"description: Details from Google Maps<br>19808 Stormont, Dundas and Glengarry County Road 2, Summerstown, ON K0C 2E0<br>tandicampground.ca<br>+1 613-360-2954<br>Type: Tenting unconfirmed<br>ID:","sym":"Campground"},"geometry":{"type":"Point","coordinates":[-74.52451,45.09703]}},{"type":"Feature","properties":{"name":"T N T Camp Grounds","routes":["CN"],"provs":["NB"],"desc":"description: Google Q&amp;As confirm tenting<br>Type: Privately Owned Campground<br>ID:","sym":"Campground"},"geometry":{"type":"Point","coordinates":[-65.7499,45.93842]}},{"type":"Feature","properties":{"name":"Taber Municipal Park","routes":["C2"],"provs":["AB"],"desc":"description: <br>Type: Municipal Campground<br>ID:","sym":"Campground"},"geometry":{"type":"Point","coordinates":[-112.16977,49.81203]}},{"type":"Feature","properties":{"name":"Tamarack Campsites","routes":["C2","C3"],"provs":["ON"],"desc":"description: https://parks.canada.ca/pn-np/on/bruce/activ/camping/cyprus<br>Type: National Park Campground<br>ID:","sym":"Campground"},"geometry":{"type":"Point","coordinates":[-81.52897,45.22805]}},{"type":"Feature","properties":{"name":"Telte-Yet Camp Site","routes":["C1","C2","CN","CA"],"provs":["BC"],"desc":"description: <br>Type: Privately Owned Campground<br>ID:","sym":"Campground"},"geometry":{"type":"Point","coordinates":[-121.44821,49.38242]}},{"type":"Feature","properties":{"name":"Tete Jaune Lodge - Campground","routes":["C3","CN"],"provs":["BC"],"desc":"description: Open May 1st (closed sometime before oct 8th)<br>(coin laundry, showers, washrooms)<br>Details from Google Maps<br>11957 L'Heureaux Rd, Fraser-Fort George H, BC V0E 2Z0<br>www.tetejaunelodge.com<br>+1 250-566-9815<br>Type: Privately Owned Campground<br>ID: 148.0","sym":"Campground"},"geometry":{"type":"Point","coordinates":[-119.44132,52.97585]}},{"type":"Feature","properties":{"name":"The camping Matane River / Camping Municipal de Matane1","routes":["C3","CN","CA","CL"],"provs":["QC"],"desc":"description: Details from Google Maps<br>150 Rte Louis F\u00e9lix Dionne, Matane, QC G4W 0E6<br>www.campingmatane.com<br>+1 418-562-3414<br>Type: Privately Owned Campground<br>ID: 237.0","sym":"Campground"},"geometry":{"type":"Point","coordinates":[-67.54224,48.82082]}},{"type":"Feature","properties":{"name":"The Chicken Shack Motel - campground","routes":["C1","C2","C3"],"provs":["ON"],"desc":"description: https://www.facebook.com/chickenshack2021/posts/pfbid02YQmjpozUsq6GrFNNwEHgJ4vHCVRbPt3zqKo26hNBuAmwuudqw1JzGC2LGMDsRBE4l<br>Campsites<br>Details from Google Maps<br>12460 ON-17, Batchawana Bay, ON P0S 1A0<br>+1 705-882-1700<br>Type: Privately Owned Campground<br>ID:","sym":"Campground"},"geometry":{"type":"Point","coordinates":[-84.66242,46.96349]}},{"type":"Feature","properties":{"name":"The Creekside","routes":["C3"],"provs":["BC"],"desc":"description: Recommended in the Biking Across Canada FB group<br>Details from Google Maps<br>7931 N Island Hwy, Black Creek, BC V9J 1G8<br>+1 250-240-1744<br>Type: Privately Owned Campground<br>ID: 276.0","sym":"Campground"},"geometry":{"type":"Point","coordinates":[-125.12109,49.81789]}},{"type":"Feature","properties":{"name":"The Lakeside at Thorburn","routes":["C3"],"provs":["NL"],"desc":"description: Yes tenting - asked on Google Maps place page <br>Details from Google Maps<br>Thorburn Lake, Trans-Canada Hwy, Clarenville, NL A5A 2C2<br>www.lakesideatthorburn.com<br>+1 877-330-3319<br>Type: Privately Owned Campground<br>ID: 332.0","sym":"Campground"},"geometry":{"type":"Point","coordinates":[-54.13479,48.274]}},{"type":"Feature","properties":{"name":"The Lakeview - Store and Campground","routes":["C2","CW"],"provs":["BC"],"desc":"description: Free showers, coin laundry, fire pits, picnic tables, WIFI on site<br>https://kootenaylakeview.com/camping-accomodation/<br>Type: Privately Owned Campground<br>ID:","sym":"Campground"},"geometry":{"type":"Point","coordinates":[-116.79469,49.60331]}},{"type":"Feature","properties":{"name":"The OldMill RV Park","routes":["C1","C3","CA"],"provs":["NL"],"desc":"description: <br>Type: Privately Owned Campground<br>ID:","sym":"Campground"},"geometry":{"type":"Point","coordinates":[-53.22784,47.39156]}},{"type":"Feature","properties":{"name":"The Stoughton Campground1","routes":["C2"],"provs":["SK"],"desc":"description: open May \u2013 September (weather permitting)<br>Details from Google Maps<br>Elizabeth Ave, Stoughton, SK S0G 4T0<br>https://stoughtonsk.ca/stoughton-campground/<br>+1 306-457-2413<br>Type: Municipal Campground<br>ID: 225.0","sym":"Campground"},"geometry":{"type":"Point","coordinates":[-103.03405,49.67818]}},{"type":"Feature","properties":{"name":"The Twisted Tent1","routes":["C1","C3","CN","CL"],"provs":["NS"],"desc":"description: <br>Type: Privately Owned Campground<br>ID:","sym":"Campground"},"geometry":{"type":"Point","coordinates":[-62.78738,45.56334]}},{"type":"Feature","properties":{"name":"The Victorian Motel and RV Park","routes":["C2"],"provs":["BC"],"desc":"description: may2024 asked on Google Places Listing<br>Details from Google Maps<br>Central Ave, 6451 BC-3, Grand Forks, BC V0H 1H9<br>thevic.live<br>+1 250-442-3011<br>Type: Tenting unconfirmed<br>ID:","sym":"Campground"},"geometry":{"type":"Point","coordinates":[-118.42359,49.02569]}},{"type":"Feature","properties":{"name":"The Yellow Butterfly Trading Post Campground","routes":["C1","C2","C3"],"provs":["ON"],"desc":"description: <br>Type: Privately Owned Campground<br>ID:","sym":"Campground"},"geometry":{"type":"Point","coordinates":[-83.2679,46.28981]}},{"type":"Feature","properties":{"name":"Thessalon Lakeside Park Campground1","routes":["C1","C2","C3","CA"],"provs":["ON"],"desc":"description: Approved Accommodation #33<br>Details from Google Maps<br>110 Lakeside Dr #100, Thessalon, ON P0R 1L0<br>https://thessalon.ca/explore/accommodations/<br>+1 705-842-2523<br>Type: Municipal Campground<br>ID: 33.0","sym":"Campground"},"geometry":{"type":"Point","coordinates":[-83.56659,46.26092]}},{"type":"Feature","properties":{"name":"Three Creeks Campground","routes":["C1","CA"],"provs":["MB"],"desc":"description: <br>Type: Municipal Campground<br>ID:","sym":"Campground"},"geometry":{"type":"Point","coordinates":[-98.94903,49.92224]}},{"type":"Feature","properties":{"name":"Three Sisters Campground (Bow Valley Provincial Park)","routes":["C1","C3","CN","CA"],"provs":["AB"],"desc":"description: Details from Google Maps<br>2 Ave, Bighorn No. 8, AB T1W 2W4<br>www.albertaparks.ca<br>+1 403-673-2163<br>Type: Provincial Park Campground<br>ID: 294.0","sym":"Campground"},"geometry":{"type":"Point","coordinates":[-115.26695,51.04119]}},{"type":"Feature","properties":{"name":"Thunder Bay KOA Holiday","routes":["C1","C2","C3"],"provs":["ON"],"desc":"description: <br>Type: Privately Owned Campground<br>ID:","sym":"Campground"},"geometry":{"type":"Point","coordinates":[-89.12893,48.499]}},{"type":"Feature","properties":{"name":"Tiny Village Ottawa River (formerly Ryan's campsite and Gifts)","routes":["C1","CA","CL"],"provs":["ON","QC"],"desc":"description: <br>Type: Privately Owned Campground<br>ID:","sym":"Campground"},"geometry":{"type":"Point","coordinates":[-77.55873,46.13798]}},{"type":"Feature","properties":{"name":"Tobermory Village Campground","routes":["C2","C3","CW"],"provs":["ON"],"desc":"description: <br>Type: Privately Owned Campground<br>ID:","sym":"Campground"},"geometry":{"type":"Point","coordinates":[-81.64209,45.23595]}},{"type":"Feature","properties":{"name":"Todd\u2018s Lakeside RV","routes":["C1"],"provs":["BC"],"desc":"description: 2025 Rates<br>TENTS<br>JULY 1 \u2013 AUG 31<br>FROM $48.00<br>MAY, JUNE, SEPT<br>FROM $42.00<br>https://toddslakeside.com/about/#rates<br>Type: Privately Owned Campground<br>ID:","sym":"Campground"},"geometry":{"type":"Point","coordinates":[-119.70993,49.78465]}},{"type":"Feature","properties":{"name":"Tomahawk Resort","routes":["C2","CA"],"provs":["ON"],"desc":"description: Yes tenting - confirmed on Google Maps place page<br>Details from Google Maps<br>101 Tomahawk Rd, Sioux Narrows, ON P0X 1N0<br>www.tomahawkresort.com<br>+1 800-465-1091<br>Type: Privately Owned Campground<br>ID: 326.0","sym":"Campground"},"geometry":{"type":"Point","coordinates":[-94.07188,49.40524]}},{"type":"Feature","properties":{"name":"Town Of Eastend Campground","routes":["C2"],"provs":["SK"],"desc":"description: On site washrooms, shower facilities, and sewage disposal available, along with barbecues, picnic tables, and sheltered cook area. Located next to a well-equipped playground, ball diamonds, Swimming Pool &amp; Splash Park and the Streambank Golf Course.<br>Details from Google Maps<br>Unnamed Road, Eastend, SK S0N 0T0<br>https://townofeastend.com/p/camping---eastend-campground<br>+1 306-295-3322<br>Type: Municipal Campground<br>ID: 217.0","sym":"Campground"},"geometry":{"type":"Point","coordinates":[-108.82822,49.51767]}},{"type":"Feature","properties":{"name":"Town Of Morse Campground","routes":["C1"],"provs":["SK"],"desc":"description: <br>Type: Municipal Campground<br>ID:","sym":"Campground"},"geometry":{"type":"Point","coordinates":[-107.03498,50.41383]}},{"type":"Feature","properties":{"name":"Town of Taber Trout Pond Campground","routes":["C2"],"provs":["AB"],"desc":"description: <br>Type: Municipal Campground<br>ID:","sym":"Campground"},"geometry":{"type":"Point","coordinates":[-112.18673,49.7944]}},{"type":"Feature","properties":{"name":"Trail Campground","routes":["C1","CA"],"provs":["SK"],"desc":"description: <br>Type: Privately Owned Campground<br>ID:","sym":"Campground"},"geometry":{"type":"Point","coordinates":[-107.81506,50.29142]}},{"type":"Feature","properties":{"name":"Travel Alberta Walsh Visitor Information Centre1","routes":["C1","C2"],"provs":["AB"],"desc":"description: *Reported that you can camp there, you need to ask at the visitors centre. (unconfirmed where the toilets are\u00a0 at night)<br>Details from Google Maps<br>430 Lehr Street, Walsh, AB T0J 3L0<br>www.travelalberta.com<br>Type: Unofficial Campground<br>ID:","sym":"Campground"},"geometry":{"type":"Point","coordinates":[-110.04282,49.94421]}},{"type":"Feature","properties":{"name":"Trent Severn Waterway, Lock 36 - Kirkfield Lift Lock","routes":["C3"],"provs":["ON"],"desc":"description: GPS: 44\u00b0 35' 22\" N ~ 78\u00b0 59' 23\" W<br>Mile # 169.4 (272.6 km)<br>Average Lift: 49 ft (14.9 m)<br>Phone # (705) 438-3126<br><br>Lockstations with camping:<br><br>Tent camping is allowed at most lockstations on the Trent-Severn Waterway at the discretion of the lockmaster on duty. Sites are typically located in grassy areas around the lockstation and adjacent the waterway's mooring walls and/or paddle docks.<br>https://parks.canada.ca/lhn-nhs/on/trentsevern/activ/camping/tente-tent<br>Type: National Park Campground<br>ID:","sym":"Campground"},"geometry":{"type":"Point","coordinates":[-78.99003,44.59014]}},{"type":"Feature","properties":{"name":"Trent-Severn Waterway, Lock 33 - Lindsay","routes":["C3","CA"],"provs":["ON"],"desc":"description: GPS: 44 21' 25\" N ~ 78 44' 17\" W<br>Mile # 156.4 (251.6 km)<br>Dimensions: 120' (36.6m) Long, 32' (9.7m) Wide<br>Average Lift: 7 ft (2.1 m)<br>Phone # (705) 324-2393<br><br>Lockstations with camping:<br><br>Tent camping is allowed at most lockstations on the Trent-Severn Waterway at the discretion of the lockmaster on duty. Sites are typically located in grassy areas around the lockstation and adjacent the waterway's mooring walls and/or paddle docks.<br>https://parks.canada.ca/lhn-nhs/on/trentsevern/activ/camping/tente-tent<br>Type: National Park Campground<br>ID:","sym":"Campground"},"geometry":{"type":"Point","coordinates":[-78.73503,44.35704]}},{"type":"Feature","properties":{"name":"Trowbridge Falls Municipal Campground","routes":["C1","C2","C3"],"provs":["ON"],"desc":"description: <br>Type: Municipal Campground<br>ID:","sym":"Campground"},"geometry":{"type":"Point","coordinates":[-89.18624,48.49052]}},{"type":"Feature","properties":{"name":"Tsawwassen RV Resort","routes":["C1","CN","CL","CW"],"provs":["BC"],"desc":"description: Not recommended, but exists if needed. (sites 61-66 is for tenting)<br>Type: Privately Owned Campground<br>ID:","sym":"Campground"},"geometry":{"type":"Point","coordinates":[-123.09214,49.03269]}},{"type":"Feature","properties":{"name":"Tuckkwiowhum Campground","routes":["CN","CA"],"provs":["BC"],"desc":"description: ID#262<br><br>Details from Google Maps<br>48500 Tuckkwiowhum Rd, Boston Bar, BC V0K 1C0<br>tuckkwiowhum.ca<br>+1 604-867-9089<br>Type: Privately Owned Campground<br>ID:","sym":"Campground"},"geometry":{"type":"Point","coordinates":[-121.43494,49.8387]}},{"type":"Feature","properties":{"name":"Tunnel Mountain Village II Campground","routes":["C1","C3"],"provs":["AB"],"desc":"description: (Shower building closed 2024)<br>Type: National Park Campground<br>ID:","sym":"Campground"},"geometry":{"type":"Point","coordinates":[-115.54087,51.18823]}},{"type":"Feature","properties":{"name":"Turtle Crossing","routes":["C1","CA"],"provs":["MB"],"desc":"description: <br>Type: Privately Owned Campground<br>ID:","sym":"Campground"},"geometry":{"type":"Point","coordinates":[-99.99652,49.86015]}},{"type":"Feature","properties":{"name":"Tyhee Lake Provincial Park","routes":["C3"],"provs":["BC"],"desc":"description: (pit toilets, showers, NOTE: reported that pottable water isn't available and not recommended to stay here)<br>Type: Provincial Park Campground<br>ID:","sym":"Campground"},"geometry":{"type":"Point","coordinates":[-127.03826,54.70674]}},{"type":"Feature","properties":{"name":"Tynehead RV Camp","routes":["C1","C2","CN","CL"],"provs":["BC"],"desc":"description: <br>Type: Privately Owned Campground<br>ID:","sym":"Campground"},"geometry":{"type":"Point","coordinates":[-122.77058,49.18797]}},{"type":"Feature","properties":{"name":"T\u00e9milac Inc","routes":["C2","CA"],"provs":["QC"],"desc":"description: Details from Google Maps<br>33 Rue de la Plage, T\u00e9miscouata-sur-le-Lac, QC G0L 1E0<br>www.chaletscampingtemilac.com<br>+1 418-854-7660<br>Type: Privately Owned Campground<br>ID: 90.0","sym":"Campground"},"geometry":{"type":"Point","coordinates":[-68.87964,47.68661]}},{"type":"Feature","properties":{"name":"Ucluelet Campground","routes":["C2"],"provs":["BC"],"desc":"description: Details from Google Maps<br>260 Seaplane Base Rd, Ucluelet, BC V0R 3A0<br>www.uclueletcampground.com<br>+1 250-726-4355<br>Type: Privately Owned Campground<br>ID: 261.0","sym":"Campground"},"geometry":{"type":"Point","coordinates":[-125.55786,48.94668]}},{"type":"Feature","properties":{"name":"UEL Heritage Centre & Park (Museum)","routes":["C2","C3","CA","CW"],"provs":["ON"],"desc":"description: Details from Google Maps<br>54 Adolphustown Park Rd, Bath, ON K0H 1G0<br>+1 613-373-2196<br>https://uel.ca/camping/park-and-camping-facilities/<br>Type: Privately Owned Campground<br>ID: 116.0","sym":"Campground"},"geometry":{"type":"Point","coordinates":[-77.00565,44.06131]}},{"type":"Feature","properties":{"name":"Unofficial Cyclists Campground - White River Tourist Information Centre","routes":["C1","C2","C3"],"provs":["ON"],"desc":"description: <br>Type: Unofficial Campground<br>ID:","sym":"Campground"},"geometry":{"type":"Point","coordinates":[-85.2772,48.59181]}},{"type":"Feature","properties":{"name":"Upper Brewers - Lock 44","routes":["C3"],"provs":["ON"],"desc":"description: 5) Allows tent camping for those arriving by water and also for cyclists and hikers.<br>https://www.rideau-info.com/canal/locks/43-44-upperbrewers.html<br>Type: National Park Campground<br>ID:","sym":"Campground"},"geometry":{"type":"Point","coordinates":[-76.31305,44.4123]}},{"type":"Feature","properties":{"name":"Upper Canada Migratory Bird Sanctuary Campground","routes":["C2"],"provs":["ON"],"desc":"description: <br>Type: Regional Park Campground<br>ID:","sym":"Campground"},"geometry":{"type":"Point","coordinates":[-75.01939,44.96181]}},{"type":"Feature","properties":{"name":"Vedder River Campground (open March 28 - Nov 1, 2024)","routes":["C2","CA","CL"],"provs":["BC"],"desc":"description: Details from Google Maps<br>5355 Giesbrecht Rd, Chilliwack, BC V2R 4R1<br>www.fvrd.ca<br>+1 604-823-6012<br>Type: Municipal Campground<br>ID: 113.0","sym":"Campground"},"geometry":{"type":"Point","coordinates":[-122.00683,49.09638]}},{"type":"Feature","properties":{"name":"Victoria Park Campground","routes":["C2"],"provs":["MB"],"desc":"description: (might be closed 1april2024)<br>It isn't listed on the accommodation page https://sourismanitoba.com/accommodations <br>The link to the camping is broken on the page <br>https://sourismanitoba.com/victoria-park<br>Type: Municipal Campground<br>ID:","sym":"Campground"},"geometry":{"type":"Point","coordinates":[-100.26273,49.61338]}},{"type":"Feature","properties":{"name":"Victoria Park Campgrounds1","routes":["C2","C3","CA","CL"],"provs":["ON"],"desc":"description: Details from Google Maps<br>138 Division St, Cobourg, ON K9A 3P3<br>https://www.cobourg.ca/en/parks-recreation-community/victoria-park-campground.aspx<br>+1 905-373-7321<br>Type: Municipal Campground<br>ID: 51.0","sym":"Campground"},"geometry":{"type":"Point","coordinates":[-78.16419,43.95784]}},{"type":"Feature","properties":{"name":"Viking Tent and Trailer Park","routes":["C1","C2","C3"],"provs":["ON"],"desc":"description: <br>Type: Privately Owned Campground<br>ID:","sym":"Campground"},"geometry":{"type":"Point","coordinates":[-83.2568,46.28088]}},{"type":"Feature","properties":{"name":"Virden Lions Park Campground","routes":["C1","CA"],"provs":["MB"],"desc":"description: SEASON: Open May 15 to September 15.<br>Details from Google Maps<br>121 MB-257, Virden, MB R0M 2C0<br>www.virdenlionscampground.com (website doesn't work) https://www.tourismwestman.ca/camp/virden-lions-park/ this shows some details<br>Type: Privately Owned Campground<br>ID: 44.0","sym":"Campground"},"geometry":{"type":"Point","coordinates":[-100.9245,49.84133]}},{"type":"Feature","properties":{"name":"Wabigoon Lake RV Park","routes":["C1","C3"],"provs":["ON"],"desc":"description: <br>Type: Privately Owned Campground<br>ID:","sym":"Campground"},"geometry":{"type":"Point","coordinates":[-92.59655,49.71632]}},{"type":"Feature","properties":{"name":"Waitabit Creek Campground","routes":["C1"],"provs":["BC"],"desc":"description: (toilets)<br>Type: Provincial Park Campground<br>ID:","sym":"Campground"},"geometry":{"type":"Point","coordinates":[-117.18472,51.50114]}},{"type":"Feature","properties":{"name":"Wapiti Campground (Canmore)","routes":["C1","C3","CN","CA"],"provs":["AB"],"desc":"description: Details from Google Maps<br>100 Ray McBride St, Canmore, AB T1W 0B1<br>www.wapiticamping.com<br>+1 403-678-9511<br>Type: Privately Owned Campground<br>ID: 290.0","sym":"Campground"},"geometry":{"type":"Point","coordinates":[-115.36559,51.10512]}},{"type":"Feature","properties":{"name":"Wapiti Campground (Jasper National Park)","routes":["C3","CA"],"provs":["AB"],"desc":"description: Open: May 15 to October 21, 2024<br> Reservable: Yes<br> Sites: 363<br>Fees: See full list of camping fees here<br> Site type:<br> Electrical, with fire pit<br> Electrical<br> Unserviced, with fire pit<br>On the shore of the Athabasca River, Wapiti Campground has sites for tenting and electrical hook-up spots for RVs. Offering 363 sites with amenities like hot showers, electricity and fire pits.<br><br>Can accommodate most sizes of motorhomes and trailers. Electrical campsites only are equipped with 15, 30, and 50 amp service.<br><br>To ensure the safety of campers, many dead and \u2026","sym":"Campground"},"geometry":{"type":"Point","coordinates":[-118.06257,52.83377]}},{"type":"Feature","properties":{"name":"Wapiti Lake Recreation Site","routes":["C2"],"provs":["BC"],"desc":"description: (pit toilets, mosquitos)<br>Type: Provincial Park Campground<br>ID:","sym":"Campground"},"geometry":{"type":"Point","coordinates":[-115.36295,49.38589]}},{"type":"Feature","properties":{"name":"Wasa Lake Park Campground","routes":["CN"],"provs":["BC"],"desc":"description: <br>Type: Provincial Park Campground<br>ID:","sym":"Campground"},"geometry":{"type":"Point","coordinates":[-115.72908,49.78146]}},{"type":"Feature","properties":{"name":"Wasaga Pines | A Parkbridge Cottage and RV Resort","routes":["C3"],"provs":["ON"],"desc":"description: Tenting is available (from booking website)<br>Type: Privately Owned Campground<br>ID:","sym":"Campground"},"geometry":{"type":"Point","coordinates":[-79.91048,44.5672]}},{"type":"Feature","properties":{"name":"Waterfowl Lakes Campground (Banff National Park)","routes":["C3","CA"],"provs":["AB"],"desc":"description: (water, toilets, cooking shelter) - no cell service on Icefields pkwy<br>Details from Google Maps<br>Icefields Pkwy, Jasper, AB T0Lhttps://parks.canada.ca/pn-np/ab/banff/activ/camping#waterfowl<br>Type: National Park Campground<br>ID: 166.0","sym":"Campground"},"geometry":{"type":"Point","coordinates":[-116.62043,51.84291]}},{"type":"Feature","properties":{"name":"Wawa RV Resort & Campground","routes":["C1","C2","C3","CA"],"provs":["ON"],"desc":"description: \"A nice area to pitch a tent or park a car! Many of our tent sites are located along the beautiful Magpie river and in close proximity to the washrooms.\"<br>https://wawarvresort.com/rates<br>Type: Privately Owned Campground<br>ID:","sym":"Campground"},"geometry":{"type":"Point","coordinates":[-84.80194,47.98269]}},{"type":"Feature","properties":{"name":"Wawanesa Community Park / Camping1","routes":["C2"],"provs":["MB"],"desc":"description: Open from May 13th to Oct 6th<br>Details from Google Maps<br>303 Water St, Wawanesa, MB R0K 2G0<br>www.oakland-wawanesa.ca<br>+1 204-824-2223<br>more details<br>https://www.campreservations.ca/campground/wawanesa-community-park-2578<br>Type: Municipal Campground<br>ID: 231.0","sym":"Campground"},"geometry":{"type":"Point","coordinates":[-99.68413,49.59892]}},{"type":"Feature","properties":{"name":"Wesley Clover Parks Campground","routes":["C1","C3"],"provs":["ON"],"desc":"description: indicates tent camping<br>https://campgrounds.rvlife.com/regions/ontario/ottawa/wesley-clover-parks-campground-5318<br>Details from Google Maps<br>411 Corkstown Rd, Ottawa, ON K2K 0J5<br>wesleycloverparks.com<br>+1 613-828-6632<br>Type: Municipal Campground<br>ID:","sym":"Campground"},"geometry":{"type":"Point","coordinates":[-75.86776,45.32986]}},{"type":"Feature","properties":{"name":"West Coast Shapes Surf Rentals - Ukee Poke - West Coast Campground","routes":["C2"],"provs":["BC"],"desc":"description: Booking website shows tenting available.<br>Details from Google Maps<br>2201 Pacific Rim Hwy, Ucluelet, BC V0R 3A0<br>wcsukee.com<br>+1 778-942-0622<br>Type: Privately Owned Campground<br>ID: 263.0","sym":"Campground"},"geometry":{"type":"Point","coordinates":[-125.59021,48.99261]}},{"type":"Feature","properties":{"name":"West Hawk Lake Campground","routes":["C1","C2","C3"],"provs":["MB"],"desc":"description: <br>Type: Provincial Park Campground<br>ID:","sym":"Campground"},"geometry":{"type":"Point","coordinates":[-95.2119,49.74601]}},{"type":"Feature","properties":{"name":"Westside Campsite","routes":["C1","CA"],"provs":["AB"],"desc":"description: https://brooksregiontourism.com/places_to_stay/westside-campground/<br>Type: Privately Owned Campground<br>ID:","sym":"Campground"},"geometry":{"type":"Point","coordinates":[-111.92923,50.55854]}},{"type":"Feature","properties":{"name":"Westwood Lake Campground Resort","routes":["C2","C3","CN","CA","CW"],"provs":["BC"],"desc":"description: https://westwoodlakecampgrounds.com/tent-camping/<br>Type: Privately Owned Campground<br>ID:","sym":"Campground"},"geometry":{"type":"Point","coordinates":[-123.99514,49.16415]}},{"type":"Feature","properties":{"name":"Whidden Park Campground & Cottages1","routes":["C1","C3","CN","CA"],"provs":["NS"],"desc":"description: Details from Google Maps<br>4 Park Ln, Antigonish, NS B2G 1N5<br>whiddens.com<br>+1 877-263-3736<br>Type: Privately Owned Campground<br>ID: 95.0","sym":"Campground"},"geometry":{"type":"Point","coordinates":[-61.99743,45.62182]}},{"type":"Feature","properties":{"name":"Whispering Pines - Curran, Ontario, Canada","routes":["C3"],"provs":["ON"],"desc":"description: <br>Type: Privately Owned Campground<br>ID:","sym":"Campground"},"geometry":{"type":"Point","coordinates":[-74.96323,45.4816]}},{"type":"Feature","properties":{"name":"Whispering Spruce Campground","routes":["C1","CN","CA"],"provs":["BC"],"desc":"description: <br>Type: Privately Owned Campground<br>ID:","sym":"Campground"},"geometry":{"type":"Point","coordinates":[-116.94776,51.30107]}},{"type":"Feature","properties":{"name":"Whistlers Campground (Jasper National Park)","routes":["C3","CA"],"provs":["AB"],"desc":"description: Details from Google Maps<br>67 19, Jasper, AB T0E 1E0<br>https://parks.canada.ca/pn-np/ab/jasper/activ/passez-stay/camping/whistlers<br>+1 877-737-3783<br>Type: National Park Campground<br>ID: 125.0","sym":"Campground"},"geometry":{"type":"Point","coordinates":[-118.07745,52.8505]}},{"type":"Feature","properties":{"name":"White Lake Provincial Park Campground","routes":["C1","C2","C3"],"provs":["ON"],"desc":"description: <br>Type: Provincial Park Campground<br>ID:","sym":"Campground"},"geometry":{"type":"Point","coordinates":[-85.64639,48.69452]}},{"type":"Feature","properties":{"name":"White River Resort","routes":["C3","CA"],"provs":["BC"],"desc":"description: \"Tenting near the river or between the trees.<br><br>White River Resort has a large tenting area that is set in a meadow, surrounded by trees, and bordered on one side by the White River.<br><br>Campers in this area have their own power sources 15 and 30 amp, and a water tap at each site. Washrooms with flush toilets and shower facilities are also provided. Showers are coin operated, they accept loonies only.\"<br>https://saywardwhiteriverresort.com/<br>Type: Privately Owned Campground<br>ID:","sym":"Campground"},"geometry":{"type":"Point","coordinates":[-125.91788,50.30712]}},{"type":"Feature","properties":{"name":"White Swan Park - Municipal Campground","routes":["C3"],"provs":["BC"],"desc":"description: Yes tents<br>https://www.campendium.com/white-swan-park-campground<br>Details from Google Maps<br>Park Dr, Fraser Lake, BC V0J<br>www.fraserlake.ca<br>+1 250-699-1723<br>Type: Municipal Campground<br>ID: 293.0","sym":"Campground"},"geometry":{"type":"Point","coordinates":[-124.84566,54.06288]}},{"type":"Feature","properties":{"name":"Whitemouth River Campground","routes":["C1","C2","C3"],"provs":["MB"],"desc":"description: <br>Type: Privately Owned Campground<br>ID:","sym":"Campground"},"geometry":{"type":"Point","coordinates":[-95.91038,49.63515]}},{"type":"Feature","properties":{"name":"Whitesand Lake Campground","routes":["C1","C2","C3"],"provs":["ON"],"desc":"description: <br>Type: Provincial Park Campground<br>ID:","sym":"Campground"},"geometry":{"type":"Point","coordinates":[-87.3946,48.83895]}},{"type":"Feature","properties":{"name":"Whitewood Campground","routes":["C1","CA"],"provs":["SK"],"desc":"description: Details from Google Maps<br>212 Lalonde St, Whitewood, SK S0G 5C0<br>townofwhitewood.ca<br>+1 306-735-2210<br>Type: Municipal Campground<br>ID: 72.0","sym":"Campground"},"geometry":{"type":"Point","coordinates":[-102.26804,50.33438]}},{"type":"Feature","properties":{"name":"Whycocomagh Provincial Park1","routes":["C1","CA"],"provs":["NS"],"desc":"description: 2024 Operating Season: June 7 to October 21, 2024<br>89 Provincial Park Road, Whycocomagh, NS B0E 3M0<br>Natural Resources and Renewables Office Whycocomagh<br>Details from Google Maps<br>89 Provincial Park Rd, Whycocomagh, NS B0E 3M0<br>https://parks.novascotia.ca/park/whycocomagh<br>+1 902-756-2339<br>Type: Provincial Park Campground<br>ID: 141.0","sym":"Campground"},"geometry":{"type":"Point","coordinates":[-61.10447,45.96701]}},{"type":"Feature","properties":{"name":"Widgawa Lodge & Outfitters","routes":["C2","C3"],"provs":["ON"],"desc":"description: <br>Type: Privately Owned Campground<br>ID:","sym":"Campground"},"geometry":{"type":"Point","coordinates":[-81.74019,46.14788]}},{"type":"Feature","properties":{"name":"Wilcox Creek Campground","routes":["C3"],"provs":["AB"],"desc":"description: Open: June 12 to September 16, 2024<br>https://parks.canada.ca/pn-np/ab/jasper/activ/passez-stay/camping?utm_source=gmb&amp;utm_medium=wilcox#wilcox<br>Type: National Park Campground<br>ID:","sym":"Campground"},"geometry":{"type":"Point","coordinates":[-117.17684,52.21879]}},{"type":"Feature","properties":{"name":"Wild Nature Campground","routes":["CN"],"provs":["NS"],"desc":"description: Pet Friendly, Picnic Table, Fire Pit, Free WIFI, Clean Washrooms<br> Hot Showers<br> Lynch Lake (use at own risk)<br> Trails<br>https://www.wildnaturecampground.com/services-9<br>Details from Google Maps<br>20961 NS-2, Shubenacadie East, NS B0N 2H0<br>www.wildnaturecampground.com<br>+1 902-758-1631<br>Type: Privately Owned Campground<br>ID: 354.0","sym":"Campground"},"geometry":{"type":"Point","coordinates":[-63.39038,45.10151]}},{"type":"Feature","properties":{"name":"Wild Oaks Campground1","routes":["C1","C2","C3","CA"],"provs":["MB"],"desc":"description: (Asked about open-season on Google Maps listing 19july2014)<br>Yes tenting <br>https://campgrounds.rvlife.com/regions/manitoba/richer/wild-oaks-campground-253624 <br>Details from Google Maps<br>Wild Oaks Campground 45136, MB-302, Richer, MB R0E 1S0<br>www.wildoaks.ca<br>+1 204-422-6175<br>Type: Privately Owned Campground<br>ID: 102.0","sym":"Campground"},"geometry":{"type":"Point","coordinates":[-96.45764,49.67509]}},{"type":"Feature","properties":{"name":"WildRose Campground & RV Park","routes":["C1","C2","CN","CA"],"provs":["BC"],"desc":"description: Has sign on website<br>Approved Accommodation #3<br>Details from Google Maps<br>62030 Flood Hope Rd, Hope, BC V0X 1L2<br>www.wildrosecamp.com<br>+1 604-869-9842<br>Privately Owned Campground<br>Type: Approved Accommodation (campground)<br>ID: 3.0","sym":"Campground"},"geometry":{"type":"Point","coordinates":[-121.51303,49.36575]}},{"type":"Feature","properties":{"name":"Wildrose Trailer Park Ltd","routes":["C1","C2","CA"],"provs":["AB"],"desc":"description: \"Tents will only be allowed in our tenting area.\"<br>https://wildroserv.ca/<br>Type: Privately Owned Campground<br>ID:","sym":"Campground"},"geometry":{"type":"Point","coordinates":[-110.70809,50.02839]}},{"type":"Feature","properties":{"name":"Will-O-Bend Golf & RV Park","routes":["C2"],"provs":["BC"],"desc":"description: (tenting confirmed in 2023)<br>Type: Privately Owned Campground<br>ID:","sym":"Campground"},"geometry":{"type":"Point","coordinates":[-115.27394,49.37764]}},{"type":"Feature","properties":{"name":"Williams Park","routes":["C3"],"provs":["MB"],"desc":"description: <br>Type: Municipal Campground<br>ID:","sym":"Campground"},"geometry":{"type":"Point","coordinates":[-98.95435,50.2294]}},{"type":"Feature","properties":{"name":"Williamson Lake Campground","routes":["C1","CA"],"provs":["BC"],"desc":"description: Low Season - OPENING DAY TO JUNE 14 - SEPTEMBER 14 TO September 30 - EXCLUDES MAY LONG WEEKEND<br>High Season - JUNE 15 TO SEPTEMBER 15 MAY LONG WEEKEND<br>Details from Google Maps<br>1817 Williamsons Lake Rd, Revelstoke, BC V0E 2S1<br>www.williamsonlakecampground.ca<br>+1 250-837-8806<br>Type: Privately Owned Campground<br>ID: 280.0","sym":"Campground"},"geometry":{"type":"Point","coordinates":[-118.172,50.96776]}},{"type":"Feature","properties":{"name":"Willow Rock Campground","routes":["C1","C3","CN"],"provs":["AB"],"desc":"description: <br>Type: Provincial Park Campground<br>ID:","sym":"Campground"},"geometry":{"type":"Point","coordinates":[-115.05856,51.08267]}},{"type":"Feature","properties":{"name":"Willowbend Campground & Cabins","routes":["C1","C2","CN","CA"],"provs":["SK"],"desc":"description: <br>Type: Privately Owned Campground<br>ID:","sym":"Campground"},"geometry":{"type":"Point","coordinates":[-109.48661,49.91082]}},{"type":"Feature","properties":{"name":"Willows RV Park & Campground","routes":["C1","C2","C3"],"provs":["ON"],"desc":"description: <br>Type: Privately Owned Campground<br>ID:","sym":"Campground"},"geometry":{"type":"Point","coordinates":[-94.29271,49.72977]}},{"type":"Feature","properties":{"name":"Windywaters Campground","routes":["C3"],"provs":["BC"],"desc":"description: \" Windy Waters is an off-grid rustic campground and offers large sites with picnic tables, fire pits, and outhouses.<br><br>RV / campers are $30 per night, tents are $20. The rates include Wi-Fi which is installed at the office.\"<br>(copied 9may2024)<br>https://www.windywaters.ca/<br>Type: Privately Owned Campground<br>ID:","sym":"Campground"},"geometry":{"type":"Point","coordinates":[-126.91686,50.33543]}},{"type":"Feature","properties":{"name":"Winnipeg West KOA Journey","routes":["C1","C3","CA"],"provs":["MB"],"desc":"description: Details from Google Maps<br>588 Jones Dr S, Winnipeg, MB R4L 1A1<br>https://koa.com/campgrounds/winnipeg-west/<br>+1 204-864-2917<br>Type: Privately Owned Campground<br>ID: 234.0","sym":"Campground"},"geometry":{"type":"Point","coordinates":[-97.50851,49.88712]}},{"type":"Feature","properties":{"name":"Witset RV Park and Campground","routes":["C3"],"provs":["BC"],"desc":"description: (Washrooms, laundry, internet)<br>Type: Municipal Campground<br>ID:","sym":"Campground"},"geometry":{"type":"Point","coordinates":[-127.32534,55.01381]}},{"type":"Feature","properties":{"name":"Woodlands Campground","routes":["C2"],"provs":["ON"],"desc":"description: <br>Type: Regional Park Campground<br>ID:","sym":"Campground"},"geometry":{"type":"Point","coordinates":[-74.95108,44.99472]}},{"type":"Feature","properties":{"name":"Woss Lake Campground","routes":["C3","CA"],"provs":["BC"],"desc":"description: \"Wilderness camping<br><br>There are no designated campsites at this park, however random wilderness camping is allowed. All sites are on a first come, first serve basis and no facilities are provided. Please practice \u201cLeave No Trace\u201d camping ethics.\"<br><br>https://bcparks.ca/woss-lake-park/#park-camping-details-container<br>Type: Provincial Park Campground<br>ID: 176.0","sym":"Campground"},"geometry":{"type":"Point","coordinates":[-126.6239,50.18615]}},{"type":"Feature","properties":{"name":"Wright's Beach Camp","routes":["C1","CA"],"provs":["BC"],"desc":"description: (wifi, laundry, coin showers, washrooms, conv. store)<br>Type: Privately Owned Campground<br>ID:","sym":"Campground"},"geometry":{"type":"Point","coordinates":[-119.60864,49.45044]}},{"type":"Feature","properties":{"name":"Yahk Motel & Campground","routes":["C2"],"provs":["BC"],"desc":"description: (showers, laundry)<br>Type: Privately Owned Campground<br>ID:","sym":"Campground"},"geometry":{"type":"Point","coordinates":[-116.09706,49.08119]}},{"type":"Feature","properties":{"name":"Yahk Provincial Park Campground","routes":["C2"],"provs":["BC"],"desc":"description: (cold water taps, pit toilets)<br>Type: Provincial Park Campground<br>ID:","sym":"Campground"},"geometry":{"type":"Point","coordinates":[-116.09478,49.0813]}},{"type":"Feature","properties":{"name":"Yard Creek Campground","routes":["C1"],"provs":["BC"],"desc":"description: <br>Type: Privately Owned Campground<br>ID:","sym":"Campground"},"geometry":{"type":"Point","coordinates":[-118.81431,50.89908]}},{"type":"Feature","properties":{"name":"Yorkton City Campground","routes":["C3","CA"],"provs":["SK"],"desc":"description: Details from Google Maps<br>320 York Rd W, Yorkton, SK S3N 3N5<br>www.yorkton.ca<br>+1 306-786-1757<br>Type: Municipal Campground<br>ID: 151.0","sym":"Campground"},"geometry":{"type":"Point","coordinates":[-102.48377,51.22421]}}]}