{"type":"FeatureCollection","features":[{"type":"Feature","properties":{"name":"Your Father's Moustache","routes":["C2","CN","CA","CL"],"provs":["NS"],"desc":"Pub\nFree wifi\nSource: \u00a9 OpenStreetMap contributors (ODbL) https://www.openstreetmap.org/node/26041177","sym":"Radio Beacon"},"geometry":{"type":"Point","coordinates":[-63.5792,44.64234]}},{"type":"Feature","properties":{"name":"GVPL: Central Branch","routes":["C1","C3","CA","CL"],"provs":["BC"],"desc":"Library\nSource: \u00a9 OpenStreetMap contributors (ODbL) https://www.openstreetmap.org/node/30189926","sym":"Radio Beacon"},"geometry":{"type":"Point","coordinates":[-123.36419,48.42305]}},{"type":"Feature","properties":{"name":"Enfield Big Stop Restaurant","routes":["CN","CA"],"provs":["NS"],"desc":"Restaurant\nFree wifi\nSource: \u00a9 OpenStreetMap contributors (ODbL) https://www.openstreetmap.org/node/32573955","sym":"Radio Beacon"},"geometry":{"type":"Point","coordinates":[-63.53707,44.92758]}},{"type":"Feature","properties":{"name":"Dilly Dally Coffee Cafe","routes":["C2","CN","CA","CL"],"provs":["NS"],"desc":"Caf\u00e9\nSource: \u00a9 OpenStreetMap contributors (ODbL) https://www.openstreetmap.org/node/33117712","sym":"Radio Beacon"},"geometry":{"type":"Point","coordinates":[-63.59316,44.64641]}},{"type":"Feature","properties":{"name":"Tim Hortons","routes":["C2","CN","CA","CL"],"provs":["NS"],"desc":"Caf\u00e9\nFree wifi\nSource: \u00a9 OpenStreetMap contributors (ODbL) https://www.openstreetmap.org/node/33117796","sym":"Radio Beacon"},"geometry":{"type":"Point","coordinates":[-63.60178,44.64425]}},{"type":"Feature","properties":{"name":"Tim Hortons","routes":["C1"],"provs":["NS"],"desc":"Caf\u00e9\nSource: \u00a9 OpenStreetMap contributors (ODbL) https://www.openstreetmap.org/node/33977768","sym":"Radio Beacon"},"geometry":{"type":"Point","coordinates":[-60.78049,46.08786]}},{"type":"Feature","properties":{"name":"Tim Hortons","routes":["C2"],"provs":["ON"],"desc":"Caf\u00e9\nSource: \u00a9 OpenStreetMap contributors (ODbL) https://www.openstreetmap.org/node/54965507","sym":"Radio Beacon"},"geometry":{"type":"Point","coordinates":[-79.40627,43.6524]}},{"type":"Feature","properties":{"name":"McDonald's","routes":["C2"],"provs":["ON"],"desc":"Fast food\nFree wifi\nSource: \u00a9 OpenStreetMap contributors (ODbL) https://www.openstreetmap.org/node/54965526","sym":"Radio Beacon"},"geometry":{"type":"Point","coordinates":[-79.40619,43.65209]}},{"type":"Feature","properties":{"name":"Toronto Public Library - Sanderson","routes":["C2"],"provs":["ON"],"desc":"Library\nFree wifi\nSource: \u00a9 OpenStreetMap contributors (ODbL) https://www.openstreetmap.org/node/54965547","sym":"Radio Beacon"},"geometry":{"type":"Point","coordinates":[-79.40546,43.6521]}},{"type":"Feature","properties":{"name":"D'Arcy McGee's","routes":["C1","C3","CN","CA"],"provs":["ON"],"desc":"Pub\nSource: \u00a9 OpenStreetMap contributors (ODbL) https://www.openstreetmap.org/node/60890260","sym":"Radio Beacon"},"geometry":{"type":"Point","coordinates":[-75.69582,45.4234]}},{"type":"Feature","properties":{"name":"DQ Grill & Chill","routes":["C2","C3","CL"],"provs":["ON"],"desc":"Fast food\nSource: \u00a9 OpenStreetMap contributors (ODbL) https://www.openstreetmap.org/node/109176631","sym":"Radio Beacon"},"geometry":{"type":"Point","coordinates":[-76.49224,44.2333]}},{"type":"Feature","properties":{"name":"McDonald's","routes":["C2","C3","CL"],"provs":["ON"],"desc":"Fast food\nSource: \u00a9 OpenStreetMap contributors (ODbL) https://www.openstreetmap.org/node/160765969","sym":"Radio Beacon"},"geometry":{"type":"Point","coordinates":[-76.48924,44.23251]}},{"type":"Feature","properties":{"name":"Atlantic Superstore","routes":["C2","CN","CA","CL"],"provs":["NS"],"desc":"Supermarket\nFree wifi\nSource: \u00a9 OpenStreetMap contributors (ODbL) https://www.openstreetmap.org/node/233241896","sym":"Radio Beacon"},"geometry":{"type":"Point","coordinates":[-63.69101,44.77359]}},{"type":"Feature","properties":{"name":"Columbus Caf\u00e9 & Co","routes":["C1","C2","CN","CA","CL"],"provs":["QC"],"desc":"Caf\u00e9\nFree wifi\nSource: \u00a9 OpenStreetMap contributors (ODbL) https://www.openstreetmap.org/node/237590709","sym":"Radio Beacon"},"geometry":{"type":"Point","coordinates":[-73.59592,45.51984]}},{"type":"Feature","properties":{"name":"Freshies Cafe","routes":["C2","CA"],"provs":["BC"],"desc":"Caf\u00e9\nFree wifi\nSource: \u00a9 OpenStreetMap contributors (ODbL) https://www.openstreetmap.org/node/248124846","sym":"Radio Beacon"},"geometry":{"type":"Point","coordinates":[-115.06085,49.50419]}},{"type":"Feature","properties":{"name":"Stone's Throw Cafe","routes":["C2","CA"],"provs":["AB"],"desc":"Caf\u00e9\nFree wifi\nSource: \u00a9 OpenStreetMap contributors (ODbL) https://www.openstreetmap.org/node/251842682","sym":"Radio Beacon"},"geometry":{"type":"Point","coordinates":[-114.43711,49.60789]}},{"type":"Feature","properties":{"name":"Chalet","routes":["C3"],"provs":["AB"],"desc":"Caf\u00e9\nSource: \u00a9 OpenStreetMap contributors (ODbL) https://www.openstreetmap.org/node/263466944","sym":"Radio Beacon"},"geometry":{"type":"Point","coordinates":[-117.22405,52.22037]}},{"type":"Feature","properties":{"name":"Mofer Coffee Front St","routes":["C2"],"provs":["ON"],"desc":"Caf\u00e9\nWifi for customers\nSource: \u00a9 OpenStreetMap contributors (ODbL) https://www.openstreetmap.org/node/276474692","sym":"Radio Beacon"},"geometry":{"type":"Point","coordinates":[-79.37356,43.64838]}},{"type":"Feature","properties":{"name":"Starbucks","routes":["C2"],"provs":["ON"],"desc":"Caf\u00e9\nSource: \u00a9 OpenStreetMap contributors (ODbL) https://www.openstreetmap.org/node/276476517","sym":"Radio Beacon"},"geometry":{"type":"Point","coordinates":[-79.37822,43.64927]}},{"type":"Feature","properties":{"name":"GVPL: Saanich Centennial Library Branch","routes":["C1","C3","CA","CL"],"provs":["BC"],"desc":"Library\nSource: \u00a9 OpenStreetMap contributors (ODbL) https://www.openstreetmap.org/node/276836287","sym":"Radio Beacon"},"geometry":{"type":"Point","coordinates":[-123.39881,48.45387]}},{"type":"Feature","properties":{"name":"Queen Street Warehouse","routes":["C2"],"provs":["ON"],"desc":"Bar\nFree wifi\nSource: \u00a9 OpenStreetMap contributors (ODbL) https://www.openstreetmap.org/node/281658961","sym":"Radio Beacon"},"geometry":{"type":"Point","coordinates":[-79.39018,43.65019]}},{"type":"Feature","properties":{"name":"Gyubee Japanese Grill","routes":["C2"],"provs":["ON"],"desc":"Restaurant\nFree wifi\nNetwork: Geubee Guest WiFi\nSource: \u00a9 OpenStreetMap contributors (ODbL) https://www.openstreetmap.org/node/281671474","sym":"Radio Beacon"},"geometry":{"type":"Point","coordinates":[-79.38582,43.65515]}},{"type":"Feature","properties":{"name":"Red Beard Cafe","routes":["CN","CA"],"provs":["BC"],"desc":"Caf\u00e9\nSource: \u00a9 OpenStreetMap contributors (ODbL) https://www.openstreetmap.org/node/291658061","sym":"Radio Beacon"},"geometry":{"type":"Point","coordinates":[-120.35919,50.69131]}},{"type":"Feature","properties":{"name":"Chez Piggy","routes":["C2","C3","CL"],"provs":["ON"],"desc":"Restaurant\nSource: \u00a9 OpenStreetMap contributors (ODbL) https://www.openstreetmap.org/node/293253628","sym":"Radio Beacon"},"geometry":{"type":"Point","coordinates":[-76.48153,44.2311]}},{"type":"Feature","properties":{"name":"Denny's","routes":["C1","C3"],"provs":["AB"],"desc":"Restaurant\nSource: \u00a9 OpenStreetMap contributors (ODbL) https://www.openstreetmap.org/node/300621739","sym":"Radio Beacon"},"geometry":{"type":"Point","coordinates":[-114.05452,51.09683]}},{"type":"Feature","properties":{"name":"Tim Hortons","routes":["C1","C2","C3"],"provs":["QC"],"desc":"Caf\u00e9\nSource: \u00a9 OpenStreetMap contributors (ODbL) https://www.openstreetmap.org/node/300778265","sym":"Radio Beacon"},"geometry":{"type":"Point","coordinates":[-71.43697,46.7497]}},{"type":"Feature","properties":{"name":"Tim Hortons","routes":["CL"],"provs":["ON"],"desc":"Caf\u00e9\nWifi for customers\nSource: \u00a9 OpenStreetMap contributors (ODbL) https://www.openstreetmap.org/node/302416906","sym":"Radio Beacon"},"geometry":{"type":"Point","coordinates":[-79.38421,43.8056]}},{"type":"Feature","properties":{"name":"Decades Coffee Club","routes":["C1","C2","CA"],"provs":["BC"],"desc":"Caf\u00e9\nSource: \u00a9 OpenStreetMap contributors (ODbL) https://www.openstreetmap.org/node/306226745","sym":"Radio Beacon"},"geometry":{"type":"Point","coordinates":[-121.95606,49.17198]}},{"type":"Feature","properties":{"name":"Tim Hortons","routes":["C1","C2","CA"],"provs":["BC"],"desc":"Caf\u00e9\nFree wifi\nSource: \u00a9 OpenStreetMap contributors (ODbL) https://www.openstreetmap.org/node/306279670","sym":"Radio Beacon"},"geometry":{"type":"Point","coordinates":[-121.95821,49.14414]}},{"type":"Feature","properties":{"name":"Swiss Chalet Express","routes":["C2"],"provs":["ON"],"desc":"Restaurant\nSource: \u00a9 OpenStreetMap contributors (ODbL) https://www.openstreetmap.org/node/315665144","sym":"Radio Beacon"},"geometry":{"type":"Point","coordinates":[-79.29293,43.67169]}},{"type":"Feature","properties":{"name":"Wild Flour Bakery","routes":["C1","C3"],"provs":["AB"],"desc":"Caf\u00e9\nFree wifi\nSource: \u00a9 OpenStreetMap contributors (ODbL) https://www.openstreetmap.org/node/341203803","sym":"Radio Beacon"},"geometry":{"type":"Point","coordinates":[-115.5726,51.17715]}},{"type":"Feature","properties":{"name":"Toronto Public Library - North York Central Library","routes":["CL"],"provs":["ON"],"desc":"Library\nFree wifi\nSource: \u00a9 OpenStreetMap contributors (ODbL) https://www.openstreetmap.org/node/349203862","sym":"Radio Beacon"},"geometry":{"type":"Point","coordinates":[-79.4148,43.76813]}},{"type":"Feature","properties":{"name":"Toronto Public Library - Bridlewood","routes":["CL"],"provs":["ON"],"desc":"Library\nFree wifi\nSource: \u00a9 OpenStreetMap contributors (ODbL) https://www.openstreetmap.org/node/371732150","sym":"Radio Beacon"},"geometry":{"type":"Point","coordinates":[-79.31908,43.7993]}},{"type":"Feature","properties":{"name":"Toronto Public Library - St. Lawrence","routes":["C2"],"provs":["ON"],"desc":"Library\nFree wifi\nSource: \u00a9 OpenStreetMap contributors (ODbL) https://www.openstreetmap.org/node/380040875","sym":"Radio Beacon"},"geometry":{"type":"Point","coordinates":[-79.36845,43.64996]}},{"type":"Feature","properties":{"name":"McDonald's","routes":["C2"],"provs":["ON"],"desc":"Fast food\nFree wifi\nSource: \u00a9 OpenStreetMap contributors (ODbL) https://www.openstreetmap.org/node/380040883","sym":"Radio Beacon"},"geometry":{"type":"Point","coordinates":[-79.37035,43.64952]}},{"type":"Feature","properties":{"name":"Au Pain Dor\u00e9 Bakery","routes":["C2"],"provs":["ON"],"desc":"Caf\u00e9\nWifi for customers\nSource: \u00a9 OpenStreetMap contributors (ODbL) https://www.openstreetmap.org/node/380041239","sym":"Radio Beacon"},"geometry":{"type":"Point","coordinates":[-79.37271,43.64871]}},{"type":"Feature","properties":{"name":"PriceSmart Foods","routes":["CN","CA","CL","CW"],"provs":["BC"],"desc":"Supermarket\nSource: \u00a9 OpenStreetMap contributors (ODbL) https://www.openstreetmap.org/node/384254535","sym":"Radio Beacon"},"geometry":{"type":"Point","coordinates":[-123.13324,49.17146]}},{"type":"Feature","properties":{"name":"Espace 400e Bell","routes":["C1","C2","C3","CA","CW"],"provs":["QC"],"desc":"Museum\nFree wifi\nSource: \u00a9 OpenStreetMap contributors (ODbL) https://www.openstreetmap.org/node/388330237","sym":"Radio Beacon"},"geometry":{"type":"Point","coordinates":[-71.20544,46.81732]}},{"type":"Feature","properties":{"name":"McDonald's","routes":["C2"],"provs":["ON"],"desc":"Fast food\nSource: \u00a9 OpenStreetMap contributors (ODbL) https://www.openstreetmap.org/node/389607956","sym":"Radio Beacon"},"geometry":{"type":"Point","coordinates":[-79.37555,43.65309]}},{"type":"Feature","properties":{"name":"Elephant & Castle","routes":["C2"],"provs":["ON"],"desc":"Pub\nWifi for customers\nSource: \u00a9 OpenStreetMap contributors (ODbL) https://www.openstreetmap.org/node/391171996","sym":"Radio Beacon"},"geometry":{"type":"Point","coordinates":[-79.38633,43.6475]}},{"type":"Feature","properties":{"name":"Save-On-Foods","routes":["C1","C3","CA","CL","CW"],"provs":["BC"],"desc":"Supermarket\nSource: \u00a9 OpenStreetMap contributors (ODbL) https://www.openstreetmap.org/node/393136461","sym":"Radio Beacon"},"geometry":{"type":"Point","coordinates":[-123.40232,48.64814]}},{"type":"Feature","properties":{"name":"Caf\u00e9 Les Cousins","routes":["C1","C2","C3","CA","CW"],"provs":["QC"],"desc":"Caf\u00e9\nFree wifi\nSource: \u00a9 OpenStreetMap contributors (ODbL) https://www.openstreetmap.org/node/400271605","sym":"Radio Beacon"},"geometry":{"type":"Point","coordinates":[-71.22608,46.80404]}},{"type":"Feature","properties":{"name":"Caf\u00e9 Krieghoff","routes":["C1","C2","C3","CA","CW"],"provs":["QC"],"desc":"Caf\u00e9\nSource: \u00a9 OpenStreetMap contributors (ODbL) https://www.openstreetmap.org/node/400283014","sym":"Radio Beacon"},"geometry":{"type":"Point","coordinates":[-71.22543,46.80355]}},{"type":"Feature","properties":{"name":"Le Blaxton","routes":["C1","C2","C3","CA","CW"],"provs":["QC"],"desc":"Pub\nSource: \u00a9 OpenStreetMap contributors (ODbL) https://www.openstreetmap.org/node/400291856","sym":"Radio Beacon"},"geometry":{"type":"Point","coordinates":[-71.22475,46.80296]}},{"type":"Feature","properties":{"name":"A&W","routes":["C2"],"provs":["ON"],"desc":"Fast food\nFree wifi\nSource: \u00a9 OpenStreetMap contributors (ODbL) https://www.openstreetmap.org/node/401521684","sym":"Radio Beacon"},"geometry":{"type":"Point","coordinates":[-79.39596,43.64904]}},{"type":"Feature","properties":{"name":"Snooty Fox","routes":["C2"],"provs":["NB"],"desc":"Pub\nSource: \u00a9 OpenStreetMap contributors (ODbL) https://www.openstreetmap.org/node/410781499","sym":"Radio Beacon"},"geometry":{"type":"Point","coordinates":[-66.63888,45.96071]}},{"type":"Feature","properties":{"name":"Brewbakers","routes":["C2"],"provs":["NB"],"desc":"Restaurant\nSource: \u00a9 OpenStreetMap contributors (ODbL) https://www.openstreetmap.org/node/410783753","sym":"Radio Beacon"},"geometry":{"type":"Point","coordinates":[-66.64112,45.96035]}},{"type":"Feature","properties":{"name":"Carribean Flavas","routes":["C2"],"provs":["NB"],"desc":"Restaurant\nSource: \u00a9 OpenStreetMap contributors (ODbL) https://www.openstreetmap.org/node/410785672","sym":"Radio Beacon"},"geometry":{"type":"Point","coordinates":[-66.64458,45.9617]}},{"type":"Feature","properties":{"name":"Hasty Market","routes":["C2"],"provs":["ON"],"desc":"Convenience store\nFree wifi\nSource: \u00a9 OpenStreetMap contributors (ODbL) https://www.openstreetmap.org/node/410801675","sym":"Radio Beacon"},"geometry":{"type":"Point","coordinates":[-79.39,43.65614]}},{"type":"Feature","properties":{"name":"Starbucks","routes":["C2","CN","CL"],"provs":["BC"],"desc":"Caf\u00e9\nSource: \u00a9 OpenStreetMap contributors (ODbL) https://www.openstreetmap.org/node/411900948","sym":"Radio Beacon"},"geometry":{"type":"Point","coordinates":[-122.91228,49.27812]}},{"type":"Feature","properties":{"name":"Subway","routes":["C3","CN","CL"],"provs":["NB"],"desc":"Fast food\nSource: \u00a9 OpenStreetMap contributors (ODbL) https://www.openstreetmap.org/node/414269160","sym":"Radio Beacon"},"geometry":{"type":"Point","coordinates":[-64.70634,46.10368]}},{"type":"Feature","properties":{"name":"Starbucks","routes":["C2"],"provs":["ON"],"desc":"Caf\u00e9\nFree wifi\nSource: \u00a9 OpenStreetMap contributors (ODbL) https://www.openstreetmap.org/node/420549580","sym":"Radio Beacon"},"geometry":{"type":"Point","coordinates":[-79.38098,43.64001]}},{"type":"Feature","properties":{"name":"Tim Hortons","routes":["C1","C2","CN","CA","CL"],"provs":["QC"],"desc":"Caf\u00e9\nPaid wifi\nSource: \u00a9 OpenStreetMap contributors (ODbL) https://www.openstreetmap.org/node/424724186","sym":"Radio Beacon"},"geometry":{"type":"Point","coordinates":[-73.57025,45.51266]}},{"type":"Feature","properties":{"name":"Second Cup","routes":["C1","C2","CN","CA","CL"],"provs":["QC"],"desc":"Caf\u00e9\nSource: \u00a9 OpenStreetMap contributors (ODbL) https://www.openstreetmap.org/node/425718548","sym":"Radio Beacon"},"geometry":{"type":"Point","coordinates":[-73.56199,45.51459]}},{"type":"Feature","properties":{"name":"Tim Hortons","routes":["C1","C3","CN","CL"],"provs":["NS"],"desc":"Caf\u00e9\nFree wifi\nSource: \u00a9 OpenStreetMap contributors (ODbL) https://www.openstreetmap.org/node/430025388","sym":"Radio Beacon"},"geometry":{"type":"Point","coordinates":[-62.66764,45.57638]}},{"type":"Feature","properties":{"name":"McDonald's","routes":["C1","CN","CA","CL","CW"],"provs":["BC"],"desc":"Fast food\nSource: \u00a9 OpenStreetMap contributors (ODbL) https://www.openstreetmap.org/node/448152523","sym":"Radio Beacon"},"geometry":{"type":"Point","coordinates":[-123.09422,49.13302]}},{"type":"Feature","properties":{"name":"Starbucks","routes":["CL"],"provs":["ON"],"desc":"Caf\u00e9\nSource: \u00a9 OpenStreetMap contributors (ODbL) https://www.openstreetmap.org/node/453882215","sym":"Radio Beacon"},"geometry":{"type":"Point","coordinates":[-79.41289,43.76829]}},{"type":"Feature","properties":{"name":"Chez Cora","routes":["C1","C2","CN","CA","CL"],"provs":["QC"],"desc":"Restaurant\nFree wifi\nSource: \u00a9 OpenStreetMap contributors (ODbL) https://www.openstreetmap.org/node/454890863","sym":"Radio Beacon"},"geometry":{"type":"Point","coordinates":[-73.62246,45.44023]}},{"type":"Feature","properties":{"name":"McKibbins Irish Pub","routes":["C1","C2","CN","CA","CL"],"provs":["QC"],"desc":"Pub\nFree wifi\nSource: \u00a9 OpenStreetMap contributors (ODbL) https://www.openstreetmap.org/node/458913001","sym":"Radio Beacon"},"geometry":{"type":"Point","coordinates":[-73.57121,45.51344]}},{"type":"Feature","properties":{"name":"La Fabrique de Bagel","routes":["C1","C2","CN","CA","CL"],"provs":["QC"],"desc":"Restaurant\nWifi for customers\nSource: \u00a9 OpenStreetMap contributors (ODbL) https://www.openstreetmap.org/node/458913003","sym":"Radio Beacon"},"geometry":{"type":"Point","coordinates":[-73.57203,45.5138]}},{"type":"Feature","properties":{"name":"Starbucks","routes":["C1","C2","CN","CA","CL"],"provs":["QC"],"desc":"Caf\u00e9\nSource: \u00a9 OpenStreetMap contributors (ODbL) https://www.openstreetmap.org/node/458918543","sym":"Radio Beacon"},"geometry":{"type":"Point","coordinates":[-73.57262,45.51406]}},{"type":"Feature","properties":{"name":"Les Deux Gamins","routes":["C1","C2","CN","CA","CL"],"provs":["QC"],"desc":"Restaurant\nSource: \u00a9 OpenStreetMap contributors (ODbL) https://www.openstreetmap.org/node/458919689","sym":"Radio Beacon"},"geometry":{"type":"Point","coordinates":[-73.57104,45.51551]}},{"type":"Feature","properties":{"name":"Ottawa Public Library - Main Branch","routes":["C1","C3","CN","CA"],"provs":["ON"],"desc":"Library\nSource: \u00a9 OpenStreetMap contributors (ODbL) https://www.openstreetmap.org/node/465516286","sym":"Radio Beacon"},"geometry":{"type":"Point","coordinates":[-75.69544,45.42029]}},{"type":"Feature","properties":{"name":"Taisho Japanese Grill & Bar","routes":["C1","C3","CA","CL"],"provs":["BC"],"desc":"Restaurant\nSource: \u00a9 OpenStreetMap contributors (ODbL) https://www.openstreetmap.org/node/466996295","sym":"Radio Beacon"},"geometry":{"type":"Point","coordinates":[-123.35686,48.41421]}},{"type":"Feature","properties":{"name":"Tim Hortons","routes":["C1","C2","CN","CA","CL"],"provs":["QC"],"desc":"Caf\u00e9\nPaid wifi\nSource: \u00a9 OpenStreetMap contributors (ODbL) https://www.openstreetmap.org/node/468969740","sym":"Radio Beacon"},"geometry":{"type":"Point","coordinates":[-73.56006,45.50565]}},{"type":"Feature","properties":{"name":"Exhibition","routes":["C2"],"provs":["ON"],"desc":"Train station\nFree wifi\nSource: \u00a9 OpenStreetMap contributors (ODbL) https://www.openstreetmap.org/node/471170591","sym":"Radio Beacon"},"geometry":{"type":"Point","coordinates":[-79.41885,43.63601]}},{"type":"Feature","properties":{"name":"McDonald's","routes":["C2","CN","CA","CL"],"provs":["BC"],"desc":"Fast food\nSource: \u00a9 OpenStreetMap contributors (ODbL) https://www.openstreetmap.org/node/471726482","sym":"Radio Beacon"},"geometry":{"type":"Point","coordinates":[-123.02428,49.26588]}},{"type":"Feature","properties":{"name":"Wired Monk","routes":["C2","CN","CA","CL"],"provs":["NS"],"desc":"Caf\u00e9\nSource: \u00a9 OpenStreetMap contributors (ODbL) https://www.openstreetmap.org/node/475876928","sym":"Radio Beacon"},"geometry":{"type":"Point","coordinates":[-63.56997,44.64221]}},{"type":"Feature","properties":{"name":"Pizzeria PrimaStrada","routes":["C1","C3","CA","CL"],"provs":["BC"],"desc":"Restaurant\nSource: \u00a9 OpenStreetMap contributors (ODbL) https://www.openstreetmap.org/node/477193715","sym":"Radio Beacon"},"geometry":{"type":"Point","coordinates":[-123.35691,48.41411]}},{"type":"Feature","properties":{"name":"Cora's","routes":["C2","CN","CA","CL"],"provs":["NS"],"desc":"Restaurant\nFree wifi\nSource: \u00a9 OpenStreetMap contributors (ODbL) https://www.openstreetmap.org/node/477721804","sym":"Radio Beacon"},"geometry":{"type":"Point","coordinates":[-63.661,44.73036]}},{"type":"Feature","properties":{"name":"Bedford Public Library","routes":["C2","CN","CA","CL"],"provs":["NS"],"desc":"Library\nFree wifi\nSource: \u00a9 OpenStreetMap contributors (ODbL) https://www.openstreetmap.org/node/478234503","sym":"Radio Beacon"},"geometry":{"type":"Point","coordinates":[-63.65567,44.72938]}},{"type":"Feature","properties":{"name":"Swiss Chalet","routes":["C2","CN","CA","CL"],"provs":["NS"],"desc":"Restaurant\nSource: \u00a9 OpenStreetMap contributors (ODbL) https://www.openstreetmap.org/node/480573199","sym":"Radio Beacon"},"geometry":{"type":"Point","coordinates":[-63.65684,44.73531]}},{"type":"Feature","properties":{"name":"Ducky's Pub","routes":["C3"],"provs":["NB"],"desc":"Pub\nSource: \u00a9 OpenStreetMap contributors (ODbL) https://www.openstreetmap.org/node/482576003","sym":"Radio Beacon"},"geometry":{"type":"Point","coordinates":[-64.36779,45.89784]}},{"type":"Feature","properties":{"name":"Van Houtte","routes":["C1","C2","CN","CA","CL"],"provs":["QC"],"desc":"Caf\u00e9\nSource: \u00a9 OpenStreetMap contributors (ODbL) https://www.openstreetmap.org/node/486668548","sym":"Radio Beacon"},"geometry":{"type":"Point","coordinates":[-73.57464,45.49323]}},{"type":"Feature","properties":{"name":"Subway","routes":["C2"],"provs":["ON"],"desc":"Fast food\nSource: \u00a9 OpenStreetMap contributors (ODbL) https://www.openstreetmap.org/node/491912656","sym":"Radio Beacon"},"geometry":{"type":"Point","coordinates":[-79.3831,43.6424]}},{"type":"Feature","properties":{"name":"Pizza Nova","routes":["C2","CA","CL"],"provs":["ON"],"desc":"Fast food\nFree wifi\nSource: \u00a9 OpenStreetMap contributors (ODbL) https://www.openstreetmap.org/node/495884111","sym":"Radio Beacon"},"geometry":{"type":"Point","coordinates":[-79.2,43.74699]}},{"type":"Feature","properties":{"name":"Toronto Public Library - Guildwood","routes":["C2","CA","CL"],"provs":["ON"],"desc":"Library\nFree wifi\nSource: \u00a9 OpenStreetMap contributors (ODbL) https://www.openstreetmap.org/node/495884112","sym":"Radio Beacon"},"geometry":{"type":"Point","coordinates":[-79.19967,43.74687]}},{"type":"Feature","properties":{"name":"Starbucks","routes":["C1","C2","CN","CA","CL"],"provs":["QC"],"desc":"Caf\u00e9\nFree wifi\nSource: \u00a9 OpenStreetMap contributors (ODbL) https://www.openstreetmap.org/node/497839303","sym":"Radio Beacon"},"geometry":{"type":"Point","coordinates":[-73.58161,45.52569]}},{"type":"Feature","properties":{"name":"Nesters Market","routes":["C2","CN","CA","CL"],"provs":["BC"],"desc":"Supermarket\nSource: \u00a9 OpenStreetMap contributors (ODbL) https://www.openstreetmap.org/node/505778836","sym":"Radio Beacon"},"geometry":{"type":"Point","coordinates":[-123.12169,49.27864]}},{"type":"Feature","properties":{"name":"Pub Le Vieux","routes":["C1","C2","CN"],"provs":["QC"],"desc":"Pub\nSource: \u00a9 OpenStreetMap contributors (ODbL) https://www.openstreetmap.org/node/506656123","sym":"Radio Beacon"},"geometry":{"type":"Point","coordinates":[-73.4505,45.61296]}},{"type":"Feature","properties":{"name":"Needs","routes":["C2","CN","CL"],"provs":["NS"],"desc":"Convenience store\nFree wifi\nSource: \u00a9 OpenStreetMap contributors (ODbL) https://www.openstreetmap.org/node/513971383","sym":"Radio Beacon"},"geometry":{"type":"Point","coordinates":[-63.67734,44.7149]}},{"type":"Feature","properties":{"name":"Starbucks","routes":["C2","CN","CA","CL"],"provs":["BC"],"desc":"Caf\u00e9\nFree wifi\nSource: \u00a9 OpenStreetMap contributors (ODbL) https://www.openstreetmap.org/node/518120632","sym":"Radio Beacon"},"geometry":{"type":"Point","coordinates":[-123.01216,49.28121]}},{"type":"Feature","properties":{"name":"Copper Eagle Cappuccino & Bakery","routes":["C2"],"provs":["BC"],"desc":"Caf\u00e9\nSource: \u00a9 OpenStreetMap contributors (ODbL) https://www.openstreetmap.org/node/529680336","sym":"Radio Beacon"},"geometry":{"type":"Point","coordinates":[-118.6775,49.08792]}},{"type":"Feature","properties":{"name":"La Br\u00fblerie d'Ici","routes":["C1","C3"],"provs":["QC"],"desc":"Caf\u00e9\nSource: \u00a9 OpenStreetMap contributors (ODbL) https://www.openstreetmap.org/node/554705084","sym":"Radio Beacon"},"geometry":{"type":"Point","coordinates":[-68.53213,48.4495]}},{"type":"Feature","properties":{"name":"Toronto Public Library - Swansea Memorial","routes":["C2"],"provs":["ON"],"desc":"Library\nFree wifi\nSource: \u00a9 OpenStreetMap contributors (ODbL) https://www.openstreetmap.org/node/557784661","sym":"Radio Beacon"},"geometry":{"type":"Point","coordinates":[-79.47787,43.6476]}},{"type":"Feature","properties":{"name":"Tim Hortons","routes":["C2"],"provs":["ON"],"desc":"Caf\u00e9\nFree wifi\nSource: \u00a9 OpenStreetMap contributors (ODbL) https://www.openstreetmap.org/node/575209692","sym":"Radio Beacon"},"geometry":{"type":"Point","coordinates":[-79.38898,43.65452]}},{"type":"Feature","properties":{"name":"Budgies Burritos","routes":["C2","CN","CA","CL"],"provs":["BC"],"desc":"Fast food\nSource: \u00a9 OpenStreetMap contributors (ODbL) https://www.openstreetmap.org/node/582801100","sym":"Radio Beacon"},"geometry":{"type":"Point","coordinates":[-123.10044,49.26357]}},{"type":"Feature","properties":{"name":"Ignite Pizzeria","routes":["C2","CN","CA","CL"],"provs":["BC"],"desc":"Restaurant\nFree wifi\nSource: \u00a9 OpenStreetMap contributors (ODbL) https://www.openstreetmap.org/node/582801421","sym":"Radio Beacon"},"geometry":{"type":"Point","coordinates":[-123.10074,49.26215]}},{"type":"Feature","properties":{"name":"VPL: Mount Pleasant Branch","routes":["C2","CN","CA","CL"],"provs":["BC"],"desc":"Library\nSource: \u00a9 OpenStreetMap contributors (ODbL) https://www.openstreetmap.org/node/582801479","sym":"Radio Beacon"},"geometry":{"type":"Point","coordinates":[-123.10034,49.26428]}},{"type":"Feature","properties":{"name":"Milestones","routes":["C1","C3","CN","CA"],"provs":["ON","QC"],"desc":"Restaurant\nWifi for customers\nSource: \u00a9 OpenStreetMap contributors (ODbL) https://www.openstreetmap.org/node/588151181","sym":"Radio Beacon"},"geometry":{"type":"Point","coordinates":[-75.69418,45.42561]}},{"type":"Feature","properties":{"name":"Cosette","routes":["C2"],"provs":["ON"],"desc":"Caf\u00e9\nFree wifi\nSource: \u00a9 OpenStreetMap contributors (ODbL) https://www.openstreetmap.org/node/588647081","sym":"Radio Beacon"},"geometry":{"type":"Point","coordinates":[-79.45924,43.6547]}},{"type":"Feature","properties":{"name":"Starbucks","routes":["CN"],"provs":["ON"],"desc":"Caf\u00e9\nFree wifi\nSource: \u00a9 OpenStreetMap contributors (ODbL) https://www.openstreetmap.org/node/599897448","sym":"Radio Beacon"},"geometry":{"type":"Point","coordinates":[-79.56006,43.84441]}},{"type":"Feature","properties":{"name":"Coffee & Company","routes":["C2","C3","CL"],"provs":["ON"],"desc":"Caf\u00e9\nFree wifi\nSource: \u00a9 OpenStreetMap contributors (ODbL) https://www.openstreetmap.org/node/603340129","sym":"Radio Beacon"},"geometry":{"type":"Point","coordinates":[-76.48074,44.23143]}},{"type":"Feature","properties":{"name":"McDonald's","routes":["C1","C3"],"provs":["AB"],"desc":"Fast food\nFree wifi\nSource: \u00a9 OpenStreetMap contributors (ODbL) https://www.openstreetmap.org/node/616963571","sym":"Radio Beacon"},"geometry":{"type":"Point","coordinates":[-115.57072,51.17525]}},{"type":"Feature","properties":{"name":"Tim Hortons","routes":["C2","CN","CA","CL"],"provs":["NS"],"desc":"Caf\u00e9\nFree wifi\nSource: \u00a9 OpenStreetMap contributors (ODbL) https://www.openstreetmap.org/node/620086269","sym":"Radio Beacon"},"geometry":{"type":"Point","coordinates":[-63.69229,44.78339]}},{"type":"Feature","properties":{"name":"Tom's Family Restaurant","routes":["C2","CN","CA","CL"],"provs":["NS"],"desc":"Restaurant\nFree wifi\nSource: \u00a9 OpenStreetMap contributors (ODbL) https://www.openstreetmap.org/node/620808558","sym":"Radio Beacon"},"geometry":{"type":"Point","coordinates":[-63.68497,44.76841]}},{"type":"Feature","properties":{"name":"Subway","routes":["C2"],"provs":["ON"],"desc":"Fast food\nWifi for customers\nSource: \u00a9 OpenStreetMap contributors (ODbL) https://www.openstreetmap.org/node/621944512","sym":"Radio Beacon"},"geometry":{"type":"Point","coordinates":[-79.38371,43.64623]}},{"type":"Feature","properties":{"name":"Choices Market","routes":["C2","CN","CA","CL"],"provs":["BC"],"desc":"Supermarket\nWifi for customers\nNetwork: SupportLocalChoices\nSource: \u00a9 OpenStreetMap contributors (ODbL) https://www.openstreetmap.org/node/635890635","sym":"Radio Beacon"},"geometry":{"type":"Point","coordinates":[-123.1657,49.25787]}},{"type":"Feature","properties":{"name":"McDonald's","routes":["C2","CN","CA","CL"],"provs":["BC"],"desc":"Fast food\nSource: \u00a9 OpenStreetMap contributors (ODbL) https://www.openstreetmap.org/node/635894583","sym":"Radio Beacon"},"geometry":{"type":"Point","coordinates":[-123.17807,49.26404]}},{"type":"Feature","properties":{"name":"Blenz Coffee","routes":["C2","CN","CA","CL"],"provs":["BC"],"desc":"Caf\u00e9\nFree wifi\nSource: \u00a9 OpenStreetMap contributors (ODbL) https://www.openstreetmap.org/node/638747935","sym":"Radio Beacon"},"geometry":{"type":"Point","coordinates":[-123.12649,49.27716]}},{"type":"Feature","properties":{"name":"Waves Coffee House","routes":["C2","CN","CA","CL"],"provs":["BC"],"desc":"Caf\u00e9\nSource: \u00a9 OpenStreetMap contributors (ODbL) https://www.openstreetmap.org/node/638771020","sym":"Radio Beacon"},"geometry":{"type":"Point","coordinates":[-123.12249,49.28072]}},{"type":"Feature","properties":{"name":"Fools & Horses","routes":["C1","C2","C3","CN"],"provs":["MB"],"desc":"Caf\u00e9\nSource: \u00a9 OpenStreetMap contributors (ODbL) https://www.openstreetmap.org/node/638868123","sym":"Radio Beacon"},"geometry":{"type":"Point","coordinates":[-97.13153,49.88712]}},{"type":"Feature","properties":{"name":"Tim Hortons","routes":["C2","CN","CL"],"provs":["BC"],"desc":"Caf\u00e9\nFree wifi\nSource: \u00a9 OpenStreetMap contributors (ODbL) https://www.openstreetmap.org/node/644156753","sym":"Radio Beacon"},"geometry":{"type":"Point","coordinates":[-122.26614,49.02513]}},{"type":"Feature","properties":{"name":"Wendy's","routes":["C2","CN","CL"],"provs":["BC"],"desc":"Fast food\nFree wifi\nSource: \u00a9 OpenStreetMap contributors (ODbL) https://www.openstreetmap.org/node/644156755","sym":"Radio Beacon"},"geometry":{"type":"Point","coordinates":[-122.26614,49.02499]}},{"type":"Feature","properties":{"name":"VPL: Kitsilano Branch","routes":["C2","CN","CA","CL"],"provs":["BC"],"desc":"Library\nSource: \u00a9 OpenStreetMap contributors (ODbL) https://www.openstreetmap.org/node/644342011","sym":"Radio Beacon"},"geometry":{"type":"Point","coordinates":[-123.16872,49.26472]}},{"type":"Feature","properties":{"name":"The Keg","routes":["C2","CN","CA","CL"],"provs":["BC"],"desc":"Restaurant\nSource: \u00a9 OpenStreetMap contributors (ODbL) https://www.openstreetmap.org/node/652955247","sym":"Radio Beacon"},"geometry":{"type":"Point","coordinates":[-123.11937,49.27656]}},{"type":"Feature","properties":{"name":"Toronto Public Library - Gerrard/Ashdale","routes":["C2"],"provs":["ON"],"desc":"Library\nFree wifi\nSource: \u00a9 OpenStreetMap contributors (ODbL) https://www.openstreetmap.org/node/658419968","sym":"Radio Beacon"},"geometry":{"type":"Point","coordinates":[-79.32209,43.67247]}},{"type":"Feature","properties":{"name":"Starbucks","routes":["C1","C3","CN"],"provs":["ON"],"desc":"Caf\u00e9\nSource: \u00a9 OpenStreetMap contributors (ODbL) https://www.openstreetmap.org/node/671852037","sym":"Radio Beacon"},"geometry":{"type":"Point","coordinates":[-75.78799,45.34953]}},{"type":"Feature","properties":{"name":"The Old Spaghetti Factory","routes":["C1","C3"],"provs":["AB"],"desc":"Restaurant\nFree wifi\nSource: \u00a9 OpenStreetMap contributors (ODbL) https://www.openstreetmap.org/node/678187048","sym":"Radio Beacon"},"geometry":{"type":"Point","coordinates":[-115.57145,51.17869]}},{"type":"Feature","properties":{"name":"Starbucks","routes":["C1","C3","CN","CA"],"provs":["ON"],"desc":"Caf\u00e9\nSource: \u00a9 OpenStreetMap contributors (ODbL) https://www.openstreetmap.org/node/686659922","sym":"Radio Beacon"},"geometry":{"type":"Point","coordinates":[-75.75734,45.39056]}},{"type":"Feature","properties":{"name":"Grand Falls Library","routes":["C2","CA"],"provs":["NB"],"desc":"Library\nSource: \u00a9 OpenStreetMap contributors (ODbL) https://www.openstreetmap.org/node/701483579","sym":"Radio Beacon"},"geometry":{"type":"Point","coordinates":[-67.74252,47.04491]}},{"type":"Feature","properties":{"name":"McDonald's","routes":["C2","CN","CA","CL"],"provs":["BC"],"desc":"Fast food\nSource: \u00a9 OpenStreetMap contributors (ODbL) https://www.openstreetmap.org/node/704317952","sym":"Radio Beacon"},"geometry":{"type":"Point","coordinates":[-123.11626,49.26349]}},{"type":"Feature","properties":{"name":"Tim Hortons","routes":["C2","CN","CA","CL"],"provs":["BC"],"desc":"Caf\u00e9\nSource: \u00a9 OpenStreetMap contributors (ODbL) https://www.openstreetmap.org/node/704317961","sym":"Radio Beacon"},"geometry":{"type":"Point","coordinates":[-123.12339,49.26351]}},{"type":"Feature","properties":{"name":"Blenz Coffee","routes":["C2","CN","CA","CL"],"provs":["BC"],"desc":"Caf\u00e9\nFree wifi\nSource: \u00a9 OpenStreetMap contributors (ODbL) https://www.openstreetmap.org/node/729134582","sym":"Radio Beacon"},"geometry":{"type":"Point","coordinates":[-123.11972,49.26345]}},{"type":"Feature","properties":{"name":"Tim Hortons","routes":["C1"],"provs":["NB"],"desc":"Caf\u00e9\nSource: \u00a9 OpenStreetMap contributors (ODbL) https://www.openstreetmap.org/node/731450147","sym":"Radio Beacon"},"geometry":{"type":"Point","coordinates":[-64.30077,46.21787]}},{"type":"Feature","properties":{"name":"Tim Hortons","routes":["C1","C3","CN","CA"],"provs":["ON"],"desc":"Caf\u00e9\nSource: \u00a9 OpenStreetMap contributors (ODbL) https://www.openstreetmap.org/node/736395925","sym":"Radio Beacon"},"geometry":{"type":"Point","coordinates":[-75.69588,45.42087]}},{"type":"Feature","properties":{"name":"Starbucks","routes":["C1","C3","CN","CA"],"provs":["ON"],"desc":"Caf\u00e9\nSource: \u00a9 OpenStreetMap contributors (ODbL) https://www.openstreetmap.org/node/736395952","sym":"Radio Beacon"},"geometry":{"type":"Point","coordinates":[-75.69575,45.42122]}},{"type":"Feature","properties":{"name":"Tim Hortons","routes":["C2","CN","CA","CL"],"provs":["NS"],"desc":"Caf\u00e9\nSource: \u00a9 OpenStreetMap contributors (ODbL) https://www.openstreetmap.org/node/761848503","sym":"Radio Beacon"},"geometry":{"type":"Point","coordinates":[-63.57224,44.64911]}},{"type":"Feature","properties":{"name":"Bridgehead","routes":["C1","C3","CN","CA"],"provs":["ON"],"desc":"Caf\u00e9\nSource: \u00a9 OpenStreetMap contributors (ODbL) https://www.openstreetmap.org/node/765363806","sym":"Radio Beacon"},"geometry":{"type":"Point","coordinates":[-75.69739,45.42265]}},{"type":"Feature","properties":{"name":"Planet Coffee","routes":["C1","C3","CN","CA"],"provs":["ON","QC"],"desc":"Caf\u00e9\nSource: \u00a9 OpenStreetMap contributors (ODbL) https://www.openstreetmap.org/node/765366980","sym":"Radio Beacon"},"geometry":{"type":"Point","coordinates":[-75.69364,45.42712]}},{"type":"Feature","properties":{"name":"Starbucks","routes":["C1","CN","CA","CL","CW"],"provs":["BC"],"desc":"Caf\u00e9\nSource: \u00a9 OpenStreetMap contributors (ODbL) https://www.openstreetmap.org/node/768354545","sym":"Radio Beacon"},"geometry":{"type":"Point","coordinates":[-123.09249,49.13252]}},{"type":"Feature","properties":{"name":"McDonald's","routes":["C2","CN","CA","CL"],"provs":["BC"],"desc":"Fast food\nSource: \u00a9 OpenStreetMap contributors (ODbL) https://www.openstreetmap.org/node/768417669","sym":"Radio Beacon"},"geometry":{"type":"Point","coordinates":[-123.13807,49.26343]}},{"type":"Feature","properties":{"name":"Starbucks","routes":["CN","CA","CL","CW"],"provs":["BC"],"desc":"Caf\u00e9\nFree wifi\nNetwork: Starbucks Wifi\nSource: \u00a9 OpenStreetMap contributors (ODbL) https://www.openstreetmap.org/node/768967487","sym":"Radio Beacon"},"geometry":{"type":"Point","coordinates":[-123.13611,49.17227]}},{"type":"Feature","properties":{"name":"Blenz Coffee","routes":["CN","CA","CL","CW"],"provs":["BC"],"desc":"Caf\u00e9\nWifi for customers\nSource: \u00a9 OpenStreetMap contributors (ODbL) https://www.openstreetmap.org/node/768967659","sym":"Radio Beacon"},"geometry":{"type":"Point","coordinates":[-123.1359,49.17129]}},{"type":"Feature","properties":{"name":"RPL: Ironwood Branch","routes":["C1","CN","CA","CL","CW"],"provs":["BC"],"desc":"Library\nFree wifi\nSource: \u00a9 OpenStreetMap contributors (ODbL) https://www.openstreetmap.org/node/769429957","sym":"Radio Beacon"},"geometry":{"type":"Point","coordinates":[-123.09289,49.13201]}},{"type":"Feature","properties":{"name":"Starbucks","routes":["C2"],"provs":["ON"],"desc":"Caf\u00e9\nFree wifi\nSource: \u00a9 OpenStreetMap contributors (ODbL) https://www.openstreetmap.org/node/769509931","sym":"Radio Beacon"},"geometry":{"type":"Point","coordinates":[-79.38478,43.65529]}},{"type":"Feature","properties":{"name":"BPL: Temporary Cameron Branch","routes":["C2","CN","CL"],"provs":["BC"],"desc":"Library\nSource: \u00a9 OpenStreetMap contributors (ODbL) https://www.openstreetmap.org/node/769845268","sym":"Radio Beacon"},"geometry":{"type":"Point","coordinates":[-122.89528,49.25093]}},{"type":"Feature","properties":{"name":"Pizzaiolo","routes":["C2"],"provs":["ON"],"desc":"Fast food\nWifi for customers\nSource: \u00a9 OpenStreetMap contributors (ODbL) https://www.openstreetmap.org/node/773499474","sym":"Radio Beacon"},"geometry":{"type":"Point","coordinates":[-79.39106,43.65428]}},{"type":"Feature","properties":{"name":"The Deck Kitchen + Bar","routes":["C2","CN","CA","CL","CW"],"provs":["BC"],"desc":"Restaurant\nSource: \u00a9 OpenStreetMap contributors (ODbL) https://www.openstreetmap.org/node/778608339","sym":"Radio Beacon"},"geometry":{"type":"Point","coordinates":[-123.13923,49.19069]}},{"type":"Feature","properties":{"name":"Starbucks","routes":["C2","CN","CA","CL","CW"],"provs":["BC"],"desc":"Caf\u00e9\nSource: \u00a9 OpenStreetMap contributors (ODbL) https://www.openstreetmap.org/node/778656979","sym":"Radio Beacon"},"geometry":{"type":"Point","coordinates":[-123.12941,49.19126]}},{"type":"Feature","properties":{"name":"Lee's Donuts","routes":["C2","CN","CA","CL"],"provs":["BC"],"desc":"Caf\u00e9\nSource: \u00a9 OpenStreetMap contributors (ODbL) https://www.openstreetmap.org/node/779225247","sym":"Radio Beacon"},"geometry":{"type":"Point","coordinates":[-123.10857,49.28439]}},{"type":"Feature","properties":{"name":"Biblioth\u00e8que Gatien-Lapointe","routes":["C1","C2","C3","CN","CA","CW"],"provs":["QC"],"desc":"Library\nSource: \u00a9 OpenStreetMap contributors (ODbL) https://www.openstreetmap.org/node/801622953","sym":"Radio Beacon"},"geometry":{"type":"Point","coordinates":[-72.54292,46.34293]}},{"type":"Feature","properties":{"name":"The Royal Oak","routes":["C1","C3","CN","CA"],"provs":["ON"],"desc":"Pub\nSource: \u00a9 OpenStreetMap contributors (ODbL) https://www.openstreetmap.org/node/808846235","sym":"Radio Beacon"},"geometry":{"type":"Point","coordinates":[-75.73127,45.4002]}},{"type":"Feature","properties":{"name":"Golden Gecko Coffee","routes":["C2","CL"],"provs":["ON"],"desc":"Caf\u00e9\nSource: \u00a9 OpenStreetMap contributors (ODbL) https://www.openstreetmap.org/node/817903484","sym":"Radio Beacon"},"geometry":{"type":"Point","coordinates":[-79.48735,43.65596]}},{"type":"Feature","properties":{"name":"Jumping Bean Coffee Company","routes":["C3","CA"],"provs":["NL"],"desc":"Caf\u00e9\nFree wifi\nSource: \u00a9 OpenStreetMap contributors (ODbL) https://www.openstreetmap.org/node/828826003","sym":"Radio Beacon"},"geometry":{"type":"Point","coordinates":[-54.60779,48.95603]}},{"type":"Feature","properties":{"name":"Higher Ground","routes":["C1","C3"],"provs":["AB"],"desc":"Caf\u00e9\nFree wifi\nSource: \u00a9 OpenStreetMap contributors (ODbL) https://www.openstreetmap.org/node/834921331","sym":"Radio Beacon"},"geometry":{"type":"Point","coordinates":[-114.08778,51.05262]}},{"type":"Feature","properties":{"name":"Caf\u00e9 Morgane","routes":["C1","C2","C3","CN","CA","CW"],"provs":["QC"],"desc":"Caf\u00e9\nWifi for customers\nSource: \u00a9 OpenStreetMap contributors (ODbL) https://www.openstreetmap.org/node/842869149","sym":"Radio Beacon"},"geometry":{"type":"Point","coordinates":[-72.54062,46.34194]}},{"type":"Feature","properties":{"name":"Montreal Poutine","routes":["C1","C2","CN","CA","CL"],"provs":["QC"],"desc":"Fast food\nFree wifi\nNetwork: mpoutine\nSource: \u00a9 OpenStreetMap contributors (ODbL) https://www.openstreetmap.org/node/864716914","sym":"Radio Beacon"},"geometry":{"type":"Point","coordinates":[-73.55268,45.50737]}},{"type":"Feature","properties":{"name":"Chase Public Library","routes":["CN"],"provs":["BC"],"desc":"Library\nSource: \u00a9 OpenStreetMap contributors (ODbL) https://www.openstreetmap.org/node/869829097","sym":"Radio Beacon"},"geometry":{"type":"Point","coordinates":[-119.69008,50.81907]}},{"type":"Feature","properties":{"name":"McDonald's","routes":["C2","CN","CL"],"provs":["BC"],"desc":"Fast food\nSource: \u00a9 OpenStreetMap contributors (ODbL) https://www.openstreetmap.org/node/872939061","sym":"Radio Beacon"},"geometry":{"type":"Point","coordinates":[-122.49388,49.05911]}},{"type":"Feature","properties":{"name":"Caf\u00e9 Cherrier","routes":["C1","C2","CN","CA","CL"],"provs":["QC"],"desc":"Restaurant\nSource: \u00a9 OpenStreetMap contributors (ODbL) https://www.openstreetmap.org/node/874174378","sym":"Radio Beacon"},"geometry":{"type":"Point","coordinates":[-73.56984,45.51819]}},{"type":"Feature","properties":{"name":"Wicked Cafe","routes":["C2","CN","CA","CL"],"provs":["BC"],"desc":"Caf\u00e9\nWifi for customers\nSource: \u00a9 OpenStreetMap contributors (ODbL) https://www.openstreetmap.org/node/876023068","sym":"Radio Beacon"},"geometry":{"type":"Point","coordinates":[-123.13588,49.26542]}},{"type":"Feature","properties":{"name":"Starbucks","routes":["C2","CN","CA","CL"],"provs":["BC"],"desc":"Caf\u00e9\nFree wifi\nSource: \u00a9 OpenStreetMap contributors (ODbL) https://www.openstreetmap.org/node/883782277","sym":"Radio Beacon"},"geometry":{"type":"Point","coordinates":[-123.11496,49.2541]}},{"type":"Feature","properties":{"name":"Brasserie Cherrier","routes":["C1","C2","CN","CA","CL"],"provs":["QC"],"desc":"Bar\nFree wifi\nSource: \u00a9 OpenStreetMap contributors (ODbL) https://www.openstreetmap.org/node/894442648","sym":"Radio Beacon"},"geometry":{"type":"Point","coordinates":[-73.57017,45.51798]}},{"type":"Feature","properties":{"name":"Cascades Motel and Resaurant","routes":["C2"],"provs":["ON"],"desc":"Restaurant\nFree wifi\nSource: \u00a9 OpenStreetMap contributors (ODbL) https://www.openstreetmap.org/node/896486686","sym":"Radio Beacon"},"geometry":{"type":"Point","coordinates":[-89.61641,48.40158]}},{"type":"Feature","properties":{"name":"Starbucks","routes":["C2","CN","CL"],"provs":["BC"],"desc":"Caf\u00e9\nFree wifi\nSource: \u00a9 OpenStreetMap contributors (ODbL) https://www.openstreetmap.org/node/899617117","sym":"Radio Beacon"},"geometry":{"type":"Point","coordinates":[-122.26582,49.02796]}},{"type":"Feature","properties":{"name":"Vancouver Tourism Visitor Centre","routes":["C2","CN","CA","CL"],"provs":["BC"],"desc":"Visitor centre\nFree wifi\nSource: \u00a9 OpenStreetMap contributors (ODbL) https://www.openstreetmap.org/node/911593829","sym":"Radio Beacon"},"geometry":{"type":"Point","coordinates":[-123.11516,49.28793]}},{"type":"Feature","properties":{"name":"Tim Hortons","routes":["C2","CN","CA","CL"],"provs":["BC"],"desc":"Caf\u00e9\nSource: \u00a9 OpenStreetMap contributors (ODbL) https://www.openstreetmap.org/node/914679797","sym":"Radio Beacon"},"geometry":{"type":"Point","coordinates":[-123.14078,49.26383]}},{"type":"Feature","properties":{"name":"Jasper Pizza Place","routes":["C3","CA"],"provs":["AB"],"desc":"Restaurant\nSource: \u00a9 OpenStreetMap contributors (ODbL) https://www.openstreetmap.org/node/915215739","sym":"Radio Beacon"},"geometry":{"type":"Point","coordinates":[-118.07958,52.87884]}},{"type":"Feature","properties":{"name":"Tim Hortons","routes":["C1","C3"],"provs":["NB"],"desc":"Caf\u00e9\nSource: \u00a9 OpenStreetMap contributors (ODbL) https://www.openstreetmap.org/node/919098415","sym":"Radio Beacon"},"geometry":{"type":"Point","coordinates":[-65.71662,47.78046]}},{"type":"Feature","properties":{"name":"Java u","routes":["C1","C2","CN","CA","CL"],"provs":["QC"],"desc":"Caf\u00e9\nSource: \u00a9 OpenStreetMap contributors (ODbL) https://www.openstreetmap.org/node/936979474","sym":"Radio Beacon"},"geometry":{"type":"Point","coordinates":[-73.57291,45.50538]}},{"type":"Feature","properties":{"name":"VPL: Firehall Branch","routes":["C2","CN","CA","CL"],"provs":["BC"],"desc":"Library\nSource: \u00a9 OpenStreetMap contributors (ODbL) https://www.openstreetmap.org/node/938584585","sym":"Radio Beacon"},"geometry":{"type":"Point","coordinates":[-123.13751,49.26281]}},{"type":"Feature","properties":{"name":"Second Cup","routes":["C1","C3","CN","CA"],"provs":["ON"],"desc":"Caf\u00e9\nSource: \u00a9 OpenStreetMap contributors (ODbL) https://www.openstreetmap.org/node/938660537","sym":"Radio Beacon"},"geometry":{"type":"Point","coordinates":[-75.68433,45.42491]}},{"type":"Feature","properties":{"name":"Second Cup","routes":["C1","C3","CN","CA"],"provs":["ON"],"desc":"Caf\u00e9\nSource: \u00a9 OpenStreetMap contributors (ODbL) https://www.openstreetmap.org/node/938691904","sym":"Radio Beacon"},"geometry":{"type":"Point","coordinates":[-75.69552,45.42099]}},{"type":"Feature","properties":{"name":"Starbucks","routes":["C1","C3","CN","CA"],"provs":["ON"],"desc":"Caf\u00e9\nSource: \u00a9 OpenStreetMap contributors (ODbL) https://www.openstreetmap.org/node/938691909","sym":"Radio Beacon"},"geometry":{"type":"Point","coordinates":[-75.6916,45.41902]}},{"type":"Feature","properties":{"name":"Bridgehead","routes":["C1","C3","CN","CA"],"provs":["ON"],"desc":"Caf\u00e9\nSource: \u00a9 OpenStreetMap contributors (ODbL) https://www.openstreetmap.org/node/940315054","sym":"Radio Beacon"},"geometry":{"type":"Point","coordinates":[-75.68882,45.40356]}},{"type":"Feature","properties":{"name":"Bridgehead","routes":["C1","C3","CN","CA"],"provs":["ON"],"desc":"Caf\u00e9\nSource: \u00a9 OpenStreetMap contributors (ODbL) https://www.openstreetmap.org/node/940320797","sym":"Radio Beacon"},"geometry":{"type":"Point","coordinates":[-75.68205,45.39222]}},{"type":"Feature","properties":{"name":"Bridgehead","routes":["C1","C3","CN","CA"],"provs":["ON"],"desc":"Caf\u00e9\nSource: \u00a9 OpenStreetMap contributors (ODbL) https://www.openstreetmap.org/node/941443111","sym":"Radio Beacon"},"geometry":{"type":"Point","coordinates":[-75.68986,45.41704]}},{"type":"Feature","properties":{"name":"Bridgehead","routes":["C1","C3","CN","CA"],"provs":["ON"],"desc":"Caf\u00e9\nFree wifi\nSource: \u00a9 OpenStreetMap contributors (ODbL) https://www.openstreetmap.org/node/941449475","sym":"Radio Beacon"},"geometry":{"type":"Point","coordinates":[-75.73458,45.39935]}},{"type":"Feature","properties":{"name":"Bridgehead","routes":["C1","C3","CN","CA"],"provs":["ON"],"desc":"Caf\u00e9\nSource: \u00a9 OpenStreetMap contributors (ODbL) https://www.openstreetmap.org/node/941451883","sym":"Radio Beacon"},"geometry":{"type":"Point","coordinates":[-75.70254,45.41794]}},{"type":"Feature","properties":{"name":"Second Cup","routes":["C1","C3","CN","CA"],"provs":["ON"],"desc":"Caf\u00e9\nSource: \u00a9 OpenStreetMap contributors (ODbL) https://www.openstreetmap.org/node/941527871","sym":"Radio Beacon"},"geometry":{"type":"Point","coordinates":[-75.72174,45.39269]}},{"type":"Feature","properties":{"name":"Atomic Caf\u00e9","routes":["C1","C2","CN","CA","CL"],"provs":["QC"],"desc":"Caf\u00e9\nWifi for customers\nNetwork: atomic neu\nSource: \u00a9 OpenStreetMap contributors (ODbL) https://www.openstreetmap.org/node/942874457","sym":"Radio Beacon"},"geometry":{"type":"Point","coordinates":[-73.54459,45.54523]}},{"type":"Feature","properties":{"name":"Starbucks","routes":["C3"],"provs":["BC"],"desc":"Caf\u00e9\nSource: \u00a9 OpenStreetMap contributors (ODbL) https://www.openstreetmap.org/node/944736189","sym":"Radio Beacon"},"geometry":{"type":"Point","coordinates":[-123.70156,48.77666]}},{"type":"Feature","properties":{"name":"Second Cup","routes":["C1","C3","CN","CA"],"provs":["ON"],"desc":"Caf\u00e9\nSource: \u00a9 OpenStreetMap contributors (ODbL) https://www.openstreetmap.org/node/948968729","sym":"Radio Beacon"},"geometry":{"type":"Point","coordinates":[-75.69089,45.42481]}},{"type":"Feature","properties":{"name":"Second Cup","routes":["C1","C3","CN","CA"],"provs":["ON"],"desc":"Caf\u00e9\nSource: \u00a9 OpenStreetMap contributors (ODbL) https://www.openstreetmap.org/node/948968731","sym":"Radio Beacon"},"geometry":{"type":"Point","coordinates":[-75.68431,45.42328]}},{"type":"Feature","properties":{"name":"Happy Goat Coffee","routes":["C1","C3","CN","CA"],"provs":["ON"],"desc":"Caf\u00e9\nWifi for customers\nSource: \u00a9 OpenStreetMap contributors (ODbL) https://www.openstreetmap.org/node/949085885","sym":"Radio Beacon"},"geometry":{"type":"Point","coordinates":[-75.68311,45.39341]}},{"type":"Feature","properties":{"name":"Starbucks","routes":["C1","C2","C3","CA","CW"],"provs":["QC"],"desc":"Caf\u00e9\nFree wifi\nSource: \u00a9 OpenStreetMap contributors (ODbL) https://www.openstreetmap.org/node/955278468","sym":"Radio Beacon"},"geometry":{"type":"Point","coordinates":[-71.20492,46.81237]}},{"type":"Feature","properties":{"name":"Dineen Outpost","routes":["C2"],"provs":["ON"],"desc":"Caf\u00e9\nFree wifi\nSource: \u00a9 OpenStreetMap contributors (ODbL) https://www.openstreetmap.org/node/960085555","sym":"Radio Beacon"},"geometry":{"type":"Point","coordinates":[-79.33674,43.66911]}},{"type":"Feature","properties":{"name":"Starbucks","routes":["C2","CN","CL"],"provs":["BC"],"desc":"Caf\u00e9\nSource: \u00a9 OpenStreetMap contributors (ODbL) https://www.openstreetmap.org/node/981588171","sym":"Radio Beacon"},"geometry":{"type":"Point","coordinates":[-122.94712,49.19108]}},{"type":"Feature","properties":{"name":"Meinhardt","routes":["C2","CN","CA","CL"],"provs":["BC"],"desc":"Supermarket\nSource: \u00a9 OpenStreetMap contributors (ODbL) https://www.openstreetmap.org/node/984956512","sym":"Radio Beacon"},"geometry":{"type":"Point","coordinates":[-123.13846,49.25877]}},{"type":"Feature","properties":{"name":"Tim Hortons","routes":["C1","CN","CA","CL","CW"],"provs":["BC"],"desc":"Caf\u00e9\nSource: \u00a9 OpenStreetMap contributors (ODbL) https://www.openstreetmap.org/node/994834941","sym":"Radio Beacon"},"geometry":{"type":"Point","coordinates":[-123.09822,49.13298]}},{"type":"Feature","properties":{"name":"Tim Hortons","routes":["C1","C2","CN","CA","CL"],"provs":["QC"],"desc":"Caf\u00e9\nPaid wifi\nSource: \u00a9 OpenStreetMap contributors (ODbL) https://www.openstreetmap.org/node/998748014","sym":"Radio Beacon"},"geometry":{"type":"Point","coordinates":[-73.57966,45.49598]}},{"type":"Feature","properties":{"name":"McDonald's","routes":["C2","CN","CA","CL"],"provs":["BC"],"desc":"Fast food\nSource: \u00a9 OpenStreetMap contributors (ODbL) https://www.openstreetmap.org/node/1003363440","sym":"Radio Beacon"},"geometry":{"type":"Point","coordinates":[-123.13902,49.28529]}},{"type":"Feature","properties":{"name":"Tim Hortons","routes":["C2","CA"],"provs":["NB"],"desc":"Caf\u00e9\nSource: \u00a9 OpenStreetMap contributors (ODbL) https://www.openstreetmap.org/node/1008114965","sym":"Radio Beacon"},"geometry":{"type":"Point","coordinates":[-66.19706,45.29871]}},{"type":"Feature","properties":{"name":"Ottawa Public Library - St-Laurent Branch","routes":["C1","C3","CN","CA"],"provs":["ON","QC"],"desc":"Library\nSource: \u00a9 OpenStreetMap contributors (ODbL) https://www.openstreetmap.org/node/1036653494","sym":"Radio Beacon"},"geometry":{"type":"Point","coordinates":[-75.64783,45.4365]}},{"type":"Feature","properties":{"name":"\u00c9tat Major","routes":["C1","C2","CN","CA","CL"],"provs":["QC"],"desc":"Restaurant\nSource: \u00a9 OpenStreetMap contributors (ODbL) https://www.openstreetmap.org/node/1037981682","sym":"Radio Beacon"},"geometry":{"type":"Point","coordinates":[-73.54195,45.54944]}},{"type":"Feature","properties":{"name":"Bridge St. Cafe","routes":["C3"],"provs":["NB"],"desc":"Caf\u00e9\nFree wifi\nSource: \u00a9 OpenStreetMap contributors (ODbL) https://www.openstreetmap.org/node/1042121705","sym":"Radio Beacon"},"geometry":{"type":"Point","coordinates":[-64.36756,45.89779]}},{"type":"Feature","properties":{"name":"Tim Hortons","routes":["C2","CN","CA","CL"],"provs":["BC"],"desc":"Caf\u00e9\nSource: \u00a9 OpenStreetMap contributors (ODbL) https://www.openstreetmap.org/node/1042157095","sym":"Radio Beacon"},"geometry":{"type":"Point","coordinates":[-123.17417,49.26404]}},{"type":"Feature","properties":{"name":"Bistro Part Ici","routes":["C1","C2","CN","CA","CL"],"provs":["QC"],"desc":"Restaurant\nFree wifi\nSource: \u00a9 OpenStreetMap contributors (ODbL) https://www.openstreetmap.org/node/1055541330","sym":"Radio Beacon"},"geometry":{"type":"Point","coordinates":[-73.56267,45.54293]}},{"type":"Feature","properties":{"name":"Columbus Caf\u00e9 & Co","routes":["C1","C2","CN","CA","CL"],"provs":["QC"],"desc":"Caf\u00e9\nFree wifi\nSource: \u00a9 OpenStreetMap contributors (ODbL) https://www.openstreetmap.org/node/1057471110","sym":"Radio Beacon"},"geometry":{"type":"Point","coordinates":[-73.56616,45.50698]}},{"type":"Feature","properties":{"name":"McDonald's","routes":["C1","C2","CN","CA","CL"],"provs":["QC"],"desc":"Fast food\nFree wifi\nSource: \u00a9 OpenStreetMap contributors (ODbL) https://www.openstreetmap.org/node/1058291742","sym":"Radio Beacon"},"geometry":{"type":"Point","coordinates":[-73.60312,45.53626]}},{"type":"Feature","properties":{"name":"McDonald's","routes":["C1","C2","CN","CA","CL"],"provs":["QC"],"desc":"Fast food\nFree wifi\nSource: \u00a9 OpenStreetMap contributors (ODbL) https://www.openstreetmap.org/node/1068294976","sym":"Radio Beacon"},"geometry":{"type":"Point","coordinates":[-73.58496,45.48928]}},{"type":"Feature","properties":{"name":"TNRL: Kamloops Library","routes":["CN","CA"],"provs":["BC"],"desc":"Library\nSource: \u00a9 OpenStreetMap contributors (ODbL) https://www.openstreetmap.org/node/1076278546","sym":"Radio Beacon"},"geometry":{"type":"Point","coordinates":[-120.33012,50.67571]}},{"type":"Feature","properties":{"name":"McDonald's","routes":["C1","C2","CN","CL"],"provs":["BC"],"desc":"Fast food\nSource: \u00a9 OpenStreetMap contributors (ODbL) https://www.openstreetmap.org/node/1102703127","sym":"Radio Beacon"},"geometry":{"type":"Point","coordinates":[-122.79118,49.16161]}},{"type":"Feature","properties":{"name":"Caffe Fantastico","routes":["C1","C3","CA","CL"],"provs":["BC"],"desc":"Caf\u00e9\nSource: \u00a9 OpenStreetMap contributors (ODbL) https://www.openstreetmap.org/node/1103648660","sym":"Radio Beacon"},"geometry":{"type":"Point","coordinates":[-123.37833,48.43223]}},{"type":"Feature","properties":{"name":"Fitzroy","routes":["C1","C2","CN","CA","CL"],"provs":["QC"],"desc":"Bar\nFree wifi\nSource: \u00a9 OpenStreetMap contributors (ODbL) https://www.openstreetmap.org/node/1113852373","sym":"Radio Beacon"},"geometry":{"type":"Point","coordinates":[-73.58196,45.52525]}},{"type":"Feature","properties":{"name":"Bicycle Thief","routes":["C2","CN","CA","CL"],"provs":["NS"],"desc":"Restaurant\nSource: \u00a9 OpenStreetMap contributors (ODbL) https://www.openstreetmap.org/node/1116387649","sym":"Radio Beacon"},"geometry":{"type":"Point","coordinates":[-63.56839,44.6436]}},{"type":"Feature","properties":{"name":"Liberty Bakery","routes":["C2","CN","CA","CL"],"provs":["BC"],"desc":"Caf\u00e9\nSource: \u00a9 OpenStreetMap contributors (ODbL) https://www.openstreetmap.org/node/1128724571","sym":"Radio Beacon"},"geometry":{"type":"Point","coordinates":[-123.10121,49.25192]}},{"type":"Feature","properties":{"name":"Moncton Public Library","routes":["CN","CL"],"provs":["NB"],"desc":"Library\nFree wifi\nSource: \u00a9 OpenStreetMap contributors (ODbL) https://www.openstreetmap.org/node/1133278914","sym":"Radio Beacon"},"geometry":{"type":"Point","coordinates":[-64.77443,46.08849]}},{"type":"Feature","properties":{"name":"McDonald's","routes":["C1","C2","C3","CA"],"provs":["QC"],"desc":"Fast food\nFree wifi\nSource: \u00a9 OpenStreetMap contributors (ODbL) https://www.openstreetmap.org/node/1144973373","sym":"Radio Beacon"},"geometry":{"type":"Point","coordinates":[-73.82069,45.50603]}},{"type":"Feature","properties":{"name":"Tim Hortons","routes":["C2"],"provs":["NS"],"desc":"Caf\u00e9\nSource: \u00a9 OpenStreetMap contributors (ODbL) https://www.openstreetmap.org/node/1163354079","sym":"Radio Beacon"},"geometry":{"type":"Point","coordinates":[-65.26883,44.84574]}},{"type":"Feature","properties":{"name":"Tim Hortons","routes":["C1","C2","CA"],"provs":["QC"],"desc":"Caf\u00e9\nFree wifi\nSource: \u00a9 OpenStreetMap contributors (ODbL) https://www.openstreetmap.org/node/1175610903","sym":"Radio Beacon"},"geometry":{"type":"Point","coordinates":[-73.74704,45.45838]}},{"type":"Feature","properties":{"name":"Starbucks","routes":["C1","C2","CA"],"provs":["QC"],"desc":"Caf\u00e9\nFree wifi\nSource: \u00a9 OpenStreetMap contributors (ODbL) https://www.openstreetmap.org/node/1175610907","sym":"Radio Beacon"},"geometry":{"type":"Point","coordinates":[-73.74652,45.4584]}},{"type":"Feature","properties":{"name":"Biblioth\u00e8que R.-Howard-Webster","routes":["C1","C2","CN","CA","CL"],"provs":["QC"],"desc":"Library\nSource: \u00a9 OpenStreetMap contributors (ODbL) https://www.openstreetmap.org/node/1199684762","sym":"Radio Beacon"},"geometry":{"type":"Point","coordinates":[-73.57793,45.49682]}},{"type":"Feature","properties":{"name":"Bier Markt Montreal","routes":["C1","C2","CN","CA","CL"],"provs":["QC"],"desc":"Restaurant\nSource: \u00a9 OpenStreetMap contributors (ODbL) https://www.openstreetmap.org/node/1202560995","sym":"Radio Beacon"},"geometry":{"type":"Point","coordinates":[-73.57205,45.49737]}},{"type":"Feature","properties":{"name":"FVRL: City of Langley Library","routes":["C1","C2","CN","CL"],"provs":["BC"],"desc":"Library\nSource: \u00a9 OpenStreetMap contributors (ODbL) https://www.openstreetmap.org/node/1223963939","sym":"Radio Beacon"},"geometry":{"type":"Point","coordinates":[-122.65706,49.10381]}},{"type":"Feature","properties":{"name":"Castlegar & District Public Library","routes":["C2","CA"],"provs":["BC"],"desc":"Library\nSource: \u00a9 OpenStreetMap contributors (ODbL) https://www.openstreetmap.org/node/1235362022","sym":"Radio Beacon"},"geometry":{"type":"Point","coordinates":[-117.66353,49.32661]}},{"type":"Feature","properties":{"name":"Dowon Restaurant","routes":["C1","C2","C3","CN"],"provs":["MB"],"desc":"Restaurant\nSource: \u00a9 OpenStreetMap contributors (ODbL) https://www.openstreetmap.org/node/1236686635","sym":"Radio Beacon"},"geometry":{"type":"Point","coordinates":[-97.15024,49.83564]}},{"type":"Feature","properties":{"name":"McDonald's","routes":["C2","CN"],"provs":["NB"],"desc":"Fast food\nSource: \u00a9 OpenStreetMap contributors (ODbL) https://www.openstreetmap.org/node/1246514794","sym":"Radio Beacon"},"geometry":{"type":"Point","coordinates":[-66.48971,45.83305]}},{"type":"Feature","properties":{"name":"Tim Hortons","routes":["C1","C2","CA"],"provs":["QC"],"desc":"Caf\u00e9\nFree wifi\nSource: \u00a9 OpenStreetMap contributors (ODbL) https://www.openstreetmap.org/node/1261213723","sym":"Radio Beacon"},"geometry":{"type":"Point","coordinates":[-73.74983,45.4579]}},{"type":"Feature","properties":{"name":"A.C. Hunter Public Library","routes":["C1","C3","CA"],"provs":["NL"],"desc":"Library\nFree wifi\nNetwork: NLPLWIFI\nSource: \u00a9 OpenStreetMap contributors (ODbL) https://www.openstreetmap.org/node/1268339317","sym":"Radio Beacon"},"geometry":{"type":"Point","coordinates":[-52.72941,47.57587]}},{"type":"Feature","properties":{"name":"Resto V\u00e9go","routes":["C1","C2","CN","CA","CL"],"provs":["QC"],"desc":"Restaurant\nSource: \u00a9 OpenStreetMap contributors (ODbL) https://www.openstreetmap.org/node/1270300326","sym":"Radio Beacon"},"geometry":{"type":"Point","coordinates":[-73.56466,45.51552]}},{"type":"Feature","properties":{"name":"Le Nil Bleu","routes":["C1","C2","CN","CA","CL"],"provs":["QC"],"desc":"Restaurant\nSource: \u00a9 OpenStreetMap contributors (ODbL) https://www.openstreetmap.org/node/1271378109","sym":"Radio Beacon"},"geometry":{"type":"Point","coordinates":[-73.57118,45.51842]}},{"type":"Feature","properties":{"name":"Tim Hortons","routes":["C1","C2","CN","CA","CL"],"provs":["QC"],"desc":"Caf\u00e9\nPaid wifi\nSource: \u00a9 OpenStreetMap contributors (ODbL) https://www.openstreetmap.org/node/1278632281","sym":"Radio Beacon"},"geometry":{"type":"Point","coordinates":[-73.56682,45.50294]}},{"type":"Feature","properties":{"name":"Starbucks","routes":["C2","CN","CL"],"provs":["BC"],"desc":"Caf\u00e9\nFree wifi\nSource: \u00a9 OpenStreetMap contributors (ODbL) https://www.openstreetmap.org/node/1278937178","sym":"Radio Beacon"},"geometry":{"type":"Point","coordinates":[-122.82798,49.28377]}},{"type":"Feature","properties":{"name":"Church's Chicken","routes":["C2","CN","CL"],"provs":["BC"],"desc":"Fast food\nSource: \u00a9 OpenStreetMap contributors (ODbL) https://www.openstreetmap.org/node/1278960043","sym":"Radio Beacon"},"geometry":{"type":"Point","coordinates":[-122.8004,49.28244]}},{"type":"Feature","properties":{"name":"Starbucks","routes":["C1","C2","CN","CL"],"provs":["BC"],"desc":"Caf\u00e9\nFree wifi\nSource: \u00a9 OpenStreetMap contributors (ODbL) https://www.openstreetmap.org/node/1297907348","sym":"Radio Beacon"},"geometry":{"type":"Point","coordinates":[-122.77957,49.19857]}},{"type":"Feature","properties":{"name":"Lapin Press\u00e9 Inc","routes":["C1","C2","CN","CA","CL"],"provs":["QC"],"desc":"Restaurant\nFree wifi\nSource: \u00a9 OpenStreetMap contributors (ODbL) https://www.openstreetmap.org/node/1314138586","sym":"Radio Beacon"},"geometry":{"type":"Point","coordinates":[-73.58416,45.53321]}},{"type":"Feature","properties":{"name":"Tim Hortons","routes":["C1","C2","CN","CA","CL"],"provs":["QC"],"desc":"Caf\u00e9\nFree wifi\nSource: \u00a9 OpenStreetMap contributors (ODbL) https://www.openstreetmap.org/node/1315087435","sym":"Radio Beacon"},"geometry":{"type":"Point","coordinates":[-73.55201,45.52587]}},{"type":"Feature","properties":{"name":"The Dancing Moose Cafe","routes":["C3"],"provs":["NS"],"desc":"Restaurant\nSource: \u00a9 OpenStreetMap contributors (ODbL) https://www.openstreetmap.org/node/1319079412","sym":"Radio Beacon"},"geometry":{"type":"Point","coordinates":[-60.43285,46.5065]}},{"type":"Feature","properties":{"name":"Kibo Sushi House","routes":["C2"],"provs":["ON"],"desc":"Fast food\nPaid wifi\nSource: \u00a9 OpenStreetMap contributors (ODbL) https://www.openstreetmap.org/node/1327027855","sym":"Radio Beacon"},"geometry":{"type":"Point","coordinates":[-79.37588,43.64341]}},{"type":"Feature","properties":{"name":"Pane From Heaven","routes":["C2","CN","CA","CL"],"provs":["BC"],"desc":"Caf\u00e9\nSource: \u00a9 OpenStreetMap contributors (ODbL) https://www.openstreetmap.org/node/1329278207","sym":"Radio Beacon"},"geometry":{"type":"Point","coordinates":[-123.14765,49.27091]}},{"type":"Feature","properties":{"name":"Marpole Curling Club Cafe","routes":["C2","CN","CA","CL","CW"],"provs":["BC"],"desc":"Caf\u00e9\nSource: \u00a9 OpenStreetMap contributors (ODbL) https://www.openstreetmap.org/node/1331959993","sym":"Radio Beacon"},"geometry":{"type":"Point","coordinates":[-123.12358,49.20633]}},{"type":"Feature","properties":{"name":"Tim Hortons","routes":["C2","CN","CA","CL"],"provs":["QC"],"desc":"Caf\u00e9\nFree wifi\nSource: \u00a9 OpenStreetMap contributors (ODbL) https://www.openstreetmap.org/node/1333772132","sym":"Radio Beacon"},"geometry":{"type":"Point","coordinates":[-73.64636,45.44214]}},{"type":"Feature","properties":{"name":"Church's Chicken","routes":["C2","CN","CA","CL"],"provs":["BC"],"desc":"Fast food\nSource: \u00a9 OpenStreetMap contributors (ODbL) https://www.openstreetmap.org/node/1339095519","sym":"Radio Beacon"},"geometry":{"type":"Point","coordinates":[-123.05742,49.28098]}},{"type":"Feature","properties":{"name":"St-Hubert","routes":["C3","CL"],"provs":["QC"],"desc":"Restaurant\nSource: \u00a9 OpenStreetMap contributors (ODbL) https://www.openstreetmap.org/node/1339244069","sym":"Radio Beacon"},"geometry":{"type":"Point","coordinates":[-64.4832,48.83158]}},{"type":"Feature","properties":{"name":"A&W","routes":["C2","CA"],"provs":["ON"],"desc":"Fast food\nSource: \u00a9 OpenStreetMap contributors (ODbL) https://www.openstreetmap.org/node/1348055848","sym":"Radio Beacon"},"geometry":{"type":"Point","coordinates":[-80.08851,43.92081]}},{"type":"Feature","properties":{"name":"Tim Hortons","routes":["C2","CA"],"provs":["ON"],"desc":"Caf\u00e9\nSource: \u00a9 OpenStreetMap contributors (ODbL) https://www.openstreetmap.org/node/1348055860","sym":"Radio Beacon"},"geometry":{"type":"Point","coordinates":[-80.08914,43.92066]}},{"type":"Feature","properties":{"name":"Biblioth\u00e8que Saint-Boniface","routes":["C1","C2","C3"],"provs":["MB"],"desc":"Library\nFree wifi\nSource: \u00a9 OpenStreetMap contributors (ODbL) https://www.openstreetmap.org/node/1349617550","sym":"Radio Beacon"},"geometry":{"type":"Point","coordinates":[-97.12496,49.89174]}},{"type":"Feature","properties":{"name":"Starbucks","routes":["C1","C2","CN","CL"],"provs":["BC"],"desc":"Caf\u00e9\nSource: \u00a9 OpenStreetMap contributors (ODbL) https://www.openstreetmap.org/node/1353035835","sym":"Radio Beacon"},"geometry":{"type":"Point","coordinates":[-122.89117,49.12061]}},{"type":"Feature","properties":{"name":"Sobeys","routes":["CN","CL"],"provs":["NB"],"desc":"Supermarket\nSource: \u00a9 OpenStreetMap contributors (ODbL) https://www.openstreetmap.org/node/1353098122","sym":"Radio Beacon"},"geometry":{"type":"Point","coordinates":[-64.76296,46.09538]}},{"type":"Feature","properties":{"name":"Blenz","routes":["C2","CW"],"provs":["BC"],"desc":"Caf\u00e9\nSource: \u00a9 OpenStreetMap contributors (ODbL) https://www.openstreetmap.org/node/1354389528","sym":"Radio Beacon"},"geometry":{"type":"Point","coordinates":[-123.27305,49.37422]}},{"type":"Feature","properties":{"name":"Starbucks","routes":["C2","CW"],"provs":["BC"],"desc":"Caf\u00e9\nSource: \u00a9 OpenStreetMap contributors (ODbL) https://www.openstreetmap.org/node/1354396881","sym":"Radio Beacon"},"geometry":{"type":"Point","coordinates":[-123.27411,49.37428]}},{"type":"Feature","properties":{"name":"Pump House Brewery","routes":["CN","CL"],"provs":["NB"],"desc":"Pub\nSource: \u00a9 OpenStreetMap contributors (ODbL) https://www.openstreetmap.org/node/1355995272","sym":"Radio Beacon"},"geometry":{"type":"Point","coordinates":[-64.77434,46.08991]}},{"type":"Feature","properties":{"name":"The Keg","routes":["CN","CL"],"provs":["NB"],"desc":"Restaurant\nSource: \u00a9 OpenStreetMap contributors (ODbL) https://www.openstreetmap.org/node/1355995273","sym":"Radio Beacon"},"geometry":{"type":"Point","coordinates":[-64.77334,46.0895]}},{"type":"Feature","properties":{"name":"Tim Hortons","routes":["CN","CL"],"provs":["NB"],"desc":"Caf\u00e9\nSource: \u00a9 OpenStreetMap contributors (ODbL) https://www.openstreetmap.org/node/1376413294","sym":"Radio Beacon"},"geometry":{"type":"Point","coordinates":[-64.80107,46.06425]}},{"type":"Feature","properties":{"name":"TNRL: North Kamloops Library","routes":["CN","CA"],"provs":["BC"],"desc":"Library\nSource: \u00a9 OpenStreetMap contributors (ODbL) https://www.openstreetmap.org/node/1385610242","sym":"Radio Beacon"},"geometry":{"type":"Point","coordinates":[-120.3619,50.69688]}},{"type":"Feature","properties":{"name":"McDonald's","routes":["C1","C2","CN","CL"],"provs":["BC"],"desc":"Fast food\nSource: \u00a9 OpenStreetMap contributors (ODbL) https://www.openstreetmap.org/node/1388651934","sym":"Radio Beacon"},"geometry":{"type":"Point","coordinates":[-122.67531,49.11141]}},{"type":"Feature","properties":{"name":"Starbucks","routes":["C2","CN","CA","CL"],"provs":["BC"],"desc":"Caf\u00e9\nWifi for customers\nSource: \u00a9 OpenStreetMap contributors (ODbL) https://www.openstreetmap.org/node/1392627194","sym":"Radio Beacon"},"geometry":{"type":"Point","coordinates":[-123.11528,49.28465]}},{"type":"Feature","properties":{"name":"Caf\u00e9 D\u00e9p\u00f4t","routes":["C1","C2","CN","CA","CL"],"provs":["QC"],"desc":"Caf\u00e9\nSource: \u00a9 OpenStreetMap contributors (ODbL) https://www.openstreetmap.org/node/1398030183","sym":"Radio Beacon"},"geometry":{"type":"Point","coordinates":[-73.56505,45.50815]}},{"type":"Feature","properties":{"name":"Mom's Pan Fried Bun","routes":["C2"],"provs":["ON"],"desc":"Restaurant\nSource: \u00a9 OpenStreetMap contributors (ODbL) https://www.openstreetmap.org/node/1409160339","sym":"Radio Beacon"},"geometry":{"type":"Point","coordinates":[-79.38671,43.65498]}},{"type":"Feature","properties":{"name":"Cora's","routes":["CN","CA"],"provs":["BC"],"desc":"Restaurant\nSource: \u00a9 OpenStreetMap contributors (ODbL) https://www.openstreetmap.org/node/1415693491","sym":"Radio Beacon"},"geometry":{"type":"Point","coordinates":[-120.36534,50.65253]}},{"type":"Feature","properties":{"name":"A&W","routes":["C1","C2","C3"],"provs":["MB"],"desc":"Fast food\nSource: \u00a9 OpenStreetMap contributors (ODbL) https://www.openstreetmap.org/node/1416834035","sym":"Radio Beacon"},"geometry":{"type":"Point","coordinates":[-96.93422,49.8205]}},{"type":"Feature","properties":{"name":"Penticton Public Library","routes":["C1","CA"],"provs":["BC"],"desc":"Library\nSource: \u00a9 OpenStreetMap contributors (ODbL) https://www.openstreetmap.org/node/1427547974","sym":"Radio Beacon"},"geometry":{"type":"Point","coordinates":[-119.58911,49.49128]}},{"type":"Feature","properties":{"name":"La Belle Province","routes":["C2","CN","CA","CL"],"provs":["QC"],"desc":"Fast food\nSource: \u00a9 OpenStreetMap contributors (ODbL) https://www.openstreetmap.org/node/1427593048","sym":"Radio Beacon"},"geometry":{"type":"Point","coordinates":[-73.62905,45.43368]}},{"type":"Feature","properties":{"name":"Tim Hortons","routes":["C2","CN","CA","CL"],"provs":["QC"],"desc":"Caf\u00e9\nFree wifi\nSource: \u00a9 OpenStreetMap contributors (ODbL) https://www.openstreetmap.org/node/1427593065","sym":"Radio Beacon"},"geometry":{"type":"Point","coordinates":[-73.62871,45.43251]}},{"type":"Feature","properties":{"name":"McDonald's","routes":["C2","CN","CA","CL"],"provs":["QC"],"desc":"Fast food\nFree wifi\nSource: \u00a9 OpenStreetMap contributors (ODbL) https://www.openstreetmap.org/node/1427593067","sym":"Radio Beacon"},"geometry":{"type":"Point","coordinates":[-73.62823,45.43331]}},{"type":"Feature","properties":{"name":"Scores","routes":["C2","CN","CA","CL"],"provs":["QC"],"desc":"Restaurant\nFree wifi\nSource: \u00a9 OpenStreetMap contributors (ODbL) https://www.openstreetmap.org/node/1427593076","sym":"Radio Beacon"},"geometry":{"type":"Point","coordinates":[-73.6311,45.43157]}},{"type":"Feature","properties":{"name":"Tim Hortons","routes":["C2","CN","CA","CL"],"provs":["QC"],"desc":"Caf\u00e9\nFree wifi\nSource: \u00a9 OpenStreetMap contributors (ODbL) https://www.openstreetmap.org/node/1427593082","sym":"Radio Beacon"},"geometry":{"type":"Point","coordinates":[-73.63172,45.43201]}},{"type":"Feature","properties":{"name":"Wick's Cafe","routes":["C2","CN","CA","CL","CW"],"provs":["BC"],"desc":"Caf\u00e9\nSource: \u00a9 OpenStreetMap contributors (ODbL) https://www.openstreetmap.org/node/1429087563","sym":"Radio Beacon"},"geometry":{"type":"Point","coordinates":[-123.13498,49.20406]}},{"type":"Feature","properties":{"name":"McDonald's","routes":["C1","C2","CN","CA","CL"],"provs":["QC"],"desc":"Fast food\nSource: \u00a9 OpenStreetMap contributors (ODbL) https://www.openstreetmap.org/node/1429426273","sym":"Radio Beacon"},"geometry":{"type":"Point","coordinates":[-73.56336,45.5152]}},{"type":"Feature","properties":{"name":"Tim Hortons","routes":["C1","C2","CN","CA","CL"],"provs":["QC"],"desc":"Caf\u00e9\nPaid wifi\nSource: \u00a9 OpenStreetMap contributors (ODbL) https://www.openstreetmap.org/node/1429426308","sym":"Radio Beacon"},"geometry":{"type":"Point","coordinates":[-73.56263,45.51486]}},{"type":"Feature","properties":{"name":"\u5927\u7d71\u83ef T&T Supermarket","routes":["C2","CN","CA","CL"],"provs":["BC"],"desc":"Supermarket\nFree wifi\nSource: \u00a9 OpenStreetMap contributors (ODbL) https://www.openstreetmap.org/node/1430594618","sym":"Radio Beacon"},"geometry":{"type":"Point","coordinates":[-123.10814,49.27994]}},{"type":"Feature","properties":{"name":"VPL: South Hill Branch","routes":["C2","CN","CA","CL"],"provs":["BC"],"desc":"Library\nSource: \u00a9 OpenStreetMap contributors (ODbL) https://www.openstreetmap.org/node/1431507584","sym":"Radio Beacon"},"geometry":{"type":"Point","coordinates":[-123.0904,49.2295]}},{"type":"Feature","properties":{"name":"McDonald's","routes":["C1","C2","CN","CA","CL"],"provs":["QC"],"desc":"Fast food\nFree wifi\nSource: \u00a9 OpenStreetMap contributors (ODbL) https://www.openstreetmap.org/node/1433218559","sym":"Radio Beacon"},"geometry":{"type":"Point","coordinates":[-73.65986,45.53469]}},{"type":"Feature","properties":{"name":"A&W","routes":["C1","C3"],"provs":["AB"],"desc":"Fast food\nFree wifi\nSource: \u00a9 OpenStreetMap contributors (ODbL) https://www.openstreetmap.org/node/1444287998","sym":"Radio Beacon"},"geometry":{"type":"Point","coordinates":[-114.07202,51.03772]}},{"type":"Feature","properties":{"name":"Earls","routes":["C1","CA"],"provs":["BC"],"desc":"Restaurant\nSource: \u00a9 OpenStreetMap contributors (ODbL) https://www.openstreetmap.org/node/1447643839","sym":"Radio Beacon"},"geometry":{"type":"Point","coordinates":[-119.58348,49.4781]}},{"type":"Feature","properties":{"name":"Vices & Versa","routes":["C1","C2","CN","CA","CL"],"provs":["QC"],"desc":"Pub\nFree wifi\nSource: \u00a9 OpenStreetMap contributors (ODbL) https://www.openstreetmap.org/node/1536070986","sym":"Radio Beacon"},"geometry":{"type":"Point","coordinates":[-73.61056,45.53134]}},{"type":"Feature","properties":{"name":"Metro","routes":["C2","CN","CA","CL"],"provs":["QC"],"desc":"Supermarket\nSource: \u00a9 OpenStreetMap contributors (ODbL) https://www.openstreetmap.org/node/1543768658","sym":"Radio Beacon"},"geometry":{"type":"Point","coordinates":[-73.63497,45.42972]}},{"type":"Feature","properties":{"name":"Tim Hortons","routes":["C1","C2","CN","CA","CL"],"provs":["QC"],"desc":"Caf\u00e9\nFree wifi\nSource: \u00a9 OpenStreetMap contributors (ODbL) https://www.openstreetmap.org/node/1557702182","sym":"Radio Beacon"},"geometry":{"type":"Point","coordinates":[-73.58667,45.51999]}},{"type":"Feature","properties":{"name":"Tim Hortons","routes":["C1","C2","CN","CA","CL"],"provs":["QC"],"desc":"Caf\u00e9\nPaid wifi\nSource: \u00a9 OpenStreetMap contributors (ODbL) https://www.openstreetmap.org/node/1558670026","sym":"Radio Beacon"},"geometry":{"type":"Point","coordinates":[-73.56864,45.50694]}},{"type":"Feature","properties":{"name":"Toronto Public Library - Main Street","routes":["C2"],"provs":["ON"],"desc":"Library\nFree wifi\nSource: \u00a9 OpenStreetMap contributors (ODbL) https://www.openstreetmap.org/node/1565428920","sym":"Radio Beacon"},"geometry":{"type":"Point","coordinates":[-79.29944,43.68342]}},{"type":"Feature","properties":{"name":"Santropol","routes":["C1","C2","CN","CA","CL"],"provs":["QC"],"desc":"Caf\u00e9\nFree wifi\nSource: \u00a9 OpenStreetMap contributors (ODbL) https://www.openstreetmap.org/node/1566579180","sym":"Radio Beacon"},"geometry":{"type":"Point","coordinates":[-73.58053,45.51557]}},{"type":"Feature","properties":{"name":"Tide and Boar Market","routes":["CN","CL"],"provs":["NB"],"desc":"Caf\u00e9\nFree wifi\nSource: \u00a9 OpenStreetMap contributors (ODbL) https://www.openstreetmap.org/node/1567236451","sym":"Radio Beacon"},"geometry":{"type":"Point","coordinates":[-64.77578,46.08876]}},{"type":"Feature","properties":{"name":"Kest\u00e9","routes":["C1","C2","CN","CA","CL"],"provs":["QC"],"desc":"Restaurant\nFree wifi\nSource: \u00a9 OpenStreetMap contributors (ODbL) https://www.openstreetmap.org/node/1570283306","sym":"Radio Beacon"},"geometry":{"type":"Point","coordinates":[-73.59745,45.52088]}},{"type":"Feature","properties":{"name":"La Cabane du Portugal","routes":["C1","C2","CN","CA","CL"],"provs":["QC"],"desc":"Restaurant\nSource: \u00a9 OpenStreetMap contributors (ODbL) https://www.openstreetmap.org/node/1573455210","sym":"Radio Beacon"},"geometry":{"type":"Point","coordinates":[-73.57769,45.51604]}},{"type":"Feature","properties":{"name":"Petit Poisson Dumpling","routes":["C1","C2","CN","CA","CL"],"provs":["QC"],"desc":"Restaurant\nSource: \u00a9 OpenStreetMap contributors (ODbL) https://www.openstreetmap.org/node/1573455217","sym":"Radio Beacon"},"geometry":{"type":"Point","coordinates":[-73.57836,45.51632]}},{"type":"Feature","properties":{"name":"Le Divan Orange","routes":["C1","C2","CN","CA","CL"],"provs":["QC"],"desc":"Bar\nFree wifi\nSource: \u00a9 OpenStreetMap contributors (ODbL) https://www.openstreetmap.org/node/1573455220","sym":"Radio Beacon"},"geometry":{"type":"Point","coordinates":[-73.58246,45.51822]}},{"type":"Feature","properties":{"name":"Pizza Charlevoix","routes":["C1","C2","CN","CA","CL"],"provs":["QC"],"desc":"Restaurant\nSource: \u00a9 OpenStreetMap contributors (ODbL) https://www.openstreetmap.org/node/1585848284","sym":"Radio Beacon"},"geometry":{"type":"Point","coordinates":[-73.56925,45.47867]}},{"type":"Feature","properties":{"name":"The Flat Bike Collective","routes":["C1","C2","CN","CA","CL"],"provs":["QC"],"desc":"Bike shop\nFree wifi\nNetwork: guest.mcgill.ca\nSource: \u00a9 OpenStreetMap contributors (ODbL) https://www.openstreetmap.org/node/1599121926","sym":"Radio Beacon"},"geometry":{"type":"Point","coordinates":[-73.57798,45.50349]}},{"type":"Feature","properties":{"name":"Frog Creek Caf\u00e9","routes":["C2"],"provs":["BC"],"desc":"Caf\u00e9\nSource: \u00a9 OpenStreetMap contributors (ODbL) https://www.openstreetmap.org/node/1604516585","sym":"Radio Beacon"},"geometry":{"type":"Point","coordinates":[-117.55893,49.45099]}},{"type":"Feature","properties":{"name":"Pub Edward","routes":["C1","C2","C3","CA","CW"],"provs":["QC"],"desc":"Pub\nFree wifi\nSource: \u00a9 OpenStreetMap contributors (ODbL) https://www.openstreetmap.org/node/1628908747","sym":"Radio Beacon"},"geometry":{"type":"Point","coordinates":[-71.21871,46.816]}},{"type":"Feature","properties":{"name":"MO Resto Bar","routes":["C1","C2","C3","CA","CW"],"provs":["QC"],"desc":"Bar\nFree wifi\nSource: \u00a9 OpenStreetMap contributors (ODbL) https://www.openstreetmap.org/node/1628908773","sym":"Radio Beacon"},"geometry":{"type":"Point","coordinates":[-71.21884,46.81596]}},{"type":"Feature","properties":{"name":"Chez Victor","routes":["C1","C2","C3","CA","CW"],"provs":["QC"],"desc":"Restaurant\nFree wifi\nSource: \u00a9 OpenStreetMap contributors (ODbL) https://www.openstreetmap.org/node/1628948099","sym":"Radio Beacon"},"geometry":{"type":"Point","coordinates":[-71.21165,46.81707]}},{"type":"Feature","properties":{"name":"IGA Extra","routes":["C1","C2","C3","CA","CW"],"provs":["QC"],"desc":"Supermarket\nSource: \u00a9 OpenStreetMap contributors (ODbL) https://www.openstreetmap.org/node/1629137433","sym":"Radio Beacon"},"geometry":{"type":"Point","coordinates":[-71.30923,46.76534]}},{"type":"Feature","properties":{"name":"Geppetto Pizzeria","routes":["C1","C2","CN","CA","CL"],"provs":["QC"],"desc":"Restaurant\nSource: \u00a9 OpenStreetMap contributors (ODbL) https://www.openstreetmap.org/node/1643704211","sym":"Radio Beacon"},"geometry":{"type":"Point","coordinates":[-73.57533,45.4827]}},{"type":"Feature","properties":{"name":"Tim Hortons","routes":["C3"],"provs":["ON"],"desc":"Caf\u00e9\nFree wifi\nSource: \u00a9 OpenStreetMap contributors (ODbL) https://www.openstreetmap.org/node/1648588224","sym":"Radio Beacon"},"geometry":{"type":"Point","coordinates":[-76.1211,45.1324]}},{"type":"Feature","properties":{"name":"The Wellington Gastropub","routes":["C1","C3","CN","CA"],"provs":["ON"],"desc":"Restaurant\nSource: \u00a9 OpenStreetMap contributors (ODbL) https://www.openstreetmap.org/node/1649548122","sym":"Radio Beacon"},"geometry":{"type":"Point","coordinates":[-75.73696,45.39883]}},{"type":"Feature","properties":{"name":"Falco","routes":["C1","C2","CN","CA","CL"],"provs":["QC"],"desc":"Caf\u00e9\nWifi for customers\nSource: \u00a9 OpenStreetMap contributors (ODbL) https://www.openstreetmap.org/node/1654265327","sym":"Radio Beacon"},"geometry":{"type":"Point","coordinates":[-73.59806,45.52808]}},{"type":"Feature","properties":{"name":"Starbucks","routes":["CN","CL"],"provs":["NB"],"desc":"Caf\u00e9\nSource: \u00a9 OpenStreetMap contributors (ODbL) https://www.openstreetmap.org/node/1666732609","sym":"Radio Beacon"},"geometry":{"type":"Point","coordinates":[-64.76246,46.09836]}},{"type":"Feature","properties":{"name":"Harvey's","routes":["C2","CN","CA","CL"],"provs":["QC"],"desc":"Fast food\nFree wifi\nSource: \u00a9 OpenStreetMap contributors (ODbL) https://www.openstreetmap.org/node/1667757441","sym":"Radio Beacon"},"geometry":{"type":"Point","coordinates":[-73.6257,45.43689]}},{"type":"Feature","properties":{"name":"Starbucks","routes":["C2","CN","CA","CL"],"provs":["NS"],"desc":"Caf\u00e9\nFree wifi\nSource: \u00a9 OpenStreetMap contributors (ODbL) https://www.openstreetmap.org/node/1672879768","sym":"Radio Beacon"},"geometry":{"type":"Point","coordinates":[-63.59944,44.66154]}},{"type":"Feature","properties":{"name":"Nelson Public Library","routes":["C2"],"provs":["BC"],"desc":"Library\nSource: \u00a9 OpenStreetMap contributors (ODbL) https://www.openstreetmap.org/node/1673751521","sym":"Radio Beacon"},"geometry":{"type":"Point","coordinates":[-117.29476,49.49049]}},{"type":"Feature","properties":{"name":"Nanaimo Harbour Ferry Terminal","routes":["C2","C3","CN","CA","CW"],"provs":["BC"],"desc":"Ferry terminal\nSource: \u00a9 OpenStreetMap contributors (ODbL) https://www.openstreetmap.org/node/1686416218","sym":"Radio Beacon"},"geometry":{"type":"Point","coordinates":[-123.93071,49.16619]}},{"type":"Feature","properties":{"name":"VPL: Terry Salman Branch","routes":["C2","CN","CA","CL"],"provs":["BC"],"desc":"Library\nSource: \u00a9 OpenStreetMap contributors (ODbL) https://www.openstreetmap.org/node/1687626375","sym":"Radio Beacon"},"geometry":{"type":"Point","coordinates":[-123.10817,49.24401]}},{"type":"Feature","properties":{"name":"Morning Glory","routes":["C2"],"provs":["ON"],"desc":"Caf\u00e9\nFree wifi\nSource: \u00a9 OpenStreetMap contributors (ODbL) https://www.openstreetmap.org/node/1689360895","sym":"Radio Beacon"},"geometry":{"type":"Point","coordinates":[-79.36108,43.65387]}},{"type":"Feature","properties":{"name":"Tim Hortons","routes":["C2","CN","CA","CL"],"provs":["BC"],"desc":"Caf\u00e9\nSource: \u00a9 OpenStreetMap contributors (ODbL) https://www.openstreetmap.org/node/1692226633","sym":"Radio Beacon"},"geometry":{"type":"Point","coordinates":[-123.11207,49.28505]}},{"type":"Feature","properties":{"name":"AT Cafe","routes":["C2","CN","CA","CL","CW"],"provs":["BC"],"desc":"Restaurant\nSource: \u00a9 OpenStreetMap contributors (ODbL) https://www.openstreetmap.org/node/1694010357","sym":"Radio Beacon"},"geometry":{"type":"Point","coordinates":[-123.1403,49.20791]}},{"type":"Feature","properties":{"name":"Vegan Shoku Japanese Restaurant","routes":["C2","CN","CA","CL"],"provs":["BC"],"desc":"Restaurant\nSource: \u00a9 OpenStreetMap contributors (ODbL) https://www.openstreetmap.org/node/1702213211","sym":"Radio Beacon"},"geometry":{"type":"Point","coordinates":[-123.15937,49.23448]}},{"type":"Feature","properties":{"name":"White Spot","routes":["C2","CN","CL"],"provs":["BC"],"desc":"Restaurant\nSource: \u00a9 OpenStreetMap contributors (ODbL) https://www.openstreetmap.org/node/1715707392","sym":"Radio Beacon"},"geometry":{"type":"Point","coordinates":[-122.92095,49.21302]}},{"type":"Feature","properties":{"name":"Starbucks","routes":["C1","C3","CN","CA"],"provs":["ON"],"desc":"Caf\u00e9\nSource: \u00a9 OpenStreetMap contributors (ODbL) https://www.openstreetmap.org/node/1725499851","sym":"Radio Beacon"},"geometry":{"type":"Point","coordinates":[-75.71,45.40182]}},{"type":"Feature","properties":{"name":"McDonald's","routes":["C2","C3","CN","CA","CW"],"provs":["BC"],"desc":"Fast food\nSource: \u00a9 OpenStreetMap contributors (ODbL) https://www.openstreetmap.org/node/1733760129","sym":"Radio Beacon"},"geometry":{"type":"Point","coordinates":[-124.05512,49.239]}},{"type":"Feature","properties":{"name":"Mercury Espresso","routes":["C2"],"provs":["ON"],"desc":"Caf\u00e9\nSource: \u00a9 OpenStreetMap contributors (ODbL) https://www.openstreetmap.org/node/1733861962","sym":"Radio Beacon"},"geometry":{"type":"Point","coordinates":[-79.34137,43.66067]}},{"type":"Feature","properties":{"name":"De Aragon","routes":["C1","C2","CN","CA","CL"],"provs":["QC"],"desc":"Restaurant\nSource: \u00a9 OpenStreetMap contributors (ODbL) https://www.openstreetmap.org/node/1743949895","sym":"Radio Beacon"},"geometry":{"type":"Point","coordinates":[-73.59556,45.52292]}},{"type":"Feature","properties":{"name":"Duke's Refresher","routes":["C2"],"provs":["ON"],"desc":"Bar\nSource: \u00a9 OpenStreetMap contributors (ODbL) https://www.openstreetmap.org/node/1744605991","sym":"Radio Beacon"},"geometry":{"type":"Point","coordinates":[-79.37304,43.64861]}},{"type":"Feature","properties":{"name":"Goza","routes":["C1","C2","CN","CA","CL"],"provs":["QC"],"desc":"Caf\u00e9\nWifi for customers\nSource: \u00a9 OpenStreetMap contributors (ODbL) https://www.openstreetmap.org/node/1751182525","sym":"Radio Beacon"},"geometry":{"type":"Point","coordinates":[-73.59974,45.52471]}},{"type":"Feature","properties":{"name":"Van Houtte","routes":["C1","C2","CN","CA","CL"],"provs":["QC"],"desc":"Caf\u00e9\nFree wifi\nSource: \u00a9 OpenStreetMap contributors (ODbL) https://www.openstreetmap.org/node/1751212968","sym":"Radio Beacon"},"geometry":{"type":"Point","coordinates":[-73.63871,45.54632]}},{"type":"Feature","properties":{"name":"Boulangerie & P\u00e2tisserie Salerno","routes":["C1","CN","CA","CL"],"provs":["QC"],"desc":"Bakery\nFree wifi\nSource: \u00a9 OpenStreetMap contributors (ODbL) https://www.openstreetmap.org/node/1751344369","sym":"Radio Beacon"},"geometry":{"type":"Point","coordinates":[-73.63983,45.57088]}},{"type":"Feature","properties":{"name":"Cardinale","routes":["C1","C3"],"provs":["AB"],"desc":"Restaurant\nSource: \u00a9 OpenStreetMap contributors (ODbL) https://www.openstreetmap.org/node/1763629526","sym":"Radio Beacon"},"geometry":{"type":"Point","coordinates":[-114.05576,51.0411]}},{"type":"Feature","properties":{"name":"McDonald's","routes":["C2","CA"],"provs":["QC"],"desc":"Fast food\nFree wifi\nSource: \u00a9 OpenStreetMap contributors (ODbL) https://www.openstreetmap.org/node/1768238777","sym":"Radio Beacon"},"geometry":{"type":"Point","coordinates":[-73.6879,45.43639]}},{"type":"Feature","properties":{"name":"Bean Around The World","routes":["C2","CN","CA","CL"],"provs":["BC"],"desc":"Caf\u00e9\nFree wifi\nSource: \u00a9 OpenStreetMap contributors (ODbL) https://www.openstreetmap.org/node/1769850012","sym":"Radio Beacon"},"geometry":{"type":"Point","coordinates":[-123.10072,49.26244]}},{"type":"Feature","properties":{"name":"The Palate","routes":["C2"],"provs":["NB"],"desc":"Restaurant\nSource: \u00a9 OpenStreetMap contributors (ODbL) https://www.openstreetmap.org/node/1770612545","sym":"Radio Beacon"},"geometry":{"type":"Point","coordinates":[-66.64193,45.96231]}},{"type":"Feature","properties":{"name":"Tim Hortons","routes":["C2","CW"],"provs":["NB"],"desc":"Caf\u00e9\nSource: \u00a9 OpenStreetMap contributors (ODbL) https://www.openstreetmap.org/node/1780004492","sym":"Radio Beacon"},"geometry":{"type":"Point","coordinates":[-66.06019,45.27306]}},{"type":"Feature","properties":{"name":"West Vancouver (Horseshoe Bay) Berth 2","routes":["C2","CW"],"provs":["BC"],"desc":"Ferry terminal\nSource: \u00a9 OpenStreetMap contributors (ODbL) https://www.openstreetmap.org/node/1786985817","sym":"Radio Beacon"},"geometry":{"type":"Point","coordinates":[-123.27161,49.37596]}},{"type":"Feature","properties":{"name":"Blenz Coffee","routes":["C2","CN","CA","CL"],"provs":["BC"],"desc":"Caf\u00e9\nSource: \u00a9 OpenStreetMap contributors (ODbL) https://www.openstreetmap.org/node/1793682461","sym":"Radio Beacon"},"geometry":{"type":"Point","coordinates":[-123.10785,49.27963]}},{"type":"Feature","properties":{"name":"Bridgehead","routes":["C1","C3","CN","CA"],"provs":["ON"],"desc":"Caf\u00e9\nFree wifi\nSource: \u00a9 OpenStreetMap contributors (ODbL) https://www.openstreetmap.org/node/1800921194","sym":"Radio Beacon"},"geometry":{"type":"Point","coordinates":[-75.72368,45.40457]}},{"type":"Feature","properties":{"name":"Starbucks","routes":["C1","C3","CN","CA"],"provs":["ON"],"desc":"Caf\u00e9\nSource: \u00a9 OpenStreetMap contributors (ODbL) https://www.openstreetmap.org/node/1826905562","sym":"Radio Beacon"},"geometry":{"type":"Point","coordinates":[-75.69337,45.42104]}},{"type":"Feature","properties":{"name":"Terra Breads","routes":["C2","CN","CA","CL"],"provs":["BC"],"desc":"Caf\u00e9\nFree wifi\nSource: \u00a9 OpenStreetMap contributors (ODbL) https://www.openstreetmap.org/node/1828159045","sym":"Radio Beacon"},"geometry":{"type":"Point","coordinates":[-123.10684,49.27144]}},{"type":"Feature","properties":{"name":"Steve-o-Renos","routes":["C2","CN","CA","CL"],"provs":["NS"],"desc":"Caf\u00e9\nFree wifi\nSource: \u00a9 OpenStreetMap contributors (ODbL) https://www.openstreetmap.org/node/1836752911","sym":"Radio Beacon"},"geometry":{"type":"Point","coordinates":[-63.57565,44.64403]}},{"type":"Feature","properties":{"name":"Good Earth","routes":["C1","C3"],"provs":["AB"],"desc":"Caf\u00e9\nSource: \u00a9 OpenStreetMap contributors (ODbL) https://www.openstreetmap.org/node/1838982855","sym":"Radio Beacon"},"geometry":{"type":"Point","coordinates":[-114.07187,51.04088]}},{"type":"Feature","properties":{"name":"Tim Hortons","routes":["C3"],"provs":["ON"],"desc":"Caf\u00e9\nSource: \u00a9 OpenStreetMap contributors (ODbL) https://www.openstreetmap.org/node/1854603065","sym":"Radio Beacon"},"geometry":{"type":"Point","coordinates":[-80.58668,44.59882]}},{"type":"Feature","properties":{"name":"Tim Hortons","routes":["C1","C2","C3","CN","CL"],"provs":["ON"],"desc":"Caf\u00e9\nFree wifi\nSource: \u00a9 OpenStreetMap contributors (ODbL) https://www.openstreetmap.org/node/1854609377","sym":"Radio Beacon"},"geometry":{"type":"Point","coordinates":[-81.77705,46.28663]}},{"type":"Feature","properties":{"name":"Tim Hortons","routes":["C2","C3"],"provs":["ON"],"desc":"Caf\u00e9\nSource: \u00a9 OpenStreetMap contributors (ODbL) https://www.openstreetmap.org/node/1856054816","sym":"Radio Beacon"},"geometry":{"type":"Point","coordinates":[-81.1402,44.73947]}},{"type":"Feature","properties":{"name":"All\u00f4! Mon Coco","routes":["C1","C2","CN","CA","CL"],"provs":["QC"],"desc":"Restaurant\nWifi for customers\nSource: \u00a9 OpenStreetMap contributors (ODbL) https://www.openstreetmap.org/node/1859173282","sym":"Radio Beacon"},"geometry":{"type":"Point","coordinates":[-73.58613,45.51985]}},{"type":"Feature","properties":{"name":"KFC","routes":["CN"],"provs":["NS"],"desc":"Fast food\nFree wifi\nSource: \u00a9 OpenStreetMap contributors (ODbL) https://www.openstreetmap.org/node/1862454130","sym":"Radio Beacon"},"geometry":{"type":"Point","coordinates":[-63.36196,45.14006]}},{"type":"Feature","properties":{"name":"Tim Hortons","routes":["C2","CW"],"provs":["NB"],"desc":"Caf\u00e9\nSource: \u00a9 OpenStreetMap contributors (ODbL) https://www.openstreetmap.org/node/1867466140","sym":"Radio Beacon"},"geometry":{"type":"Point","coordinates":[-66.06239,45.27353]}},{"type":"Feature","properties":{"name":"Starbucks","routes":["CN","CA"],"provs":["BC"],"desc":"Caf\u00e9\nWifi for customers\nSource: \u00a9 OpenStreetMap contributors (ODbL) https://www.openstreetmap.org/node/1878265137","sym":"Radio Beacon"},"geometry":{"type":"Point","coordinates":[-120.366,50.6533]}},{"type":"Feature","properties":{"name":"Britt's Pub","routes":["C2","CW"],"provs":["NB"],"desc":"Pub\nSource: \u00a9 OpenStreetMap contributors (ODbL) https://www.openstreetmap.org/node/1898737857","sym":"Radio Beacon"},"geometry":{"type":"Point","coordinates":[-66.06144,45.2713]}},{"type":"Feature","properties":{"name":"Lake Louise Visitor Centre","routes":["C1","C3","CN","CA"],"provs":["AB"],"desc":"Visitor centre\nSource: \u00a9 OpenStreetMap contributors (ODbL) https://www.openstreetmap.org/node/1907734438","sym":"Radio Beacon"},"geometry":{"type":"Point","coordinates":[-116.17905,51.4263]}},{"type":"Feature","properties":{"name":"Tim Hortons","routes":["C2"],"provs":["NB"],"desc":"Caf\u00e9\nFree wifi\nSource: \u00a9 OpenStreetMap contributors (ODbL) https://www.openstreetmap.org/node/1912359154","sym":"Radio Beacon"},"geometry":{"type":"Point","coordinates":[-67.53022,46.30552]}},{"type":"Feature","properties":{"name":"JBI Pub","routes":["C1","C3","CA","CL"],"provs":["BC"],"desc":"Pub\nSource: \u00a9 OpenStreetMap contributors (ODbL) https://www.openstreetmap.org/node/1924354867","sym":"Radio Beacon"},"geometry":{"type":"Point","coordinates":[-123.36949,48.41526]}},{"type":"Feature","properties":{"name":"Tim Hortons","routes":["C1","C2","C3","CA"],"provs":["QC"],"desc":"Caf\u00e9\nFree wifi\nSource: \u00a9 OpenStreetMap contributors (ODbL) https://www.openstreetmap.org/node/1926197637","sym":"Radio Beacon"},"geometry":{"type":"Point","coordinates":[-73.82009,45.50625]}},{"type":"Feature","properties":{"name":"St Augustine's","routes":["C2","CN","CA","CL"],"provs":["BC"],"desc":"Pub\nSource: \u00a9 OpenStreetMap contributors (ODbL) https://www.openstreetmap.org/node/1932455897","sym":"Radio Beacon"},"geometry":{"type":"Point","coordinates":[-123.0695,49.26383]}},{"type":"Feature","properties":{"name":"Biblioth\u00e8que Guy-B\u00e9lisle","routes":["C1","C3"],"provs":["QC"],"desc":"Library\nSource: \u00a9 OpenStreetMap contributors (ODbL) https://www.openstreetmap.org/node/1933037663","sym":"Radio Beacon"},"geometry":{"type":"Point","coordinates":[-73.88682,45.56058]}},{"type":"Feature","properties":{"name":"VPL: Britannia Branch","routes":["C2","CN","CA","CL"],"provs":["BC"],"desc":"Library\nSource: \u00a9 OpenStreetMap contributors (ODbL) https://www.openstreetmap.org/node/1934829660","sym":"Radio Beacon"},"geometry":{"type":"Point","coordinates":[-123.07071,49.27496]}},{"type":"Feature","properties":{"name":"Caf\u00e9 N\u00e9v\u00e9","routes":["C1","C2","CN","CA","CL"],"provs":["QC"],"desc":"Caf\u00e9\nWifi for customers\nSource: \u00a9 OpenStreetMap contributors (ODbL) https://www.openstreetmap.org/node/1935431192","sym":"Radio Beacon"},"geometry":{"type":"Point","coordinates":[-73.58051,45.51952]}},{"type":"Feature","properties":{"name":"Bean Around The World","routes":["C2","CN","CA","CL"],"provs":["BC"],"desc":"Caf\u00e9\nSource: \u00a9 OpenStreetMap contributors (ODbL) https://www.openstreetmap.org/node/1938712091","sym":"Radio Beacon"},"geometry":{"type":"Point","coordinates":[-123.10929,49.28253]}},{"type":"Feature","properties":{"name":"McDonald's","routes":["C1","C2","C3"],"provs":["QC"],"desc":"Fast food\nSource: \u00a9 OpenStreetMap contributors (ODbL) https://www.openstreetmap.org/node/1941581849","sym":"Radio Beacon"},"geometry":{"type":"Point","coordinates":[-70.56057,46.98304]}},{"type":"Feature","properties":{"name":"McDonald's","routes":["C2","CN","CA","CL"],"provs":["BC"],"desc":"Fast food\nSource: \u00a9 OpenStreetMap contributors (ODbL) https://www.openstreetmap.org/node/1944609896","sym":"Radio Beacon"},"geometry":{"type":"Point","coordinates":[-123.12107,49.28477]}},{"type":"Feature","properties":{"name":"Tim Hortons","routes":["C2","CN","CA","CL"],"provs":["BC"],"desc":"Caf\u00e9\nSource: \u00a9 OpenStreetMap contributors (ODbL) https://www.openstreetmap.org/node/1944610563","sym":"Radio Beacon"},"geometry":{"type":"Point","coordinates":[-123.12096,49.28485]}},{"type":"Feature","properties":{"name":"McDonald's","routes":["C2","CN","CA","CL"],"provs":["BC"],"desc":"Fast food\nSource: \u00a9 OpenStreetMap contributors (ODbL) https://www.openstreetmap.org/node/1944631524","sym":"Radio Beacon"},"geometry":{"type":"Point","coordinates":[-123.0696,49.26175]}},{"type":"Feature","properties":{"name":"Starbucks","routes":["C1","C2","CN"],"provs":["BC"],"desc":"Caf\u00e9\nSource: \u00a9 OpenStreetMap contributors (ODbL) https://www.openstreetmap.org/node/1945690076","sym":"Radio Beacon"},"geometry":{"type":"Point","coordinates":[-122.6648,49.1645]}},{"type":"Feature","properties":{"name":"Waves Coffee House","routes":["C2","CN","CL"],"provs":["BC"],"desc":"Caf\u00e9\nFree wifi\nSource: \u00a9 OpenStreetMap contributors (ODbL) https://www.openstreetmap.org/node/1947105624","sym":"Radio Beacon"},"geometry":{"type":"Point","coordinates":[-122.91042,49.20203]}},{"type":"Feature","properties":{"name":"Rocket Bakery","routes":["C1","C3","CA"],"provs":["NL"],"desc":"Bakery\nSource: \u00a9 OpenStreetMap contributors (ODbL) https://www.openstreetmap.org/node/1948971283","sym":"Radio Beacon"},"geometry":{"type":"Point","coordinates":[-52.7098,47.56208]}},{"type":"Feature","properties":{"name":"Gracie Joe's","routes":["C1","C3","CA"],"provs":["NL"],"desc":"Restaurant\nSource: \u00a9 OpenStreetMap contributors (ODbL) https://www.openstreetmap.org/node/1950871371","sym":"Radio Beacon"},"geometry":{"type":"Point","coordinates":[-52.69696,47.57534]}},{"type":"Feature","properties":{"name":"Tim Hortons","routes":["CN","CL"],"provs":["NB"],"desc":"Caf\u00e9\nSource: \u00a9 OpenStreetMap contributors (ODbL) https://www.openstreetmap.org/node/1960861585","sym":"Radio Beacon"},"geometry":{"type":"Point","coordinates":[-64.77676,46.08879]}},{"type":"Feature","properties":{"name":"Java Moose","routes":["C2","CW"],"provs":["NB"],"desc":"Caf\u00e9\nFree wifi\nSource: \u00a9 OpenStreetMap contributors (ODbL) https://www.openstreetmap.org/node/1961419476","sym":"Radio Beacon"},"geometry":{"type":"Point","coordinates":[-66.06194,45.27199]}},{"type":"Feature","properties":{"name":"Starbucks","routes":["C1","C3","CN"],"provs":["QC"],"desc":"Caf\u00e9\nFree wifi\nSource: \u00a9 OpenStreetMap contributors (ODbL) https://www.openstreetmap.org/node/1963982966","sym":"Radio Beacon"},"geometry":{"type":"Point","coordinates":[-73.72689,45.56875]}},{"type":"Feature","properties":{"name":"Starbucks","routes":["C1","C3","CN"],"provs":["QC"],"desc":"Caf\u00e9\nFree wifi\nSource: \u00a9 OpenStreetMap contributors (ODbL) https://www.openstreetmap.org/node/1963986226","sym":"Radio Beacon"},"geometry":{"type":"Point","coordinates":[-73.72742,45.55557]}},{"type":"Feature","properties":{"name":"Tim Hortons","routes":["CN","CL"],"provs":["NB"],"desc":"Caf\u00e9\nSource: \u00a9 OpenStreetMap contributors (ODbL) https://www.openstreetmap.org/node/1965043649","sym":"Radio Beacon"},"geometry":{"type":"Point","coordinates":[-64.7578,46.097]}},{"type":"Feature","properties":{"name":"Caf\u00e9 Saint-Henri","routes":["C1","C2","CN","CA","CL"],"provs":["QC"],"desc":"Caf\u00e9\nSource: \u00a9 OpenStreetMap contributors (ODbL) https://www.openstreetmap.org/node/1966795948","sym":"Radio Beacon"},"geometry":{"type":"Point","coordinates":[-73.58111,45.47937]}},{"type":"Feature","properties":{"name":"CoCo Fresh Tea & Juice","routes":["C2","CN","CA","CL"],"provs":["BC"],"desc":"Caf\u00e9\nFree wifi\nSource: \u00a9 OpenStreetMap contributors (ODbL) https://www.openstreetmap.org/node/1996432728","sym":"Radio Beacon"},"geometry":{"type":"Point","coordinates":[-123.00443,49.26681]}},{"type":"Feature","properties":{"name":"Tim Hortons","routes":["C1","C2","CN","CL"],"provs":["BC"],"desc":"Caf\u00e9\nSource: \u00a9 OpenStreetMap contributors (ODbL) https://www.openstreetmap.org/node/2003996627","sym":"Radio Beacon"},"geometry":{"type":"Point","coordinates":[-122.79149,49.16259]}},{"type":"Feature","properties":{"name":"Starbucks","routes":["C1","C2","CN","CL"],"provs":["BC"],"desc":"Caf\u00e9\nSource: \u00a9 OpenStreetMap contributors (ODbL) https://www.openstreetmap.org/node/2004008928","sym":"Radio Beacon"},"geometry":{"type":"Point","coordinates":[-122.80096,49.16461]}},{"type":"Feature","properties":{"name":"Myriade","routes":["C1","C2","CN","CA","CL"],"provs":["QC"],"desc":"Caf\u00e9\nSource: \u00a9 OpenStreetMap contributors (ODbL) https://www.openstreetmap.org/node/2023153129","sym":"Radio Beacon"},"geometry":{"type":"Point","coordinates":[-73.58452,45.52487]}},{"type":"Feature","properties":{"name":"Sunrise Branch","routes":["C1"],"provs":["SK"],"desc":"Library\nFree wifi\nSource: \u00a9 OpenStreetMap contributors (ODbL) https://www.openstreetmap.org/node/2025879106","sym":"Radio Beacon"},"geometry":{"type":"Point","coordinates":[-104.53559,50.42942]}},{"type":"Feature","properties":{"name":"Tim Hortons","routes":["C3","CA"],"provs":["BC"],"desc":"Caf\u00e9\nSource: \u00a9 OpenStreetMap contributors (ODbL) https://www.openstreetmap.org/node/2027828415","sym":"Radio Beacon"},"geometry":{"type":"Point","coordinates":[-128.59153,54.51703]}},{"type":"Feature","properties":{"name":"Golden Star","routes":["C3","CA"],"provs":["BC"],"desc":"Restaurant\nSource: \u00a9 OpenStreetMap contributors (ODbL) https://www.openstreetmap.org/node/2027828488","sym":"Radio Beacon"},"geometry":{"type":"Point","coordinates":[-128.58691,54.51749]}},{"type":"Feature","properties":{"name":"Denny's","routes":["C2","CN","CA","CL"],"provs":["BC"],"desc":"Restaurant\nSource: \u00a9 OpenStreetMap contributors (ODbL) https://www.openstreetmap.org/node/2062674924","sym":"Radio Beacon"},"geometry":{"type":"Point","coordinates":[-123.1312,49.28021]}},{"type":"Feature","properties":{"name":"One Saigon","routes":["C2","CN","CA","CL"],"provs":["BC"],"desc":"Fast food\nSource: \u00a9 OpenStreetMap contributors (ODbL) https://www.openstreetmap.org/node/2078134601","sym":"Radio Beacon"},"geometry":{"type":"Point","coordinates":[-123.1248,49.28082]}},{"type":"Feature","properties":{"name":"Pizzaville","routes":["C2","CN","CA","CL"],"provs":["ON"],"desc":"Fast food\nSource: \u00a9 OpenStreetMap contributors (ODbL) https://www.openstreetmap.org/node/2078231910","sym":"Radio Beacon"},"geometry":{"type":"Point","coordinates":[-79.57006,43.71979]}},{"type":"Feature","properties":{"name":"Starving Artist","routes":["C2","CN","CA","CL"],"provs":["ON"],"desc":"Restaurant\nSource: \u00a9 OpenStreetMap contributors (ODbL) https://www.openstreetmap.org/node/2078234554","sym":"Radio Beacon"},"geometry":{"type":"Point","coordinates":[-79.56928,43.71947]}},{"type":"Feature","properties":{"name":"Tim Hortons","routes":["C1","C3","CN","CL"],"provs":["NS"],"desc":"Caf\u00e9\nSource: \u00a9 OpenStreetMap contributors (ODbL) https://www.openstreetmap.org/node/2081633373","sym":"Radio Beacon"},"geometry":{"type":"Point","coordinates":[-62.726,45.57665]}},{"type":"Feature","properties":{"name":"Allandale Waterfront","routes":["C3","CN"],"provs":["ON"],"desc":"Train station\nFree wifi\nNetwork: Free WiFi at GO\nSource: \u00a9 OpenStreetMap contributors (ODbL) https://www.openstreetmap.org/node/2081724179","sym":"Radio Beacon"},"geometry":{"type":"Point","coordinates":[-79.6868,44.37337]}},{"type":"Feature","properties":{"name":"Tim Hortons","routes":["C2","CW"],"provs":["NB"],"desc":"Caf\u00e9\nSource: \u00a9 OpenStreetMap contributors (ODbL) https://www.openstreetmap.org/node/2084055655","sym":"Radio Beacon"},"geometry":{"type":"Point","coordinates":[-66.10161,45.25691]}},{"type":"Feature","properties":{"name":"Le D\u00e9panneur Caf\u00e9","routes":["C1","C2","CN","CA","CL"],"provs":["QC"],"desc":"Caf\u00e9\nSource: \u00a9 OpenStreetMap contributors (ODbL) https://www.openstreetmap.org/node/2084790270","sym":"Radio Beacon"},"geometry":{"type":"Point","coordinates":[-73.60441,45.52471]}},{"type":"Feature","properties":{"name":"Tim Hortons","routes":["C2","CW"],"provs":["NB"],"desc":"Caf\u00e9\nSource: \u00a9 OpenStreetMap contributors (ODbL) https://www.openstreetmap.org/node/2084957317","sym":"Radio Beacon"},"geometry":{"type":"Point","coordinates":[-66.09391,45.25602]}},{"type":"Feature","properties":{"name":"Tim Hortons","routes":["C3","CA"],"provs":["ON"],"desc":"Caf\u00e9\nSource: \u00a9 OpenStreetMap contributors (ODbL) https://www.openstreetmap.org/node/2131759304","sym":"Radio Beacon"},"geometry":{"type":"Point","coordinates":[-78.75848,44.35077]}},{"type":"Feature","properties":{"name":"VIRL: Cowichan Branch","routes":["C3"],"provs":["BC"],"desc":"Library\nFree wifi\nSource: \u00a9 OpenStreetMap contributors (ODbL) https://www.openstreetmap.org/node/2138293589","sym":"Radio Beacon"},"geometry":{"type":"Point","coordinates":[-123.70383,48.78308]}},{"type":"Feature","properties":{"name":"The Senate Tavern on Wellington","routes":["C1","C3","CN","CA"],"provs":["ON"],"desc":"Pub\nSource: \u00a9 OpenStreetMap contributors (ODbL) https://www.openstreetmap.org/node/2146971239","sym":"Radio Beacon"},"geometry":{"type":"Point","coordinates":[-75.7234,45.40488]}},{"type":"Feature","properties":{"name":"Cat's Coffee & Cake","routes":["C1","C3","CA","CL"],"provs":["BC"],"desc":"Caf\u00e9\nSource: \u00a9 OpenStreetMap contributors (ODbL) https://www.openstreetmap.org/node/2148443002","sym":"Radio Beacon"},"geometry":{"type":"Point","coordinates":[-123.36477,48.42577]}},{"type":"Feature","properties":{"name":"Fatburger","routes":["C1","C3","CA","CL"],"provs":["BC"],"desc":"Fast food\nSource: \u00a9 OpenStreetMap contributors (ODbL) https://www.openstreetmap.org/node/2148443003","sym":"Radio Beacon"},"geometry":{"type":"Point","coordinates":[-123.36479,48.42571]}},{"type":"Feature","properties":{"name":"The Burger's Priest","routes":["C2"],"provs":["ON"],"desc":"Fast food\nSource: \u00a9 OpenStreetMap contributors (ODbL) https://www.openstreetmap.org/node/2153938464","sym":"Radio Beacon"},"geometry":{"type":"Point","coordinates":[-79.38743,43.64857]}},{"type":"Feature","properties":{"name":"Boustan","routes":["C1","C2","CN","CA","CL"],"provs":["QC"],"desc":"Fast food\nFree wifi\nSource: \u00a9 OpenStreetMap contributors (ODbL) https://www.openstreetmap.org/node/2172009074","sym":"Radio Beacon"},"geometry":{"type":"Point","coordinates":[-73.58072,45.47959]}},{"type":"Feature","properties":{"name":"Saint Barth","routes":["C1","C2","CN","CA","CL"],"provs":["QC"],"desc":"Caf\u00e9\nSource: \u00a9 OpenStreetMap contributors (ODbL) https://www.openstreetmap.org/node/2175713420","sym":"Radio Beacon"},"geometry":{"type":"Point","coordinates":[-73.5737,45.5092]}},{"type":"Feature","properties":{"name":"Starbucks","routes":["C2","CN","CA","CL"],"provs":["BC"],"desc":"Caf\u00e9\nSource: \u00a9 OpenStreetMap contributors (ODbL) https://www.openstreetmap.org/node/2188770941","sym":"Radio Beacon"},"geometry":{"type":"Point","coordinates":[-123.11167,49.28576]}},{"type":"Feature","properties":{"name":"Le Moussonneur Caf\u00e9 Lounge","routes":["C1","C3"],"provs":["QC"],"desc":"Caf\u00e9\nFree wifi\nSource: \u00a9 OpenStreetMap contributors (ODbL) https://www.openstreetmap.org/node/2195228895","sym":"Radio Beacon"},"geometry":{"type":"Point","coordinates":[-68.53496,48.44757]}},{"type":"Feature","properties":{"name":"Les Baguettes en l'air","routes":["C1","C3"],"provs":["QC"],"desc":"Bakery\nSource: \u00a9 OpenStreetMap contributors (ODbL) https://www.openstreetmap.org/node/2202709587","sym":"Radio Beacon"},"geometry":{"type":"Point","coordinates":[-68.5217,48.45243]}},{"type":"Feature","properties":{"name":"Second Cup","routes":["C1","C3","CN","CA"],"provs":["ON","QC"],"desc":"Caf\u00e9\nFree wifi\nSource: \u00a9 OpenStreetMap contributors (ODbL) https://www.openstreetmap.org/node/2207243264","sym":"Radio Beacon"},"geometry":{"type":"Point","coordinates":[-75.7099,45.42939]}},{"type":"Feature","properties":{"name":"Creekside Coffee Factory","routes":["C2","CN","CL"],"provs":["BC"],"desc":"Caf\u00e9\nSource: \u00a9 OpenStreetMap contributors (ODbL) https://www.openstreetmap.org/node/2226844808","sym":"Radio Beacon"},"geometry":{"type":"Point","coordinates":[-122.8067,49.27845]}},{"type":"Feature","properties":{"name":"Gallagher's Cafe","routes":["C2","CN","CL"],"provs":["BC"],"desc":"Caf\u00e9\nSource: \u00a9 OpenStreetMap contributors (ODbL) https://www.openstreetmap.org/node/2226912822","sym":"Radio Beacon"},"geometry":{"type":"Point","coordinates":[-122.82634,49.28242]}},{"type":"Feature","properties":{"name":"Tim Hortons","routes":["C1","C3","CN","CW"],"provs":["QC"],"desc":"Caf\u00e9\nFree wifi\nSource: \u00a9 OpenStreetMap contributors (ODbL) https://www.openstreetmap.org/node/2256202872","sym":"Radio Beacon"},"geometry":{"type":"Point","coordinates":[-74.1736,45.43419]}},{"type":"Feature","properties":{"name":"Mamie Clafoutis","routes":["C1","C2","CN","CA","CL"],"provs":["QC"],"desc":"Bakery\nSource: \u00a9 OpenStreetMap contributors (ODbL) https://www.openstreetmap.org/node/2261597613","sym":"Radio Beacon"},"geometry":{"type":"Point","coordinates":[-73.61418,45.52158]}},{"type":"Feature","properties":{"name":"Tim Hortons","routes":["C1","C3","CA"],"provs":["NL"],"desc":"Caf\u00e9\nSource: \u00a9 OpenStreetMap contributors (ODbL) https://www.openstreetmap.org/node/2268113541","sym":"Radio Beacon"},"geometry":{"type":"Point","coordinates":[-52.7222,47.57437]}},{"type":"Feature","properties":{"name":"Starbucks","routes":["C2","CN","CA","CL"],"provs":["BC"],"desc":"Caf\u00e9\nFree wifi\nSource: \u00a9 OpenStreetMap contributors (ODbL) https://www.openstreetmap.org/node/2270985533","sym":"Radio Beacon"},"geometry":{"type":"Point","coordinates":[-123.12216,49.27469]}},{"type":"Feature","properties":{"name":"Chic Alors !","routes":["C1","C2","C3"],"provs":["QC"],"desc":"Restaurant\nSource: \u00a9 OpenStreetMap contributors (ODbL) https://www.openstreetmap.org/node/2272226656","sym":"Radio Beacon"},"geometry":{"type":"Point","coordinates":[-71.36456,46.76081]}},{"type":"Feature","properties":{"name":"BPL: McGill Library","routes":["C2","CN","CA","CL"],"provs":["BC"],"desc":"Library\nSource: \u00a9 OpenStreetMap contributors (ODbL) https://www.openstreetmap.org/node/2284789941","sym":"Radio Beacon"},"geometry":{"type":"Point","coordinates":[-123.00065,49.28268]}},{"type":"Feature","properties":{"name":"Bridgehead","routes":["C1","C3","CN","CA"],"provs":["ON"],"desc":"Caf\u00e9\nSource: \u00a9 OpenStreetMap contributors (ODbL) https://www.openstreetmap.org/node/2295959714","sym":"Radio Beacon"},"geometry":{"type":"Point","coordinates":[-75.713,45.40733]}},{"type":"Feature","properties":{"name":"Tim Hortons","routes":["C1","C2","CN","CL"],"provs":["BC"],"desc":"Caf\u00e9\nSource: \u00a9 OpenStreetMap contributors (ODbL) https://www.openstreetmap.org/node/2297098828","sym":"Radio Beacon"},"geometry":{"type":"Point","coordinates":[-122.79905,49.10475]}},{"type":"Feature","properties":{"name":"Tim Hortons","routes":["C1","C2","CN","CL","CW"],"provs":["BC"],"desc":"Caf\u00e9\nSource: \u00a9 OpenStreetMap contributors (ODbL) https://www.openstreetmap.org/node/2297451269","sym":"Radio Beacon"},"geometry":{"type":"Point","coordinates":[-122.95852,49.16921]}},{"type":"Feature","properties":{"name":"Original Joe's","routes":["CN","CA"],"provs":["BC"],"desc":"Restaurant\nSource: \u00a9 OpenStreetMap contributors (ODbL) https://www.openstreetmap.org/node/2310678479","sym":"Radio Beacon"},"geometry":{"type":"Point","coordinates":[-120.36626,50.65369]}},{"type":"Feature","properties":{"name":"Nouri","routes":["C1","C2","CN","CA","CL"],"provs":["QC"],"desc":"Restaurant\nSource: \u00a9 OpenStreetMap contributors (ODbL) https://www.openstreetmap.org/node/2316577147","sym":"Radio Beacon"},"geometry":{"type":"Point","coordinates":[-73.57523,45.51465]}},{"type":"Feature","properties":{"name":"Tim Hortons","routes":["C1","C2","C3"],"provs":["ON"],"desc":"Caf\u00e9\nSource: \u00a9 OpenStreetMap contributors (ODbL) https://www.openstreetmap.org/node/2317678412","sym":"Radio Beacon"},"geometry":{"type":"Point","coordinates":[-89.26139,48.38524]}},{"type":"Feature","properties":{"name":"Melriches Coffee House","routes":["C2","CN","CA","CL"],"provs":["BC"],"desc":"Caf\u00e9\nSource: \u00a9 OpenStreetMap contributors (ODbL) https://www.openstreetmap.org/node/2321011519","sym":"Radio Beacon"},"geometry":{"type":"Point","coordinates":[-123.13434,49.28225]}},{"type":"Feature","properties":{"name":"Blenz Coffee","routes":["C2","CN","CA","CL"],"provs":["BC"],"desc":"Caf\u00e9\nSource: \u00a9 OpenStreetMap contributors (ODbL) https://www.openstreetmap.org/node/2321115811","sym":"Radio Beacon"},"geometry":{"type":"Point","coordinates":[-123.13338,49.28196]}},{"type":"Feature","properties":{"name":"MajesTea","routes":["C1","C3","CA"],"provs":["NL"],"desc":"Caf\u00e9\nSource: \u00a9 OpenStreetMap contributors (ODbL) https://www.openstreetmap.org/node/2325389432","sym":"Radio Beacon"},"geometry":{"type":"Point","coordinates":[-52.72275,47.57563]}},{"type":"Feature","properties":{"name":"Fuwa Fuwa","routes":["C1","C2","CN","CA","CL"],"provs":["QC"],"desc":"Restaurant\nFree wifi\nSource: \u00a9 OpenStreetMap contributors (ODbL) https://www.openstreetmap.org/node/2329714137","sym":"Radio Beacon"},"geometry":{"type":"Point","coordinates":[-73.55911,45.50758]}},{"type":"Feature","properties":{"name":"Van Houtte","routes":["C1","C2","C3","CA","CW"],"provs":["QC"],"desc":"Caf\u00e9\nFree wifi\nSource: \u00a9 OpenStreetMap contributors (ODbL) https://www.openstreetmap.org/node/2331991901","sym":"Radio Beacon"},"geometry":{"type":"Point","coordinates":[-71.22152,46.80524]}},{"type":"Feature","properties":{"name":"Gigli Caffe","routes":["C2","CL"],"provs":["ON"],"desc":"Caf\u00e9\nFree wifi\nSource: \u00a9 OpenStreetMap contributors (ODbL) https://www.openstreetmap.org/node/2342899751","sym":"Radio Beacon"},"geometry":{"type":"Point","coordinates":[-79.48802,43.65844]}},{"type":"Feature","properties":{"name":"Renzo Sandwich","routes":["C1","C2","CN","CA","CL"],"provs":["QC"],"desc":"Fast food\nWifi for customers\nNetwork: Renzoclient\nSource: \u00a9 OpenStreetMap contributors (ODbL) https://www.openstreetmap.org/node/2342927943","sym":"Radio Beacon"},"geometry":{"type":"Point","coordinates":[-73.5945,45.52397]}},{"type":"Feature","properties":{"name":"Toronto Public Library - Steeles","routes":["CL"],"provs":["ON"],"desc":"Library\nFree wifi\nSource: \u00a9 OpenStreetMap contributors (ODbL) https://www.openstreetmap.org/node/2348626187","sym":"Radio Beacon"},"geometry":{"type":"Point","coordinates":[-79.32216,43.8155]}},{"type":"Feature","properties":{"name":"Newfoundland Chocolate Cafe","routes":["C1","C3","CA"],"provs":["NL"],"desc":"Caf\u00e9\nPaid wifi\nSource: \u00a9 OpenStreetMap contributors (ODbL) https://www.openstreetmap.org/node/2357815482","sym":"Radio Beacon"},"geometry":{"type":"Point","coordinates":[-52.68716,47.57047]}},{"type":"Feature","properties":{"name":"Pub St-Patrick","routes":["C1","C2","C3","CA","CW"],"provs":["QC"],"desc":"Pub\nFree wifi\nSource: \u00a9 OpenStreetMap contributors (ODbL) https://www.openstreetmap.org/node/2376624458","sym":"Radio Beacon"},"geometry":{"type":"Point","coordinates":[-71.20895,46.81481]}},{"type":"Feature","properties":{"name":"Kawartha Lakes Public Library - Lindsay Branch","routes":["C3","CA"],"provs":["ON"],"desc":"Library\nSource: \u00a9 OpenStreetMap contributors (ODbL) https://www.openstreetmap.org/node/2381886621","sym":"Radio Beacon"},"geometry":{"type":"Point","coordinates":[-78.74055,44.35467]}},{"type":"Feature","properties":{"name":"The End of the Line","routes":["C2"],"provs":["NS"],"desc":"Pub\nFree wifi\nSource: \u00a9 OpenStreetMap contributors (ODbL) https://www.openstreetmap.org/node/2388855609","sym":"Radio Beacon"},"geometry":{"type":"Point","coordinates":[-65.29355,44.83752]}},{"type":"Feature","properties":{"name":"Morning Parade Coffee Bar","routes":["C2"],"provs":["ON"],"desc":"Caf\u00e9\nFree wifi\nNetwork: LatteNetwork\nSource: \u00a9 OpenStreetMap contributors (ODbL) https://www.openstreetmap.org/node/2392212248","sym":"Radio Beacon"},"geometry":{"type":"Point","coordinates":[-79.41735,43.65015]}},{"type":"Feature","properties":{"name":"McDonald's","routes":["C1","C2","C3","CA","CW"],"provs":["QC"],"desc":"Fast food\nFree wifi\nSource: \u00a9 OpenStreetMap contributors (ODbL) https://www.openstreetmap.org/node/2393798907","sym":"Radio Beacon"},"geometry":{"type":"Point","coordinates":[-71.2917,46.76612]}},{"type":"Feature","properties":{"name":"Shalimar","routes":["C1","C3","CA"],"provs":["NL"],"desc":"Restaurant\nSource: \u00a9 OpenStreetMap contributors (ODbL) https://www.openstreetmap.org/node/2394581875","sym":"Radio Beacon"},"geometry":{"type":"Point","coordinates":[-52.7063,47.56599]}},{"type":"Feature","properties":{"name":"La Belle Province","routes":["C1","C3","CN"],"provs":["QC"],"desc":"Fast food\nWifi for customers\nSource: \u00a9 OpenStreetMap contributors (ODbL) https://www.openstreetmap.org/node/2406053696","sym":"Radio Beacon"},"geometry":{"type":"Point","coordinates":[-73.66998,45.59203]}},{"type":"Feature","properties":{"name":"Caffe Dante","routes":["C1","C2","CN","CA","CL"],"provs":["QC"],"desc":"Caf\u00e9\nWifi for customers\nSource: \u00a9 OpenStreetMap contributors (ODbL) https://www.openstreetmap.org/node/2406177729","sym":"Radio Beacon"},"geometry":{"type":"Point","coordinates":[-73.61454,45.52109]}},{"type":"Feature","properties":{"name":"La Bo\u00eete \u00e0 Pain","routes":["C1","C2","C3","CA","CW"],"provs":["QC"],"desc":"Bakery\nFree wifi\nSource: \u00a9 OpenStreetMap contributors (ODbL) https://www.openstreetmap.org/node/2408071628","sym":"Radio Beacon"},"geometry":{"type":"Point","coordinates":[-71.22593,46.82256]}},{"type":"Feature","properties":{"name":"Caf\u00e9 Navire","routes":["C1","C2","CN","CA","CL"],"provs":["QC"],"desc":"Caf\u00e9\nWifi for customers\nNetwork: Cafe Guest\nSource: \u00a9 OpenStreetMap contributors (ODbL) https://www.openstreetmap.org/node/2408150315","sym":"Radio Beacon"},"geometry":{"type":"Point","coordinates":[-73.6141,45.52166]}},{"type":"Feature","properties":{"name":"Restaurant (wifi)","routes":["C1","C2","C3","CA","CW"],"provs":["QC"],"desc":"Restaurant\nFree wifi\nSource: \u00a9 OpenStreetMap contributors (ODbL) https://www.openstreetmap.org/node/2408801488","sym":"Radio Beacon"},"geometry":{"type":"Point","coordinates":[-71.22484,46.81364]}},{"type":"Feature","properties":{"name":"La Korrigane - Brasserie Artisanale","routes":["C1","C2","C3","CA","CW"],"provs":["QC"],"desc":"Pub\nFree wifi\nSource: \u00a9 OpenStreetMap contributors (ODbL) https://www.openstreetmap.org/node/2409284129","sym":"Radio Beacon"},"geometry":{"type":"Point","coordinates":[-71.22695,46.8138]}},{"type":"Feature","properties":{"name":"Extreme Pita","routes":["C1","C2","C3","CA","CW"],"provs":["QC"],"desc":"Fast food\nFree wifi\nSource: \u00a9 OpenStreetMap contributors (ODbL) https://www.openstreetmap.org/node/2409372560","sym":"Radio Beacon"},"geometry":{"type":"Point","coordinates":[-71.22522,46.81342]}},{"type":"Feature","properties":{"name":"Station In Vivo","routes":["C1","C2","CN","CA","CL"],"provs":["QC"],"desc":"Caf\u00e9\nSource: \u00a9 OpenStreetMap contributors (ODbL) https://www.openstreetmap.org/node/2420001046","sym":"Radio Beacon"},"geometry":{"type":"Point","coordinates":[-73.55111,45.5559]}},{"type":"Feature","properties":{"name":"Tim Hortons","routes":["C1","C2","CN","CA","CL"],"provs":["QC"],"desc":"Caf\u00e9\nFree wifi\nSource: \u00a9 OpenStreetMap contributors (ODbL) https://www.openstreetmap.org/node/2420020468","sym":"Radio Beacon"},"geometry":{"type":"Point","coordinates":[-73.55534,45.55208]}},{"type":"Feature","properties":{"name":"Breakfast Central","routes":["C3"],"provs":["ON"],"desc":"Restaurant\nWifi for customers\nSource: \u00a9 OpenStreetMap contributors (ODbL) https://www.openstreetmap.org/node/2420971691","sym":"Radio Beacon"},"geometry":{"type":"Point","coordinates":[-80.58581,44.59813]}},{"type":"Feature","properties":{"name":"Bar Salon","routes":["C1","C2","CN","CA","CL"],"provs":["QC"],"desc":"Caf\u00e9\nFree wifi\nSource: \u00a9 OpenStreetMap contributors (ODbL) https://www.openstreetmap.org/node/2429724983","sym":"Radio Beacon"},"geometry":{"type":"Point","coordinates":[-73.56297,45.51388]}},{"type":"Feature","properties":{"name":"caf\u00e9 la place commune","routes":["C1","C2","CN","CA","CL"],"provs":["QC"],"desc":"Caf\u00e9\nSource: \u00a9 OpenStreetMap contributors (ODbL) https://www.openstreetmap.org/node/2431678515","sym":"Radio Beacon"},"geometry":{"type":"Point","coordinates":[-73.62883,45.53019]}},{"type":"Feature","properties":{"name":"La Catrina Churros + Caf\u00e9 Bar","routes":["C1","C3","CN","CA"],"provs":["ON","QC"],"desc":"Caf\u00e9\nSource: \u00a9 OpenStreetMap contributors (ODbL) https://www.openstreetmap.org/node/2434101407","sym":"Radio Beacon"},"geometry":{"type":"Point","coordinates":[-75.69239,45.42947]}},{"type":"Feature","properties":{"name":"Starbucks","routes":["C1","C3","CN","CA"],"provs":["ON"],"desc":"Caf\u00e9\nSource: \u00a9 OpenStreetMap contributors (ODbL) https://www.openstreetmap.org/node/2435572791","sym":"Radio Beacon"},"geometry":{"type":"Point","coordinates":[-75.70246,45.41879]}},{"type":"Feature","properties":{"name":"Luncheonette","routes":["C1","C2","CN","CA","CL"],"provs":["QC"],"desc":"Caf\u00e9\nSource: \u00a9 OpenStreetMap contributors (ODbL) https://www.openstreetmap.org/node/2439191519","sym":"Radio Beacon"},"geometry":{"type":"Point","coordinates":[-73.58832,45.47688]}},{"type":"Feature","properties":{"name":"Caf\u00e9 Choco-Latt\u00e9","routes":["C2","CN","CA","CL"],"provs":["QC"],"desc":"Caf\u00e9\nSource: \u00a9 OpenStreetMap contributors (ODbL) https://www.openstreetmap.org/node/2440437488","sym":"Radio Beacon"},"geometry":{"type":"Point","coordinates":[-73.6333,45.4296]}},{"type":"Feature","properties":{"name":"Pizza Pizza","routes":["C1","C3","CN","CA"],"provs":["ON"],"desc":"Fast food\nSource: \u00a9 OpenStreetMap contributors (ODbL) https://www.openstreetmap.org/node/2458140964","sym":"Radio Beacon"},"geometry":{"type":"Point","coordinates":[-75.73028,45.40048]}},{"type":"Feature","properties":{"name":"ORL: Salmon Arm Branch","routes":["CN","CA"],"provs":["BC"],"desc":"Library\nSource: \u00a9 OpenStreetMap contributors (ODbL) https://www.openstreetmap.org/node/2459929827","sym":"Radio Beacon"},"geometry":{"type":"Point","coordinates":[-119.29848,50.69451]}},{"type":"Feature","properties":{"name":"Urban Fare","routes":["C2","CN","CA","CL"],"provs":["BC"],"desc":"Supermarket\nSource: \u00a9 OpenStreetMap contributors (ODbL) https://www.openstreetmap.org/node/2464516836","sym":"Radio Beacon"},"geometry":{"type":"Point","coordinates":[-123.12449,49.28599]}},{"type":"Feature","properties":{"name":"English & Miller","routes":["C3"],"provs":["ON"],"desc":"Caf\u00e9\nSource: \u00a9 OpenStreetMap contributors (ODbL) https://www.openstreetmap.org/node/2471217952","sym":"Radio Beacon"},"geometry":{"type":"Point","coordinates":[-80.21681,44.50108]}},{"type":"Feature","properties":{"name":"Toronto Public Library - City Hall","routes":["C2"],"provs":["ON"],"desc":"Library\nFree wifi\nSource: \u00a9 OpenStreetMap contributors (ODbL) https://www.openstreetmap.org/node/2478475864","sym":"Radio Beacon"},"geometry":{"type":"Point","coordinates":[-79.38323,43.65313]}},{"type":"Feature","properties":{"name":"Bar Salon MR250","routes":["C1","C2","CN","CA","CL"],"provs":["QC"],"desc":"Bar\nFree wifi\nSource: \u00a9 OpenStreetMap contributors (ODbL) https://www.openstreetmap.org/node/2481879476","sym":"Radio Beacon"},"geometry":{"type":"Point","coordinates":[-73.58409,45.52249]}},{"type":"Feature","properties":{"name":"Le Poisson Rouge","routes":["C1","C2","CN","CA","CL"],"provs":["QC"],"desc":"Restaurant\nSource: \u00a9 OpenStreetMap contributors (ODbL) https://www.openstreetmap.org/node/2481879480","sym":"Radio Beacon"},"geometry":{"type":"Point","coordinates":[-73.57353,45.52658]}},{"type":"Feature","properties":{"name":"Le Scoop","routes":["C1","C2","CN","CA","CL"],"provs":["QC"],"desc":"Restaurant\nSource: \u00a9 OpenStreetMap contributors (ODbL) https://www.openstreetmap.org/node/2481879481","sym":"Radio Beacon"},"geometry":{"type":"Point","coordinates":[-73.5845,45.52203]}},{"type":"Feature","properties":{"name":"R\u00e9gine Caf\u00e9","routes":["C1","C2","CN","CA","CL"],"provs":["QC"],"desc":"Restaurant\nSource: \u00a9 OpenStreetMap contributors (ODbL) https://www.openstreetmap.org/node/2481906167","sym":"Radio Beacon"},"geometry":{"type":"Point","coordinates":[-73.59606,45.54358]}},{"type":"Feature","properties":{"name":"Starbucks","routes":["C3","CA"],"provs":["BC"],"desc":"Caf\u00e9\nFree wifi\nSource: \u00a9 OpenStreetMap contributors (ODbL) https://www.openstreetmap.org/node/2484982460","sym":"Radio Beacon"},"geometry":{"type":"Point","coordinates":[-128.5902,54.51606]}},{"type":"Feature","properties":{"name":"JJ Bean","routes":["C2","CN","CA","CL"],"provs":["BC"],"desc":"Caf\u00e9\nFree wifi\nSource: \u00a9 OpenStreetMap contributors (ODbL) https://www.openstreetmap.org/node/2488859905","sym":"Radio Beacon"},"geometry":{"type":"Point","coordinates":[-123.11694,49.28742]}},{"type":"Feature","properties":{"name":"Starbucks","routes":["C2","CN","CA","CL"],"provs":["BC"],"desc":"Caf\u00e9\nSource: \u00a9 OpenStreetMap contributors (ODbL) https://www.openstreetmap.org/node/2488961355","sym":"Radio Beacon"},"geometry":{"type":"Point","coordinates":[-123.14142,49.28724]}},{"type":"Feature","properties":{"name":"VPL: Joe Fortes Branch","routes":["C2","CN","CA","CL"],"provs":["BC"],"desc":"Library\nSource: \u00a9 OpenStreetMap contributors (ODbL) https://www.openstreetmap.org/node/2488974531","sym":"Radio Beacon"},"geometry":{"type":"Point","coordinates":[-123.13656,49.29051]}},{"type":"Feature","properties":{"name":"Fluffy's","routes":["C1","C2","CN","CA","CL"],"provs":["QC"],"desc":"Caf\u00e9\nFree wifi\nSource: \u00a9 OpenStreetMap contributors (ODbL) https://www.openstreetmap.org/node/2495349066","sym":"Radio Beacon"},"geometry":{"type":"Point","coordinates":[-73.56768,45.45679]}},{"type":"Feature","properties":{"name":"Bar de nos a\u00efeux","routes":["C1","C2","CN","CA","CL"],"provs":["QC"],"desc":"Bar\nSource: \u00a9 OpenStreetMap contributors (ODbL) https://www.openstreetmap.org/node/2496131039","sym":"Radio Beacon"},"geometry":{"type":"Point","coordinates":[-73.6097,45.53973]}},{"type":"Feature","properties":{"name":"Cafe Bistro El Mundo","routes":["C1","C2","CN","CA","CL"],"provs":["QC"],"desc":"Caf\u00e9\nSource: \u00a9 OpenStreetMap contributors (ODbL) https://www.openstreetmap.org/node/2496131044","sym":"Radio Beacon"},"geometry":{"type":"Point","coordinates":[-73.61326,45.53948]}},{"type":"Feature","properties":{"name":"Caf\u00e9 D\u00e9p\u00f4t","routes":["C1","C2","CN","CA","CL"],"provs":["QC"],"desc":"Caf\u00e9\nSource: \u00a9 OpenStreetMap contributors (ODbL) https://www.openstreetmap.org/node/2496131046","sym":"Radio Beacon"},"geometry":{"type":"Point","coordinates":[-73.59122,45.52221]}},{"type":"Feature","properties":{"name":"Caf\u00e9 S\u00e9same","routes":["C1","C2","CN"],"provs":["QC"],"desc":"Community centre\nFree wifi\nSource: \u00a9 OpenStreetMap contributors (ODbL) https://www.openstreetmap.org/node/2496131050","sym":"Radio Beacon"},"geometry":{"type":"Point","coordinates":[-73.52025,45.60048]}},{"type":"Feature","properties":{"name":"Caf\u00e9 Vienne","routes":["C1","C2","CN","CA","CL"],"provs":["QC"],"desc":"Caf\u00e9\nSource: \u00a9 OpenStreetMap contributors (ODbL) https://www.openstreetmap.org/node/2496131052","sym":"Radio Beacon"},"geometry":{"type":"Point","coordinates":[-73.58637,45.5238]}},{"type":"Feature","properties":{"name":"Caf\u00e9 Vienne","routes":["C1","C2","CN","CA","CL"],"provs":["QC"],"desc":"Caf\u00e9\nFree wifi\nNetwork: Cafe Vienne-Clients\nSource: \u00a9 OpenStreetMap contributors (ODbL) https://www.openstreetmap.org/node/2496131053","sym":"Radio Beacon"},"geometry":{"type":"Point","coordinates":[-73.59887,45.53022]}},{"type":"Feature","properties":{"name":"Caf\u00e9 Vienne","routes":["C1","C2","CN","CA","CL"],"provs":["QC"],"desc":"Caf\u00e9\nSource: \u00a9 OpenStreetMap contributors (ODbL) https://www.openstreetmap.org/node/2496131055","sym":"Radio Beacon"},"geometry":{"type":"Point","coordinates":[-73.62407,45.55431]}},{"type":"Feature","properties":{"name":"Centre de services communautaires du Monast\u00e8re","routes":["C1","C2","CN","CA","CL"],"provs":["QC"],"desc":"Community centre\nFree wifi\nSource: \u00a9 OpenStreetMap contributors (ODbL) https://www.openstreetmap.org/node/2496131060","sym":"Radio Beacon"},"geometry":{"type":"Point","coordinates":[-73.58101,45.52535]}},{"type":"Feature","properties":{"name":"Le Boudoir","routes":["C1","C2","CN","CA","CL"],"provs":["QC"],"desc":"Bar\nFree wifi\nSource: \u00a9 OpenStreetMap contributors (ODbL) https://www.openstreetmap.org/node/2496131092","sym":"Radio Beacon"},"geometry":{"type":"Point","coordinates":[-73.58058,45.5262]}},{"type":"Feature","properties":{"name":"Lobby Bar","routes":["C1","C2","CN","CA","CL"],"provs":["QC"],"desc":"Bar\nSource: \u00a9 OpenStreetMap contributors (ODbL) https://www.openstreetmap.org/node/2496131096","sym":"Radio Beacon"},"geometry":{"type":"Point","coordinates":[-73.57557,45.53316]}},{"type":"Feature","properties":{"name":"Quai des brumes","routes":["C1","C2","CN","CA","CL"],"provs":["QC"],"desc":"Bar\nFree wifi\nSource: \u00a9 OpenStreetMap contributors (ODbL) https://www.openstreetmap.org/node/2496131104","sym":"Radio Beacon"},"geometry":{"type":"Point","coordinates":[-73.58251,45.52392]}},{"type":"Feature","properties":{"name":"Chez Cora","routes":["C1","C3","CN"],"provs":["QC"],"desc":"Restaurant\nFree wifi\nSource: \u00a9 OpenStreetMap contributors (ODbL) https://www.openstreetmap.org/node/2496360537","sym":"Radio Beacon"},"geometry":{"type":"Point","coordinates":[-73.61958,45.60718]}},{"type":"Feature","properties":{"name":"Da Peppino's","routes":["C1","C3","CN"],"provs":["QC"],"desc":"Restaurant\nFree wifi\nSource: \u00a9 OpenStreetMap contributors (ODbL) https://www.openstreetmap.org/node/2496360538","sym":"Radio Beacon"},"geometry":{"type":"Point","coordinates":[-73.62519,45.62191]}},{"type":"Feature","properties":{"name":"McDonald's","routes":["C1","CN"],"provs":["QC"],"desc":"Fast food\nFree wifi\nSource: \u00a9 OpenStreetMap contributors (ODbL) https://www.openstreetmap.org/node/2496360548","sym":"Radio Beacon"},"geometry":{"type":"Point","coordinates":[-73.6323,45.58658]}},{"type":"Feature","properties":{"name":"McDonald's","routes":["C1","C2","CN","CL"],"provs":["QC"],"desc":"Fast food\nFree wifi\nSource: \u00a9 OpenStreetMap contributors (ODbL) https://www.openstreetmap.org/node/2496360550","sym":"Radio Beacon"},"geometry":{"type":"Point","coordinates":[-73.51113,45.59301]}},{"type":"Feature","properties":{"name":"McDonald's","routes":["C1","C3","CN"],"provs":["QC"],"desc":"Fast food\nFree wifi\nSource: \u00a9 OpenStreetMap contributors (ODbL) https://www.openstreetmap.org/node/2496360554","sym":"Radio Beacon"},"geometry":{"type":"Point","coordinates":[-73.59498,45.62801]}},{"type":"Feature","properties":{"name":"McDonald's","routes":["C1","C2","C3","CN"],"provs":["QC"],"desc":"Fast food\nFree wifi\nSource: \u00a9 OpenStreetMap contributors (ODbL) https://www.openstreetmap.org/node/2496360555","sym":"Radio Beacon"},"geometry":{"type":"Point","coordinates":[-73.51321,45.64429]}},{"type":"Feature","properties":{"name":"Tomate Basilic","routes":["C1","C2","C3","CN"],"provs":["QC"],"desc":"Restaurant\nFree wifi\nSource: \u00a9 OpenStreetMap contributors (ODbL) https://www.openstreetmap.org/node/2496360561","sym":"Radio Beacon"},"geometry":{"type":"Point","coordinates":[-73.51192,45.65096]}},{"type":"Feature","properties":{"name":"Assagio","routes":["C1","C2","CN","CA","CL"],"provs":["QC"],"desc":"Restaurant\nSource: \u00a9 OpenStreetMap contributors (ODbL) https://www.openstreetmap.org/node/2496535268","sym":"Radio Beacon"},"geometry":{"type":"Point","coordinates":[-73.63855,45.54508]}},{"type":"Feature","properties":{"name":"Coquino","routes":["C1","C2","CN","CA","CL"],"provs":["QC"],"desc":"Restaurant\nSource: \u00a9 OpenStreetMap contributors (ODbL) https://www.openstreetmap.org/node/2496535280","sym":"Radio Beacon"},"geometry":{"type":"Point","coordinates":[-73.61811,45.54315]}},{"type":"Feature","properties":{"name":"L'\u0152ufrier Villeray","routes":["C1","C2","CN","CA","CL"],"provs":["QC"],"desc":"Restaurant\nSource: \u00a9 OpenStreetMap contributors (ODbL) https://www.openstreetmap.org/node/2496535283","sym":"Radio Beacon"},"geometry":{"type":"Point","coordinates":[-73.63559,45.54378]}},{"type":"Feature","properties":{"name":"Le Coin G","routes":["C1","C2","CN","CA","CL"],"provs":["QC"],"desc":"Restaurant\nSource: \u00a9 OpenStreetMap contributors (ODbL) https://www.openstreetmap.org/node/2496535296","sym":"Radio Beacon"},"geometry":{"type":"Point","coordinates":[-73.6339,45.54053]}},{"type":"Feature","properties":{"name":"Boulangerie P\u00e2tisserie Wellington","routes":["C1","C2","CN","CA","CL"],"provs":["QC"],"desc":"Bakery\nFree wifi\nSource: \u00a9 OpenStreetMap contributors (ODbL) https://www.openstreetmap.org/node/2496687782","sym":"Radio Beacon"},"geometry":{"type":"Point","coordinates":[-73.56678,45.46383]}},{"type":"Feature","properties":{"name":"Bruno Sports Bar","routes":["C1","C2","CN","CA","CL"],"provs":["QC"],"desc":"Bar\nSource: \u00a9 OpenStreetMap contributors (ODbL) https://www.openstreetmap.org/node/2496703811","sym":"Radio Beacon"},"geometry":{"type":"Point","coordinates":[-73.60604,45.53309]}},{"type":"Feature","properties":{"name":"Caf\u00e9 de Da de la biblioth\u00e8que d'Ahuntsic","routes":["C1","CN","CA","CL"],"provs":["QC"],"desc":"Caf\u00e9\nFree wifi\nSource: \u00a9 OpenStreetMap contributors (ODbL) https://www.openstreetmap.org/node/2496703812","sym":"Radio Beacon"},"geometry":{"type":"Point","coordinates":[-73.66226,45.55329]}},{"type":"Feature","properties":{"name":"Caf\u00e9 Phazes","routes":["C1","CN"],"provs":["QC"],"desc":"Caf\u00e9\nSource: \u00a9 OpenStreetMap contributors (ODbL) https://www.openstreetmap.org/node/2496703813","sym":"Radio Beacon"},"geometry":{"type":"Point","coordinates":[-73.65182,45.58111]}},{"type":"Feature","properties":{"name":"Chez Cora","routes":["C1","C2","CN","CA","CL"],"provs":["QC"],"desc":"Restaurant\nSource: \u00a9 OpenStreetMap contributors (ODbL) https://www.openstreetmap.org/node/2496703815","sym":"Radio Beacon"},"geometry":{"type":"Point","coordinates":[-73.65889,45.53349]}},{"type":"Feature","properties":{"name":"L'Estaminet","routes":["C1","CN","CA","CL"],"provs":["QC"],"desc":"Restaurant\nSource: \u00a9 OpenStreetMap contributors (ODbL) https://www.openstreetmap.org/node/2496703817","sym":"Radio Beacon"},"geometry":{"type":"Point","coordinates":[-73.65775,45.56019]}},{"type":"Feature","properties":{"name":"La Molisana","routes":["C1","CN","CA","CL"],"provs":["QC"],"desc":"Restaurant\nSource: \u00a9 OpenStreetMap contributors (ODbL) https://www.openstreetmap.org/node/2496703819","sym":"Radio Beacon"},"geometry":{"type":"Point","coordinates":[-73.65909,45.55795]}},{"type":"Feature","properties":{"name":"Les Petites Mains","routes":["C1","C2","CN","CA","CL"],"provs":["QC"],"desc":"Social centre\nFree wifi\nSource: \u00a9 OpenStreetMap contributors (ODbL) https://www.openstreetmap.org/node/2496703820","sym":"Radio Beacon"},"geometry":{"type":"Point","coordinates":[-73.6235,45.53683]}},{"type":"Feature","properties":{"name":"Senzala","routes":["C1","C2","CN","CA","CL"],"provs":["QC"],"desc":"Restaurant\nFree wifi\nSource: \u00a9 OpenStreetMap contributors (ODbL) https://www.openstreetmap.org/node/2496703823","sym":"Radio Beacon"},"geometry":{"type":"Point","coordinates":[-73.65987,45.53382]}},{"type":"Feature","properties":{"name":"Bottega","routes":["C1","C2","CN","CA","CL"],"provs":["QC"],"desc":"Restaurant\nSource: \u00a9 OpenStreetMap contributors (ODbL) https://www.openstreetmap.org/node/2496896381","sym":"Radio Beacon"},"geometry":{"type":"Point","coordinates":[-73.61135,45.53273]}},{"type":"Feature","properties":{"name":"Caf\u00e9 Vienne","routes":["C1","C2","CN","CA","CL"],"provs":["QC"],"desc":"Caf\u00e9\nSource: \u00a9 OpenStreetMap contributors (ODbL) https://www.openstreetmap.org/node/2496896383","sym":"Radio Beacon"},"geometry":{"type":"Point","coordinates":[-73.61623,45.52723]}},{"type":"Feature","properties":{"name":"EM Caf\u00e9","routes":["C1","C2","CN","CA","CL"],"provs":["QC"],"desc":"Caf\u00e9\nSource: \u00a9 OpenStreetMap contributors (ODbL) https://www.openstreetmap.org/node/2496896384","sym":"Radio Beacon"},"geometry":{"type":"Point","coordinates":[-73.60505,45.52327]}},{"type":"Feature","properties":{"name":"HELM microbrasserie","routes":["C1","C2","CN","CA","CL"],"provs":["QC"],"desc":"Pub\nFree wifi\nSource: \u00a9 OpenStreetMap contributors (ODbL) https://www.openstreetmap.org/node/2496896387","sym":"Radio Beacon"},"geometry":{"type":"Point","coordinates":[-73.60537,45.52402]}},{"type":"Feature","properties":{"name":"Il Piatto Pieno Trattoria","routes":["C1","C2","CN","CA","CL"],"provs":["QC"],"desc":"Restaurant\nSource: \u00a9 OpenStreetMap contributors (ODbL) https://www.openstreetmap.org/node/2496896393","sym":"Radio Beacon"},"geometry":{"type":"Point","coordinates":[-73.61069,45.53334]}},{"type":"Feature","properties":{"name":"Lafayette pizzeria","routes":["C1","C2","CN","CA","CL"],"provs":["QC"],"desc":"Restaurant\nSource: \u00a9 OpenStreetMap contributors (ODbL) https://www.openstreetmap.org/node/2496896399","sym":"Radio Beacon"},"geometry":{"type":"Point","coordinates":[-73.60495,45.52411]}},{"type":"Feature","properties":{"name":"McDonald's","routes":["C1","C2","CN","CA","CL"],"provs":["QC"],"desc":"Fast food\nFree wifi\nSource: \u00a9 OpenStreetMap contributors (ODbL) https://www.openstreetmap.org/node/2496896424","sym":"Radio Beacon"},"geometry":{"type":"Point","coordinates":[-73.62303,45.52959]}},{"type":"Feature","properties":{"name":"McDonald's","routes":["C1","C2","CN","CA","CL"],"provs":["QC"],"desc":"Fast food\nFree wifi\nSource: \u00a9 OpenStreetMap contributors (ODbL) https://www.openstreetmap.org/node/2496896437","sym":"Radio Beacon"},"geometry":{"type":"Point","coordinates":[-73.59373,45.53675]}},{"type":"Feature","properties":{"name":"Panama R\u00f4tisserie","routes":["C1","C2","CN","CA","CL"],"provs":["QC"],"desc":"Restaurant\nSource: \u00a9 OpenStreetMap contributors (ODbL) https://www.openstreetmap.org/node/2496896452","sym":"Radio Beacon"},"geometry":{"type":"Point","coordinates":[-73.62483,45.52647]}},{"type":"Feature","properties":{"name":"Faberg\u00e9","routes":["C1","C2","CN","CA","CL"],"provs":["QC"],"desc":"Restaurant\nSource: \u00a9 OpenStreetMap contributors (ODbL) https://www.openstreetmap.org/node/2496911285","sym":"Radio Beacon"},"geometry":{"type":"Point","coordinates":[-73.59503,45.52349]}},{"type":"Feature","properties":{"name":"Cora","routes":["C1","C2","CN","CA","CL"],"provs":["QC"],"desc":"Restaurant\nSource: \u00a9 OpenStreetMap contributors (ODbL) https://www.openstreetmap.org/node/2498034443","sym":"Radio Beacon"},"geometry":{"type":"Point","coordinates":[-73.57649,45.5307]}},{"type":"Feature","properties":{"name":"L'Oeufrier","routes":["C1","C2","CN","CA","CL"],"provs":["QC"],"desc":"Restaurant\nSource: \u00a9 OpenStreetMap contributors (ODbL) https://www.openstreetmap.org/node/2498034446","sym":"Radio Beacon"},"geometry":{"type":"Point","coordinates":[-73.57293,45.53489]}},{"type":"Feature","properties":{"name":"Sandhu","routes":["C1","C2","CN","CA","CL"],"provs":["QC"],"desc":"Restaurant\nSource: \u00a9 OpenStreetMap contributors (ODbL) https://www.openstreetmap.org/node/2498034447","sym":"Radio Beacon"},"geometry":{"type":"Point","coordinates":[-73.5757,45.53323]}},{"type":"Feature","properties":{"name":"Verre Bouteille","routes":["C1","C2","CN","CA","CL"],"provs":["QC"],"desc":"Restaurant\nFree wifi\nSource: \u00a9 OpenStreetMap contributors (ODbL) https://www.openstreetmap.org/node/2498034449","sym":"Radio Beacon"},"geometry":{"type":"Point","coordinates":[-73.57205,45.5354]}},{"type":"Feature","properties":{"name":"Cunninghams Pub","routes":["C2","CN"],"provs":["QC"],"desc":"Pub\nSource: \u00a9 OpenStreetMap contributors (ODbL) https://www.openstreetmap.org/node/2498952896","sym":"Radio Beacon"},"geometry":{"type":"Point","coordinates":[-73.95083,45.40341]}},{"type":"Feature","properties":{"name":"Dundees Deli & Bar","routes":["C2","CN"],"provs":["QC"],"desc":"Restaurant\nSource: \u00a9 OpenStreetMap contributors (ODbL) https://www.openstreetmap.org/node/2498952897","sym":"Radio Beacon"},"geometry":{"type":"Point","coordinates":[-73.95222,45.40353]}},{"type":"Feature","properties":{"name":"Le Surcouf","routes":["C2","CN"],"provs":["QC"],"desc":"Restaurant\nSource: \u00a9 OpenStreetMap contributors (ODbL) https://www.openstreetmap.org/node/2498952899","sym":"Radio Beacon"},"geometry":{"type":"Point","coordinates":[-73.94941,45.40331]}},{"type":"Feature","properties":{"name":"Rockaberry","routes":["C1","C2","C3","CA"],"provs":["QC"],"desc":"Restaurant\nSource: \u00a9 OpenStreetMap contributors (ODbL) https://www.openstreetmap.org/node/2498952904","sym":"Radio Beacon"},"geometry":{"type":"Point","coordinates":[-73.85381,45.44692]}},{"type":"Feature","properties":{"name":"Le Skratch","routes":["C1","C2","C3","CA"],"provs":["QC"],"desc":"Bar\nSource: \u00a9 OpenStreetMap contributors (ODbL) https://www.openstreetmap.org/node/2498985163","sym":"Radio Beacon"},"geometry":{"type":"Point","coordinates":[-73.82267,45.50682]}},{"type":"Feature","properties":{"name":"Bijou Resto Bar","routes":["C1","C2","CA"],"provs":["QC"],"desc":"Restaurant\nFree wifi\nSource: \u00a9 OpenStreetMap contributors (ODbL) https://www.openstreetmap.org/node/2499305595","sym":"Radio Beacon"},"geometry":{"type":"Point","coordinates":[-73.75188,45.45593]}},{"type":"Feature","properties":{"name":"Natalino","routes":["C1","C2","CA"],"provs":["QC"],"desc":"Restaurant\nFree wifi\nSource: \u00a9 OpenStreetMap contributors (ODbL) https://www.openstreetmap.org/node/2499305602","sym":"Radio Beacon"},"geometry":{"type":"Point","coordinates":[-73.72918,45.44094]}},{"type":"Feature","properties":{"name":"Restaurant Emeraude De Bangkok","routes":["C1","C2","CA"],"provs":["QC"],"desc":"Restaurant\nFree wifi\nSource: \u00a9 OpenStreetMap contributors (ODbL) https://www.openstreetmap.org/node/2499305603","sym":"Radio Beacon"},"geometry":{"type":"Point","coordinates":[-73.72127,45.44502]}},{"type":"Feature","properties":{"name":"Le Cosmos","routes":["C1","C2","C3","CA","CW"],"provs":["QC"],"desc":"Restaurant\nFree wifi\nSource: \u00a9 OpenStreetMap contributors (ODbL) https://www.openstreetmap.org/node/2500013714","sym":"Radio Beacon"},"geometry":{"type":"Point","coordinates":[-71.28656,46.76767]}},{"type":"Feature","properties":{"name":"Bofinger BBQ Smokehouse","routes":["C1","C2","CN","CA","CL"],"provs":["QC"],"desc":"Restaurant\nSource: \u00a9 OpenStreetMap contributors (ODbL) https://www.openstreetmap.org/node/2500240132","sym":"Radio Beacon"},"geometry":{"type":"Point","coordinates":[-73.61525,45.47116]}},{"type":"Feature","properties":{"name":"Caf\u00e9 92\u00b0","routes":["C1","C2","CN","CA","CL"],"provs":["QC"],"desc":"Restaurant\nFree wifi\nSource: \u00a9 OpenStreetMap contributors (ODbL) https://www.openstreetmap.org/node/2500240136","sym":"Radio Beacon"},"geometry":{"type":"Point","coordinates":[-73.63228,45.4622]}},{"type":"Feature","properties":{"name":"Caf\u00e9 London Bus","routes":["C1","C2","CN","CA","CL"],"provs":["QC"],"desc":"Caf\u00e9\nFree wifi\nSource: \u00a9 OpenStreetMap contributors (ODbL) https://www.openstreetmap.org/node/2500240137","sym":"Radio Beacon"},"geometry":{"type":"Point","coordinates":[-73.58693,45.48685]}},{"type":"Feature","properties":{"name":"Chez Cora","routes":["C1","C2","CN","CA","CL"],"provs":["QC"],"desc":"Restaurant\nSource: \u00a9 OpenStreetMap contributors (ODbL) https://www.openstreetmap.org/node/2500240140","sym":"Radio Beacon"},"geometry":{"type":"Point","coordinates":[-73.62692,45.46055]}},{"type":"Feature","properties":{"name":"Java U","routes":["C1","C2","CN","CA","CL"],"provs":["QC"],"desc":"Caf\u00e9\nSource: \u00a9 OpenStreetMap contributors (ODbL) https://www.openstreetmap.org/node/2500240147","sym":"Radio Beacon"},"geometry":{"type":"Point","coordinates":[-73.58657,45.48737]}},{"type":"Feature","properties":{"name":"Kaizen Sushi Bar & Restaurant","routes":["C1","C2","CN","CA","CL"],"provs":["QC"],"desc":"Restaurant\nSource: \u00a9 OpenStreetMap contributors (ODbL) https://www.openstreetmap.org/node/2500240150","sym":"Radio Beacon"},"geometry":{"type":"Point","coordinates":[-73.58684,45.48789]}},{"type":"Feature","properties":{"name":"Kokkino Cafe","routes":["C1","C2","CN","CA","CL"],"provs":["QC"],"desc":"Restaurant\nFree wifi\nSource: \u00a9 OpenStreetMap contributors (ODbL) https://www.openstreetmap.org/node/2500240153","sym":"Radio Beacon"},"geometry":{"type":"Point","coordinates":[-73.6155,45.47101]}},{"type":"Feature","properties":{"name":"Petros","routes":["C1","C2","CN","CA","CL"],"provs":["QC"],"desc":"Restaurant\nSource: \u00a9 OpenStreetMap contributors (ODbL) https://www.openstreetmap.org/node/2500240160","sym":"Radio Beacon"},"geometry":{"type":"Point","coordinates":[-73.60278,45.47984]}},{"type":"Feature","properties":{"name":"McDonald's","routes":["C1","C2","CN","CA","CL"],"provs":["QC"],"desc":"Fast food\nFree wifi\nSource: \u00a9 OpenStreetMap contributors (ODbL) https://www.openstreetmap.org/node/2500240167","sym":"Radio Beacon"},"geometry":{"type":"Point","coordinates":[-73.63325,45.45449]}},{"type":"Feature","properties":{"name":"McDonald's","routes":["C1","C2","CN","CA","CL"],"provs":["QC"],"desc":"Fast food\nFree wifi\nSource: \u00a9 OpenStreetMap contributors (ODbL) https://www.openstreetmap.org/node/2500240177","sym":"Radio Beacon"},"geometry":{"type":"Point","coordinates":[-73.60592,45.47714]}},{"type":"Feature","properties":{"name":"Bagels on Greene","routes":["C1","C2","CN","CA","CL"],"provs":["QC"],"desc":"Fast food\nSource: \u00a9 OpenStreetMap contributors (ODbL) https://www.openstreetmap.org/node/2500240182","sym":"Radio Beacon"},"geometry":{"type":"Point","coordinates":[-73.58739,45.4863]}},{"type":"Feature","properties":{"name":"Rosty","routes":["C1","C2","CN","CA","CL"],"provs":["QC"],"desc":"Restaurant\nSource: \u00a9 OpenStreetMap contributors (ODbL) https://www.openstreetmap.org/node/2500240183","sym":"Radio Beacon"},"geometry":{"type":"Point","coordinates":[-73.58036,45.48363]}},{"type":"Feature","properties":{"name":"Second Cup","routes":["C1","C2","CN","CA","CL"],"provs":["QC"],"desc":"Caf\u00e9\nSource: \u00a9 OpenStreetMap contributors (ODbL) https://www.openstreetmap.org/node/2500240186","sym":"Radio Beacon"},"geometry":{"type":"Point","coordinates":[-73.64089,45.45611]}},{"type":"Feature","properties":{"name":"Vago","routes":["C1","C2","CN","CA","CL"],"provs":["QC"],"desc":"Restaurant\nSource: \u00a9 OpenStreetMap contributors (ODbL) https://www.openstreetmap.org/node/2500240193","sym":"Radio Beacon"},"geometry":{"type":"Point","coordinates":[-73.59071,45.4872]}},{"type":"Feature","properties":{"name":"Falafel Yoni","routes":["C1","C2","CN","CA","CL"],"provs":["QC"],"desc":"Restaurant\nFree wifi\nSource: \u00a9 OpenStreetMap contributors (ODbL) https://www.openstreetmap.org/node/2501250657","sym":"Radio Beacon"},"geometry":{"type":"Point","coordinates":[-73.56751,45.45877]}},{"type":"Feature","properties":{"name":"Superexpress Pizza","routes":["C1","C2","CN","CA","CL"],"provs":["QC"],"desc":"Fast food\nSource: \u00a9 OpenStreetMap contributors (ODbL) https://www.openstreetmap.org/node/2501250660","sym":"Radio Beacon"},"geometry":{"type":"Point","coordinates":[-73.59547,45.45064]}},{"type":"Feature","properties":{"name":"Timothy's caf\u00e9","routes":["C1","C2","CN","CA","CL"],"provs":["QC"],"desc":"Caf\u00e9\nSource: \u00a9 OpenStreetMap contributors (ODbL) https://www.openstreetmap.org/node/2501250661","sym":"Radio Beacon"},"geometry":{"type":"Point","coordinates":[-73.61253,45.44768]}},{"type":"Feature","properties":{"name":"Caffe In Gamba","routes":["C1","C2","CN","CA","CL"],"provs":["QC"],"desc":"Caf\u00e9\nSource: \u00a9 OpenStreetMap contributors (ODbL) https://www.openstreetmap.org/node/2501280951","sym":"Radio Beacon"},"geometry":{"type":"Point","coordinates":[-73.59915,45.52103]}},{"type":"Feature","properties":{"name":"Houston Steaks & C\u00f4tes Lev\u00e9es","routes":["C1","C2","CA"],"provs":["QC"],"desc":"Restaurant\nFree wifi\nSource: \u00a9 OpenStreetMap contributors (ODbL) https://www.openstreetmap.org/node/2501280958","sym":"Radio Beacon"},"geometry":{"type":"Point","coordinates":[-73.75348,45.45631]}},{"type":"Feature","properties":{"name":"Juliette & Chocolat","routes":["C1","C2","CN","CA","CL"],"provs":["QC"],"desc":"Restaurant\nFree wifi\nSource: \u00a9 OpenStreetMap contributors (ODbL) https://www.openstreetmap.org/node/2501280959","sym":"Radio Beacon"},"geometry":{"type":"Point","coordinates":[-73.57275,45.51384]}},{"type":"Feature","properties":{"name":"Le Fabrique de Bagel","routes":["C1","C2","CN","CA","CL"],"provs":["QC"],"desc":"Fast food\nFree wifi\nSource: \u00a9 OpenStreetMap contributors (ODbL) https://www.openstreetmap.org/node/2501280962","sym":"Radio Beacon"},"geometry":{"type":"Point","coordinates":[-73.57371,45.50966]}},{"type":"Feature","properties":{"name":"Steak Frites St-Paul","routes":["C1","C2","CN","CA","CL"],"provs":["QC"],"desc":"Restaurant\nSource: \u00a9 OpenStreetMap contributors (ODbL) https://www.openstreetmap.org/node/2501280965","sym":"Radio Beacon"},"geometry":{"type":"Point","coordinates":[-73.59668,45.51842]}},{"type":"Feature","properties":{"name":"Bar L'escale","routes":["C1","C2","CN","CA","CL"],"provs":["QC"],"desc":"Pub\nSource: \u00a9 OpenStreetMap contributors (ODbL) https://www.openstreetmap.org/node/2503398326","sym":"Radio Beacon"},"geometry":{"type":"Point","coordinates":[-73.53306,45.55257]}},{"type":"Feature","properties":{"name":"L'Adversaire","routes":["C1","C2","CN","CA","CL"],"provs":["QC"],"desc":"Bar\nSource: \u00a9 OpenStreetMap contributors (ODbL) https://www.openstreetmap.org/node/2503403736","sym":"Radio Beacon"},"geometry":{"type":"Point","coordinates":[-73.53422,45.55086]}},{"type":"Feature","properties":{"name":"Jo-El P\u00e2tisserie Boulangerie","routes":["C1","C2","CN","CA","CL"],"provs":["QC"],"desc":"Bakery\nFree wifi\nSource: \u00a9 OpenStreetMap contributors (ODbL) https://www.openstreetmap.org/node/2503429173","sym":"Radio Beacon"},"geometry":{"type":"Point","coordinates":[-73.63594,45.54383]}},{"type":"Feature","properties":{"name":"Marie Pain Boulangerie","routes":["C1","C2","CN"],"provs":["QC"],"desc":"Bakery\nFree wifi\nSource: \u00a9 OpenStreetMap contributors (ODbL) https://www.openstreetmap.org/node/2503429175","sym":"Radio Beacon"},"geometry":{"type":"Point","coordinates":[-73.52891,45.60621]}},{"type":"Feature","properties":{"name":"La Cage","routes":["C1","C2","C3","CA","CW"],"provs":["QC"],"desc":"Restaurant\nFree wifi\nSource: \u00a9 OpenStreetMap contributors (ODbL) https://www.openstreetmap.org/node/2504364702","sym":"Radio Beacon"},"geometry":{"type":"Point","coordinates":[-71.28363,46.77048]}},{"type":"Feature","properties":{"name":"Audiotopie","routes":["C1","C2","CN","CA","CL"],"provs":["QC"],"desc":"Arts centre\nFree wifi\nSource: \u00a9 OpenStreetMap contributors (ODbL) https://www.openstreetmap.org/node/2504567279","sym":"Radio Beacon"},"geometry":{"type":"Point","coordinates":[-73.59917,45.53357]}},{"type":"Feature","properties":{"name":"Tim Hortons","routes":["C1","C3","CN"],"provs":["NS"],"desc":"Caf\u00e9\nSource: \u00a9 OpenStreetMap contributors (ODbL) https://www.openstreetmap.org/node/2510196234","sym":"Radio Beacon"},"geometry":{"type":"Point","coordinates":[-61.44434,45.65332]}},{"type":"Feature","properties":{"name":"A&W","routes":["C3","CN"],"provs":["NS"],"desc":"Fast food\nFree wifi\nSource: \u00a9 OpenStreetMap contributors (ODbL) https://www.openstreetmap.org/node/2511267729","sym":"Radio Beacon"},"geometry":{"type":"Point","coordinates":[-63.30421,45.33458]}},{"type":"Feature","properties":{"name":"Sobeys Elmsdale","routes":["CN"],"provs":["NS"],"desc":"Supermarket\nFree wifi\nSource: \u00a9 OpenStreetMap contributors (ODbL) https://www.openstreetmap.org/node/2511275836","sym":"Radio Beacon"},"geometry":{"type":"Point","coordinates":[-63.50562,44.97667]}},{"type":"Feature","properties":{"name":"Biblioth\u00e8que de B\u00e9cancour","routes":["C1","C2","C3","CN","CA","CW"],"provs":["QC"],"desc":"Library\nSource: \u00a9 OpenStreetMap contributors (ODbL) https://www.openstreetmap.org/node/2513497771","sym":"Radio Beacon"},"geometry":{"type":"Point","coordinates":[-72.43626,46.34809]}},{"type":"Feature","properties":{"name":"La Barberie","routes":["C1","C2","C3","CA","CW"],"provs":["QC"],"desc":"Pub\nFree wifi\nSource: \u00a9 OpenStreetMap contributors (ODbL) https://www.openstreetmap.org/node/2518128269","sym":"Radio Beacon"},"geometry":{"type":"Point","coordinates":[-71.21813,46.8179]}},{"type":"Feature","properties":{"name":"Tim Hortons","routes":["C1","C2","C3"],"provs":["QC"],"desc":"Caf\u00e9\nFree wifi\nSource: \u00a9 OpenStreetMap contributors (ODbL) https://www.openstreetmap.org/node/2526033196","sym":"Radio Beacon"},"geometry":{"type":"Point","coordinates":[-71.7284,46.68172]}},{"type":"Feature","properties":{"name":"Au Bonnet d'\u00c2ne","routes":["C1","C2","C3","CA","CW"],"provs":["QC"],"desc":"Restaurant\nFree wifi\nSource: \u00a9 OpenStreetMap contributors (ODbL) https://www.openstreetmap.org/node/2527418383","sym":"Radio Beacon"},"geometry":{"type":"Point","coordinates":[-71.22379,46.80855]}},{"type":"Feature","properties":{"name":"Port Moody Public Library","routes":["C2","CN","CL"],"provs":["BC"],"desc":"Library\nSource: \u00a9 OpenStreetMap contributors (ODbL) https://www.openstreetmap.org/node/2531431715","sym":"Radio Beacon"},"geometry":{"type":"Point","coordinates":[-122.82965,49.28252]}},{"type":"Feature","properties":{"name":"Toronto Public Library - Woodview Park","routes":["C2","CN","CA","CL"],"provs":["ON"],"desc":"Library\nFree wifi\nSource: \u00a9 OpenStreetMap contributors (ODbL) https://www.openstreetmap.org/node/2536958379","sym":"Radio Beacon"},"geometry":{"type":"Point","coordinates":[-79.53834,43.73971]}},{"type":"Feature","properties":{"name":"Toronto Public Library - Cliffcrest","routes":["C2"],"provs":["ON"],"desc":"Library\nFree wifi\nSource: \u00a9 OpenStreetMap contributors (ODbL) https://www.openstreetmap.org/node/2536973513","sym":"Radio Beacon"},"geometry":{"type":"Point","coordinates":[-79.23048,43.7256]}},{"type":"Feature","properties":{"name":"Caf\u00e9 Le Saint-Malo","routes":["C1","C2","C3","CA","CW"],"provs":["QC"],"desc":"Caf\u00e9\nFree wifi\nSource: \u00a9 OpenStreetMap contributors (ODbL) https://www.openstreetmap.org/node/2545304462","sym":"Radio Beacon"},"geometry":{"type":"Point","coordinates":[-71.20412,46.81623]}},{"type":"Feature","properties":{"name":"Caf\u00e9 du Monde","routes":["C1","C2","C3","CA","CW"],"provs":["QC"],"desc":"Restaurant\nFree wifi\nSource: \u00a9 OpenStreetMap contributors (ODbL) https://www.openstreetmap.org/node/2545821015","sym":"Radio Beacon"},"geometry":{"type":"Point","coordinates":[-71.20047,46.81668]}},{"type":"Feature","properties":{"name":"Le Cochon Dingue","routes":["C1","C2","C3","CA","CW"],"provs":["QC"],"desc":"Restaurant\nFree wifi\nSource: \u00a9 OpenStreetMap contributors (ODbL) https://www.openstreetmap.org/node/2546164542","sym":"Radio Beacon"},"geometry":{"type":"Point","coordinates":[-71.2034,46.81177]}},{"type":"Feature","properties":{"name":"Le Lapin Saut\u00e9","routes":["C1","C2","C3","CA","CW"],"provs":["QC"],"desc":"Restaurant\nFree wifi\nSource: \u00a9 OpenStreetMap contributors (ODbL) https://www.openstreetmap.org/node/2546164543","sym":"Radio Beacon"},"geometry":{"type":"Point","coordinates":[-71.20361,46.81182]}},{"type":"Feature","properties":{"name":"Fahrenheit Coffee","routes":["C2"],"provs":["ON"],"desc":"Caf\u00e9\nSource: \u00a9 OpenStreetMap contributors (ODbL) https://www.openstreetmap.org/node/2563836424","sym":"Radio Beacon"},"geometry":{"type":"Point","coordinates":[-79.37292,43.65241]}},{"type":"Feature","properties":{"name":"Restaurant au Vieux Caf\u00e9","routes":["C1","C2","C3","CN","CA","CW"],"provs":["QC"],"desc":"Caf\u00e9\nSource: \u00a9 OpenStreetMap contributors (ODbL) https://www.openstreetmap.org/node/2564091856","sym":"Radio Beacon"},"geometry":{"type":"Point","coordinates":[-72.53122,46.3637]}},{"type":"Feature","properties":{"name":"Dairy Queen","routes":["C2","CA"],"provs":["NB"],"desc":"Fast food\nSource: \u00a9 OpenStreetMap contributors (ODbL) https://www.openstreetmap.org/node/2579750281","sym":"Radio Beacon"},"geometry":{"type":"Point","coordinates":[-67.59254,46.15999]}},{"type":"Feature","properties":{"name":"Tim Hortons","routes":["C2","CA"],"provs":["NB"],"desc":"Caf\u00e9\nSource: \u00a9 OpenStreetMap contributors (ODbL) https://www.openstreetmap.org/node/2579864554","sym":"Radio Beacon"},"geometry":{"type":"Point","coordinates":[-67.60513,46.12283]}},{"type":"Feature","properties":{"name":"Starbucks","routes":["C1","C2","CN","CL"],"provs":["BC"],"desc":"Caf\u00e9\nSource: \u00a9 OpenStreetMap contributors (ODbL) https://www.openstreetmap.org/node/2606211968","sym":"Radio Beacon"},"geometry":{"type":"Point","coordinates":[-122.6745,49.11528]}},{"type":"Feature","properties":{"name":"Dairy Queen","routes":["C1","C2","CN","CL"],"provs":["BC"],"desc":"Fast food\nFree wifi\nSource: \u00a9 OpenStreetMap contributors (ODbL) https://www.openstreetmap.org/node/2606259254","sym":"Radio Beacon"},"geometry":{"type":"Point","coordinates":[-122.66995,49.11397]}},{"type":"Feature","properties":{"name":"Starbucks","routes":["C1","C2","CN","CL"],"provs":["BC"],"desc":"Caf\u00e9\nFree wifi\nSource: \u00a9 OpenStreetMap contributors (ODbL) https://www.openstreetmap.org/node/2606675805","sym":"Radio Beacon"},"geometry":{"type":"Point","coordinates":[-122.66733,49.1146]}},{"type":"Feature","properties":{"name":"Olive Garden","routes":["C1","C2","CN","CL"],"provs":["BC"],"desc":"Restaurant\nFree wifi\nNetwork: Olive Garden Guest\nSource: \u00a9 OpenStreetMap contributors (ODbL) https://www.openstreetmap.org/node/2606689436","sym":"Radio Beacon"},"geometry":{"type":"Point","coordinates":[-122.66672,49.11299]}},{"type":"Feature","properties":{"name":"Narrow Espresso","routes":["C2","CN","CA","CL"],"provs":["NS"],"desc":"Caf\u00e9\nSource: \u00a9 OpenStreetMap contributors (ODbL) https://www.openstreetmap.org/node/2611276563","sym":"Radio Beacon"},"geometry":{"type":"Point","coordinates":[-63.57363,44.63789]}},{"type":"Feature","properties":{"name":"4th Spot Kitchen & Bar","routes":["C1","C3"],"provs":["AB"],"desc":"Restaurant\nSource: \u00a9 OpenStreetMap contributors (ODbL) https://www.openstreetmap.org/node/2612233061","sym":"Radio Beacon"},"geometry":{"type":"Point","coordinates":[-114.07122,51.07589]}},{"type":"Feature","properties":{"name":"Starbucks","routes":["C1","C2","CN","CL"],"provs":["BC"],"desc":"Caf\u00e9\nSource: \u00a9 OpenStreetMap contributors (ODbL) https://www.openstreetmap.org/node/2618191092","sym":"Radio Beacon"},"geometry":{"type":"Point","coordinates":[-122.66263,49.10636]}},{"type":"Feature","properties":{"name":"Eva's Gelato and Bakery","routes":["C1","C2","C3","CA"],"provs":["MB"],"desc":"Caf\u00e9\nSource: \u00a9 OpenStreetMap contributors (ODbL) https://www.openstreetmap.org/node/2623044509","sym":"Radio Beacon"},"geometry":{"type":"Point","coordinates":[-95.32603,49.68543]}},{"type":"Feature","properties":{"name":"Alter Egos","routes":["C2","CN","CA","CL"],"provs":["NS"],"desc":"Caf\u00e9\nSource: \u00a9 OpenStreetMap contributors (ODbL) https://www.openstreetmap.org/node/2624375974","sym":"Radio Beacon"},"geometry":{"type":"Point","coordinates":[-63.58485,44.65317]}},{"type":"Feature","properties":{"name":"Tim Hortons","routes":["C1","C2","CN","CL"],"provs":["BC"],"desc":"Caf\u00e9\nSource: \u00a9 OpenStreetMap contributors (ODbL) https://www.openstreetmap.org/node/2628395586","sym":"Radio Beacon"},"geometry":{"type":"Point","coordinates":[-122.67201,49.1776]}},{"type":"Feature","properties":{"name":"Caf\u00e9 Larue & fils","routes":["C1","C2","CN","CA","CL"],"provs":["QC"],"desc":"Restaurant\nSource: \u00a9 OpenStreetMap contributors (ODbL) https://www.openstreetmap.org/node/2644079631","sym":"Radio Beacon"},"geometry":{"type":"Point","coordinates":[-73.61793,45.53772]}},{"type":"Feature","properties":{"name":"De la Cit\u00e9","routes":["C1","C3","CN","CA"],"provs":["QC"],"desc":"Bus station\nSource: \u00a9 OpenStreetMap contributors (ODbL) https://www.openstreetmap.org/node/2654034770","sym":"Radio Beacon"},"geometry":{"type":"Point","coordinates":[-75.68318,45.48141]}},{"type":"Feature","properties":{"name":"Metro Square Caf\u00e9 Restaurant","routes":["CL"],"provs":["ON"],"desc":"Restaurant\nSource: \u00a9 OpenStreetMap contributors (ODbL) https://www.openstreetmap.org/node/2678087224","sym":"Radio Beacon"},"geometry":{"type":"Point","coordinates":[-79.33103,43.81845]}},{"type":"Feature","properties":{"name":"Le Caf\u00e9 Bloom","routes":["C1","C2","CN","CA","CL"],"provs":["QC"],"desc":"Caf\u00e9\nSource: \u00a9 OpenStreetMap contributors (ODbL) https://www.openstreetmap.org/node/2687686382","sym":"Radio Beacon"},"geometry":{"type":"Point","coordinates":[-73.56296,45.48223]}},{"type":"Feature","properties":{"name":"Couche-Tard","routes":["C1","C2","CN","CA","CL"],"provs":["QC"],"desc":"Convenience store\nSource: \u00a9 OpenStreetMap contributors (ODbL) https://www.openstreetmap.org/node/2695200199","sym":"Radio Beacon"},"geometry":{"type":"Point","coordinates":[-73.55565,45.50601]}},{"type":"Feature","properties":{"name":"Tin Town Cafe","routes":["C3"],"provs":["BC"],"desc":"Caf\u00e9\nFree wifi\nSource: \u00a9 OpenStreetMap contributors (ODbL) https://www.openstreetmap.org/node/2700318723","sym":"Radio Beacon"},"geometry":{"type":"Point","coordinates":[-124.99723,49.67015]}},{"type":"Feature","properties":{"name":"Walmart Supercentre","routes":["C2","CN","CA","CL"],"provs":["NS"],"desc":"Supermarket\nFree wifi\nSource: \u00a9 OpenStreetMap contributors (ODbL) https://www.openstreetmap.org/node/2702745770","sym":"Radio Beacon"},"geometry":{"type":"Point","coordinates":[-63.62101,44.64636]}},{"type":"Feature","properties":{"name":"The Mellow Mug","routes":["C2","CN","CL"],"provs":["NS"],"desc":"Caf\u00e9\nFree wifi\nSource: \u00a9 OpenStreetMap contributors (ODbL) https://www.openstreetmap.org/node/2704749449","sym":"Radio Beacon"},"geometry":{"type":"Point","coordinates":[-63.68876,44.70082]}},{"type":"Feature","properties":{"name":"Caf\u00e9 Chez Charlotte","routes":["C1","C2","CN","CA","CL"],"provs":["QC"],"desc":"Caf\u00e9\nSource: \u00a9 OpenStreetMap contributors (ODbL) https://www.openstreetmap.org/node/2709172866","sym":"Radio Beacon"},"geometry":{"type":"Point","coordinates":[-73.57191,45.45853]}},{"type":"Feature","properties":{"name":"Turk's","routes":["C2","CN","CA","CL"],"provs":["BC"],"desc":"Caf\u00e9\nSource: \u00a9 OpenStreetMap contributors (ODbL) https://www.openstreetmap.org/node/2711740615","sym":"Radio Beacon"},"geometry":{"type":"Point","coordinates":[-123.06938,49.27325]}},{"type":"Feature","properties":{"name":"TasteBuds","routes":["C3","CA"],"provs":["SK"],"desc":"Caf\u00e9\nSource: \u00a9 OpenStreetMap contributors (ODbL) https://www.openstreetmap.org/node/2712922743","sym":"Radio Beacon"},"geometry":{"type":"Point","coordinates":[-106.67075,52.1093]}},{"type":"Feature","properties":{"name":"GVPL: Emily Carr Branch","routes":["C1","C3","CA","CL"],"provs":["BC"],"desc":"Library\nSource: \u00a9 OpenStreetMap contributors (ODbL) https://www.openstreetmap.org/node/2715046461","sym":"Radio Beacon"},"geometry":{"type":"Point","coordinates":[-123.37394,48.45581]}},{"type":"Feature","properties":{"name":"Coast Restaurant","routes":["C2","CN","CA","CL"],"provs":["BC"],"desc":"Restaurant\nSource: \u00a9 OpenStreetMap contributors (ODbL) https://www.openstreetmap.org/node/2718677795","sym":"Radio Beacon"},"geometry":{"type":"Point","coordinates":[-123.12312,49.28472]}},{"type":"Feature","properties":{"name":"McDonald's","routes":["C2","CN","CA","CL"],"provs":["BC"],"desc":"Fast food\nSource: \u00a9 OpenStreetMap contributors (ODbL) https://www.openstreetmap.org/node/2720128581","sym":"Radio Beacon"},"geometry":{"type":"Point","coordinates":[-123.11556,49.27883]}},{"type":"Feature","properties":{"name":"Tim Hortons","routes":["C3","CA"],"provs":["SK"],"desc":"Caf\u00e9\nSource: \u00a9 OpenStreetMap contributors (ODbL) https://www.openstreetmap.org/node/2729833443","sym":"Radio Beacon"},"geometry":{"type":"Point","coordinates":[-106.66791,52.12887]}},{"type":"Feature","properties":{"name":"Blenz Coffee","routes":["C1","CA"],"provs":["BC"],"desc":"Caf\u00e9\nFree wifi\nSource: \u00a9 OpenStreetMap contributors (ODbL) https://www.openstreetmap.org/node/2742482066","sym":"Radio Beacon"},"geometry":{"type":"Point","coordinates":[-119.49678,49.88617]}},{"type":"Feature","properties":{"name":"Collective Coffee","routes":["C3","CA"],"provs":["SK"],"desc":"Caf\u00e9\nSource: \u00a9 OpenStreetMap contributors (ODbL) https://www.openstreetmap.org/node/2747976855","sym":"Radio Beacon"},"geometry":{"type":"Point","coordinates":[-106.67581,52.1265]}},{"type":"Feature","properties":{"name":"Stone's Throw Coffee House","routes":["C1"],"provs":["SK"],"desc":"Caf\u00e9\nSource: \u00a9 OpenStreetMap contributors (ODbL) https://www.openstreetmap.org/node/2757178938","sym":"Radio Beacon"},"geometry":{"type":"Point","coordinates":[-104.59649,50.41509]}},{"type":"Feature","properties":{"name":"Caff\u00e9 Divano","routes":["C2","CN","CL"],"provs":["BC"],"desc":"Caf\u00e9\nFree wifi\nSource: \u00a9 OpenStreetMap contributors (ODbL) https://www.openstreetmap.org/node/2776450635","sym":"Radio Beacon"},"geometry":{"type":"Point","coordinates":[-122.83776,49.2786]}},{"type":"Feature","properties":{"name":"Starbucks","routes":["C1","C2","CN","CA","CL"],"provs":["BC"],"desc":"Caf\u00e9\nFree wifi\nSource: \u00a9 OpenStreetMap contributors (ODbL) https://www.openstreetmap.org/node/2791805070","sym":"Radio Beacon"},"geometry":{"type":"Point","coordinates":[-122.38084,49.06162]}},{"type":"Feature","properties":{"name":"Toronto Public Library - Goldhawk Park","routes":["CL"],"provs":["ON"],"desc":"Library\nFree wifi\nSource: \u00a9 OpenStreetMap contributors (ODbL) https://www.openstreetmap.org/node/2795494063","sym":"Radio Beacon"},"geometry":{"type":"Point","coordinates":[-79.27798,43.82411]}},{"type":"Feature","properties":{"name":"Starbucks","routes":["C2","CN","CL"],"provs":["BC"],"desc":"Caf\u00e9\nSource: \u00a9 OpenStreetMap contributors (ODbL) https://www.openstreetmap.org/node/2811742296","sym":"Radio Beacon"},"geometry":{"type":"Point","coordinates":[-122.91691,49.2005]}},{"type":"Feature","properties":{"name":"eggspectation","routes":["C2"],"provs":["ON"],"desc":"Restaurant\nSource: \u00a9 OpenStreetMap contributors (ODbL) https://www.openstreetmap.org/node/2813326601","sym":"Radio Beacon"},"geometry":{"type":"Point","coordinates":[-79.38189,43.65331]}},{"type":"Feature","properties":{"name":"Au Petit Chalet","routes":["C1","C2","C3","CA","CW"],"provs":["QC"],"desc":"Restaurant\nWifi for customers\nSource: \u00a9 OpenStreetMap contributors (ODbL) https://www.openstreetmap.org/node/2826245206","sym":"Radio Beacon"},"geometry":{"type":"Point","coordinates":[-71.21604,46.80683]}},{"type":"Feature","properties":{"name":"Toronto Public Library - Woodside Square","routes":["C2","CL"],"provs":["ON"],"desc":"Library\nFree wifi\nSource: \u00a9 OpenStreetMap contributors (ODbL) https://www.openstreetmap.org/node/2853026332","sym":"Radio Beacon"},"geometry":{"type":"Point","coordinates":[-79.27021,43.80879]}},{"type":"Feature","properties":{"name":"Cocoa Pesto Bistro","routes":["C2","CA"],"provs":["NS"],"desc":"Restaurant\nFree wifi\nSource: \u00a9 OpenStreetMap contributors (ODbL) https://www.openstreetmap.org/node/2854036318","sym":"Radio Beacon"},"geometry":{"type":"Point","coordinates":[-64.13215,44.99111]}},{"type":"Feature","properties":{"name":"Toronto Public Library - Malvern","routes":["C2","CA","CL"],"provs":["ON"],"desc":"Library\nFree wifi\nSource: \u00a9 OpenStreetMap contributors (ODbL) https://www.openstreetmap.org/node/2868793761","sym":"Radio Beacon"},"geometry":{"type":"Point","coordinates":[-79.21582,43.80811]}},{"type":"Feature","properties":{"name":"Tim Hortons","routes":["C2","CN","CL"],"provs":["BC"],"desc":"Caf\u00e9\nFree wifi\nSource: \u00a9 OpenStreetMap contributors (ODbL) https://www.openstreetmap.org/node/2871292832","sym":"Radio Beacon"},"geometry":{"type":"Point","coordinates":[-122.81415,49.27817]}},{"type":"Feature","properties":{"name":"PhoLe","routes":["C3"],"provs":["ON"],"desc":"Restaurant\nSource: \u00a9 OpenStreetMap contributors (ODbL) https://www.openstreetmap.org/node/2885607295","sym":"Radio Beacon"},"geometry":{"type":"Point","coordinates":[-80.23206,44.50173]}},{"type":"Feature","properties":{"name":"Second Cup","routes":["CL"],"provs":["ON"],"desc":"Caf\u00e9\nSource: \u00a9 OpenStreetMap contributors (ODbL) https://www.openstreetmap.org/node/2899474101","sym":"Radio Beacon"},"geometry":{"type":"Point","coordinates":[-79.41192,43.76877]}},{"type":"Feature","properties":{"name":"Breka Bakery & Caf\u00e9","routes":["C2","CN","CA","CL"],"provs":["BC"],"desc":"Caf\u00e9\nSource: \u00a9 OpenStreetMap contributors (ODbL) https://www.openstreetmap.org/node/2911718436","sym":"Radio Beacon"},"geometry":{"type":"Point","coordinates":[-123.1279,49.27841]}},{"type":"Feature","properties":{"name":"Dineen Coffee","routes":["C2"],"provs":["ON"],"desc":"Caf\u00e9\nSource: \u00a9 OpenStreetMap contributors (ODbL) https://www.openstreetmap.org/node/2916365601","sym":"Radio Beacon"},"geometry":{"type":"Point","coordinates":[-79.37893,43.65115]}},{"type":"Feature","properties":{"name":"Les Br\u00fblerie St-Jean","routes":["C1","C2","C3","CA","CW"],"provs":["QC"],"desc":"Caf\u00e9\nSource: \u00a9 OpenStreetMap contributors (ODbL) https://www.openstreetmap.org/node/2920171991","sym":"Radio Beacon"},"geometry":{"type":"Point","coordinates":[-71.21582,46.8118]}},{"type":"Feature","properties":{"name":"Walmart Supercentre","routes":["C1","C2","CN","CA","CL"],"provs":["BC"],"desc":"Supermarket\nFree wifi\nSource: \u00a9 OpenStreetMap contributors (ODbL) https://www.openstreetmap.org/node/2924265096","sym":"Radio Beacon"},"geometry":{"type":"Point","coordinates":[-122.37685,49.05802]}},{"type":"Feature","properties":{"name":"Maison des cyclistes","routes":["C1","C2","CN","CA","CL"],"provs":["QC"],"desc":"Caf\u00e9\nSource: \u00a9 OpenStreetMap contributors (ODbL) https://www.openstreetmap.org/node/2928609937","sym":"Radio Beacon"},"geometry":{"type":"Point","coordinates":[-73.57305,45.52714]}},{"type":"Feature","properties":{"name":"A&W","routes":["C2","CN","CL"],"provs":["BC"],"desc":"Fast food\nFree wifi\nSource: \u00a9 OpenStreetMap contributors (ODbL) https://www.openstreetmap.org/node/2933015937","sym":"Radio Beacon"},"geometry":{"type":"Point","coordinates":[-122.7965,49.27658]}},{"type":"Feature","properties":{"name":"McDonald's","routes":["C2","CN","CA","CL"],"provs":["BC"],"desc":"Fast food\nSource: \u00a9 OpenStreetMap contributors (ODbL) https://www.openstreetmap.org/node/2933925336","sym":"Radio Beacon"},"geometry":{"type":"Point","coordinates":[-123.10155,49.24524]}},{"type":"Feature","properties":{"name":"Lavoir caf\u00e9-internet Alexandrine","routes":["C1","C2","CN","CA","CL"],"provs":["QC"],"desc":"Caf\u00e9\nSource: \u00a9 OpenStreetMap contributors (ODbL) https://www.openstreetmap.org/node/2949551812","sym":"Radio Beacon"},"geometry":{"type":"Point","coordinates":[-73.53576,45.54825]}},{"type":"Feature","properties":{"name":"Pizza Stanz","routes":["C1","C2","CN","CA","CL"],"provs":["QC"],"desc":"Restaurant\nSource: \u00a9 OpenStreetMap contributors (ODbL) https://www.openstreetmap.org/node/2960392252","sym":"Radio Beacon"},"geometry":{"type":"Point","coordinates":[-73.56776,45.45597]}},{"type":"Feature","properties":{"name":"3 Brothers Shawarma","routes":["C1","C3","CN","CA"],"provs":["ON","QC"],"desc":"Fast food\nFree wifi\nSource: \u00a9 OpenStreetMap contributors (ODbL) https://www.openstreetmap.org/node/2964203961","sym":"Radio Beacon"},"geometry":{"type":"Point","coordinates":[-75.67788,45.43185]}},{"type":"Feature","properties":{"name":"Starbucks","routes":["C1","C2","CN","CL"],"provs":["BC"],"desc":"Caf\u00e9\nFree wifi\nSource: \u00a9 OpenStreetMap contributors (ODbL) https://www.openstreetmap.org/node/2975218400","sym":"Radio Beacon"},"geometry":{"type":"Point","coordinates":[-122.31114,49.04985]}},{"type":"Feature","properties":{"name":"Starbucks","routes":["C1","C3","CA","CL"],"provs":["BC"],"desc":"Caf\u00e9\nSource: \u00a9 OpenStreetMap contributors (ODbL) https://www.openstreetmap.org/node/2986122457","sym":"Radio Beacon"},"geometry":{"type":"Point","coordinates":[-123.39565,48.45472]}},{"type":"Feature","properties":{"name":"Bar Le Sacril\u00e8ge","routes":["C1","C2","C3","CA","CW"],"provs":["QC"],"desc":"Bar\nSource: \u00a9 OpenStreetMap contributors (ODbL) https://www.openstreetmap.org/node/2998951655","sym":"Radio Beacon"},"geometry":{"type":"Point","coordinates":[-71.22178,46.80918]}},{"type":"Feature","properties":{"name":"Number e Food","routes":["C2","CN","CA","CL"],"provs":["BC"],"desc":"Caf\u00e9\nSource: \u00a9 OpenStreetMap contributors (ODbL) https://www.openstreetmap.org/node/3046658942","sym":"Radio Beacon"},"geometry":{"type":"Point","coordinates":[-123.13097,49.27771]}},{"type":"Feature","properties":{"name":"The Works","routes":["C1","C3","CN","CA"],"provs":["ON"],"desc":"Restaurant\nSource: \u00a9 OpenStreetMap contributors (ODbL) https://www.openstreetmap.org/node/3047796105","sym":"Radio Beacon"},"geometry":{"type":"Point","coordinates":[-75.69136,45.40783]}},{"type":"Feature","properties":{"name":"Starbucks","routes":["C2"],"provs":["ON"],"desc":"Caf\u00e9\nFree wifi\nSource: \u00a9 OpenStreetMap contributors (ODbL) https://www.openstreetmap.org/node/3057111080","sym":"Radio Beacon"},"geometry":{"type":"Point","coordinates":[-79.38934,43.64398]}},{"type":"Feature","properties":{"name":"Caf\u00e9 des Artistes","routes":["C3","CL"],"provs":["QC"],"desc":"Caf\u00e9\nSource: \u00a9 OpenStreetMap contributors (ODbL) https://www.openstreetmap.org/node/3067303719","sym":"Radio Beacon"},"geometry":{"type":"Point","coordinates":[-64.48265,48.83011]}},{"type":"Feature","properties":{"name":"Tim Hortons","routes":["C2"],"provs":["ON"],"desc":"Caf\u00e9\nFree wifi\nSource: \u00a9 OpenStreetMap contributors (ODbL) https://www.openstreetmap.org/node/3074925381","sym":"Radio Beacon"},"geometry":{"type":"Point","coordinates":[-80.18779,44.08263]}},{"type":"Feature","properties":{"name":"Tim Hortons","routes":["C1","C2","C3"],"provs":["MB"],"desc":"Caf\u00e9\nSource: \u00a9 OpenStreetMap contributors (ODbL) https://www.openstreetmap.org/node/3086158107","sym":"Radio Beacon"},"geometry":{"type":"Point","coordinates":[-97.0661,49.8553]}},{"type":"Feature","properties":{"name":"iPho","routes":["C1","C3","CN","CA"],"provs":["ON","QC"],"desc":"Restaurant\nWifi for customers\nSource: \u00a9 OpenStreetMap contributors (ODbL) https://www.openstreetmap.org/node/3104897929","sym":"Radio Beacon"},"geometry":{"type":"Point","coordinates":[-75.69375,45.42938]}},{"type":"Feature","properties":{"name":"Tim Hortons","routes":["C1","C2","C3","CN"],"provs":["MB"],"desc":"Caf\u00e9\nSource: \u00a9 OpenStreetMap contributors (ODbL) https://www.openstreetmap.org/node/3106367496","sym":"Radio Beacon"},"geometry":{"type":"Point","coordinates":[-97.12824,49.88213]}},{"type":"Feature","properties":{"name":"Harbour City Bar & Restaurant","routes":["C2","CN","CA","CL"],"provs":["NS"],"desc":"Restaurant\nFree wifi\nSource: \u00a9 OpenStreetMap contributors (ODbL) https://www.openstreetmap.org/node/3106805613","sym":"Radio Beacon"},"geometry":{"type":"Point","coordinates":[-63.57686,44.65077]}},{"type":"Feature","properties":{"name":"Antigonish Public Library","routes":["C1","C3","CN","CA"],"provs":["NS"],"desc":"Library\nFree wifi\nNetwork: PARL Public Wireless\nSource: \u00a9 OpenStreetMap contributors (ODbL) https://www.openstreetmap.org/node/3107226138","sym":"Radio Beacon"},"geometry":{"type":"Point","coordinates":[-61.99213,45.62222]}},{"type":"Feature","properties":{"name":"Biblioth\u00e8que Charles-H.-Blais","routes":["C1","C2","C3","CA","CW"],"provs":["QC"],"desc":"Library\nFree wifi\nNetwork: ZAP-BDQ\nSource: \u00a9 OpenStreetMap contributors (ODbL) https://www.openstreetmap.org/node/3115227279","sym":"Radio Beacon"},"geometry":{"type":"Point","coordinates":[-71.25043,46.77953]}},{"type":"Feature","properties":{"name":"CRAFT Beer Market (Olympic Village / False Creek)","routes":["C2","CN","CA","CL"],"provs":["BC"],"desc":"Pub\nSource: \u00a9 OpenStreetMap contributors (ODbL) https://www.openstreetmap.org/node/3128863797","sym":"Radio Beacon"},"geometry":{"type":"Point","coordinates":[-123.10638,49.27057]}},{"type":"Feature","properties":{"name":"McDonald's","routes":["C1","C2","CN","CA","CL"],"provs":["BC"],"desc":"Fast food\nFree wifi\nSource: \u00a9 OpenStreetMap contributors (ODbL) https://www.openstreetmap.org/node/3137893671","sym":"Radio Beacon"},"geometry":{"type":"Point","coordinates":[-122.37674,49.05802]}},{"type":"Feature","properties":{"name":"McDonald's","routes":["C1","C2","CN","CA","CL"],"provs":["QC"],"desc":"Fast food\nSource: \u00a9 OpenStreetMap contributors (ODbL) https://www.openstreetmap.org/node/3139279326","sym":"Radio Beacon"},"geometry":{"type":"Point","coordinates":[-73.55585,45.50614]}},{"type":"Feature","properties":{"name":"Biblioth\u00e8que P\u00e8re-Ambroise","routes":["C1","C2","CN","CA","CL"],"provs":["QC"],"desc":"Library\nFree wifi\nSource: \u00a9 OpenStreetMap contributors (ODbL) https://www.openstreetmap.org/node/3140448822","sym":"Radio Beacon"},"geometry":{"type":"Point","coordinates":[-73.56268,45.52279]}},{"type":"Feature","properties":{"name":"Biblioth\u00e8que R\u00e9jean-Ducharme","routes":["C1","C2","CN","CA","CL"],"provs":["QC"],"desc":"Library\nFree wifi\nNetwork: MTL-WiFi\nSource: \u00a9 OpenStreetMap contributors (ODbL) https://www.openstreetmap.org/node/3140556525","sym":"Radio Beacon"},"geometry":{"type":"Point","coordinates":[-73.57507,45.4836]}},{"type":"Feature","properties":{"name":"Biblioth\u00e8que de Mercier","routes":["C1","C2","CN","CL"],"provs":["QC"],"desc":"Library\nFree wifi\nNetwork: MTLWiFi\nSource: \u00a9 OpenStreetMap contributors (ODbL) https://www.openstreetmap.org/node/3140573805","sym":"Radio Beacon"},"geometry":{"type":"Point","coordinates":[-73.52368,45.5955]}},{"type":"Feature","properties":{"name":"Cafe Aunja","routes":["C1","C2","CN","CA","CL"],"provs":["QC"],"desc":"Caf\u00e9\nSource: \u00a9 OpenStreetMap contributors (ODbL) https://www.openstreetmap.org/node/3142727651","sym":"Radio Beacon"},"geometry":{"type":"Point","coordinates":[-73.58031,45.49779]}},{"type":"Feature","properties":{"name":"FVRL: Clearbrook Library","routes":["C1","C2","CN","CA","CL"],"provs":["BC"],"desc":"Library\nSource: \u00a9 OpenStreetMap contributors (ODbL) https://www.openstreetmap.org/node/3144575088","sym":"Radio Beacon"},"geometry":{"type":"Point","coordinates":[-122.3289,49.05389]}},{"type":"Feature","properties":{"name":"Clementine Cafe and Deli","routes":["CN","CL"],"provs":["NB"],"desc":"Caf\u00e9\nFree wifi\nSource: \u00a9 OpenStreetMap contributors (ODbL) https://www.openstreetmap.org/node/3147137791","sym":"Radio Beacon"},"geometry":{"type":"Point","coordinates":[-64.77447,46.10429]}},{"type":"Feature","properties":{"name":"Abbotsford Community Library","routes":["C2","CN","CL"],"provs":["BC"],"desc":"Library\nFree wifi\nSource: \u00a9 OpenStreetMap contributors (ODbL) https://www.openstreetmap.org/node/3149804658","sym":"Radio Beacon"},"geometry":{"type":"Point","coordinates":[-122.30064,49.04318]}},{"type":"Feature","properties":{"name":"Fernie Heritage Library","routes":["C2","CA"],"provs":["BC"],"desc":"Library\nFree wifi\nSource: \u00a9 OpenStreetMap contributors (ODbL) https://www.openstreetmap.org/node/3154478348","sym":"Radio Beacon"},"geometry":{"type":"Point","coordinates":[-115.06255,49.50328]}},{"type":"Feature","properties":{"name":"ORL: Revelstoke Branch","routes":["C1","CA"],"provs":["BC"],"desc":"Library\nSource: \u00a9 OpenStreetMap contributors (ODbL) https://www.openstreetmap.org/node/3154827221","sym":"Radio Beacon"},"geometry":{"type":"Point","coordinates":[-118.20018,50.99718]}},{"type":"Feature","properties":{"name":"The Modern Bakeshop & Cafe","routes":["C1","CA"],"provs":["BC"],"desc":"Caf\u00e9\nSource: \u00a9 OpenStreetMap contributors (ODbL) https://www.openstreetmap.org/node/3154827223","sym":"Radio Beacon"},"geometry":{"type":"Point","coordinates":[-118.19564,50.99832]}},{"type":"Feature","properties":{"name":"Repair-Caf\u00e9-B\u00e9cancour (repaircafebecancour.boutick.com)","routes":["C1","C2","C3","CN","CA","CW"],"provs":["QC"],"desc":"Caf\u00e9\nSource: \u00a9 OpenStreetMap contributors (ODbL) https://www.openstreetmap.org/node/3185010160","sym":"Radio Beacon"},"geometry":{"type":"Point","coordinates":[-72.43695,46.33973]}},{"type":"Feature","properties":{"name":"Brewed Awakening","routes":["C1"],"provs":["SK"],"desc":"Caf\u00e9\nFree wifi\nSource: \u00a9 OpenStreetMap contributors (ODbL) https://www.openstreetmap.org/node/3192427272","sym":"Radio Beacon"},"geometry":{"type":"Point","coordinates":[-104.60964,50.44736]}},{"type":"Feature","properties":{"name":"Tim Hortons","routes":["C2"],"provs":["ON"],"desc":"Caf\u00e9\nFree wifi\nSource: \u00a9 OpenStreetMap contributors (ODbL) https://www.openstreetmap.org/node/3206983509","sym":"Radio Beacon"},"geometry":{"type":"Point","coordinates":[-79.39509,43.64698]}},{"type":"Feature","properties":{"name":"Streats","routes":["C1","C2","CN","CL"],"provs":["BC"],"desc":"Fast food\nFree wifi\nSource: \u00a9 OpenStreetMap contributors (ODbL) https://www.openstreetmap.org/node/3212571262","sym":"Radio Beacon"},"geometry":{"type":"Point","coordinates":[-122.32349,49.04982]}},{"type":"Feature","properties":{"name":"Oriental Village","routes":["C1","C2","CN","CL"],"provs":["BC"],"desc":"Restaurant\nFree wifi\nSource: \u00a9 OpenStreetMap contributors (ODbL) https://www.openstreetmap.org/node/3212712861","sym":"Radio Beacon"},"geometry":{"type":"Point","coordinates":[-122.31475,49.05276]}},{"type":"Feature","properties":{"name":"Pizza Spot","routes":["C1","C2","CN","CL"],"provs":["BC"],"desc":"Restaurant\nFree wifi\nSource: \u00a9 OpenStreetMap contributors (ODbL) https://www.openstreetmap.org/node/3213560970","sym":"Radio Beacon"},"geometry":{"type":"Point","coordinates":[-122.31311,49.05156]}},{"type":"Feature","properties":{"name":"Caf\u00e9 OUI MAIS NON","routes":["C1","C2","CN","CA","CL"],"provs":["QC"],"desc":"Caf\u00e9\nSource: \u00a9 OpenStreetMap contributors (ODbL) https://www.openstreetmap.org/node/3219613959","sym":"Radio Beacon"},"geometry":{"type":"Point","coordinates":[-73.63067,45.53969]}},{"type":"Feature","properties":{"name":"Kingston Coffee House","routes":["C2","C3","CL"],"provs":["ON"],"desc":"Caf\u00e9\nSource: \u00a9 OpenStreetMap contributors (ODbL) https://www.openstreetmap.org/node/3238090162","sym":"Radio Beacon"},"geometry":{"type":"Point","coordinates":[-76.48167,44.23014]}},{"type":"Feature","properties":{"name":"Tim Hortons","routes":["C2"],"provs":["NB"],"desc":"Caf\u00e9\nSource: \u00a9 OpenStreetMap contributors (ODbL) https://www.openstreetmap.org/node/3260976128","sym":"Radio Beacon"},"geometry":{"type":"Point","coordinates":[-68.30421,47.37329]}},{"type":"Feature","properties":{"name":"7-Eleven","routes":["C1","C2","CN","CL"],"provs":["BC"],"desc":"Convenience store\nSource: \u00a9 OpenStreetMap contributors (ODbL) https://www.openstreetmap.org/node/3269682562","sym":"Radio Beacon"},"geometry":{"type":"Point","coordinates":[-122.82251,49.19848]}},{"type":"Feature","properties":{"name":"Tim Hortons","routes":["C2","CN","CL"],"provs":["BC"],"desc":"Caf\u00e9\nSource: \u00a9 OpenStreetMap contributors (ODbL) https://www.openstreetmap.org/node/3269718106","sym":"Radio Beacon"},"geometry":{"type":"Point","coordinates":[-122.88901,49.19285]}},{"type":"Feature","properties":{"name":"Barley Mow","routes":["C1","C3","CN","CA"],"provs":["ON"],"desc":"Pub\nSource: \u00a9 OpenStreetMap contributors (ODbL) https://www.openstreetmap.org/node/3273872227","sym":"Radio Beacon"},"geometry":{"type":"Point","coordinates":[-75.75658,45.39096]}},{"type":"Feature","properties":{"name":"Starbucks","routes":["C2","CN","CL"],"provs":["BC"],"desc":"Caf\u00e9\nFree wifi\nSource: \u00a9 OpenStreetMap contributors (ODbL) https://www.openstreetmap.org/node/3275393466","sym":"Radio Beacon"},"geometry":{"type":"Point","coordinates":[-122.22189,49.04497]}},{"type":"Feature","properties":{"name":"Morisset Library","routes":["C1","C3","CN","CA"],"provs":["ON"],"desc":"Library\nFree wifi\nSource: \u00a9 OpenStreetMap contributors (ODbL) https://www.openstreetmap.org/node/3284584512","sym":"Radio Beacon"},"geometry":{"type":"Point","coordinates":[-75.68419,45.4233]}},{"type":"Feature","properties":{"name":"Starbucks","routes":["C2","CN","CA","CL"],"provs":["BC"],"desc":"Caf\u00e9\nFree wifi\nSource: \u00a9 OpenStreetMap contributors (ODbL) https://www.openstreetmap.org/node/3285109761","sym":"Radio Beacon"},"geometry":{"type":"Point","coordinates":[-123.11333,49.28771]}},{"type":"Feature","properties":{"name":"Starbucks","routes":["C2","CN","CL"],"provs":["BC"],"desc":"Caf\u00e9\nSource: \u00a9 OpenStreetMap contributors (ODbL) https://www.openstreetmap.org/node/3290194038","sym":"Radio Beacon"},"geometry":{"type":"Point","coordinates":[-122.89302,49.22861]}},{"type":"Feature","properties":{"name":"VIRL: Port Alberni Branch","routes":["C2"],"provs":["BC"],"desc":"Library\nFree wifi\nSource: \u00a9 OpenStreetMap contributors (ODbL) https://www.openstreetmap.org/node/3299929124","sym":"Radio Beacon"},"geometry":{"type":"Point","coordinates":[-124.79583,49.25139]}},{"type":"Feature","properties":{"name":"Tim Hortons","routes":["C2","CN","CL"],"provs":["ON"],"desc":"Caf\u00e9\nSource: \u00a9 OpenStreetMap contributors (ODbL) https://www.openstreetmap.org/node/3306467139","sym":"Radio Beacon"},"geometry":{"type":"Point","coordinates":[-79.48782,43.75441]}},{"type":"Feature","properties":{"name":"D\u00e9panneur Le P'Tit Donat","routes":["C2","CA"],"provs":["NB"],"desc":"Convenience store\nSource: \u00a9 OpenStreetMap contributors (ODbL) https://www.openstreetmap.org/node/3311850000","sym":"Radio Beacon"},"geometry":{"type":"Point","coordinates":[-68.32572,47.37337]}},{"type":"Feature","properties":{"name":"McDonald's","routes":["C2","CA"],"provs":["NB"],"desc":"Fast food\nSource: \u00a9 OpenStreetMap contributors (ODbL) https://www.openstreetmap.org/node/3313844510","sym":"Radio Beacon"},"geometry":{"type":"Point","coordinates":[-68.34182,47.39533]}},{"type":"Feature","properties":{"name":"Presse Caf\u00e9","routes":["C2","CA"],"provs":["NB"],"desc":"Caf\u00e9\nSource: \u00a9 OpenStreetMap contributors (ODbL) https://www.openstreetmap.org/node/3313935889","sym":"Radio Beacon"},"geometry":{"type":"Point","coordinates":[-68.3161,47.3737]}},{"type":"Feature","properties":{"name":"Lotus Bleu","routes":["C2","CA"],"provs":["NB"],"desc":"Caf\u00e9\nSource: \u00a9 OpenStreetMap contributors (ODbL) https://www.openstreetmap.org/node/3323612341","sym":"Radio Beacon"},"geometry":{"type":"Point","coordinates":[-68.32851,47.36338]}},{"type":"Feature","properties":{"name":"Frank's Bar & Grill","routes":["C2","CA"],"provs":["NB"],"desc":"Restaurant\nSource: \u00a9 OpenStreetMap contributors (ODbL) https://www.openstreetmap.org/node/3328694164","sym":"Radio Beacon"},"geometry":{"type":"Point","coordinates":[-68.33122,47.36387]}},{"type":"Feature","properties":{"name":"Tim Hortons","routes":["C2"],"provs":["ON"],"desc":"Caf\u00e9\nFree wifi\nSource: \u00a9 OpenStreetMap contributors (ODbL) https://www.openstreetmap.org/node/3333046455","sym":"Radio Beacon"},"geometry":{"type":"Point","coordinates":[-79.37376,43.64796]}},{"type":"Feature","properties":{"name":"Boardwalk Fries Burgers Shakes","routes":["C1","C2","CN","CL"],"provs":["BC"],"desc":"Fast food\nFree wifi\nSource: \u00a9 OpenStreetMap contributors (ODbL) https://www.openstreetmap.org/node/3337168894","sym":"Radio Beacon"},"geometry":{"type":"Point","coordinates":[-122.31963,49.05095]}},{"type":"Feature","properties":{"name":"Tim Hortons","routes":["C2"],"provs":["ON"],"desc":"Caf\u00e9\nFree wifi\nSource: \u00a9 OpenStreetMap contributors (ODbL) https://www.openstreetmap.org/node/3338997896","sym":"Radio Beacon"},"geometry":{"type":"Point","coordinates":[-79.3562,43.65664]}},{"type":"Feature","properties":{"name":"Caff\u00e8 Artigiano","routes":["C2","CN","CA","CL"],"provs":["BC"],"desc":"Caf\u00e9\nSource: \u00a9 OpenStreetMap contributors (ODbL) https://www.openstreetmap.org/node/3355437631","sym":"Radio Beacon"},"geometry":{"type":"Point","coordinates":[-123.1205,49.28769]}},{"type":"Feature","properties":{"name":"A&W","routes":["C2","CN","CA","CL"],"provs":["BC"],"desc":"Fast food\nSource: \u00a9 OpenStreetMap contributors (ODbL) https://www.openstreetmap.org/node/3360178391","sym":"Radio Beacon"},"geometry":{"type":"Point","coordinates":[-123.11229,49.2859]}},{"type":"Feature","properties":{"name":"Biblioth\u00e8que Sylvain-Garneau","routes":["C1","C3","CN"],"provs":["QC"],"desc":"Library\nSource: \u00a9 OpenStreetMap contributors (ODbL) https://www.openstreetmap.org/node/3360771672","sym":"Radio Beacon"},"geometry":{"type":"Point","coordinates":[-73.78496,45.61553]}},{"type":"Feature","properties":{"name":"Kocomo's","routes":["C2"],"provs":["BC"],"desc":"Caf\u00e9\nSource: \u00a9 OpenStreetMap contributors (ODbL) https://www.openstreetmap.org/node/3371237048","sym":"Radio Beacon"},"geometry":{"type":"Point","coordinates":[-118.43766,49.03344]}},{"type":"Feature","properties":{"name":"Java U","routes":["C1","C2","CA"],"provs":["QC"],"desc":"Caf\u00e9\nFree wifi\nSource: \u00a9 OpenStreetMap contributors (ODbL) https://www.openstreetmap.org/node/3378505373","sym":"Radio Beacon"},"geometry":{"type":"Point","coordinates":[-73.74726,45.45837]}},{"type":"Feature","properties":{"name":"Tim Hortons","routes":["C3"],"provs":["ON"],"desc":"Caf\u00e9\nFree wifi\nSource: \u00a9 OpenStreetMap contributors (ODbL) https://www.openstreetmap.org/node/3391562882","sym":"Radio Beacon"},"geometry":{"type":"Point","coordinates":[-80.07518,44.47499]}},{"type":"Feature","properties":{"name":"Evviva","routes":["C2"],"provs":["ON"],"desc":"Restaurant\nSource: \u00a9 OpenStreetMap contributors (ODbL) https://www.openstreetmap.org/node/3394643419","sym":"Radio Beacon"},"geometry":{"type":"Point","coordinates":[-79.38331,43.64154]}},{"type":"Feature","properties":{"name":"Starbucks","routes":["C2","CN","CL"],"provs":["BC"],"desc":"Caf\u00e9\nSource: \u00a9 OpenStreetMap contributors (ODbL) https://www.openstreetmap.org/node/3401085132","sym":"Radio Beacon"},"geometry":{"type":"Point","coordinates":[-122.83877,49.26313]}},{"type":"Feature","properties":{"name":"Opulence Coffee","routes":["C1","C3","CN","CA"],"provs":["ON","QC"],"desc":"Caf\u00e9\nSource: \u00a9 OpenStreetMap contributors (ODbL) https://www.openstreetmap.org/node/3404786754","sym":"Radio Beacon"},"geometry":{"type":"Point","coordinates":[-75.69241,45.43057]}},{"type":"Feature","properties":{"name":"Serious Coffee & Tea","routes":["C2","C3","CN"],"provs":["BC"],"desc":"Caf\u00e9\nFree wifi\nSource: \u00a9 OpenStreetMap contributors (ODbL) https://www.openstreetmap.org/node/3406161125","sym":"Radio Beacon"},"geometry":{"type":"Point","coordinates":[-124.26268,49.30671]}},{"type":"Feature","properties":{"name":"Second Cup","routes":["C1","C2","C3","CA"],"provs":["QC"],"desc":"Caf\u00e9\nSource: \u00a9 OpenStreetMap contributors (ODbL) https://www.openstreetmap.org/node/3412527073","sym":"Radio Beacon"},"geometry":{"type":"Point","coordinates":[-71.31678,46.76379]}},{"type":"Feature","properties":{"name":"Ombr\u00e9","routes":["C2","CA"],"provs":["BC"],"desc":"Restaurant\nWifi for customers\nNetwork: ombreguest\nSource: \u00a9 OpenStreetMap contributors (ODbL) https://www.openstreetmap.org/node/3420089021","sym":"Radio Beacon"},"geometry":{"type":"Point","coordinates":[-125.90774,49.15177]}},{"type":"Feature","properties":{"name":"VIRL: Tofino Branch","routes":["C2","CA"],"provs":["BC"],"desc":"Library\nFree wifi\nSource: \u00a9 OpenStreetMap contributors (ODbL) https://www.openstreetmap.org/node/3422883585","sym":"Radio Beacon"},"geometry":{"type":"Point","coordinates":[-125.90762,49.15375]}},{"type":"Feature","properties":{"name":"Starbucks","routes":["C2"],"provs":["ON"],"desc":"Caf\u00e9\nFree wifi\nSource: \u00a9 OpenStreetMap contributors (ODbL) https://www.openstreetmap.org/node/3439310963","sym":"Radio Beacon"},"geometry":{"type":"Point","coordinates":[-79.48927,43.62794]}},{"type":"Feature","properties":{"name":"JJ Bean","routes":["C2","CN","CA","CL"],"provs":["BC"],"desc":"Caf\u00e9\nWifi for customers\nSource: \u00a9 OpenStreetMap contributors (ODbL) https://www.openstreetmap.org/node/3454828001","sym":"Radio Beacon"},"geometry":{"type":"Point","coordinates":[-123.11536,49.2551]}},{"type":"Feature","properties":{"name":"Thong La's Restaurant","routes":["C1","C2","CN","CL"],"provs":["BC"],"desc":"Restaurant\nFree wifi\nSource: \u00a9 OpenStreetMap contributors (ODbL) https://www.openstreetmap.org/node/3458419908","sym":"Radio Beacon"},"geometry":{"type":"Point","coordinates":[-122.33505,49.04983]}},{"type":"Feature","properties":{"name":"BRGRS BRGR","routes":["C1","C2","CN","CL"],"provs":["BC"],"desc":"Restaurant\nFree wifi\nSource: \u00a9 OpenStreetMap contributors (ODbL) https://www.openstreetmap.org/node/3463800895","sym":"Radio Beacon"},"geometry":{"type":"Point","coordinates":[-122.29015,49.04887]}},{"type":"Feature","properties":{"name":"Tim Hortons","routes":["C1","C2","C3","CN","CA","CW"],"provs":["QC"],"desc":"Caf\u00e9\nSource: \u00a9 OpenStreetMap contributors (ODbL) https://www.openstreetmap.org/node/3465707207","sym":"Radio Beacon"},"geometry":{"type":"Point","coordinates":[-72.55509,46.37008]}},{"type":"Feature","properties":{"name":"M Square Coffee Co.","routes":["C2"],"provs":["ON"],"desc":"Caf\u00e9\nFree wifi\nSource: \u00a9 OpenStreetMap contributors (ODbL) https://www.openstreetmap.org/node/3468561288","sym":"Radio Beacon"},"geometry":{"type":"Point","coordinates":[-79.38367,43.65094]}},{"type":"Feature","properties":{"name":"KFC/Taco Bell","routes":["CN"],"provs":["NS"],"desc":"Fast food\nSource: \u00a9 OpenStreetMap contributors (ODbL) https://www.openstreetmap.org/node/3486526399","sym":"Radio Beacon"},"geometry":{"type":"Point","coordinates":[-60.22418,46.10854]}},{"type":"Feature","properties":{"name":"Tim Hortons","routes":["CN"],"provs":["NS"],"desc":"Caf\u00e9\nSource: \u00a9 OpenStreetMap contributors (ODbL) https://www.openstreetmap.org/node/3486559680","sym":"Radio Beacon"},"geometry":{"type":"Point","coordinates":[-60.22348,46.10766]}},{"type":"Feature","properties":{"name":"Greenwood Public Library","routes":["C2"],"provs":["BC"],"desc":"Library\nSource: \u00a9 OpenStreetMap contributors (ODbL) https://www.openstreetmap.org/node/3494264066","sym":"Radio Beacon"},"geometry":{"type":"Point","coordinates":[-118.67724,49.08764]}},{"type":"Feature","properties":{"name":"Pho Abbotsford #1","routes":["C1","C2","CN","CL"],"provs":["BC"],"desc":"Restaurant\nFree wifi\nSource: \u00a9 OpenStreetMap contributors (ODbL) https://www.openstreetmap.org/node/3495292393","sym":"Radio Beacon"},"geometry":{"type":"Point","coordinates":[-122.33501,49.05037]}},{"type":"Feature","properties":{"name":"Starbucks","routes":["C2","CN","CA","CL"],"provs":["BC"],"desc":"Caf\u00e9\nFree wifi\nSource: \u00a9 OpenStreetMap contributors (ODbL) https://www.openstreetmap.org/node/3501506777","sym":"Radio Beacon"},"geometry":{"type":"Point","coordinates":[-123.04392,49.25977]}},{"type":"Feature","properties":{"name":"VIRL: Bowser Branch","routes":["C3"],"provs":["BC"],"desc":"Library\nFree wifi\nSource: \u00a9 OpenStreetMap contributors (ODbL) https://www.openstreetmap.org/node/3513553695","sym":"Radio Beacon"},"geometry":{"type":"Point","coordinates":[-124.67589,49.43504]}},{"type":"Feature","properties":{"name":"Bean Counter","routes":["C3"],"provs":["BC"],"desc":"Caf\u00e9\nSource: \u00a9 OpenStreetMap contributors (ODbL) https://www.openstreetmap.org/node/3513554752","sym":"Radio Beacon"},"geometry":{"type":"Point","coordinates":[-124.67557,49.43513]}},{"type":"Feature","properties":{"name":"Basha","routes":["C1","C2","CN","CA","CL"],"provs":["QC"],"desc":"Restaurant\nSource: \u00a9 OpenStreetMap contributors (ODbL) https://www.openstreetmap.org/node/3524731475","sym":"Radio Beacon"},"geometry":{"type":"Point","coordinates":[-73.62894,45.54336]}},{"type":"Feature","properties":{"name":"The Penny Coffee House","routes":["C2","CA"],"provs":["AB"],"desc":"Caf\u00e9\nSource: \u00a9 OpenStreetMap contributors (ODbL) https://www.openstreetmap.org/node/3531105006","sym":"Radio Beacon"},"geometry":{"type":"Point","coordinates":[-112.83995,49.69454]}},{"type":"Feature","properties":{"name":"Hot Chili House","routes":["C2","CN","CL"],"provs":["BC"],"desc":"Restaurant\nFree wifi\nSource: \u00a9 OpenStreetMap contributors (ODbL) https://www.openstreetmap.org/node/3534532299","sym":"Radio Beacon"},"geometry":{"type":"Point","coordinates":[-122.29202,49.03926]}},{"type":"Feature","properties":{"name":"McDonald's","routes":["CN","CA"],"provs":["BC"],"desc":"Fast food\nFree wifi\nSource: \u00a9 OpenStreetMap contributors (ODbL) https://www.openstreetmap.org/node/3537395839","sym":"Radio Beacon"},"geometry":{"type":"Point","coordinates":[-120.36999,50.66551]}},{"type":"Feature","properties":{"name":"Holy Guacamole","routes":["C2","CN","CA","CL"],"provs":["BC"],"desc":"Restaurant\nSource: \u00a9 OpenStreetMap contributors (ODbL) https://www.openstreetmap.org/node/3550807978","sym":"Radio Beacon"},"geometry":{"type":"Point","coordinates":[-123.13569,49.29148]}},{"type":"Feature","properties":{"name":"Bhav's Indian Cuisine & Sweet Shop","routes":["C1","C2","CN","CL"],"provs":["BC"],"desc":"Restaurant\nSource: \u00a9 OpenStreetMap contributors (ODbL) https://www.openstreetmap.org/node/3556318724","sym":"Radio Beacon"},"geometry":{"type":"Point","coordinates":[-122.3357,49.04931]}},{"type":"Feature","properties":{"name":"New Passage To India","routes":["C1","C2","CN","CL"],"provs":["BC"],"desc":"Restaurant\nFree wifi\nSource: \u00a9 OpenStreetMap contributors (ODbL) https://www.openstreetmap.org/node/3578735009","sym":"Radio Beacon"},"geometry":{"type":"Point","coordinates":[-122.28928,49.04887]}},{"type":"Feature","properties":{"name":"Bronuts","routes":["C1","C2","C3","CN"],"provs":["MB"],"desc":"Caf\u00e9\nSource: \u00a9 OpenStreetMap contributors (ODbL) https://www.openstreetmap.org/node/3581705767","sym":"Radio Beacon"},"geometry":{"type":"Point","coordinates":[-97.14139,49.89814]}},{"type":"Feature","properties":{"name":"Reddy Made Cakes","routes":["C1","C2","CN","CL"],"provs":["BC"],"desc":"Caf\u00e9\nSource: \u00a9 OpenStreetMap contributors (ODbL) https://www.openstreetmap.org/node/3585014793","sym":"Radio Beacon"},"geometry":{"type":"Point","coordinates":[-122.28978,49.04912]}},{"type":"Feature","properties":{"name":"Oldhand Cafe and Bakery","routes":["C1","C2","CN","CL"],"provs":["BC"],"desc":"Caf\u00e9\nFree wifi\nSource: \u00a9 OpenStreetMap contributors (ODbL) https://www.openstreetmap.org/node/3589229793","sym":"Radio Beacon"},"geometry":{"type":"Point","coordinates":[-122.29153,49.04939]}},{"type":"Feature","properties":{"name":"Original Hot Yoga Abbotsford","routes":["C1","C2","CN","CL"],"provs":["BC"],"desc":"Recreation centre\nPaid wifi\nSource: \u00a9 OpenStreetMap contributors (ODbL) https://www.openstreetmap.org/node/3589942499","sym":"Radio Beacon"},"geometry":{"type":"Point","coordinates":[-122.28977,49.04887]}},{"type":"Feature","properties":{"name":"RPL: Brighouse (Main) Branch","routes":["CN","CA","CL","CW"],"provs":["BC"],"desc":"Library\nFree wifi\nSource: \u00a9 OpenStreetMap contributors (ODbL) https://www.openstreetmap.org/node/3632205667","sym":"Radio Beacon"},"geometry":{"type":"Point","coordinates":[-123.14134,49.16408]}},{"type":"Feature","properties":{"name":"JoJo's Fish & Chips Bana Restaurant","routes":["C1","C2","CN","CA","CL"],"provs":["BC"],"desc":"Restaurant\nFree wifi\nSource: \u00a9 OpenStreetMap contributors (ODbL) https://www.openstreetmap.org/node/3634704896","sym":"Radio Beacon"},"geometry":{"type":"Point","coordinates":[-122.31825,49.055]}},{"type":"Feature","properties":{"name":"Jam Cafe","routes":["C2","CN","CA","CL"],"provs":["BC"],"desc":"Caf\u00e9\nSource: \u00a9 OpenStreetMap contributors (ODbL) https://www.openstreetmap.org/node/3646944277","sym":"Radio Beacon"},"geometry":{"type":"Point","coordinates":[-123.10968,49.28031]}},{"type":"Feature","properties":{"name":"Boulangerie Baked 2 Go","routes":["C1","C2","CN","CA","CL"],"provs":["QC"],"desc":"Caf\u00e9\nSource: \u00a9 OpenStreetMap contributors (ODbL) https://www.openstreetmap.org/node/3649851981","sym":"Radio Beacon"},"geometry":{"type":"Point","coordinates":[-73.58274,45.51866]}},{"type":"Feature","properties":{"name":"Viet Family Restaurant","routes":["C2","CN","CA","CL"],"provs":["BC"],"desc":"Restaurant\nSource: \u00a9 OpenStreetMap contributors (ODbL) https://www.openstreetmap.org/node/3659663895","sym":"Radio Beacon"},"geometry":{"type":"Point","coordinates":[-123.06941,49.27189]}},{"type":"Feature","properties":{"name":"Freshslice Pizza","routes":["C2","CN","CA","CL"],"provs":["BC"],"desc":"Fast food\nWifi for customers\nNetwork: 1162838Fs\nSource: \u00a9 OpenStreetMap contributors (ODbL) https://www.openstreetmap.org/node/3661058432","sym":"Radio Beacon"},"geometry":{"type":"Point","coordinates":[-123.04525,49.28083]}},{"type":"Feature","properties":{"name":"McDonald's","routes":["C1","C2","CN","CA","CL"],"provs":["BC"],"desc":"Fast food\nFree wifi\nSource: \u00a9 OpenStreetMap contributors (ODbL) https://www.openstreetmap.org/node/3664597531","sym":"Radio Beacon"},"geometry":{"type":"Point","coordinates":[-122.3808,49.06114]}},{"type":"Feature","properties":{"name":"Chatime","routes":["CL"],"provs":["ON"],"desc":"Caf\u00e9\nSource: \u00a9 OpenStreetMap contributors (ODbL) https://www.openstreetmap.org/node/3668839194","sym":"Radio Beacon"},"geometry":{"type":"Point","coordinates":[-79.3675,43.79123]}},{"type":"Feature","properties":{"name":"Bistro-Bar le Brise-Bise","routes":["C3","CL"],"provs":["QC"],"desc":"Restaurant\nSource: \u00a9 OpenStreetMap contributors (ODbL) https://www.openstreetmap.org/node/3683173947","sym":"Radio Beacon"},"geometry":{"type":"Point","coordinates":[-64.4838,48.8294]}},{"type":"Feature","properties":{"name":"Happy Goat Coffee Company","routes":["C1","C3","CN","CA"],"provs":["ON","QC"],"desc":"Caf\u00e9\nWifi for customers\nSource: \u00a9 OpenStreetMap contributors (ODbL) https://www.openstreetmap.org/node/3690306898","sym":"Radio Beacon"},"geometry":{"type":"Point","coordinates":[-75.71129,45.4299]}},{"type":"Feature","properties":{"name":"Tim Hortons","routes":["C2","CN","CA","CL"],"provs":["BC"],"desc":"Caf\u00e9\nSource: \u00a9 OpenStreetMap contributors (ODbL) https://www.openstreetmap.org/node/3690938880","sym":"Radio Beacon"},"geometry":{"type":"Point","coordinates":[-123.1283,49.28705]}},{"type":"Feature","properties":{"name":"Shops at Sheraton Food Court","routes":["C2"],"provs":["ON"],"desc":"Food court\nFree wifi\nSource: \u00a9 OpenStreetMap contributors (ODbL) https://www.openstreetmap.org/node/3696230526","sym":"Radio Beacon"},"geometry":{"type":"Point","coordinates":[-79.38277,43.65142]}},{"type":"Feature","properties":{"name":"Balzac's Coffee","routes":["C2"],"provs":["ON"],"desc":"Caf\u00e9\nSource: \u00a9 OpenStreetMap contributors (ODbL) https://www.openstreetmap.org/node/3700398413","sym":"Radio Beacon"},"geometry":{"type":"Point","coordinates":[-79.38316,43.64438]}},{"type":"Feature","properties":{"name":"Starbucks","routes":["C2","CN"],"provs":["BC"],"desc":"Caf\u00e9\nSource: \u00a9 OpenStreetMap contributors (ODbL) https://www.openstreetmap.org/node/3702149610","sym":"Radio Beacon"},"geometry":{"type":"Point","coordinates":[-115.75403,49.52515]}},{"type":"Feature","properties":{"name":"Starbucks","routes":["C1","C2","CN","CL"],"provs":["BC"],"desc":"Caf\u00e9\nSource: \u00a9 OpenStreetMap contributors (ODbL) https://www.openstreetmap.org/node/3702860910","sym":"Radio Beacon"},"geometry":{"type":"Point","coordinates":[-122.73887,49.10562]}},{"type":"Feature","properties":{"name":"Happy Goat Coffee","routes":["C1","C3","CN","CA"],"provs":["ON"],"desc":"Caf\u00e9\nSource: \u00a9 OpenStreetMap contributors (ODbL) https://www.openstreetmap.org/node/3703012717","sym":"Radio Beacon"},"geometry":{"type":"Point","coordinates":[-75.71726,45.40528]}},{"type":"Feature","properties":{"name":"McDonald's","routes":["C1","C2","CN","CL"],"provs":["BC"],"desc":"Fast food\nSource: \u00a9 OpenStreetMap contributors (ODbL) https://www.openstreetmap.org/node/3705254707","sym":"Radio Beacon"},"geometry":{"type":"Point","coordinates":[-122.72502,49.1038]}},{"type":"Feature","properties":{"name":"JJ Bean","routes":["C2","CN","CL"],"provs":["BC"],"desc":"Caf\u00e9\nSource: \u00a9 OpenStreetMap contributors (ODbL) https://www.openstreetmap.org/node/3713770793","sym":"Radio Beacon"},"geometry":{"type":"Point","coordinates":[-122.82858,49.27922]}},{"type":"Feature","properties":{"name":"Browns Socialhouse","routes":["C2","CN","CL"],"provs":["BC"],"desc":"Pub\nSource: \u00a9 OpenStreetMap contributors (ODbL) https://www.openstreetmap.org/node/3717743763","sym":"Radio Beacon"},"geometry":{"type":"Point","coordinates":[-122.89264,49.22488]}},{"type":"Feature","properties":{"name":"Donair Dude","routes":["C2","CN","CA","CL"],"provs":["BC"],"desc":"Fast food\nSource: \u00a9 OpenStreetMap contributors (ODbL) https://www.openstreetmap.org/node/3719407590","sym":"Radio Beacon"},"geometry":{"type":"Point","coordinates":[-123.10921,49.28223]}},{"type":"Feature","properties":{"name":"Tim Hortons","routes":["C2","CN","CA","CL"],"provs":["BC"],"desc":"Caf\u00e9\nFree wifi\nSource: \u00a9 OpenStreetMap contributors (ODbL) https://www.openstreetmap.org/node/3720061726","sym":"Radio Beacon"},"geometry":{"type":"Point","coordinates":[-123.11553,49.28322]}},{"type":"Feature","properties":{"name":"Olivier's Cafe et Viennoiseries","routes":["C2","CN","CA","CL"],"provs":["BC"],"desc":"Caf\u00e9\nSource: \u00a9 OpenStreetMap contributors (ODbL) https://www.openstreetmap.org/node/3729617313","sym":"Radio Beacon"},"geometry":{"type":"Point","coordinates":[-123.12298,49.28202]}},{"type":"Feature","properties":{"name":"Cafe Bonte Divine La Pocati\u00e8re","routes":["C1","C2","C3"],"provs":["QC"],"desc":"Caf\u00e9\nSource: \u00a9 OpenStreetMap contributors (ODbL) https://www.openstreetmap.org/node/3730989671","sym":"Radio Beacon"},"geometry":{"type":"Point","coordinates":[-70.03613,47.36964]}},{"type":"Feature","properties":{"name":"Beyond Coffee","routes":["C2","CN","CA","CL"],"provs":["BC"],"desc":"Caf\u00e9\nSource: \u00a9 OpenStreetMap contributors (ODbL) https://www.openstreetmap.org/node/3734942959","sym":"Radio Beacon"},"geometry":{"type":"Point","coordinates":[-123.12691,49.28094]}},{"type":"Feature","properties":{"name":"McDonald's","routes":["C2","CN","CA","CL"],"provs":["BC"],"desc":"Fast food\nSource: \u00a9 OpenStreetMap contributors (ODbL) https://www.openstreetmap.org/node/3735407006","sym":"Radio Beacon"},"geometry":{"type":"Point","coordinates":[-123.12137,49.28055]}},{"type":"Feature","properties":{"name":"Pizzeria Ludica","routes":["C2","CN","CA","CL"],"provs":["BC"],"desc":"Restaurant\nWifi for customers\nSource: \u00a9 OpenStreetMap contributors (ODbL) https://www.openstreetmap.org/node/3736865979","sym":"Radio Beacon"},"geometry":{"type":"Point","coordinates":[-123.1086,49.28004]}},{"type":"Feature","properties":{"name":"Taishoken","routes":["C2","CN","CA","CL"],"provs":["BC"],"desc":"Restaurant\nSource: \u00a9 OpenStreetMap contributors (ODbL) https://www.openstreetmap.org/node/3736867785","sym":"Radio Beacon"},"geometry":{"type":"Point","coordinates":[-123.10784,49.28079]}},{"type":"Feature","properties":{"name":"A&W","routes":["C2","CN","CA","CL"],"provs":["BC"],"desc":"Fast food\nSource: \u00a9 OpenStreetMap contributors (ODbL) https://www.openstreetmap.org/node/3736899080","sym":"Radio Beacon"},"geometry":{"type":"Point","coordinates":[-123.11542,49.28315]}},{"type":"Feature","properties":{"name":"Starbucks","routes":["C2","CN","CA","CL"],"provs":["BC"],"desc":"Caf\u00e9\nFree wifi\nSource: \u00a9 OpenStreetMap contributors (ODbL) https://www.openstreetmap.org/node/3738439091","sym":"Radio Beacon"},"geometry":{"type":"Point","coordinates":[-123.11849,49.28205]}},{"type":"Feature","properties":{"name":"Moltan","routes":["C2","CN","CA","CL"],"provs":["BC"],"desc":"Restaurant\nSource: \u00a9 OpenStreetMap contributors (ODbL) https://www.openstreetmap.org/node/3740774990","sym":"Radio Beacon"},"geometry":{"type":"Point","coordinates":[-123.14868,49.27263]}},{"type":"Feature","properties":{"name":"Starbucks","routes":["C2","CN","CA","CL"],"provs":["BC"],"desc":"Caf\u00e9\nFree wifi\nSource: \u00a9 OpenStreetMap contributors (ODbL) https://www.openstreetmap.org/node/3743637011","sym":"Radio Beacon"},"geometry":{"type":"Point","coordinates":[-123.12122,49.27896]}},{"type":"Feature","properties":{"name":"Dogwood Brewing","routes":["C2","CN","CA","CL","CW"],"provs":["BC"],"desc":"Pub\nFree wifi\nSource: \u00a9 OpenStreetMap contributors (ODbL) https://www.openstreetmap.org/node/3744582937","sym":"Radio Beacon"},"geometry":{"type":"Point","coordinates":[-123.08157,49.20988]}},{"type":"Feature","properties":{"name":"Tim Hortons","routes":["C1","C3","CN","CA"],"provs":["ON"],"desc":"Caf\u00e9\nSource: \u00a9 OpenStreetMap contributors (ODbL) https://www.openstreetmap.org/node/3755250945","sym":"Radio Beacon"},"geometry":{"type":"Point","coordinates":[-75.69803,45.38339]}},{"type":"Feature","properties":{"name":"HIKO SUSHI","routes":["C2","CN","CL"],"provs":["BC"],"desc":"Restaurant\nFree wifi\nSource: \u00a9 OpenStreetMap contributors (ODbL) https://www.openstreetmap.org/node/3762172959","sym":"Radio Beacon"},"geometry":{"type":"Point","coordinates":[-122.21989,49.04066]}},{"type":"Feature","properties":{"name":"Starbucks","routes":["C2","CN","CL"],"provs":["BC"],"desc":"Caf\u00e9\nFree wifi\nSource: \u00a9 OpenStreetMap contributors (ODbL) https://www.openstreetmap.org/node/3762172960","sym":"Radio Beacon"},"geometry":{"type":"Point","coordinates":[-122.22015,49.04109]}},{"type":"Feature","properties":{"name":"FVRL: Murrayville Library","routes":["C1","C2","CN","CL"],"provs":["BC"],"desc":"Library\nSource: \u00a9 OpenStreetMap contributors (ODbL) https://www.openstreetmap.org/node/3771522825","sym":"Radio Beacon"},"geometry":{"type":"Point","coordinates":[-122.61167,49.08962]}},{"type":"Feature","properties":{"name":"Continental Seafood Restaurant","routes":["CN","CA","CL","CW"],"provs":["BC"],"desc":"Restaurant\nFree wifi\nSource: \u00a9 OpenStreetMap contributors (ODbL) https://www.openstreetmap.org/node/3779150665","sym":"Radio Beacon"},"geometry":{"type":"Point","coordinates":[-123.09393,49.18391]}},{"type":"Feature","properties":{"name":"RPL: Cambie Branch","routes":["CN","CA","CL","CW"],"provs":["BC"],"desc":"Library\nFree wifi\nSource: \u00a9 OpenStreetMap contributors (ODbL) https://www.openstreetmap.org/node/3779150673","sym":"Radio Beacon"},"geometry":{"type":"Point","coordinates":[-123.0946,49.1836]}},{"type":"Feature","properties":{"name":"Mont-Royal Hot Dog","routes":["C1","C2","CN","CA","CL"],"provs":["QC"],"desc":"Restaurant\nWifi for customers\nSource: \u00a9 OpenStreetMap contributors (ODbL) https://www.openstreetmap.org/node/3780870287","sym":"Radio Beacon"},"geometry":{"type":"Point","coordinates":[-73.57984,45.52751]}},{"type":"Feature","properties":{"name":"La Binerie Mont-Royal","routes":["C1","C2","CN","CA","CL"],"provs":["QC"],"desc":"Restaurant\nFree wifi\nSource: \u00a9 OpenStreetMap contributors (ODbL) https://www.openstreetmap.org/node/3780888754","sym":"Radio Beacon"},"geometry":{"type":"Point","coordinates":[-73.57772,45.52175]}},{"type":"Feature","properties":{"name":"VIRL: Nanaimo Harbourfront Branch","routes":["C2","C3","CN","CA","CW"],"provs":["BC"],"desc":"Library\nFree wifi\nSource: \u00a9 OpenStreetMap contributors (ODbL) https://www.openstreetmap.org/node/3786708958","sym":"Radio Beacon"},"geometry":{"type":"Point","coordinates":[-123.93638,49.16558]}},{"type":"Feature","properties":{"name":"Sushi Den","routes":["C2","CN","CA","CL"],"provs":["BC"],"desc":"Fast food\nSource: \u00a9 OpenStreetMap contributors (ODbL) https://www.openstreetmap.org/node/3786976946","sym":"Radio Beacon"},"geometry":{"type":"Point","coordinates":[-123.10784,49.27956]}},{"type":"Feature","properties":{"name":"Breka Bakery & Cafe","routes":["C2","CN","CA","CL"],"provs":["BC"],"desc":"Caf\u00e9\nWifi for customers\nSource: \u00a9 OpenStreetMap contributors (ODbL) https://www.openstreetmap.org/node/3789851067","sym":"Radio Beacon"},"geometry":{"type":"Point","coordinates":[-123.11473,49.28565]}},{"type":"Feature","properties":{"name":"Great Wall Restaurant","routes":["C2","CN","CA","CL"],"provs":["NS"],"desc":"Restaurant\nSource: \u00a9 OpenStreetMap contributors (ODbL) https://www.openstreetmap.org/node/3792869657","sym":"Radio Beacon"},"geometry":{"type":"Point","coordinates":[-63.57165,44.64708]}},{"type":"Feature","properties":{"name":"Information Centre d'Information","routes":["C2"],"provs":["NB"],"desc":"Visitor centre\nFree wifi\nSource: \u00a9 OpenStreetMap contributors (ODbL) https://www.openstreetmap.org/node/3797628205","sym":"Radio Beacon"},"geometry":{"type":"Point","coordinates":[-66.64312,45.96334]}},{"type":"Feature","properties":{"name":"Starbucks","routes":["C3","CA"],"provs":["BC"],"desc":"Caf\u00e9\nSource: \u00a9 OpenStreetMap contributors (ODbL) https://www.openstreetmap.org/node/3801216289","sym":"Radio Beacon"},"geometry":{"type":"Point","coordinates":[-125.2471,50.03531]}},{"type":"Feature","properties":{"name":"Serious Coffee","routes":["C3","CA"],"provs":["BC"],"desc":"Caf\u00e9\nSource: \u00a9 OpenStreetMap contributors (ODbL) https://www.openstreetmap.org/node/3803549511","sym":"Radio Beacon"},"geometry":{"type":"Point","coordinates":[-125.2148,49.97117]}},{"type":"Feature","properties":{"name":"Mintar","routes":["C1","C2","CN","CA","CL"],"provs":["QC"],"desc":"Caf\u00e9\nSource: \u00a9 OpenStreetMap contributors (ODbL) https://www.openstreetmap.org/node/3812097909","sym":"Radio Beacon"},"geometry":{"type":"Point","coordinates":[-73.57189,45.50849]}},{"type":"Feature","properties":{"name":"Shogun Sushi","routes":["C1","C2","C3","CA","CW"],"provs":["QC"],"desc":"Restaurant\nFree wifi\nSource: \u00a9 OpenStreetMap contributors (ODbL) https://www.openstreetmap.org/node/3813216713","sym":"Radio Beacon"},"geometry":{"type":"Point","coordinates":[-71.28697,46.76744]}},{"type":"Feature","properties":{"name":"Lily's Cafe","routes":["C2","C3","CW"],"provs":["ON"],"desc":"Caf\u00e9\nSource: \u00a9 OpenStreetMap contributors (ODbL) https://www.openstreetmap.org/node/3859406787","sym":"Radio Beacon"},"geometry":{"type":"Point","coordinates":[-77.13948,44.00861]}},{"type":"Feature","properties":{"name":"Starbucks","routes":["C1","C2","C3","CA","CW"],"provs":["QC"],"desc":"Caf\u00e9\nFree wifi\nSource: \u00a9 OpenStreetMap contributors (ODbL) https://www.openstreetmap.org/node/3861726542","sym":"Radio Beacon"},"geometry":{"type":"Point","coordinates":[-71.28446,46.77014]}},{"type":"Feature","properties":{"name":"Starbucks","routes":["C1","C2","C3","CA","CW"],"provs":["QC"],"desc":"Caf\u00e9\nFree wifi\nSource: \u00a9 OpenStreetMap contributors (ODbL) https://www.openstreetmap.org/node/3861726543","sym":"Radio Beacon"},"geometry":{"type":"Point","coordinates":[-71.27855,46.77378]}},{"type":"Feature","properties":{"name":"Tim Hortons","routes":["C1","C3"],"provs":["NB"],"desc":"Caf\u00e9\nSource: \u00a9 OpenStreetMap contributors (ODbL) https://www.openstreetmap.org/node/3863098852","sym":"Radio Beacon"},"geometry":{"type":"Point","coordinates":[-65.44377,47.01924]}},{"type":"Feature","properties":{"name":"Tim Hortons","routes":["C1","C3"],"provs":["NB"],"desc":"Caf\u00e9\nSource: \u00a9 OpenStreetMap contributors (ODbL) https://www.openstreetmap.org/node/3863109056","sym":"Radio Beacon"},"geometry":{"type":"Point","coordinates":[-65.46945,47.03034]}},{"type":"Feature","properties":{"name":"Tim Hortons","routes":["C1","C3"],"provs":["NB"],"desc":"Caf\u00e9\nSource: \u00a9 OpenStreetMap contributors (ODbL) https://www.openstreetmap.org/node/3863112029","sym":"Radio Beacon"},"geometry":{"type":"Point","coordinates":[-65.56485,47.00184]}},{"type":"Feature","properties":{"name":"Papa John's","routes":["C1","C2","CA"],"provs":["BC"],"desc":"Fast food\nSource: \u00a9 OpenStreetMap contributors (ODbL) https://www.openstreetmap.org/node/3864583980","sym":"Radio Beacon"},"geometry":{"type":"Point","coordinates":[-121.97959,49.15249]}},{"type":"Feature","properties":{"name":"Bibliot\u00e8que de Dieppe","routes":["CN","CL"],"provs":["NB"],"desc":"Library\nSource: \u00a9 OpenStreetMap contributors (ODbL) https://www.openstreetmap.org/node/3866444558","sym":"Radio Beacon"},"geometry":{"type":"Point","coordinates":[-64.74872,46.09484]}},{"type":"Feature","properties":{"name":"Bibliot\u00e8que Mgr. Robichaud","routes":["C1","C3","CA"],"provs":["NB"],"desc":"Library\nSource: \u00a9 OpenStreetMap contributors (ODbL) https://www.openstreetmap.org/node/3867549258","sym":"Radio Beacon"},"geometry":{"type":"Point","coordinates":[-65.70332,47.70081]}},{"type":"Feature","properties":{"name":"Cap-Pel\u00e9 Public Library","routes":["C1"],"provs":["NB"],"desc":"Library\nSource: \u00a9 OpenStreetMap contributors (ODbL) https://www.openstreetmap.org/node/3867589279","sym":"Radio Beacon"},"geometry":{"type":"Point","coordinates":[-64.27202,46.21573]}},{"type":"Feature","properties":{"name":"Dr. Walter Chestnut Public Library","routes":["C2"],"provs":["NB"],"desc":"Library\nSource: \u00a9 OpenStreetMap contributors (ODbL) https://www.openstreetmap.org/node/3867710718","sym":"Radio Beacon"},"geometry":{"type":"Point","coordinates":[-67.52838,46.29828]}},{"type":"Feature","properties":{"name":"Biblioth\u00e8que Dr. Lorne J. Violette","routes":["C2"],"provs":["NB"],"desc":"Library\nSource: \u00a9 OpenStreetMap contributors (ODbL) https://www.openstreetmap.org/node/3867824846","sym":"Radio Beacon"},"geometry":{"type":"Point","coordinates":[-67.92387,47.16418]}},{"type":"Feature","properties":{"name":"Port Elgin Public Library","routes":["C1","CL"],"provs":["NB"],"desc":"Library\nSource: \u00a9 OpenStreetMap contributors (ODbL) https://www.openstreetmap.org/node/3867847470","sym":"Radio Beacon"},"geometry":{"type":"Point","coordinates":[-64.08504,46.0524]}},{"type":"Feature","properties":{"name":"Biblioth\u00e8que publique de Shediac","routes":["C1","C3","CN","CA"],"provs":["NB"],"desc":"Library\nSource: \u00a9 OpenStreetMap contributors (ODbL) https://www.openstreetmap.org/node/3867913409","sym":"Radio Beacon"},"geometry":{"type":"Point","coordinates":[-64.54931,46.21941]}},{"type":"Feature","properties":{"name":"West Branch Library","routes":["C2","CW"],"provs":["NB"],"desc":"Library\nSource: \u00a9 OpenStreetMap contributors (ODbL) https://www.openstreetmap.org/node/3868055706","sym":"Radio Beacon"},"geometry":{"type":"Point","coordinates":[-66.09192,45.25443]}},{"type":"Feature","properties":{"name":"Caf\u00e9 La Lieto","routes":["CN","CL"],"provs":["NB"],"desc":"Caf\u00e9\nSource: \u00a9 OpenStreetMap contributors (ODbL) https://www.openstreetmap.org/node/3870251583","sym":"Radio Beacon"},"geometry":{"type":"Point","coordinates":[-64.74739,46.09547]}},{"type":"Feature","properties":{"name":"Sour Grape","routes":["C2","CN"],"provs":["NB"],"desc":"Caf\u00e9\nSource: \u00a9 OpenStreetMap contributors (ODbL) https://www.openstreetmap.org/node/3870271535","sym":"Radio Beacon"},"geometry":{"type":"Point","coordinates":[-66.50374,45.84247]}},{"type":"Feature","properties":{"name":"Chatime","routes":["C1","C3","CN","CA"],"provs":["ON"],"desc":"Caf\u00e9\nSource: \u00a9 OpenStreetMap contributors (ODbL) https://www.openstreetmap.org/node/3872339560","sym":"Radio Beacon"},"geometry":{"type":"Point","coordinates":[-75.6984,45.38431]}},{"type":"Feature","properties":{"name":"Oso Negro Caf\u00e9","routes":["C2"],"provs":["BC"],"desc":"Caf\u00e9\nSource: \u00a9 OpenStreetMap contributors (ODbL) https://www.openstreetmap.org/node/3875392888","sym":"Radio Beacon"},"geometry":{"type":"Point","coordinates":[-117.29329,49.4909]}},{"type":"Feature","properties":{"name":"Tim Hortons","routes":["C2"],"provs":["QC"],"desc":"Caf\u00e9\nSource: \u00a9 OpenStreetMap contributors (ODbL) https://www.openstreetmap.org/node/3882317162","sym":"Radio Beacon"},"geometry":{"type":"Point","coordinates":[-74.18287,45.30082]}},{"type":"Feature","properties":{"name":"Potato World","routes":["C2"],"provs":["NB"],"desc":"Restaurant\nSource: \u00a9 OpenStreetMap contributors (ODbL) https://www.openstreetmap.org/node/3892942263","sym":"Radio Beacon"},"geometry":{"type":"Point","coordinates":[-67.64249,46.44356]}},{"type":"Feature","properties":{"name":"Save-On-Foods","routes":["C1","C2","CN","CA","CL"],"provs":["BC"],"desc":"Supermarket\nFree wifi\nSource: \u00a9 OpenStreetMap contributors (ODbL) https://www.openstreetmap.org/node/3897282468","sym":"Radio Beacon"},"geometry":{"type":"Point","coordinates":[-122.31995,49.1311]}},{"type":"Feature","properties":{"name":"Robin's Donuts","routes":["C2"],"provs":["NB"],"desc":"Fast food\nSource: \u00a9 OpenStreetMap contributors (ODbL) https://www.openstreetmap.org/node/3897766870","sym":"Radio Beacon"},"geometry":{"type":"Point","coordinates":[-67.24507,45.99231]}},{"type":"Feature","properties":{"name":"Cape Jourimain Nature Centre","routes":["C1","CL","CW"],"provs":["NB"],"desc":"Visitor centre\nFree wifi\nSource: \u00a9 OpenStreetMap contributors (ODbL) https://www.openstreetmap.org/node/3901783651","sym":"Radio Beacon"},"geometry":{"type":"Point","coordinates":[-63.81519,46.16164]}},{"type":"Feature","properties":{"name":"The Biryani Republic","routes":["C2","CN","CA","CL"],"provs":["BC"],"desc":"Caf\u00e9\nSource: \u00a9 OpenStreetMap contributors (ODbL) https://www.openstreetmap.org/node/3908766223","sym":"Radio Beacon"},"geometry":{"type":"Point","coordinates":[-123.09082,49.23061]}},{"type":"Feature","properties":{"name":"KFC","routes":["C1","CA"],"provs":["ON"],"desc":"Fast food\nFree wifi\nSource: \u00a9 OpenStreetMap contributors (ODbL) https://www.openstreetmap.org/node/3914910273","sym":"Radio Beacon"},"geometry":{"type":"Point","coordinates":[-79.4529,46.29113]}},{"type":"Feature","properties":{"name":"Rossano's","routes":["CN","CL"],"provs":["NB"],"desc":"Restaurant\nSource: \u00a9 OpenStreetMap contributors (ODbL) https://www.openstreetmap.org/node/3919701871","sym":"Radio Beacon"},"geometry":{"type":"Point","coordinates":[-64.76121,46.09367]}},{"type":"Feature","properties":{"name":"Sa Dec Grill","routes":["C1","C3","CN","CA"],"provs":["NB"],"desc":"Restaurant\nSource: \u00a9 OpenStreetMap contributors (ODbL) https://www.openstreetmap.org/node/3919712614","sym":"Radio Beacon"},"geometry":{"type":"Point","coordinates":[-64.50916,46.22552]}},{"type":"Feature","properties":{"name":"Restaurant La Coast Restaurant & Bar","routes":["C1","C3","CN","CA"],"provs":["NB"],"desc":"Restaurant\nSource: \u00a9 OpenStreetMap contributors (ODbL) https://www.openstreetmap.org/node/3919714636","sym":"Radio Beacon"},"geometry":{"type":"Point","coordinates":[-64.54287,46.21957]}},{"type":"Feature","properties":{"name":"C'est la Vie","routes":["CN","CL"],"provs":["NB"],"desc":"Caf\u00e9\nSource: \u00a9 OpenStreetMap contributors (ODbL) https://www.openstreetmap.org/node/3939212475","sym":"Radio Beacon"},"geometry":{"type":"Point","coordinates":[-64.77852,46.08852]}},{"type":"Feature","properties":{"name":"Triiio Restaurant & Lounge","routes":["CN","CL"],"provs":["NB"],"desc":"Restaurant\nSource: \u00a9 OpenStreetMap contributors (ODbL) https://www.openstreetmap.org/node/3939221462","sym":"Radio Beacon"},"geometry":{"type":"Point","coordinates":[-64.77677,46.08832]}},{"type":"Feature","properties":{"name":"Tokai Ramen","routes":["CN","CL"],"provs":["NB"],"desc":"Restaurant\nSource: \u00a9 OpenStreetMap contributors (ODbL) https://www.openstreetmap.org/node/3939231292","sym":"Radio Beacon"},"geometry":{"type":"Point","coordinates":[-64.7793,46.08829]}},{"type":"Feature","properties":{"name":"Pizza God","routes":["CN","CL"],"provs":["NB"],"desc":"Restaurant\nSource: \u00a9 OpenStreetMap contributors (ODbL) https://www.openstreetmap.org/node/3939246023","sym":"Radio Beacon"},"geometry":{"type":"Point","coordinates":[-64.77463,46.11242]}},{"type":"Feature","properties":{"name":"Gusto Italian Grill & Bar","routes":["CN","CL"],"provs":["NB"],"desc":"Restaurant\nSource: \u00a9 OpenStreetMap contributors (ODbL) https://www.openstreetmap.org/node/3939247888","sym":"Radio Beacon"},"geometry":{"type":"Point","coordinates":[-64.77849,46.08788]}},{"type":"Feature","properties":{"name":"Caf\u00e9 Olimpico","routes":["C1","C2","CN","CA","CL"],"provs":["QC"],"desc":"Caf\u00e9\nFree wifi\nSource: \u00a9 OpenStreetMap contributors (ODbL) https://www.openstreetmap.org/node/3944641580","sym":"Radio Beacon"},"geometry":{"type":"Point","coordinates":[-73.60026,45.52408]}},{"type":"Feature","properties":{"name":"Poke Okey","routes":["C2","CN","CA","CL"],"provs":["BC"],"desc":"Fast food\nSource: \u00a9 OpenStreetMap contributors (ODbL) https://www.openstreetmap.org/node/3944755563","sym":"Radio Beacon"},"geometry":{"type":"Point","coordinates":[-123.12498,49.28071]}},{"type":"Feature","properties":{"name":"Cafe Artigiano","routes":["C2","CN","CA","CL"],"provs":["BC"],"desc":"Caf\u00e9\nSource: \u00a9 OpenStreetMap contributors (ODbL) https://www.openstreetmap.org/node/3945297428","sym":"Radio Beacon"},"geometry":{"type":"Point","coordinates":[-123.12139,49.28312]}},{"type":"Feature","properties":{"name":"Monaco Cafe","routes":["C2","CN","CA","CL"],"provs":["BC"],"desc":"Caf\u00e9\nSource: \u00a9 OpenStreetMap contributors (ODbL) https://www.openstreetmap.org/node/3949417577","sym":"Radio Beacon"},"geometry":{"type":"Point","coordinates":[-123.11044,49.28452]}},{"type":"Feature","properties":{"name":"Casa Mia Caf\u00e9","routes":["C1","CA","CL"],"provs":["PE"],"desc":"Restaurant\nFree wifi\nSource: \u00a9 OpenStreetMap contributors (ODbL) https://www.openstreetmap.org/node/3964868708","sym":"Radio Beacon"},"geometry":{"type":"Point","coordinates":[-63.12779,46.234]}},{"type":"Feature","properties":{"name":"Receiver Coffee","routes":["C1","CA","CL"],"provs":["PE"],"desc":"Caf\u00e9\nSource: \u00a9 OpenStreetMap contributors (ODbL) https://www.openstreetmap.org/node/3964961857","sym":"Radio Beacon"},"geometry":{"type":"Point","coordinates":[-63.1266,46.23383]}},{"type":"Feature","properties":{"name":"Kettle Black","routes":["C1","CA","CL"],"provs":["PE"],"desc":"Caf\u00e9\nSource: \u00a9 OpenStreetMap contributors (ODbL) https://www.openstreetmap.org/node/3969063928","sym":"Radio Beacon"},"geometry":{"type":"Point","coordinates":[-63.12546,46.23221]}},{"type":"Feature","properties":{"name":"Slaymaker & Nichols","routes":["C1","CA","CL"],"provs":["PE"],"desc":"Restaurant\nSource: \u00a9 OpenStreetMap contributors (ODbL) https://www.openstreetmap.org/node/3969441406","sym":"Radio Beacon"},"geometry":{"type":"Point","coordinates":[-63.12987,46.23606]}},{"type":"Feature","properties":{"name":"Le Magasin General d'Hochlag","routes":["C1","C2","CN","CA","CL"],"provs":["QC"],"desc":"Convenience store\nWifi for customers\nSource: \u00a9 OpenStreetMap contributors (ODbL) https://www.openstreetmap.org/node/3969572074","sym":"Radio Beacon"},"geometry":{"type":"Point","coordinates":[-73.54605,45.54339]}},{"type":"Feature","properties":{"name":"FVRL: Mission Library","routes":["C1","C2","CN","CA","CL"],"provs":["BC"],"desc":"Library\nSource: \u00a9 OpenStreetMap contributors (ODbL) https://www.openstreetmap.org/node/3980933229","sym":"Radio Beacon"},"geometry":{"type":"Point","coordinates":[-122.30353,49.13552]}},{"type":"Feature","properties":{"name":"White Spot","routes":["C1","C2","CN","CA","CL"],"provs":["BC"],"desc":"Restaurant\nFree wifi\nSource: \u00a9 OpenStreetMap contributors (ODbL) https://www.openstreetmap.org/node/3983464763","sym":"Radio Beacon"},"geometry":{"type":"Point","coordinates":[-122.31865,49.12941]}},{"type":"Feature","properties":{"name":"A&W","routes":["C1","C3","CN","CA"],"provs":["ON"],"desc":"Fast food\nSource: \u00a9 OpenStreetMap contributors (ODbL) https://www.openstreetmap.org/node/3984740461","sym":"Radio Beacon"},"geometry":{"type":"Point","coordinates":[-75.60954,45.43183]}},{"type":"Feature","properties":{"name":"Wendy's","routes":["C1","C2","CN","CA","CL"],"provs":["BC"],"desc":"Fast food\nFree wifi\nSource: \u00a9 OpenStreetMap contributors (ODbL) https://www.openstreetmap.org/node/3991657557","sym":"Radio Beacon"},"geometry":{"type":"Point","coordinates":[-122.32048,49.12926]}},{"type":"Feature","properties":{"name":"Hinnawi Bros Bagel & Caf\u00e9","routes":["C1","C2","CN","CA","CL"],"provs":["QC"],"desc":"Caf\u00e9\nSource: \u00a9 OpenStreetMap contributors (ODbL) https://www.openstreetmap.org/node/3992688333","sym":"Radio Beacon"},"geometry":{"type":"Point","coordinates":[-73.57902,45.49663]}},{"type":"Feature","properties":{"name":"49th Parallel & Lucky's Doughnuts Cafe","routes":["C2","CN","CA","CL"],"provs":["BC"],"desc":"Caf\u00e9\nFree wifi\nSource: \u00a9 OpenStreetMap contributors (ODbL) https://www.openstreetmap.org/node/3994472479","sym":"Radio Beacon"},"geometry":{"type":"Point","coordinates":[-123.15482,49.26803]}},{"type":"Feature","properties":{"name":"KFC","routes":["C2","CN","CA","CL"],"provs":["BC"],"desc":"Fast food\nSource: \u00a9 OpenStreetMap contributors (ODbL) https://www.openstreetmap.org/node/4006321052","sym":"Radio Beacon"},"geometry":{"type":"Point","coordinates":[-123.13231,49.28123]}},{"type":"Feature","properties":{"name":"Toronto Public Library - Port Union","routes":["C2","CA","CL"],"provs":["ON"],"desc":"Library\nFree wifi\nSource: \u00a9 OpenStreetMap contributors (ODbL) https://www.openstreetmap.org/node/4012853990","sym":"Radio Beacon"},"geometry":{"type":"Point","coordinates":[-79.14039,43.77942]}},{"type":"Feature","properties":{"name":"Biblioth\u00e8que Benny","routes":["C1","C2","CN","CA","CL"],"provs":["QC"],"desc":"Library\nFree wifi\nSource: \u00a9 OpenStreetMap contributors (ODbL) https://www.openstreetmap.org/node/4022185267","sym":"Radio Beacon"},"geometry":{"type":"Point","coordinates":[-73.63096,45.46638]}},{"type":"Feature","properties":{"name":"Yo Adrian","routes":["C2"],"provs":["ON"],"desc":"Caf\u00e9\nWifi for customers\nSource: \u00a9 OpenStreetMap contributors (ODbL) https://www.openstreetmap.org/node/4035387931","sym":"Radio Beacon"},"geometry":{"type":"Point","coordinates":[-79.42334,43.64612]}},{"type":"Feature","properties":{"name":"La Salicorne","routes":["C1","C2","C3"],"provs":["QC"],"desc":"Caf\u00e9\nFree wifi\nSource: \u00a9 OpenStreetMap contributors (ODbL) https://www.openstreetmap.org/node/4039426231","sym":"Radio Beacon"},"geometry":{"type":"Point","coordinates":[-70.37308,47.12627]}},{"type":"Feature","properties":{"name":"Saint-Henri","routes":["C1","C2","C3","CA","CW"],"provs":["QC"],"desc":"Caf\u00e9\nSource: \u00a9 OpenStreetMap contributors (ODbL) https://www.openstreetmap.org/node/4042813867","sym":"Radio Beacon"},"geometry":{"type":"Point","coordinates":[-71.21814,46.8161]}},{"type":"Feature","properties":{"name":"Starbucks","routes":["C2"],"provs":["ON"],"desc":"Caf\u00e9\nSource: \u00a9 OpenStreetMap contributors (ODbL) https://www.openstreetmap.org/node/4047007530","sym":"Radio Beacon"},"geometry":{"type":"Point","coordinates":[-79.3809,43.64265]}},{"type":"Feature","properties":{"name":"Tim Hortons","routes":["C2","CN","CA","CL"],"provs":["ON"],"desc":"Caf\u00e9\nFree wifi\nSource: \u00a9 OpenStreetMap contributors (ODbL) https://www.openstreetmap.org/node/4055830330","sym":"Radio Beacon"},"geometry":{"type":"Point","coordinates":[-79.60478,43.77633]}},{"type":"Feature","properties":{"name":"Tim Hortons","routes":["C1","C2","CN","CA","CL"],"provs":["QC"],"desc":"Caf\u00e9\nPaid wifi\nSource: \u00a9 OpenStreetMap contributors (ODbL) https://www.openstreetmap.org/node/4059413911","sym":"Radio Beacon"},"geometry":{"type":"Point","coordinates":[-73.57824,45.4949]}},{"type":"Feature","properties":{"name":"Tim Hortons","routes":["C2"],"provs":["ON"],"desc":"Caf\u00e9\nFree wifi\nSource: \u00a9 OpenStreetMap contributors (ODbL) https://www.openstreetmap.org/node/4068383985","sym":"Radio Beacon"},"geometry":{"type":"Point","coordinates":[-79.32913,43.65956]}},{"type":"Feature","properties":{"name":"Starbucks","routes":["C1","C3","CA","CL"],"provs":["BC"],"desc":"Caf\u00e9\nSource: \u00a9 OpenStreetMap contributors (ODbL) https://www.openstreetmap.org/node/4069874853","sym":"Radio Beacon"},"geometry":{"type":"Point","coordinates":[-123.36725,48.42667]}},{"type":"Feature","properties":{"name":"Starbucks","routes":["C1","C3","CA","CL"],"provs":["BC"],"desc":"Caf\u00e9\nSource: \u00a9 OpenStreetMap contributors (ODbL) https://www.openstreetmap.org/node/4074241333","sym":"Radio Beacon"},"geometry":{"type":"Point","coordinates":[-123.38106,48.43254]}},{"type":"Feature","properties":{"name":"V\u00e9lo Espace Garneau Concept","routes":["C1","C2","C3"],"provs":["QC"],"desc":"Bike shop\nSource: \u00a9 OpenStreetMap contributors (ODbL) https://www.openstreetmap.org/node/4096479089","sym":"Radio Beacon"},"geometry":{"type":"Point","coordinates":[-71.44479,46.74876]}},{"type":"Feature","properties":{"name":"The Copper Bean Cafe","routes":["C1","C2","C3"],"provs":["ON"],"desc":"Caf\u00e9\nSource: \u00a9 OpenStreetMap contributors (ODbL) https://www.openstreetmap.org/node/4100106326","sym":"Radio Beacon"},"geometry":{"type":"Point","coordinates":[-83.79017,46.30044]}},{"type":"Feature","properties":{"name":"Tim Hortons","routes":["C2","CN","CA","CL"],"provs":["ON"],"desc":"Caf\u00e9\nFree wifi\nSource: \u00a9 OpenStreetMap contributors (ODbL) https://www.openstreetmap.org/node/4105673368","sym":"Radio Beacon"},"geometry":{"type":"Point","coordinates":[-79.65881,43.76582]}},{"type":"Feature","properties":{"name":"Le Subtil Ste-Foy","routes":["C1","C2","C3"],"provs":["QC"],"desc":"Restaurant\nSource: \u00a9 OpenStreetMap contributors (ODbL) https://www.openstreetmap.org/node/4106965789","sym":"Radio Beacon"},"geometry":{"type":"Point","coordinates":[-71.33154,46.76193]}},{"type":"Feature","properties":{"name":"Subway","routes":["C1","C2","C3","CA","CW"],"provs":["QC"],"desc":"Fast food\nFree wifi\nSource: \u00a9 OpenStreetMap contributors (ODbL) https://www.openstreetmap.org/node/4139455604","sym":"Radio Beacon"},"geometry":{"type":"Point","coordinates":[-71.20288,46.81644]}},{"type":"Feature","properties":{"name":"Dixie Lee","routes":["C3"],"provs":["QC"],"desc":"Fast food\nSource: \u00a9 OpenStreetMap contributors (ODbL) https://www.openstreetmap.org/node/4141237094","sym":"Radio Beacon"},"geometry":{"type":"Point","coordinates":[-65.13913,49.22381]}},{"type":"Feature","properties":{"name":"Calgary Public Library - Nicholls Family","routes":["C1","C3","CN"],"provs":["AB"],"desc":"Library\nSource: \u00a9 OpenStreetMap contributors (ODbL) https://www.openstreetmap.org/node/4143889975","sym":"Radio Beacon"},"geometry":{"type":"Point","coordinates":[-114.13607,51.04055]}},{"type":"Feature","properties":{"name":"A&W","routes":["C2","CN","CA","CL","CW"],"provs":["BC"],"desc":"Fast food\nFree wifi\nSource: \u00a9 OpenStreetMap contributors (ODbL) https://www.openstreetmap.org/node/4144772914","sym":"Radio Beacon"},"geometry":{"type":"Point","coordinates":[-123.11677,49.20939]}},{"type":"Feature","properties":{"name":"Tim Hortons","routes":["C2","CN","CA","CL","CW"],"provs":["BC"],"desc":"Caf\u00e9\nFree wifi\nSource: \u00a9 OpenStreetMap contributors (ODbL) https://www.openstreetmap.org/node/4144773938","sym":"Radio Beacon"},"geometry":{"type":"Point","coordinates":[-123.11658,49.20931]}},{"type":"Feature","properties":{"name":"VPL: Marpole Branch","routes":["C2","CN","CA","CL"],"provs":["BC"],"desc":"Library\nSource: \u00a9 OpenStreetMap contributors (ODbL) https://www.openstreetmap.org/node/4144835343","sym":"Radio Beacon"},"geometry":{"type":"Point","coordinates":[-123.14021,49.21032]}},{"type":"Feature","properties":{"name":"Tim Hortons","routes":["C1","C2","CN","CL"],"provs":["BC"],"desc":"Caf\u00e9\nSource: \u00a9 OpenStreetMap contributors (ODbL) https://www.openstreetmap.org/node/4153807218","sym":"Radio Beacon"},"geometry":{"type":"Point","coordinates":[-122.80061,49.19001]}},{"type":"Feature","properties":{"name":"Rhino Coffee House","routes":["C2","CA"],"provs":["BC"],"desc":"Caf\u00e9\nWifi for customers\nNetwork: Rhino Guest\nSource: \u00a9 OpenStreetMap contributors (ODbL) https://www.openstreetmap.org/node/4170976116","sym":"Radio Beacon"},"geometry":{"type":"Point","coordinates":[-125.90364,49.15265]}},{"type":"Feature","properties":{"name":"O Sushi","routes":["C2","CN","CA","CL"],"provs":["BC"],"desc":"Restaurant\nSource: \u00a9 OpenStreetMap contributors (ODbL) https://www.openstreetmap.org/node/4183926510","sym":"Radio Beacon"},"geometry":{"type":"Point","coordinates":[-123.11878,49.2819]}},{"type":"Feature","properties":{"name":"Caf\u00e9 D\u00e9p\u00f4t","routes":["C1","C2","CN","CA","CL"],"provs":["QC"],"desc":"Caf\u00e9\nSource: \u00a9 OpenStreetMap contributors (ODbL) https://www.openstreetmap.org/node/4189722913","sym":"Radio Beacon"},"geometry":{"type":"Point","coordinates":[-73.56662,45.50175]}},{"type":"Feature","properties":{"name":"Tim Hortons","routes":["C1","C2","C3"],"provs":["QC"],"desc":"Caf\u00e9\nFree wifi\nSource: \u00a9 OpenStreetMap contributors (ODbL) https://www.openstreetmap.org/node/4199461990","sym":"Radio Beacon"},"geometry":{"type":"Point","coordinates":[-70.56653,46.98099]}},{"type":"Feature","properties":{"name":"Tim Hortons","routes":["C1","C3","CN","CA"],"provs":["ON"],"desc":"Caf\u00e9\nSource: \u00a9 OpenStreetMap contributors (ODbL) https://www.openstreetmap.org/node/4210789303","sym":"Radio Beacon"},"geometry":{"type":"Point","coordinates":[-75.69486,45.42212]}},{"type":"Feature","properties":{"name":"Trio","routes":["CN","CL"],"provs":["ON"],"desc":"Restaurant\nFree wifi\nSource: \u00a9 OpenStreetMap contributors (ODbL) https://www.openstreetmap.org/node/4214523689","sym":"Radio Beacon"},"geometry":{"type":"Point","coordinates":[-79.53841,43.82149]}},{"type":"Feature","properties":{"name":"A&W","routes":["C2","CN","CA","CL"],"provs":["BC"],"desc":"Fast food\nSource: \u00a9 OpenStreetMap contributors (ODbL) https://www.openstreetmap.org/node/4232366490","sym":"Radio Beacon"},"geometry":{"type":"Point","coordinates":[-123.09805,49.27396]}},{"type":"Feature","properties":{"name":"Restaurant au Mille D\u00e9lices","routes":["C3"],"provs":["QC"],"desc":"Restaurant\nSource: \u00a9 OpenStreetMap contributors (ODbL) https://www.openstreetmap.org/node/4241679889","sym":"Radio Beacon"},"geometry":{"type":"Point","coordinates":[-64.21528,48.52103]}},{"type":"Feature","properties":{"name":"Starbucks","routes":["C2","CN","CA","CL","CW"],"provs":["BC"],"desc":"Caf\u00e9\nSource: \u00a9 OpenStreetMap contributors (ODbL) https://www.openstreetmap.org/node/4243882697","sym":"Radio Beacon"},"geometry":{"type":"Point","coordinates":[-123.1069,49.21051]}},{"type":"Feature","properties":{"name":"Shillelagh House","routes":["C3","CN"],"provs":["NS"],"desc":"Restaurant\nSource: \u00a9 OpenStreetMap contributors (ODbL) https://www.openstreetmap.org/node/4244460704","sym":"Radio Beacon"},"geometry":{"type":"Point","coordinates":[-63.32737,45.36565]}},{"type":"Feature","properties":{"name":"Edoko Japanese Steak House","routes":["C1","C3","CN","CA"],"provs":["ON"],"desc":"Restaurant\nSource: \u00a9 OpenStreetMap contributors (ODbL) https://www.openstreetmap.org/node/4247530395","sym":"Radio Beacon"},"geometry":{"type":"Point","coordinates":[-75.69586,45.42252]}},{"type":"Feature","properties":{"name":"Farm Boy","routes":["C1","C3","CN","CA"],"provs":["ON"],"desc":"Supermarket\nFree wifi\nSource: \u00a9 OpenStreetMap contributors (ODbL) https://www.openstreetmap.org/node/4260754002","sym":"Radio Beacon"},"geometry":{"type":"Point","coordinates":[-75.74993,45.3962]}},{"type":"Feature","properties":{"name":"Morning Owl","routes":["C1","C3","CN","CA"],"provs":["ON"],"desc":"Caf\u00e9\nSource: \u00a9 OpenStreetMap contributors (ODbL) https://www.openstreetmap.org/node/4260939189","sym":"Radio Beacon"},"geometry":{"type":"Point","coordinates":[-75.73025,45.40199]}},{"type":"Feature","properties":{"name":"Atlantic Superstore","routes":["CN"],"provs":["NS"],"desc":"Supermarket\nFree wifi\nSource: \u00a9 OpenStreetMap contributors (ODbL) https://www.openstreetmap.org/node/4264061259","sym":"Radio Beacon"},"geometry":{"type":"Point","coordinates":[-63.50852,44.98186]}},{"type":"Feature","properties":{"name":"Caf\u00e9 Sfouf","routes":["C1","C2","CN","CA","CL"],"provs":["QC"],"desc":"Caf\u00e9\nSource: \u00a9 OpenStreetMap contributors (ODbL) https://www.openstreetmap.org/node/4271032797","sym":"Radio Beacon"},"geometry":{"type":"Point","coordinates":[-73.56197,45.52155]}},{"type":"Feature","properties":{"name":"McDonald's","routes":["C1","C2","CN","CL"],"provs":["BC"],"desc":"Fast food\nSource: \u00a9 OpenStreetMap contributors (ODbL) https://www.openstreetmap.org/node/4276121108","sym":"Radio Beacon"},"geometry":{"type":"Point","coordinates":[-122.84619,49.11824]}},{"type":"Feature","properties":{"name":"Greco Pizza","routes":["C2","CN"],"provs":["NB"],"desc":"Fast food\nFree wifi\nSource: \u00a9 OpenStreetMap contributors (ODbL) https://www.openstreetmap.org/node/4278105689","sym":"Radio Beacon"},"geometry":{"type":"Point","coordinates":[-66.4987,45.84113]}},{"type":"Feature","properties":{"name":"Mus\u00e9e des plaines d'Abraham","routes":["C1","C2","C3","CA","CW"],"provs":["QC"],"desc":"Museum\nSource: \u00a9 OpenStreetMap contributors (ODbL) https://www.openstreetmap.org/node/4279287390","sym":"Radio Beacon"},"geometry":{"type":"Point","coordinates":[-71.21284,46.80703]}},{"type":"Feature","properties":{"name":"L'Omelette","routes":["C1","C2","C3","CA","CW"],"provs":["QC"],"desc":"Restaurant\nSource: \u00a9 OpenStreetMap contributors (ODbL) https://www.openstreetmap.org/node/4280764612","sym":"Radio Beacon"},"geometry":{"type":"Point","coordinates":[-71.20884,46.81096]}},{"type":"Feature","properties":{"name":"Bean Bag Coffee Roasters","routes":["C1","CN","CA"],"provs":["BC"],"desc":"Caf\u00e9\nSource: \u00a9 OpenStreetMap contributors (ODbL) https://www.openstreetmap.org/node/4281336493","sym":"Radio Beacon"},"geometry":{"type":"Point","coordinates":[-116.96754,51.30079]}},{"type":"Feature","properties":{"name":"Starbucks","routes":["C2","CN","CA","CL"],"provs":["BC"],"desc":"Caf\u00e9\nSource: \u00a9 OpenStreetMap contributors (ODbL) https://www.openstreetmap.org/node/4285278630","sym":"Radio Beacon"},"geometry":{"type":"Point","coordinates":[-123.13535,49.32568]}},{"type":"Feature","properties":{"name":"Communitea Cafe","routes":["C1","C3","CN","CA"],"provs":["AB"],"desc":"Caf\u00e9\nSource: \u00a9 OpenStreetMap contributors (ODbL) https://www.openstreetmap.org/node/4286780199","sym":"Radio Beacon"},"geometry":{"type":"Point","coordinates":[-115.35862,51.09036]}},{"type":"Feature","properties":{"name":"Nili","routes":["C1","C2","C3","CA","CW"],"provs":["QC"],"desc":"Caf\u00e9\nSource: \u00a9 OpenStreetMap contributors (ODbL) https://www.openstreetmap.org/node/4288621241","sym":"Radio Beacon"},"geometry":{"type":"Point","coordinates":[-71.20931,46.8107]}},{"type":"Feature","properties":{"name":"Second Cup","routes":["C1","C2","CN","CA","CL"],"provs":["QC"],"desc":"Caf\u00e9\nSource: \u00a9 OpenStreetMap contributors (ODbL) https://www.openstreetmap.org/node/4293457609","sym":"Radio Beacon"},"geometry":{"type":"Point","coordinates":[-73.57594,45.51557]}},{"type":"Feature","properties":{"name":"Pourquoi Pas Expresso Bar","routes":["C1","C2","CN","CA","CL"],"provs":["QC"],"desc":"Caf\u00e9\nSource: \u00a9 OpenStreetMap contributors (ODbL) https://www.openstreetmap.org/node/4294896890","sym":"Radio Beacon"},"geometry":{"type":"Point","coordinates":[-73.55778,45.51792]}},{"type":"Feature","properties":{"name":"Les Br\u00fbleries Saint-Roch","routes":["C1","C2","C3","CA","CW"],"provs":["QC"],"desc":"Caf\u00e9\nSource: \u00a9 OpenStreetMap contributors (ODbL) https://www.openstreetmap.org/node/4296900294","sym":"Radio Beacon"},"geometry":{"type":"Point","coordinates":[-71.22536,46.81387]}},{"type":"Feature","properties":{"name":"Tim Hortons","routes":["C1","C2","CN","CA","CL"],"provs":["QC"],"desc":"Caf\u00e9\nSource: \u00a9 OpenStreetMap contributors (ODbL) https://www.openstreetmap.org/node/4297304090","sym":"Radio Beacon"},"geometry":{"type":"Point","coordinates":[-73.58058,45.47966]}},{"type":"Feature","properties":{"name":"Caf\u00e9 La Bine","routes":["C1","C2","CN","CA","CL"],"provs":["QC"],"desc":"Caf\u00e9\nWifi for customers\nNetwork: Cafelabine\nSource: \u00a9 OpenStreetMap contributors (ODbL) https://www.openstreetmap.org/node/4309916789","sym":"Radio Beacon"},"geometry":{"type":"Point","coordinates":[-73.60344,45.53558]}},{"type":"Feature","properties":{"name":"Caf\u00e9-bar Danny","routes":["C1","C2","CN","CA","CL"],"provs":["QC"],"desc":"Bar\nSource: \u00a9 OpenStreetMap contributors (ODbL) https://www.openstreetmap.org/node/4311277292","sym":"Radio Beacon"},"geometry":{"type":"Point","coordinates":[-73.604,45.53491]}},{"type":"Feature","properties":{"name":"Yellow Dog Tavern","routes":["C1","C2","C3","CN"],"provs":["MB"],"desc":"Pub\nSource: \u00a9 OpenStreetMap contributors (ODbL) https://www.openstreetmap.org/node/4320465940","sym":"Radio Beacon"},"geometry":{"type":"Point","coordinates":[-97.1441,49.89623]}},{"type":"Feature","properties":{"name":"Starbucks","routes":["C1","CA"],"provs":["BC"],"desc":"Caf\u00e9\nSource: \u00a9 OpenStreetMap contributors (ODbL) https://www.openstreetmap.org/node/4329815290","sym":"Radio Beacon"},"geometry":{"type":"Point","coordinates":[-119.47617,49.88382]}},{"type":"Feature","properties":{"name":"McDonald's","routes":["C2","CN","CA","CL"],"provs":["BC"],"desc":"Fast food\nSource: \u00a9 OpenStreetMap contributors (ODbL) https://www.openstreetmap.org/node/4331530500","sym":"Radio Beacon"},"geometry":{"type":"Point","coordinates":[-123.13385,49.29062]}},{"type":"Feature","properties":{"name":"The Java Shack","routes":["C3","CA"],"provs":["BC"],"desc":"Caf\u00e9\nSource: \u00a9 OpenStreetMap contributors (ODbL) https://www.openstreetmap.org/node/4334327889","sym":"Radio Beacon"},"geometry":{"type":"Point","coordinates":[-125.2424,50.02679]}},{"type":"Feature","properties":{"name":"Mali Thai Food","routes":["C2","CN","CA","CL"],"provs":["BC"],"desc":"Restaurant\nSource: \u00a9 OpenStreetMap contributors (ODbL) https://www.openstreetmap.org/node/4338240589","sym":"Radio Beacon"},"geometry":{"type":"Point","coordinates":[-123.10076,49.26084]}},{"type":"Feature","properties":{"name":"Starbucks","routes":["C2","C3","CN","CA","CW"],"provs":["BC"],"desc":"Caf\u00e9\nFree wifi\nSource: \u00a9 OpenStreetMap contributors (ODbL) https://www.openstreetmap.org/node/4339301792","sym":"Radio Beacon"},"geometry":{"type":"Point","coordinates":[-124.05423,49.23812]}},{"type":"Feature","properties":{"name":"VIRL: Qualicum Beach Branch","routes":["C2","C3"],"provs":["BC"],"desc":"Library\nFree wifi\nSource: \u00a9 OpenStreetMap contributors (ODbL) https://www.openstreetmap.org/node/4339303191","sym":"Radio Beacon"},"geometry":{"type":"Point","coordinates":[-124.44412,49.34791]}},{"type":"Feature","properties":{"name":"Caf\u00e9 Pekoe","routes":["C1","C2","C3","CA","CW"],"provs":["QC"],"desc":"Caf\u00e9\nSource: \u00a9 OpenStreetMap contributors (ODbL) https://www.openstreetmap.org/node/4343256276","sym":"Radio Beacon"},"geometry":{"type":"Point","coordinates":[-71.22401,46.81428]}},{"type":"Feature","properties":{"name":"Bistro Va Bene","routes":["C1","C2","C3","CA","CW"],"provs":["QC"],"desc":"Restaurant\nSource: \u00a9 OpenStreetMap contributors (ODbL) https://www.openstreetmap.org/node/4349079213","sym":"Radio Beacon"},"geometry":{"type":"Point","coordinates":[-71.20324,46.81267]}},{"type":"Feature","properties":{"name":"Tim Hortons","routes":["C1","C3","CN","CA"],"provs":["ON"],"desc":"Caf\u00e9\nSource: \u00a9 OpenStreetMap contributors (ODbL) https://www.openstreetmap.org/node/4350026291","sym":"Radio Beacon"},"geometry":{"type":"Point","coordinates":[-75.6947,45.42056]}},{"type":"Feature","properties":{"name":"Tim Hortons","routes":["C1","C3","CN","CA"],"provs":["ON"],"desc":"Caf\u00e9\nSource: \u00a9 OpenStreetMap contributors (ODbL) https://www.openstreetmap.org/node/4350044648","sym":"Radio Beacon"},"geometry":{"type":"Point","coordinates":[-75.69804,45.42023]}},{"type":"Feature","properties":{"name":"Noctem Artisans Brasseurs","routes":["C1","C2","C3","CA","CW"],"provs":["QC"],"desc":"Pub\nSource: \u00a9 OpenStreetMap contributors (ODbL) https://www.openstreetmap.org/node/4350423291","sym":"Radio Beacon"},"geometry":{"type":"Point","coordinates":[-71.22343,46.81417]}},{"type":"Feature","properties":{"name":"Timothy's","routes":["C1","C3","CN","CA"],"provs":["ON"],"desc":"Caf\u00e9\nSource: \u00a9 OpenStreetMap contributors (ODbL) https://www.openstreetmap.org/node/4352985557","sym":"Radio Beacon"},"geometry":{"type":"Point","coordinates":[-75.70206,45.42042]}},{"type":"Feature","properties":{"name":"Caf\u00e9 Bar 50/50","routes":["C1","C2","CN","CA","CL"],"provs":["QC"],"desc":"Bar\nFree wifi\nSource: \u00a9 OpenStreetMap contributors (ODbL) https://www.openstreetmap.org/node/4353132416","sym":"Radio Beacon"},"geometry":{"type":"Point","coordinates":[-73.63575,45.54039]}},{"type":"Feature","properties":{"name":"Tim Hortons","routes":["C1","C3","CN","CA"],"provs":["ON"],"desc":"Caf\u00e9\nSource: \u00a9 OpenStreetMap contributors (ODbL) https://www.openstreetmap.org/node/4354739366","sym":"Radio Beacon"},"geometry":{"type":"Point","coordinates":[-75.70417,45.41894]}},{"type":"Feature","properties":{"name":"Tim Hortons","routes":["C1","CN","CA"],"provs":["QC"],"desc":"Caf\u00e9\nFree wifi\nSource: \u00a9 OpenStreetMap contributors (ODbL) https://www.openstreetmap.org/node/4354939902","sym":"Radio Beacon"},"geometry":{"type":"Point","coordinates":[-73.70017,45.53631]}},{"type":"Feature","properties":{"name":"Caf\u00e9 Saint-Henri","routes":["C1","C2","CN","CA","CL"],"provs":["QC"],"desc":"Caf\u00e9\nSource: \u00a9 OpenStreetMap contributors (ODbL) https://www.openstreetmap.org/node/4358905890","sym":"Radio Beacon"},"geometry":{"type":"Point","coordinates":[-73.61404,45.53592]}},{"type":"Feature","properties":{"name":"Chez Greenberg","routes":["C1","C2","CN","CA","CL"],"provs":["QC"],"desc":"Caf\u00e9\nFree wifi\nSource: \u00a9 OpenStreetMap contributors (ODbL) https://www.openstreetmap.org/node/4359410291","sym":"Radio Beacon"},"geometry":{"type":"Point","coordinates":[-73.59688,45.52027]}},{"type":"Feature","properties":{"name":"Caf\u00e9 Larue","routes":["C1","C2","CN","CA","CL"],"provs":["QC"],"desc":"Caf\u00e9\nSource: \u00a9 OpenStreetMap contributors (ODbL) https://www.openstreetmap.org/node/4359699450","sym":"Radio Beacon"},"geometry":{"type":"Point","coordinates":[-73.62924,45.54284]}},{"type":"Feature","properties":{"name":"Basha","routes":["C1","C2","CN","CA","CL"],"provs":["QC"],"desc":"Restaurant\nFree wifi\nSource: \u00a9 OpenStreetMap contributors (ODbL) https://www.openstreetmap.org/node/4360238092","sym":"Radio Beacon"},"geometry":{"type":"Point","coordinates":[-73.59778,45.5203]}},{"type":"Feature","properties":{"name":"Randolph Pub Ludique","routes":["C1","C2","CN","CA","CL"],"provs":["QC"],"desc":"Pub\nSource: \u00a9 OpenStreetMap contributors (ODbL) https://www.openstreetmap.org/node/4362196679","sym":"Radio Beacon"},"geometry":{"type":"Point","coordinates":[-73.56598,45.51637]}},{"type":"Feature","properties":{"name":"Speakeasy21","routes":["C2"],"provs":["ON"],"desc":"Bar\nSource: \u00a9 OpenStreetMap contributors (ODbL) https://www.openstreetmap.org/node/4362779892","sym":"Radio Beacon"},"geometry":{"type":"Point","coordinates":[-79.3798,43.64993]}},{"type":"Feature","properties":{"name":"NWPL: Queensborough Library","routes":["C2","CN","CL"],"provs":["BC"],"desc":"Library\nSource: \u00a9 OpenStreetMap contributors (ODbL) https://www.openstreetmap.org/node/4364301023","sym":"Radio Beacon"},"geometry":{"type":"Point","coordinates":[-122.94353,49.18607]}},{"type":"Feature","properties":{"name":"Le Moulin De Provence","routes":["C1","C3","CN","CA"],"provs":["ON"],"desc":"Caf\u00e9\nFree wifi\nSource: \u00a9 OpenStreetMap contributors (ODbL) https://www.openstreetmap.org/node/4365606189","sym":"Radio Beacon"},"geometry":{"type":"Point","coordinates":[-75.69711,45.42228]}},{"type":"Feature","properties":{"name":"Big Way Hot Pot","routes":["C2","CN","CL"],"provs":["BC"],"desc":"Restaurant\nSource: \u00a9 OpenStreetMap contributors (ODbL) https://www.openstreetmap.org/node/4366961395","sym":"Radio Beacon"},"geometry":{"type":"Point","coordinates":[-122.79978,49.27986]}},{"type":"Feature","properties":{"name":"Coquitlam Grill","routes":["C2","CN","CL"],"provs":["BC"],"desc":"Restaurant\nSource: \u00a9 OpenStreetMap contributors (ODbL) https://www.openstreetmap.org/node/4366976602","sym":"Radio Beacon"},"geometry":{"type":"Point","coordinates":[-122.81429,49.27852]}},{"type":"Feature","properties":{"name":"Poco Sushi","routes":["C1","C2","CN","CL"],"provs":["BC"],"desc":"Restaurant\nSource: \u00a9 OpenStreetMap contributors (ODbL) https://www.openstreetmap.org/node/4366976604","sym":"Radio Beacon"},"geometry":{"type":"Point","coordinates":[-122.74818,49.25652]}},{"type":"Feature","properties":{"name":"De Dutch","routes":["C2","CN","CL"],"provs":["BC"],"desc":"Restaurant\nSource: \u00a9 OpenStreetMap contributors (ODbL) https://www.openstreetmap.org/node/4369488430","sym":"Radio Beacon"},"geometry":{"type":"Point","coordinates":[-122.78907,49.27234]}},{"type":"Feature","properties":{"name":"Booster Juice","routes":["C1","C2","C3","CN"],"provs":["MB"],"desc":"Fast food\nSource: \u00a9 OpenStreetMap contributors (ODbL) https://www.openstreetmap.org/node/4369504206","sym":"Radio Beacon"},"geometry":{"type":"Point","coordinates":[-97.14657,49.86505]}},{"type":"Feature","properties":{"name":"Scan-Delicious","routes":["C2","CN","CA","CL"],"provs":["BC"],"desc":"Restaurant\nSource: \u00a9 OpenStreetMap contributors (ODbL) https://www.openstreetmap.org/node/4369607393","sym":"Radio Beacon"},"geometry":{"type":"Point","coordinates":[-123.06573,49.28448]}},{"type":"Feature","properties":{"name":"Home Restaurant","routes":["CN","CA"],"provs":["BC"],"desc":"Restaurant\nSource: \u00a9 OpenStreetMap contributors (ODbL) https://www.openstreetmap.org/node/4373019501","sym":"Radio Beacon"},"geometry":{"type":"Point","coordinates":[-119.25308,50.70765]}},{"type":"Feature","properties":{"name":"A&W","routes":["C3","CA"],"provs":["SK"],"desc":"Fast food\nSource: \u00a9 OpenStreetMap contributors (ODbL) https://www.openstreetmap.org/node/4374552097","sym":"Radio Beacon"},"geometry":{"type":"Point","coordinates":[-106.5993,52.11252]}},{"type":"Feature","properties":{"name":"Jumping Bean Coffee","routes":["C1","C3","CA"],"provs":["NL"],"desc":"Caf\u00e9\nSource: \u00a9 OpenStreetMap contributors (ODbL) https://www.openstreetmap.org/node/4375660789","sym":"Radio Beacon"},"geometry":{"type":"Point","coordinates":[-52.71255,47.56482]}},{"type":"Feature","properties":{"name":"Tim Hortons","routes":["C2"],"provs":["NS"],"desc":"Caf\u00e9\nSource: \u00a9 OpenStreetMap contributors (ODbL) https://www.openstreetmap.org/node/4384571991","sym":"Radio Beacon"},"geometry":{"type":"Point","coordinates":[-64.56499,45.06761]}},{"type":"Feature","properties":{"name":"Subway","routes":["C2","C3","CN","CA","CW"],"provs":["BC"],"desc":"Fast food\nSource: \u00a9 OpenStreetMap contributors (ODbL) https://www.openstreetmap.org/node/4387506780","sym":"Radio Beacon"},"geometry":{"type":"Point","coordinates":[-124.02758,49.21825]}},{"type":"Feature","properties":{"name":"Pourhouse","routes":["C2","CN","CA","CL"],"provs":["BC"],"desc":"Pub\nSource: \u00a9 OpenStreetMap contributors (ODbL) https://www.openstreetmap.org/node/4390232892","sym":"Radio Beacon"},"geometry":{"type":"Point","coordinates":[-123.10838,49.28413]}},{"type":"Feature","properties":{"name":"McDonald's","routes":["C2","C3","CN","CA","CW"],"provs":["BC"],"desc":"Fast food\nFree wifi\nSource: \u00a9 OpenStreetMap contributors (ODbL) https://www.openstreetmap.org/node/4393098652","sym":"Radio Beacon"},"geometry":{"type":"Point","coordinates":[-123.93382,49.15862]}},{"type":"Feature","properties":{"name":"Crew Collective & Caf\u00e9","routes":["C1","C2","CN","CA","CL"],"provs":["QC"],"desc":"Caf\u00e9\nSource: \u00a9 OpenStreetMap contributors (ODbL) https://www.openstreetmap.org/node/4396828390","sym":"Radio Beacon"},"geometry":{"type":"Point","coordinates":[-73.55909,45.50226]}},{"type":"Feature","properties":{"name":"Tim Hortons","routes":["C1","C2","CN","CA","CL"],"provs":["QC"],"desc":"Caf\u00e9\nSource: \u00a9 OpenStreetMap contributors (ODbL) https://www.openstreetmap.org/node/4402725300","sym":"Radio Beacon"},"geometry":{"type":"Point","coordinates":[-73.55908,45.4941]}},{"type":"Feature","properties":{"name":"Mirai Sushi","routes":["C2","CN","CA","CL"],"provs":["BC"],"desc":"Restaurant\nSource: \u00a9 OpenStreetMap contributors (ODbL) https://www.openstreetmap.org/node/4404884611","sym":"Radio Beacon"},"geometry":{"type":"Point","coordinates":[-123.10797,49.28131]}},{"type":"Feature","properties":{"name":"W.K. Kellogg Health Sciences Library","routes":["C2","CN","CA","CL"],"provs":["NS"],"desc":"Library\nSource: \u00a9 OpenStreetMap contributors (ODbL) https://www.openstreetmap.org/node/4411683989","sym":"Radio Beacon"},"geometry":{"type":"Point","coordinates":[-63.58395,44.63978]}},{"type":"Feature","properties":{"name":"Glitter Bean Cafe","routes":["C2","CN","CA","CL"],"provs":["NS"],"desc":"Caf\u00e9\nWifi for customers\nSource: \u00a9 OpenStreetMap contributors (ODbL) https://www.openstreetmap.org/node/4416774495","sym":"Radio Beacon"},"geometry":{"type":"Point","coordinates":[-63.58474,44.64079]}},{"type":"Feature","properties":{"name":"Pizzeria n\u00b0900","routes":["C1","C2","CN","CA","CL"],"provs":["QC"],"desc":"Restaurant\nSource: \u00a9 OpenStreetMap contributors (ODbL) https://www.openstreetmap.org/node/4422145391","sym":"Radio Beacon"},"geometry":{"type":"Point","coordinates":[-73.56369,45.54187]}},{"type":"Feature","properties":{"name":"Mami Clafoutis","routes":["C1","C2","CN","CA","CL"],"provs":["QC"],"desc":"Caf\u00e9\nSource: \u00a9 OpenStreetMap contributors (ODbL) https://www.openstreetmap.org/node/4422163789","sym":"Radio Beacon"},"geometry":{"type":"Point","coordinates":[-73.56357,45.54202]}},{"type":"Feature","properties":{"name":"\u00d4 petit Paris","routes":["C1","C2","CN","CA","CL"],"provs":["QC"],"desc":"Bakery\nSource: \u00a9 OpenStreetMap contributors (ODbL) https://www.openstreetmap.org/node/4422578200","sym":"Radio Beacon"},"geometry":{"type":"Point","coordinates":[-73.57538,45.53188]}},{"type":"Feature","properties":{"name":"Shabusen","routes":["C2","CN","CA","CL"],"provs":["BC"],"desc":"Restaurant\nSource: \u00a9 OpenStreetMap contributors (ODbL) https://www.openstreetmap.org/node/4433491389","sym":"Radio Beacon"},"geometry":{"type":"Point","coordinates":[-123.12235,49.28393]}},{"type":"Feature","properties":{"name":"Sushi Maro","routes":["C2","CN","CA","CL"],"provs":["BC"],"desc":"Restaurant\nSource: \u00a9 OpenStreetMap contributors (ODbL) https://www.openstreetmap.org/node/4435421597","sym":"Radio Beacon"},"geometry":{"type":"Point","coordinates":[-123.12192,49.27486]}},{"type":"Feature","properties":{"name":"A&W","routes":["C1","C2","CN","CL"],"provs":["BC"],"desc":"Fast food\nFree wifi\nSource: \u00a9 OpenStreetMap contributors (ODbL) https://www.openstreetmap.org/node/4438597591","sym":"Radio Beacon"},"geometry":{"type":"Point","coordinates":[-122.31145,49.0498]}},{"type":"Feature","properties":{"name":"Starbucks","routes":["C2"],"provs":["BC"],"desc":"Caf\u00e9\nSource: \u00a9 OpenStreetMap contributors (ODbL) https://www.openstreetmap.org/node/4441241792","sym":"Radio Beacon"},"geometry":{"type":"Point","coordinates":[-124.78583,49.26654]}},{"type":"Feature","properties":{"name":"A&W","routes":["C1","C2","CN","CL"],"provs":["BC"],"desc":"Fast food\nFree wifi\nSource: \u00a9 OpenStreetMap contributors (ODbL) https://www.openstreetmap.org/node/4441415199","sym":"Radio Beacon"},"geometry":{"type":"Point","coordinates":[-122.77846,49.19973]}},{"type":"Feature","properties":{"name":"Caff\u00e8 Artigiano","routes":["C2","CN","CA","CL","CW"],"provs":["BC"],"desc":"Caf\u00e9\nFree wifi\nSource: \u00a9 OpenStreetMap contributors (ODbL) https://www.openstreetmap.org/node/4447090064","sym":"Radio Beacon"},"geometry":{"type":"Point","coordinates":[-123.14079,49.19775]}},{"type":"Feature","properties":{"name":"A&W","routes":["C3","CA"],"provs":["AB"],"desc":"Fast food\nSource: \u00a9 OpenStreetMap contributors (ODbL) https://www.openstreetmap.org/node/4448636490","sym":"Radio Beacon"},"geometry":{"type":"Point","coordinates":[-110.47756,51.38781]}},{"type":"Feature","properties":{"name":"\u00c9pices de l'inde","routes":["C1","C2","C3","CA","CW"],"provs":["QC"],"desc":"Restaurant\nSource: \u00a9 OpenStreetMap contributors (ODbL) https://www.openstreetmap.org/node/4453519602","sym":"Radio Beacon"},"geometry":{"type":"Point","coordinates":[-71.22565,46.80327]}},{"type":"Feature","properties":{"name":"Starbucks","routes":["C1","C2","CN","CL"],"provs":["BC"],"desc":"Caf\u00e9\nFree wifi\nSource: \u00a9 OpenStreetMap contributors (ODbL) https://www.openstreetmap.org/node/4456003039","sym":"Radio Beacon"},"geometry":{"type":"Point","coordinates":[-122.80227,49.10485]}},{"type":"Feature","properties":{"name":"Tim Hortons","routes":["C1","C2","CN","CL"],"provs":["BC"],"desc":"Caf\u00e9\nSource: \u00a9 OpenStreetMap contributors (ODbL) https://www.openstreetmap.org/node/4458779389","sym":"Radio Beacon"},"geometry":{"type":"Point","coordinates":[-122.68997,49.17676]}},{"type":"Feature","properties":{"name":"Bell Buoy","routes":["C1"],"provs":["NS"],"desc":"Restaurant\nSource: \u00a9 OpenStreetMap contributors (ODbL) https://www.openstreetmap.org/node/4460907500","sym":"Radio Beacon"},"geometry":{"type":"Point","coordinates":[-60.74777,46.10091]}},{"type":"Feature","properties":{"name":"Pizza Hut","routes":["C1","CN"],"provs":["QC"],"desc":"Restaurant\nFree wifi\nSource: \u00a9 OpenStreetMap contributors (ODbL) https://www.openstreetmap.org/node/4465752556","sym":"Radio Beacon"},"geometry":{"type":"Point","coordinates":[-73.63384,45.58698]}},{"type":"Feature","properties":{"name":"Song Huong","routes":["C2","CN","CA","CL"],"provs":["BC"],"desc":"Restaurant\nWifi for customers\nSource: \u00a9 OpenStreetMap contributors (ODbL) https://www.openstreetmap.org/node/4468092496","sym":"Radio Beacon"},"geometry":{"type":"Point","coordinates":[-123.05689,49.27017]}},{"type":"Feature","properties":{"name":"Tha\u00ef Express","routes":["C1","C2","CN","CA","CL"],"provs":["QC"],"desc":"Fast food\nFree wifi\nSource: \u00a9 OpenStreetMap contributors (ODbL) https://www.openstreetmap.org/node/4479794670","sym":"Radio Beacon"},"geometry":{"type":"Point","coordinates":[-73.56875,45.51735]}},{"type":"Feature","properties":{"name":"Waves Coffee House","routes":["C2","CN","CL"],"provs":["BC"],"desc":"Caf\u00e9\nSource: \u00a9 OpenStreetMap contributors (ODbL) https://www.openstreetmap.org/node/4483058566","sym":"Radio Beacon"},"geometry":{"type":"Point","coordinates":[-122.8511,49.19872]}},{"type":"Feature","properties":{"name":"DR. Elizabeth Lefort Gallery & Museum: Les Trois Pignons","routes":["C3"],"provs":["NS"],"desc":"Museum\nSource: \u00a9 OpenStreetMap contributors (ODbL) https://www.openstreetmap.org/node/4483509012","sym":"Radio Beacon"},"geometry":{"type":"Point","coordinates":[-61.00117,46.64285]}},{"type":"Feature","properties":{"name":"Starbucks","routes":["C2"],"provs":["ON"],"desc":"Caf\u00e9\nSource: \u00a9 OpenStreetMap contributors (ODbL) https://www.openstreetmap.org/node/4489449704","sym":"Radio Beacon"},"geometry":{"type":"Point","coordinates":[-79.37867,43.65459]}},{"type":"Feature","properties":{"name":"Bar Jono","routes":["C1","C2","CN","CA","CL"],"provs":["QC"],"desc":"Bar\nFree wifi\nSource: \u00a9 OpenStreetMap contributors (ODbL) https://www.openstreetmap.org/node/4492764635","sym":"Radio Beacon"},"geometry":{"type":"Point","coordinates":[-73.57139,45.53649]}},{"type":"Feature","properties":{"name":"Starbucks","routes":["C1","C2","CN","CL"],"provs":["BC"],"desc":"Caf\u00e9\nSource: \u00a9 OpenStreetMap contributors (ODbL) https://www.openstreetmap.org/node/4514432389","sym":"Radio Beacon"},"geometry":{"type":"Point","coordinates":[-122.73799,49.25433]}},{"type":"Feature","properties":{"name":"Bluebird Cafe","routes":["C1","CN","CA"],"provs":["BC"],"desc":"Caf\u00e9\nSource: \u00a9 OpenStreetMap contributors (ODbL) https://www.openstreetmap.org/node/4517836389","sym":"Radio Beacon"},"geometry":{"type":"Point","coordinates":[-116.97573,51.30482]}},{"type":"Feature","properties":{"name":"Forget Me Not Cafe","routes":["C2"],"provs":["ON"],"desc":"Caf\u00e9\nSource: \u00a9 OpenStreetMap contributors (ODbL) https://www.openstreetmap.org/node/4524887401","sym":"Radio Beacon"},"geometry":{"type":"Point","coordinates":[-79.40081,43.64577]}},{"type":"Feature","properties":{"name":"Chop Steakhouse Bar","routes":["CN","CA","CL","CW"],"provs":["BC"],"desc":"Restaurant\nSource: \u00a9 OpenStreetMap contributors (ODbL) https://www.openstreetmap.org/node/4540109982","sym":"Radio Beacon"},"geometry":{"type":"Point","coordinates":[-123.11077,49.18744]}},{"type":"Feature","properties":{"name":"Starbucks","routes":["C2","CN","CA","CL"],"provs":["NS"],"desc":"Caf\u00e9\nSource: \u00a9 OpenStreetMap contributors (ODbL) https://www.openstreetmap.org/node/4550005602","sym":"Radio Beacon"},"geometry":{"type":"Point","coordinates":[-63.53856,44.67144]}},{"type":"Feature","properties":{"name":"Domaine Saint Supice","routes":["C1","C2","CN","CA","CL"],"provs":["QC"],"desc":"Community centre\nSource: \u00a9 OpenStreetMap contributors (ODbL) https://www.openstreetmap.org/node/4551777994","sym":"Radio Beacon"},"geometry":{"type":"Point","coordinates":[-73.63421,45.55728]}},{"type":"Feature","properties":{"name":"Ph\u1edf 99 Vietnamese Noodle House","routes":["C1","C2","CN","CL"],"provs":["BC"],"desc":"Restaurant\nFree wifi\nSource: \u00a9 OpenStreetMap contributors (ODbL) https://www.openstreetmap.org/node/4558950797","sym":"Radio Beacon"},"geometry":{"type":"Point","coordinates":[-122.68164,49.11551]}},{"type":"Feature","properties":{"name":"Yale Sushi","routes":["C1","C2","CA"],"provs":["BC"],"desc":"Restaurant\nSource: \u00a9 OpenStreetMap contributors (ODbL) https://www.openstreetmap.org/node/4565727190","sym":"Radio Beacon"},"geometry":{"type":"Point","coordinates":[-121.9595,49.16686]}},{"type":"Feature","properties":{"name":"Starbucks","routes":["C1","C2","CA"],"provs":["BC"],"desc":"Caf\u00e9\nSource: \u00a9 OpenStreetMap contributors (ODbL) https://www.openstreetmap.org/node/4565727489","sym":"Radio Beacon"},"geometry":{"type":"Point","coordinates":[-121.95858,49.16818]}},{"type":"Feature","properties":{"name":"The Bothy","routes":["C2"],"provs":["ON"],"desc":"Caf\u00e9\nWifi for customers\nSource: \u00a9 OpenStreetMap contributors (ODbL) https://www.openstreetmap.org/node/4568862718","sym":"Radio Beacon"},"geometry":{"type":"Point","coordinates":[-79.29744,43.68438]}},{"type":"Feature","properties":{"name":"Hungry Herbie\u2019s","routes":["CN","CA"],"provs":["BC"],"desc":"Restaurant\nSource: \u00a9 OpenStreetMap contributors (ODbL) https://www.openstreetmap.org/node/4578388403","sym":"Radio Beacon"},"geometry":{"type":"Point","coordinates":[-121.32479,50.81147]}},{"type":"Feature","properties":{"name":"Tim Hortons","routes":["C2","CN","CA","CL"],"provs":["BC"],"desc":"Caf\u00e9\nFree wifi\nSource: \u00a9 OpenStreetMap contributors (ODbL) https://www.openstreetmap.org/node/4586544563","sym":"Radio Beacon"},"geometry":{"type":"Point","coordinates":[-123.11382,49.32333]}},{"type":"Feature","properties":{"name":"Joey","routes":["C2","CN","CA","CL"],"provs":["BC"],"desc":"Restaurant\nSource: \u00a9 OpenStreetMap contributors (ODbL) https://www.openstreetmap.org/node/4603022889","sym":"Radio Beacon"},"geometry":{"type":"Point","coordinates":[-123.00674,49.26679]}},{"type":"Feature","properties":{"name":"Pita Pit","routes":["C1","C3","CN","CL"],"provs":["NS"],"desc":"Fast food\nSource: \u00a9 OpenStreetMap contributors (ODbL) https://www.openstreetmap.org/node/4608585424","sym":"Radio Beacon"},"geometry":{"type":"Point","coordinates":[-62.64104,45.57626]}},{"type":"Feature","properties":{"name":"Tim Hortons","routes":["C1","C3","CN"],"provs":["QC"],"desc":"Caf\u00e9\nPaid wifi\nSource: \u00a9 OpenStreetMap contributors (ODbL) https://www.openstreetmap.org/node/4626891653","sym":"Radio Beacon"},"geometry":{"type":"Point","coordinates":[-73.81231,45.57761]}},{"type":"Feature","properties":{"name":"Hear's My Soul Cafe","routes":["C1","C3"],"provs":["AB"],"desc":"Caf\u00e9\nSource: \u00a9 OpenStreetMap contributors (ODbL) https://www.openstreetmap.org/node/4627434489","sym":"Radio Beacon"},"geometry":{"type":"Point","coordinates":[-114.05095,51.04507]}},{"type":"Feature","properties":{"name":"Starbucks","routes":["C2","CN","CA","CL"],"provs":["BC"],"desc":"Caf\u00e9\nFree wifi\nSource: \u00a9 OpenStreetMap contributors (ODbL) https://www.openstreetmap.org/node/4631108809","sym":"Radio Beacon"},"geometry":{"type":"Point","coordinates":[-123.10293,49.26942]}},{"type":"Feature","properties":{"name":"The Federal Store","routes":["C2","CN","CA","CL"],"provs":["BC"],"desc":"Caf\u00e9\nSource: \u00a9 OpenStreetMap contributors (ODbL) https://www.openstreetmap.org/node/4632854698","sym":"Radio Beacon"},"geometry":{"type":"Point","coordinates":[-123.1032,49.26194]}},{"type":"Feature","properties":{"name":"Alo Viet Kitchen","routes":["C1","C3"],"provs":["AB"],"desc":"Restaurant\nSource: \u00a9 OpenStreetMap contributors (ODbL) https://www.openstreetmap.org/node/4636743589","sym":"Radio Beacon"},"geometry":{"type":"Point","coordinates":[-114.09168,51.0522]}},{"type":"Feature","properties":{"name":"Starbucks","routes":["C2","CN","CA","CL","CW"],"provs":["BC"],"desc":"Caf\u00e9\nFree wifi\nSource: \u00a9 OpenStreetMap contributors (ODbL) https://www.openstreetmap.org/node/4639384790","sym":"Radio Beacon"},"geometry":{"type":"Point","coordinates":[-123.11648,49.20951]}},{"type":"Feature","properties":{"name":"Guilford Recreation Centre","routes":["C1","C2","CN","CL"],"provs":["BC"],"desc":"Community centre\nSource: \u00a9 OpenStreetMap contributors (ODbL) https://www.openstreetmap.org/node/4643459690","sym":"Radio Beacon"},"geometry":{"type":"Point","coordinates":[-122.80229,49.1937]}},{"type":"Feature","properties":{"name":"Boothroyd Heritage Coffee","routes":["C1","C2","CN","CL"],"provs":["BC"],"desc":"Caf\u00e9\nSource: \u00a9 OpenStreetMap contributors (ODbL) https://www.openstreetmap.org/node/4643544590","sym":"Radio Beacon"},"geometry":{"type":"Point","coordinates":[-122.75636,49.1118]}},{"type":"Feature","properties":{"name":"Tim Hortons","routes":["C2","CN","CL"],"provs":["BC"],"desc":"Caf\u00e9\nSource: \u00a9 OpenStreetMap contributors (ODbL) https://www.openstreetmap.org/node/4655106390","sym":"Radio Beacon"},"geometry":{"type":"Point","coordinates":[-122.59944,49.08894]}},{"type":"Feature","properties":{"name":"Verde Juice Bar","routes":["C1","C2","C3","CN"],"provs":["MB"],"desc":"Caf\u00e9\nSource: \u00a9 OpenStreetMap contributors (ODbL) https://www.openstreetmap.org/node/4675817253","sym":"Radio Beacon"},"geometry":{"type":"Point","coordinates":[-97.17094,49.88178]}},{"type":"Feature","properties":{"name":"SL: Fleetwood Branch","routes":["C1","C2","CN","CL"],"provs":["BC"],"desc":"Library\nSource: \u00a9 OpenStreetMap contributors (ODbL) https://www.openstreetmap.org/node/4679444601","sym":"Radio Beacon"},"geometry":{"type":"Point","coordinates":[-122.77971,49.1552]}},{"type":"Feature","properties":{"name":"Tim Hortons","routes":["C1","C3","CA","CL"],"provs":["BC"],"desc":"Caf\u00e9\nSource: \u00a9 OpenStreetMap contributors (ODbL) https://www.openstreetmap.org/node/4681148890","sym":"Radio Beacon"},"geometry":{"type":"Point","coordinates":[-123.36199,48.42726]}},{"type":"Feature","properties":{"name":"Our Place Society","routes":["C1","C3","CA","CL"],"provs":["BC"],"desc":"Community centre\nSource: \u00a9 OpenStreetMap contributors (ODbL) https://www.openstreetmap.org/node/4681149289","sym":"Radio Beacon"},"geometry":{"type":"Point","coordinates":[-123.35771,48.42702]}},{"type":"Feature","properties":{"name":"FVRL: Muriel Arnason Library","routes":["C1","C2","CN","CL"],"provs":["BC"],"desc":"Library\nSource: \u00a9 OpenStreetMap contributors (ODbL) https://www.openstreetmap.org/node/4684782690","sym":"Radio Beacon"},"geometry":{"type":"Point","coordinates":[-122.65917,49.12042]}},{"type":"Feature","properties":{"name":"Tim Hortons","routes":["C1","C2","CN"],"provs":["BC"],"desc":"Caf\u00e9\nSource: \u00a9 OpenStreetMap contributors (ODbL) https://www.openstreetmap.org/node/4688324502","sym":"Radio Beacon"},"geometry":{"type":"Point","coordinates":[-122.66033,49.16238]}},{"type":"Feature","properties":{"name":"Tim Hortons","routes":["C1","C2","CN","CL"],"provs":["BC"],"desc":"Caf\u00e9\nSource: \u00a9 OpenStreetMap contributors (ODbL) https://www.openstreetmap.org/node/4688366775","sym":"Radio Beacon"},"geometry":{"type":"Point","coordinates":[-122.70488,49.12471]}},{"type":"Feature","properties":{"name":"Tim Hortons","routes":["C1","C3","CN","CA"],"provs":["ON","QC"],"desc":"Caf\u00e9\nFree wifi\nSource: \u00a9 OpenStreetMap contributors (ODbL) https://www.openstreetmap.org/node/4710641111","sym":"Radio Beacon"},"geometry":{"type":"Point","coordinates":[-75.6871,45.42771]}},{"type":"Feature","properties":{"name":"cafe-1175","routes":["C1","C2","CN","CA","CL"],"provs":["QC"],"desc":"Caf\u00e9\nPaid wifi\nSource: \u00a9 OpenStreetMap contributors (ODbL) https://www.openstreetmap.org/node/4711842578","sym":"Radio Beacon"},"geometry":{"type":"Point","coordinates":[-73.57377,45.49639]}},{"type":"Feature","properties":{"name":"Spaghetty Cafe Prairie","routes":["C1","C3","CN"],"provs":["AB"],"desc":"Restaurant\nSource: \u00a9 OpenStreetMap contributors (ODbL) https://www.openstreetmap.org/node/4718626192","sym":"Radio Beacon"},"geometry":{"type":"Point","coordinates":[-114.16296,51.07218]}},{"type":"Feature","properties":{"name":"Ohayo Caf\u00e9","routes":["C1","C2","CN","CA","CL"],"provs":["QC"],"desc":"Restaurant\nSource: \u00a9 OpenStreetMap contributors (ODbL) https://www.openstreetmap.org/node/4720540690","sym":"Radio Beacon"},"geometry":{"type":"Point","coordinates":[-73.58516,45.52163]}},{"type":"Feature","properties":{"name":"The SconeWitch","routes":["C1","C3","CN","CA"],"provs":["ON"],"desc":"Caf\u00e9\nWifi for customers\nSource: \u00a9 OpenStreetMap contributors (ODbL) https://www.openstreetmap.org/node/4721341691","sym":"Radio Beacon"},"geometry":{"type":"Point","coordinates":[-75.69377,45.42003]}},{"type":"Feature","properties":{"name":"Biblioth\u00e8que du Plateau-Mont-Royal","routes":["C1","C2","CN","CA","CL"],"provs":["QC"],"desc":"Library\nNetwork: MtlWifi\nSource: \u00a9 OpenStreetMap contributors (ODbL) https://www.openstreetmap.org/node/4723279250","sym":"Radio Beacon"},"geometry":{"type":"Point","coordinates":[-73.58246,45.52488]}},{"type":"Feature","properties":{"name":"Starbucks","routes":["C2","CN","CL"],"provs":["BC"],"desc":"Caf\u00e9\nSource: \u00a9 OpenStreetMap contributors (ODbL) https://www.openstreetmap.org/node/4731543422","sym":"Radio Beacon"},"geometry":{"type":"Point","coordinates":[-122.84013,49.22763]}},{"type":"Feature","properties":{"name":"Bridgehead","routes":["C1","C3","CN"],"provs":["ON"],"desc":"Caf\u00e9\nSource: \u00a9 OpenStreetMap contributors (ODbL) https://www.openstreetmap.org/node/4733084883","sym":"Radio Beacon"},"geometry":{"type":"Point","coordinates":[-75.78803,45.34818]}},{"type":"Feature","properties":{"name":"Subway","routes":["C1","C3","CN"],"provs":["ON"],"desc":"Fast food\nSource: \u00a9 OpenStreetMap contributors (ODbL) https://www.openstreetmap.org/node/4735313764","sym":"Radio Beacon"},"geometry":{"type":"Point","coordinates":[-75.78818,45.34819]}},{"type":"Feature","properties":{"name":"Tim Hortons","routes":["C1","C2","C3","CA"],"provs":["ON"],"desc":"Caf\u00e9\nFree wifi\nSource: \u00a9 OpenStreetMap contributors (ODbL) https://www.openstreetmap.org/node/4736550258","sym":"Radio Beacon"},"geometry":{"type":"Point","coordinates":[-84.31989,46.53801]}},{"type":"Feature","properties":{"name":"A&W","routes":["C2"],"provs":["BC"],"desc":"Fast food\nSource: \u00a9 OpenStreetMap contributors (ODbL) https://www.openstreetmap.org/node/4744064338","sym":"Radio Beacon"},"geometry":{"type":"Point","coordinates":[-124.78668,49.26651]}},{"type":"Feature","properties":{"name":"Centre culturel de Verch\u00e8res","routes":["C1","C2","C3"],"provs":["QC"],"desc":"Community centre\nSource: \u00a9 OpenStreetMap contributors (ODbL) https://www.openstreetmap.org/node/4745678014","sym":"Radio Beacon"},"geometry":{"type":"Point","coordinates":[-73.35126,45.77268]}},{"type":"Feature","properties":{"name":"Market @416","routes":["C2"],"provs":["ON"],"desc":"Caf\u00e9\nFree wifi\nSource: \u00a9 OpenStreetMap contributors (ODbL) https://www.openstreetmap.org/node/4753063329","sym":"Radio Beacon"},"geometry":{"type":"Point","coordinates":[-79.3948,43.6318]}},{"type":"Feature","properties":{"name":"Cactus Club Cafe","routes":["C1","C3"],"provs":["AB"],"desc":"Restaurant\nSource: \u00a9 OpenStreetMap contributors (ODbL) https://www.openstreetmap.org/node/4758985921","sym":"Radio Beacon"},"geometry":{"type":"Point","coordinates":[-114.07006,51.0459]}},{"type":"Feature","properties":{"name":"Milano","routes":["C1","C3","CA","CL"],"provs":["BC"],"desc":"Caf\u00e9\nFree wifi\nSource: \u00a9 OpenStreetMap contributors (ODbL) https://www.openstreetmap.org/node/4789078921","sym":"Radio Beacon"},"geometry":{"type":"Point","coordinates":[-123.36805,48.42342]}},{"type":"Feature","properties":{"name":"2% Jazz","routes":["C1","C3","CA","CL"],"provs":["BC"],"desc":"Caf\u00e9\nFree wifi\nSource: \u00a9 OpenStreetMap contributors (ODbL) https://www.openstreetmap.org/node/4797842518","sym":"Radio Beacon"},"geometry":{"type":"Point","coordinates":[-123.36542,48.43895]}},{"type":"Feature","properties":{"name":"Blenz Coffee","routes":["C1","C3","CA","CL"],"provs":["BC"],"desc":"Caf\u00e9\nSource: \u00a9 OpenStreetMap contributors (ODbL) https://www.openstreetmap.org/node/4799876624","sym":"Radio Beacon"},"geometry":{"type":"Point","coordinates":[-123.3653,48.42396]}},{"type":"Feature","properties":{"name":"Irving Big Stop Restaurant","routes":["C3","CN"],"provs":["NS"],"desc":"Restaurant\nFree wifi\nSource: \u00a9 OpenStreetMap contributors (ODbL) https://www.openstreetmap.org/node/4815336321","sym":"Radio Beacon"},"geometry":{"type":"Point","coordinates":[-63.31087,45.34964]}},{"type":"Feature","properties":{"name":"Welat Pizza 2 pour 1","routes":["C1","C2","C3","CA"],"provs":["QC"],"desc":"Restaurant\nSource: \u00a9 OpenStreetMap contributors (ODbL) https://www.openstreetmap.org/node/4819165721","sym":"Radio Beacon"},"geometry":{"type":"Point","coordinates":[-71.3114,46.76328]}},{"type":"Feature","properties":{"name":"Alicia's Flavours","routes":["C1","C2","CA","CL"],"provs":["BC"],"desc":"Restaurant\nFree wifi\nSource: \u00a9 OpenStreetMap contributors (ODbL) https://www.openstreetmap.org/node/4838764861","sym":"Radio Beacon"},"geometry":{"type":"Point","coordinates":[-121.96792,49.14101]}},{"type":"Feature","properties":{"name":"Louie Coffee","routes":["C2"],"provs":["ON"],"desc":"Caf\u00e9\nFree wifi\nSource: \u00a9 OpenStreetMap contributors (ODbL) https://www.openstreetmap.org/node/4846277121","sym":"Radio Beacon"},"geometry":{"type":"Point","coordinates":[-79.42555,43.6392]}},{"type":"Feature","properties":{"name":"Philosafy Coffee","routes":["C1","C3"],"provs":["AB"],"desc":"Caf\u00e9\nWifi for customers\nNetwork: PHILOSAFY FRIENDS\nSource: \u00a9 OpenStreetMap contributors (ODbL) https://www.openstreetmap.org/node/4853683823","sym":"Radio Beacon"},"geometry":{"type":"Point","coordinates":[-114.07623,51.03796]}},{"type":"Feature","properties":{"name":"Heartland Restaurant","routes":["C3"],"provs":["BC"],"desc":"Restaurant\nSource: \u00a9 OpenStreetMap contributors (ODbL) https://www.openstreetmap.org/node/4858750223","sym":"Radio Beacon"},"geometry":{"type":"Point","coordinates":[-120.1595,53.303]}},{"type":"Feature","properties":{"name":"Meltdown Montr\u00e9al","routes":["C1","C2","CN","CA","CL"],"provs":["QC"],"desc":"Bar\nSource: \u00a9 OpenStreetMap contributors (ODbL) https://www.openstreetmap.org/node/4867276336","sym":"Radio Beacon"},"geometry":{"type":"Point","coordinates":[-73.5659,45.51633]}},{"type":"Feature","properties":{"name":"Tim Hortons","routes":["C1","C2","CN","CA","CL"],"provs":["QC"],"desc":"Caf\u00e9\nSource: \u00a9 OpenStreetMap contributors (ODbL) https://www.openstreetmap.org/node/4869938919","sym":"Radio Beacon"},"geometry":{"type":"Point","coordinates":[-73.57318,45.50499]}},{"type":"Feature","properties":{"name":"Bridgehead","routes":["C1","C3","CN","CA"],"provs":["ON"],"desc":"Caf\u00e9\nWifi for customers\nSource: \u00a9 OpenStreetMap contributors (ODbL) https://www.openstreetmap.org/node/4876778421","sym":"Radio Beacon"},"geometry":{"type":"Point","coordinates":[-75.74972,45.39589]}},{"type":"Feature","properties":{"name":"Cravings Coffee","routes":["C1","C2","CN","CL"],"provs":["BC"],"desc":"Caf\u00e9\nSource: \u00a9 OpenStreetMap contributors (ODbL) https://www.openstreetmap.org/node/4884553337","sym":"Radio Beacon"},"geometry":{"type":"Point","coordinates":[-122.91276,49.15579]}},{"type":"Feature","properties":{"name":"Chez Hailar","routes":["C1","C2","CN","CA","CL"],"provs":["QC"],"desc":"Restaurant\nSource: \u00a9 OpenStreetMap contributors (ODbL) https://www.openstreetmap.org/node/4893560522","sym":"Radio Beacon"},"geometry":{"type":"Point","coordinates":[-73.58172,45.49624]}},{"type":"Feature","properties":{"name":"Tim Hortons","routes":["C1","C3","CN","CW"],"provs":["NS"],"desc":"Caf\u00e9\nSource: \u00a9 OpenStreetMap contributors (ODbL) https://www.openstreetmap.org/node/4897419021","sym":"Radio Beacon"},"geometry":{"type":"Point","coordinates":[-60.26252,46.21368]}},{"type":"Feature","properties":{"name":"Caf\u00e9 Saint-Henri","routes":["C1","C2","CN","CA","CL"],"provs":["QC"],"desc":"Caf\u00e9\nSource: \u00a9 OpenStreetMap contributors (ODbL) https://www.openstreetmap.org/node/4907799065","sym":"Radio Beacon"},"geometry":{"type":"Point","coordinates":[-73.56408,45.51432]}},{"type":"Feature","properties":{"name":"Poutine Lafleur","routes":["C1","C2","CN","CA","CL"],"provs":["QC"],"desc":"Fast food\nSource: \u00a9 OpenStreetMap contributors (ODbL) https://www.openstreetmap.org/node/4908111011","sym":"Radio Beacon"},"geometry":{"type":"Point","coordinates":[-73.56673,45.46727]}},{"type":"Feature","properties":{"name":"Pizza Pizza","routes":["C1","C2","CN","CA","CL"],"provs":["QC"],"desc":"Fast food\nSource: \u00a9 OpenStreetMap contributors (ODbL) https://www.openstreetmap.org/node/4908111134","sym":"Radio Beacon"},"geometry":{"type":"Point","coordinates":[-73.56714,45.46289]}},{"type":"Feature","properties":{"name":"Tractor","routes":["C2","CN","CA","CL"],"provs":["BC"],"desc":"Restaurant\nSource: \u00a9 OpenStreetMap contributors (ODbL) https://www.openstreetmap.org/node/4911354324","sym":"Radio Beacon"},"geometry":{"type":"Point","coordinates":[-123.1181,49.28044]}},{"type":"Feature","properties":{"name":"Caf\u00e9 Guido","routes":["C3","CW"],"provs":["BC"],"desc":"Caf\u00e9\nSource: \u00a9 OpenStreetMap contributors (ODbL) https://www.openstreetmap.org/node/4919982221","sym":"Radio Beacon"},"geometry":{"type":"Point","coordinates":[-127.49218,50.72168]}},{"type":"Feature","properties":{"name":"La D\u00eenette du Cap","routes":["C1","C2","C3","CA"],"provs":["QC"],"desc":"Restaurant\nSource: \u00a9 OpenStreetMap contributors (ODbL) https://www.openstreetmap.org/node/4920952458","sym":"Radio Beacon"},"geometry":{"type":"Point","coordinates":[-71.92853,46.648]}},{"type":"Feature","properties":{"name":"Gander Public Library","routes":["C3","CA"],"provs":["NL"],"desc":"Library\nFree wifi\nNetwork: Gander Public Library\nSource: \u00a9 OpenStreetMap contributors (ODbL) https://www.openstreetmap.org/node/4931240270","sym":"Radio Beacon"},"geometry":{"type":"Point","coordinates":[-54.60871,48.95862]}},{"type":"Feature","properties":{"name":"Mount Pearl Public Library","routes":["C1","C3"],"provs":["NL"],"desc":"Library\nSource: \u00a9 OpenStreetMap contributors (ODbL) https://www.openstreetmap.org/node/4931265227","sym":"Radio Beacon"},"geometry":{"type":"Point","coordinates":[-52.81797,47.50643]}},{"type":"Feature","properties":{"name":"Harmsworth Public Library","routes":["C3","CA"],"provs":["NL"],"desc":"Library\nFree wifi\nSource: \u00a9 OpenStreetMap contributors (ODbL) https://www.openstreetmap.org/node/4931296714","sym":"Radio Beacon"},"geometry":{"type":"Point","coordinates":[-55.66192,48.93793]}},{"type":"Feature","properties":{"name":"House of Dragon","routes":["C2"],"provs":["ON"],"desc":"Restaurant\nWifi for customers\nSource: \u00a9 OpenStreetMap contributors (ODbL) https://www.openstreetmap.org/node/4938688433","sym":"Radio Beacon"},"geometry":{"type":"Point","coordinates":[-76.14769,44.33874]}},{"type":"Feature","properties":{"name":"Analog Coffee","routes":["C1","C3"],"provs":["AB"],"desc":"Caf\u00e9\nSource: \u00a9 OpenStreetMap contributors (ODbL) https://www.openstreetmap.org/node/4946539837","sym":"Radio Beacon"},"geometry":{"type":"Point","coordinates":[-114.0792,51.03794]}},{"type":"Feature","properties":{"name":"TNRL: Cache Creek Library","routes":["CN","CA"],"provs":["BC"],"desc":"Library\nFree wifi\nSource: \u00a9 OpenStreetMap contributors (ODbL) https://www.openstreetmap.org/node/4951379407","sym":"Radio Beacon"},"geometry":{"type":"Point","coordinates":[-121.32494,50.80688]}},{"type":"Feature","properties":{"name":"Deer Garden Signatures","routes":["C2","CN","CA","CL"],"provs":["BC"],"desc":"Restaurant\nWifi for customers\nNetwork: 6043226116\nSource: \u00a9 OpenStreetMap contributors (ODbL) https://www.openstreetmap.org/node/4957763610","sym":"Radio Beacon"},"geometry":{"type":"Point","coordinates":[-123.09049,49.22769]}},{"type":"Feature","properties":{"name":"Bar+ Karaoke Lounge","routes":["C2"],"provs":["ON"],"desc":"Bar\nWifi for customers\nSource: \u00a9 OpenStreetMap contributors (ODbL) https://www.openstreetmap.org/node/4962969727","sym":"Radio Beacon"},"geometry":{"type":"Point","coordinates":[-79.38197,43.65829]}},{"type":"Feature","properties":{"name":"Starbucks","routes":["C2","CN","CA","CL"],"provs":["ON"],"desc":"Caf\u00e9\nSource: \u00a9 OpenStreetMap contributors (ODbL) https://www.openstreetmap.org/node/4966971100","sym":"Radio Beacon"},"geometry":{"type":"Point","coordinates":[-79.60746,43.72946]}},{"type":"Feature","properties":{"name":"Milano Coffee","routes":["C2","CN","CA","CL"],"provs":["BC"],"desc":"Caf\u00e9\nWifi for customers\nSource: \u00a9 OpenStreetMap contributors (ODbL) https://www.openstreetmap.org/node/4976343546","sym":"Radio Beacon"},"geometry":{"type":"Point","coordinates":[-123.13654,49.29094]}},{"type":"Feature","properties":{"name":"Zakkushi","routes":["C2","CN","CA","CL"],"provs":["BC"],"desc":"Restaurant\nWifi for customers\nSource: \u00a9 OpenStreetMap contributors (ODbL) https://www.openstreetmap.org/node/4976343548","sym":"Radio Beacon"},"geometry":{"type":"Point","coordinates":[-123.13619,49.29117]}},{"type":"Feature","properties":{"name":"Breka Bakery & Cafe","routes":["C2","CN","CA","CL"],"provs":["BC"],"desc":"Caf\u00e9\nSource: \u00a9 OpenStreetMap contributors (ODbL) https://www.openstreetmap.org/node/4976343549","sym":"Radio Beacon"},"geometry":{"type":"Point","coordinates":[-123.13594,49.29132]}},{"type":"Feature","properties":{"name":"Blenz Coffee","routes":["C2","CN","CA","CL"],"provs":["BC"],"desc":"Caf\u00e9\nWifi for customers\nSource: \u00a9 OpenStreetMap contributors (ODbL) https://www.openstreetmap.org/node/4976349579","sym":"Radio Beacon"},"geometry":{"type":"Point","coordinates":[-123.13757,49.29024]}},{"type":"Feature","properties":{"name":"Starbucks","routes":["C2"],"provs":["ON"],"desc":"Caf\u00e9\nSource: \u00a9 OpenStreetMap contributors (ODbL) https://www.openstreetmap.org/node/4980588123","sym":"Radio Beacon"},"geometry":{"type":"Point","coordinates":[-79.38175,43.64466]}},{"type":"Feature","properties":{"name":"Tim Hortons","routes":["CN"],"provs":["BC"],"desc":"Caf\u00e9\nFree wifi\nSource: \u00a9 OpenStreetMap contributors (ODbL) https://www.openstreetmap.org/node/4981545921","sym":"Radio Beacon"},"geometry":{"type":"Point","coordinates":[-120.04006,51.65074]}},{"type":"Feature","properties":{"name":"Starbucks","routes":["C1","C3"],"provs":["AB"],"desc":"Caf\u00e9\nSource: \u00a9 OpenStreetMap contributors (ODbL) https://www.openstreetmap.org/node/4987288822","sym":"Radio Beacon"},"geometry":{"type":"Point","coordinates":[-115.57116,51.17672]}},{"type":"Feature","properties":{"name":"Chez Bergeron","routes":["C3"],"provs":["QC"],"desc":"Restaurant\nSource: \u00a9 OpenStreetMap contributors (ODbL) https://www.openstreetmap.org/node/4988607823","sym":"Radio Beacon"},"geometry":{"type":"Point","coordinates":[-65.47909,48.05182]}},{"type":"Feature","properties":{"name":"VPL: n\u0259\u0301c\u0313a\u0294mat ct Strathcona Branch","routes":["C2","CN","CA","CL"],"provs":["BC"],"desc":"Library\nSource: \u00a9 OpenStreetMap contributors (ODbL) https://www.openstreetmap.org/node/4993915650","sym":"Radio Beacon"},"geometry":{"type":"Point","coordinates":[-123.08886,49.28098]}},{"type":"Feature","properties":{"name":"Sully & Porter","routes":["C2","CN","CA","CL"],"provs":["NS"],"desc":"Caf\u00e9\nSource: \u00a9 OpenStreetMap contributors (ODbL) https://www.openstreetmap.org/node/5003519268","sym":"Radio Beacon"},"geometry":{"type":"Point","coordinates":[-63.60828,44.65345]}},{"type":"Feature","properties":{"name":"Foamers' Folly Tap Room","routes":["C1","C2","CN","CL"],"provs":["BC"],"desc":"Pub\nFree wifi\nSource: \u00a9 OpenStreetMap contributors (ODbL) https://www.openstreetmap.org/node/5005618963","sym":"Radio Beacon"},"geometry":{"type":"Point","coordinates":[-122.68911,49.22483]}},{"type":"Feature","properties":{"name":"Keith's Diner","routes":["C1","C3"],"provs":["NL"],"desc":"Restaurant\nSource: \u00a9 OpenStreetMap contributors (ODbL) https://www.openstreetmap.org/node/5005731223","sym":"Radio Beacon"},"geometry":{"type":"Point","coordinates":[-52.77163,47.46053]}},{"type":"Feature","properties":{"name":"Visitor Information Centre","routes":["C1","CA","CL"],"provs":["PE"],"desc":"Visitor centre\nFree wifi\nSource: \u00a9 OpenStreetMap contributors (ODbL) https://www.openstreetmap.org/node/5012055150","sym":"Radio Beacon"},"geometry":{"type":"Point","coordinates":[-63.12091,46.23361]}},{"type":"Feature","properties":{"name":"Paquebot","routes":["C1","C2","CN","CA","CL"],"provs":["QC"],"desc":"Caf\u00e9\nWifi for customers\nSource: \u00a9 OpenStreetMap contributors (ODbL) https://www.openstreetmap.org/node/5014398012","sym":"Radio Beacon"},"geometry":{"type":"Point","coordinates":[-73.58791,45.51869]}},{"type":"Feature","properties":{"name":"LOV","routes":["C1","C2","CN","CA","CL"],"provs":["QC"],"desc":"Restaurant\nFree wifi\nSource: \u00a9 OpenStreetMap contributors (ODbL) https://www.openstreetmap.org/node/5016542021","sym":"Radio Beacon"},"geometry":{"type":"Point","coordinates":[-73.55902,45.50066]}},{"type":"Feature","properties":{"name":"Cream N Bean Coffeehouse","routes":["C1","CL"],"provs":["BC"],"desc":"Caf\u00e9\nSource: \u00a9 OpenStreetMap contributors (ODbL) https://www.openstreetmap.org/node/5016771922","sym":"Radio Beacon"},"geometry":{"type":"Point","coordinates":[-119.40522,50.02254]}},{"type":"Feature","properties":{"name":"Newfound Sushi","routes":["C3","CA"],"provs":["NL"],"desc":"Restaurant\nSource: \u00a9 OpenStreetMap contributors (ODbL) https://www.openstreetmap.org/node/5017142422","sym":"Radio Beacon"},"geometry":{"type":"Point","coordinates":[-57.95626,48.95322]}},{"type":"Feature","properties":{"name":"La graine br\u00fbl\u00e9e","routes":["C1","C2","CN","CA","CL"],"provs":["QC"],"desc":"Caf\u00e9\nFree wifi\nSource: \u00a9 OpenStreetMap contributors (ODbL) https://www.openstreetmap.org/node/5021313422","sym":"Radio Beacon"},"geometry":{"type":"Point","coordinates":[-73.55792,45.51673]}},{"type":"Feature","properties":{"name":"Le Bien, le Malt","routes":["C1","C3"],"provs":["QC"],"desc":"Pub\nSource: \u00a9 OpenStreetMap contributors (ODbL) https://www.openstreetmap.org/node/5029038322","sym":"Radio Beacon"},"geometry":{"type":"Point","coordinates":[-68.52343,48.45335]}},{"type":"Feature","properties":{"name":"QV Cafe","routes":["C1","C3","CA","CL"],"provs":["BC"],"desc":"Caf\u00e9\nSource: \u00a9 OpenStreetMap contributors (ODbL) https://www.openstreetmap.org/node/5033332823","sym":"Radio Beacon"},"geometry":{"type":"Point","coordinates":[-123.36671,48.4295]}},{"type":"Feature","properties":{"name":"Centex","routes":["C1","CN","CA"],"provs":["BC"],"desc":"Gas station\nSource: \u00a9 OpenStreetMap contributors (ODbL) https://www.openstreetmap.org/node/5035697656","sym":"Radio Beacon"},"geometry":{"type":"Point","coordinates":[-116.96821,51.30285]}},{"type":"Feature","properties":{"name":"Starbucks","routes":["C1","C2","CN","CA","CL"],"provs":["QC"],"desc":"Caf\u00e9\nSource: \u00a9 OpenStreetMap contributors (ODbL) https://www.openstreetmap.org/node/5041176022","sym":"Radio Beacon"},"geometry":{"type":"Point","coordinates":[-73.56572,45.50056]}},{"type":"Feature","properties":{"name":"Co-op","routes":["C3"],"provs":["NS"],"desc":"Supermarket\nSource: \u00a9 OpenStreetMap contributors (ODbL) https://www.openstreetmap.org/node/5041287416","sym":"Radio Beacon"},"geometry":{"type":"Point","coordinates":[-61.01855,46.62338]}},{"type":"Feature","properties":{"name":"Blenz Coffee","routes":["CN","CA","CL","CW"],"provs":["BC"],"desc":"Caf\u00e9\nWifi for customers\nSource: \u00a9 OpenStreetMap contributors (ODbL) https://www.openstreetmap.org/node/5044018636","sym":"Radio Beacon"},"geometry":{"type":"Point","coordinates":[-123.12447,49.15514]}},{"type":"Feature","properties":{"name":"Chatime","routes":["CN","CA","CL","CW"],"provs":["BC"],"desc":"Caf\u00e9\nFree wifi\nSource: \u00a9 OpenStreetMap contributors (ODbL) https://www.openstreetmap.org/node/5044018639","sym":"Radio Beacon"},"geometry":{"type":"Point","coordinates":[-123.12405,49.15414]}},{"type":"Feature","properties":{"name":"Bin 22 Coffee Co.","routes":["C3"],"provs":["MB"],"desc":"Caf\u00e9\nSource: \u00a9 OpenStreetMap contributors (ODbL) https://www.openstreetmap.org/node/5046383021","sym":"Radio Beacon"},"geometry":{"type":"Point","coordinates":[-101.28732,50.78139]}},{"type":"Feature","properties":{"name":"Starbucks","routes":["C2"],"provs":["ON"],"desc":"Caf\u00e9\nSource: \u00a9 OpenStreetMap contributors (ODbL) https://www.openstreetmap.org/node/5046637221","sym":"Radio Beacon"},"geometry":{"type":"Point","coordinates":[-79.36423,43.65135]}},{"type":"Feature","properties":{"name":"Visitor Center","routes":["C1","C2","C3"],"provs":["ON"],"desc":"Visitor centre\nFree wifi\nSource: \u00a9 OpenStreetMap contributors (ODbL) https://www.openstreetmap.org/node/5049838629","sym":"Radio Beacon"},"geometry":{"type":"Point","coordinates":[-85.27578,48.59209]}},{"type":"Feature","properties":{"name":"all\u00f4!moncoco","routes":["C1","C2","CN","CA","CL"],"provs":["QC"],"desc":"Restaurant\nSource: \u00a9 OpenStreetMap contributors (ODbL) https://www.openstreetmap.org/node/5052460482","sym":"Radio Beacon"},"geometry":{"type":"Point","coordinates":[-73.5629,45.51066]}},{"type":"Feature","properties":{"name":"Biercraft","routes":["C2","CN","CL"],"provs":["BC"],"desc":"Restaurant\nSource: \u00a9 OpenStreetMap contributors (ODbL) https://www.openstreetmap.org/node/5054274421","sym":"Radio Beacon"},"geometry":{"type":"Point","coordinates":[-122.91233,49.27801]}},{"type":"Feature","properties":{"name":"Caf\u00e9 La Maison Smith Des Jardins","routes":["C1","C2","C3","CA","CW"],"provs":["QC"],"desc":"Caf\u00e9\nSource: \u00a9 OpenStreetMap contributors (ODbL) https://www.openstreetmap.org/node/5060622632","sym":"Radio Beacon"},"geometry":{"type":"Point","coordinates":[-71.2073,46.81341]}},{"type":"Feature","properties":{"name":"Tim Hortons","routes":["C2","CN","CA","CL"],"provs":["BC"],"desc":"Caf\u00e9\nSource: \u00a9 OpenStreetMap contributors (ODbL) https://www.openstreetmap.org/node/5063225392","sym":"Radio Beacon"},"geometry":{"type":"Point","coordinates":[-123.04464,49.25937]}},{"type":"Feature","properties":{"name":"Vancouver Island Connector","routes":["C3"],"provs":["BC"],"desc":"Bus station\nSource: \u00a9 OpenStreetMap contributors (ODbL) https://www.openstreetmap.org/node/5072741183","sym":"Radio Beacon"},"geometry":{"type":"Point","coordinates":[-123.82267,48.99674]}},{"type":"Feature","properties":{"name":"The barn","routes":["C3","CA"],"provs":["AB"],"desc":"Restaurant\nSource: \u00a9 OpenStreetMap contributors (ODbL) https://www.openstreetmap.org/node/5077632622","sym":"Radio Beacon"},"geometry":{"type":"Point","coordinates":[-110.4727,51.38853]}},{"type":"Feature","properties":{"name":"Rosso Coffee Roasters","routes":["C1","C3"],"provs":["AB"],"desc":"Caf\u00e9\nSource: \u00a9 OpenStreetMap contributors (ODbL) https://www.openstreetmap.org/node/5077957521","sym":"Radio Beacon"},"geometry":{"type":"Point","coordinates":[-114.0634,51.03762]}},{"type":"Feature","properties":{"name":"McDonald's","routes":["C1","C3","CN","CA"],"provs":["QC"],"desc":"Fast food\nSource: \u00a9 OpenStreetMap contributors (ODbL) https://www.openstreetmap.org/node/5087047594","sym":"Radio Beacon"},"geometry":{"type":"Point","coordinates":[-75.72021,45.46535]}},{"type":"Feature","properties":{"name":"Lion Hot Pot","routes":["C2","CN","CA","CL"],"provs":["BC"],"desc":"Restaurant\nSource: \u00a9 OpenStreetMap contributors (ODbL) https://www.openstreetmap.org/node/5090908721","sym":"Radio Beacon"},"geometry":{"type":"Point","coordinates":[-123.11217,49.32403]}},{"type":"Feature","properties":{"name":"Moustache Caf\u00e9","routes":["C1","C2","CN","CA","CL"],"provs":["QC"],"desc":"Caf\u00e9\nSource: \u00a9 OpenStreetMap contributors (ODbL) https://www.openstreetmap.org/node/5103569121","sym":"Radio Beacon"},"geometry":{"type":"Point","coordinates":[-73.60817,45.53075]}},{"type":"Feature","properties":{"name":"Brasserie des Patriotes","routes":["C1","C2","CN","CA","CL"],"provs":["QC"],"desc":"Bar\nSource: \u00a9 OpenStreetMap contributors (ODbL) https://www.openstreetmap.org/node/5111366528","sym":"Radio Beacon"},"geometry":{"type":"Point","coordinates":[-73.54634,45.54293]}},{"type":"Feature","properties":{"name":"Caf\u00e9 des Aliz\u00e9s","routes":["C1","C2","CN","CA","CL"],"provs":["QC"],"desc":"Caf\u00e9\nSource: \u00a9 OpenStreetMap contributors (ODbL) https://www.openstreetmap.org/node/5111407367","sym":"Radio Beacon"},"geometry":{"type":"Point","coordinates":[-73.54355,45.54691]}},{"type":"Feature","properties":{"name":"Tim Hortons","routes":["C1","C2","CN","CA","CL"],"provs":["QC"],"desc":"Caf\u00e9\nFree wifi\nSource: \u00a9 OpenStreetMap contributors (ODbL) https://www.openstreetmap.org/node/5111703843","sym":"Radio Beacon"},"geometry":{"type":"Point","coordinates":[-73.54439,45.54551]}},{"type":"Feature","properties":{"name":"Crossroads Pub & Restaurant","routes":["C3","CA"],"provs":["BC"],"desc":"Restaurant\nSource: \u00a9 OpenStreetMap contributors (ODbL) https://www.openstreetmap.org/node/5118572021","sym":"Radio Beacon"},"geometry":{"type":"Point","coordinates":[-125.91931,50.31348]}},{"type":"Feature","properties":{"name":"Boomerangs Cafe","routes":["C2","CA"],"provs":["BC"],"desc":"Restaurant\nSource: \u00a9 OpenStreetMap contributors (ODbL) https://www.openstreetmap.org/node/5118699426","sym":"Radio Beacon"},"geometry":{"type":"Point","coordinates":[-124.81031,49.25892]}},{"type":"Feature","properties":{"name":"Rave Coffee","routes":["C1","C3","CN","CA"],"provs":["AB"],"desc":"Caf\u00e9\nSource: \u00a9 OpenStreetMap contributors (ODbL) https://www.openstreetmap.org/node/5122306427","sym":"Radio Beacon"},"geometry":{"type":"Point","coordinates":[-115.34868,51.08847]}},{"type":"Feature","properties":{"name":"Kim Express","routes":["C2","CN","CA","CL"],"provs":["BC"],"desc":"Restaurant\nSource: \u00a9 OpenStreetMap contributors (ODbL) https://www.openstreetmap.org/node/5127543623","sym":"Radio Beacon"},"geometry":{"type":"Point","coordinates":[-123.12548,49.24852]}},{"type":"Feature","properties":{"name":"The Red Wagon Cafe","routes":["C2","CN","CA","CL"],"provs":["BC"],"desc":"Restaurant\nSource: \u00a9 OpenStreetMap contributors (ODbL) https://www.openstreetmap.org/node/5134249621","sym":"Radio Beacon"},"geometry":{"type":"Point","coordinates":[-123.06112,49.28099]}},{"type":"Feature","properties":{"name":"Rosso Coffee Roasters","routes":["C1","C3"],"provs":["AB"],"desc":"Caf\u00e9\nSource: \u00a9 OpenStreetMap contributors (ODbL) https://www.openstreetmap.org/node/5134249622","sym":"Radio Beacon"},"geometry":{"type":"Point","coordinates":[-114.05419,51.04197]}},{"type":"Feature","properties":{"name":"I Deal Coffee","routes":["C2"],"provs":["ON"],"desc":"Caf\u00e9\nSource: \u00a9 OpenStreetMap contributors (ODbL) https://www.openstreetmap.org/node/5137524475","sym":"Radio Beacon"},"geometry":{"type":"Point","coordinates":[-79.44332,43.64634]}},{"type":"Feature","properties":{"name":"Bistro T\u00f4t ou Tard","routes":["C1","C2","CN","CA","CL"],"provs":["QC"],"desc":"Restaurant\nSource: \u00a9 OpenStreetMap contributors (ODbL) https://www.openstreetmap.org/node/5137682532","sym":"Radio Beacon"},"geometry":{"type":"Point","coordinates":[-73.5666,45.52166]}},{"type":"Feature","properties":{"name":"L'Avenue","routes":["C1","C2","CN","CA","CL"],"provs":["QC"],"desc":"Restaurant\nSource: \u00a9 OpenStreetMap contributors (ODbL) https://www.openstreetmap.org/node/5137686824","sym":"Radio Beacon"},"geometry":{"type":"Point","coordinates":[-73.58026,45.52668]}},{"type":"Feature","properties":{"name":"Pita Pit","routes":["C3","CN","CL"],"provs":["NB"],"desc":"Fast food\nSource: \u00a9 OpenStreetMap contributors (ODbL) https://www.openstreetmap.org/node/5139699147","sym":"Radio Beacon"},"geometry":{"type":"Point","coordinates":[-64.70705,46.10448]}},{"type":"Feature","properties":{"name":"The Dandelion Cafe","routes":["CN","CL"],"provs":["NB"],"desc":"Caf\u00e9\nSource: \u00a9 OpenStreetMap contributors (ODbL) https://www.openstreetmap.org/node/5141834721","sym":"Radio Beacon"},"geometry":{"type":"Point","coordinates":[-64.78387,46.08684]}},{"type":"Feature","properties":{"name":"Tim Hortons","routes":["C1","C3","CN","CW"],"provs":["QC"],"desc":"Caf\u00e9\nSource: \u00a9 OpenStreetMap contributors (ODbL) https://www.openstreetmap.org/node/5151972864","sym":"Radio Beacon"},"geometry":{"type":"Point","coordinates":[-74.22651,45.46113]}},{"type":"Feature","properties":{"name":"Public Library","routes":["C1","CA"],"provs":["SK"],"desc":"Library\nSource: \u00a9 OpenStreetMap contributors (ODbL) https://www.openstreetmap.org/node/5154519825","sym":"Radio Beacon"},"geometry":{"type":"Point","coordinates":[-101.66657,50.14406]}},{"type":"Feature","properties":{"name":"Tim Hortons","routes":["CN","CA"],"provs":["BC"],"desc":"Caf\u00e9\nSource: \u00a9 OpenStreetMap contributors (ODbL) https://www.openstreetmap.org/node/5158244552","sym":"Radio Beacon"},"geometry":{"type":"Point","coordinates":[-120.2979,50.68111]}},{"type":"Feature","properties":{"name":"Paris Grill","routes":["C1","C2","C3","CA","CW"],"provs":["QC"],"desc":"Restaurant\nSource: \u00a9 OpenStreetMap contributors (ODbL) https://www.openstreetmap.org/node/5158263721","sym":"Radio Beacon"},"geometry":{"type":"Point","coordinates":[-71.28797,46.7679]}},{"type":"Feature","properties":{"name":"Bridgehead","routes":["C1","C3","CN","CA"],"provs":["ON"],"desc":"Caf\u00e9\nSource: \u00a9 OpenStreetMap contributors (ODbL) https://www.openstreetmap.org/node/5159729978","sym":"Radio Beacon"},"geometry":{"type":"Point","coordinates":[-75.69948,45.38225]}},{"type":"Feature","properties":{"name":"VIRL: Port Hardy Branch","routes":["C3","CW"],"provs":["BC"],"desc":"Library\nFree wifi\nSource: \u00a9 OpenStreetMap contributors (ODbL) https://www.openstreetmap.org/node/5183024844","sym":"Radio Beacon"},"geometry":{"type":"Point","coordinates":[-127.49251,50.72102]}},{"type":"Feature","properties":{"name":"Shot in the Dark Cafe","routes":["C3","CA"],"provs":["BC"],"desc":"Caf\u00e9\nWifi for customers\nSource: \u00a9 OpenStreetMap contributors (ODbL) https://www.openstreetmap.org/node/5187499868","sym":"Radio Beacon"},"geometry":{"type":"Point","coordinates":[-126.59486,50.21343]}},{"type":"Feature","properties":{"name":"Tim Hortons","routes":["C1","C3","CN","CA"],"provs":["ON"],"desc":"Caf\u00e9\nSource: \u00a9 OpenStreetMap contributors (ODbL) https://www.openstreetmap.org/node/5204841596","sym":"Radio Beacon"},"geometry":{"type":"Point","coordinates":[-75.68386,45.42266]}},{"type":"Feature","properties":{"name":"Tim Hortons","routes":["C1","C3","CA","CL"],"provs":["BC"],"desc":"Caf\u00e9\nSource: \u00a9 OpenStreetMap contributors (ODbL) https://www.openstreetmap.org/node/5212601873","sym":"Radio Beacon"},"geometry":{"type":"Point","coordinates":[-123.36414,48.4382]}},{"type":"Feature","properties":{"name":"Mariner Tasting Room","routes":["C2","CN","CL"],"provs":["BC"],"desc":"Bar\nSource: \u00a9 OpenStreetMap contributors (ODbL) https://www.openstreetmap.org/node/5213326222","sym":"Radio Beacon"},"geometry":{"type":"Point","coordinates":[-122.80974,49.27742]}},{"type":"Feature","properties":{"name":"VIRL: Union Bay Branch","routes":["C3"],"provs":["BC"],"desc":"Library\nFree wifi\nSource: \u00a9 OpenStreetMap contributors (ODbL) https://www.openstreetmap.org/node/5213505184","sym":"Radio Beacon"},"geometry":{"type":"Point","coordinates":[-124.88627,49.58355]}},{"type":"Feature","properties":{"name":"Oolong Tea House","routes":["C1","C3"],"provs":["AB"],"desc":"Caf\u00e9\nFree wifi\nSource: \u00a9 OpenStreetMap contributors (ODbL) https://www.openstreetmap.org/node/5217052131","sym":"Radio Beacon"},"geometry":{"type":"Point","coordinates":[-114.08573,51.05249]}},{"type":"Feature","properties":{"name":"Browns Socialhouse McCallum, Abbotsford","routes":["C2","CN","CL"],"provs":["BC"],"desc":"Restaurant\nFree wifi\nSource: \u00a9 OpenStreetMap contributors (ODbL) https://www.openstreetmap.org/node/5220710733","sym":"Radio Beacon"},"geometry":{"type":"Point","coordinates":[-122.29216,49.03573]}},{"type":"Feature","properties":{"name":"Starbucks","routes":["C1","C3","CN"],"provs":["AB"],"desc":"Caf\u00e9\nSource: \u00a9 OpenStreetMap contributors (ODbL) https://www.openstreetmap.org/node/5231665547","sym":"Radio Beacon"},"geometry":{"type":"Point","coordinates":[-114.13751,51.07481]}},{"type":"Feature","properties":{"name":"Starbucks","routes":["C1","C3","CN"],"provs":["AB"],"desc":"Caf\u00e9\nSource: \u00a9 OpenStreetMap contributors (ODbL) https://www.openstreetmap.org/node/5235163385","sym":"Radio Beacon"},"geometry":{"type":"Point","coordinates":[-114.10273,51.06583]}},{"type":"Feature","properties":{"name":"L\u00e9ch\u00e9 Desserts","routes":["C1","C2","CN","CA","CL"],"provs":["QC"],"desc":"Caf\u00e9\nSource: \u00a9 OpenStreetMap contributors (ODbL) https://www.openstreetmap.org/node/5235458084","sym":"Radio Beacon"},"geometry":{"type":"Point","coordinates":[-73.59219,45.47419]}},{"type":"Feature","properties":{"name":"Bagel Maguire Caf\u00e9","routes":["C1","C2","C3","CA","CW"],"provs":["QC"],"desc":"Restaurant\nSource: \u00a9 OpenStreetMap contributors (ODbL) https://www.openstreetmap.org/node/5242350821","sym":"Radio Beacon"},"geometry":{"type":"Point","coordinates":[-71.2505,46.78039]}},{"type":"Feature","properties":{"name":"L'\u00e9picurien","routes":["C1","C2","C3","CA","CW"],"provs":["QC"],"desc":"Bakery\nSource: \u00a9 OpenStreetMap contributors (ODbL) https://www.openstreetmap.org/node/5242351754","sym":"Radio Beacon"},"geometry":{"type":"Point","coordinates":[-71.25205,46.78165]}},{"type":"Feature","properties":{"name":"Peaked Pies","routes":["C2","CN","CA","CL"],"provs":["BC"],"desc":"Fast food\nWifi for customers\nSource: \u00a9 OpenStreetMap contributors (ODbL) https://www.openstreetmap.org/node/5248009223","sym":"Radio Beacon"},"geometry":{"type":"Point","coordinates":[-123.13838,49.28972]}},{"type":"Feature","properties":{"name":"Caf\u00e9 Castelo","routes":["C1","C2","C3","CA","CW"],"provs":["QC"],"desc":"Caf\u00e9\nSource: \u00a9 OpenStreetMap contributors (ODbL) https://www.openstreetmap.org/node/5248225822","sym":"Radio Beacon"},"geometry":{"type":"Point","coordinates":[-71.25192,46.78149]}},{"type":"Feature","properties":{"name":"L'Envers Resto Ambiance","routes":["C1","C2","C3"],"provs":["QC"],"desc":"Restaurant\nSource: \u00a9 OpenStreetMap contributors (ODbL) https://www.openstreetmap.org/node/5255276821","sym":"Radio Beacon"},"geometry":{"type":"Point","coordinates":[-71.33346,46.76195]}},{"type":"Feature","properties":{"name":"Charleswood Library","routes":["C1","C2","C3","CN"],"provs":["MB"],"desc":"Library\nFree wifi\nSource: \u00a9 OpenStreetMap contributors (ODbL) https://www.openstreetmap.org/node/5266215470","sym":"Radio Beacon"},"geometry":{"type":"Point","coordinates":[-97.28374,49.85706]}},{"type":"Feature","properties":{"name":"Shavasana Cafe","routes":["CW"],"provs":["BC"],"desc":"Caf\u00e9\nSource: \u00a9 OpenStreetMap contributors (ODbL) https://www.openstreetmap.org/node/5274481033","sym":"Radio Beacon"},"geometry":{"type":"Point","coordinates":[-123.29935,48.84969]}},{"type":"Feature","properties":{"name":"Petro-Canada","routes":["C2","CN","CA","CL"],"provs":["NS"],"desc":"Gas station\nFree wifi\nSource: \u00a9 OpenStreetMap contributors (ODbL) https://www.openstreetmap.org/node/5295722123","sym":"Radio Beacon"},"geometry":{"type":"Point","coordinates":[-63.60481,44.80493]}},{"type":"Feature","properties":{"name":"Good Eats Cafe","routes":["C1","C3","CN","CA"],"provs":["ON"],"desc":"Caf\u00e9\nSource: \u00a9 OpenStreetMap contributors (ODbL) https://www.openstreetmap.org/node/5302662802","sym":"Radio Beacon"},"geometry":{"type":"Point","coordinates":[-75.70528,45.40591]}},{"type":"Feature","properties":{"name":"Irving Big Stop","routes":["C2","CA"],"provs":["NB"],"desc":"Gas station\nSource: \u00a9 OpenStreetMap contributors (ODbL) https://www.openstreetmap.org/node/5303379774","sym":"Radio Beacon"},"geometry":{"type":"Point","coordinates":[-67.76729,47.07701]}},{"type":"Feature","properties":{"name":"Biblioth\u00e8que Julio-Jean-Pierre","routes":["C1","C3","CN"],"provs":["QC"],"desc":"Library\nSource: \u00a9 OpenStreetMap contributors (ODbL) https://www.openstreetmap.org/node/5308341605","sym":"Radio Beacon"},"geometry":{"type":"Point","coordinates":[-73.62062,45.61609]}},{"type":"Feature","properties":{"name":"Kingston Frontenac Public Library - Rideau Heights branch","routes":["C2","C3","CL"],"provs":["ON"],"desc":"Library\nFree wifi\nNetwork: KFPLibrary\nSource: \u00a9 OpenStreetMap contributors (ODbL) https://www.openstreetmap.org/node/5309546762","sym":"Radio Beacon"},"geometry":{"type":"Point","coordinates":[-76.48309,44.26515]}},{"type":"Feature","properties":{"name":"Kingston Frontenac Public Library - Storrington Branch","routes":["C3"],"provs":["ON"],"desc":"Library\nFree wifi\nNetwork: KFPLibrary\nSource: \u00a9 OpenStreetMap contributors (ODbL) https://www.openstreetmap.org/node/5309621068","sym":"Radio Beacon"},"geometry":{"type":"Point","coordinates":[-76.42513,44.38501]}},{"type":"Feature","properties":{"name":"Les Impertinentes","routes":["C1","C2","CN","CA","CL"],"provs":["QC"],"desc":"Caf\u00e9\nWifi for customers\nNetwork: BalletImpertinent\nSource: \u00a9 OpenStreetMap contributors (ODbL) https://www.openstreetmap.org/node/5363715623","sym":"Radio Beacon"},"geometry":{"type":"Point","coordinates":[-73.59731,45.52494]}},{"type":"Feature","properties":{"name":"Caf\u00e9 L\u2019Etincelle","routes":["C1","C2","CN","CA","CL"],"provs":["QC"],"desc":"Caf\u00e9\nFree wifi\nSource: \u00a9 OpenStreetMap contributors (ODbL) https://www.openstreetmap.org/node/5365066126","sym":"Radio Beacon"},"geometry":{"type":"Point","coordinates":[-73.59528,45.54485]}},{"type":"Feature","properties":{"name":"Restaurant Mirazu","routes":["C1","C2","CN","CA","CL"],"provs":["QC"],"desc":"Restaurant\nWifi for customers\nSource: \u00a9 OpenStreetMap contributors (ODbL) https://www.openstreetmap.org/node/5367339921","sym":"Radio Beacon"},"geometry":{"type":"Point","coordinates":[-73.59492,45.52415]}},{"type":"Feature","properties":{"name":"Happy Goat","routes":["C1","C3","CN","CA"],"provs":["ON","QC"],"desc":"Caf\u00e9\nFree wifi\nSource: \u00a9 OpenStreetMap contributors (ODbL) https://www.openstreetmap.org/node/5369368927","sym":"Radio Beacon"},"geometry":{"type":"Point","coordinates":[-75.6806,45.42772]}},{"type":"Feature","properties":{"name":"Horseshoe Bay","routes":["C2","CW"],"provs":["BC"],"desc":"Ferry terminal\nSource: \u00a9 OpenStreetMap contributors (ODbL) https://www.openstreetmap.org/node/5371675457","sym":"Radio Beacon"},"geometry":{"type":"Point","coordinates":[-123.27181,49.37568]}},{"type":"Feature","properties":{"name":"Co-op","routes":["C3","CA"],"provs":["BC"],"desc":"Gas station\nSource: \u00a9 OpenStreetMap contributors (ODbL) https://www.openstreetmap.org/node/5376922604","sym":"Radio Beacon"},"geometry":{"type":"Point","coordinates":[-125.91854,50.31234]}},{"type":"Feature","properties":{"name":"Lili et Oli","routes":["C1","C2","CN","CA","CL"],"provs":["QC"],"desc":"Caf\u00e9\nSource: \u00a9 OpenStreetMap contributors (ODbL) https://www.openstreetmap.org/node/5381176621","sym":"Radio Beacon"},"geometry":{"type":"Point","coordinates":[-73.57717,45.48186]}},{"type":"Feature","properties":{"name":"Joga's","routes":["C2"],"provs":["BC"],"desc":"Caf\u00e9\nSource: \u00a9 OpenStreetMap contributors (ODbL) https://www.openstreetmap.org/node/5411038867","sym":"Radio Beacon"},"geometry":{"type":"Point","coordinates":[-118.43732,49.03236]}},{"type":"Feature","properties":{"name":"VIRL: Nanaimo North Branch","routes":["C2","C3","CN","CA","CW"],"provs":["BC"],"desc":"Library\nFree wifi\nSource: \u00a9 OpenStreetMap contributors (ODbL) https://www.openstreetmap.org/node/5421749161","sym":"Radio Beacon"},"geometry":{"type":"Point","coordinates":[-124.03847,49.23469]}},{"type":"Feature","properties":{"name":"Jimmy's Coffee","routes":["C2"],"provs":["ON"],"desc":"Caf\u00e9\nSource: \u00a9 OpenStreetMap contributors (ODbL) https://www.openstreetmap.org/node/5448317525","sym":"Radio Beacon"},"geometry":{"type":"Point","coordinates":[-79.39219,43.65576]}},{"type":"Feature","properties":{"name":"Ben & Florentine","routes":["C1","C3","CN"],"provs":["QC"],"desc":"Restaurant\nSource: \u00a9 OpenStreetMap contributors (ODbL) https://www.openstreetmap.org/node/5474457880","sym":"Radio Beacon"},"geometry":{"type":"Point","coordinates":[-73.73444,45.56477]}},{"type":"Feature","properties":{"name":"McDonald's","routes":["C1","C2","C3","CN","CA"],"provs":["QC"],"desc":"Fast food\nFree wifi\nSource: \u00a9 OpenStreetMap contributors (ODbL) https://www.openstreetmap.org/node/5476636483","sym":"Radio Beacon"},"geometry":{"type":"Point","coordinates":[-73.7888,45.53349]}},{"type":"Feature","properties":{"name":"Paquebot Caf\u00e9","routes":["C1","C2","CN","CA","CL"],"provs":["QC"],"desc":"Caf\u00e9\nFree wifi\nSource: \u00a9 OpenStreetMap contributors (ODbL) https://www.openstreetmap.org/node/5480682987","sym":"Radio Beacon"},"geometry":{"type":"Point","coordinates":[-73.60115,45.5488]}},{"type":"Feature","properties":{"name":"MaBrasserie","routes":["C1","C2","CN","CA","CL"],"provs":["QC"],"desc":"Pub\nSource: \u00a9 OpenStreetMap contributors (ODbL) https://www.openstreetmap.org/node/5485581949","sym":"Radio Beacon"},"geometry":{"type":"Point","coordinates":[-73.58448,45.5435]}},{"type":"Feature","properties":{"name":"ORL: Hedley Public Library","routes":["C1","C2"],"provs":["BC"],"desc":"Library\nSource: \u00a9 OpenStreetMap contributors (ODbL) https://www.openstreetmap.org/node/5487707773","sym":"Radio Beacon"},"geometry":{"type":"Point","coordinates":[-120.0761,49.35695]}},{"type":"Feature","properties":{"name":"ORL: Keremeos Branch","routes":["C1","C2","CN","CA"],"provs":["BC"],"desc":"Library\nSource: \u00a9 OpenStreetMap contributors (ODbL) https://www.openstreetmap.org/node/5487723085","sym":"Radio Beacon"},"geometry":{"type":"Point","coordinates":[-119.82326,49.20538]}},{"type":"Feature","properties":{"name":"Pastel Rita","routes":["C1","C2","CN","CA","CL"],"provs":["QC"],"desc":"Caf\u00e9\nSource: \u00a9 OpenStreetMap contributors (ODbL) https://www.openstreetmap.org/node/5494504721","sym":"Radio Beacon"},"geometry":{"type":"Point","coordinates":[-73.60147,45.52717]}},{"type":"Feature","properties":{"name":"Monogram Coffee","routes":["C1","C3"],"provs":["AB"],"desc":"Caf\u00e9\nSource: \u00a9 OpenStreetMap contributors (ODbL) https://www.openstreetmap.org/node/5514235222","sym":"Radio Beacon"},"geometry":{"type":"Point","coordinates":[-114.06729,51.04908]}},{"type":"Feature","properties":{"name":"Caf\u00e9 Centre d\u2019Art","routes":["C1","C2","CN"],"provs":["QC"],"desc":"Community centre\nSource: \u00a9 OpenStreetMap contributors (ODbL) https://www.openstreetmap.org/node/5541174771","sym":"Radio Beacon"},"geometry":{"type":"Point","coordinates":[-73.45619,45.6114]}},{"type":"Feature","properties":{"name":"Les Touill\u00e9s","routes":["C1","C2","CN"],"provs":["QC"],"desc":"Caf\u00e9\nSource: \u00a9 OpenStreetMap contributors (ODbL) https://www.openstreetmap.org/node/5541174772","sym":"Radio Beacon"},"geometry":{"type":"Point","coordinates":[-73.45628,45.61147]}},{"type":"Feature","properties":{"name":"L'Entrep\u00f4t","routes":["C1","C2","CN","CA","CL"],"provs":["QC"],"desc":"Pub\nSource: \u00a9 OpenStreetMap contributors (ODbL) https://www.openstreetmap.org/node/5547840723","sym":"Radio Beacon"},"geometry":{"type":"Point","coordinates":[-73.57973,45.52763]}},{"type":"Feature","properties":{"name":"Tutti Frutti","routes":["C1","CN"],"provs":["QC"],"desc":"Restaurant\nSource: \u00a9 OpenStreetMap contributors (ODbL) https://www.openstreetmap.org/node/5551302153","sym":"Radio Beacon"},"geometry":{"type":"Point","coordinates":[-73.66901,45.55692]}},{"type":"Feature","properties":{"name":"Mimi's In Manotick","routes":["CN"],"provs":["ON"],"desc":"Caf\u00e9\nSource: \u00a9 OpenStreetMap contributors (ODbL) https://www.openstreetmap.org/node/5554845552","sym":"Radio Beacon"},"geometry":{"type":"Point","coordinates":[-75.68196,45.22926]}},{"type":"Feature","properties":{"name":"Ferlucci","routes":["C1","C2","CN","CA","CL"],"provs":["QC"],"desc":"Caf\u00e9\nSource: \u00a9 OpenStreetMap contributors (ODbL) https://www.openstreetmap.org/node/5556899722","sym":"Radio Beacon"},"geometry":{"type":"Point","coordinates":[-73.61694,45.53954]}},{"type":"Feature","properties":{"name":"Fika Cafe","routes":["C2"],"provs":["ON"],"desc":"Caf\u00e9\nNetwork: FIKA\nSource: \u00a9 OpenStreetMap contributors (ODbL) https://www.openstreetmap.org/node/5573985522","sym":"Radio Beacon"},"geometry":{"type":"Point","coordinates":[-79.40041,43.65354]}},{"type":"Feature","properties":{"name":"Caf\u00e9 Le Club","routes":["C1","C2","CN","CA","CL"],"provs":["QC"],"desc":"Caf\u00e9\nSource: \u00a9 OpenStreetMap contributors (ODbL) https://www.openstreetmap.org/node/5596853025","sym":"Radio Beacon"},"geometry":{"type":"Point","coordinates":[-73.57261,45.51945]}},{"type":"Feature","properties":{"name":"Jumping Bean","routes":["C1","C3","CA"],"provs":["NL"],"desc":"Caf\u00e9\nSource: \u00a9 OpenStreetMap contributors (ODbL) https://www.openstreetmap.org/node/5600411322","sym":"Radio Beacon"},"geometry":{"type":"Point","coordinates":[-52.70953,47.58377]}},{"type":"Feature","properties":{"name":"Altitude","routes":["C3"],"provs":["AB"],"desc":"Restaurant\nSource: \u00a9 OpenStreetMap contributors (ODbL) https://www.openstreetmap.org/node/5612228021","sym":"Radio Beacon"},"geometry":{"type":"Point","coordinates":[-117.22447,52.22031]}},{"type":"Feature","properties":{"name":"Tim Hortons","routes":["C3","CA"],"provs":["AB"],"desc":"Caf\u00e9\nFree wifi\nNetwork: Tim Hortons WiFi\nSource: \u00a9 OpenStreetMap contributors (ODbL) https://www.openstreetmap.org/node/5618655721","sym":"Radio Beacon"},"geometry":{"type":"Point","coordinates":[-118.08151,52.87545]}},{"type":"Feature","properties":{"name":"Presse Caf\u00e9","routes":["C1","C3","CN","CA"],"provs":["ON"],"desc":"Caf\u00e9\nSource: \u00a9 OpenStreetMap contributors (ODbL) https://www.openstreetmap.org/node/5631157087","sym":"Radio Beacon"},"geometry":{"type":"Point","coordinates":[-75.69996,45.42105]}},{"type":"Feature","properties":{"name":"GVPL: sx\u02b7e\u014bx\u02b7\u0259\u014b t\u0259\u014b\u0259x\u02b7 James Bay Branch","routes":["C1","C3","CA","CL"],"provs":["BC"],"desc":"Library\nPaid wifi\nSource: \u00a9 OpenStreetMap contributors (ODbL) https://www.openstreetmap.org/node/5637941202","sym":"Radio Beacon"},"geometry":{"type":"Point","coordinates":[-123.3723,48.41783]}},{"type":"Feature","properties":{"name":"Caf\u00e9 Ma Bicyclette","routes":["C1","C2","CN","CA","CL"],"provs":["QC"],"desc":"Caf\u00e9\nSource: \u00a9 OpenStreetMap contributors (ODbL) https://www.openstreetmap.org/node/5653967560","sym":"Radio Beacon"},"geometry":{"type":"Point","coordinates":[-73.5736,45.47875]}},{"type":"Feature","properties":{"name":"Rocky Mountain Bagel Co","routes":["C1","C3","CN","CA"],"provs":["AB"],"desc":"Restaurant\nFree wifi\nSource: \u00a9 OpenStreetMap contributors (ODbL) https://www.openstreetmap.org/node/5658589293","sym":"Radio Beacon"},"geometry":{"type":"Point","coordinates":[-115.36266,51.08935]}},{"type":"Feature","properties":{"name":"Tim Hortons","routes":["C1","C3","CN","CA"],"provs":["ON"],"desc":"Caf\u00e9\nFree wifi\nSource: \u00a9 OpenStreetMap contributors (ODbL) https://www.openstreetmap.org/node/5668006570","sym":"Radio Beacon"},"geometry":{"type":"Point","coordinates":[-75.70074,45.42129]}},{"type":"Feature","properties":{"name":"Tim Hortons","routes":["C2","CN","CA","CL"],"provs":["NS"],"desc":"Caf\u00e9\nFree wifi\nSource: \u00a9 OpenStreetMap contributors (ODbL) https://www.openstreetmap.org/node/5673756857","sym":"Radio Beacon"},"geometry":{"type":"Point","coordinates":[-63.6113,44.81771]}},{"type":"Feature","properties":{"name":"Centre Culturel Calixa Lavall\u00e9e","routes":["C1","C2","CN","CA","CL"],"provs":["QC"],"desc":"Community centre\nSource: \u00a9 OpenStreetMap contributors (ODbL) https://www.openstreetmap.org/node/5676717522","sym":"Radio Beacon"},"geometry":{"type":"Point","coordinates":[-73.5694,45.52707]}},{"type":"Feature","properties":{"name":"Kung Fu Tea","routes":["C1","C3","CN","CA"],"provs":["ON"],"desc":"Caf\u00e9\nSource: \u00a9 OpenStreetMap contributors (ODbL) https://www.openstreetmap.org/node/5676880046","sym":"Radio Beacon"},"geometry":{"type":"Point","coordinates":[-75.68193,45.3925]}},{"type":"Feature","properties":{"name":"Second Cup","routes":["C1","C3","CN","CA"],"provs":["ON"],"desc":"Caf\u00e9\nFree wifi\nSource: \u00a9 OpenStreetMap contributors (ODbL) https://www.openstreetmap.org/node/5692990021","sym":"Radio Beacon"},"geometry":{"type":"Point","coordinates":[-75.64777,45.4013]}},{"type":"Feature","properties":{"name":"Caf\u00e9 501","routes":["C1","C3","CN","CA"],"provs":["ON"],"desc":"Caf\u00e9\nFree wifi\nSource: \u00a9 OpenStreetMap contributors (ODbL) https://www.openstreetmap.org/node/5692990023","sym":"Radio Beacon"},"geometry":{"type":"Point","coordinates":[-75.64817,45.40143]}},{"type":"Feature","properties":{"name":"Oasis","routes":["C1","C3","CN","CA"],"provs":["ON"],"desc":"Caf\u00e9\nFree wifi\nSource: \u00a9 OpenStreetMap contributors (ODbL) https://www.openstreetmap.org/node/5693066258","sym":"Radio Beacon"},"geometry":{"type":"Point","coordinates":[-75.65139,45.40102]}},{"type":"Feature","properties":{"name":"Les Moulins La Fayette","routes":["C1","C3","CN","CA"],"provs":["ON"],"desc":"Bakery\nWifi for customers\nSource: \u00a9 OpenStreetMap contributors (ODbL) https://www.openstreetmap.org/node/5697750384","sym":"Radio Beacon"},"geometry":{"type":"Point","coordinates":[-75.72301,45.40528]}},{"type":"Feature","properties":{"name":"Balzac's Coffee","routes":["C2"],"provs":["ON"],"desc":"Caf\u00e9\nSource: \u00a9 OpenStreetMap contributors (ODbL) https://www.openstreetmap.org/node/5708841324","sym":"Radio Beacon"},"geometry":{"type":"Point","coordinates":[-79.37915,43.65776]}},{"type":"Feature","properties":{"name":"Firefly Burger","routes":["C2"],"provs":["ON"],"desc":"Fast food\nSource: \u00a9 OpenStreetMap contributors (ODbL) https://www.openstreetmap.org/node/5720680423","sym":"Radio Beacon"},"geometry":{"type":"Point","coordinates":[-79.38146,43.65797]}},{"type":"Feature","properties":{"name":"Happy Goat Coffee Company","routes":["C1","C3","CN","CA"],"provs":["ON"],"desc":"Caf\u00e9\nFree wifi\nSource: \u00a9 OpenStreetMap contributors (ODbL) https://www.openstreetmap.org/node/5720726914","sym":"Radio Beacon"},"geometry":{"type":"Point","coordinates":[-75.75242,45.39289]}},{"type":"Feature","properties":{"name":"Second Cup","routes":["C1","C3","CN","CA"],"provs":["ON"],"desc":"Caf\u00e9\nSource: \u00a9 OpenStreetMap contributors (ODbL) https://www.openstreetmap.org/node/5726396622","sym":"Radio Beacon"},"geometry":{"type":"Point","coordinates":[-75.73224,45.39982]}},{"type":"Feature","properties":{"name":"Caf\u00e9 F\u00e9lin - Ma langue aux chats","routes":["C1","C2","C3","CA","CW"],"provs":["QC"],"desc":"Caf\u00e9\nSource: \u00a9 OpenStreetMap contributors (ODbL) https://www.openstreetmap.org/node/5731365722","sym":"Radio Beacon"},"geometry":{"type":"Point","coordinates":[-71.21183,46.81678]}},{"type":"Feature","properties":{"name":"The Juke Joint Soul Kitchen","routes":["C1"],"provs":["ON"],"desc":"Restaurant\nSource: \u00a9 OpenStreetMap contributors (ODbL) https://www.openstreetmap.org/node/5746068622","sym":"Radio Beacon"},"geometry":{"type":"Point","coordinates":[-76.03575,45.34475]}},{"type":"Feature","properties":{"name":"Alice\u2019s Village Cafe","routes":["C1"],"provs":["ON"],"desc":"Restaurant\nSource: \u00a9 OpenStreetMap contributors (ODbL) https://www.openstreetmap.org/node/5749873122","sym":"Radio Beacon"},"geometry":{"type":"Point","coordinates":[-76.03775,45.34584]}},{"type":"Feature","properties":{"name":"CoCo Fresh Tea & Juice","routes":["C1","C3","CN","CA"],"provs":["ON"],"desc":"Caf\u00e9\nSource: \u00a9 OpenStreetMap contributors (ODbL) https://www.openstreetmap.org/node/5756769157","sym":"Radio Beacon"},"geometry":{"type":"Point","coordinates":[-75.6966,45.4154]}},{"type":"Feature","properties":{"name":"Chatime","routes":["C1","CA","CL"],"provs":["PE"],"desc":"Caf\u00e9\nFree wifi\nSource: \u00a9 OpenStreetMap contributors (ODbL) https://www.openstreetmap.org/node/5757459343","sym":"Radio Beacon"},"geometry":{"type":"Point","coordinates":[-63.12758,46.23383]}},{"type":"Feature","properties":{"name":"White Spot","routes":["C2","CN","CA","CL"],"provs":["BC"],"desc":"Restaurant\nFree wifi\nSource: \u00a9 OpenStreetMap contributors (ODbL) https://www.openstreetmap.org/node/5759788838","sym":"Radio Beacon"},"geometry":{"type":"Point","coordinates":[-123.15564,49.23766]}},{"type":"Feature","properties":{"name":"Paramount Chinese Seafood Restaurant","routes":["C2","CN","CA","CL"],"provs":["BC"],"desc":"Restaurant\nWifi for customers\nNetwork: 6044380033\nSource: \u00a9 OpenStreetMap contributors (ODbL) https://www.openstreetmap.org/node/5759885052","sym":"Radio Beacon"},"geometry":{"type":"Point","coordinates":[-123.03404,49.25042]}},{"type":"Feature","properties":{"name":"Xing Fu Tang","routes":["C2","CN","CA","CL"],"provs":["BC"],"desc":"Caf\u00e9\nWifi for customers\nSource: \u00a9 OpenStreetMap contributors (ODbL) https://www.openstreetmap.org/node/5759885062","sym":"Radio Beacon"},"geometry":{"type":"Point","coordinates":[-123.01141,49.26433]}},{"type":"Feature","properties":{"name":"Rosewood Asian cuisine","routes":["C2"],"provs":["ON"],"desc":"Restaurant\nSource: \u00a9 OpenStreetMap contributors (ODbL) https://www.openstreetmap.org/node/5764481953","sym":"Radio Beacon"},"geometry":{"type":"Point","coordinates":[-79.39665,43.65317]}},{"type":"Feature","properties":{"name":"Happy Goat Coffee","routes":["C1","C3","CN","CA"],"provs":["ON"],"desc":"Caf\u00e9\nWifi for customers\nSource: \u00a9 OpenStreetMap contributors (ODbL) https://www.openstreetmap.org/node/5772097463","sym":"Radio Beacon"},"geometry":{"type":"Point","coordinates":[-75.68901,45.41609]}},{"type":"Feature","properties":{"name":"New Scotland Brewing","routes":["C2","CN","CA","CL"],"provs":["NS"],"desc":"Pub\nSource: \u00a9 OpenStreetMap contributors (ODbL) https://www.openstreetmap.org/node/5792729053","sym":"Radio Beacon"},"geometry":{"type":"Point","coordinates":[-63.56766,44.66417]}},{"type":"Feature","properties":{"name":"Starbucks","routes":["C1","C3","CA","CL"],"provs":["BC"],"desc":"Caf\u00e9\nFree wifi\nSource: \u00a9 OpenStreetMap contributors (ODbL) https://www.openstreetmap.org/node/5809829994","sym":"Radio Beacon"},"geometry":{"type":"Point","coordinates":[-123.37548,48.45507]}},{"type":"Feature","properties":{"name":"Mich Caf\u00e9","routes":["C3","CA"],"provs":["QC"],"desc":"Caf\u00e9\nSource: \u00a9 OpenStreetMap contributors (ODbL) https://www.openstreetmap.org/node/5818045734","sym":"Radio Beacon"},"geometry":{"type":"Point","coordinates":[-64.68457,48.34828]}},{"type":"Feature","properties":{"name":"Caf\u00e9 Chiado no 28","routes":["C1","C2","CN","CA","CL"],"provs":["QC"],"desc":"Caf\u00e9\nFree wifi\nSource: \u00a9 OpenStreetMap contributors (ODbL) https://www.openstreetmap.org/node/5824255153","sym":"Radio Beacon"},"geometry":{"type":"Point","coordinates":[-73.5983,45.54121]}},{"type":"Feature","properties":{"name":"Equator Coffee","routes":["C1","C3","CN","CA"],"provs":["ON"],"desc":"Caf\u00e9\nFree wifi\nSource: \u00a9 OpenStreetMap contributors (ODbL) https://www.openstreetmap.org/node/5827897938","sym":"Radio Beacon"},"geometry":{"type":"Point","coordinates":[-75.6944,45.4234]}},{"type":"Feature","properties":{"name":"Bean Barn Cafe","routes":["C3"],"provs":["NS"],"desc":"Caf\u00e9\nFree wifi\nSource: \u00a9 OpenStreetMap contributors (ODbL) https://www.openstreetmap.org/node/5830724614","sym":"Radio Beacon"},"geometry":{"type":"Point","coordinates":[-60.40613,46.68196]}},{"type":"Feature","properties":{"name":"La Maison Thai","routes":["C1","C2","CN","CA","CL"],"provs":["QC"],"desc":"Fast food\nSource: \u00a9 OpenStreetMap contributors (ODbL) https://www.openstreetmap.org/node/5832823080","sym":"Radio Beacon"},"geometry":{"type":"Point","coordinates":[-73.57712,45.53041]}},{"type":"Feature","properties":{"name":"Ten Toes Coffee House and Laundry","routes":["C1","C3","CN","CA"],"provs":["ON"],"desc":"Caf\u00e9\nSource: \u00a9 OpenStreetMap contributors (ODbL) https://www.openstreetmap.org/node/5836628249","sym":"Radio Beacon"},"geometry":{"type":"Point","coordinates":[-75.7123,45.40908]}},{"type":"Feature","properties":{"name":"Tim Hortons","routes":["C1","C3","CN","CA"],"provs":["ON"],"desc":"Caf\u00e9\nSource: \u00a9 OpenStreetMap contributors (ODbL) https://www.openstreetmap.org/node/5838522838","sym":"Radio Beacon"},"geometry":{"type":"Point","coordinates":[-75.6983,45.41788]}},{"type":"Feature","properties":{"name":"Drip House Cafe","routes":["C1","C3","CN","CA"],"provs":["ON"],"desc":"Caf\u00e9\nWifi for customers\nSource: \u00a9 OpenStreetMap contributors (ODbL) https://www.openstreetmap.org/node/5838632390","sym":"Radio Beacon"},"geometry":{"type":"Point","coordinates":[-75.7309,45.40225]}},{"type":"Feature","properties":{"name":"Deacon Brodies","routes":["C1","C3","CN","CA"],"provs":["ON"],"desc":"Pub\nSource: \u00a9 OpenStreetMap contributors (ODbL) https://www.openstreetmap.org/node/5840901285","sym":"Radio Beacon"},"geometry":{"type":"Point","coordinates":[-75.6907,45.41848]}},{"type":"Feature","properties":{"name":"Tim Hortons","routes":["C2","CN","CA","CL"],"provs":["BC"],"desc":"Caf\u00e9\nSource: \u00a9 OpenStreetMap contributors (ODbL) https://www.openstreetmap.org/node/5842135839","sym":"Radio Beacon"},"geometry":{"type":"Point","coordinates":[-123.09042,49.23112]}},{"type":"Feature","properties":{"name":"Starbucks","routes":["C1","C3","CN","CA"],"provs":["ON"],"desc":"Caf\u00e9\nSource: \u00a9 OpenStreetMap contributors (ODbL) https://www.openstreetmap.org/node/5844174903","sym":"Radio Beacon"},"geometry":{"type":"Point","coordinates":[-75.61364,45.43301]}},{"type":"Feature","properties":{"name":"VPL: Carnegie Branch","routes":["C2","CN","CA","CL"],"provs":["BC"],"desc":"Library\nSource: \u00a9 OpenStreetMap contributors (ODbL) https://www.openstreetmap.org/node/5848006754","sym":"Radio Beacon"},"geometry":{"type":"Point","coordinates":[-123.10001,49.28106]}},{"type":"Feature","properties":{"name":"Rice & Noodle","routes":["C2","CN","CA","CL"],"provs":["BC"],"desc":"Restaurant\nSource: \u00a9 OpenStreetMap contributors (ODbL) https://www.openstreetmap.org/node/5849976885","sym":"Radio Beacon"},"geometry":{"type":"Point","coordinates":[-123.12779,49.28634]}},{"type":"Feature","properties":{"name":"Le Terminal","routes":["C1","C2","CN","CA","CL"],"provs":["QC"],"desc":"Bar\nSource: \u00a9 OpenStreetMap contributors (ODbL) https://www.openstreetmap.org/node/5852327885","sym":"Radio Beacon"},"geometry":{"type":"Point","coordinates":[-73.57395,45.53379]}},{"type":"Feature","properties":{"name":"Shawarma Barlow","routes":["C1","C3"],"provs":["AB"],"desc":"Restaurant\nSource: \u00a9 OpenStreetMap contributors (ODbL) https://www.openstreetmap.org/node/5852593885","sym":"Radio Beacon"},"geometry":{"type":"Point","coordinates":[-114.00084,51.0527]}},{"type":"Feature","properties":{"name":"The Curry Culture","routes":["C2","C3","CN","CA","CW"],"provs":["BC"],"desc":"Restaurant\nWifi for customers\nSource: \u00a9 OpenStreetMap contributors (ODbL) https://www.openstreetmap.org/node/5853704427","sym":"Radio Beacon"},"geometry":{"type":"Point","coordinates":[-124.04123,49.24184]}},{"type":"Feature","properties":{"name":"The Keg","routes":["C2"],"provs":["ON"],"desc":"Restaurant\nSource: \u00a9 OpenStreetMap contributors (ODbL) https://www.openstreetmap.org/node/5854881989","sym":"Radio Beacon"},"geometry":{"type":"Point","coordinates":[-79.39911,43.64481]}},{"type":"Feature","properties":{"name":"Tim Hortons","routes":["C1","CA"],"provs":["ON"],"desc":"Caf\u00e9\nSource: \u00a9 OpenStreetMap contributors (ODbL) https://www.openstreetmap.org/node/5859476102","sym":"Radio Beacon"},"geometry":{"type":"Point","coordinates":[-79.38574,46.25774]}},{"type":"Feature","properties":{"name":"Brulerie du Quai","routes":["C3"],"provs":["QC"],"desc":"Caf\u00e9\nFree wifi\nSource: \u00a9 OpenStreetMap contributors (ODbL) https://www.openstreetmap.org/node/5871262635","sym":"Radio Beacon"},"geometry":{"type":"Point","coordinates":[-66.12973,48.10548]}},{"type":"Feature","properties":{"name":"Baddeck Community Centre","routes":["C1"],"provs":["NS"],"desc":"Community centre\nSource: \u00a9 OpenStreetMap contributors (ODbL) https://www.openstreetmap.org/node/5882460886","sym":"Radio Beacon"},"geometry":{"type":"Point","coordinates":[-60.74866,46.10078]}},{"type":"Feature","properties":{"name":"Spilt Milk","routes":["C1","CA"],"provs":["BC"],"desc":"Caf\u00e9\nWifi for customers\nSource: \u00a9 OpenStreetMap contributors (ODbL) https://www.openstreetmap.org/node/5883382585","sym":"Radio Beacon"},"geometry":{"type":"Point","coordinates":[-118.19591,50.99794]}},{"type":"Feature","properties":{"name":"La Maison Smith","routes":["C1","C2","C3","CA","CW"],"provs":["QC"],"desc":"Caf\u00e9\nSource: \u00a9 OpenStreetMap contributors (ODbL) https://www.openstreetmap.org/node/5887744185","sym":"Radio Beacon"},"geometry":{"type":"Point","coordinates":[-71.21016,46.8141]}},{"type":"Feature","properties":{"name":"Siboire","routes":["C1","C2","CN","CA","CL"],"provs":["QC"],"desc":"Pub\nSource: \u00a9 OpenStreetMap contributors (ODbL) https://www.openstreetmap.org/node/5891252786","sym":"Radio Beacon"},"geometry":{"type":"Point","coordinates":[-73.5928,45.52319]}},{"type":"Feature","properties":{"name":"Starbucks","routes":["C1"],"provs":["SK"],"desc":"Caf\u00e9\nSource: \u00a9 OpenStreetMap contributors (ODbL) https://www.openstreetmap.org/node/5891985166","sym":"Radio Beacon"},"geometry":{"type":"Point","coordinates":[-104.61958,50.40176]}},{"type":"Feature","properties":{"name":"Trees","routes":["C2","CN","CA","CL"],"provs":["BC"],"desc":"Caf\u00e9\nSource: \u00a9 OpenStreetMap contributors (ODbL) https://www.openstreetmap.org/node/5905191685","sym":"Radio Beacon"},"geometry":{"type":"Point","coordinates":[-123.09994,49.263]}},{"type":"Feature","properties":{"name":"Off the Tracks","routes":["C2","CN","CA","CL"],"provs":["BC"],"desc":"Caf\u00e9\nSource: \u00a9 OpenStreetMap contributors (ODbL) https://www.openstreetmap.org/node/5908899887","sym":"Radio Beacon"},"geometry":{"type":"Point","coordinates":[-123.13403,49.27028]}},{"type":"Feature","properties":{"name":"Triumph Coffee","routes":["C1","CA"],"provs":["BC"],"desc":"Caf\u00e9\nSource: \u00a9 OpenStreetMap contributors (ODbL) https://www.openstreetmap.org/node/5908907785","sym":"Radio Beacon"},"geometry":{"type":"Point","coordinates":[-119.27719,50.26392]}},{"type":"Feature","properties":{"name":"Freshii","routes":["C1"],"provs":["SK"],"desc":"Restaurant\nSource: \u00a9 OpenStreetMap contributors (ODbL) https://www.openstreetmap.org/node/5911888909","sym":"Radio Beacon"},"geometry":{"type":"Point","coordinates":[-104.53126,50.44581]}},{"type":"Feature","properties":{"name":"VIRL: Port McNeill Branch","routes":["C3","CA"],"provs":["BC"],"desc":"Library\nFree wifi\nSource: \u00a9 OpenStreetMap contributors (ODbL) https://www.openstreetmap.org/node/5912625594","sym":"Radio Beacon"},"geometry":{"type":"Point","coordinates":[-127.08767,50.58987]}},{"type":"Feature","properties":{"name":"Shanzee's Biscuit Caf\u00e9","routes":["C1","C3","CA","CL"],"provs":["BC"],"desc":"Caf\u00e9\nSource: \u00a9 OpenStreetMap contributors (ODbL) https://www.openstreetmap.org/node/5921737685","sym":"Radio Beacon"},"geometry":{"type":"Point","coordinates":[-123.36842,48.4284]}},{"type":"Feature","properties":{"name":"Ottawa Valley Coffee","routes":["C1"],"provs":["ON"],"desc":"Caf\u00e9\nSource: \u00a9 OpenStreetMap contributors (ODbL) https://www.openstreetmap.org/node/5931574167","sym":"Radio Beacon"},"geometry":{"type":"Point","coordinates":[-76.35431,45.43319]}},{"type":"Feature","properties":{"name":"Fairouz Cafe","routes":["C1","C3","CN","CA"],"provs":["ON","QC"],"desc":"Restaurant\nSource: \u00a9 OpenStreetMap contributors (ODbL) https://www.openstreetmap.org/node/5933580835","sym":"Radio Beacon"},"geometry":{"type":"Point","coordinates":[-75.69511,45.42839]}},{"type":"Feature","properties":{"name":"Le Fameux","routes":["C1","C2","CN","CA","CL"],"provs":["QC"],"desc":"Restaurant\nSource: \u00a9 OpenStreetMap contributors (ODbL) https://www.openstreetmap.org/node/5937571635","sym":"Radio Beacon"},"geometry":{"type":"Point","coordinates":[-73.58315,45.52389]}},{"type":"Feature","properties":{"name":"Byblos Le Petit Caf\u00e9","routes":["C1","C2","CN","CA","CL"],"provs":["QC"],"desc":"Caf\u00e9\nWifi for customers\nSource: \u00a9 OpenStreetMap contributors (ODbL) https://www.openstreetmap.org/node/5945467386","sym":"Radio Beacon"},"geometry":{"type":"Point","coordinates":[-73.58291,45.53458]}},{"type":"Feature","properties":{"name":"Starbucks","routes":["C1","C3","CN","CA"],"provs":["ON"],"desc":"Caf\u00e9\nSource: \u00a9 OpenStreetMap contributors (ODbL) https://www.openstreetmap.org/node/5947441340","sym":"Radio Beacon"},"geometry":{"type":"Point","coordinates":[-75.6175,45.4322]}},{"type":"Feature","properties":{"name":"Crema Cafe & Bar","routes":["C2","CN","CA","CL","CW"],"provs":["BC"],"desc":"Caf\u00e9\nSource: \u00a9 OpenStreetMap contributors (ODbL) https://www.openstreetmap.org/node/5950632817","sym":"Radio Beacon"},"geometry":{"type":"Point","coordinates":[-123.1566,49.32752]}},{"type":"Feature","properties":{"name":"VIRL: Nanaimo Wellington Branch","routes":["C2","C3","CN","CA","CW"],"provs":["BC"],"desc":"Library\nFree wifi\nSource: \u00a9 OpenStreetMap contributors (ODbL) https://www.openstreetmap.org/node/5952380023","sym":"Radio Beacon"},"geometry":{"type":"Point","coordinates":[-124.00552,49.20674]}},{"type":"Feature","properties":{"name":"Drip Coffee Social","routes":["C2","C3","CN","CA","CW"],"provs":["BC"],"desc":"Caf\u00e9\nSource: \u00a9 OpenStreetMap contributors (ODbL) https://www.openstreetmap.org/node/5977062785","sym":"Radio Beacon"},"geometry":{"type":"Point","coordinates":[-123.97047,49.20496]}},{"type":"Feature","properties":{"name":"Coffee Public","routes":["C2","C3","CL"],"provs":["ON"],"desc":"Caf\u00e9\nSource: \u00a9 OpenStreetMap contributors (ODbL) https://www.openstreetmap.org/node/5986291517","sym":"Radio Beacon"},"geometry":{"type":"Point","coordinates":[-78.2938,43.95163]}},{"type":"Feature","properties":{"name":"ARCH & PO","routes":["C2"],"provs":["NS"],"desc":"Caf\u00e9\nFree wifi\nSource: \u00a9 OpenStreetMap contributors (ODbL) https://www.openstreetmap.org/node/5987565463","sym":"Radio Beacon"},"geometry":{"type":"Point","coordinates":[-65.51897,44.74542]}},{"type":"Feature","properties":{"name":"Clarke Caf\u00e9","routes":["C1","C2","CN","CA","CL"],"provs":["QC"],"desc":"Caf\u00e9\nSource: \u00a9 OpenStreetMap contributors (ODbL) https://www.openstreetmap.org/node/5987721585","sym":"Radio Beacon"},"geometry":{"type":"Point","coordinates":[-73.56219,45.48317]}},{"type":"Feature","properties":{"name":"Casse-Cr\u00eape Breton","routes":["C1","C2","C3","CA","CW"],"provs":["QC"],"desc":"Restaurant\nWifi for customers\nSource: \u00a9 OpenStreetMap contributors (ODbL) https://www.openstreetmap.org/node/6001787386","sym":"Radio Beacon"},"geometry":{"type":"Point","coordinates":[-71.21046,46.81416]}},{"type":"Feature","properties":{"name":"Papi's Seafood and Oyster Bar","routes":["C2","CN","CA","CL"],"provs":["BC"],"desc":"Restaurant\nSource: \u00a9 OpenStreetMap contributors (ODbL) https://www.openstreetmap.org/node/6005956885","sym":"Radio Beacon"},"geometry":{"type":"Point","coordinates":[-123.14133,49.28775]}},{"type":"Feature","properties":{"name":"Roadrunner Restaurant","routes":["C1","C2","CN","CL"],"provs":["BC"],"desc":"Restaurant\nFree wifi\nSource: \u00a9 OpenStreetMap contributors (ODbL) https://www.openstreetmap.org/node/6021126925","sym":"Radio Beacon"},"geometry":{"type":"Point","coordinates":[-122.65552,49.11527]}},{"type":"Feature","properties":{"name":"Tim Hortons","routes":["C1","C3","CN","CA"],"provs":["ON"],"desc":"Caf\u00e9\nSource: \u00a9 OpenStreetMap contributors (ODbL) https://www.openstreetmap.org/node/6034633367","sym":"Radio Beacon"},"geometry":{"type":"Point","coordinates":[-75.70141,45.41881]}},{"type":"Feature","properties":{"name":"A&W","routes":["C2","CN","CL"],"provs":["BC"],"desc":"Fast food\nFree wifi\nSource: \u00a9 OpenStreetMap contributors (ODbL) https://www.openstreetmap.org/node/6034673566","sym":"Radio Beacon"},"geometry":{"type":"Point","coordinates":[-122.91044,49.27819]}},{"type":"Feature","properties":{"name":"Bahar Bakery & Cafe","routes":["C2","CN","CA","CL"],"provs":["BC"],"desc":"Caf\u00e9\nWifi for customers\nSource: \u00a9 OpenStreetMap contributors (ODbL) https://www.openstreetmap.org/node/6047129788","sym":"Radio Beacon"},"geometry":{"type":"Point","coordinates":[-123.11858,49.28073]}},{"type":"Feature","properties":{"name":"Dispatch","routes":["C1","C2","CN","CA","CL"],"provs":["QC"],"desc":"Caf\u00e9\nSource: \u00a9 OpenStreetMap contributors (ODbL) https://www.openstreetmap.org/node/6061701582","sym":"Radio Beacon"},"geometry":{"type":"Point","coordinates":[-73.57921,45.51701]}},{"type":"Feature","properties":{"name":"Nando's","routes":["C2","CN","CA","CL"],"provs":["BC"],"desc":"Restaurant\nSource: \u00a9 OpenStreetMap contributors (ODbL) https://www.openstreetmap.org/node/6114574826","sym":"Radio Beacon"},"geometry":{"type":"Point","coordinates":[-123.15726,49.2347]}},{"type":"Feature","properties":{"name":"Arby's","routes":["C1","CN","CL","CW"],"provs":["BC"],"desc":"Fast food\nSource: \u00a9 OpenStreetMap contributors (ODbL) https://www.openstreetmap.org/node/6146912346","sym":"Radio Beacon"},"geometry":{"type":"Point","coordinates":[-123.08886,49.0399]}},{"type":"Feature","properties":{"name":"Montana's","routes":["C1","CN","CL","CW"],"provs":["BC"],"desc":"Restaurant\nSource: \u00a9 OpenStreetMap contributors (ODbL) https://www.openstreetmap.org/node/6146912350","sym":"Radio Beacon"},"geometry":{"type":"Point","coordinates":[-123.08763,49.03504]}},{"type":"Feature","properties":{"name":"Dinesty Dumpling House","routes":["CN","CA","CL","CW"],"provs":["BC"],"desc":"Restaurant\nFree wifi\nSource: \u00a9 OpenStreetMap contributors (ODbL) https://www.openstreetmap.org/node/6147068653","sym":"Radio Beacon"},"geometry":{"type":"Point","coordinates":[-123.14652,49.17317]}},{"type":"Feature","properties":{"name":"Purebread","routes":["C2","CN","CA","CL"],"provs":["BC"],"desc":"Bakery\nNetwork: Purebread\nSource: \u00a9 OpenStreetMap contributors (ODbL) https://www.openstreetmap.org/node/6148831984","sym":"Radio Beacon"},"geometry":{"type":"Point","coordinates":[-123.10453,49.26664]}},{"type":"Feature","properties":{"name":"Musiikki","routes":["C2","C3","CL"],"provs":["ON"],"desc":"Caf\u00e9\nFree wifi\nSource: \u00a9 OpenStreetMap contributors (ODbL) https://www.openstreetmap.org/node/6154639004","sym":"Radio Beacon"},"geometry":{"type":"Point","coordinates":[-76.48222,44.23072]}},{"type":"Feature","properties":{"name":"Food Basics","routes":["C2","C3","CL"],"provs":["ON"],"desc":"Supermarket\nSource: \u00a9 OpenStreetMap contributors (ODbL) https://www.openstreetmap.org/node/6156428122","sym":"Radio Beacon"},"geometry":{"type":"Point","coordinates":[-76.45114,44.27043]}},{"type":"Feature","properties":{"name":"Starbucks","routes":["C2","C3","CL"],"provs":["ON"],"desc":"Caf\u00e9\nFree wifi\nSource: \u00a9 OpenStreetMap contributors (ODbL) https://www.openstreetmap.org/node/6156428123","sym":"Radio Beacon"},"geometry":{"type":"Point","coordinates":[-76.45194,44.26898]}},{"type":"Feature","properties":{"name":"Brown's Social House","routes":["C1","C3","CA","CL"],"provs":["BC"],"desc":"Restaurant\nSource: \u00a9 OpenStreetMap contributors (ODbL) https://www.openstreetmap.org/node/6179366432","sym":"Radio Beacon"},"geometry":{"type":"Point","coordinates":[-123.37664,48.45588]}},{"type":"Feature","properties":{"name":"Elmsdale Branch, Colchester-East Hants Public Library","routes":["CN"],"provs":["NS"],"desc":"Library\nFree wifi\nSource: \u00a9 OpenStreetMap contributors (ODbL) https://www.openstreetmap.org/node/6184855390","sym":"Radio Beacon"},"geometry":{"type":"Point","coordinates":[-63.51037,44.97834]}},{"type":"Feature","properties":{"name":"Le Vestiaire","routes":["C1","C2","CN","CA","CL"],"provs":["QC"],"desc":"Bar\nFree wifi\nSource: \u00a9 OpenStreetMap contributors (ODbL) https://www.openstreetmap.org/node/6188601886","sym":"Radio Beacon"},"geometry":{"type":"Point","coordinates":[-73.60559,45.53713]}},{"type":"Feature","properties":{"name":"FVRL: Maple Ridge Public Library","routes":["C1","CN"],"provs":["BC"],"desc":"Library\nSource: \u00a9 OpenStreetMap contributors (ODbL) https://www.openstreetmap.org/node/6196633701","sym":"Radio Beacon"},"geometry":{"type":"Point","coordinates":[-122.59995,49.21994]}},{"type":"Feature","properties":{"name":"FVRL: Pitt Meadows Library","routes":["C1","C2","CN","CL"],"provs":["BC"],"desc":"Library\nSource: \u00a9 OpenStreetMap contributors (ODbL) https://www.openstreetmap.org/node/6208061009","sym":"Radio Beacon"},"geometry":{"type":"Point","coordinates":[-122.69011,49.22216]}},{"type":"Feature","properties":{"name":"Porter's Bistro & Coffee House","routes":["C1","C2","CN"],"provs":["BC"],"desc":"Caf\u00e9\nSource: \u00a9 OpenStreetMap contributors (ODbL) https://www.openstreetmap.org/node/6208688346","sym":"Radio Beacon"},"geometry":{"type":"Point","coordinates":[-122.62437,49.08953]}},{"type":"Feature","properties":{"name":"Lennox & Addington Library - Amherstview Branch","routes":["C2","C3"],"provs":["ON"],"desc":"Library\nFree wifi\nSource: \u00a9 OpenStreetMap contributors (ODbL) https://www.openstreetmap.org/node/6222105255","sym":"Radio Beacon"},"geometry":{"type":"Point","coordinates":[-76.65793,44.22571]}},{"type":"Feature","properties":{"name":"Cha Tra Mue","routes":["C2","CN","CA","CL"],"provs":["BC"],"desc":"Caf\u00e9\nWifi for customers\nNetwork: ChaTraMue\nSource: \u00a9 OpenStreetMap contributors (ODbL) https://www.openstreetmap.org/node/6222595565","sym":"Radio Beacon"},"geometry":{"type":"Point","coordinates":[-123.12086,49.26316]}},{"type":"Feature","properties":{"name":"Caf\u00e9 la Mosa\u00efque","routes":["C1","C2","C3","CA","CW"],"provs":["QC"],"desc":"Caf\u00e9\nSource: \u00a9 OpenStreetMap contributors (ODbL) https://www.openstreetmap.org/node/6231357926","sym":"Radio Beacon"},"geometry":{"type":"Point","coordinates":[-71.18344,46.80554]}},{"type":"Feature","properties":{"name":"The Dam","routes":["C2"],"provs":["BC"],"desc":"Bar\nSource: \u00a9 OpenStreetMap contributors (ODbL) https://www.openstreetmap.org/node/6231525388","sym":"Radio Beacon"},"geometry":{"type":"Point","coordinates":[-117.52563,49.45542]}},{"type":"Feature","properties":{"name":"VIRL: Parksville Branch","routes":["C2","C3","CN"],"provs":["BC"],"desc":"Library\nFree wifi\nSource: \u00a9 OpenStreetMap contributors (ODbL) https://www.openstreetmap.org/node/6238920981","sym":"Radio Beacon"},"geometry":{"type":"Point","coordinates":[-124.31157,49.31809]}},{"type":"Feature","properties":{"name":"\u00c9picerie 3","routes":["C1","C2","CN","CA","CL"],"provs":["QC"],"desc":"Caf\u00e9\nSource: \u00a9 OpenStreetMap contributors (ODbL) https://www.openstreetmap.org/node/6260322186","sym":"Radio Beacon"},"geometry":{"type":"Point","coordinates":[-73.54747,45.52816]}},{"type":"Feature","properties":{"name":"Wendy's Drive-Thru","routes":["C2","CN","CL"],"provs":["BC"],"desc":"Fast food\nFree wifi\nSource: \u00a9 OpenStreetMap contributors (ODbL) https://www.openstreetmap.org/node/6283008164","sym":"Radio Beacon"},"geometry":{"type":"Point","coordinates":[-122.29394,49.03375]}},{"type":"Feature","properties":{"name":"Top Shanghai Cuisine Restaurant","routes":["CN","CA","CL","CW"],"provs":["BC"],"desc":"Restaurant\nFree wifi\nSource: \u00a9 OpenStreetMap contributors (ODbL) https://www.openstreetmap.org/node/6283800705","sym":"Radio Beacon"},"geometry":{"type":"Point","coordinates":[-123.13501,49.17137]}},{"type":"Feature","properties":{"name":"Gare de Saint-Lambert","routes":["C1","C2","CN","CA","CL"],"provs":["QC"],"desc":"Train station\nFree wifi\nSource: \u00a9 OpenStreetMap contributors (ODbL) https://www.openstreetmap.org/node/6291407276","sym":"Radio Beacon"},"geometry":{"type":"Point","coordinates":[-73.50742,45.49903]}},{"type":"Feature","properties":{"name":"Goldstruck","routes":["C2"],"provs":["ON"],"desc":"Caf\u00e9\nWifi for customers\nNetwork: Goldstruck Guest\nSource: \u00a9 OpenStreetMap contributors (ODbL) https://www.openstreetmap.org/node/6294585378","sym":"Radio Beacon"},"geometry":{"type":"Point","coordinates":[-79.38459,43.65005]}},{"type":"Feature","properties":{"name":"Le Record bar & vinyles","routes":["C1","C2","CN","CA","CL"],"provs":["QC"],"desc":"Bar\nSource: \u00a9 OpenStreetMap contributors (ODbL) https://www.openstreetmap.org/node/6299465185","sym":"Radio Beacon"},"geometry":{"type":"Point","coordinates":[-73.62014,45.54376]}},{"type":"Feature","properties":{"name":"Caf\u00e9 Rouge Patisserie","routes":["C2","CL"],"provs":["ON"],"desc":"Caf\u00e9\nSource: \u00a9 OpenStreetMap contributors (ODbL) https://www.openstreetmap.org/node/6306324871","sym":"Radio Beacon"},"geometry":{"type":"Point","coordinates":[-79.50641,43.64861]}},{"type":"Feature","properties":{"name":"Tim Hortons","routes":["C2","CN","CA","CL"],"provs":["BC"],"desc":"Caf\u00e9\nSource: \u00a9 OpenStreetMap contributors (ODbL) https://www.openstreetmap.org/node/6322557486","sym":"Radio Beacon"},"geometry":{"type":"Point","coordinates":[-123.11569,49.24941]}},{"type":"Feature","properties":{"name":"Shakey's","routes":["C2"],"provs":["ON"],"desc":"Restaurant\nWifi for customers\nSource: \u00a9 OpenStreetMap contributors (ODbL) https://www.openstreetmap.org/node/6334442187","sym":"Radio Beacon"},"geometry":{"type":"Point","coordinates":[-79.47764,43.6507]}},{"type":"Feature","properties":{"name":"Kanadell Japanese Bakery","routes":["C2","CN","CA","CL"],"provs":["BC"],"desc":"Bakery\nWifi for customers\nNetwork: Kanadell Guest\nSource: \u00a9 OpenStreetMap contributors (ODbL) https://www.openstreetmap.org/node/6339101265","sym":"Radio Beacon"},"geometry":{"type":"Point","coordinates":[-123.02611,49.28097]}},{"type":"Feature","properties":{"name":"Country Style","routes":["C2"],"provs":["ON"],"desc":"Caf\u00e9\nSource: \u00a9 OpenStreetMap contributors (ODbL) https://www.openstreetmap.org/node/6340377672","sym":"Radio Beacon"},"geometry":{"type":"Point","coordinates":[-75.52302,44.72204]}},{"type":"Feature","properties":{"name":"Starbucks","routes":["CN","CL"],"provs":["NB"],"desc":"Caf\u00e9\nSource: \u00a9 OpenStreetMap contributors (ODbL) https://www.openstreetmap.org/node/6348033690","sym":"Radio Beacon"},"geometry":{"type":"Point","coordinates":[-64.74095,46.09721]}},{"type":"Feature","properties":{"name":"UNB Engineering Library","routes":["C2"],"provs":["NB"],"desc":"Library\nSource: \u00a9 OpenStreetMap contributors (ODbL) https://www.openstreetmap.org/node/6348547994","sym":"Radio Beacon"},"geometry":{"type":"Point","coordinates":[-66.64136,45.95021]}},{"type":"Feature","properties":{"name":"Bloomer's","routes":["C2"],"provs":["ON"],"desc":"Caf\u00e9\nWifi for customers\nSource: \u00a9 OpenStreetMap contributors (ODbL) https://www.openstreetmap.org/node/6358218785","sym":"Radio Beacon"},"geometry":{"type":"Point","coordinates":[-79.40602,43.64668]}},{"type":"Feature","properties":{"name":"Neo Coffee Bar","routes":["C2"],"provs":["ON"],"desc":"Caf\u00e9\nSource: \u00a9 OpenStreetMap contributors (ODbL) https://www.openstreetmap.org/node/6362826745","sym":"Radio Beacon"},"geometry":{"type":"Point","coordinates":[-79.36915,43.65068]}},{"type":"Feature","properties":{"name":"Altitude Gym","routes":["C1","C3","CN","CA"],"provs":["ON","QC"],"desc":"Recreation centre\nWifi for customers\nSource: \u00a9 OpenStreetMap contributors (ODbL) https://www.openstreetmap.org/node/6373100184","sym":"Radio Beacon"},"geometry":{"type":"Point","coordinates":[-75.73699,45.44696]}},{"type":"Feature","properties":{"name":"The Roasterie","routes":["C1","C3"],"provs":["AB"],"desc":"Caf\u00e9\nSource: \u00a9 OpenStreetMap contributors (ODbL) https://www.openstreetmap.org/node/6373109830","sym":"Radio Beacon"},"geometry":{"type":"Point","coordinates":[-114.08571,51.05437]}},{"type":"Feature","properties":{"name":"McDonald's","routes":["C1","C3","CN","CA"],"provs":["QC"],"desc":"Fast food\nSource: \u00a9 OpenStreetMap contributors (ODbL) https://www.openstreetmap.org/node/6392308008","sym":"Radio Beacon"},"geometry":{"type":"Point","coordinates":[-75.67619,45.48115]}},{"type":"Feature","properties":{"name":"MEC Mountain Equipment Company","routes":["C2"],"provs":["ON"],"desc":"Outdoor store\nWifi for customers\nNetwork: MEC Guest Wireless\nSource: \u00a9 OpenStreetMap contributors (ODbL) https://www.openstreetmap.org/node/6400395472","sym":"Radio Beacon"},"geometry":{"type":"Point","coordinates":[-79.39388,43.6496]}},{"type":"Feature","properties":{"name":"Biblioth\u00e8que municipale de Berthierville","routes":["C1","C2","C3","CN","CW"],"provs":["QC"],"desc":"Library\nFree wifi\nNetwork: Arena_Berthier\nSource: \u00a9 OpenStreetMap contributors (ODbL) https://www.openstreetmap.org/node/6404569135","sym":"Radio Beacon"},"geometry":{"type":"Point","coordinates":[-73.19336,46.08604]}},{"type":"Feature","properties":{"name":"Food & Liquor","routes":["C2"],"provs":["ON"],"desc":"Bar\nWifi for customers\nSource: \u00a9 OpenStreetMap contributors (ODbL) https://www.openstreetmap.org/node/6416352605","sym":"Radio Beacon"},"geometry":{"type":"Point","coordinates":[-79.44185,43.63967]}},{"type":"Feature","properties":{"name":"Momo Ghar","routes":["C2"],"provs":["ON"],"desc":"Restaurant\nWifi for customers\nSource: \u00a9 OpenStreetMap contributors (ODbL) https://www.openstreetmap.org/node/6416453278","sym":"Radio Beacon"},"geometry":{"type":"Point","coordinates":[-79.48266,43.6499]}},{"type":"Feature","properties":{"name":"Tim Hortons","routes":["C1","CN","CL","CW"],"provs":["BC"],"desc":"Caf\u00e9\nSource: \u00a9 OpenStreetMap contributors (ODbL) https://www.openstreetmap.org/node/6450839658","sym":"Radio Beacon"},"geometry":{"type":"Point","coordinates":[-123.06909,49.02492]}},{"type":"Feature","properties":{"name":"Beamer's Coffee Bar Old Canmore Rd","routes":["C1","C3","CN","CA"],"provs":["AB"],"desc":"Caf\u00e9\nSource: \u00a9 OpenStreetMap contributors (ODbL) https://www.openstreetmap.org/node/6466057086","sym":"Radio Beacon"},"geometry":{"type":"Point","coordinates":[-115.34697,51.08821]}},{"type":"Feature","properties":{"name":"Beamer's Coffee Bar Bow Valley Store","routes":["C1","C3","CN","CA"],"provs":["AB"],"desc":"Caf\u00e9\nSource: \u00a9 OpenStreetMap contributors (ODbL) https://www.openstreetmap.org/node/6466062885","sym":"Radio Beacon"},"geometry":{"type":"Point","coordinates":[-115.35723,51.09625]}},{"type":"Feature","properties":{"name":"Ship Pub","routes":["C1","C3","CA"],"provs":["NL"],"desc":"Pub\nSource: \u00a9 OpenStreetMap contributors (ODbL) https://www.openstreetmap.org/node/6467190085","sym":"Radio Beacon"},"geometry":{"type":"Point","coordinates":[-52.70612,47.56577]}},{"type":"Feature","properties":{"name":"Battery Cafe","routes":["C1","C3","CA"],"provs":["NL"],"desc":"Caf\u00e9\nSource: \u00a9 OpenStreetMap contributors (ODbL) https://www.openstreetmap.org/node/6475136185","sym":"Radio Beacon"},"geometry":{"type":"Point","coordinates":[-52.69756,47.57152]}},{"type":"Feature","properties":{"name":"Freshii","routes":["C1","C2","CA"],"provs":["AB"],"desc":"Restaurant\nSource: \u00a9 OpenStreetMap contributors (ODbL) https://www.openstreetmap.org/node/6475478597","sym":"Radio Beacon"},"geometry":{"type":"Point","coordinates":[-110.64753,49.9995]}},{"type":"Feature","properties":{"name":"Tim Hortons","routes":["CN","CA"],"provs":["NS"],"desc":"Caf\u00e9\nFree wifi\nSource: \u00a9 OpenStreetMap contributors (ODbL) https://www.openstreetmap.org/node/6481545350","sym":"Radio Beacon"},"geometry":{"type":"Point","coordinates":[-63.52307,44.87932]}},{"type":"Feature","properties":{"name":"Tim Hortons","routes":["CN","CA"],"provs":["NS"],"desc":"Caf\u00e9\nFree wifi\nSource: \u00a9 OpenStreetMap contributors (ODbL) https://www.openstreetmap.org/node/6483254245","sym":"Radio Beacon"},"geometry":{"type":"Point","coordinates":[-63.53721,44.92618]}},{"type":"Feature","properties":{"name":"The Grand Trunk Spirits & Libations","routes":["C2"],"provs":["ON"],"desc":"Bar\nWifi for customers\nSource: \u00a9 OpenStreetMap contributors (ODbL) https://www.openstreetmap.org/node/6493214399","sym":"Radio Beacon"},"geometry":{"type":"Point","coordinates":[-79.44538,43.63901]}},{"type":"Feature","properties":{"name":"VIRL: Ladysmith Branch","routes":["C3"],"provs":["BC"],"desc":"Library\nFree wifi\nSource: \u00a9 OpenStreetMap contributors (ODbL) https://www.openstreetmap.org/node/6493345514","sym":"Radio Beacon"},"geometry":{"type":"Point","coordinates":[-123.82036,48.99484]}},{"type":"Feature","properties":{"name":"Pho Van Van","routes":["C1","C3","CN","CA"],"provs":["ON"],"desc":"Restaurant\nWifi for customers\nSource: \u00a9 OpenStreetMap contributors (ODbL) https://www.openstreetmap.org/node/6515775625","sym":"Radio Beacon"},"geometry":{"type":"Point","coordinates":[-75.73155,45.39945]}},{"type":"Feature","properties":{"name":"McBride & District Public Library","routes":["C3"],"provs":["BC"],"desc":"Library\nSource: \u00a9 OpenStreetMap contributors (ODbL) https://www.openstreetmap.org/node/6516639385","sym":"Radio Beacon"},"geometry":{"type":"Point","coordinates":[-120.16335,53.30286]}},{"type":"Feature","properties":{"name":"Le Pub des Borgia","routes":["C1","C2","C3","CA","CW"],"provs":["QC"],"desc":"Pub\nSource: \u00a9 OpenStreetMap contributors (ODbL) https://www.openstreetmap.org/node/6539614585","sym":"Radio Beacon"},"geometry":{"type":"Point","coordinates":[-71.20364,46.81265]}},{"type":"Feature","properties":{"name":"Across the Board Game Caf\u00e9","routes":["C1","C2","C3","CN"],"provs":["MB"],"desc":"Caf\u00e9\nSource: \u00a9 OpenStreetMap contributors (ODbL) https://www.openstreetmap.org/node/6548395685","sym":"Radio Beacon"},"geometry":{"type":"Point","coordinates":[-97.13946,49.89801]}},{"type":"Feature","properties":{"name":"Second Cup","routes":["C2","CN","CA","CL"],"provs":["NS"],"desc":"Caf\u00e9\nFree wifi\nSource: \u00a9 OpenStreetMap contributors (ODbL) https://www.openstreetmap.org/node/6564018469","sym":"Radio Beacon"},"geometry":{"type":"Point","coordinates":[-63.65583,44.73206]}},{"type":"Feature","properties":{"name":"A&W","routes":["C1","CA"],"provs":["SK"],"desc":"Fast food\nSource: \u00a9 OpenStreetMap contributors (ODbL) https://www.openstreetmap.org/node/6590102138","sym":"Radio Beacon"},"geometry":{"type":"Point","coordinates":[-101.65936,50.14764]}},{"type":"Feature","properties":{"name":"Marie 4 poches","routes":["C3","CA"],"provs":["QC"],"desc":"Bakery\nSource: \u00a9 OpenStreetMap contributors (ODbL) https://www.openstreetmap.org/node/6615473785","sym":"Radio Beacon"},"geometry":{"type":"Point","coordinates":[-66.49224,49.12458]}},{"type":"Feature","properties":{"name":"Ravito","routes":["C1","C2","CN","CA","CL"],"provs":["QC"],"desc":"Restaurant\nWifi for customers\nSource: \u00a9 OpenStreetMap contributors (ODbL) https://www.openstreetmap.org/node/6617154785","sym":"Radio Beacon"},"geometry":{"type":"Point","coordinates":[-73.57429,45.52263]}},{"type":"Feature","properties":{"name":"Harvey's","routes":["C3","CA"],"provs":["ON"],"desc":"Fast food\nWifi for customers\nSource: \u00a9 OpenStreetMap contributors (ODbL) https://www.openstreetmap.org/node/6617255162","sym":"Radio Beacon"},"geometry":{"type":"Point","coordinates":[-78.76026,44.35034]}},{"type":"Feature","properties":{"name":"Moxie's","routes":["C3","CA"],"provs":["SK"],"desc":"Restaurant\nSource: \u00a9 OpenStreetMap contributors (ODbL) https://www.openstreetmap.org/node/6617891188","sym":"Radio Beacon"},"geometry":{"type":"Point","coordinates":[-106.60607,52.11437]}},{"type":"Feature","properties":{"name":"KFC","routes":["C3","CN","CL"],"provs":["ON"],"desc":"Fast food\nSource: \u00a9 OpenStreetMap contributors (ODbL) https://www.openstreetmap.org/node/6627864286","sym":"Radio Beacon"},"geometry":{"type":"Point","coordinates":[-79.69984,44.40141]}},{"type":"Feature","properties":{"name":"Taco Bell","routes":["C3","CN","CL"],"provs":["ON"],"desc":"Fast food\nSource: \u00a9 OpenStreetMap contributors (ODbL) https://www.openstreetmap.org/node/6627864287","sym":"Radio Beacon"},"geometry":{"type":"Point","coordinates":[-79.69988,44.40146]}},{"type":"Feature","properties":{"name":"Cantook","routes":["C1","C2","C3","CA","CW"],"provs":["QC"],"desc":"Caf\u00e9\nSource: \u00a9 OpenStreetMap contributors (ODbL) https://www.openstreetmap.org/node/6633608117","sym":"Radio Beacon"},"geometry":{"type":"Point","coordinates":[-71.22007,46.80993]}},{"type":"Feature","properties":{"name":"49th Parallel Cafe","routes":["C3"],"provs":["BC"],"desc":"Caf\u00e9\nFree wifi\nSource: \u00a9 OpenStreetMap contributors (ODbL) https://www.openstreetmap.org/node/6656586979","sym":"Radio Beacon"},"geometry":{"type":"Point","coordinates":[-123.82294,48.99674]}},{"type":"Feature","properties":{"name":"Plantitude","routes":["C3"],"provs":["BC"],"desc":"Caf\u00e9\nSource: \u00a9 OpenStreetMap contributors (ODbL) https://www.openstreetmap.org/node/6659712086","sym":"Radio Beacon"},"geometry":{"type":"Point","coordinates":[-123.81683,48.9931]}},{"type":"Feature","properties":{"name":"Rinda's Kitchen","routes":["C3","CA"],"provs":["NL"],"desc":"Restaurant\nSource: \u00a9 OpenStreetMap contributors (ODbL) https://www.openstreetmap.org/node/6662686519","sym":"Radio Beacon"},"geometry":{"type":"Point","coordinates":[-57.94453,48.95449]}},{"type":"Feature","properties":{"name":"Lobster Galley","routes":["C1","C3"],"provs":["NS"],"desc":"Restaurant\nSource: \u00a9 OpenStreetMap contributors (ODbL) https://www.openstreetmap.org/node/6672478885","sym":"Radio Beacon"},"geometry":{"type":"Point","coordinates":[-60.59522,46.20871]}},{"type":"Feature","properties":{"name":"Tim Hortons","routes":["C2"],"provs":["ON"],"desc":"Caf\u00e9\nFree wifi\nSource: \u00a9 OpenStreetMap contributors (ODbL) https://www.openstreetmap.org/node/6685670275","sym":"Radio Beacon"},"geometry":{"type":"Point","coordinates":[-79.34665,43.65971]}},{"type":"Feature","properties":{"name":"Aupr\u00e8s de ma blonde","routes":["C1","C2","CN","CA","CL"],"provs":["QC"],"desc":"Restaurant\nSource: \u00a9 OpenStreetMap contributors (ODbL) https://www.openstreetmap.org/node/6708072485","sym":"Radio Beacon"},"geometry":{"type":"Point","coordinates":[-73.57327,45.51974]}},{"type":"Feature","properties":{"name":"Dairy Queen","routes":["C1","CN","CL","CW"],"provs":["BC"],"desc":"Fast food\nSource: \u00a9 OpenStreetMap contributors (ODbL) https://www.openstreetmap.org/node/6720621573","sym":"Radio Beacon"},"geometry":{"type":"Point","coordinates":[-123.06919,49.03085]}},{"type":"Feature","properties":{"name":"FVRL: Tsawwassen Library","routes":["C1","CN","CL","CW"],"provs":["BC"],"desc":"Library\nSource: \u00a9 OpenStreetMap contributors (ODbL) https://www.openstreetmap.org/node/6720694267","sym":"Radio Beacon"},"geometry":{"type":"Point","coordinates":[-123.07108,49.02658]}},{"type":"Feature","properties":{"name":"Thor\u2019s pizzeria","routes":["C2"],"provs":["BC"],"desc":"Restaurant\nSource: \u00a9 OpenStreetMap contributors (ODbL) https://www.openstreetmap.org/node/6725313086","sym":"Radio Beacon"},"geometry":{"type":"Point","coordinates":[-117.29589,49.49036]}},{"type":"Feature","properties":{"name":"Starbucks","routes":["C1","CL"],"provs":["BC"],"desc":"Caf\u00e9\nSource: \u00a9 OpenStreetMap contributors (ODbL) https://www.openstreetmap.org/node/6743222587","sym":"Radio Beacon"},"geometry":{"type":"Point","coordinates":[-119.41179,50.05366]}},{"type":"Feature","properties":{"name":"Library (wifi)","routes":["C3"],"provs":["QC"],"desc":"Library\nSource: \u00a9 OpenStreetMap contributors (ODbL) https://www.openstreetmap.org/node/6747199527","sym":"Radio Beacon"},"geometry":{"type":"Point","coordinates":[-64.97053,48.17957]}},{"type":"Feature","properties":{"name":"Anthony's","routes":["C1","C3","CN","CA"],"provs":["ON"],"desc":"Restaurant\nSource: \u00a9 OpenStreetMap contributors (ODbL) https://www.openstreetmap.org/node/6747283265","sym":"Radio Beacon"},"geometry":{"type":"Point","coordinates":[-75.73077,45.40005]}},{"type":"Feature","properties":{"name":"Absinthe","routes":["C1","C3","CN","CA"],"provs":["ON"],"desc":"Restaurant\nSource: \u00a9 OpenStreetMap contributors (ODbL) https://www.openstreetmap.org/node/6747283266","sym":"Radio Beacon"},"geometry":{"type":"Point","coordinates":[-75.73053,45.40013]}},{"type":"Feature","properties":{"name":"Starbucks","routes":["C1","C3","CN","CA"],"provs":["ON"],"desc":"Caf\u00e9\nSource: \u00a9 OpenStreetMap contributors (ODbL) https://www.openstreetmap.org/node/6760848994","sym":"Radio Beacon"},"geometry":{"type":"Point","coordinates":[-75.67989,45.42677]}},{"type":"Feature","properties":{"name":"CRAVE Coffee House & Bakery","routes":["C2","C3","CL"],"provs":["ON"],"desc":"Caf\u00e9\nSource: \u00a9 OpenStreetMap contributors (ODbL) https://www.openstreetmap.org/node/6762383785","sym":"Radio Beacon"},"geometry":{"type":"Point","coordinates":[-76.48471,44.23182]}},{"type":"Feature","properties":{"name":"Mink","routes":["C2","CN","CA","CL"],"provs":["BC"],"desc":"Caf\u00e9\nSource: \u00a9 OpenStreetMap contributors (ODbL) https://www.openstreetmap.org/node/6762913758","sym":"Radio Beacon"},"geometry":{"type":"Point","coordinates":[-123.11532,49.28662]}},{"type":"Feature","properties":{"name":"Starbucks","routes":["C1","C2","CN","CL"],"provs":["BC"],"desc":"Caf\u00e9\nFree wifi\nSource: \u00a9 OpenStreetMap contributors (ODbL) https://www.openstreetmap.org/node/6770904802","sym":"Radio Beacon"},"geometry":{"type":"Point","coordinates":[-122.70293,49.12476]}},{"type":"Feature","properties":{"name":"Wow Chicken","routes":["C1","C3"],"provs":["AB"],"desc":"Restaurant\nSource: \u00a9 OpenStreetMap contributors (ODbL) https://www.openstreetmap.org/node/6772624685","sym":"Radio Beacon"},"geometry":{"type":"Point","coordinates":[-114.08576,51.05492]}},{"type":"Feature","properties":{"name":"Maclab Bistro","routes":["C1","C3"],"provs":["AB"],"desc":"Caf\u00e9\nSource: \u00a9 OpenStreetMap contributors (ODbL) https://www.openstreetmap.org/node/6783676568","sym":"Radio Beacon"},"geometry":{"type":"Point","coordinates":[-115.56236,51.17209]}},{"type":"Feature","properties":{"name":"Three Ravens Restaurant & Wine Bar","routes":["C1","C3"],"provs":["AB"],"desc":"Restaurant\nSource: \u00a9 OpenStreetMap contributors (ODbL) https://www.openstreetmap.org/node/6783712313","sym":"Radio Beacon"},"geometry":{"type":"Point","coordinates":[-115.5612,51.17178]}},{"type":"Feature","properties":{"name":"Hurdman","routes":["C1","C3","CN","CA"],"provs":["ON"],"desc":"Train station\nSource: \u00a9 OpenStreetMap contributors (ODbL) https://www.openstreetmap.org/node/6793866766","sym":"Radio Beacon"},"geometry":{"type":"Point","coordinates":[-75.66424,45.41236]}},{"type":"Feature","properties":{"name":"Caf\u00e9 Velours","routes":["C1","C2","CN","CA","CL"],"provs":["QC"],"desc":"Caf\u00e9\nFree wifi\nSource: \u00a9 OpenStreetMap contributors (ODbL) https://www.openstreetmap.org/node/6800194998","sym":"Radio Beacon"},"geometry":{"type":"Point","coordinates":[-73.62347,45.54034]}},{"type":"Feature","properties":{"name":"Caf\u00e9 Roxane","routes":["C1","C2","CN","CA","CL"],"provs":["QC"],"desc":"Caf\u00e9\nWifi for customers\nSource: \u00a9 OpenStreetMap contributors (ODbL) https://www.openstreetmap.org/node/6800207386","sym":"Radio Beacon"},"geometry":{"type":"Point","coordinates":[-73.59151,45.51894]}},{"type":"Feature","properties":{"name":"Starbucks","routes":["C1","C2","CA"],"provs":["BC"],"desc":"Caf\u00e9\nFree wifi\nNetwork: Starbucks WiFi\nSource: \u00a9 OpenStreetMap contributors (ODbL) https://www.openstreetmap.org/node/6800724887","sym":"Radio Beacon"},"geometry":{"type":"Point","coordinates":[-121.95732,49.14198]}},{"type":"Feature","properties":{"name":"Sushi Bros","routes":["C2","CN","CA","CL"],"provs":["BC"],"desc":"Restaurant\nSource: \u00a9 OpenStreetMap contributors (ODbL) https://www.openstreetmap.org/node/6806550822","sym":"Radio Beacon"},"geometry":{"type":"Point","coordinates":[-123.11674,49.27917]}},{"type":"Feature","properties":{"name":"Le Petit Belge","routes":["C2","CN","CA","CL"],"provs":["BC"],"desc":"Caf\u00e9\nSource: \u00a9 OpenStreetMap contributors (ODbL) https://www.openstreetmap.org/node/6814499985","sym":"Radio Beacon"},"geometry":{"type":"Point","coordinates":[-123.11648,49.279]}},{"type":"Feature","properties":{"name":"Xing Fu Tang","routes":["C2","CN","CA","CL"],"provs":["BC"],"desc":"Caf\u00e9\nFree wifi\nSource: \u00a9 OpenStreetMap contributors (ODbL) https://www.openstreetmap.org/node/6818719746","sym":"Radio Beacon"},"geometry":{"type":"Point","coordinates":[-123.1164,49.28325]}},{"type":"Feature","properties":{"name":"Restaurant (wifi)","routes":["C3","CA"],"provs":["BC"],"desc":"Restaurant\nFree wifi\nSource: \u00a9 OpenStreetMap contributors (ODbL) https://www.openstreetmap.org/node/6835982397","sym":"Radio Beacon"},"geometry":{"type":"Point","coordinates":[-125.24394,50.02854]}},{"type":"Feature","properties":{"name":"Brewery Bay","routes":["C3","CN","CA","CL"],"provs":["ON"],"desc":"Restaurant\nFree wifi\nSource: \u00a9 OpenStreetMap contributors (ODbL) https://www.openstreetmap.org/node/6838029767","sym":"Radio Beacon"},"geometry":{"type":"Point","coordinates":[-79.41658,44.60937]}},{"type":"Feature","properties":{"name":"Boston Pizza","routes":["C1"],"provs":["ON"],"desc":"Restaurant\nSource: \u00a9 OpenStreetMap contributors (ODbL) https://www.openstreetmap.org/node/6848253285","sym":"Radio Beacon"},"geometry":{"type":"Point","coordinates":[-77.25708,45.88589]}},{"type":"Feature","properties":{"name":"Starbucks","routes":["C1"],"provs":["SK"],"desc":"Caf\u00e9\nFree wifi\nSource: \u00a9 OpenStreetMap contributors (ODbL) https://www.openstreetmap.org/node/6848874067","sym":"Radio Beacon"},"geometry":{"type":"Point","coordinates":[-104.51203,50.44572]}},{"type":"Feature","properties":{"name":"Lola Caf\u00e9","routes":["C2"],"provs":["NS"],"desc":"Caf\u00e9\nSource: \u00a9 OpenStreetMap contributors (ODbL) https://www.openstreetmap.org/node/6853702285","sym":"Radio Beacon"},"geometry":{"type":"Point","coordinates":[-65.50823,44.74138]}},{"type":"Feature","properties":{"name":"Niva\u2019s Restaurant","routes":["C1","C2","C3"],"provs":["ON"],"desc":"Restaurant\nSource: \u00a9 OpenStreetMap contributors (ODbL) https://www.openstreetmap.org/node/6865293785","sym":"Radio Beacon"},"geometry":{"type":"Point","coordinates":[-89.23742,48.424]}},{"type":"Feature","properties":{"name":"Starbucks","routes":["C2","CN","CL"],"provs":["BC"],"desc":"Caf\u00e9\nFree wifi\nSource: \u00a9 OpenStreetMap contributors (ODbL) https://www.openstreetmap.org/node/6874842990","sym":"Radio Beacon"},"geometry":{"type":"Point","coordinates":[-122.49444,49.06016]}},{"type":"Feature","properties":{"name":"Campbell River Whale Whatching","routes":["C3","CA"],"provs":["BC"],"desc":"Visitor centre\nFree wifi\nNetwork: CRWW Guests\nSource: \u00a9 OpenStreetMap contributors (ODbL) https://www.openstreetmap.org/node/6894060914","sym":"Radio Beacon"},"geometry":{"type":"Point","coordinates":[-125.2438,50.03273]}},{"type":"Feature","properties":{"name":"The Momo Grill Nepali Kitchen","routes":["C1","C2","CN","CL"],"provs":["BC"],"desc":"Restaurant\nFree wifi\nSource: \u00a9 OpenStreetMap contributors (ODbL) https://www.openstreetmap.org/node/6907023723","sym":"Radio Beacon"},"geometry":{"type":"Point","coordinates":[-122.77834,49.15656]}},{"type":"Feature","properties":{"name":"Mucho Burrito","routes":["C1","C2","C3","CN"],"provs":["MB"],"desc":"Fast food\nWifi for customers\nSource: \u00a9 OpenStreetMap contributors (ODbL) https://www.openstreetmap.org/node/6917311820","sym":"Radio Beacon"},"geometry":{"type":"Point","coordinates":[-97.19819,49.82166]}},{"type":"Feature","properties":{"name":"Far Out Coffee Post","routes":["C2","CN","CA","CL"],"provs":["BC"],"desc":"Caf\u00e9\nSource: \u00a9 OpenStreetMap contributors (ODbL) https://www.openstreetmap.org/node/6938361356","sym":"Radio Beacon"},"geometry":{"type":"Point","coordinates":[-123.05999,49.28491]}},{"type":"Feature","properties":{"name":"Caf\u00e9 Pista","routes":["C1","C2","CN","CA","CL"],"provs":["QC"],"desc":"Caf\u00e9\nFree wifi\nSource: \u00a9 OpenStreetMap contributors (ODbL) https://www.openstreetmap.org/node/6945142990","sym":"Radio Beacon"},"geometry":{"type":"Point","coordinates":[-73.56574,45.51093]}},{"type":"Feature","properties":{"name":"ES Caf\u00e9 Lauzon","routes":["C1","C2","C3","CA","CW"],"provs":["QC"],"desc":"Caf\u00e9\nSource: \u00a9 OpenStreetMap contributors (ODbL) https://www.openstreetmap.org/node/6965004232","sym":"Radio Beacon"},"geometry":{"type":"Point","coordinates":[-71.14859,46.8149]}},{"type":"Feature","properties":{"name":"Caf\u00e9-in","routes":["C1","C2","CN","CA","CL"],"provs":["QC"],"desc":"Caf\u00e9\nSource: \u00a9 OpenStreetMap contributors (ODbL) https://www.openstreetmap.org/node/7017236577","sym":"Radio Beacon"},"geometry":{"type":"Point","coordinates":[-73.61999,45.52298]}},{"type":"Feature","properties":{"name":"Bay Village Coffee","routes":["C1","C2","C3"],"provs":["ON"],"desc":"Caf\u00e9\nSource: \u00a9 OpenStreetMap contributors (ODbL) https://www.openstreetmap.org/node/7020301355","sym":"Radio Beacon"},"geometry":{"type":"Point","coordinates":[-89.22603,48.42995]}},{"type":"Feature","properties":{"name":"Starbucks","routes":["C2","CN","CA","CL"],"provs":["BC"],"desc":"Caf\u00e9\nFree wifi\nSource: \u00a9 OpenStreetMap contributors (ODbL) https://www.openstreetmap.org/node/7022244515","sym":"Radio Beacon"},"geometry":{"type":"Point","coordinates":[-123.00485,49.26576]}},{"type":"Feature","properties":{"name":"Tim Hortons","routes":["C2","CN","CA","CL"],"provs":["BC"],"desc":"Caf\u00e9\nFree wifi\nSource: \u00a9 OpenStreetMap contributors (ODbL) https://www.openstreetmap.org/node/7030505027","sym":"Radio Beacon"},"geometry":{"type":"Point","coordinates":[-123.11645,49.28307]}},{"type":"Feature","properties":{"name":"Dartmouth North Public Library","routes":["C2","CN","CA","CL"],"provs":["NS"],"desc":"Library\nFree wifi\nSource: \u00a9 OpenStreetMap contributors (ODbL) https://www.openstreetmap.org/node/7037203285","sym":"Radio Beacon"},"geometry":{"type":"Point","coordinates":[-63.58875,44.68403]}},{"type":"Feature","properties":{"name":"Real Fake Meats","routes":["C2","CN","CA","CL"],"provs":["NS"],"desc":"Restaurant\nSource: \u00a9 OpenStreetMap contributors (ODbL) https://www.openstreetmap.org/node/7082566319","sym":"Radio Beacon"},"geometry":{"type":"Point","coordinates":[-63.58618,44.65376]}},{"type":"Feature","properties":{"name":"Tim Hortons","routes":["C1","CN","CL"],"provs":["ON"],"desc":"Caf\u00e9\nSource: \u00a9 OpenStreetMap contributors (ODbL) https://www.openstreetmap.org/node/7083137424","sym":"Radio Beacon"},"geometry":{"type":"Point","coordinates":[-80.94276,46.52265]}},{"type":"Feature","properties":{"name":"Tia's Cafe","routes":["C3","CA"],"provs":["BC"],"desc":"Caf\u00e9\nSource: \u00a9 OpenStreetMap contributors (ODbL) https://www.openstreetmap.org/node/7097250913","sym":"Radio Beacon"},"geometry":{"type":"Point","coordinates":[-127.08664,50.58922]}},{"type":"Feature","properties":{"name":"Starbucks","routes":["C1","C2","CN"],"provs":["BC"],"desc":"Caf\u00e9\nSource: \u00a9 OpenStreetMap contributors (ODbL) https://www.openstreetmap.org/node/7097592417","sym":"Radio Beacon"},"geometry":{"type":"Point","coordinates":[-122.6241,49.09649]}},{"type":"Feature","properties":{"name":"Daves' Bakery","routes":["C3","CA"],"provs":["BC"],"desc":"Bakery\nSource: \u00a9 OpenStreetMap contributors (ODbL) https://www.openstreetmap.org/node/7100170585","sym":"Radio Beacon"},"geometry":{"type":"Point","coordinates":[-125.21526,49.97002]}},{"type":"Feature","properties":{"name":"Bridgehead","routes":["C1","C3","CN","CA"],"provs":["ON","QC"],"desc":"Caf\u00e9\nSource: \u00a9 OpenStreetMap contributors (ODbL) https://www.openstreetmap.org/node/7102203041","sym":"Radio Beacon"},"geometry":{"type":"Point","coordinates":[-75.69345,45.43138]}},{"type":"Feature","properties":{"name":"Archway","routes":["C1","C2","CN","CA","CL"],"provs":["QC"],"desc":"Restaurant\nSource: \u00a9 OpenStreetMap contributors (ODbL) https://www.openstreetmap.org/node/7115012085","sym":"Radio Beacon"},"geometry":{"type":"Point","coordinates":[-73.56677,45.46696]}},{"type":"Feature","properties":{"name":"Kulinarya Filipino Eatery","routes":["C2","CN","CA","CL"],"provs":["BC"],"desc":"Restaurant\nWifi for customers\nSource: \u00a9 OpenStreetMap contributors (ODbL) https://www.openstreetmap.org/node/7126942686","sym":"Radio Beacon"},"geometry":{"type":"Point","coordinates":[-123.06936,49.27435]}},{"type":"Feature","properties":{"name":"Arby's","routes":["C2","CN","CL"],"provs":["BC"],"desc":"Fast food\nSource: \u00a9 OpenStreetMap contributors (ODbL) https://www.openstreetmap.org/node/7134087887","sym":"Radio Beacon"},"geometry":{"type":"Point","coordinates":[-122.49384,49.06005]}},{"type":"Feature","properties":{"name":"Tim Hortons","routes":["C2"],"provs":["ON"],"desc":"Caf\u00e9\nFree wifi\nSource: \u00a9 OpenStreetMap contributors (ODbL) https://www.openstreetmap.org/node/7147311079","sym":"Radio Beacon"},"geometry":{"type":"Point","coordinates":[-79.3613,43.65993]}},{"type":"Feature","properties":{"name":"Starbucks","routes":["C3","CN"],"provs":["ON"],"desc":"Caf\u00e9\nFree wifi\nSource: \u00a9 OpenStreetMap contributors (ODbL) https://www.openstreetmap.org/node/7196399510","sym":"Radio Beacon"},"geometry":{"type":"Point","coordinates":[-79.6795,44.33761]}},{"type":"Feature","properties":{"name":"Pizza Pizza","routes":["C3","CN"],"provs":["ON"],"desc":"Fast food\nFree wifi\nNetwork: Pizza Pizza Wifi\nSource: \u00a9 OpenStreetMap contributors (ODbL) https://www.openstreetmap.org/node/7196417756","sym":"Radio Beacon"},"geometry":{"type":"Point","coordinates":[-79.67228,44.37161]}},{"type":"Feature","properties":{"name":"Tha\u00ef Express","routes":["C2","CN"],"provs":["QC"],"desc":"Fast food\nSource: \u00a9 OpenStreetMap contributors (ODbL) https://www.openstreetmap.org/node/7201369597","sym":"Radio Beacon"},"geometry":{"type":"Point","coordinates":[-73.96266,45.38772]}},{"type":"Feature","properties":{"name":"Domino's","routes":["C2","CN"],"provs":["QC"],"desc":"Fast food\nSource: \u00a9 OpenStreetMap contributors (ODbL) https://www.openstreetmap.org/node/7202192714","sym":"Radio Beacon"},"geometry":{"type":"Point","coordinates":[-73.96459,45.39043]}},{"type":"Feature","properties":{"name":"Foster Farm Community Centre","routes":["C1","C3","CN"],"provs":["ON"],"desc":"Community centre\nFree wifi\nSource: \u00a9 OpenStreetMap contributors (ODbL) https://www.openstreetmap.org/node/7215114501","sym":"Radio Beacon"},"geometry":{"type":"Point","coordinates":[-75.79453,45.34973]}},{"type":"Feature","properties":{"name":"Sackville Public Library","routes":["C2","CN","CA","CL"],"provs":["NS"],"desc":"Library\nFree wifi\nSource: \u00a9 OpenStreetMap contributors (ODbL) https://www.openstreetmap.org/node/7234366834","sym":"Radio Beacon"},"geometry":{"type":"Point","coordinates":[-63.68807,44.76873]}},{"type":"Feature","properties":{"name":"Tim Hortons","routes":["C2","CN","CA","CL"],"provs":["NS"],"desc":"Caf\u00e9\nFree wifi\nSource: \u00a9 OpenStreetMap contributors (ODbL) https://www.openstreetmap.org/node/7243661390","sym":"Radio Beacon"},"geometry":{"type":"Point","coordinates":[-63.68743,44.76948]}},{"type":"Feature","properties":{"name":"Loga's Corner","routes":["C2"],"provs":["ON"],"desc":"Restaurant\nSource: \u00a9 OpenStreetMap contributors (ODbL) https://www.openstreetmap.org/node/7246451485","sym":"Radio Beacon"},"geometry":{"type":"Point","coordinates":[-79.43598,43.64036]}},{"type":"Feature","properties":{"name":"LeMajesth\u00e9","routes":["C1","C2","CN","CA","CL"],"provs":["QC"],"desc":"Restaurant\nSource: \u00a9 OpenStreetMap contributors (ODbL) https://www.openstreetmap.org/node/7265058699","sym":"Radio Beacon"},"geometry":{"type":"Point","coordinates":[-73.57273,45.5048]}},{"type":"Feature","properties":{"name":"Tim Hortons","routes":["C1"],"provs":["SK"],"desc":"Caf\u00e9\nSource: \u00a9 OpenStreetMap contributors (ODbL) https://www.openstreetmap.org/node/7266803285","sym":"Radio Beacon"},"geometry":{"type":"Point","coordinates":[-104.61749,50.41169]}},{"type":"Feature","properties":{"name":"Starbucks","routes":["C1","CA"],"provs":["BC"],"desc":"Caf\u00e9\nSource: \u00a9 OpenStreetMap contributors (ODbL) https://www.openstreetmap.org/node/7304429835","sym":"Radio Beacon"},"geometry":{"type":"Point","coordinates":[-119.44033,49.88072]}},{"type":"Feature","properties":{"name":"Tim Hortons","routes":["C1","CA"],"provs":["BC"],"desc":"Caf\u00e9\nSource: \u00a9 OpenStreetMap contributors (ODbL) https://www.openstreetmap.org/node/7304478615","sym":"Radio Beacon"},"geometry":{"type":"Point","coordinates":[-119.44115,49.87817]}},{"type":"Feature","properties":{"name":"McDonald's","routes":["C2","CA"],"provs":["QC"],"desc":"Fast food\nFree wifi\nSource: \u00a9 OpenStreetMap contributors (ODbL) https://www.openstreetmap.org/node/7357120735","sym":"Radio Beacon"},"geometry":{"type":"Point","coordinates":[-73.8469,45.43227]}},{"type":"Feature","properties":{"name":"Robin des Bois","routes":["C1","C2","CN","CA","CL"],"provs":["QC"],"desc":"Restaurant\nSource: \u00a9 OpenStreetMap contributors (ODbL) https://www.openstreetmap.org/node/7363083868","sym":"Radio Beacon"},"geometry":{"type":"Point","coordinates":[-73.56953,45.52519]}},{"type":"Feature","properties":{"name":"JJ Bean","routes":["C2","CN","CA","CL"],"provs":["BC"],"desc":"Caf\u00e9\nWifi for customers\nSource: \u00a9 OpenStreetMap contributors (ODbL) https://www.openstreetmap.org/node/7368543798","sym":"Radio Beacon"},"geometry":{"type":"Point","coordinates":[-123.00884,49.2812]}},{"type":"Feature","properties":{"name":"McDonald's","routes":["C1","C2","CN","CA","CL"],"provs":["QC"],"desc":"Fast food\nFree wifi\nSource: \u00a9 OpenStreetMap contributors (ODbL) https://www.openstreetmap.org/node/7379832303","sym":"Radio Beacon"},"geometry":{"type":"Point","coordinates":[-73.61938,45.53556]}},{"type":"Feature","properties":{"name":"Le Webster","routes":["C1","C2","CN","CA","CL"],"provs":["QC"],"desc":"Caf\u00e9\nSource: \u00a9 OpenStreetMap contributors (ODbL) https://www.openstreetmap.org/node/7402516085","sym":"Radio Beacon"},"geometry":{"type":"Point","coordinates":[-73.50954,45.50095]}},{"type":"Feature","properties":{"name":"McDonald's","routes":["C1","C2","CN","CA","CL"],"provs":["QC"],"desc":"Fast food\nFree wifi\nSource: \u00a9 OpenStreetMap contributors (ODbL) https://www.openstreetmap.org/node/7414918760","sym":"Radio Beacon"},"geometry":{"type":"Point","coordinates":[-73.57854,45.48071]}},{"type":"Feature","properties":{"name":"Kafka","routes":["C2","CN","CA","CL"],"provs":["BC"],"desc":"Caf\u00e9\nSource: \u00a9 OpenStreetMap contributors (ODbL) https://www.openstreetmap.org/node/7418505280","sym":"Radio Beacon"},"geometry":{"type":"Point","coordinates":[-123.09032,49.26722]}},{"type":"Feature","properties":{"name":"McDonald's","routes":["C1","CN","CA","CL"],"provs":["QC"],"desc":"Fast food\nSource: \u00a9 OpenStreetMap contributors (ODbL) https://www.openstreetmap.org/node/7433945761","sym":"Radio Beacon"},"geometry":{"type":"Point","coordinates":[-73.66362,45.55365]}},{"type":"Feature","properties":{"name":"McDonald's","routes":["C1","C2","CN","CA","CL"],"provs":["QC"],"desc":"Fast food\nFree wifi\nSource: \u00a9 OpenStreetMap contributors (ODbL) https://www.openstreetmap.org/node/7439829570","sym":"Radio Beacon"},"geometry":{"type":"Point","coordinates":[-73.56276,45.46075]}},{"type":"Feature","properties":{"name":"Fresco Foods","routes":["C2","CN","CA","CL"],"provs":["BC"],"desc":"Supermarket\nSource: \u00a9 OpenStreetMap contributors (ODbL) https://www.openstreetmap.org/node/7443788485","sym":"Radio Beacon"},"geometry":{"type":"Point","coordinates":[-123.13291,49.28193]}},{"type":"Feature","properties":{"name":"The Chopped Leaf","routes":["C1","CN","CL","CW"],"provs":["BC"],"desc":"Restaurant\nSource: \u00a9 OpenStreetMap contributors (ODbL) https://www.openstreetmap.org/node/7455380239","sym":"Radio Beacon"},"geometry":{"type":"Point","coordinates":[-123.06786,49.02546]}},{"type":"Feature","properties":{"name":"The Canadian Brewhouse","routes":["C3","CA","CL"],"provs":["BC"],"desc":"Restaurant\nSource: \u00a9 OpenStreetMap contributors (ODbL) https://www.openstreetmap.org/node/7468320736","sym":"Radio Beacon"},"geometry":{"type":"Point","coordinates":[-122.76824,53.89099]}},{"type":"Feature","properties":{"name":"Tim Hortons","routes":["C1","C3","CN"],"provs":["QC"],"desc":"Caf\u00e9\nFree wifi\nSource: \u00a9 OpenStreetMap contributors (ODbL) https://www.openstreetmap.org/node/7473168691","sym":"Radio Beacon"},"geometry":{"type":"Point","coordinates":[-74.28674,45.47921]}},{"type":"Feature","properties":{"name":"Maxi","routes":["C1","C2","CN","CA","CL"],"provs":["QC"],"desc":"Supermarket\nFree wifi\nSource: \u00a9 OpenStreetMap contributors (ODbL) https://www.openstreetmap.org/node/7504493140","sym":"Radio Beacon"},"geometry":{"type":"Point","coordinates":[-73.56231,45.47159]}},{"type":"Feature","properties":{"name":"Boccato","routes":["C1","C3","CN","CA"],"provs":["ON"],"desc":"Ice cream\nFree wifi\nSource: \u00a9 OpenStreetMap contributors (ODbL) https://www.openstreetmap.org/node/7528966789","sym":"Radio Beacon"},"geometry":{"type":"Point","coordinates":[-75.68248,45.40074]}},{"type":"Feature","properties":{"name":"Le Caf\u00e9ier","routes":["C1","C2","C3","CN","CA","CW"],"provs":["QC"],"desc":"Caf\u00e9\nWifi for customers\nSource: \u00a9 OpenStreetMap contributors (ODbL) https://www.openstreetmap.org/node/7543081285","sym":"Radio Beacon"},"geometry":{"type":"Point","coordinates":[-72.54032,46.34082]}},{"type":"Feature","properties":{"name":"Starbucks","routes":["C2","CN","CL"],"provs":["ON"],"desc":"Caf\u00e9\nSource: \u00a9 OpenStreetMap contributors (ODbL) https://www.openstreetmap.org/node/7553898749","sym":"Radio Beacon"},"geometry":{"type":"Point","coordinates":[-79.46626,43.75868]}},{"type":"Feature","properties":{"name":"Iconoglace","routes":["C1","C2","CN","CA","CL"],"provs":["QC"],"desc":"Ice cream\nWifi for customers\nSource: \u00a9 OpenStreetMap contributors (ODbL) https://www.openstreetmap.org/node/7570437790","sym":"Radio Beacon"},"geometry":{"type":"Point","coordinates":[-73.60606,45.54336]}},{"type":"Feature","properties":{"name":"Biblioth\u00e8que Lisette-Morin","routes":["C1","C3"],"provs":["QC"],"desc":"Library\nFree wifi\nSource: \u00a9 OpenStreetMap contributors (ODbL) https://www.openstreetmap.org/node/7574048627","sym":"Radio Beacon"},"geometry":{"type":"Point","coordinates":[-68.52066,48.45197]}},{"type":"Feature","properties":{"name":"Tim Hortons","routes":["C2","CN","CA","CL"],"provs":["NS"],"desc":"Caf\u00e9\nFree wifi\nSource: \u00a9 OpenStreetMap contributors (ODbL) https://www.openstreetmap.org/node/7613431903","sym":"Radio Beacon"},"geometry":{"type":"Point","coordinates":[-63.5686,44.71018]}},{"type":"Feature","properties":{"name":"Sab\u00e0 Cafe and Bistro","routes":["C1","C2","CN"],"provs":["BC"],"desc":"Caf\u00e9\nSource: \u00a9 OpenStreetMap contributors (ODbL) https://www.openstreetmap.org/node/7648279186","sym":"Radio Beacon"},"geometry":{"type":"Point","coordinates":[-122.57618,49.16961]}},{"type":"Feature","properties":{"name":"Enroute Cycling & Cafe","routes":["C2","CN","CA","CL"],"provs":["BC"],"desc":"Caf\u00e9\nFree wifi\nSource: \u00a9 OpenStreetMap contributors (ODbL) https://www.openstreetmap.org/node/7681222098","sym":"Radio Beacon"},"geometry":{"type":"Point","coordinates":[-123.15539,49.27094]}},{"type":"Feature","properties":{"name":"Tim Hortons","routes":["C1"],"provs":["BC"],"desc":"Caf\u00e9\nSource: \u00a9 OpenStreetMap contributors (ODbL) https://www.openstreetmap.org/node/7711511985","sym":"Radio Beacon"},"geometry":{"type":"Point","coordinates":[-119.62175,49.83248]}},{"type":"Feature","properties":{"name":"L.E. Shore Library","routes":["C3"],"provs":["ON"],"desc":"Library\nSource: \u00a9 OpenStreetMap contributors (ODbL) https://www.openstreetmap.org/node/7766251423","sym":"Radio Beacon"},"geometry":{"type":"Point","coordinates":[-80.4604,44.55424]}},{"type":"Feature","properties":{"name":"Wayne & Freda","routes":["C1","CA"],"provs":["BC"],"desc":"Caf\u00e9\nSource: \u00a9 OpenStreetMap contributors (ODbL) https://www.openstreetmap.org/node/7804973286","sym":"Radio Beacon"},"geometry":{"type":"Point","coordinates":[-119.59657,49.50021]}},{"type":"Feature","properties":{"name":"Common Ground Cafe","routes":["C2","CA"],"provs":["BC"],"desc":"Caf\u00e9\nSource: \u00a9 OpenStreetMap contributors (ODbL) https://www.openstreetmap.org/node/7816189385","sym":"Radio Beacon"},"geometry":{"type":"Point","coordinates":[-117.65637,49.2995]}},{"type":"Feature","properties":{"name":"O Station Cafe","routes":["C1","C2","C3","CN"],"provs":["MB"],"desc":"Caf\u00e9\nWifi for customers\nSource: \u00a9 OpenStreetMap contributors (ODbL) https://www.openstreetmap.org/node/7823935497","sym":"Radio Beacon"},"geometry":{"type":"Point","coordinates":[-97.14205,49.87421]}},{"type":"Feature","properties":{"name":"Chez T\u00e9ta","routes":["C1","C2","CN","CA","CL"],"provs":["QC"],"desc":"Caf\u00e9\nWifi for customers\nSource: \u00a9 OpenStreetMap contributors (ODbL) https://www.openstreetmap.org/node/7824147085","sym":"Radio Beacon"},"geometry":{"type":"Point","coordinates":[-73.57981,45.52022]}},{"type":"Feature","properties":{"name":"The Coffee Shop","routes":["C2","C3","CW"],"provs":["ON"],"desc":"Fast food\nSource: \u00a9 OpenStreetMap contributors (ODbL) https://www.openstreetmap.org/node/7826602487","sym":"Radio Beacon"},"geometry":{"type":"Point","coordinates":[-81.66371,45.25449]}},{"type":"Feature","properties":{"name":"\u00c0 La D\u00e9rive","routes":["C1","C3","CN","CA"],"provs":["ON","QC"],"desc":"Pub\nWifi for customers\nNetwork: DERIVE CLIENT\nSource: \u00a9 OpenStreetMap contributors (ODbL) https://www.openstreetmap.org/node/7826910129","sym":"Radio Beacon"},"geometry":{"type":"Point","coordinates":[-75.6916,45.45627]}},{"type":"Feature","properties":{"name":"Alamb\u00e9 Coffee","routes":["C1","CA","CL"],"provs":["PE"],"desc":"Restaurant\nNetwork: alambe\nSource: \u00a9 OpenStreetMap contributors (ODbL) https://www.openstreetmap.org/node/7843811256","sym":"Radio Beacon"},"geometry":{"type":"Point","coordinates":[-63.1287,46.23569]}},{"type":"Feature","properties":{"name":"Tim Hortons","routes":["C1","C3"],"provs":["AB"],"desc":"Caf\u00e9\nFree wifi\nSource: \u00a9 OpenStreetMap contributors (ODbL) https://www.openstreetmap.org/node/7851626586","sym":"Radio Beacon"},"geometry":{"type":"Point","coordinates":[-114.07577,51.04892]}},{"type":"Feature","properties":{"name":"Shelter","routes":["C2","CA"],"provs":["BC"],"desc":"Restaurant\nSource: \u00a9 OpenStreetMap contributors (ODbL) https://www.openstreetmap.org/node/7899260385","sym":"Radio Beacon"},"geometry":{"type":"Point","coordinates":[-125.89518,49.15082]}},{"type":"Feature","properties":{"name":"McGill","routes":["C1","C2","CN","CA","CL"],"provs":["QC"],"desc":"Train station\nFree wifi\nSource: \u00a9 OpenStreetMap contributors (ODbL) https://www.openstreetmap.org/node/7966937790","sym":"Radio Beacon"},"geometry":{"type":"Point","coordinates":[-73.57213,45.50249]}},{"type":"Feature","properties":{"name":"The Makerie Craft and Coffee Bar","routes":["C3","CA","CL"],"provs":["BC"],"desc":"Caf\u00e9\nSource: \u00a9 OpenStreetMap contributors (ODbL) https://www.openstreetmap.org/node/8026820485","sym":"Radio Beacon"},"geometry":{"type":"Point","coordinates":[-122.7446,53.91453]}},{"type":"Feature","properties":{"name":"L'Oeufrier (St-Henri)","routes":["C1","C2","CN","CA","CL"],"provs":["QC"],"desc":"Restaurant\nSource: \u00a9 OpenStreetMap contributors (ODbL) https://www.openstreetmap.org/node/8034221769","sym":"Radio Beacon"},"geometry":{"type":"Point","coordinates":[-73.58154,45.47914]}},{"type":"Feature","properties":{"name":"La P'tite Grenouille","routes":["C1","C2","C3","CA"],"provs":["QC"],"desc":"Bar\nSource: \u00a9 OpenStreetMap contributors (ODbL) https://www.openstreetmap.org/node/8059085288","sym":"Radio Beacon"},"geometry":{"type":"Point","coordinates":[-69.53471,47.8306]}},{"type":"Feature","properties":{"name":"IGA Extra","routes":["C2","CN"],"provs":["QC"],"desc":"Supermarket\nSource: \u00a9 OpenStreetMap contributors (ODbL) https://www.openstreetmap.org/node/8063313601","sym":"Radio Beacon"},"geometry":{"type":"Point","coordinates":[-73.9614,45.38685]}},{"type":"Feature","properties":{"name":"Tim Hortons","routes":["C2","CN"],"provs":["QC"],"desc":"Caf\u00e9\nSource: \u00a9 OpenStreetMap contributors (ODbL) https://www.openstreetmap.org/node/8063313616","sym":"Radio Beacon"},"geometry":{"type":"Point","coordinates":[-73.96161,45.38753]}},{"type":"Feature","properties":{"name":"McDonald's","routes":["C2","CN"],"provs":["QC"],"desc":"Fast food\nSource: \u00a9 OpenStreetMap contributors (ODbL) https://www.openstreetmap.org/node/8063710002","sym":"Radio Beacon"},"geometry":{"type":"Point","coordinates":[-73.96407,45.38978]}},{"type":"Feature","properties":{"name":"Maxi Cardinal","routes":["C2","CN"],"provs":["QC"],"desc":"Supermarket\nSource: \u00a9 OpenStreetMap contributors (ODbL) https://www.openstreetmap.org/node/8063886919","sym":"Radio Beacon"},"geometry":{"type":"Point","coordinates":[-73.99152,45.38405]}},{"type":"Feature","properties":{"name":"ORL: West Kelowna Branch","routes":["C1"],"provs":["BC"],"desc":"Library\nSource: \u00a9 OpenStreetMap contributors (ODbL) https://www.openstreetmap.org/node/8108953824","sym":"Radio Beacon"},"geometry":{"type":"Point","coordinates":[-119.62386,49.82791]}},{"type":"Feature","properties":{"name":"Tim Hortons","routes":["C2","CN","CA","CL"],"provs":["BC"],"desc":"Caf\u00e9\nSource: \u00a9 OpenStreetMap contributors (ODbL) https://www.openstreetmap.org/node/8185459323","sym":"Radio Beacon"},"geometry":{"type":"Point","coordinates":[-123.11731,49.27999]}},{"type":"Feature","properties":{"name":"Kickstand Community Bike Shop","routes":["C2","CN","CA","CL"],"provs":["BC"],"desc":"Bike shop\nSource: \u00a9 OpenStreetMap contributors (ODbL) https://www.openstreetmap.org/node/8186316818","sym":"Radio Beacon"},"geometry":{"type":"Point","coordinates":[-123.07926,49.27616]}},{"type":"Feature","properties":{"name":"Gare Centrale","routes":["C1","C2","CN","CA","CL"],"provs":["QC"],"desc":"Train station\nSource: \u00a9 OpenStreetMap contributors (ODbL) https://www.openstreetmap.org/node/8205968569","sym":"Radio Beacon"},"geometry":{"type":"Point","coordinates":[-73.56669,45.49993]}},{"type":"Feature","properties":{"name":"CoCo Fresh Tea & Juice","routes":["CL"],"provs":["ON"],"desc":"Caf\u00e9\nSource: \u00a9 OpenStreetMap contributors (ODbL) https://www.openstreetmap.org/node/8260956496","sym":"Radio Beacon"},"geometry":{"type":"Point","coordinates":[-79.33083,43.81904]}},{"type":"Feature","properties":{"name":"Kalma Family Restaurant","routes":["C1","C2","CN","CL"],"provs":["BC"],"desc":"Restaurant\nNetwork: Smartwifi\nSource: \u00a9 OpenStreetMap contributors (ODbL) https://www.openstreetmap.org/node/8322305830","sym":"Radio Beacon"},"geometry":{"type":"Point","coordinates":[-122.65198,49.10498]}},{"type":"Feature","properties":{"name":"Starbucks","routes":["C1","C3","CN"],"provs":["QC"],"desc":"Caf\u00e9\nSource: \u00a9 OpenStreetMap contributors (ODbL) https://www.openstreetmap.org/node/8346181717","sym":"Radio Beacon"},"geometry":{"type":"Point","coordinates":[-73.73847,45.61339]}},{"type":"Feature","properties":{"name":"Ebus - Vancouver, Kamloops & Kelowna","routes":["C1","C2","CN","CA"],"provs":["BC"],"desc":"Bus station\nSource: \u00a9 OpenStreetMap contributors (ODbL) https://www.openstreetmap.org/node/8396007017","sym":"Radio Beacon"},"geometry":{"type":"Point","coordinates":[-121.4421,49.3769]}},{"type":"Feature","properties":{"name":"Jollibee","routes":["C2"],"provs":["ON"],"desc":"Fast food\nSource: \u00a9 OpenStreetMap contributors (ODbL) https://www.openstreetmap.org/node/8396835730","sym":"Radio Beacon"},"geometry":{"type":"Point","coordinates":[-79.38155,43.65745]}},{"type":"Feature","properties":{"name":"Loophole Coffee Bar","routes":["C1","C3"],"provs":["AB"],"desc":"Caf\u00e9\nWifi for customers\nSource: \u00a9 OpenStreetMap contributors (ODbL) https://www.openstreetmap.org/node/8407097991","sym":"Radio Beacon"},"geometry":{"type":"Point","coordinates":[-114.08596,51.0465]}},{"type":"Feature","properties":{"name":"Sparwood Visitor Centre","routes":["C2"],"provs":["BC"],"desc":"Visitor centre\nFree wifi\nSource: \u00a9 OpenStreetMap contributors (ODbL) https://www.openstreetmap.org/node/8418884295","sym":"Radio Beacon"},"geometry":{"type":"Point","coordinates":[-114.88473,49.73138]}},{"type":"Feature","properties":{"name":"Penguin Bros.","routes":["CN","CA","CL","CW"],"provs":["BC"],"desc":"Caf\u00e9\nWifi for customers\nSource: \u00a9 OpenStreetMap contributors (ODbL) https://www.openstreetmap.org/node/8464821422","sym":"Radio Beacon"},"geometry":{"type":"Point","coordinates":[-123.14672,49.17372]}},{"type":"Feature","properties":{"name":"Meltwich Food Co.","routes":["C1","C3"],"provs":["AB"],"desc":"Restaurant\nSource: \u00a9 OpenStreetMap contributors (ODbL) https://www.openstreetmap.org/node/8495295747","sym":"Radio Beacon"},"geometry":{"type":"Point","coordinates":[-114.08655,51.03817]}},{"type":"Feature","properties":{"name":"The Gallery","routes":["C1","CA","CL"],"provs":["PE"],"desc":"Caf\u00e9\nFree wifi\nNetwork: The Gallery Guests\nSource: \u00a9 OpenStreetMap contributors (ODbL) https://www.openstreetmap.org/node/8542055290","sym":"Radio Beacon"},"geometry":{"type":"Point","coordinates":[-63.12509,46.23454]}},{"type":"Feature","properties":{"name":"Tim Hortons","routes":["C1","C3","CN"],"provs":["QC"],"desc":"Caf\u00e9\nFree wifi\nSource: \u00a9 OpenStreetMap contributors (ODbL) https://www.openstreetmap.org/node/8558379868","sym":"Radio Beacon"},"geometry":{"type":"Point","coordinates":[-73.72611,45.55826]}},{"type":"Feature","properties":{"name":"Tim Hortons","routes":["C2","C3","CN","CA","CW"],"provs":["BC"],"desc":"Caf\u00e9\nSource: \u00a9 OpenStreetMap contributors (ODbL) https://www.openstreetmap.org/node/8600807224","sym":"Radio Beacon"},"geometry":{"type":"Point","coordinates":[-124.02834,49.21991]}},{"type":"Feature","properties":{"name":"The Brown Hound","routes":["C2","CN","CA","CL"],"provs":["NS"],"desc":"Restaurant\nSource: \u00a9 OpenStreetMap contributors (ODbL) https://www.openstreetmap.org/node/8622604791","sym":"Radio Beacon"},"geometry":{"type":"Point","coordinates":[-63.57065,44.64386]}},{"type":"Feature","properties":{"name":"2 Kelly's Cafe","routes":["C1","C2","C3","CN"],"provs":["MB"],"desc":"Caf\u00e9\nFree wifi\nSource: \u00a9 OpenStreetMap contributors (ODbL) https://www.openstreetmap.org/node/8660479615","sym":"Radio Beacon"},"geometry":{"type":"Point","coordinates":[-97.1367,49.88712]}},{"type":"Feature","properties":{"name":"White Spot","routes":["C2","CN","CL"],"provs":["BC"],"desc":"Restaurant\nSource: \u00a9 OpenStreetMap contributors (ODbL) https://www.openstreetmap.org/node/8703571248","sym":"Radio Beacon"},"geometry":{"type":"Point","coordinates":[-122.97744,49.19786]}},{"type":"Feature","properties":{"name":"Zalas Steak House","routes":["C1","CA"],"provs":["BC"],"desc":"Restaurant\nNetwork: Zalas Guest\nSource: \u00a9 OpenStreetMap contributors (ODbL) https://www.openstreetmap.org/node/8713411865","sym":"Radio Beacon"},"geometry":{"type":"Point","coordinates":[-118.21278,51.00793]}},{"type":"Feature","properties":{"name":"St-Hubert","routes":["C1","C2","C3","CN","CW"],"provs":["QC"],"desc":"Restaurant\nSource: \u00a9 OpenStreetMap contributors (ODbL) https://www.openstreetmap.org/node/8713493476","sym":"Radio Beacon"},"geometry":{"type":"Point","coordinates":[-73.19693,46.08835]}},{"type":"Feature","properties":{"name":"Starbucks","routes":["C2","CN","CL"],"provs":["BC"],"desc":"Caf\u00e9\nSource: \u00a9 OpenStreetMap contributors (ODbL) https://www.openstreetmap.org/node/8715404171","sym":"Radio Beacon"},"geometry":{"type":"Point","coordinates":[-122.96821,49.27992]}},{"type":"Feature","properties":{"name":"East India Company","routes":["C1","C2","C3","CN"],"provs":["MB"],"desc":"Restaurant\nSource: \u00a9 OpenStreetMap contributors (ODbL) https://www.openstreetmap.org/node/8722176885","sym":"Radio Beacon"},"geometry":{"type":"Point","coordinates":[-97.14333,49.88882]}},{"type":"Feature","properties":{"name":"Frost 'N' Foam Bubble Tea","routes":["C2","CN","CA","CL"],"provs":["BC"],"desc":"Caf\u00e9\nSource: \u00a9 OpenStreetMap contributors (ODbL) https://www.openstreetmap.org/node/8724837745","sym":"Radio Beacon"},"geometry":{"type":"Point","coordinates":[-123.13496,49.29164]}},{"type":"Feature","properties":{"name":"Java U","routes":["C1","C2","CA"],"provs":["QC"],"desc":"Caf\u00e9\nFree wifi\nSource: \u00a9 OpenStreetMap contributors (ODbL) https://www.openstreetmap.org/node/8750005650","sym":"Radio Beacon"},"geometry":{"type":"Point","coordinates":[-73.75189,45.45768]}},{"type":"Feature","properties":{"name":"Starbucks","routes":["C1","C3"],"provs":["AB"],"desc":"Caf\u00e9\nSource: \u00a9 OpenStreetMap contributors (ODbL) https://www.openstreetmap.org/node/8826242048","sym":"Radio Beacon"},"geometry":{"type":"Point","coordinates":[-114.0726,51.12689]}},{"type":"Feature","properties":{"name":"Nasir's Super Donair","routes":["C1","C2","CN","CA","CL"],"provs":["BC"],"desc":"Fast food\nFree wifi\nSource: \u00a9 OpenStreetMap contributors (ODbL) https://www.openstreetmap.org/node/8852017464","sym":"Radio Beacon"},"geometry":{"type":"Point","coordinates":[-122.37537,49.05225]}},{"type":"Feature","properties":{"name":"Tim Hortons","routes":["C2","CN","CA","CL"],"provs":["BC"],"desc":"Caf\u00e9\nSource: \u00a9 OpenStreetMap contributors (ODbL) https://www.openstreetmap.org/node/8913557682","sym":"Radio Beacon"},"geometry":{"type":"Point","coordinates":[-123.09934,49.27935]}},{"type":"Feature","properties":{"name":"Popeyes","routes":["C2","CN","CL"],"provs":["BC"],"desc":"Fast food\nFree wifi\nSource: \u00a9 OpenStreetMap contributors (ODbL) https://www.openstreetmap.org/node/8913557692","sym":"Radio Beacon"},"geometry":{"type":"Point","coordinates":[-122.93899,49.21381]}},{"type":"Feature","properties":{"name":"Big Wheel Burger","routes":["C1","C3","CA","CL"],"provs":["BC"],"desc":"Fast food\nSource: \u00a9 OpenStreetMap contributors (ODbL) https://www.openstreetmap.org/node/8915262059","sym":"Radio Beacon"},"geometry":{"type":"Point","coordinates":[-123.37677,48.45801]}},{"type":"Feature","properties":{"name":"Bulla Caf\u00e9","routes":["C1","C2","CN","CA","CL"],"provs":["QC"],"desc":"Caf\u00e9\nSource: \u00a9 OpenStreetMap contributors (ODbL) https://www.openstreetmap.org/node/8946990232","sym":"Radio Beacon"},"geometry":{"type":"Point","coordinates":[-73.57737,45.52162]}},{"type":"Feature","properties":{"name":"Saint-Sau Boulangerie Caf\u00e9","routes":["C1","C2","C3","CA","CW"],"provs":["QC"],"desc":"Bakery\nSource: \u00a9 OpenStreetMap contributors (ODbL) https://www.openstreetmap.org/node/8954810924","sym":"Radio Beacon"},"geometry":{"type":"Point","coordinates":[-71.23312,46.81158]}},{"type":"Feature","properties":{"name":"Tim Hortons","routes":["C1","C3","CN"],"provs":["AB"],"desc":"Caf\u00e9\nWifi for customers\nSource: \u00a9 OpenStreetMap contributors (ODbL) https://www.openstreetmap.org/node/8960580724","sym":"Radio Beacon"},"geometry":{"type":"Point","coordinates":[-115.01616,51.09893]}},{"type":"Feature","properties":{"name":"Grain and Grind Co.","routes":["C2"],"provs":["NB"],"desc":"Caf\u00e9\nFree wifi\nSource: \u00a9 OpenStreetMap contributors (ODbL) https://www.openstreetmap.org/node/8975679078","sym":"Radio Beacon"},"geometry":{"type":"Point","coordinates":[-66.62462,45.95891]}},{"type":"Feature","properties":{"name":"A&W","routes":["C2"],"provs":["ON"],"desc":"Fast food\nSource: \u00a9 OpenStreetMap contributors (ODbL) https://www.openstreetmap.org/node/9007421202","sym":"Radio Beacon"},"geometry":{"type":"Point","coordinates":[-79.37618,43.65475]}},{"type":"Feature","properties":{"name":"Kory's Coffee","routes":["C2","CN","CA","CL"],"provs":["BC"],"desc":"Caf\u00e9\nWifi for customers\nSource: \u00a9 OpenStreetMap contributors (ODbL) https://www.openstreetmap.org/node/9032702976","sym":"Radio Beacon"},"geometry":{"type":"Point","coordinates":[-122.98193,49.28012]}},{"type":"Feature","properties":{"name":"Varsha Indian Kitchen","routes":["C1","C3","CA","CL"],"provs":["BC"],"desc":"Restaurant\nSource: \u00a9 OpenStreetMap contributors (ODbL) https://www.openstreetmap.org/node/9038129263","sym":"Radio Beacon"},"geometry":{"type":"Point","coordinates":[-123.36729,48.42867]}},{"type":"Feature","properties":{"name":"Noble","routes":["C1","C2","CN","CA","CL"],"provs":["QC"],"desc":"Caf\u00e9\nFree wifi\nSource: \u00a9 OpenStreetMap contributors (ODbL) https://www.openstreetmap.org/node/9098376554","sym":"Radio Beacon"},"geometry":{"type":"Point","coordinates":[-73.61843,45.53141]}},{"type":"Feature","properties":{"name":"TERAs BEAN","routes":["C2","CN","CA","CL"],"provs":["BC"],"desc":"Caf\u00e9\nFree wifi\nNetwork: TERAs BEAN guest\nSource: \u00a9 OpenStreetMap contributors (ODbL) https://www.openstreetmap.org/node/9122840856","sym":"Radio Beacon"},"geometry":{"type":"Point","coordinates":[-123.00364,49.26761]}},{"type":"Feature","properties":{"name":"HARVEST","routes":["C2","CN","CA","CL"],"provs":["NS"],"desc":"Restaurant\nSource: \u00a9 OpenStreetMap contributors (ODbL) https://www.openstreetmap.org/node/9152231317","sym":"Radio Beacon"},"geometry":{"type":"Point","coordinates":[-63.57534,44.64571]}},{"type":"Feature","properties":{"name":"Starbucks","routes":["C3","CN"],"provs":["NS"],"desc":"Caf\u00e9\nSource: \u00a9 OpenStreetMap contributors (ODbL) https://www.openstreetmap.org/node/9153169017","sym":"Radio Beacon"},"geometry":{"type":"Point","coordinates":[-63.31482,45.36798]}},{"type":"Feature","properties":{"name":"Burger King","routes":["C3","CA","CL"],"provs":["BC"],"desc":"Fast food\nSource: \u00a9 OpenStreetMap contributors (ODbL) https://www.openstreetmap.org/node/9160301792","sym":"Radio Beacon"},"geometry":{"type":"Point","coordinates":[-122.7826,53.91518]}},{"type":"Feature","properties":{"name":"Zabu Chicken","routes":["C2","CN","CA","CL"],"provs":["BC"],"desc":"Restaurant\nSource: \u00a9 OpenStreetMap contributors (ODbL) https://www.openstreetmap.org/node/9164400186","sym":"Radio Beacon"},"geometry":{"type":"Point","coordinates":[-123.13262,49.28984]}},{"type":"Feature","properties":{"name":"Burns Lake Public Library","routes":["C3","CA"],"provs":["BC"],"desc":"Library\nSource: \u00a9 OpenStreetMap contributors (ODbL) https://www.openstreetmap.org/node/9170457429","sym":"Radio Beacon"},"geometry":{"type":"Point","coordinates":[-125.76553,54.23319]}},{"type":"Feature","properties":{"name":"Moodswing","routes":["C2","CN","CL"],"provs":["BC"],"desc":"Caf\u00e9\nSource: \u00a9 OpenStreetMap contributors (ODbL) https://www.openstreetmap.org/node/9173772700","sym":"Radio Beacon"},"geometry":{"type":"Point","coordinates":[-122.90857,49.2022]}},{"type":"Feature","properties":{"name":"Georgestown Cafe and Bookshelf","routes":["C1","C3","CA"],"provs":["NL"],"desc":"Caf\u00e9\nSource: \u00a9 OpenStreetMap contributors (ODbL) https://www.openstreetmap.org/node/9183236279","sym":"Radio Beacon"},"geometry":{"type":"Point","coordinates":[-52.71351,47.56992]}},{"type":"Feature","properties":{"name":"Wawa Public Library","routes":["C1","C2","C3","CA"],"provs":["ON"],"desc":"Library\nFree wifi\nSource: \u00a9 OpenStreetMap contributors (ODbL) https://www.openstreetmap.org/node/9191951604","sym":"Radio Beacon"},"geometry":{"type":"Point","coordinates":[-84.77132,47.9966]}},{"type":"Feature","properties":{"name":"TNRL: Clearwater Library","routes":["CN"],"provs":["BC"],"desc":"Library\nSource: \u00a9 OpenStreetMap contributors (ODbL) https://www.openstreetmap.org/node/9196522386","sym":"Radio Beacon"},"geometry":{"type":"Point","coordinates":[-120.03742,51.64934]}},{"type":"Feature","properties":{"name":"Boulangerie Pain d\u2019\u00c9pi","routes":["C1","C2","CN","CA","CL"],"provs":["QC"],"desc":"Caf\u00e9\nSource: \u00a9 OpenStreetMap contributors (ODbL) https://www.openstreetmap.org/node/9207308714","sym":"Radio Beacon"},"geometry":{"type":"Point","coordinates":[-73.58286,45.48387]}},{"type":"Feature","properties":{"name":"McDonald's","routes":["C2","C3","CN","CW"],"provs":["QC"],"desc":"Fast food\nSource: \u00a9 OpenStreetMap contributors (ODbL) https://www.openstreetmap.org/node/9215946053","sym":"Radio Beacon"},"geometry":{"type":"Point","coordinates":[-74.01788,45.3796]}},{"type":"Feature","properties":{"name":"Cafe Landwer","routes":["CL"],"provs":["ON"],"desc":"Restaurant\nWifi for customers\nSource: \u00a9 OpenStreetMap contributors (ODbL) https://www.openstreetmap.org/node/9233947770","sym":"Radio Beacon"},"geometry":{"type":"Point","coordinates":[-79.41246,43.76628]}},{"type":"Feature","properties":{"name":"Starbucks","routes":["C1","CN","CL","CW"],"provs":["BC"],"desc":"Caf\u00e9\nFree wifi\nSource: \u00a9 OpenStreetMap contributors (ODbL) https://www.openstreetmap.org/node/9235794243","sym":"Radio Beacon"},"geometry":{"type":"Point","coordinates":[-123.06903,49.02391]}},{"type":"Feature","properties":{"name":"Copper Branch","routes":["C1","C2","CN","CA","CL"],"provs":["QC"],"desc":"Restaurant\nSource: \u00a9 OpenStreetMap contributors (ODbL) https://www.openstreetmap.org/node/9246869936","sym":"Radio Beacon"},"geometry":{"type":"Point","coordinates":[-73.57538,45.49998]}},{"type":"Feature","properties":{"name":"BODEGA","routes":["C1","C3","CN","CA"],"provs":["ON"],"desc":"Caf\u00e9\nWifi for customers\nSource: \u00a9 OpenStreetMap contributors (ODbL) https://www.openstreetmap.org/node/9250980417","sym":"Radio Beacon"},"geometry":{"type":"Point","coordinates":[-75.73346,45.40843]}},{"type":"Feature","properties":{"name":"Starbucks","routes":["C2","CN","CA","CL"],"provs":["BC"],"desc":"Caf\u00e9\nSource: \u00a9 OpenStreetMap contributors (ODbL) https://www.openstreetmap.org/node/9270469309","sym":"Radio Beacon"},"geometry":{"type":"Point","coordinates":[-123.11522,49.26301]}},{"type":"Feature","properties":{"name":"Caf\u00e9 Redwood","routes":["C1","C2","CN","CA","CL"],"provs":["QC"],"desc":"Caf\u00e9\nSource: \u00a9 OpenStreetMap contributors (ODbL) https://www.openstreetmap.org/node/9273497762","sym":"Radio Beacon"},"geometry":{"type":"Point","coordinates":[-73.57195,45.47945]}},{"type":"Feature","properties":{"name":"Best Garden Restaurant","routes":["C1","CN","CL","CW"],"provs":["BC"],"desc":"Restaurant\nSource: \u00a9 OpenStreetMap contributors (ODbL) https://www.openstreetmap.org/node/9276961411","sym":"Radio Beacon"},"geometry":{"type":"Point","coordinates":[-123.06825,49.02617]}},{"type":"Feature","properties":{"name":"Pat Quinn's Restaurant & Bar","routes":["C1","CN","CL","CW"],"provs":["BC"],"desc":"Restaurant\nSource: \u00a9 OpenStreetMap contributors (ODbL) https://www.openstreetmap.org/node/9287377323","sym":"Radio Beacon"},"geometry":{"type":"Point","coordinates":[-123.08123,49.03257]}},{"type":"Feature","properties":{"name":"WIP Climbing","routes":["C3"],"provs":["BC"],"desc":"Recreation centre\nSource: \u00a9 OpenStreetMap contributors (ODbL) https://www.openstreetmap.org/node/9288516818","sym":"Radio Beacon"},"geometry":{"type":"Point","coordinates":[-124.98198,49.66829]}},{"type":"Feature","properties":{"name":"Subway","routes":["C2","C3","CN"],"provs":["BC"],"desc":"Fast food\nWifi for customers\nSource: \u00a9 OpenStreetMap contributors (ODbL) https://www.openstreetmap.org/node/9294502143","sym":"Radio Beacon"},"geometry":{"type":"Point","coordinates":[-124.34669,49.33122]}},{"type":"Feature","properties":{"name":"Tim Hortons","routes":["C2","CN","CL"],"provs":["NS"],"desc":"Caf\u00e9\nFree wifi\nSource: \u00a9 OpenStreetMap contributors (ODbL) https://www.openstreetmap.org/node/9351604576","sym":"Radio Beacon"},"geometry":{"type":"Point","coordinates":[-63.68697,44.6992]}},{"type":"Feature","properties":{"name":"Pane e Circo","routes":["C2","CN","CA","CL"],"provs":["NS"],"desc":"Bakery\nSource: \u00a9 OpenStreetMap contributors (ODbL) https://www.openstreetmap.org/node/9371297118","sym":"Radio Beacon"},"geometry":{"type":"Point","coordinates":[-63.56881,44.64355]}},{"type":"Feature","properties":{"name":"TSA Bitcoin Shop","routes":["C2","CN","CA","CL"],"provs":["BC"],"desc":"Caf\u00e9\nSource: \u00a9 OpenStreetMap contributors (ODbL) https://www.openstreetmap.org/node/9391252572","sym":"Radio Beacon"},"geometry":{"type":"Point","coordinates":[-123.15311,49.32786]}},{"type":"Feature","properties":{"name":"McDonald's","routes":["C1","C3"],"provs":["QC"],"desc":"Fast food\nSource: \u00a9 OpenStreetMap contributors (ODbL) https://www.openstreetmap.org/node/9410041492","sym":"Radio Beacon"},"geometry":{"type":"Point","coordinates":[-74.22909,45.45945]}},{"type":"Feature","properties":{"name":"Harvey's","routes":["C1","C3","CN","CW"],"provs":["QC"],"desc":"Fast food\nSource: \u00a9 OpenStreetMap contributors (ODbL) https://www.openstreetmap.org/node/9410100813","sym":"Radio Beacon"},"geometry":{"type":"Point","coordinates":[-74.22631,45.46086]}},{"type":"Feature","properties":{"name":"Tim Hortons","routes":["C1","C3"],"provs":["QC"],"desc":"Caf\u00e9\nSource: \u00a9 OpenStreetMap contributors (ODbL) https://www.openstreetmap.org/node/9449703587","sym":"Radio Beacon"},"geometry":{"type":"Point","coordinates":[-69.1616,48.12314]}},{"type":"Feature","properties":{"name":"Tim Hortons","routes":["C1"],"provs":["ON"],"desc":"Caf\u00e9\nSource: \u00a9 OpenStreetMap contributors (ODbL) https://www.openstreetmap.org/node/9455996906","sym":"Radio Beacon"},"geometry":{"type":"Point","coordinates":[-78.71121,46.31027]}},{"type":"Feature","properties":{"name":"Starbucks","routes":["C2","CA"],"provs":["AB"],"desc":"Caf\u00e9\nFree wifi\nSource: \u00a9 OpenStreetMap contributors (ODbL) https://www.openstreetmap.org/node/9517375007","sym":"Radio Beacon"},"geometry":{"type":"Point","coordinates":[-112.82754,49.70135]}},{"type":"Feature","properties":{"name":"Caf\u00e9 des Habitudes","routes":["C1","C2","CN","CA","CL"],"provs":["QC"],"desc":"Caf\u00e9\nWifi for customers\nNetwork: Caf\u00e9 des Habitudes\nSource: \u00a9 OpenStreetMap contributors (ODbL) https://www.openstreetmap.org/node/9549749177","sym":"Radio Beacon"},"geometry":{"type":"Point","coordinates":[-73.60472,45.53947]}},{"type":"Feature","properties":{"name":"Premi\u00e8re Moisson","routes":["C1","C2","CN","CA","CL"],"provs":["QC"],"desc":"Bakery\nWifi for customers\nSource: \u00a9 OpenStreetMap contributors (ODbL) https://www.openstreetmap.org/node/9561163006","sym":"Radio Beacon"},"geometry":{"type":"Point","coordinates":[-73.60933,45.51968]}},{"type":"Feature","properties":{"name":"Leonard Dining Hall","routes":["C2","C3","CL"],"provs":["ON"],"desc":"Food court\nSource: \u00a9 OpenStreetMap contributors (ODbL) https://www.openstreetmap.org/node/9580680015","sym":"Radio Beacon"},"geometry":{"type":"Point","coordinates":[-76.50049,44.22426]}},{"type":"Feature","properties":{"name":"Caf\u00e9 Novanta","routes":["C1","C2","CN","CA","CL"],"provs":["QC"],"desc":"Caf\u00e9\nFree wifi\nSource: \u00a9 OpenStreetMap contributors (ODbL) https://www.openstreetmap.org/node/9611481030","sym":"Radio Beacon"},"geometry":{"type":"Point","coordinates":[-73.59353,45.52201]}},{"type":"Feature","properties":{"name":"West Village Cafe","routes":["C1","C2","CN","CL"],"provs":["BC"],"desc":"Caf\u00e9\nSource: \u00a9 OpenStreetMap contributors (ODbL) https://www.openstreetmap.org/node/9634543005","sym":"Radio Beacon"},"geometry":{"type":"Point","coordinates":[-122.7996,49.10485]}},{"type":"Feature","properties":{"name":"Daan Go Cake Lab","routes":["CN","CA","CL","CW"],"provs":["BC"],"desc":"Bakery\nWifi for customers\nSource: \u00a9 OpenStreetMap contributors (ODbL) https://www.openstreetmap.org/node/9654959558","sym":"Radio Beacon"},"geometry":{"type":"Point","coordinates":[-123.12537,49.17878]}},{"type":"Feature","properties":{"name":"Second Cup","routes":["C1","C3"],"provs":["AB"],"desc":"Caf\u00e9\nSource: \u00a9 OpenStreetMap contributors (ODbL) https://www.openstreetmap.org/node/9676153733","sym":"Radio Beacon"},"geometry":{"type":"Point","coordinates":[-114.07176,51.03798]}},{"type":"Feature","properties":{"name":"Columbus Caf\u00e9 & Co","routes":["C1","C2","CN","CA","CL"],"provs":["QC"],"desc":"Caf\u00e9\nFree wifi\nSource: \u00a9 OpenStreetMap contributors (ODbL) https://www.openstreetmap.org/node/9695534121","sym":"Radio Beacon"},"geometry":{"type":"Point","coordinates":[-73.57832,45.52876]}},{"type":"Feature","properties":{"name":"Oasis Juice & Nutrition Bar","routes":["C1","C3"],"provs":["AB"],"desc":"Fast food\nSource: \u00a9 OpenStreetMap contributors (ODbL) https://www.openstreetmap.org/node/9717524644","sym":"Radio Beacon"},"geometry":{"type":"Point","coordinates":[-114.06538,51.04301]}},{"type":"Feature","properties":{"name":"Coffeehouse at Shoal Point","routes":["C1","C3","CA","CL"],"provs":["BC"],"desc":"Caf\u00e9\nFree wifi\nSource: \u00a9 OpenStreetMap contributors (ODbL) https://www.openstreetmap.org/node/9727545682","sym":"Radio Beacon"},"geometry":{"type":"Point","coordinates":[-123.38474,48.42262]}},{"type":"Feature","properties":{"name":"Pacini","routes":["C1","C2","CN","CA","CL"],"provs":["QC"],"desc":"Restaurant\nSource: \u00a9 OpenStreetMap contributors (ODbL) https://www.openstreetmap.org/node/9741321310","sym":"Radio Beacon"},"geometry":{"type":"Point","coordinates":[-73.65903,45.53444]}},{"type":"Feature","properties":{"name":"R Ki Coffee Lab","routes":["CN","CA","CL","CW"],"provs":["BC"],"desc":"Caf\u00e9\nWifi for customers\nSource: \u00a9 OpenStreetMap contributors (ODbL) https://www.openstreetmap.org/node/9760734095","sym":"Radio Beacon"},"geometry":{"type":"Point","coordinates":[-123.13272,49.17361]}},{"type":"Feature","properties":{"name":"Chez Francois","routes":["C1","C3","CN","CA"],"provs":["AB"],"desc":"Caf\u00e9\nWifi for customers\nSource: \u00a9 OpenStreetMap contributors (ODbL) https://www.openstreetmap.org/node/9763335393","sym":"Radio Beacon"},"geometry":{"type":"Point","coordinates":[-115.36044,51.09937]}},{"type":"Feature","properties":{"name":"Beacon Bike + Brew","routes":["C2","C3","CW"],"provs":["ON"],"desc":"Caf\u00e9\nSource: \u00a9 OpenStreetMap contributors (ODbL) https://www.openstreetmap.org/node/9794856070","sym":"Radio Beacon"},"geometry":{"type":"Point","coordinates":[-77.14209,44.00699]}},{"type":"Feature","properties":{"name":"Chick-fil-A","routes":["C2"],"provs":["ON"],"desc":"Fast food\nWifi for customers\nSource: \u00a9 OpenStreetMap contributors (ODbL) https://www.openstreetmap.org/node/9813428943","sym":"Radio Beacon"},"geometry":{"type":"Point","coordinates":[-79.39504,43.64926]}},{"type":"Feature","properties":{"name":"Subway","routes":["C1","C3"],"provs":["AB"],"desc":"Fast food\nFree wifi\nSource: \u00a9 OpenStreetMap contributors (ODbL) https://www.openstreetmap.org/node/9816615850","sym":"Radio Beacon"},"geometry":{"type":"Point","coordinates":[-114.07114,51.04276]}},{"type":"Feature","properties":{"name":"Centre culturel Georges-Vanier","routes":["C1","C2","CN","CA","CL"],"provs":["QC"],"desc":"Arts centre\nNetwork: MTL-WiFi\nSource: \u00a9 OpenStreetMap contributors (ODbL) https://www.openstreetmap.org/node/9848184641","sym":"Radio Beacon"},"geometry":{"type":"Point","coordinates":[-73.57515,45.48365]}},{"type":"Feature","properties":{"name":"Terra Cafe","routes":["C2","CN","CA","CL"],"provs":["NS"],"desc":"Caf\u00e9\nSource: \u00a9 OpenStreetMap contributors (ODbL) https://www.openstreetmap.org/node/9892533621","sym":"Radio Beacon"},"geometry":{"type":"Point","coordinates":[-63.57005,44.64432]}},{"type":"Feature","properties":{"name":"Freshslice Pizza","routes":["C1","C3","CN","CA"],"provs":["ON"],"desc":"Fast food\nSource: \u00a9 OpenStreetMap contributors (ODbL) https://www.openstreetmap.org/node/9894948888","sym":"Radio Beacon"},"geometry":{"type":"Point","coordinates":[-75.69292,45.41064]}},{"type":"Feature","properties":{"name":"Centre communautaire Saint-Raymond","routes":["C1","C2","CN","CA","CL"],"provs":["QC"],"desc":"Community centre\nFree wifi\nSource: \u00a9 OpenStreetMap contributors (ODbL) https://www.openstreetmap.org/node/9912528946","sym":"Radio Beacon"},"geometry":{"type":"Point","coordinates":[-73.60835,45.46961]}},{"type":"Feature","properties":{"name":"Earls","routes":["C1","C2","C3","CN"],"provs":["MB"],"desc":"Restaurant\nFree wifi\nSource: \u00a9 OpenStreetMap contributors (ODbL) https://www.openstreetmap.org/node/9920133182","sym":"Radio Beacon"},"geometry":{"type":"Point","coordinates":[-97.13786,49.89352]}},{"type":"Feature","properties":{"name":"C Market Coffee","routes":["C1","C2","CN","CL"],"provs":["BC"],"desc":"Caf\u00e9\nWifi for customers\nSource: \u00a9 OpenStreetMap contributors (ODbL) https://www.openstreetmap.org/node/9960322388","sym":"Radio Beacon"},"geometry":{"type":"Point","coordinates":[-122.73594,49.25173]}},{"type":"Feature","properties":{"name":"Messorem","routes":["C1","C2","CN","CA","CL"],"provs":["QC"],"desc":"Pub\nWifi for customers\nSource: \u00a9 OpenStreetMap contributors (ODbL) https://www.openstreetmap.org/node/9986789036","sym":"Radio Beacon"},"geometry":{"type":"Point","coordinates":[-73.58093,45.46971]}},{"type":"Feature","properties":{"name":"Biblioth\u00e8que Gabrielle-Roy","routes":["C1","C3","CN"],"provs":["QC"],"desc":"Library\nSource: \u00a9 OpenStreetMap contributors (ODbL) https://www.openstreetmap.org/node/10013678224","sym":"Radio Beacon"},"geometry":{"type":"Point","coordinates":[-73.8106,45.57761]}},{"type":"Feature","properties":{"name":"Sana","routes":["C1","C2","CN","CA","CL"],"provs":["QC"],"desc":"Restaurant\nFree wifi\nSource: \u00a9 OpenStreetMap contributors (ODbL) https://www.openstreetmap.org/node/10017478082","sym":"Radio Beacon"},"geometry":{"type":"Point","coordinates":[-73.57374,45.49637]}},{"type":"Feature","properties":{"name":"Charlottetown Library Learning Centre","routes":["C1","CA","CL"],"provs":["PE"],"desc":"Library\nFree wifi\nSource: \u00a9 OpenStreetMap contributors (ODbL) https://www.openstreetmap.org/node/10024202531","sym":"Radio Beacon"},"geometry":{"type":"Point","coordinates":[-63.12729,46.23315]}},{"type":"Feature","properties":{"name":"The Shed","routes":["C1","CA","CL"],"provs":["PE"],"desc":"Caf\u00e9\nFree wifi\nSource: \u00a9 OpenStreetMap contributors (ODbL) https://www.openstreetmap.org/node/10024202532","sym":"Radio Beacon"},"geometry":{"type":"Point","coordinates":[-63.12705,46.23321]}},{"type":"Feature","properties":{"name":"Gus Tacos","routes":["C2"],"provs":["ON"],"desc":"Fast food\nSource: \u00a9 OpenStreetMap contributors (ODbL) https://www.openstreetmap.org/node/10030741235","sym":"Radio Beacon"},"geometry":{"type":"Point","coordinates":[-79.30232,43.66938]}},{"type":"Feature","properties":{"name":"Pioneer Village","routes":["C2","CN","CL"],"provs":["ON"],"desc":"Transit station\nFree wifi\nSource: \u00a9 OpenStreetMap contributors (ODbL) https://www.openstreetmap.org/node/10035157391","sym":"Radio Beacon"},"geometry":{"type":"Point","coordinates":[-79.50927,43.77686]}},{"type":"Feature","properties":{"name":"Basecamp","routes":["C2"],"provs":["ON"],"desc":"Recreation centre\nSource: \u00a9 OpenStreetMap contributors (ODbL) https://www.openstreetmap.org/node/10049718648","sym":"Radio Beacon"},"geometry":{"type":"Point","coordinates":[-79.39769,43.64964]}},{"type":"Feature","properties":{"name":"Barnet Beach Cafe","routes":["C2","CN","CL"],"provs":["BC"],"desc":"Fast food\nSource: \u00a9 OpenStreetMap contributors (ODbL) https://www.openstreetmap.org/node/10065470511","sym":"Radio Beacon"},"geometry":{"type":"Point","coordinates":[-122.92145,49.28995]}},{"type":"Feature","properties":{"name":"Hundac Junction","routes":["CN"],"provs":["BC"],"desc":"Train station\nSource: \u00a9 OpenStreetMap contributors (ODbL) https://www.openstreetmap.org/node/10115277246","sym":"Radio Beacon"},"geometry":{"type":"Point","coordinates":[-120.08155,50.65255]}},{"type":"Feature","properties":{"name":"Sweet Leaf Bakery & Cafe","routes":["CN","CA"],"provs":["BC"],"desc":"Caf\u00e9\nWifi for customers\nSource: \u00a9 OpenStreetMap contributors (ODbL) https://www.openstreetmap.org/node/10120224838","sym":"Radio Beacon"},"geometry":{"type":"Point","coordinates":[-119.29926,50.69397]}},{"type":"Feature","properties":{"name":"Felice Cafe","routes":["C2","C3","CN","CA","CW"],"provs":["BC"],"desc":"Caf\u00e9\nSource: \u00a9 OpenStreetMap contributors (ODbL) https://www.openstreetmap.org/node/10138964476","sym":"Radio Beacon"},"geometry":{"type":"Point","coordinates":[-123.97146,49.204]}},{"type":"Feature","properties":{"name":"Super Condiments","routes":["C1","C2","CN","CA","CL"],"provs":["QC"],"desc":"Caf\u00e9\nWifi for customers\nSource: \u00a9 OpenStreetMap contributors (ODbL) https://www.openstreetmap.org/node/10154962898","sym":"Radio Beacon"},"geometry":{"type":"Point","coordinates":[-73.6145,45.52113]}},{"type":"Feature","properties":{"name":"Freshslice Pizza","routes":["C2","CN","CA","CL","CW"],"provs":["BC"],"desc":"Fast food\nFree wifi\nSource: \u00a9 OpenStreetMap contributors (ODbL) https://www.openstreetmap.org/node/10211197352","sym":"Radio Beacon"},"geometry":{"type":"Point","coordinates":[-123.11704,49.20991]}},{"type":"Feature","properties":{"name":"Stomping Grounds Cafe & Bistro","routes":["C1","C2","CN","CL"],"provs":["BC"],"desc":"Caf\u00e9\nWifi for customers\nSource: \u00a9 OpenStreetMap contributors (ODbL) https://www.openstreetmap.org/node/10220685329","sym":"Radio Beacon"},"geometry":{"type":"Point","coordinates":[-122.68099,49.20165]}},{"type":"Feature","properties":{"name":"McDonald's","routes":["C1","C3","CN"],"provs":["AB"],"desc":"Fast food\nSource: \u00a9 OpenStreetMap contributors (ODbL) https://www.openstreetmap.org/node/10266178248","sym":"Radio Beacon"},"geometry":{"type":"Point","coordinates":[-114.14394,51.07823]}},{"type":"Feature","properties":{"name":"The Bear Street Tavern","routes":["C1","C3"],"provs":["AB"],"desc":"Restaurant\nFree wifi\nSource: \u00a9 OpenStreetMap contributors (ODbL) https://www.openstreetmap.org/node/10268515174","sym":"Radio Beacon"},"geometry":{"type":"Point","coordinates":[-115.57255,51.1775]}},{"type":"Feature","properties":{"name":"Starbucks","routes":["C1","C3","CA","CL"],"provs":["BC"],"desc":"Caf\u00e9\nFree wifi\nSource: \u00a9 OpenStreetMap contributors (ODbL) https://www.openstreetmap.org/node/10282460207","sym":"Radio Beacon"},"geometry":{"type":"Point","coordinates":[-123.36906,48.42334]}},{"type":"Feature","properties":{"name":"Match Eatery & Public House","routes":["C1","CN","CL","CW"],"provs":["BC"],"desc":"Pub\nFree wifi\nSource: \u00a9 OpenStreetMap contributors (ODbL) https://www.openstreetmap.org/node/10286934408","sym":"Radio Beacon"},"geometry":{"type":"Point","coordinates":[-123.05712,49.10956]}},{"type":"Feature","properties":{"name":"the Buffet","routes":["C1","CN","CL","CW"],"provs":["BC"],"desc":"Restaurant\nFree wifi\nSource: \u00a9 OpenStreetMap contributors (ODbL) https://www.openstreetmap.org/node/10286974736","sym":"Radio Beacon"},"geometry":{"type":"Point","coordinates":[-123.0569,49.10938]}},{"type":"Feature","properties":{"name":"Corner Cafe","routes":["C1","CN","CL","CW"],"provs":["BC"],"desc":"Caf\u00e9\nFree wifi\nSource: \u00a9 OpenStreetMap contributors (ODbL) https://www.openstreetmap.org/node/10287956248","sym":"Radio Beacon"},"geometry":{"type":"Point","coordinates":[-123.05645,49.10962]}},{"type":"Feature","properties":{"name":"Summit Bar","routes":["C1","CN","CL","CW"],"provs":["BC"],"desc":"Bar\nFree wifi\nSource: \u00a9 OpenStreetMap contributors (ODbL) https://www.openstreetmap.org/node/10287960770","sym":"Radio Beacon"},"geometry":{"type":"Point","coordinates":[-123.05666,49.10927]}},{"type":"Feature","properties":{"name":"Royal Aleppo","routes":["C1","C2","C3"],"provs":["ON"],"desc":"Restaurant\nSource: \u00a9 OpenStreetMap contributors (ODbL) https://www.openstreetmap.org/node/10299413010","sym":"Radio Beacon"},"geometry":{"type":"Point","coordinates":[-89.21917,48.43547]}},{"type":"Feature","properties":{"name":"Miche & Carr\u00e9 P\u00e2tisserie & Boulanger","routes":["C1","C2","CN","CA","CL"],"provs":["QC"],"desc":"Bakery\nWifi for customers\nSource: \u00a9 OpenStreetMap contributors (ODbL) https://www.openstreetmap.org/node/10544085536","sym":"Radio Beacon"},"geometry":{"type":"Point","coordinates":[-73.58822,45.54396]}},{"type":"Feature","properties":{"name":"Sushi House","routes":["C3"],"provs":["BC"],"desc":"Restaurant\nSource: \u00a9 OpenStreetMap contributors (ODbL) https://www.openstreetmap.org/node/10573430209","sym":"Radio Beacon"},"geometry":{"type":"Point","coordinates":[-123.69844,48.78064]}},{"type":"Feature","properties":{"name":"Ricky's All Day Grill","routes":["C1","C2","CN","CL"],"provs":["BC"],"desc":"Restaurant\nWifi for customers\nNetwork: 12345678\nSource: \u00a9 OpenStreetMap contributors (ODbL) https://www.openstreetmap.org/node/10588766405","sym":"Radio Beacon"},"geometry":{"type":"Point","coordinates":[-122.8003,49.16509]}},{"type":"Feature","properties":{"name":"Analog Coffee","routes":["C1","C3","CN"],"provs":["AB"],"desc":"Caf\u00e9\nWifi for customers\nSource: \u00a9 OpenStreetMap contributors (ODbL) https://www.openstreetmap.org/node/10609173098","sym":"Radio Beacon"},"geometry":{"type":"Point","coordinates":[-114.22138,51.08797]}},{"type":"Feature","properties":{"name":"Biblioth\u00e8que Bertrand B.-Leblanc","routes":["C1","CA"],"provs":["QC"],"desc":"Library\nSource: \u00a9 OpenStreetMap contributors (ODbL) https://www.openstreetmap.org/node/10642217859","sym":"Radio Beacon"},"geometry":{"type":"Point","coordinates":[-67.34312,48.41966]}},{"type":"Feature","properties":{"name":"Misoya","routes":["C1","C2","CN","CA","CL"],"provs":["QC"],"desc":"Restaurant\nFree wifi\nSource: \u00a9 OpenStreetMap contributors (ODbL) https://www.openstreetmap.org/node/10719476606","sym":"Radio Beacon"},"geometry":{"type":"Point","coordinates":[-73.57854,45.49784]}},{"type":"Feature","properties":{"name":"Honest to Pete Roasters","routes":["C2","CN","CA","CL"],"provs":["BC"],"desc":"Caf\u00e9\nFree wifi\nSource: \u00a9 OpenStreetMap contributors (ODbL) https://www.openstreetmap.org/node/10732125781","sym":"Radio Beacon"},"geometry":{"type":"Point","coordinates":[-123.11104,49.2664]}},{"type":"Feature","properties":{"name":"Caf\u00e9 L\u00e9o","routes":["C1","C2","CN","CA","CL"],"provs":["QC"],"desc":"Caf\u00e9\nFree wifi\nNetwork: Cafe Leo\nSource: \u00a9 OpenStreetMap contributors (ODbL) https://www.openstreetmap.org/node/10746486558","sym":"Radio Beacon"},"geometry":{"type":"Point","coordinates":[-73.55844,45.51426]}},{"type":"Feature","properties":{"name":"Inglewood ZenDen","routes":["C1","C3"],"provs":["AB"],"desc":"Caf\u00e9\nSource: \u00a9 OpenStreetMap contributors (ODbL) https://www.openstreetmap.org/node/10760562865","sym":"Radio Beacon"},"geometry":{"type":"Point","coordinates":[-114.02701,51.03858]}},{"type":"Feature","properties":{"name":"The Coffee Bean","routes":["C1","C3","CN","CL"],"provs":["NS"],"desc":"Caf\u00e9\nSource: \u00a9 OpenStreetMap contributors (ODbL) https://www.openstreetmap.org/node/10837534072","sym":"Radio Beacon"},"geometry":{"type":"Point","coordinates":[-62.64467,45.58692]}},{"type":"Feature","properties":{"name":"Starbucks","routes":["C2","C3","CL"],"provs":["ON"],"desc":"Caf\u00e9\nSource: \u00a9 OpenStreetMap contributors (ODbL) https://www.openstreetmap.org/node/10845023445","sym":"Radio Beacon"},"geometry":{"type":"Point","coordinates":[-76.49438,44.22818]}},{"type":"Feature","properties":{"name":"Basic Goodness Pizzeria","routes":["C2","CA"],"provs":["BC"],"desc":"Restaurant\nSource: \u00a9 OpenStreetMap contributors (ODbL) https://www.openstreetmap.org/node/10854064504","sym":"Radio Beacon"},"geometry":{"type":"Point","coordinates":[-125.90117,49.15187]}},{"type":"Feature","properties":{"name":"Farside","routes":["C2"],"provs":["ON"],"desc":"Bar\nWifi for customers\nSource: \u00a9 OpenStreetMap contributors (ODbL) https://www.openstreetmap.org/node/10887661101","sym":"Radio Beacon"},"geometry":{"type":"Point","coordinates":[-79.35178,43.66574]}},{"type":"Feature","properties":{"name":"Tim Hortons","routes":["C1","CA"],"provs":["BC"],"desc":"Caf\u00e9\nFree wifi\nSource: \u00a9 OpenStreetMap contributors (ODbL) https://www.openstreetmap.org/node/10906433334","sym":"Radio Beacon"},"geometry":{"type":"Point","coordinates":[-118.21475,51.00948]}},{"type":"Feature","properties":{"name":"The Canadian Brewhouse","routes":["C1","C3"],"provs":["AB"],"desc":"Pub\nFree wifi\nSource: \u00a9 OpenStreetMap contributors (ODbL) https://www.openstreetmap.org/node/10914191122","sym":"Radio Beacon"},"geometry":{"type":"Point","coordinates":[-115.57102,51.17865]}},{"type":"Feature","properties":{"name":"Anejo Restaurant","routes":["C1","C3"],"provs":["AB"],"desc":"Restaurant\nFree wifi\nSource: \u00a9 OpenStreetMap contributors (ODbL) https://www.openstreetmap.org/node/10916000016","sym":"Radio Beacon"},"geometry":{"type":"Point","coordinates":[-115.57133,51.17506]}},{"type":"Feature","properties":{"name":"The Happy Camper Cafe & Bar","routes":["C1","C3"],"provs":["AB"],"desc":"Caf\u00e9\nFree wifi\nSource: \u00a9 OpenStreetMap contributors (ODbL) https://www.openstreetmap.org/node/10935435547","sym":"Radio Beacon"},"geometry":{"type":"Point","coordinates":[-115.55789,51.18517]}},{"type":"Feature","properties":{"name":"Miller's Tap and Grill","routes":["C1","C3","CN"],"provs":["NS"],"desc":"Restaurant\nWifi for customers\nSource: \u00a9 OpenStreetMap contributors (ODbL) https://www.openstreetmap.org/node/10960052452","sym":"Radio Beacon"},"geometry":{"type":"Point","coordinates":[-61.35105,45.61398]}},{"type":"Feature","properties":{"name":"Tim Hortons","routes":["C3","CN"],"provs":["NS"],"desc":"Caf\u00e9\nFree wifi\nSource: \u00a9 OpenStreetMap contributors (ODbL) https://www.openstreetmap.org/node/10995895411","sym":"Radio Beacon"},"geometry":{"type":"Point","coordinates":[-63.29469,45.35492]}},{"type":"Feature","properties":{"name":"T.A.N. Coffee","routes":["C2"],"provs":["NS"],"desc":"Caf\u00e9\nFree wifi\nSource: \u00a9 OpenStreetMap contributors (ODbL) https://www.openstreetmap.org/node/11030605205","sym":"Radio Beacon"},"geometry":{"type":"Point","coordinates":[-64.49698,45.07745]}},{"type":"Feature","properties":{"name":"Deville Coffee","routes":["C1","C3"],"provs":["AB"],"desc":"Caf\u00e9\nFree wifi\nSource: \u00a9 OpenStreetMap contributors (ODbL) https://www.openstreetmap.org/node/11037934501","sym":"Radio Beacon"},"geometry":{"type":"Point","coordinates":[-114.06765,51.04183]}},{"type":"Feature","properties":{"name":"Woodfire Deli","routes":["C2"],"provs":["MB"],"desc":"Caf\u00e9\nFree wifi\nSource: \u00a9 OpenStreetMap contributors (ODbL) https://www.openstreetmap.org/node/11049610942","sym":"Radio Beacon"},"geometry":{"type":"Point","coordinates":[-100.26034,49.61682]}},{"type":"Feature","properties":{"name":"Starbucks","routes":["C2"],"provs":["ON"],"desc":"Caf\u00e9\nFree wifi\nNetwork: Starbucks WiFi\nSource: \u00a9 OpenStreetMap contributors (ODbL) https://www.openstreetmap.org/node/11051710229","sym":"Radio Beacon"},"geometry":{"type":"Point","coordinates":[-79.38772,43.65445]}},{"type":"Feature","properties":{"name":"Plan\u00e9tarium de Montr\u00e9al","routes":["C1","C2","CN","CA","CL"],"provs":["QC"],"desc":"Museum\nSource: \u00a9 OpenStreetMap contributors (ODbL) https://www.openstreetmap.org/node/11060053105","sym":"Radio Beacon"},"geometry":{"type":"Point","coordinates":[-73.54994,45.56054]}},{"type":"Feature","properties":{"name":"Thida's Thai Restaurant","routes":["C1","C2","C3","CN"],"provs":["MB"],"desc":"Restaurant\nWifi for customers\nSource: \u00a9 OpenStreetMap contributors (ODbL) https://www.openstreetmap.org/node/11073598068","sym":"Radio Beacon"},"geometry":{"type":"Point","coordinates":[-97.14007,49.88696]}},{"type":"Feature","properties":{"name":"Houston & District Chamber of Commerce","routes":["C3","CA"],"provs":["BC"],"desc":"Visitor centre\nFree wifi\nSource: \u00a9 OpenStreetMap contributors (ODbL) https://www.openstreetmap.org/node/11076196555","sym":"Radio Beacon"},"geometry":{"type":"Point","coordinates":[-126.65089,54.39952]}},{"type":"Feature","properties":{"name":"Pallet Coffee Roasters HQ, Cafe + Roastery","routes":["C2","CN","CA","CL"],"provs":["BC"],"desc":"Caf\u00e9\nWifi for customers\nNetwork: PalletGuest\nSource: \u00a9 OpenStreetMap contributors (ODbL) https://www.openstreetmap.org/node/11079552905","sym":"Radio Beacon"},"geometry":{"type":"Point","coordinates":[-123.09591,49.28418]}},{"type":"Feature","properties":{"name":"Anvil Coffee Collective","routes":["CN","CA"],"provs":["BC"],"desc":"Caf\u00e9\nFree wifi\nSource: \u00a9 OpenStreetMap contributors (ODbL) https://www.openstreetmap.org/node/11102560404","sym":"Radio Beacon"},"geometry":{"type":"Point","coordinates":[-119.28137,50.70235]}},{"type":"Feature","properties":{"name":"Beandigen Cafe","routes":["C1","C3","CN","CA"],"provs":["ON"],"desc":"Caf\u00e9\nSource: \u00a9 OpenStreetMap contributors (ODbL) https://www.openstreetmap.org/node/11112856750","sym":"Radio Beacon"},"geometry":{"type":"Point","coordinates":[-75.68436,45.39925]}},{"type":"Feature","properties":{"name":"Bevy","routes":["C2"],"provs":["ON"],"desc":"Caf\u00e9\nSource: \u00a9 OpenStreetMap contributors (ODbL) https://www.openstreetmap.org/node/11114404915","sym":"Radio Beacon"},"geometry":{"type":"Point","coordinates":[-79.35729,43.6615]}},{"type":"Feature","properties":{"name":"Starbucks","routes":["C3","CN"],"provs":["ON"],"desc":"Caf\u00e9\nFree wifi\nSource: \u00a9 OpenStreetMap contributors (ODbL) https://www.openstreetmap.org/node/11115360123","sym":"Radio Beacon"},"geometry":{"type":"Point","coordinates":[-79.70342,44.34682]}},{"type":"Feature","properties":{"name":"Denny's","routes":["C3","CN","CL"],"provs":["ON"],"desc":"Restaurant\nFree wifi\nSource: \u00a9 OpenStreetMap contributors (ODbL) https://www.openstreetmap.org/node/11139274874","sym":"Radio Beacon"},"geometry":{"type":"Point","coordinates":[-79.70672,44.40692]}},{"type":"Feature","properties":{"name":"Caf\u00e9 Montiran","routes":["C1","C2","CN","CA","CL"],"provs":["QC"],"desc":"Caf\u00e9\nSource: \u00a9 OpenStreetMap contributors (ODbL) https://www.openstreetmap.org/node/11146815155","sym":"Radio Beacon"},"geometry":{"type":"Point","coordinates":[-73.58417,45.5247]}},{"type":"Feature","properties":{"name":"Pho Mont-Royal","routes":["C1","C2","CN","CA","CL"],"provs":["QC"],"desc":"Restaurant\nSource: \u00a9 OpenStreetMap contributors (ODbL) https://www.openstreetmap.org/node/11172791611","sym":"Radio Beacon"},"geometry":{"type":"Point","coordinates":[-73.57645,45.53113]}},{"type":"Feature","properties":{"name":"Sooyo Cafe","routes":["C2","CN","CA","CL"],"provs":["BC"],"desc":"Caf\u00e9\nSource: \u00a9 OpenStreetMap contributors (ODbL) https://www.openstreetmap.org/node/11191198528","sym":"Radio Beacon"},"geometry":{"type":"Point","coordinates":[-123.03652,49.2755]}},{"type":"Feature","properties":{"name":"Le Caf\u00e9 Big Trouble","routes":["C1","C2","CN","CA","CL"],"provs":["QC"],"desc":"Caf\u00e9\nSource: \u00a9 OpenStreetMap contributors (ODbL) https://www.openstreetmap.org/node/11194196737","sym":"Radio Beacon"},"geometry":{"type":"Point","coordinates":[-73.56619,45.51618]}},{"type":"Feature","properties":{"name":"Double Menton et Saucisson","routes":["C1","C2","CN","CA","CL"],"provs":["QC"],"desc":"Restaurant\nSource: \u00a9 OpenStreetMap contributors (ODbL) https://www.openstreetmap.org/node/11214245287","sym":"Radio Beacon"},"geometry":{"type":"Point","coordinates":[-73.60567,45.53742]}},{"type":"Feature","properties":{"name":"bb.q chicken","routes":["C1","C2","CA"],"provs":["BC"],"desc":"Fast food\nFree wifi\nNetwork: BBQ Guest\nSource: \u00a9 OpenStreetMap contributors (ODbL) https://www.openstreetmap.org/node/11215653050","sym":"Radio Beacon"},"geometry":{"type":"Point","coordinates":[-121.95925,49.16599]}},{"type":"Feature","properties":{"name":"Chez Ernest - Comptoir de curiosit\u00e9s","routes":["C1","C2","CN","CA","CL"],"provs":["QC"],"desc":"Bar\nSource: \u00a9 OpenStreetMap contributors (ODbL) https://www.openstreetmap.org/node/11215982151","sym":"Radio Beacon"},"geometry":{"type":"Point","coordinates":[-73.605,45.53687]}},{"type":"Feature","properties":{"name":"Nestor","routes":["C1","C2","CN","CA","CL"],"provs":["QC"],"desc":"Bar\nWifi for customers\nSource: \u00a9 OpenStreetMap contributors (ODbL) https://www.openstreetmap.org/node/11216044360","sym":"Radio Beacon"},"geometry":{"type":"Point","coordinates":[-73.60105,45.53533]}},{"type":"Feature","properties":{"name":"Caf\u00e9 Alphabet","routes":["C1","C2","CN","CA","CL"],"provs":["QC"],"desc":"Caf\u00e9\nWifi for customers\nSource: \u00a9 OpenStreetMap contributors (ODbL) https://www.openstreetmap.org/node/11220887204","sym":"Radio Beacon"},"geometry":{"type":"Point","coordinates":[-73.60242,45.52684]}},{"type":"Feature","properties":{"name":"Caf\u00e9 Maison Sauvage","routes":["C1","C2","CN","CA","CL"],"provs":["QC"],"desc":"Caf\u00e9\nWifi for customers\nNetwork: Maisonsauvage_guest\nSource: \u00a9 OpenStreetMap contributors (ODbL) https://www.openstreetmap.org/node/11220930164","sym":"Radio Beacon"},"geometry":{"type":"Point","coordinates":[-73.60393,45.52521]}},{"type":"Feature","properties":{"name":"Tambour Caf\u00e9","routes":["C1","C2","C3","CA","CW"],"provs":["QC"],"desc":"Caf\u00e9\nSource: \u00a9 OpenStreetMap contributors (ODbL) https://www.openstreetmap.org/node/11238382691","sym":"Radio Beacon"},"geometry":{"type":"Point","coordinates":[-71.18331,46.80658]}},{"type":"Feature","properties":{"name":"Restaurant La Toile","routes":["C1","C2","CN","CA","CL"],"provs":["QC"],"desc":"Restaurant\nSource: \u00a9 OpenStreetMap contributors (ODbL) https://www.openstreetmap.org/node/11253359437","sym":"Radio Beacon"},"geometry":{"type":"Point","coordinates":[-73.58128,45.48293]}},{"type":"Feature","properties":{"name":"McDonald's","routes":["C2","CN","CA","CL"],"provs":["BC"],"desc":"Fast food\nSource: \u00a9 OpenStreetMap contributors (ODbL) https://www.openstreetmap.org/node/11259005574","sym":"Radio Beacon"},"geometry":{"type":"Point","coordinates":[-123.06396,49.28516]}},{"type":"Feature","properties":{"name":"The Vault Cafe","routes":["C2","C3","CN","CA","CW"],"provs":["BC"],"desc":"Caf\u00e9\nWifi for customers\nNetwork: The Vault Cafe\nSource: \u00a9 OpenStreetMap contributors (ODbL) https://www.openstreetmap.org/node/11267125553","sym":"Radio Beacon"},"geometry":{"type":"Point","coordinates":[-123.9367,49.16365]}},{"type":"Feature","properties":{"name":"Biblioth\u00e8que du Coll\u00e8ge Ahuntsic","routes":["C1","C2","CN","CA","CL"],"provs":["QC"],"desc":"Library\nFree wifi\nNetwork: eduroam\nSource: \u00a9 OpenStreetMap contributors (ODbL) https://www.openstreetmap.org/node/11385723637","sym":"Radio Beacon"},"geometry":{"type":"Point","coordinates":[-73.64151,45.55231]}},{"type":"Feature","properties":{"name":"Caf\u00e9 R\u00ec Yu\u00e8","routes":["C1","C2","CN","CA","CL"],"provs":["QC"],"desc":"Caf\u00e9\nFree wifi\nSource: \u00a9 OpenStreetMap contributors (ODbL) https://www.openstreetmap.org/node/11386218188","sym":"Radio Beacon"},"geometry":{"type":"Point","coordinates":[-73.56957,45.50768]}},{"type":"Feature","properties":{"name":"Un Instant en Provence","routes":["C1","C2","CN","CA","CL"],"provs":["QC"],"desc":"Bakery\nSource: \u00a9 OpenStreetMap contributors (ODbL) https://www.openstreetmap.org/node/11423445969","sym":"Radio Beacon"},"geometry":{"type":"Point","coordinates":[-73.59006,45.47157]}},{"type":"Feature","properties":{"name":"Subway","routes":["C2"],"provs":["BC"],"desc":"Fast food\nWifi for customers\nSource: \u00a9 OpenStreetMap contributors (ODbL) https://www.openstreetmap.org/node/11423885374","sym":"Radio Beacon"},"geometry":{"type":"Point","coordinates":[-124.79708,49.24467]}},{"type":"Feature","properties":{"name":"Royaltea","routes":["C2"],"provs":["ON"],"desc":"Caf\u00e9\nFree wifi\nNetwork: Royaltea Guest Wifi\nSource: \u00a9 OpenStreetMap contributors (ODbL) https://www.openstreetmap.org/node/11467258281","sym":"Radio Beacon"},"geometry":{"type":"Point","coordinates":[-79.39749,43.65295]}},{"type":"Feature","properties":{"name":"Espace des Possibles Ahuntsic","routes":["C1","C2","CN","CA","CL"],"provs":["QC"],"desc":"Community centre\nFree wifi\nSource: \u00a9 OpenStreetMap contributors (ODbL) https://www.openstreetmap.org/node/11476851442","sym":"Radio Beacon"},"geometry":{"type":"Point","coordinates":[-73.64785,45.54942]}},{"type":"Feature","properties":{"name":"Higher","routes":["C2"],"provs":["ON"],"desc":"Caf\u00e9\nFree wifi\nNetwork: Higher-homies\nSource: \u00a9 OpenStreetMap contributors (ODbL) https://www.openstreetmap.org/node/11481006269","sym":"Radio Beacon"},"geometry":{"type":"Point","coordinates":[-79.39753,43.65294]}},{"type":"Feature","properties":{"name":"Ground Zero","routes":["C2","CN","CA","CL"],"provs":["NS"],"desc":"Caf\u00e9\nFree wifi\nSource: \u00a9 OpenStreetMap contributors (ODbL) https://www.openstreetmap.org/node/11526163885","sym":"Radio Beacon"},"geometry":{"type":"Point","coordinates":[-63.58708,44.63743]}},{"type":"Feature","properties":{"name":"Subway","routes":["C2","CN","CA","CL"],"provs":["NS"],"desc":"Fast food\nFree wifi\nSource: \u00a9 OpenStreetMap contributors (ODbL) https://www.openstreetmap.org/node/11526163887","sym":"Radio Beacon"},"geometry":{"type":"Point","coordinates":[-63.59088,44.63751]}},{"type":"Feature","properties":{"name":"Second Cup","routes":["C2","CN","CA","CL"],"provs":["NS"],"desc":"Caf\u00e9\nSource: \u00a9 OpenStreetMap contributors (ODbL) https://www.openstreetmap.org/node/11526163888","sym":"Radio Beacon"},"geometry":{"type":"Point","coordinates":[-63.59105,44.63737]}},{"type":"Feature","properties":{"name":"Serious Coffee","routes":["C2","C3","CN","CA","CW"],"provs":["BC"],"desc":"Caf\u00e9\nSource: \u00a9 OpenStreetMap contributors (ODbL) https://www.openstreetmap.org/node/11527149847","sym":"Radio Beacon"},"geometry":{"type":"Point","coordinates":[-123.93655,49.16497]}},{"type":"Feature","properties":{"name":"Fernanda","routes":["C1","C2","CN","CA","CL"],"provs":["QC"],"desc":"Caf\u00e9\nWifi for customers\nSource: \u00a9 OpenStreetMap contributors (ODbL) https://www.openstreetmap.org/node/11540141845","sym":"Radio Beacon"},"geometry":{"type":"Point","coordinates":[-73.60402,45.52512]}},{"type":"Feature","properties":{"name":"The Joy of Coffee","routes":["C1","C2","CN","CL"],"provs":["BC"],"desc":"Caf\u00e9\nSource: \u00a9 OpenStreetMap contributors (ODbL) https://www.openstreetmap.org/node/11558044670","sym":"Radio Beacon"},"geometry":{"type":"Point","coordinates":[-122.60704,49.09056]}},{"type":"Feature","properties":{"name":"Good Trade Coffee Company Kensington","routes":["C1","C3"],"provs":["AB"],"desc":"Caf\u00e9\nSource: \u00a9 OpenStreetMap contributors (ODbL) https://www.openstreetmap.org/node/11563447508","sym":"Radio Beacon"},"geometry":{"type":"Point","coordinates":[-114.08897,51.0524]}},{"type":"Feature","properties":{"name":"Good Eats BY Juian","routes":["C2","CA","CL"],"provs":["ON"],"desc":"Restaurant\nFree wifi\nSource: \u00a9 OpenStreetMap contributors (ODbL) https://www.openstreetmap.org/node/11622259523","sym":"Radio Beacon"},"geometry":{"type":"Point","coordinates":[-79.19724,43.75546]}},{"type":"Feature","properties":{"name":"Chester's Chicken To Go","routes":["C2","CA","CL"],"provs":["ON"],"desc":"Convenience store\nFree wifi\nSource: \u00a9 OpenStreetMap contributors (ODbL) https://www.openstreetmap.org/node/11622259524","sym":"Radio Beacon"},"geometry":{"type":"Point","coordinates":[-79.19786,43.75938]}},{"type":"Feature","properties":{"name":"Twice As Nice","routes":["C2","CA","CL"],"provs":["ON"],"desc":"Restaurant\nFree wifi\nSource: \u00a9 OpenStreetMap contributors (ODbL) https://www.openstreetmap.org/node/11622259529","sym":"Radio Beacon"},"geometry":{"type":"Point","coordinates":[-79.19839,43.75961]}},{"type":"Feature","properties":{"name":"Twice As Nice","routes":["C2","CA","CL"],"provs":["ON"],"desc":"Restaurant\nFree wifi\nSource: \u00a9 OpenStreetMap contributors (ODbL) https://www.openstreetmap.org/node/11622259532","sym":"Radio Beacon"},"geometry":{"type":"Point","coordinates":[-79.19818,43.759]}},{"type":"Feature","properties":{"name":"Hadfeilds","routes":["C2","CA","CL"],"provs":["ON"],"desc":"Convenience store\nFree wifi\nSource: \u00a9 OpenStreetMap contributors (ODbL) https://www.openstreetmap.org/node/11622259536","sym":"Radio Beacon"},"geometry":{"type":"Point","coordinates":[-79.18668,43.75363]}},{"type":"Feature","properties":{"name":"Jug City","routes":["C2","CA","CL"],"provs":["ON"],"desc":"Convenience store\nFree wifi\nSource: \u00a9 OpenStreetMap contributors (ODbL) https://www.openstreetmap.org/node/11622259537","sym":"Radio Beacon"},"geometry":{"type":"Point","coordinates":[-79.18613,43.75371]}},{"type":"Feature","properties":{"name":"All Start Bar & Eatery","routes":["C2","CA","CL"],"provs":["ON"],"desc":"Bar\nFree wifi\nSource: \u00a9 OpenStreetMap contributors (ODbL) https://www.openstreetmap.org/node/11622259541","sym":"Radio Beacon"},"geometry":{"type":"Point","coordinates":[-79.19831,43.75886]}},{"type":"Feature","properties":{"name":"Vending Machine","routes":["C2","CA","CL"],"provs":["ON"],"desc":"Fast food\nFree wifi\nSource: \u00a9 OpenStreetMap contributors (ODbL) https://www.openstreetmap.org/node/11622259545","sym":"Radio Beacon"},"geometry":{"type":"Point","coordinates":[-79.19865,43.75519]}},{"type":"Feature","properties":{"name":"Tim Hortons","routes":["C1","C3","CA","CL"],"provs":["BC"],"desc":"Caf\u00e9\nSource: \u00a9 OpenStreetMap contributors (ODbL) https://www.openstreetmap.org/node/11639091995","sym":"Radio Beacon"},"geometry":{"type":"Point","coordinates":[-123.36378,48.42458]}},{"type":"Feature","properties":{"name":"Caf\u00e9 D\u00e9p\u00f4t","routes":["C1","C2","CN","CA","CL"],"provs":["QC"],"desc":"Caf\u00e9\nWifi for customers\nSource: \u00a9 OpenStreetMap contributors (ODbL) https://www.openstreetmap.org/node/11676763458","sym":"Radio Beacon"},"geometry":{"type":"Point","coordinates":[-73.61772,45.52314]}},{"type":"Feature","properties":{"name":"FUNK coffee bar","routes":["C2","CN","CA","CL"],"provs":["BC"],"desc":"Bar\nFree wifi\nSource: \u00a9 OpenStreetMap contributors (ODbL) https://www.openstreetmap.org/node/11701915483","sym":"Radio Beacon"},"geometry":{"type":"Point","coordinates":[-123.12053,49.28634]}},{"type":"Feature","properties":{"name":"Coop Bar Milton-Parc","routes":["C1","C2","CN","CA","CL"],"provs":["QC"],"desc":"Bar\nSource: \u00a9 OpenStreetMap contributors (ODbL) https://www.openstreetmap.org/node/11729165947","sym":"Radio Beacon"},"geometry":{"type":"Point","coordinates":[-73.5776,45.51112]}},{"type":"Feature","properties":{"name":"Pourquoi Pas","routes":["C1","C2","CN","CA","CL"],"provs":["QC"],"desc":"Caf\u00e9\nSource: \u00a9 OpenStreetMap contributors (ODbL) https://www.openstreetmap.org/node/11747014786","sym":"Radio Beacon"},"geometry":{"type":"Point","coordinates":[-73.55765,45.51785]}},{"type":"Feature","properties":{"name":"Yin Ji Chang Fen","routes":["CN","CA","CL","CW"],"provs":["BC"],"desc":"Restaurant\nWifi for customers\nSource: \u00a9 OpenStreetMap contributors (ODbL) https://www.openstreetmap.org/node/11770147769","sym":"Radio Beacon"},"geometry":{"type":"Point","coordinates":[-123.12929,49.17759]}},{"type":"Feature","properties":{"name":"Montana\u2019s","routes":["C1","C2","C3"],"provs":["ON"],"desc":"Restaurant\nSource: \u00a9 OpenStreetMap contributors (ODbL) https://www.openstreetmap.org/node/11772544769","sym":"Radio Beacon"},"geometry":{"type":"Point","coordinates":[-89.25911,48.40567]}},{"type":"Feature","properties":{"name":"Lobster Burger Bar","routes":["C2"],"provs":["ON"],"desc":"Restaurant\nSource: \u00a9 OpenStreetMap contributors (ODbL) https://www.openstreetmap.org/node/11781712669","sym":"Radio Beacon"},"geometry":{"type":"Point","coordinates":[-79.38679,43.64739]}},{"type":"Feature","properties":{"name":"Atwater Library & Montreal Children's Library","routes":["C1","C2","CN","CA","CL"],"provs":["QC"],"desc":"Library\nFree wifi\nSource: \u00a9 OpenStreetMap contributors (ODbL) https://www.openstreetmap.org/node/11830361796","sym":"Radio Beacon"},"geometry":{"type":"Point","coordinates":[-73.58418,45.48872]}},{"type":"Feature","properties":{"name":"Time Out Cafe","routes":["C2","CN","CA","CL"],"provs":["BC"],"desc":"Caf\u00e9\nFree wifi\nSource: \u00a9 OpenStreetMap contributors (ODbL) https://www.openstreetmap.org/node/11877919403","sym":"Radio Beacon"},"geometry":{"type":"Point","coordinates":[-123.12331,49.2871]}},{"type":"Feature","properties":{"name":"Sprout","routes":["C2"],"provs":["BC"],"desc":"Restaurant\nSource: \u00a9 OpenStreetMap contributors (ODbL) https://www.openstreetmap.org/node/11900626069","sym":"Radio Beacon"},"geometry":{"type":"Point","coordinates":[-117.29327,49.49152]}},{"type":"Feature","properties":{"name":"La Factrie","routes":["CN","CL"],"provs":["NB"],"desc":"Caf\u00e9\nSource: \u00a9 OpenStreetMap contributors (ODbL) https://www.openstreetmap.org/node/11911142769","sym":"Radio Beacon"},"geometry":{"type":"Point","coordinates":[-64.78188,46.08394]}},{"type":"Feature","properties":{"name":"motherlove ferments","routes":["C1","CA"],"provs":["BC"],"desc":"Restaurant\nSource: \u00a9 OpenStreetMap contributors (ODbL) https://www.openstreetmap.org/node/11915079669","sym":"Radio Beacon"},"geometry":{"type":"Point","coordinates":[-119.48318,49.8943]}},{"type":"Feature","properties":{"name":"Metro","routes":["C1","C3","CN"],"provs":["QC"],"desc":"Supermarket\nSource: \u00a9 OpenStreetMap contributors (ODbL) https://www.openstreetmap.org/node/11933578561","sym":"Radio Beacon"},"geometry":{"type":"Point","coordinates":[-73.74579,45.61977]}},{"type":"Feature","properties":{"name":"Gratify Foods","routes":["C1","CA"],"provs":["BC"],"desc":"Restaurant\nSource: \u00a9 OpenStreetMap contributors (ODbL) https://www.openstreetmap.org/node/11941165469","sym":"Radio Beacon"},"geometry":{"type":"Point","coordinates":[-119.59032,49.49513]}},{"type":"Feature","properties":{"name":"Stillfood Bistro","routes":["CN","CA"],"provs":["BC"],"desc":"Restaurant\nSource: \u00a9 OpenStreetMap contributors (ODbL) https://www.openstreetmap.org/node/11941165470","sym":"Radio Beacon"},"geometry":{"type":"Point","coordinates":[-119.28342,50.70213]}},{"type":"Feature","properties":{"name":"Cass Caf\u00e9","routes":["C1","C2","CN","CA","CL"],"provs":["QC"],"desc":"Caf\u00e9\nFree wifi\nSource: \u00a9 OpenStreetMap contributors (ODbL) https://www.openstreetmap.org/node/11972858163","sym":"Radio Beacon"},"geometry":{"type":"Point","coordinates":[-73.58296,45.51884]}},{"type":"Feature","properties":{"name":"Tunisian Food Market","routes":["C1","C2","CN","CA","CL"],"provs":["QC"],"desc":"Supermarket\nSource: \u00a9 OpenStreetMap contributors (ODbL) https://www.openstreetmap.org/node/11973394097","sym":"Radio Beacon"},"geometry":{"type":"Point","coordinates":[-73.64006,45.46108]}},{"type":"Feature","properties":{"name":"Gahan House Riverside","routes":["C2"],"provs":["NB"],"desc":"Pub\nSource: \u00a9 OpenStreetMap contributors (ODbL) https://www.openstreetmap.org/node/11976626369","sym":"Radio Beacon"},"geometry":{"type":"Point","coordinates":[-66.6426,45.96261]}},{"type":"Feature","properties":{"name":"Issho Bakery","routes":["C2"],"provs":["ON"],"desc":"Caf\u00e9\nSource: \u00a9 OpenStreetMap contributors (ODbL) https://www.openstreetmap.org/node/11978690557","sym":"Radio Beacon"},"geometry":{"type":"Point","coordinates":[-79.35223,43.66544]}},{"type":"Feature","properties":{"name":"Le Bon Vieux Temps","routes":["C1","C2","CN","CA","CL"],"provs":["QC"],"desc":"Bar\nFree wifi\nSource: \u00a9 OpenStreetMap contributors (ODbL) https://www.openstreetmap.org/node/11998972548","sym":"Radio Beacon"},"geometry":{"type":"Point","coordinates":[-73.56612,45.51644]}},{"type":"Feature","properties":{"name":"Chat l'heureux","routes":["C1","C2","CN","CA","CL"],"provs":["QC"],"desc":"Caf\u00e9\nSource: \u00a9 OpenStreetMap contributors (ODbL) https://www.openstreetmap.org/node/12024322976","sym":"Radio Beacon"},"geometry":{"type":"Point","coordinates":[-73.56101,45.52317]}},{"type":"Feature","properties":{"name":"The Habit","routes":["C1","C2","C3"],"provs":["ON"],"desc":"Caf\u00e9\nSource: \u00a9 OpenStreetMap contributors (ODbL) https://www.openstreetmap.org/node/12030118240","sym":"Radio Beacon"},"geometry":{"type":"Point","coordinates":[-89.22416,48.43744]}},{"type":"Feature","properties":{"name":"Freshii","routes":["C3"],"provs":["ON"],"desc":"Restaurant\nWifi for customers\nSource: \u00a9 OpenStreetMap contributors (ODbL) https://www.openstreetmap.org/node/12036684331","sym":"Radio Beacon"},"geometry":{"type":"Point","coordinates":[-80.21764,44.50304]}},{"type":"Feature","properties":{"name":"Avik Bakery","routes":["C2","CN","CA","CL"],"provs":["BC"],"desc":"Caf\u00e9\nWifi for customers\nSource: \u00a9 OpenStreetMap contributors (ODbL) https://www.openstreetmap.org/node/12053895952","sym":"Radio Beacon"},"geometry":{"type":"Point","coordinates":[-123.11946,49.26313]}},{"type":"Feature","properties":{"name":"Caf\u00e9 Central","routes":["C1","C2","CN","CA","CL"],"provs":["QC"],"desc":"Caf\u00e9\nFree wifi\nSource: \u00a9 OpenStreetMap contributors (ODbL) https://www.openstreetmap.org/node/12065397275","sym":"Radio Beacon"},"geometry":{"type":"Point","coordinates":[-73.59284,45.45112]}},{"type":"Feature","properties":{"name":"Saint Henri Micro-Torr\u00e9facteur","routes":["C1","C2","CN","CA","CL"],"provs":["QC"],"desc":"Caf\u00e9\nSource: \u00a9 OpenStreetMap contributors (ODbL) https://www.openstreetmap.org/node/12069331642","sym":"Radio Beacon"},"geometry":{"type":"Point","coordinates":[-73.56733,45.46065]}},{"type":"Feature","properties":{"name":"Ginger and Onion Cuisine","routes":["CL"],"provs":["ON"],"desc":"Restaurant\nSource: \u00a9 OpenStreetMap contributors (ODbL) https://www.openstreetmap.org/node/12078884117","sym":"Radio Beacon"},"geometry":{"type":"Point","coordinates":[-79.2775,43.82616]}},{"type":"Feature","properties":{"name":"Market Bistro","routes":["C1","C3","CN","CA"],"provs":["AB"],"desc":"Restaurant\nWifi for customers\nSource: \u00a9 OpenStreetMap contributors (ODbL) https://www.openstreetmap.org/node/12134896342","sym":"Radio Beacon"},"geometry":{"type":"Point","coordinates":[-115.32199,51.05543]}},{"type":"Feature","properties":{"name":"Good Grief Coffee Roasters","routes":["C3"],"provs":["ON"],"desc":"Caf\u00e9\nWifi for customers\nSource: \u00a9 OpenStreetMap contributors (ODbL) https://www.openstreetmap.org/node/12136022529","sym":"Radio Beacon"},"geometry":{"type":"Point","coordinates":[-80.45363,44.56133]}},{"type":"Feature","properties":{"name":"C Market Coffee","routes":["C1","C2","CN","CL"],"provs":["BC"],"desc":"Caf\u00e9\nSource: \u00a9 OpenStreetMap contributors (ODbL) https://www.openstreetmap.org/node/12140541401","sym":"Radio Beacon"},"geometry":{"type":"Point","coordinates":[-122.68911,49.20912]}},{"type":"Feature","properties":{"name":"Peter F. Bronfman Business Library","routes":["C2","CN","CL"],"provs":["ON"],"desc":"Library\nFree wifi\nSource: \u00a9 OpenStreetMap contributors (ODbL) https://www.openstreetmap.org/node/12140613509","sym":"Radio Beacon"},"geometry":{"type":"Point","coordinates":[-79.49845,43.77325]}},{"type":"Feature","properties":{"name":"cafe rene-leveque","routes":["C1","C2","CN","CA","CL"],"provs":["QC"],"desc":"Caf\u00e9\nFree wifi\nSource: \u00a9 OpenStreetMap contributors (ODbL) https://www.openstreetmap.org/node/12155513440","sym":"Radio Beacon"},"geometry":{"type":"Point","coordinates":[-73.57494,45.49274]}},{"type":"Feature","properties":{"name":"Pictou Public Library","routes":["C1","CN","CA","CL","CW"],"provs":["NS"],"desc":"Library\nSource: \u00a9 OpenStreetMap contributors (ODbL) https://www.openstreetmap.org/node/12162361711","sym":"Radio Beacon"},"geometry":{"type":"Point","coordinates":[-62.71032,45.67622]}},{"type":"Feature","properties":{"name":"Dreamy","routes":["C1","C2","CN","CA","CL"],"provs":["QC"],"desc":"Caf\u00e9\nFree wifi\nSource: \u00a9 OpenStreetMap contributors (ODbL) https://www.openstreetmap.org/node/12177232344","sym":"Radio Beacon"},"geometry":{"type":"Point","coordinates":[-73.5812,45.46983]}},{"type":"Feature","properties":{"name":"Amplified","routes":["CN","CA"],"provs":["BC"],"desc":"Caf\u00e9\nSource: \u00a9 OpenStreetMap contributors (ODbL) https://www.openstreetmap.org/node/12177858658","sym":"Radio Beacon"},"geometry":{"type":"Point","coordinates":[-120.32987,50.67572]}},{"type":"Feature","properties":{"name":"Evana Patisserie & Cafe","routes":["CL"],"provs":["ON"],"desc":"Caf\u00e9\nSource: \u00a9 OpenStreetMap contributors (ODbL) https://www.openstreetmap.org/node/12190675567","sym":"Radio Beacon"},"geometry":{"type":"Point","coordinates":[-79.2962,43.81517]}},{"type":"Feature","properties":{"name":"Bar Bara","routes":["C1","C2","CN","CA","CL"],"provs":["QC"],"desc":"Restaurant\nSource: \u00a9 OpenStreetMap contributors (ODbL) https://www.openstreetmap.org/node/12194333493","sym":"Radio Beacon"},"geometry":{"type":"Point","coordinates":[-73.5872,45.4743]}},{"type":"Feature","properties":{"name":"Columbus Caf\u00e9 & Co.","routes":["C1","C2","CN","CA","CL"],"provs":["QC"],"desc":"Caf\u00e9\nWifi for customers\nSource: \u00a9 OpenStreetMap contributors (ODbL) https://www.openstreetmap.org/node/12194842858","sym":"Radio Beacon"},"geometry":{"type":"Point","coordinates":[-73.57242,45.50427]}},{"type":"Feature","properties":{"name":"Starbucks","routes":["C1","C2","CN","CA","CL"],"provs":["QC"],"desc":"Caf\u00e9\nFree wifi\nSource: \u00a9 OpenStreetMap contributors (ODbL) https://www.openstreetmap.org/node/12194965406","sym":"Radio Beacon"},"geometry":{"type":"Point","coordinates":[-73.57692,45.50187]}},{"type":"Feature","properties":{"name":"Concept Bala","routes":["C1","C2","C3","CA","CW"],"provs":["QC"],"desc":"Caf\u00e9\nFree wifi\nSource: \u00a9 OpenStreetMap contributors (ODbL) https://www.openstreetmap.org/node/12207260095","sym":"Radio Beacon"},"geometry":{"type":"Point","coordinates":[-71.21244,46.81653]}},{"type":"Feature","properties":{"name":"The Chopped Leaf","routes":["C2","CN","CL"],"provs":["BC"],"desc":"Restaurant\nSource: \u00a9 OpenStreetMap contributors (ODbL) https://www.openstreetmap.org/node/12210261701","sym":"Radio Beacon"},"geometry":{"type":"Point","coordinates":[-122.79099,49.27583]}},{"type":"Feature","properties":{"name":"Greater Victoria Public Library - Bruce Hutchison Branch","routes":["C1","C3","CA","CL"],"provs":["BC"],"desc":"Library\nSource: \u00a9 OpenStreetMap contributors (ODbL) https://www.openstreetmap.org/node/12215696502","sym":"Radio Beacon"},"geometry":{"type":"Point","coordinates":[-123.38891,48.50112]}},{"type":"Feature","properties":{"name":"Prince Rupert Library","routes":["C3","CW"],"provs":["BC"],"desc":"Library\nSource: \u00a9 OpenStreetMap contributors (ODbL) https://www.openstreetmap.org/node/12218132201","sym":"Radio Beacon"},"geometry":{"type":"Point","coordinates":[-130.31785,54.31292]}},{"type":"Feature","properties":{"name":"Tim Hortons","routes":["C2"],"provs":["ON"],"desc":"Caf\u00e9\nSource: \u00a9 OpenStreetMap contributors (ODbL) https://www.openstreetmap.org/node/12228327114","sym":"Radio Beacon"},"geometry":{"type":"Point","coordinates":[-80.64111,44.31483]}},{"type":"Feature","properties":{"name":"Houston Public Library","routes":["C3","CA"],"provs":["BC"],"desc":"Library\nSource: \u00a9 OpenStreetMap contributors (ODbL) https://www.openstreetmap.org/node/12234408601","sym":"Radio Beacon"},"geometry":{"type":"Point","coordinates":[-126.65444,54.39614]}},{"type":"Feature","properties":{"name":"The Hexagon Board Game Cafe","routes":["C1","C3"],"provs":["AB"],"desc":"Caf\u00e9\nFree wifi\nSource: \u00a9 OpenStreetMap contributors (ODbL) https://www.openstreetmap.org/node/12249409807","sym":"Radio Beacon"},"geometry":{"type":"Point","coordinates":[-114.08857,51.05269]}},{"type":"Feature","properties":{"name":"Nektar Caf\u00e9ologue","routes":["C1","C2","C3","CA","CW"],"provs":["QC"],"desc":"Caf\u00e9\nSource: \u00a9 OpenStreetMap contributors (ODbL) https://www.openstreetmap.org/node/12250516401","sym":"Radio Beacon"},"geometry":{"type":"Point","coordinates":[-71.22782,46.81308]}},{"type":"Feature","properties":{"name":"Ma Station Caf\u00e9","routes":["C1","C2","C3","CA","CW"],"provs":["QC"],"desc":"Caf\u00e9\nSource: \u00a9 OpenStreetMap contributors (ODbL) https://www.openstreetmap.org/node/12253105002","sym":"Radio Beacon"},"geometry":{"type":"Point","coordinates":[-71.23422,46.81165]}},{"type":"Feature","properties":{"name":"ORL: Rutland Branch","routes":["C1","CA"],"provs":["BC"],"desc":"Library\nSource: \u00a9 OpenStreetMap contributors (ODbL) https://www.openstreetmap.org/node/12276875843","sym":"Radio Beacon"},"geometry":{"type":"Point","coordinates":[-119.39027,49.88848]}},{"type":"Feature","properties":{"name":"Savary Island Pie Company","routes":["C2","CA"],"provs":["BC"],"desc":"Caf\u00e9\nFree wifi\nSource: \u00a9 OpenStreetMap contributors (ODbL) https://www.openstreetmap.org/node/12288223488","sym":"Radio Beacon"},"geometry":{"type":"Point","coordinates":[-125.91044,49.15373]}},{"type":"Feature","properties":{"name":"Tim Hortons","routes":["CN","CA"],"provs":["BC"],"desc":"Caf\u00e9\nSource: \u00a9 OpenStreetMap contributors (ODbL) https://www.openstreetmap.org/node/12329461101","sym":"Radio Beacon"},"geometry":{"type":"Point","coordinates":[-121.32437,50.80898]}},{"type":"Feature","properties":{"name":"Centre sportif de la Petite-Bourgogne","routes":["C1","C2","CN","CA","CL"],"provs":["QC"],"desc":"Recreation centre\nFree wifi\nNetwork: MTLWiFi\nSource: \u00a9 OpenStreetMap contributors (ODbL) https://www.openstreetmap.org/node/12356743106","sym":"Radio Beacon"},"geometry":{"type":"Point","coordinates":[-73.56888,45.48819]}},{"type":"Feature","properties":{"name":"TNRL: Blue River Library","routes":["CN"],"provs":["BC"],"desc":"Library\nSource: \u00a9 OpenStreetMap contributors (ODbL) https://www.openstreetmap.org/node/12385851301","sym":"Radio Beacon"},"geometry":{"type":"Point","coordinates":[-119.30814,52.10667]}},{"type":"Feature","properties":{"name":"Espace des possibles","routes":["C1","C2","CN","CA","CL"],"provs":["QC"],"desc":"Community centre\nSource: \u00a9 OpenStreetMap contributors (ODbL) https://www.openstreetmap.org/node/12442432501","sym":"Radio Beacon"},"geometry":{"type":"Point","coordinates":[-73.6015,45.53756]}},{"type":"Feature","properties":{"name":"Tim Hortons","routes":["C2","CN","CA","CL","CW"],"provs":["BC"],"desc":"Caf\u00e9\nWifi for customers\nSource: \u00a9 OpenStreetMap contributors (ODbL) https://www.openstreetmap.org/node/12455064153","sym":"Radio Beacon"},"geometry":{"type":"Point","coordinates":[-123.09085,49.21122]}},{"type":"Feature","properties":{"name":"TRU Library","routes":["CN","CA"],"provs":["BC"],"desc":"Library\nSource: \u00a9 OpenStreetMap contributors (ODbL) https://www.openstreetmap.org/node/12462881954","sym":"Radio Beacon"},"geometry":{"type":"Point","coordinates":[-120.36508,50.67195]}},{"type":"Feature","properties":{"name":"Projekt + Blend","routes":["C1","C2","CN","CL"],"provs":["BC"],"desc":"Caf\u00e9\nSource: \u00a9 OpenStreetMap contributors (ODbL) https://www.openstreetmap.org/node/12463942004","sym":"Radio Beacon"},"geometry":{"type":"Point","coordinates":[-122.65567,49.10439]}},{"type":"Feature","properties":{"name":"Flourish BeauTea","routes":["C1","C3","CA","CL"],"provs":["BC"],"desc":"Caf\u00e9\nSource: \u00a9 OpenStreetMap contributors (ODbL) https://www.openstreetmap.org/node/12487886102","sym":"Radio Beacon"},"geometry":{"type":"Point","coordinates":[-123.36618,48.42461]}},{"type":"Feature","properties":{"name":"Banff Explorer","routes":["C1","C3"],"provs":["AB"],"desc":"Bus station\nFree wifi\nSource: \u00a9 OpenStreetMap contributors (ODbL) https://www.openstreetmap.org/node/12494926971","sym":"Radio Beacon"},"geometry":{"type":"Point","coordinates":[-114.01083,51.13145]}},{"type":"Feature","properties":{"name":"McDonald's","routes":["C1","C2"],"provs":["QC"],"desc":"Fast food\nSource: \u00a9 OpenStreetMap contributors (ODbL) https://www.openstreetmap.org/node/12498450072","sym":"Radio Beacon"},"geometry":{"type":"Point","coordinates":[-73.44674,45.59996]}},{"type":"Feature","properties":{"name":"Aberdeen Tiny Library","routes":["CN","CA"],"provs":["BC"],"desc":"Library\nSource: \u00a9 OpenStreetMap contributors (ODbL) https://www.openstreetmap.org/node/12508256370","sym":"Radio Beacon"},"geometry":{"type":"Point","coordinates":[-120.37198,50.65485]}},{"type":"Feature","properties":{"name":"FVRL: Boston Bar Library","routes":["CN","CA"],"provs":["BC"],"desc":"Library\nSource: \u00a9 OpenStreetMap contributors (ODbL) https://www.openstreetmap.org/node/12508268869","sym":"Radio Beacon"},"geometry":{"type":"Point","coordinates":[-121.44171,49.86133]}},{"type":"Feature","properties":{"name":"Fredericton","routes":["C2"],"provs":["NB"],"desc":"Bus station\nSource: \u00a9 OpenStreetMap contributors (ODbL) https://www.openstreetmap.org/node/12535198605","sym":"Radio Beacon"},"geometry":{"type":"Point","coordinates":[-66.65642,45.95787]}},{"type":"Feature","properties":{"name":"Maclaren Hall","routes":["C1","C3","CN","CA"],"provs":["ON","QC"],"desc":"Fast food\nWifi for customers\nSource: \u00a9 OpenStreetMap contributors (ODbL) https://www.openstreetmap.org/node/12544949119","sym":"Radio Beacon"},"geometry":{"type":"Point","coordinates":[-75.67579,45.44731]}},{"type":"Feature","properties":{"name":"Miion Caf\u00e9","routes":["CN","CA","CL","CW"],"provs":["BC"],"desc":"Caf\u00e9\nWifi for customers\nSource: \u00a9 OpenStreetMap contributors (ODbL) https://www.openstreetmap.org/node/12550921041","sym":"Radio Beacon"},"geometry":{"type":"Point","coordinates":[-123.13525,49.1667]}},{"type":"Feature","properties":{"name":"Lattea","routes":["CN","CA","CL","CW"],"provs":["BC"],"desc":"Caf\u00e9\nFree wifi\nSource: \u00a9 OpenStreetMap contributors (ODbL) https://www.openstreetmap.org/node/12573531228","sym":"Radio Beacon"},"geometry":{"type":"Point","coordinates":[-123.14643,49.17331]}},{"type":"Feature","properties":{"name":"Biblioth\u00e8que Myra-Cree","routes":["C1","C3","CN","CW"],"provs":["QC"],"desc":"Library\nWifi for customers\nSource: \u00a9 OpenStreetMap contributors (ODbL) https://www.openstreetmap.org/node/12578813113","sym":"Radio Beacon"},"geometry":{"type":"Point","coordinates":[-74.09023,45.45936]}},{"type":"Feature","properties":{"name":"Radium Hot Springs Public Library","routes":["CN"],"provs":["BC"],"desc":"Library\nSource: \u00a9 OpenStreetMap contributors (ODbL) https://www.openstreetmap.org/node/12583296801","sym":"Radio Beacon"},"geometry":{"type":"Point","coordinates":[-116.07308,50.61857]}},{"type":"Feature","properties":{"name":"Invermere Public Library","routes":["CN"],"provs":["BC"],"desc":"Library\nSource: \u00a9 OpenStreetMap contributors (ODbL) https://www.openstreetmap.org/node/12583296802","sym":"Radio Beacon"},"geometry":{"type":"Point","coordinates":[-116.02937,50.51059]}},{"type":"Feature","properties":{"name":"Hidden Corner","routes":["C1","C3"],"provs":["AB"],"desc":"Caf\u00e9\nSource: \u00a9 OpenStreetMap contributors (ODbL) https://www.openstreetmap.org/node/12611261301","sym":"Radio Beacon"},"geometry":{"type":"Point","coordinates":[-114.06251,51.05041]}},{"type":"Feature","properties":{"name":"Tim Hortons","routes":["CN"],"provs":["NS"],"desc":"Caf\u00e9\nSource: \u00a9 OpenStreetMap contributors (ODbL) https://www.openstreetmap.org/node/12614227288","sym":"Radio Beacon"},"geometry":{"type":"Point","coordinates":[-63.43259,45.05427]}},{"type":"Feature","properties":{"name":"Starbucks","routes":["CN","CA"],"provs":["BC"],"desc":"Caf\u00e9\nFree wifi\nSource: \u00a9 OpenStreetMap contributors (ODbL) https://www.openstreetmap.org/node/12633645372","sym":"Radio Beacon"},"geometry":{"type":"Point","coordinates":[-120.3004,50.68441]}},{"type":"Feature","properties":{"name":"IGA","routes":["C1","C3","CN"],"provs":["QC"],"desc":"Supermarket\nSource: \u00a9 OpenStreetMap contributors (ODbL) https://www.openstreetmap.org/node/12640672126","sym":"Radio Beacon"},"geometry":{"type":"Point","coordinates":[-73.75303,45.62821]}},{"type":"Feature","properties":{"name":"West Enders","routes":["C2","CN","CA","CL"],"provs":["NS"],"desc":"Caf\u00e9\nSource: \u00a9 OpenStreetMap contributors (ODbL) https://www.openstreetmap.org/node/12640857101","sym":"Radio Beacon"},"geometry":{"type":"Point","coordinates":[-63.60065,44.6443]}},{"type":"Feature","properties":{"name":"Berkeley Cafe","routes":["C2"],"provs":["ON"],"desc":"Caf\u00e9\nSource: \u00a9 OpenStreetMap contributors (ODbL) https://www.openstreetmap.org/node/12650268801","sym":"Radio Beacon"},"geometry":{"type":"Point","coordinates":[-79.36386,43.65001]}},{"type":"Feature","properties":{"name":"Ihaday","routes":["C1"],"provs":["SK"],"desc":"Caf\u00e9\nWifi for customers\nSource: \u00a9 OpenStreetMap contributors (ODbL) https://www.openstreetmap.org/node/12652312372","sym":"Radio Beacon"},"geometry":{"type":"Point","coordinates":[-104.60672,50.44219]}},{"type":"Feature","properties":{"name":"Centre communautaire interg\u00e9n\u00e9rationnel","routes":["C1","C2","CN","CA","CL"],"provs":["QC"],"desc":"Community centre\nFree wifi\nNetwork: MTLWiFi\nSource: \u00a9 OpenStreetMap contributors (ODbL) https://www.openstreetmap.org/node/12680478437","sym":"Radio Beacon"},"geometry":{"type":"Point","coordinates":[-73.6193,45.51994]}},{"type":"Feature","properties":{"name":"Caf\u00e9 Myriade","routes":["C1","C2","CN","CA","CL"],"provs":["QC"],"desc":"Caf\u00e9\nFree wifi\nNetwork: Cafe Myriade\nSource: \u00a9 OpenStreetMap contributors (ODbL) https://www.openstreetmap.org/node/12699947989","sym":"Radio Beacon"},"geometry":{"type":"Point","coordinates":[-73.58582,45.49033]}},{"type":"Feature","properties":{"name":"Fort Langley Library","routes":["C1","C2","CN"],"provs":["BC"],"desc":"Library\nFree wifi\nSource: \u00a9 OpenStreetMap contributors (ODbL) https://www.openstreetmap.org/node/12706178718","sym":"Radio Beacon"},"geometry":{"type":"Point","coordinates":[-122.57455,49.16832]}},{"type":"Feature","properties":{"name":"Cranbrook Public Library","routes":["C2","CN"],"provs":["BC"],"desc":"Library\nSource: \u00a9 OpenStreetMap contributors (ODbL) https://www.openstreetmap.org/node/12707158802","sym":"Radio Beacon"},"geometry":{"type":"Point","coordinates":[-115.76385,49.51421]}},{"type":"Feature","properties":{"name":"Midway Public Library","routes":["C2","CA"],"provs":["BC"],"desc":"Library\nSource: \u00a9 OpenStreetMap contributors (ODbL) https://www.openstreetmap.org/node/12733031201","sym":"Radio Beacon"},"geometry":{"type":"Point","coordinates":[-118.7766,49.00636]}},{"type":"Feature","properties":{"name":"Freshii","routes":["C1","CN","CL","CW"],"provs":["BC"],"desc":"Restaurant\nFree wifi\nSource: \u00a9 OpenStreetMap contributors (ODbL) https://www.openstreetmap.org/node/12737798799","sym":"Radio Beacon"},"geometry":{"type":"Point","coordinates":[-123.08736,49.0407]}},{"type":"Feature","properties":{"name":"FVRL: Terry Fox Library","routes":["C1","C2","CN","CL"],"provs":["BC"],"desc":"Library\nSource: \u00a9 OpenStreetMap contributors (ODbL) https://www.openstreetmap.org/node/12768265001","sym":"Radio Beacon"},"geometry":{"type":"Point","coordinates":[-122.77746,49.26058]}},{"type":"Feature","properties":{"name":"FVRL: Yale Library","routes":["CN"],"provs":["BC"],"desc":"Library\nSource: \u00a9 OpenStreetMap contributors (ODbL) https://www.openstreetmap.org/node/12768265101","sym":"Radio Beacon"},"geometry":{"type":"Point","coordinates":[-121.43002,49.56458]}},{"type":"Feature","properties":{"name":"FVRL: Yarrow Library","routes":["C1","C2","CA","CL"],"provs":["BC"],"desc":"Library\nSource: \u00a9 OpenStreetMap contributors (ODbL) https://www.openstreetmap.org/node/12768265102","sym":"Radio Beacon"},"geometry":{"type":"Point","coordinates":[-122.05172,49.08672]}},{"type":"Feature","properties":{"name":"University of Toronto Department of Family and Community Medicine","routes":["C2"],"provs":["ON"],"desc":"Library\nFree wifi\nSource: \u00a9 OpenStreetMap contributors (ODbL) https://www.openstreetmap.org/node/12769309069","sym":"Radio Beacon"},"geometry":{"type":"Point","coordinates":[-79.38902,43.65545]}},{"type":"Feature","properties":{"name":"\u9ebb\u5c0f\u8fa3\u7802\u9505\u7c73\u7ebf","routes":["C2"],"provs":["ON"],"desc":"Restaurant\nFree wifi\nSource: \u00a9 OpenStreetMap contributors (ODbL) https://www.openstreetmap.org/node/12769309070","sym":"Radio Beacon"},"geometry":{"type":"Point","coordinates":[-79.38665,43.655]}},{"type":"Feature","properties":{"name":"McDonald's","routes":["C1","C3","CN","CL"],"provs":["NS"],"desc":"Fast food\nSource: \u00a9 OpenStreetMap contributors (ODbL) https://www.openstreetmap.org/node/12770073801","sym":"Radio Beacon"},"geometry":{"type":"Point","coordinates":[-62.66978,45.57988]}},{"type":"Feature","properties":{"name":"ORL: Armstrong","routes":["C1"],"provs":["BC"],"desc":"Library\nSource: \u00a9 OpenStreetMap contributors (ODbL) https://www.openstreetmap.org/node/12782328001","sym":"Radio Beacon"},"geometry":{"type":"Point","coordinates":[-119.185,50.44621]}},{"type":"Feature","properties":{"name":"Cafe Pastel","routes":["C2"],"provs":["ON"],"desc":"Caf\u00e9\nSource: \u00a9 OpenStreetMap contributors (ODbL) https://www.openstreetmap.org/node/12783363732","sym":"Radio Beacon"},"geometry":{"type":"Point","coordinates":[-79.41063,43.65154]}},{"type":"Feature","properties":{"name":"Kung Fu Tea","routes":["CL"],"provs":["ON"],"desc":"Caf\u00e9\nWifi for customers\nSource: \u00a9 OpenStreetMap contributors (ODbL) https://www.openstreetmap.org/node/12790953142","sym":"Radio Beacon"},"geometry":{"type":"Point","coordinates":[-79.30073,43.82483]}},{"type":"Feature","properties":{"name":"Domino's","routes":["C1","C2","CN","CL"],"provs":["BC"],"desc":"Fast food\nSource: \u00a9 OpenStreetMap contributors (ODbL) https://www.openstreetmap.org/node/12793981088","sym":"Radio Beacon"},"geometry":{"type":"Point","coordinates":[-122.68911,49.20899]}},{"type":"Feature","properties":{"name":"Waves Coffee House","routes":["C1","C2","CN","CL"],"provs":["BC"],"desc":"Caf\u00e9\nWifi for customers\nSource: \u00a9 OpenStreetMap contributors (ODbL) https://www.openstreetmap.org/node/12793983218","sym":"Radio Beacon"},"geometry":{"type":"Point","coordinates":[-122.68992,49.22217]}},{"type":"Feature","properties":{"name":"ORL: Westside Learning Lab","routes":["C1","CA"],"provs":["BC"],"desc":"Library\nSource: \u00a9 OpenStreetMap contributors (ODbL) https://www.openstreetmap.org/node/12801012002","sym":"Radio Beacon"},"geometry":{"type":"Point","coordinates":[-119.53548,49.87942]}},{"type":"Feature","properties":{"name":"Sweet Revenge","routes":["C1","C2","CN","CL"],"provs":["BC"],"desc":"Caf\u00e9\nWifi for customers\nSource: \u00a9 OpenStreetMap contributors (ODbL) https://www.openstreetmap.org/node/12801019645","sym":"Radio Beacon"},"geometry":{"type":"Point","coordinates":[-122.68032,49.11932]}},{"type":"Feature","properties":{"name":"ORL: Kalenden Branch","routes":["C1"],"provs":["BC"],"desc":"Library\nSource: \u00a9 OpenStreetMap contributors (ODbL) https://www.openstreetmap.org/node/12802928801","sym":"Radio Beacon"},"geometry":{"type":"Point","coordinates":[-119.5953,49.39003]}},{"type":"Feature","properties":{"name":"ORL: Sicamous Branch","routes":["C1","CN","CA","CL","CW"],"provs":["BC"],"desc":"Library\nSource: \u00a9 OpenStreetMap contributors (ODbL) https://www.openstreetmap.org/node/12805631101","sym":"Radio Beacon"},"geometry":{"type":"Point","coordinates":[-118.98255,50.83691]}},{"type":"Feature","properties":{"name":"ORL: Lake Country Branch","routes":["C1","CL"],"provs":["BC"],"desc":"Library\nSource: \u00a9 OpenStreetMap contributors (ODbL) https://www.openstreetmap.org/node/12809156004","sym":"Radio Beacon"},"geometry":{"type":"Point","coordinates":[-119.40222,50.03035]}},{"type":"Feature","properties":{"name":"ORL: Osoyoos Branch","routes":["C2","CA"],"provs":["BC"],"desc":"Library\nSource: \u00a9 OpenStreetMap contributors (ODbL) https://www.openstreetmap.org/node/12811444001","sym":"Radio Beacon"},"geometry":{"type":"Point","coordinates":[-119.46573,49.02937]}},{"type":"Feature","properties":{"name":"ORL: South Shuswap Branch","routes":["CN"],"provs":["BC"],"desc":"Library\nSource: \u00a9 OpenStreetMap contributors (ODbL) https://www.openstreetmap.org/node/12812297401","sym":"Radio Beacon"},"geometry":{"type":"Point","coordinates":[-119.38354,50.87143]}},{"type":"Feature","properties":{"name":"Found Coffee | Front","routes":["C2"],"provs":["ON"],"desc":"Caf\u00e9\nSource: \u00a9 OpenStreetMap contributors (ODbL) https://www.openstreetmap.org/node/12830420847","sym":"Radio Beacon"},"geometry":{"type":"Point","coordinates":[-79.38538,43.64439]}},{"type":"Feature","properties":{"name":"Colibri","routes":["C1","C2","CN","CL"],"provs":["BC"],"desc":"Caf\u00e9\nWifi for customers\nSource: \u00a9 OpenStreetMap contributors (ODbL) https://www.openstreetmap.org/node/12832539764","sym":"Radio Beacon"},"geometry":{"type":"Point","coordinates":[-122.65945,49.12042]}},{"type":"Feature","properties":{"name":"Ciccio's","routes":["C1","C2","CN","CA","CL"],"provs":["QC"],"desc":"Fast food\nFree wifi\nSource: \u00a9 OpenStreetMap contributors (ODbL) https://www.openstreetmap.org/node/12833999785","sym":"Radio Beacon"},"geometry":{"type":"Point","coordinates":[-73.55589,45.50223]}},{"type":"Feature","properties":{"name":"Cafe ora","routes":["C1","C2","C3"],"provs":["ON"],"desc":"Caf\u00e9\nSource: \u00a9 OpenStreetMap contributors (ODbL) https://www.openstreetmap.org/node/12856108301","sym":"Radio Beacon"},"geometry":{"type":"Point","coordinates":[-89.22067,48.43375]}},{"type":"Feature","properties":{"name":"Brampton Library - Claireville Branch","routes":["C2","CN","CA","CL"],"provs":["ON"],"desc":"Library\nSource: \u00a9 OpenStreetMap contributors (ODbL) https://www.openstreetmap.org/node/12863189592","sym":"Radio Beacon"},"geometry":{"type":"Point","coordinates":[-79.65675,43.76632]}},{"type":"Feature","properties":{"name":"Revelstoke Museum & Archives","routes":["C1","CA"],"provs":["BC"],"desc":"Museum\nSource: \u00a9 OpenStreetMap contributors (ODbL) https://www.openstreetmap.org/node/12879765077","sym":"Radio Beacon"},"geometry":{"type":"Point","coordinates":[-118.19807,51.00021]}},{"type":"Feature","properties":{"name":"241 Pizza","routes":["C3","CN"],"provs":["ON"],"desc":"Fast food\nSource: \u00a9 OpenStreetMap contributors (ODbL) https://www.openstreetmap.org/node/12894116701","sym":"Radio Beacon"},"geometry":{"type":"Point","coordinates":[-79.68293,44.36242]}},{"type":"Feature","properties":{"name":"The Cozy Bean","routes":["C2"],"provs":["ON"],"desc":"Caf\u00e9\nWifi for customers\nSource: \u00a9 OpenStreetMap contributors (ODbL) https://www.openstreetmap.org/node/12904007162","sym":"Radio Beacon"},"geometry":{"type":"Point","coordinates":[-79.27687,43.69359]}},{"type":"Feature","properties":{"name":"SL: Clayton Branch","routes":["C1","C2","CN","CL"],"provs":["BC"],"desc":"Library\nFree wifi\nSource: \u00a9 OpenStreetMap contributors (ODbL) https://www.openstreetmap.org/node/12905471101","sym":"Radio Beacon"},"geometry":{"type":"Point","coordinates":[-122.70414,49.13277]}},{"type":"Feature","properties":{"name":"Starbucks","routes":["CN"],"provs":["NS"],"desc":"Caf\u00e9\nFree wifi\nSource: \u00a9 OpenStreetMap contributors (ODbL) https://www.openstreetmap.org/node/12911917391","sym":"Radio Beacon"},"geometry":{"type":"Point","coordinates":[-63.50681,44.97528]}},{"type":"Feature","properties":{"name":"The Safe Caf\u00e9 & Catering","routes":["C1"],"provs":["SK"],"desc":"Caf\u00e9\nWifi for customers\nSource: \u00a9 OpenStreetMap contributors (ODbL) https://www.openstreetmap.org/node/12947631212","sym":"Radio Beacon"},"geometry":{"type":"Point","coordinates":[-104.61285,50.43965]}},{"type":"Feature","properties":{"name":"Tim Hortons","routes":["C1"],"provs":["ON"],"desc":"Caf\u00e9\nSource: \u00a9 OpenStreetMap contributors (ODbL) https://www.openstreetmap.org/node/12950359994","sym":"Radio Beacon"},"geometry":{"type":"Point","coordinates":[-79.70595,46.37012]}},{"type":"Feature","properties":{"name":"Franki's Pizzeria","routes":["C1","C2","C3"],"provs":["ON"],"desc":"Restaurant\nWifi for customers\nSource: \u00a9 OpenStreetMap contributors (ODbL) https://www.openstreetmap.org/node/12990810222","sym":"Radio Beacon"},"geometry":{"type":"Point","coordinates":[-89.25557,48.45154]}},{"type":"Feature","properties":{"name":"S'more Please!","routes":["C1","C3"],"provs":["AB"],"desc":"Caf\u00e9\nSource: \u00a9 OpenStreetMap contributors (ODbL) https://www.openstreetmap.org/node/12992105955","sym":"Radio Beacon"},"geometry":{"type":"Point","coordinates":[-114.06247,51.05101]}},{"type":"Feature","properties":{"name":"Outer Clove Restaurant","routes":["C2"],"provs":["BC"],"desc":"Restaurant\nSource: \u00a9 OpenStreetMap contributors (ODbL) https://www.openstreetmap.org/node/13003514801","sym":"Radio Beacon"},"geometry":{"type":"Point","coordinates":[-117.29523,49.49108]}},{"type":"Feature","properties":{"name":"Little Beetle","routes":["C2","CA","CL"],"provs":["BC"],"desc":"Restaurant\nFree wifi\nSource: \u00a9 OpenStreetMap contributors (ODbL) https://www.openstreetmap.org/node/13014668043","sym":"Radio Beacon"},"geometry":{"type":"Point","coordinates":[-121.95907,49.12313]}},{"type":"Feature","properties":{"name":"Berlin D\u00f6ner Haus","routes":["C1","C2","CN","CA","CL"],"provs":["QC"],"desc":"Fast food\nSource: \u00a9 OpenStreetMap contributors (ODbL) https://www.openstreetmap.org/node/13015921623","sym":"Radio Beacon"},"geometry":{"type":"Point","coordinates":[-73.57753,45.51597]}},{"type":"Feature","properties":{"name":"Dorsay Pub Britannique","routes":["C1","C2","C3","CA","CW"],"provs":["QC"],"desc":"Restaurant\nSource: \u00a9 OpenStreetMap contributors (ODbL) https://www.openstreetmap.org/node/13025605402","sym":"Radio Beacon"},"geometry":{"type":"Point","coordinates":[-71.20727,46.81361]}},{"type":"Feature","properties":{"name":"Progression Bouldering","routes":["C2","CN","CA","CL"],"provs":["BC"],"desc":"Recreation centre\nSource: \u00a9 OpenStreetMap contributors (ODbL) https://www.openstreetmap.org/node/13027768701","sym":"Radio Beacon"},"geometry":{"type":"Point","coordinates":[-123.0996,49.26215]}},{"type":"Feature","properties":{"name":"Tim Hortons","routes":["C1","C3"],"provs":["AB"],"desc":"Caf\u00e9\nSource: \u00a9 OpenStreetMap contributors (ODbL) https://www.openstreetmap.org/node/13036915002","sym":"Radio Beacon"},"geometry":{"type":"Point","coordinates":[-114.08678,51.06385]}},{"type":"Feature","properties":{"name":"I Love You Coffee Shop","routes":["C1","C3"],"provs":["AB"],"desc":"Caf\u00e9\nSource: \u00a9 OpenStreetMap contributors (ODbL) https://www.openstreetmap.org/node/13046822086","sym":"Radio Beacon"},"geometry":{"type":"Point","coordinates":[-114.07125,51.03998]}},{"type":"Feature","properties":{"name":"I Love You Coffee Shop Jr","routes":["C1","C3"],"provs":["AB"],"desc":"Caf\u00e9\nSource: \u00a9 OpenStreetMap contributors (ODbL) https://www.openstreetmap.org/node/13046879604","sym":"Radio Beacon"},"geometry":{"type":"Point","coordinates":[-114.07265,51.04183]}},{"type":"Feature","properties":{"name":"Starbucks","routes":["C2","CN","CA"],"provs":["ON"],"desc":"Caf\u00e9\nFree wifi\nSource: \u00a9 OpenStreetMap contributors (ODbL) https://www.openstreetmap.org/node/13050241540","sym":"Radio Beacon"},"geometry":{"type":"Point","coordinates":[-75.70323,44.60179]}},{"type":"Feature","properties":{"name":"Subway","routes":["C1","C2","CN","CL"],"provs":["QC"],"desc":"Fast food\nSource: \u00a9 OpenStreetMap contributors (ODbL) https://www.openstreetmap.org/node/13066528901","sym":"Radio Beacon"},"geometry":{"type":"Point","coordinates":[-73.48518,45.56959]}},{"type":"Feature","properties":{"name":"Tim Hortons","routes":["CN","CA"],"provs":["BC"],"desc":"Caf\u00e9\nSource: \u00a9 OpenStreetMap contributors (ODbL) https://www.openstreetmap.org/node/13067905362","sym":"Radio Beacon"},"geometry":{"type":"Point","coordinates":[-120.22635,50.67153]}},{"type":"Feature","properties":{"name":"Tim Hortons","routes":["C1","C3"],"provs":["NB"],"desc":"Caf\u00e9\nFree wifi\nSource: \u00a9 OpenStreetMap contributors (ODbL) https://www.openstreetmap.org/node/13069362658","sym":"Radio Beacon"},"geometry":{"type":"Point","coordinates":[-65.47046,47.02847]}},{"type":"Feature","properties":{"name":"Wendy's","routes":["C1","C2","CN","CA"],"provs":["BC"],"desc":"Fast food\nSource: \u00a9 OpenStreetMap contributors (ODbL) https://www.openstreetmap.org/node/13082686862","sym":"Radio Beacon"},"geometry":{"type":"Point","coordinates":[-121.42666,49.3758]}},{"type":"Feature","properties":{"name":"Le Lotus Bleu","routes":["C1","C2","CN","CA","CL"],"provs":["QC"],"desc":"Restaurant\nFree wifi\nSource: \u00a9 OpenStreetMap contributors (ODbL) https://www.openstreetmap.org/node/13084896779","sym":"Radio Beacon"},"geometry":{"type":"Point","coordinates":[-73.55932,45.50767]}},{"type":"Feature","properties":{"name":"Top of Vancouver","routes":["C2","CN","CA","CL"],"provs":["BC"],"desc":"Restaurant\nSource: \u00a9 OpenStreetMap contributors (ODbL) https://www.openstreetmap.org/node/13086738701","sym":"Radio Beacon"},"geometry":{"type":"Point","coordinates":[-123.11198,49.28491]}},{"type":"Feature","properties":{"name":"Tim Hortons","routes":["C1","CN","CA"],"provs":["BC"],"desc":"Caf\u00e9\nFree wifi\nSource: \u00a9 OpenStreetMap contributors (ODbL) https://www.openstreetmap.org/node/13116965144","sym":"Radio Beacon"},"geometry":{"type":"Point","coordinates":[-122.42845,49.17407]}},{"type":"Feature","properties":{"name":"A&W","routes":["C1","C3","CN","CA"],"provs":["NB"],"desc":"Fast food\nSource: \u00a9 OpenStreetMap contributors (ODbL) https://www.openstreetmap.org/node/13118653801","sym":"Radio Beacon"},"geometry":{"type":"Point","coordinates":[-64.52506,46.22238]}},{"type":"Feature","properties":{"name":"KFC & TACO BELL","routes":["C3","CA","CL"],"provs":["BC"],"desc":"Food court\nSource: \u00a9 OpenStreetMap contributors (ODbL) https://www.openstreetmap.org/node/13121880376","sym":"Radio Beacon"},"geometry":{"type":"Point","coordinates":[-122.77767,53.8966]}},{"type":"Feature","properties":{"name":"Caffe Levant","routes":["C1","C3"],"provs":["AB"],"desc":"Caf\u00e9\nFree wifi\nSource: \u00a9 OpenStreetMap contributors (ODbL) https://www.openstreetmap.org/node/13130130577","sym":"Radio Beacon"},"geometry":{"type":"Point","coordinates":[-114.07355,51.04787]}},{"type":"Feature","properties":{"name":"Accio Cup","routes":["C1","C2","CN","CA","CL"],"provs":["QC"],"desc":"Caf\u00e9\nSource: \u00a9 OpenStreetMap contributors (ODbL) https://www.openstreetmap.org/node/13136583212","sym":"Radio Beacon"},"geometry":{"type":"Point","coordinates":[-73.58011,45.49743]}},{"type":"Feature","properties":{"name":"Mayflower","routes":["C1","C2","C3","CA","CW"],"provs":["QC"],"desc":"Caf\u00e9\nSource: \u00a9 OpenStreetMap contributors (ODbL) https://www.openstreetmap.org/node/13141111101","sym":"Radio Beacon"},"geometry":{"type":"Point","coordinates":[-71.26708,46.76858]}},{"type":"Feature","properties":{"name":"McDonald's","routes":["C2","CN","CA","CL"],"provs":["NS"],"desc":"Fast food\nSource: \u00a9 OpenStreetMap contributors (ODbL) https://www.openstreetmap.org/node/13141551801","sym":"Radio Beacon"},"geometry":{"type":"Point","coordinates":[-63.59856,44.64488]}},{"type":"Feature","properties":{"name":"The Naked Crepe Bistro","routes":["C2","CA"],"provs":["NS"],"desc":"Restaurant\nSource: \u00a9 OpenStreetMap contributors (ODbL) https://www.openstreetmap.org/node/13160107501","sym":"Radio Beacon"},"geometry":{"type":"Point","coordinates":[-64.13876,44.99537]}},{"type":"Feature","properties":{"name":"Frosty Bean Coffee House & Ice Cream Parlour","routes":["C1","CA"],"provs":["SK"],"desc":"Caf\u00e9\nSource: \u00a9 OpenStreetMap contributors (ODbL) https://www.openstreetmap.org/node/13161263401","sym":"Radio Beacon"},"geometry":{"type":"Point","coordinates":[-107.7985,50.28534]}},{"type":"Feature","properties":{"name":"P\u00e2tisserie Chouquette","routes":["C1","C2","C3","CA","CW"],"provs":["QC"],"desc":"Caf\u00e9\nSource: \u00a9 OpenStreetMap contributors (ODbL) https://www.openstreetmap.org/node/13177193001","sym":"Radio Beacon"},"geometry":{"type":"Point","coordinates":[-71.21753,46.81126]}},{"type":"Feature","properties":{"name":"Co-op Food Market - Sayward","routes":["C3","CA"],"provs":["BC"],"desc":"Supermarket\nSource: \u00a9 OpenStreetMap contributors (ODbL) https://www.openstreetmap.org/node/13183368702","sym":"Radio Beacon"},"geometry":{"type":"Point","coordinates":[-125.9188,50.31298]}},{"type":"Feature","properties":{"name":"B.Hive Caf\u00e9","routes":["C1","C2","CN","CA","CL"],"provs":["QC"],"desc":"Caf\u00e9\nSource: \u00a9 OpenStreetMap contributors (ODbL) https://www.openstreetmap.org/node/13185281684","sym":"Radio Beacon"},"geometry":{"type":"Point","coordinates":[-73.58421,45.48981]}},{"type":"Feature","properties":{"name":"Tintico","routes":["C1","C2","C3","CA","CW"],"provs":["QC"],"desc":"Caf\u00e9\nSource: \u00a9 OpenStreetMap contributors (ODbL) https://www.openstreetmap.org/node/13230590301","sym":"Radio Beacon"},"geometry":{"type":"Point","coordinates":[-71.23293,46.81022]}},{"type":"Feature","properties":{"name":"Amir Cuisine Libanaise","routes":["C1","C2","CN","CA","CL"],"provs":["QC"],"desc":"Fast food\nFree wifi\nSource: \u00a9 OpenStreetMap contributors (ODbL) https://www.openstreetmap.org/node/13236603160","sym":"Radio Beacon"},"geometry":{"type":"Point","coordinates":[-73.56422,45.49395]}},{"type":"Feature","properties":{"name":"Oishi","routes":["C1","C2","C3","CA","CW"],"provs":["QC"],"desc":"Restaurant\nSource: \u00a9 OpenStreetMap contributors (ODbL) https://www.openstreetmap.org/node/13250938601","sym":"Radio Beacon"},"geometry":{"type":"Point","coordinates":[-71.2073,46.81348]}},{"type":"Feature","properties":{"name":"Philtre Caf\u00e9","routes":["C1","C2","C3"],"provs":["QC"],"desc":"Caf\u00e9\nSource: \u00a9 OpenStreetMap contributors (ODbL) https://www.openstreetmap.org/node/13256479301","sym":"Radio Beacon"},"geometry":{"type":"Point","coordinates":[-71.35928,46.74729]}},{"type":"Feature","properties":{"name":"Boustan","routes":["C1","C2","CN","CA","CL"],"provs":["QC"],"desc":"Fast food\nWifi for customers\nSource: \u00a9 OpenStreetMap contributors (ODbL) https://www.openstreetmap.org/node/13267151602","sym":"Radio Beacon"},"geometry":{"type":"Point","coordinates":[-73.57322,45.50508]}},{"type":"Feature","properties":{"name":"Wendy's","routes":["C2","CA"],"provs":["AB"],"desc":"Fast food\nFree wifi\nSource: \u00a9 OpenStreetMap contributors (ODbL) https://www.openstreetmap.org/node/13276627099","sym":"Radio Beacon"},"geometry":{"type":"Point","coordinates":[-112.80937,49.7047]}},{"type":"Feature","properties":{"name":"La Tasse Joyeuse","routes":["C1","C2","CN","CA","CL"],"provs":["QC"],"desc":"Caf\u00e9\nWifi for customers\nSource: \u00a9 OpenStreetMap contributors (ODbL) https://www.openstreetmap.org/node/13287251819","sym":"Radio Beacon"},"geometry":{"type":"Point","coordinates":[-73.55089,45.52398]}},{"type":"Feature","properties":{"name":"Park by Sidewalk Citizen","routes":["C1","C3"],"provs":["AB"],"desc":"Restaurant\nWifi for customers\nSource: \u00a9 OpenStreetMap contributors (ODbL) https://www.openstreetmap.org/node/13293390213","sym":"Radio Beacon"},"geometry":{"type":"Point","coordinates":[-114.07092,51.04085]}},{"type":"Feature","properties":{"name":"Prunus","routes":["CN","CA","CL","CW"],"provs":["BC"],"desc":"Caf\u00e9\nFree wifi\nSource: \u00a9 OpenStreetMap contributors (ODbL) https://www.openstreetmap.org/node/13295135482","sym":"Radio Beacon"},"geometry":{"type":"Point","coordinates":[-123.13396,49.16395]}},{"type":"Feature","properties":{"name":"Semantics Cafe","routes":["C1","C3"],"provs":["AB"],"desc":"Caf\u00e9\nWifi for customers\nNetwork: Semantics Cafe\nSource: \u00a9 OpenStreetMap contributors (ODbL) https://www.openstreetmap.org/node/13295204379","sym":"Radio Beacon"},"geometry":{"type":"Point","coordinates":[-114.06052,51.04296]}},{"type":"Feature","properties":{"name":"Pathway Burgers & Momos","routes":["C1","C3"],"provs":["AB"],"desc":"Restaurant\nFree wifi\nSource: \u00a9 OpenStreetMap contributors (ODbL) https://www.openstreetmap.org/node/13295688024","sym":"Radio Beacon"},"geometry":{"type":"Point","coordinates":[-114.00835,51.07726]}},{"type":"Feature","properties":{"name":"MediaLAB Gabrielle-Roy","routes":["C1","C2","C3","CA","CW"],"provs":["QC"],"desc":"Library\nSource: \u00a9 OpenStreetMap contributors (ODbL) https://www.openstreetmap.org/node/13296804801","sym":"Radio Beacon"},"geometry":{"type":"Point","coordinates":[-71.22598,46.81432]}},{"type":"Feature","properties":{"name":"Freshslice Pizza","routes":["C1","C3","CA","CL"],"provs":["BC"],"desc":"Fast food\nSource: \u00a9 OpenStreetMap contributors (ODbL) https://www.openstreetmap.org/node/13307483318","sym":"Radio Beacon"},"geometry":{"type":"Point","coordinates":[-123.36419,48.42886]}},{"type":"Feature","properties":{"name":"Harvest Store + Cafe","routes":["C1","C2","CA"],"provs":["BC"],"desc":"Caf\u00e9\nFree wifi\nSource: \u00a9 OpenStreetMap contributors (ODbL) https://www.openstreetmap.org/node/13318096252","sym":"Radio Beacon"},"geometry":{"type":"Point","coordinates":[-121.9541,49.17179]}},{"type":"Feature","properties":{"name":"Waves Coffee House","routes":["C1","C3"],"provs":["AB"],"desc":"Caf\u00e9\nSource: \u00a9 OpenStreetMap contributors (ODbL) https://www.openstreetmap.org/node/13319974202","sym":"Radio Beacon"},"geometry":{"type":"Point","coordinates":[-114.08146,51.04624]}},{"type":"Feature","properties":{"name":"Parquette","routes":["C1","C2","CN","CA","CL"],"provs":["QC"],"desc":"Caf\u00e9\nSource: \u00a9 OpenStreetMap contributors (ODbL) https://www.openstreetmap.org/node/13342621809","sym":"Radio Beacon"},"geometry":{"type":"Point","coordinates":[-73.59611,45.53905]}},{"type":"Feature","properties":{"name":"Choices Cafe & Bistro","routes":["C1","C3"],"provs":["AB"],"desc":"Caf\u00e9\nWifi for customers\nSource: \u00a9 OpenStreetMap contributors (ODbL) https://www.openstreetmap.org/node/13361966633","sym":"Radio Beacon"},"geometry":{"type":"Point","coordinates":[-114.06055,51.0495]}},{"type":"Feature","properties":{"name":"Aspire | Air Canada Caf\u00e9","routes":["C2"],"provs":["ON"],"desc":"Caf\u00e9\nSource: \u00a9 OpenStreetMap contributors (ODbL) https://www.openstreetmap.org/node/13403419530","sym":"Radio Beacon"},"geometry":{"type":"Point","coordinates":[-79.39642,43.63141]}},{"type":"Feature","properties":{"name":"Aux Grains De Saveurs","routes":["C2"],"provs":["QC"],"desc":"Bakery\nWifi for customers\nSource: \u00a9 OpenStreetMap contributors (ODbL) https://www.openstreetmap.org/node/13418815448","sym":"Radio Beacon"},"geometry":{"type":"Point","coordinates":[-74.17945,45.29714]}},{"type":"Feature","properties":{"name":"Riverbrew Cafe","routes":["CN","CA"],"provs":["BC"],"desc":"Caf\u00e9\nFree wifi\nSource: \u00a9 OpenStreetMap contributors (ODbL) https://www.openstreetmap.org/node/13422346689","sym":"Radio Beacon"},"geometry":{"type":"Point","coordinates":[-120.29738,50.68691]}},{"type":"Feature","properties":{"name":"Caf\u00e9 Olive","routes":["C1","C2","C3","CA","CW"],"provs":["QC"],"desc":"Caf\u00e9\nSource: \u00a9 OpenStreetMap contributors (ODbL) https://www.openstreetmap.org/node/13430926901","sym":"Radio Beacon"},"geometry":{"type":"Point","coordinates":[-71.2249,46.80271]}},{"type":"Feature","properties":{"name":"Cafeteria Services","routes":["C1","CA"],"provs":["AB"],"desc":"Caf\u00e9\nFree wifi\nSource: \u00a9 OpenStreetMap contributors (ODbL) https://www.openstreetmap.org/node/13469805087","sym":"Radio Beacon"},"geometry":{"type":"Point","coordinates":[-111.88909,50.5685]}},{"type":"Feature","properties":{"name":"Starbucks","routes":["C1","C3"],"provs":["AB"],"desc":"Caf\u00e9\nFree wifi\nSource: \u00a9 OpenStreetMap contributors (ODbL) https://www.openstreetmap.org/node/13501685502","sym":"Radio Beacon"},"geometry":{"type":"Point","coordinates":[-114.06561,51.04068]}},{"type":"Feature","properties":{"name":"Caf\u00e9 Cantook","routes":["C1","C2","C3","CA","CW"],"provs":["QC"],"desc":"Caf\u00e9\nSource: \u00a9 OpenStreetMap contributors (ODbL) https://www.openstreetmap.org/node/13509592401","sym":"Radio Beacon"},"geometry":{"type":"Point","coordinates":[-71.23524,46.81197]}},{"type":"Feature","properties":{"name":"Biblioth\u00e8que de Saint-Sauveur","routes":["C1","C2","C3","CA","CW"],"provs":["QC"],"desc":"Library\nSource: \u00a9 OpenStreetMap contributors (ODbL) https://www.openstreetmap.org/node/13509602201","sym":"Radio Beacon"},"geometry":{"type":"Point","coordinates":[-71.23769,46.81175]}},{"type":"Feature","properties":{"name":"L'Oeufrier","routes":["C1","C3","CN"],"provs":["QC"],"desc":"Restaurant\nSource: \u00a9 OpenStreetMap contributors (ODbL) https://www.openstreetmap.org/node/13530242701","sym":"Radio Beacon"},"geometry":{"type":"Point","coordinates":[-73.72319,45.55743]}},{"type":"Feature","properties":{"name":"Starbucks","routes":["C1","C3","CA","CL"],"provs":["BC"],"desc":"Caf\u00e9\nSource: \u00a9 OpenStreetMap contributors (ODbL) https://www.openstreetmap.org/node/13563377558","sym":"Radio Beacon"},"geometry":{"type":"Point","coordinates":[-123.36545,48.42198]}},{"type":"Feature","properties":{"name":"New Owly Cafe","routes":["C1","C3","CA","CL"],"provs":["BC"],"desc":"Caf\u00e9\nFree wifi\nSource: \u00a9 OpenStreetMap contributors (ODbL) https://www.openstreetmap.org/node/13571659392","sym":"Radio Beacon"},"geometry":{"type":"Point","coordinates":[-123.36664,48.42549]}},{"type":"Feature","properties":{"name":"North Perk Cafe","routes":["C1","C3","CA","CL"],"provs":["BC"],"desc":"Caf\u00e9\nFree wifi\nSource: \u00a9 OpenStreetMap contributors (ODbL) https://www.openstreetmap.org/node/13574330383","sym":"Radio Beacon"},"geometry":{"type":"Point","coordinates":[-123.3585,48.43299]}},{"type":"Feature","properties":{"name":"Baloney Sandwicherie","routes":["C1","C2","C3","CA","CW"],"provs":["QC"],"desc":"Restaurant\nSource: \u00a9 OpenStreetMap contributors (ODbL) https://www.openstreetmap.org/node/13612392204","sym":"Radio Beacon"},"geometry":{"type":"Point","coordinates":[-71.22057,46.8097]}},{"type":"Feature","properties":{"name":"Chengdu Street Food","routes":["C2"],"provs":["ON"],"desc":"Restaurant\nSource: \u00a9 OpenStreetMap contributors (ODbL) https://www.openstreetmap.org/node/13625535546","sym":"Radio Beacon"},"geometry":{"type":"Point","coordinates":[-79.39481,43.65348]}},{"type":"Feature","properties":{"name":"Van Houtte","routes":["C1","C2","CN","CA","CL"],"provs":["QC"],"desc":"Caf\u00e9\nWifi for customers\nSource: \u00a9 OpenStreetMap contributors (ODbL) https://www.openstreetmap.org/node/13627137106","sym":"Radio Beacon"},"geometry":{"type":"Point","coordinates":[-73.56128,45.5154]}},{"type":"Feature","properties":{"name":"JJ Bean","routes":["C2","CN","CL"],"provs":["BC"],"desc":"Caf\u00e9\nFree wifi\nSource: \u00a9 OpenStreetMap contributors (ODbL) https://www.openstreetmap.org/node/13676990285","sym":"Radio Beacon"},"geometry":{"type":"Point","coordinates":[-122.92203,49.21426]}},{"type":"Feature","properties":{"name":"Starbucks","routes":["C2","C3"],"provs":["ON"],"desc":"Caf\u00e9\nSource: \u00a9 OpenStreetMap contributors (ODbL) https://www.openstreetmap.org/node/13703319101","sym":"Radio Beacon"},"geometry":{"type":"Point","coordinates":[-80.9238,44.57512]}},{"type":"Feature","properties":{"name":"The Elm Cafe","routes":["C2","C3","CL"],"provs":["ON"],"desc":"Caf\u00e9\nSource: \u00a9 OpenStreetMap contributors (ODbL) https://www.openstreetmap.org/node/13723057301","sym":"Radio Beacon"},"geometry":{"type":"Point","coordinates":[-76.48619,44.23998]}},{"type":"Feature","properties":{"name":"AbracaShaba Foccaceria","routes":["C1","CN","CL"],"provs":["BC"],"desc":"Bakery\nSource: \u00a9 OpenStreetMap contributors (ODbL) https://www.openstreetmap.org/node/13741104602","sym":"Radio Beacon"},"geometry":{"type":"Point","coordinates":[-122.60323,49.22035]}},{"type":"Feature","properties":{"name":"Wander Coffee and Cocktails","routes":["C1","C3"],"provs":["AB"],"desc":"Caf\u00e9\nSource: \u00a9 OpenStreetMap contributors (ODbL) https://www.openstreetmap.org/node/13763822801","sym":"Radio Beacon"},"geometry":{"type":"Point","coordinates":[-114.08046,51.04969]}},{"type":"Feature","properties":{"name":"\u00a1Espace Amalgame?","routes":["C1","C2","CN","CA","CL"],"provs":["QC"],"desc":"Community centre\nWifi for customers\nSource: \u00a9 OpenStreetMap contributors (ODbL) https://www.openstreetmap.org/node/13782817292","sym":"Radio Beacon"},"geometry":{"type":"Point","coordinates":[-73.60105,45.52694]}},{"type":"Feature","properties":{"name":"Cafe For\u00eat","routes":["C2"],"provs":["ON"],"desc":"Caf\u00e9\nWifi for customers\nSource: \u00a9 OpenStreetMap contributors (ODbL) https://www.openstreetmap.org/node/13785565382","sym":"Radio Beacon"},"geometry":{"type":"Point","coordinates":[-79.38574,43.65518]}},{"type":"Feature","properties":{"name":"La Molette","routes":["C1","C2","C3","CA","CW"],"provs":["QC"],"desc":"Caf\u00e9\nSource: \u00a9 OpenStreetMap contributors (ODbL) https://www.openstreetmap.org/node/13811467001","sym":"Radio Beacon"},"geometry":{"type":"Point","coordinates":[-71.2245,46.80817]}},{"type":"Feature","properties":{"name":"Pho Dinosaur","routes":["C3","CA"],"provs":["AB"],"desc":"Restaurant\nSource: \u00a9 OpenStreetMap contributors (ODbL) https://www.openstreetmap.org/node/13863933529","sym":"Radio Beacon"},"geometry":{"type":"Point","coordinates":[-112.69987,51.45223]}},{"type":"Feature","properties":{"name":"KFC","routes":["C3","CA"],"provs":["AB"],"desc":"Fast food\nSource: \u00a9 OpenStreetMap contributors (ODbL) https://www.openstreetmap.org/node/13863933534","sym":"Radio Beacon"},"geometry":{"type":"Point","coordinates":[-112.69975,51.45032]}},{"type":"Feature","properties":{"name":"Elysees Cafe & Bakery","routes":["C2","CN","CA","CL"],"provs":["BC"],"desc":"Caf\u00e9\nSource: \u00a9 OpenStreetMap contributors (ODbL) https://www.openstreetmap.org/node/13885088991","sym":"Radio Beacon"},"geometry":{"type":"Point","coordinates":[-123.11682,49.22879]}},{"type":"Feature","properties":{"name":"Starbucks","routes":["C1","C2","C3"],"provs":["MB"],"desc":"Caf\u00e9\nFree wifi\nSource: \u00a9 OpenStreetMap contributors (ODbL) https://www.openstreetmap.org/node/13892838725","sym":"Radio Beacon"},"geometry":{"type":"Point","coordinates":[-97.12352,49.88471]}},{"type":"Feature","properties":{"name":"Terre Caf\u00e9","routes":["C1","C3","CN"],"provs":["AB"],"desc":"Caf\u00e9\nSource: \u00a9 OpenStreetMap contributors (ODbL) https://www.openstreetmap.org/node/13899477713","sym":"Radio Beacon"},"geometry":{"type":"Point","coordinates":[-114.14786,51.07798]}},{"type":"Feature","properties":{"name":"Tim Hortons","routes":["C1","C2","CN","CA","CL"],"provs":["QC"],"desc":"Caf\u00e9\nFree wifi\nSource: \u00a9 OpenStreetMap contributors (ODbL) https://www.openstreetmap.org/node/13902052037","sym":"Radio Beacon"},"geometry":{"type":"Point","coordinates":[-73.54964,45.5253]}},{"type":"Feature","properties":{"name":"Starbucks","routes":["C2","CA"],"provs":["QC"],"desc":"Caf\u00e9\nSource: \u00a9 OpenStreetMap contributors (ODbL) https://www.openstreetmap.org/node/13932272901","sym":"Radio Beacon"},"geometry":{"type":"Point","coordinates":[-73.69296,45.44089]}},{"type":"Feature","properties":{"name":"Starbucks","routes":["C1","CA","CL"],"provs":["PE"],"desc":"Caf\u00e9\nFree wifi\nSource: \u00a9 OpenStreetMap contributors (ODbL) https://www.openstreetmap.org/node/13951901855","sym":"Radio Beacon"},"geometry":{"type":"Point","coordinates":[-63.08957,46.22181]}},{"type":"Feature","properties":{"name":"Enroute Cycling & Cafe","routes":["C2","CN","CA","CL"],"provs":["BC"],"desc":"Bike shop\nFree wifi\nSource: \u00a9 OpenStreetMap contributors (ODbL) https://www.openstreetmap.org/node/13954373467","sym":"Radio Beacon"},"geometry":{"type":"Point","coordinates":[-123.15542,49.27094]}},{"type":"Feature","properties":{"name":"Caffe Reggio","routes":["C2","CN","CL"],"provs":["BC"],"desc":"Caf\u00e9\nFree wifi\nSource: \u00a9 OpenStreetMap contributors (ODbL) https://www.openstreetmap.org/node/13954724138","sym":"Radio Beacon"},"geometry":{"type":"Point","coordinates":[-122.87057,49.23694]}},{"type":"Feature","properties":{"name":"La Bo\u00eete \u00e0 Pain","routes":["C1","C2","C3","CA","CW"],"provs":["QC"],"desc":"Bakery\nSource: \u00a9 OpenStreetMap contributors (ODbL) https://www.openstreetmap.org/node/13957986801","sym":"Radio Beacon"},"geometry":{"type":"Point","coordinates":[-71.22349,46.81429]}},{"type":"Feature","properties":{"name":"Norte\u00f1os Taqueria","routes":["C1","C2","C3"],"provs":["ON"],"desc":"Restaurant\nSource: \u00a9 OpenStreetMap contributors (ODbL) https://www.openstreetmap.org/node/13958705501","sym":"Radio Beacon"},"geometry":{"type":"Point","coordinates":[-89.29935,48.38036]}},{"type":"Feature","properties":{"name":"Spice Hut East Indian Cuisine","routes":["C3","CA"],"provs":["BC"],"desc":"Restaurant\nSource: \u00a9 OpenStreetMap contributors (ODbL) https://www.openstreetmap.org/node/13989115503","sym":"Radio Beacon"},"geometry":{"type":"Point","coordinates":[-125.25164,50.03028]}},{"type":"Feature","properties":{"name":"Station W","routes":["C1","C2","CN","CA","CL"],"provs":["QC"],"desc":"Caf\u00e9\nFree wifi\nSource: \u00a9 OpenStreetMap contributors (ODbL) https://www.openstreetmap.org/node/14006459104","sym":"Radio Beacon"},"geometry":{"type":"Point","coordinates":[-73.57191,45.45372]}},{"type":"Feature","properties":{"name":"Andromeda Coffee","routes":["C3","CA"],"provs":["AB"],"desc":"Caf\u00e9\nSource: \u00a9 OpenStreetMap contributors (ODbL) https://www.openstreetmap.org/node/14010931501","sym":"Radio Beacon"},"geometry":{"type":"Point","coordinates":[-118.08128,52.87574]}},{"type":"Feature","properties":{"name":"the Postmaster\u2019s Bakery","routes":["C1","C3","CA"],"provs":["NL"],"desc":"Bakery\nSource: \u00a9 OpenStreetMap contributors (ODbL) https://www.openstreetmap.org/node/14018009101","sym":"Radio Beacon"},"geometry":{"type":"Point","coordinates":[-52.70821,47.56906]}},{"type":"Feature","properties":{"name":"Tim Hortons","routes":["C1","C2","C3"],"provs":["MB"],"desc":"Fast food\nSource: \u00a9 OpenStreetMap contributors (ODbL) https://www.openstreetmap.org/node/14019002401","sym":"Radio Beacon"},"geometry":{"type":"Point","coordinates":[-96.93848,49.82188]}},{"type":"Feature","properties":{"name":"Happy Potato Caf\u00e9","routes":["C1","C3","CN","CA"],"provs":["ON"],"desc":"Caf\u00e9\nFree wifi\nSource: \u00a9 OpenStreetMap contributors (ODbL) https://www.openstreetmap.org/node/14028982146","sym":"Radio Beacon"},"geometry":{"type":"Point","coordinates":[-75.71043,45.40181]}},{"type":"Feature","properties":{"name":"Les D\u00e9lices d'\u00c9va","routes":["C3","CN"],"provs":["QC"],"desc":"Caf\u00e9\nSource: \u00a9 OpenStreetMap contributors (ODbL) https://www.openstreetmap.org/node/14031452503","sym":"Radio Beacon"},"geometry":{"type":"Point","coordinates":[-73.73021,45.68751]}},{"type":"Feature","properties":{"name":"OASIS immersion","routes":["C1","C2","CN","CA","CL"],"provs":["QC"],"desc":"Museum\nSource: \u00a9 OpenStreetMap contributors (ODbL) https://www.openstreetmap.org/node/14031459001","sym":"Radio Beacon"},"geometry":{"type":"Point","coordinates":[-73.56047,45.5039]}},{"type":"Feature","properties":{"name":"Breadalbane Public Library","routes":["CL"],"provs":["PE"],"desc":"Library\nSource: \u00a9 OpenStreetMap contributors (ODbL) https://www.openstreetmap.org/node/14047773159","sym":"Radio Beacon"},"geometry":{"type":"Point","coordinates":[-63.50029,46.35258]}},{"type":"Feature","properties":{"name":"Caf\u00e9 Chapeau Moustache","routes":["C1","C3"],"provs":["QC"],"desc":"Caf\u00e9\nSource: \u00a9 OpenStreetMap contributors (ODbL) https://www.openstreetmap.org/node/14049216301","sym":"Radio Beacon"},"geometry":{"type":"Point","coordinates":[-68.53359,48.44871]}},{"type":"Feature","properties":{"name":"ELLIPSIS","routes":["C2","CN","CA","CL"],"provs":["BC"],"desc":"Restaurant\nWifi for customers\nSource: \u00a9 OpenStreetMap contributors (ODbL) https://www.openstreetmap.org/node/14052485858","sym":"Radio Beacon"},"geometry":{"type":"Point","coordinates":[-123.13986,49.26935]}},{"type":"Feature","properties":{"name":"Tribord Caf\u00e9 - Boutique \u00e0 Babord","routes":["C1","C3"],"provs":["QC"],"desc":"Caf\u00e9\nSource: \u00a9 OpenStreetMap contributors (ODbL) https://www.openstreetmap.org/node/14053969501","sym":"Radio Beacon"},"geometry":{"type":"Point","coordinates":[-69.18529,48.13202]}},{"type":"Feature","properties":{"name":"Chou Chou Limoilou","routes":["C1","C2","C3","CA","CW"],"provs":["QC"],"desc":"Restaurant\nSource: \u00a9 OpenStreetMap contributors (ODbL) https://www.openstreetmap.org/node/14058656101","sym":"Radio Beacon"},"geometry":{"type":"Point","coordinates":[-71.22619,46.8227]}},{"type":"Feature","properties":{"name":"Restaurant, Le Clan","routes":["C1","C2","C3","CA","CW"],"provs":["QC"],"desc":"Restaurant\nSource: \u00a9 OpenStreetMap contributors (ODbL) https://www.openstreetmap.org/node/14058656201","sym":"Radio Beacon"},"geometry":{"type":"Point","coordinates":[-71.20749,46.81185]}},{"type":"Feature","properties":{"name":"Caravane Caf\u00e9","routes":["C1","C2","C3"],"provs":["QC"],"desc":"Caf\u00e9\nSource: \u00a9 OpenStreetMap contributors (ODbL) https://www.openstreetmap.org/node/14075618601","sym":"Radio Beacon"},"geometry":{"type":"Point","coordinates":[-71.73423,46.62319]}},{"type":"Feature","properties":{"name":"Medinah Caf\u00e9","routes":["C1","C2","CN","CA","CL"],"provs":["QC"],"desc":"Caf\u00e9\nSource: \u00a9 OpenStreetMap contributors (ODbL) https://www.openstreetmap.org/node/14081012702","sym":"Radio Beacon"},"geometry":{"type":"Point","coordinates":[-73.55805,45.51778]}},{"type":"Feature","properties":{"name":"SORA 45","routes":["C1","C2","CN","CA","CL"],"provs":["QC"],"desc":"Caf\u00e9\nSource: \u00a9 OpenStreetMap contributors (ODbL) https://www.openstreetmap.org/node/14108152901","sym":"Radio Beacon"},"geometry":{"type":"Point","coordinates":[-73.56863,45.50158]}},{"type":"Feature","properties":{"name":"Loreto Brunch and Dinner","routes":["C2","CN","CA","CL"],"provs":["BC"],"desc":"Restaurant\nSource: \u00a9 OpenStreetMap contributors (ODbL) https://www.openstreetmap.org/node/14113588301","sym":"Radio Beacon"},"geometry":{"type":"Point","coordinates":[-123.09893,49.27775]}},{"type":"Feature","properties":{"name":"Burnaby Central Library Learning Commons","routes":["C2","CN","CL"],"provs":["BC"],"desc":"Library\nWifi for customers\nSource: \u00a9 OpenStreetMap contributors (ODbL) https://www.openstreetmap.org/node/14124152971","sym":"Radio Beacon"},"geometry":{"type":"Point","coordinates":[-122.97502,49.24319]}},{"type":"Feature","properties":{"name":"Octave Cafe","routes":["C2","CN","CA","CL"],"provs":["BC"],"desc":"Caf\u00e9\nFree wifi\nSource: \u00a9 OpenStreetMap contributors (ODbL) https://www.openstreetmap.org/node/14134019495","sym":"Radio Beacon"},"geometry":{"type":"Point","coordinates":[-123.12621,49.27439]}},{"type":"Feature","properties":{"name":"Swift Current Visitor Centre","routes":["C1","CA"],"provs":["SK"],"desc":"Visitor centre\nSource: \u00a9 OpenStreetMap contributors (ODbL) https://www.openstreetmap.org/node/14142426201","sym":"Radio Beacon"},"geometry":{"type":"Point","coordinates":[-107.80009,50.29767]}},{"type":"Feature","properties":{"name":"Little Sister Coffee Maker","routes":["C1","C2","C3","CN"],"provs":["MB"],"desc":"Caf\u00e9\nSource: \u00a9 OpenStreetMap contributors (ODbL) https://www.openstreetmap.org/node/14158061501","sym":"Radio Beacon"},"geometry":{"type":"Point","coordinates":[-97.13726,49.8973]}},{"type":"Feature","properties":{"name":"Royal Canadian Legion Branch 69","routes":["C2","CW"],"provs":["NB"],"desc":"Community centre\nSource: \u00a9 OpenStreetMap contributors (ODbL) https://www.openstreetmap.org/node/14176093701","sym":"Radio Beacon"},"geometry":{"type":"Point","coordinates":[-66.10106,45.25334]}},{"type":"Feature","properties":{"name":"Living Sky Caf\u00e9","routes":["C3","CA"],"provs":["SK"],"desc":"Caf\u00e9\nSource: \u00a9 OpenStreetMap contributors (ODbL) https://www.openstreetmap.org/node/14181134702","sym":"Radio Beacon"},"geometry":{"type":"Point","coordinates":[-106.66342,52.12636]}},{"type":"Feature","properties":{"name":"Nok Nok Cafe","routes":["C2","CN","CA","CL"],"provs":["BC"],"desc":"Caf\u00e9\nSource: \u00a9 OpenStreetMap contributors (ODbL) https://www.openstreetmap.org/node/14194606703","sym":"Radio Beacon"},"geometry":{"type":"Point","coordinates":[-123.05256,49.28102]}},{"type":"Feature","properties":{"name":"Science North","routes":["C1","CN","CL"],"provs":["ON"],"desc":"Museum\nSource: \u00a9 OpenStreetMap contributors (ODbL) https://www.openstreetmap.org/relation/9982667","sym":"Radio Beacon"},"geometry":{"type":"Point","coordinates":[-80.99619,46.47087]}},{"type":"Feature","properties":{"name":"Biblioth\u00e8que Maisonneuve","routes":["C1","C2","CN","CA","CL"],"provs":["QC"],"desc":"Library\nFree wifi\nNetwork: MTLWiFi\nSource: \u00a9 OpenStreetMap contributors (ODbL) https://www.openstreetmap.org/relation/20258014","sym":"Radio Beacon"},"geometry":{"type":"Point","coordinates":[-73.54058,45.55063]}},{"type":"Feature","properties":{"name":"Douglas Library","routes":["C2","C3","CL"],"provs":["ON"],"desc":"Library\nFree wifi\nSource: \u00a9 OpenStreetMap contributors (ODbL) https://www.openstreetmap.org/way/5144761","sym":"Radio Beacon"},"geometry":{"type":"Point","coordinates":[-76.49487,44.22734]}},{"type":"Feature","properties":{"name":"Douglas Library","routes":["C2","C3","CL"],"provs":["ON"],"desc":"Library\nFree wifi\nSource: \u00a9 OpenStreetMap contributors (ODbL) https://www.openstreetmap.org/way/5144761","sym":"Radio Beacon"},"geometry":{"type":"Point","coordinates":[-76.49504,44.22737]}},{"type":"Feature","properties":{"name":"Stauffer Library","routes":["C2","C3","CL"],"provs":["ON"],"desc":"Library\nFree wifi\nSource: \u00a9 OpenStreetMap contributors (ODbL) https://www.openstreetmap.org/way/5144799","sym":"Radio Beacon"},"geometry":{"type":"Point","coordinates":[-76.49647,44.22851]}},{"type":"Feature","properties":{"name":"Stauffer Library","routes":["C2","C3","CL"],"provs":["ON"],"desc":"Library\nFree wifi\nSource: \u00a9 OpenStreetMap contributors (ODbL) https://www.openstreetmap.org/way/5144799","sym":"Radio Beacon"},"geometry":{"type":"Point","coordinates":[-76.4962,44.22852]}},{"type":"Feature","properties":{"name":"Sobeys","routes":["C2","CN","CA","CL"],"provs":["NS"],"desc":"Supermarket\nFree wifi\nSource: \u00a9 OpenStreetMap contributors (ODbL) https://www.openstreetmap.org/way/20623899","sym":"Radio Beacon"},"geometry":{"type":"Point","coordinates":[-63.69514,44.77219]}},{"type":"Feature","properties":{"name":"Sobeys","routes":["C2","CN","CA","CL"],"provs":["NS"],"desc":"Supermarket\nFree wifi\nSource: \u00a9 OpenStreetMap contributors (ODbL) https://www.openstreetmap.org/way/20623899","sym":"Radio Beacon"},"geometry":{"type":"Point","coordinates":[-63.69513,44.7718]}},{"type":"Feature","properties":{"name":"Wendy's","routes":["C2","CN","CA","CL"],"provs":["NS"],"desc":"Fast food\nFree wifi\nSource: \u00a9 OpenStreetMap contributors (ODbL) https://www.openstreetmap.org/way/20633495","sym":"Radio Beacon"},"geometry":{"type":"Point","coordinates":[-63.69221,44.7716]}},{"type":"Feature","properties":{"name":"Wendy's","routes":["C2","CN","CA","CL"],"provs":["NS"],"desc":"Fast food\nFree wifi\nSource: \u00a9 OpenStreetMap contributors (ODbL) https://www.openstreetmap.org/way/20633495","sym":"Radio Beacon"},"geometry":{"type":"Point","coordinates":[-63.69213,44.77175]}},{"type":"Feature","properties":{"name":"H\u00f4tel de Ville de Montr\u00e9al","routes":["C1","C2","CN","CA","CL"],"provs":["QC"],"desc":"Town hall\nFree wifi\nNetwork: MTLWiFi\nSource: \u00a9 OpenStreetMap contributors (ODbL) https://www.openstreetmap.org/way/20919180","sym":"Radio Beacon"},"geometry":{"type":"Point","coordinates":[-73.55398,45.5087]}},{"type":"Feature","properties":{"name":"H\u00f4tel de Ville de Montr\u00e9al","routes":["C1","C2","CN","CA","CL"],"provs":["QC"],"desc":"Town hall\nFree wifi\nNetwork: MTLWiFi\nSource: \u00a9 OpenStreetMap contributors (ODbL) https://www.openstreetmap.org/way/20919180","sym":"Radio Beacon"},"geometry":{"type":"Point","coordinates":[-73.55414,45.50884]}},{"type":"Feature","properties":{"name":"Grande Biblioth\u00e8que","routes":["C1","C2","CN","CA","CL"],"provs":["QC"],"desc":"Library\nWifi for customers\nNetwork: BAnQ_Public\nSource: \u00a9 OpenStreetMap contributors (ODbL) https://www.openstreetmap.org/way/23028929","sym":"Radio Beacon"},"geometry":{"type":"Point","coordinates":[-73.56222,45.51567]}},{"type":"Feature","properties":{"name":"Grande Biblioth\u00e8que","routes":["C1","C2","CN","CA","CL"],"provs":["QC"],"desc":"Library\nWifi for customers\nNetwork: BAnQ_Public\nSource: \u00a9 OpenStreetMap contributors (ODbL) https://www.openstreetmap.org/way/23028929","sym":"Radio Beacon"},"geometry":{"type":"Point","coordinates":[-73.56221,45.51538]}},{"type":"Feature","properties":{"name":"Mary McCormick Recreation Centre","routes":["C2"],"provs":["ON"],"desc":"Community centre\nFree wifi\nNetwork: TOPublic\nSource: \u00a9 OpenStreetMap contributors (ODbL) https://www.openstreetmap.org/way/23297010","sym":"Radio Beacon"},"geometry":{"type":"Point","coordinates":[-79.43313,43.6476]}},{"type":"Feature","properties":{"name":"Mary McCormick Recreation Centre","routes":["C2"],"provs":["ON"],"desc":"Community centre\nFree wifi\nNetwork: TOPublic\nSource: \u00a9 OpenStreetMap contributors (ODbL) https://www.openstreetmap.org/way/23297010","sym":"Radio Beacon"},"geometry":{"type":"Point","coordinates":[-79.43316,43.64746]}},{"type":"Feature","properties":{"name":"NWPL: New Westminster Public Library","routes":["C2","CN","CL"],"provs":["BC"],"desc":"Library\nSource: \u00a9 OpenStreetMap contributors (ODbL) https://www.openstreetmap.org/way/23393966","sym":"Radio Beacon"},"geometry":{"type":"Point","coordinates":[-122.92239,49.21152]}},{"type":"Feature","properties":{"name":"NWPL: New Westminster Public Library","routes":["C2","CN","CL"],"provs":["BC"],"desc":"Library\nSource: \u00a9 OpenStreetMap contributors (ODbL) https://www.openstreetmap.org/way/23393966","sym":"Radio Beacon"},"geometry":{"type":"Point","coordinates":[-122.92234,49.21167]}},{"type":"Feature","properties":{"name":"L\u2019Entrep\u00f4t","routes":["C2","CA"],"provs":["QC"],"desc":"Museum\nFree wifi\nNetwork: MTLWiFi\nSource: \u00a9 OpenStreetMap contributors (ODbL) https://www.openstreetmap.org/way/25509949","sym":"Radio Beacon"},"geometry":{"type":"Point","coordinates":[-73.68959,45.4333]}},{"type":"Feature","properties":{"name":"L\u2019Entrep\u00f4t","routes":["C2","CA"],"provs":["QC"],"desc":"Museum\nFree wifi\nNetwork: MTLWiFi\nSource: \u00a9 OpenStreetMap contributors (ODbL) https://www.openstreetmap.org/way/25509949","sym":"Radio Beacon"},"geometry":{"type":"Point","coordinates":[-73.68952,45.43341]}},{"type":"Feature","properties":{"name":"La Vieille Brasserie","routes":["C2","CA"],"provs":["QC"],"desc":"Museum\nFree wifi\nNetwork: MTLWiFi\nSource: \u00a9 OpenStreetMap contributors (ODbL) https://www.openstreetmap.org/way/25509957","sym":"Radio Beacon"},"geometry":{"type":"Point","coordinates":[-73.68885,45.43331]}},{"type":"Feature","properties":{"name":"La Vieille Brasserie","routes":["C2","CA"],"provs":["QC"],"desc":"Museum\nFree wifi\nNetwork: MTLWiFi\nSource: \u00a9 OpenStreetMap contributors (ODbL) https://www.openstreetmap.org/way/25509957","sym":"Radio Beacon"},"geometry":{"type":"Point","coordinates":[-73.68873,45.43341]}},{"type":"Feature","properties":{"name":"Maison du Brasseur","routes":["C2","CA"],"provs":["QC"],"desc":"Community centre\nFree wifi\nNetwork: MTLWiFi\nSource: \u00a9 OpenStreetMap contributors (ODbL) https://www.openstreetmap.org/way/25509971","sym":"Radio Beacon"},"geometry":{"type":"Point","coordinates":[-73.68993,45.43333]}},{"type":"Feature","properties":{"name":"Maison du Brasseur","routes":["C2","CA"],"provs":["QC"],"desc":"Community centre\nFree wifi\nNetwork: MTLWiFi\nSource: \u00a9 OpenStreetMap contributors (ODbL) https://www.openstreetmap.org/way/25509971","sym":"Radio Beacon"},"geometry":{"type":"Point","coordinates":[-73.68993,45.43338]}},{"type":"Feature","properties":{"name":"Biosph\u00e8re","routes":["C1","C2","CN","CA","CL"],"provs":["QC"],"desc":"Museum\nFree wifi\nNetwork: MTLWiFi\nSource: \u00a9 OpenStreetMap contributors (ODbL) https://www.openstreetmap.org/way/26288030","sym":"Radio Beacon"},"geometry":{"type":"Point","coordinates":[-73.53144,45.51443]}},{"type":"Feature","properties":{"name":"Biosph\u00e8re","routes":["C1","C2","CN","CA","CL"],"provs":["QC"],"desc":"Museum\nFree wifi\nNetwork: MTLWiFi\nSource: \u00a9 OpenStreetMap contributors (ODbL) https://www.openstreetmap.org/way/26288030","sym":"Radio Beacon"},"geometry":{"type":"Point","coordinates":[-73.53143,45.51409]}},{"type":"Feature","properties":{"name":"Calgary Public Library - Louise Riley Branch","routes":["C1","C3","CN"],"provs":["AB"],"desc":"Library\nFree wifi\nSource: \u00a9 OpenStreetMap contributors (ODbL) https://www.openstreetmap.org/way/27186858","sym":"Radio Beacon"},"geometry":{"type":"Point","coordinates":[-114.10429,51.06535]}},{"type":"Feature","properties":{"name":"Calgary Public Library - Louise Riley Branch","routes":["C1","C3","CN"],"provs":["AB"],"desc":"Library\nFree wifi\nSource: \u00a9 OpenStreetMap contributors (ODbL) https://www.openstreetmap.org/way/27186858","sym":"Radio Beacon"},"geometry":{"type":"Point","coordinates":[-114.10438,51.06546]}},{"type":"Feature","properties":{"name":"Ar\u00e9na Cl\u00e9ment-Jett\u00e9","routes":["C1","C2","CN"],"provs":["QC"],"desc":"Recreation centre\nFree wifi\nNetwork: MTLWiFi\nSource: \u00a9 OpenStreetMap contributors (ODbL) https://www.openstreetmap.org/way/27318914","sym":"Radio Beacon"},"geometry":{"type":"Point","coordinates":[-73.51632,45.60146]}},{"type":"Feature","properties":{"name":"Ar\u00e9na Cl\u00e9ment-Jett\u00e9","routes":["C1","C2","CN"],"provs":["QC"],"desc":"Recreation centre\nFree wifi\nNetwork: MTLWiFi\nSource: \u00a9 OpenStreetMap contributors (ODbL) https://www.openstreetmap.org/way/27318914","sym":"Radio Beacon"},"geometry":{"type":"Point","coordinates":[-73.51638,45.60181]}},{"type":"Feature","properties":{"name":"Toronto Public Library - Hillcrest","routes":["CL"],"provs":["ON"],"desc":"Library\nFree wifi\nNetwork: Toronto Public Library\nSource: \u00a9 OpenStreetMap contributors (ODbL) https://www.openstreetmap.org/way/27547985","sym":"Radio Beacon"},"geometry":{"type":"Point","coordinates":[-79.36895,43.79713]}},{"type":"Feature","properties":{"name":"Toronto Public Library - Hillcrest","routes":["CL"],"provs":["ON"],"desc":"Library\nFree wifi\nNetwork: Toronto Public Library\nSource: \u00a9 OpenStreetMap contributors (ODbL) https://www.openstreetmap.org/way/27547985","sym":"Radio Beacon"},"geometry":{"type":"Point","coordinates":[-79.36899,43.7971]}},{"type":"Feature","properties":{"name":"Kingston Frontenac Public Library - Central Branch","routes":["C2","C3","CL"],"provs":["ON"],"desc":"Library\nFree wifi\nNetwork: KFPLibrary\nSource: \u00a9 OpenStreetMap contributors (ODbL) https://www.openstreetmap.org/way/27785461","sym":"Radio Beacon"},"geometry":{"type":"Point","coordinates":[-76.48486,44.22963]}},{"type":"Feature","properties":{"name":"Kingston Frontenac Public Library - Central Branch","routes":["C2","C3","CL"],"provs":["ON"],"desc":"Library\nFree wifi\nNetwork: KFPLibrary\nSource: \u00a9 OpenStreetMap contributors (ODbL) https://www.openstreetmap.org/way/27785461","sym":"Radio Beacon"},"geometry":{"type":"Point","coordinates":[-76.4848,44.22971]}},{"type":"Feature","properties":{"name":"Denny's","routes":["C1","C3","CN"],"provs":["AB"],"desc":"Restaurant\nSource: \u00a9 OpenStreetMap contributors (ODbL) https://www.openstreetmap.org/way/28119467","sym":"Radio Beacon"},"geometry":{"type":"Point","coordinates":[-114.20734,51.12615]}},{"type":"Feature","properties":{"name":"Denny's","routes":["C1","C3","CN"],"provs":["AB"],"desc":"Restaurant\nSource: \u00a9 OpenStreetMap contributors (ODbL) https://www.openstreetmap.org/way/28119467","sym":"Radio Beacon"},"geometry":{"type":"Point","coordinates":[-114.2073,51.12622]}},{"type":"Feature","properties":{"name":"Scott Library","routes":["C2","CN","CL"],"provs":["ON"],"desc":"Library\nFree wifi\nNetwork: AirYork\nSource: \u00a9 OpenStreetMap contributors (ODbL) https://www.openstreetmap.org/way/29003851","sym":"Radio Beacon"},"geometry":{"type":"Point","coordinates":[-79.50566,43.77274]}},{"type":"Feature","properties":{"name":"Scott Library","routes":["C2","CN","CL"],"provs":["ON"],"desc":"Library\nFree wifi\nNetwork: AirYork\nSource: \u00a9 OpenStreetMap contributors (ODbL) https://www.openstreetmap.org/way/29003851","sym":"Radio Beacon"},"geometry":{"type":"Point","coordinates":[-79.50556,43.77241]}},{"type":"Feature","properties":{"name":"Steacie Science & Engineering Library","routes":["C2","CN","CL"],"provs":["ON"],"desc":"Library\nFree wifi\nNetwork: AirYork\nSource: \u00a9 OpenStreetMap contributors (ODbL) https://www.openstreetmap.org/way/29003925","sym":"Radio Beacon"},"geometry":{"type":"Point","coordinates":[-79.50627,43.77358]}},{"type":"Feature","properties":{"name":"Steacie Science & Engineering Library","routes":["C2","CN","CL"],"provs":["ON"],"desc":"Library\nFree wifi\nNetwork: AirYork\nSource: \u00a9 OpenStreetMap contributors (ODbL) https://www.openstreetmap.org/way/29003925","sym":"Radio Beacon"},"geometry":{"type":"Point","coordinates":[-79.50596,43.77373]}},{"type":"Feature","properties":{"name":"Harvey's","routes":["CL"],"provs":["ON"],"desc":"Fast food\nSource: \u00a9 OpenStreetMap contributors (ODbL) https://www.openstreetmap.org/way/32827418","sym":"Radio Beacon"},"geometry":{"type":"Point","coordinates":[-79.39279,43.7924]}},{"type":"Feature","properties":{"name":"Harvey's","routes":["CL"],"provs":["ON"],"desc":"Fast food\nSource: \u00a9 OpenStreetMap contributors (ODbL) https://www.openstreetmap.org/way/32827418","sym":"Radio Beacon"},"geometry":{"type":"Point","coordinates":[-79.39292,43.79231]}},{"type":"Feature","properties":{"name":"Toronto Public Library - Riverdale","routes":["C2"],"provs":["ON"],"desc":"Library\nFree wifi\nSource: \u00a9 OpenStreetMap contributors (ODbL) https://www.openstreetmap.org/way/33030174","sym":"Radio Beacon"},"geometry":{"type":"Point","coordinates":[-79.35328,43.66576]}},{"type":"Feature","properties":{"name":"Toronto Public Library - Riverdale","routes":["C2"],"provs":["ON"],"desc":"Library\nFree wifi\nSource: \u00a9 OpenStreetMap contributors (ODbL) https://www.openstreetmap.org/way/33030174","sym":"Radio Beacon"},"geometry":{"type":"Point","coordinates":[-79.35314,43.66578]}},{"type":"Feature","properties":{"name":"SL: Guildford Branch","routes":["C1","C2","CN","CL"],"provs":["BC"],"desc":"Library\nSource: \u00a9 OpenStreetMap contributors (ODbL) https://www.openstreetmap.org/way/34319082","sym":"Radio Beacon"},"geometry":{"type":"Point","coordinates":[-122.80346,49.19357]}},{"type":"Feature","properties":{"name":"SL: Guildford Branch","routes":["C1","C2","CN","CL"],"provs":["BC"],"desc":"Library\nSource: \u00a9 OpenStreetMap contributors (ODbL) https://www.openstreetmap.org/way/34319082","sym":"Radio Beacon"},"geometry":{"type":"Point","coordinates":[-122.8034,49.19353]}},{"type":"Feature","properties":{"name":"City Hall","routes":["C2"],"provs":["NB"],"desc":"Town hall\nSource: \u00a9 OpenStreetMap contributors (ODbL) https://www.openstreetmap.org/way/35022645","sym":"Radio Beacon"},"geometry":{"type":"Point","coordinates":[-66.6431,45.96362]}},{"type":"Feature","properties":{"name":"City Hall","routes":["C2"],"provs":["NB"],"desc":"Town hall\nSource: \u00a9 OpenStreetMap contributors (ODbL) https://www.openstreetmap.org/way/35022645","sym":"Radio Beacon"},"geometry":{"type":"Point","coordinates":[-66.64312,45.96356]}},{"type":"Feature","properties":{"name":"Bibioth\u00e8que Publique de Westmount","routes":["C1","C2","CN","CA","CL"],"provs":["QC"],"desc":"Library\nSource: \u00a9 OpenStreetMap contributors (ODbL) https://www.openstreetmap.org/way/35161088","sym":"Radio Beacon"},"geometry":{"type":"Point","coordinates":[-73.59931,45.4813]}},{"type":"Feature","properties":{"name":"Bibioth\u00e8que Publique de Westmount","routes":["C1","C2","CN","CA","CL"],"provs":["QC"],"desc":"Library\nSource: \u00a9 OpenStreetMap contributors (ODbL) https://www.openstreetmap.org/way/35161088","sym":"Radio Beacon"},"geometry":{"type":"Point","coordinates":[-73.59908,45.48128]}},{"type":"Feature","properties":{"name":"VPL: Central Library","routes":["C2","CN","CA","CL"],"provs":["BC"],"desc":"Library\nSource: \u00a9 OpenStreetMap contributors (ODbL) https://www.openstreetmap.org/way/37111640","sym":"Radio Beacon"},"geometry":{"type":"Point","coordinates":[-123.11537,49.27939]}},{"type":"Feature","properties":{"name":"VPL: Central Library","routes":["C2","CN","CA","CL"],"provs":["BC"],"desc":"Library\nSource: \u00a9 OpenStreetMap contributors (ODbL) https://www.openstreetmap.org/way/37111640","sym":"Radio Beacon"},"geometry":{"type":"Point","coordinates":[-123.11561,49.27966]}},{"type":"Feature","properties":{"name":"Recreation centre (wifi)","routes":["C1","C2","CN","CA","CL"],"provs":["QC"],"desc":"Recreation centre\nFree wifi\nNetwork: MTLWiFi\nSource: \u00a9 OpenStreetMap contributors (ODbL) https://www.openstreetmap.org/way/37613876","sym":"Radio Beacon"},"geometry":{"type":"Point","coordinates":[-73.63682,45.55249]}},{"type":"Feature","properties":{"name":"Recreation centre (wifi)","routes":["C1","C2","CN","CA","CL"],"provs":["QC"],"desc":"Recreation centre\nFree wifi\nNetwork: MTLWiFi\nSource: \u00a9 OpenStreetMap contributors (ODbL) https://www.openstreetmap.org/way/37613876","sym":"Radio Beacon"},"geometry":{"type":"Point","coordinates":[-73.63709,45.55293]}},{"type":"Feature","properties":{"name":"Mayne Island Community Library","routes":["CW"],"provs":["BC"],"desc":"Library\nSource: \u00a9 OpenStreetMap contributors (ODbL) https://www.openstreetmap.org/way/42502078","sym":"Radio Beacon"},"geometry":{"type":"Point","coordinates":[-123.29934,48.85055]}},{"type":"Feature","properties":{"name":"Mayne Island Community Library","routes":["CW"],"provs":["BC"],"desc":"Library\nSource: \u00a9 OpenStreetMap contributors (ODbL) https://www.openstreetmap.org/way/42502078","sym":"Radio Beacon"},"geometry":{"type":"Point","coordinates":[-123.2993,48.8505]}},{"type":"Feature","properties":{"name":"McDonald's","routes":["CN","CL"],"provs":["NB"],"desc":"Fast food\nSource: \u00a9 OpenStreetMap contributors (ODbL) https://www.openstreetmap.org/way/43347811","sym":"Radio Beacon"},"geometry":{"type":"Point","coordinates":[-64.88637,46.13293]}},{"type":"Feature","properties":{"name":"McDonald's","routes":["CN","CL"],"provs":["NB"],"desc":"Fast food\nSource: \u00a9 OpenStreetMap contributors (ODbL) https://www.openstreetmap.org/way/43347811","sym":"Radio Beacon"},"geometry":{"type":"Point","coordinates":[-64.88642,46.13283]}},{"type":"Feature","properties":{"name":"Loblaws","routes":["C2"],"provs":["ON"],"desc":"Supermarket\nFree wifi\nSource: \u00a9 OpenStreetMap contributors (ODbL) https://www.openstreetmap.org/way/43804408","sym":"Radio Beacon"},"geometry":{"type":"Point","coordinates":[-79.36957,43.64453]}},{"type":"Feature","properties":{"name":"Loblaws","routes":["C2"],"provs":["ON"],"desc":"Supermarket\nFree wifi\nSource: \u00a9 OpenStreetMap contributors (ODbL) https://www.openstreetmap.org/way/43804408","sym":"Radio Beacon"},"geometry":{"type":"Point","coordinates":[-79.36982,43.64429]}},{"type":"Feature","properties":{"name":"Ar\u00e9na Ren\u00e9-Masson","routes":["C1","C3","CN"],"provs":["QC"],"desc":"Recreation centre\nFree wifi\nNetwork: MTLWiFi\nSource: \u00a9 OpenStreetMap contributors (ODbL) https://www.openstreetmap.org/way/46818266","sym":"Radio Beacon"},"geometry":{"type":"Point","coordinates":[-73.57821,45.65148]}},{"type":"Feature","properties":{"name":"Ar\u00e9na Ren\u00e9-Masson","routes":["C1","C3","CN"],"provs":["QC"],"desc":"Recreation centre\nFree wifi\nNetwork: MTLWiFi\nSource: \u00a9 OpenStreetMap contributors (ODbL) https://www.openstreetmap.org/way/46818266","sym":"Radio Beacon"},"geometry":{"type":"Point","coordinates":[-73.57778,45.65163]}},{"type":"Feature","properties":{"name":"Arrondissement de Montr\u00e9al-Nord","routes":["C1","CN"],"provs":["QC"],"desc":"Town hall\nFree wifi\nNetwork: MTLWiFi\nSource: \u00a9 OpenStreetMap contributors (ODbL) https://www.openstreetmap.org/way/46840850","sym":"Radio Beacon"},"geometry":{"type":"Point","coordinates":[-73.6375,45.59436]}},{"type":"Feature","properties":{"name":"Arrondissement de Montr\u00e9al-Nord","routes":["C1","CN"],"provs":["QC"],"desc":"Town hall\nFree wifi\nNetwork: MTLWiFi\nSource: \u00a9 OpenStreetMap contributors (ODbL) https://www.openstreetmap.org/way/46840850","sym":"Radio Beacon"},"geometry":{"type":"Point","coordinates":[-73.63777,45.59415]}},{"type":"Feature","properties":{"name":"Ar\u00e9na Saint Donat","routes":["C1","C2","CN","CL"],"provs":["QC"],"desc":"Recreation centre\nFree wifi\nNetwork: MTLWiFi\nSource: \u00a9 OpenStreetMap contributors (ODbL) https://www.openstreetmap.org/way/46844602","sym":"Radio Beacon"},"geometry":{"type":"Point","coordinates":[-73.53767,45.58258]}},{"type":"Feature","properties":{"name":"Ar\u00e9na Saint Donat","routes":["C1","C2","CN","CL"],"provs":["QC"],"desc":"Recreation centre\nFree wifi\nNetwork: MTLWiFi\nSource: \u00a9 OpenStreetMap contributors (ODbL) https://www.openstreetmap.org/way/46844602","sym":"Radio Beacon"},"geometry":{"type":"Point","coordinates":[-73.53793,45.58263]}},{"type":"Feature","properties":{"name":"Centre sportif Jean-Rougeau","routes":["C1","C2","CN","CA","CL"],"provs":["QC"],"desc":"Recreation centre\nFree wifi\nNetwork: MTLWiFi\nSource: \u00a9 OpenStreetMap contributors (ODbL) https://www.openstreetmap.org/way/46865952","sym":"Radio Beacon"},"geometry":{"type":"Point","coordinates":[-73.62158,45.54804]}},{"type":"Feature","properties":{"name":"Centre sportif Jean-Rougeau","routes":["C1","C2","CN","CA","CL"],"provs":["QC"],"desc":"Recreation centre\nFree wifi\nNetwork: MTLWiFi\nSource: \u00a9 OpenStreetMap contributors (ODbL) https://www.openstreetmap.org/way/46865952","sym":"Radio Beacon"},"geometry":{"type":"Point","coordinates":[-73.62153,45.54823]}},{"type":"Feature","properties":{"name":"Centre P\u00e8re-Marquette","routes":["C1","C2","CN","CA","CL"],"provs":["QC"],"desc":"Recreation centre\nFree wifi\nNetwork: MTLWiFi\nSource: \u00a9 OpenStreetMap contributors (ODbL) https://www.openstreetmap.org/way/46866071","sym":"Radio Beacon"},"geometry":{"type":"Point","coordinates":[-73.59488,45.54078]}},{"type":"Feature","properties":{"name":"Centre P\u00e8re-Marquette","routes":["C1","C2","CN","CA","CL"],"provs":["QC"],"desc":"Recreation centre\nFree wifi\nNetwork: MTLWiFi\nSource: \u00a9 OpenStreetMap contributors (ODbL) https://www.openstreetmap.org/way/46866071","sym":"Radio Beacon"},"geometry":{"type":"Point","coordinates":[-73.59493,45.541]}},{"type":"Feature","properties":{"name":"Ar\u00e9na Mont-Royal","routes":["C1","C2","CN","CA","CL"],"provs":["QC"],"desc":"Recreation centre\nFree wifi\nNetwork: MTLWiFi\nSource: \u00a9 OpenStreetMap contributors (ODbL) https://www.openstreetmap.org/way/46866286","sym":"Radio Beacon"},"geometry":{"type":"Point","coordinates":[-73.57183,45.53357]}},{"type":"Feature","properties":{"name":"Ar\u00e9na Mont-Royal","routes":["C1","C2","CN","CA","CL"],"provs":["QC"],"desc":"Recreation centre\nFree wifi\nNetwork: MTLWiFi\nSource: \u00a9 OpenStreetMap contributors (ODbL) https://www.openstreetmap.org/way/46866286","sym":"Radio Beacon"},"geometry":{"type":"Point","coordinates":[-73.57176,45.53331]}},{"type":"Feature","properties":{"name":"Ar\u00e9na Francis-Bouillon","routes":["C1","C2","CN","CA","CL"],"provs":["QC"],"desc":"Recreation centre\nFree wifi\nNetwork: MTLWiFi\nSource: \u00a9 OpenStreetMap contributors (ODbL) https://www.openstreetmap.org/way/46866361","sym":"Radio Beacon"},"geometry":{"type":"Point","coordinates":[-73.55161,45.54138]}},{"type":"Feature","properties":{"name":"Ar\u00e9na Francis-Bouillon","routes":["C1","C2","CN","CA","CL"],"provs":["QC"],"desc":"Recreation centre\nFree wifi\nNetwork: MTLWiFi\nSource: \u00a9 OpenStreetMap contributors (ODbL) https://www.openstreetmap.org/way/46866361","sym":"Radio Beacon"},"geometry":{"type":"Point","coordinates":[-73.55147,45.54172]}},{"type":"Feature","properties":{"name":"Centre Pierre-Charbonneau","routes":["C1","C2","CN","CA","CL"],"provs":["QC"],"desc":"Recreation centre\nFree wifi\nNetwork: MTLWiFi\nSource: \u00a9 OpenStreetMap contributors (ODbL) https://www.openstreetmap.org/way/46866400","sym":"Radio Beacon"},"geometry":{"type":"Point","coordinates":[-73.55016,45.56176]}},{"type":"Feature","properties":{"name":"Centre Pierre-Charbonneau","routes":["C1","C2","CN","CA","CL"],"provs":["QC"],"desc":"Recreation centre\nFree wifi\nNetwork: MTLWiFi\nSource: \u00a9 OpenStreetMap contributors (ODbL) https://www.openstreetmap.org/way/46866400","sym":"Radio Beacon"},"geometry":{"type":"Point","coordinates":[-73.55017,45.56188]}},{"type":"Feature","properties":{"name":"Bibliot\u00e8que municipale de Sainte-Marthe-sur-le-Lac","routes":["C1","C3"],"provs":["QC"],"desc":"Library\nWifi for customers\nNetwork: Biblio\nSource: \u00a9 OpenStreetMap contributors (ODbL) https://www.openstreetmap.org/way/46868712","sym":"Radio Beacon"},"geometry":{"type":"Point","coordinates":[-73.9317,45.52786]}},{"type":"Feature","properties":{"name":"Bibliot\u00e8que municipale de Sainte-Marthe-sur-le-Lac","routes":["C1","C3"],"provs":["QC"],"desc":"Library\nWifi for customers\nNetwork: Biblio\nSource: \u00a9 OpenStreetMap contributors (ODbL) https://www.openstreetmap.org/way/46868712","sym":"Radio Beacon"},"geometry":{"type":"Point","coordinates":[-73.93166,45.5281]}},{"type":"Feature","properties":{"name":"Centre Gadbois","routes":["C1","C2","CN","CA","CL"],"provs":["QC"],"desc":"Recreation centre\nFree wifi\nNetwork: MTLWiFi\nSource: \u00a9 OpenStreetMap contributors (ODbL) https://www.openstreetmap.org/way/47175526","sym":"Radio Beacon"},"geometry":{"type":"Point","coordinates":[-73.59563,45.46682]}},{"type":"Feature","properties":{"name":"Centre Gadbois","routes":["C1","C2","CN","CA","CL"],"provs":["QC"],"desc":"Recreation centre\nFree wifi\nNetwork: MTLWiFi\nSource: \u00a9 OpenStreetMap contributors (ODbL) https://www.openstreetmap.org/way/47175526","sym":"Radio Beacon"},"geometry":{"type":"Point","coordinates":[-73.59621,45.46675]}},{"type":"Feature","properties":{"name":"Ar\u00e9na Pierre \u00abPete\u00bb Morin","routes":["C2","CA"],"provs":["QC"],"desc":"Recreation centre\nFree wifi\nNetwork: MTLWiFi\nSource: \u00a9 OpenStreetMap contributors (ODbL) https://www.openstreetmap.org/way/47225355","sym":"Radio Beacon"},"geometry":{"type":"Point","coordinates":[-73.68157,45.43971]}},{"type":"Feature","properties":{"name":"Ar\u00e9na Pierre \u00abPete\u00bb Morin","routes":["C2","CA"],"provs":["QC"],"desc":"Recreation centre\nFree wifi\nNetwork: MTLWiFi\nSource: \u00a9 OpenStreetMap contributors (ODbL) https://www.openstreetmap.org/way/47225355","sym":"Radio Beacon"},"geometry":{"type":"Point","coordinates":[-73.68191,45.43936]}},{"type":"Feature","properties":{"name":"Recreation centre (wifi)","routes":["C2","CN","CA","CL"],"provs":["QC"],"desc":"Recreation centre\nFree wifi\nNetwork: MTLWiFi\nSource: \u00a9 OpenStreetMap contributors (ODbL) https://www.openstreetmap.org/way/47331662","sym":"Radio Beacon"},"geometry":{"type":"Point","coordinates":[-73.65185,45.4461]}},{"type":"Feature","properties":{"name":"Recreation centre (wifi)","routes":["C2","CN","CA","CL"],"provs":["QC"],"desc":"Recreation centre\nFree wifi\nNetwork: MTLWiFi\nSource: \u00a9 OpenStreetMap contributors (ODbL) https://www.openstreetmap.org/way/47331662","sym":"Radio Beacon"},"geometry":{"type":"Point","coordinates":[-73.6521,45.44597]}},{"type":"Feature","properties":{"name":"Centre communautaire Monkland","routes":["C1","C2","CN","CA","CL"],"provs":["QC"],"desc":"Community centre\nFree wifi\nNetwork: MTLWiFi\nSource: \u00a9 OpenStreetMap contributors (ODbL) https://www.openstreetmap.org/way/47332053","sym":"Radio Beacon"},"geometry":{"type":"Point","coordinates":[-73.63242,45.46796]}},{"type":"Feature","properties":{"name":"Centre communautaire Monkland","routes":["C1","C2","CN","CA","CL"],"provs":["QC"],"desc":"Community centre\nFree wifi\nNetwork: MTLWiFi\nSource: \u00a9 OpenStreetMap contributors (ODbL) https://www.openstreetmap.org/way/47332053","sym":"Radio Beacon"},"geometry":{"type":"Point","coordinates":[-73.6323,45.468]}},{"type":"Feature","properties":{"name":"Biblioth\u00e8que Jacques-Ferron","routes":["C1","C2","CN","CA","CL"],"provs":["QC"],"desc":"Library\nFree wifi\nSource: \u00a9 OpenStreetMap contributors (ODbL) https://www.openstreetmap.org/way/47471951","sym":"Radio Beacon"},"geometry":{"type":"Point","coordinates":[-73.50572,45.53778]}},{"type":"Feature","properties":{"name":"Biblioth\u00e8que Jacques-Ferron","routes":["C1","C2","CN","CA","CL"],"provs":["QC"],"desc":"Library\nFree wifi\nSource: \u00a9 OpenStreetMap contributors (ODbL) https://www.openstreetmap.org/way/47471951","sym":"Radio Beacon"},"geometry":{"type":"Point","coordinates":[-73.5056,45.53771]}},{"type":"Feature","properties":{"name":"Tim Hortons","routes":["C1","C2"],"provs":["QC"],"desc":"Caf\u00e9\nSource: \u00a9 OpenStreetMap contributors (ODbL) https://www.openstreetmap.org/way/52052978","sym":"Radio Beacon"},"geometry":{"type":"Point","coordinates":[-73.44637,45.60041]}},{"type":"Feature","properties":{"name":"Tim Hortons","routes":["C1","C2"],"provs":["QC"],"desc":"Caf\u00e9\nSource: \u00a9 OpenStreetMap contributors (ODbL) https://www.openstreetmap.org/way/52052978","sym":"Radio Beacon"},"geometry":{"type":"Point","coordinates":[-73.44632,45.60035]}},{"type":"Feature","properties":{"name":"Walmart Supercentre","routes":["C2","CN","CA"],"provs":["ON"],"desc":"Supermarket\nFree wifi\nSource: \u00a9 OpenStreetMap contributors (ODbL) https://www.openstreetmap.org/way/53246376","sym":"Radio Beacon"},"geometry":{"type":"Point","coordinates":[-75.68641,44.61479]}},{"type":"Feature","properties":{"name":"Walmart Supercentre","routes":["C2","CN","CA"],"provs":["ON"],"desc":"Supermarket\nFree wifi\nSource: \u00a9 OpenStreetMap contributors (ODbL) https://www.openstreetmap.org/way/53246376","sym":"Radio Beacon"},"geometry":{"type":"Point","coordinates":[-75.68633,44.6153]}},{"type":"Feature","properties":{"name":"Kingston Frontenac Public Library - Pittsburgh Branch","routes":["C2","C3","CL"],"provs":["ON"],"desc":"Library\nFree wifi\nNetwork: KFPLibrary\nSource: \u00a9 OpenStreetMap contributors (ODbL) https://www.openstreetmap.org/way/55414221","sym":"Radio Beacon"},"geometry":{"type":"Point","coordinates":[-76.46114,44.25956]}},{"type":"Feature","properties":{"name":"Kingston Frontenac Public Library - Pittsburgh Branch","routes":["C2","C3","CL"],"provs":["ON"],"desc":"Library\nFree wifi\nNetwork: KFPLibrary\nSource: \u00a9 OpenStreetMap contributors (ODbL) https://www.openstreetmap.org/way/55414221","sym":"Radio Beacon"},"geometry":{"type":"Point","coordinates":[-76.46121,44.25959]}},{"type":"Feature","properties":{"name":"Rotisserie St-Hubert - Hull","routes":["C1","C3","CN","CA"],"provs":["ON","QC"],"desc":"Restaurant\nSource: \u00a9 OpenStreetMap contributors (ODbL) https://www.openstreetmap.org/way/55428880","sym":"Radio Beacon"},"geometry":{"type":"Point","coordinates":[-75.71315,45.43385]}},{"type":"Feature","properties":{"name":"Rotisserie St-Hubert - Hull","routes":["C1","C3","CN","CA"],"provs":["ON","QC"],"desc":"Restaurant\nSource: \u00a9 OpenStreetMap contributors (ODbL) https://www.openstreetmap.org/way/55428880","sym":"Radio Beacon"},"geometry":{"type":"Point","coordinates":[-75.71306,45.43394]}},{"type":"Feature","properties":{"name":"Tim Hortons","routes":["C1","C2","C3","CN"],"provs":["MB"],"desc":"Caf\u00e9\nSource: \u00a9 OpenStreetMap contributors (ODbL) https://www.openstreetmap.org/way/55552380","sym":"Radio Beacon"},"geometry":{"type":"Point","coordinates":[-97.14634,49.86587]}},{"type":"Feature","properties":{"name":"Tim Hortons","routes":["C1","C2","C3","CN"],"provs":["MB"],"desc":"Caf\u00e9\nSource: \u00a9 OpenStreetMap contributors (ODbL) https://www.openstreetmap.org/way/55552380","sym":"Radio Beacon"},"geometry":{"type":"Point","coordinates":[-97.14642,49.86597]}},{"type":"Feature","properties":{"name":"DQ Grill & Chill","routes":["C2","CN","CA","CL"],"provs":["ON"],"desc":"Fast food\nSource: \u00a9 OpenStreetMap contributors (ODbL) https://www.openstreetmap.org/way/56010329","sym":"Radio Beacon"},"geometry":{"type":"Point","coordinates":[-79.55939,43.78752]}},{"type":"Feature","properties":{"name":"DQ Grill & Chill","routes":["C2","CN","CA","CL"],"provs":["ON"],"desc":"Fast food\nSource: \u00a9 OpenStreetMap contributors (ODbL) https://www.openstreetmap.org/way/56010329","sym":"Radio Beacon"},"geometry":{"type":"Point","coordinates":[-79.55944,43.78741]}},{"type":"Feature","properties":{"name":"Tim Hortons","routes":["C2","CN","CL"],"provs":["ON"],"desc":"Caf\u00e9\nFree wifi\nSource: \u00a9 OpenStreetMap contributors (ODbL) https://www.openstreetmap.org/way/56064207","sym":"Radio Beacon"},"geometry":{"type":"Point","coordinates":[-79.55061,43.80877]}},{"type":"Feature","properties":{"name":"Tim Hortons","routes":["C2","CN","CL"],"provs":["ON"],"desc":"Caf\u00e9\nFree wifi\nSource: \u00a9 OpenStreetMap contributors (ODbL) https://www.openstreetmap.org/way/56064207","sym":"Radio Beacon"},"geometry":{"type":"Point","coordinates":[-79.55069,43.80869]}},{"type":"Feature","properties":{"name":"Toronto Public Library - York Woods","routes":["C2","CN","CL"],"provs":["ON"],"desc":"Library\nFree wifi\nSource: \u00a9 OpenStreetMap contributors (ODbL) https://www.openstreetmap.org/way/56423014","sym":"Radio Beacon"},"geometry":{"type":"Point","coordinates":[-79.50717,43.75894]}},{"type":"Feature","properties":{"name":"Toronto Public Library - York Woods","routes":["C2","CN","CL"],"provs":["ON"],"desc":"Library\nFree wifi\nSource: \u00a9 OpenStreetMap contributors (ODbL) https://www.openstreetmap.org/way/56423014","sym":"Radio Beacon"},"geometry":{"type":"Point","coordinates":[-79.50733,43.75887]}},{"type":"Feature","properties":{"name":"Tim Hortons","routes":["C2","CA"],"provs":["NB"],"desc":"Caf\u00e9\nSource: \u00a9 OpenStreetMap contributors (ODbL) https://www.openstreetmap.org/way/56476336","sym":"Radio Beacon"},"geometry":{"type":"Point","coordinates":[-67.75148,47.0588]}},{"type":"Feature","properties":{"name":"Tim Hortons","routes":["C2","CA"],"provs":["NB"],"desc":"Caf\u00e9\nSource: \u00a9 OpenStreetMap contributors (ODbL) https://www.openstreetmap.org/way/56476336","sym":"Radio Beacon"},"geometry":{"type":"Point","coordinates":[-67.75163,47.05865]}},{"type":"Feature","properties":{"name":"Toronto Public Library - Richview","routes":["C2","CN","CA","CL"],"provs":["ON"],"desc":"Library\nFree wifi\nSource: \u00a9 OpenStreetMap contributors (ODbL) https://www.openstreetmap.org/way/56758961","sym":"Radio Beacon"},"geometry":{"type":"Point","coordinates":[-79.54122,43.68327]}},{"type":"Feature","properties":{"name":"Toronto Public Library - Richview","routes":["C2","CN","CA","CL"],"provs":["ON"],"desc":"Library\nFree wifi\nSource: \u00a9 OpenStreetMap contributors (ODbL) https://www.openstreetmap.org/way/56758961","sym":"Radio Beacon"},"geometry":{"type":"Point","coordinates":[-79.54118,43.68343]}},{"type":"Feature","properties":{"name":"Arby's","routes":["C2","C3","CL"],"provs":["ON"],"desc":"Fast food\nSource: \u00a9 OpenStreetMap contributors (ODbL) https://www.openstreetmap.org/way/56997803","sym":"Radio Beacon"},"geometry":{"type":"Point","coordinates":[-76.49778,44.26422]}},{"type":"Feature","properties":{"name":"Arby's","routes":["C2","C3","CL"],"provs":["ON"],"desc":"Fast food\nSource: \u00a9 OpenStreetMap contributors (ODbL) https://www.openstreetmap.org/way/56997803","sym":"Radio Beacon"},"geometry":{"type":"Point","coordinates":[-76.49782,44.26418]}},{"type":"Feature","properties":{"name":"McDonald's","routes":["C2","C3","CL"],"provs":["ON"],"desc":"Fast food\nSource: \u00a9 OpenStreetMap contributors (ODbL) https://www.openstreetmap.org/way/56997808","sym":"Radio Beacon"},"geometry":{"type":"Point","coordinates":[-76.4979,44.2652]}},{"type":"Feature","properties":{"name":"McDonald's","routes":["C2","C3","CL"],"provs":["ON"],"desc":"Fast food\nSource: \u00a9 OpenStreetMap contributors (ODbL) https://www.openstreetmap.org/way/56997808","sym":"Radio Beacon"},"geometry":{"type":"Point","coordinates":[-76.49788,44.26513]}},{"type":"Feature","properties":{"name":"Starbucks","routes":["C2"],"provs":["ON"],"desc":"Caf\u00e9\nFree wifi\nSource: \u00a9 OpenStreetMap contributors (ODbL) https://www.openstreetmap.org/way/57869519","sym":"Radio Beacon"},"geometry":{"type":"Point","coordinates":[-79.32826,43.65975]}},{"type":"Feature","properties":{"name":"Starbucks","routes":["C2"],"provs":["ON"],"desc":"Caf\u00e9\nFree wifi\nSource: \u00a9 OpenStreetMap contributors (ODbL) https://www.openstreetmap.org/way/57869519","sym":"Radio Beacon"},"geometry":{"type":"Point","coordinates":[-79.32833,43.6597]}},{"type":"Feature","properties":{"name":"Wendy's","routes":["C2","CN","CA","CL"],"provs":["ON"],"desc":"Fast food\nSource: \u00a9 OpenStreetMap contributors (ODbL) https://www.openstreetmap.org/way/58851602","sym":"Radio Beacon"},"geometry":{"type":"Point","coordinates":[-79.57074,43.71867]}},{"type":"Feature","properties":{"name":"Wendy's","routes":["C2","CN","CA","CL"],"provs":["ON"],"desc":"Fast food\nSource: \u00a9 OpenStreetMap contributors (ODbL) https://www.openstreetmap.org/way/58851602","sym":"Radio Beacon"},"geometry":{"type":"Point","coordinates":[-79.57062,43.71875]}},{"type":"Feature","properties":{"name":"Westwood Library","routes":["C1","C2","C3","CN"],"provs":["MB"],"desc":"Library\nFree wifi\nSource: \u00a9 OpenStreetMap contributors (ODbL) https://www.openstreetmap.org/way/59291639","sym":"Radio Beacon"},"geometry":{"type":"Point","coordinates":[-97.30323,49.8783]}},{"type":"Feature","properties":{"name":"Westwood Library","routes":["C1","C2","C3","CN"],"provs":["MB"],"desc":"Library\nFree wifi\nSource: \u00a9 OpenStreetMap contributors (ODbL) https://www.openstreetmap.org/way/59291639","sym":"Radio Beacon"},"geometry":{"type":"Point","coordinates":[-97.30324,49.87823]}},{"type":"Feature","properties":{"name":"Saint James-Assiniboia Library","routes":["C1","C2","C3","CN"],"provs":["MB"],"desc":"Library\nFree wifi\nSource: \u00a9 OpenStreetMap contributors (ODbL) https://www.openstreetmap.org/way/59398819","sym":"Radio Beacon"},"geometry":{"type":"Point","coordinates":[-97.22165,49.87815]}},{"type":"Feature","properties":{"name":"Saint James-Assiniboia Library","routes":["C1","C2","C3","CN"],"provs":["MB"],"desc":"Library\nFree wifi\nSource: \u00a9 OpenStreetMap contributors (ODbL) https://www.openstreetmap.org/way/59398819","sym":"Radio Beacon"},"geometry":{"type":"Point","coordinates":[-97.22166,49.87797]}},{"type":"Feature","properties":{"name":"Kingston Frontenac Public Library - Calvin Park Branch","routes":["C2","C3","CL"],"provs":["ON"],"desc":"Library\nFree wifi\nNetwork: KFPLibrary\nSource: \u00a9 OpenStreetMap contributors (ODbL) https://www.openstreetmap.org/way/59420387","sym":"Radio Beacon"},"geometry":{"type":"Point","coordinates":[-76.51763,44.23871]}},{"type":"Feature","properties":{"name":"Kingston Frontenac Public Library - Calvin Park Branch","routes":["C2","C3","CL"],"provs":["ON"],"desc":"Library\nFree wifi\nNetwork: KFPLibrary\nSource: \u00a9 OpenStreetMap contributors (ODbL) https://www.openstreetmap.org/way/59420387","sym":"Radio Beacon"},"geometry":{"type":"Point","coordinates":[-76.51778,44.2387]}},{"type":"Feature","properties":{"name":"Farm Boy","routes":["C3"],"provs":["ON"],"desc":"Supermarket\nSource: \u00a9 OpenStreetMap contributors (ODbL) https://www.openstreetmap.org/way/59709412","sym":"Radio Beacon"},"geometry":{"type":"Point","coordinates":[-80.21259,44.50527]}},{"type":"Feature","properties":{"name":"Farm Boy","routes":["C3"],"provs":["ON"],"desc":"Supermarket\nSource: \u00a9 OpenStreetMap contributors (ODbL) https://www.openstreetmap.org/way/59709412","sym":"Radio Beacon"},"geometry":{"type":"Point","coordinates":[-80.21298,44.50493]}},{"type":"Feature","properties":{"name":"Toronto Public Library - Rexdale","routes":["C2","CN","CA","CL"],"provs":["ON"],"desc":"Library\nFree wifi\nSource: \u00a9 OpenStreetMap contributors (ODbL) https://www.openstreetmap.org/way/60510864","sym":"Radio Beacon"},"geometry":{"type":"Point","coordinates":[-79.57329,43.72611]}},{"type":"Feature","properties":{"name":"Toronto Public Library - Rexdale","routes":["C2","CN","CA","CL"],"provs":["ON"],"desc":"Library\nFree wifi\nSource: \u00a9 OpenStreetMap contributors (ODbL) https://www.openstreetmap.org/way/60510864","sym":"Radio Beacon"},"geometry":{"type":"Point","coordinates":[-79.57323,43.72613]}},{"type":"Feature","properties":{"name":"Earls","routes":["C1"],"provs":["SK"],"desc":"Restaurant\nSource: \u00a9 OpenStreetMap contributors (ODbL) https://www.openstreetmap.org/way/61011995","sym":"Radio Beacon"},"geometry":{"type":"Point","coordinates":[-104.55542,50.44591]}},{"type":"Feature","properties":{"name":"Earls","routes":["C1"],"provs":["SK"],"desc":"Restaurant\nSource: \u00a9 OpenStreetMap contributors (ODbL) https://www.openstreetmap.org/way/61011995","sym":"Radio Beacon"},"geometry":{"type":"Point","coordinates":[-104.55551,50.44602]}},{"type":"Feature","properties":{"name":"Walmart Supercentre","routes":["C1"],"provs":["SK"],"desc":"Supermarket\nNetwork: Walmartwifi\nSource: \u00a9 OpenStreetMap contributors (ODbL) https://www.openstreetmap.org/way/61012307","sym":"Radio Beacon"},"geometry":{"type":"Point","coordinates":[-104.53443,50.44459]}},{"type":"Feature","properties":{"name":"Walmart Supercentre","routes":["C1"],"provs":["SK"],"desc":"Supermarket\nNetwork: Walmartwifi\nSource: \u00a9 OpenStreetMap contributors (ODbL) https://www.openstreetmap.org/way/61012307","sym":"Radio Beacon"},"geometry":{"type":"Point","coordinates":[-104.53465,50.44423]}},{"type":"Feature","properties":{"name":"Real Canadian Superstore","routes":["C1"],"provs":["SK"],"desc":"Supermarket\nSource: \u00a9 OpenStreetMap contributors (ODbL) https://www.openstreetmap.org/way/61012308","sym":"Radio Beacon"},"geometry":{"type":"Point","coordinates":[-104.52808,50.44645]}},{"type":"Feature","properties":{"name":"Real Canadian Superstore","routes":["C1"],"provs":["SK"],"desc":"Supermarket\nSource: \u00a9 OpenStreetMap contributors (ODbL) https://www.openstreetmap.org/way/61012308","sym":"Radio Beacon"},"geometry":{"type":"Point","coordinates":[-104.52856,50.44635]}},{"type":"Feature","properties":{"name":"Tim Hortons","routes":["CN","CA","CL","CW"],"provs":["BC"],"desc":"Caf\u00e9\nSource: \u00a9 OpenStreetMap contributors (ODbL) https://www.openstreetmap.org/way/61699289","sym":"Radio Beacon"},"geometry":{"type":"Point","coordinates":[-123.13721,49.1837]}},{"type":"Feature","properties":{"name":"Tim Hortons","routes":["CN","CA","CL","CW"],"provs":["BC"],"desc":"Caf\u00e9\nSource: \u00a9 OpenStreetMap contributors (ODbL) https://www.openstreetmap.org/way/61699289","sym":"Radio Beacon"},"geometry":{"type":"Point","coordinates":[-123.13707,49.18373]}},{"type":"Feature","properties":{"name":"McDonald's","routes":["CN","CA","CL","CW"],"provs":["BC"],"desc":"Fast food\nSource: \u00a9 OpenStreetMap contributors (ODbL) https://www.openstreetmap.org/way/61699667","sym":"Radio Beacon"},"geometry":{"type":"Point","coordinates":[-123.13359,49.17768]}},{"type":"Feature","properties":{"name":"McDonald's","routes":["CN","CA","CL","CW"],"provs":["BC"],"desc":"Fast food\nSource: \u00a9 OpenStreetMap contributors (ODbL) https://www.openstreetmap.org/way/61699667","sym":"Radio Beacon"},"geometry":{"type":"Point","coordinates":[-123.13362,49.1776]}},{"type":"Feature","properties":{"name":"Hockey Hall of Fame","routes":["C2"],"provs":["ON"],"desc":"Museum\nFree wifi\nNetwork: HHOF (Public)\nSource: \u00a9 OpenStreetMap contributors (ODbL) https://www.openstreetmap.org/way/62255416","sym":"Radio Beacon"},"geometry":{"type":"Point","coordinates":[-79.37732,43.64707]}},{"type":"Feature","properties":{"name":"Hockey Hall of Fame","routes":["C2"],"provs":["ON"],"desc":"Museum\nFree wifi\nNetwork: HHOF (Public)\nSource: \u00a9 OpenStreetMap contributors (ODbL) https://www.openstreetmap.org/way/62255416","sym":"Radio Beacon"},"geometry":{"type":"Point","coordinates":[-79.3773,43.647]}},{"type":"Feature","properties":{"name":"Toronto Public Library - Highland Creek","routes":["C2","CA","CL"],"provs":["ON"],"desc":"Library\nFree wifi\nSource: \u00a9 OpenStreetMap contributors (ODbL) https://www.openstreetmap.org/way/62354191","sym":"Radio Beacon"},"geometry":{"type":"Point","coordinates":[-79.17523,43.79006]}},{"type":"Feature","properties":{"name":"Toronto Public Library - Highland Creek","routes":["C2","CA","CL"],"provs":["ON"],"desc":"Library\nFree wifi\nSource: \u00a9 OpenStreetMap contributors (ODbL) https://www.openstreetmap.org/way/62354191","sym":"Radio Beacon"},"geometry":{"type":"Point","coordinates":[-79.17519,43.79001]}},{"type":"Feature","properties":{"name":"McDonald's","routes":["C2","CN","CA","CL"],"provs":["ON"],"desc":"Fast food\nSource: \u00a9 OpenStreetMap contributors (ODbL) https://www.openstreetmap.org/way/62363969","sym":"Radio Beacon"},"geometry":{"type":"Point","coordinates":[-79.57415,43.78344]}},{"type":"Feature","properties":{"name":"McDonald's","routes":["C2","CN","CA","CL"],"provs":["ON"],"desc":"Fast food\nSource: \u00a9 OpenStreetMap contributors (ODbL) https://www.openstreetmap.org/way/62363969","sym":"Radio Beacon"},"geometry":{"type":"Point","coordinates":[-79.57402,43.78339]}},{"type":"Feature","properties":{"name":"Tim Hortons","routes":["C2","CN","CA","CL"],"provs":["ON"],"desc":"Caf\u00e9\nFree wifi\nSource: \u00a9 OpenStreetMap contributors (ODbL) https://www.openstreetmap.org/way/62364933","sym":"Radio Beacon"},"geometry":{"type":"Point","coordinates":[-79.55668,43.78701]}},{"type":"Feature","properties":{"name":"Tim Hortons","routes":["C2","CN","CA","CL"],"provs":["ON"],"desc":"Caf\u00e9\nFree wifi\nSource: \u00a9 OpenStreetMap contributors (ODbL) https://www.openstreetmap.org/way/62364933","sym":"Radio Beacon"},"geometry":{"type":"Point","coordinates":[-79.55661,43.78706]}},{"type":"Feature","properties":{"name":"McDonald's","routes":["C2","CN","CA","CL","CW"],"provs":["BC"],"desc":"Fast food\nSource: \u00a9 OpenStreetMap contributors (ODbL) https://www.openstreetmap.org/way/62644818","sym":"Radio Beacon"},"geometry":{"type":"Point","coordinates":[-123.10928,49.21187]}},{"type":"Feature","properties":{"name":"McDonald's","routes":["C2","CN","CA","CL","CW"],"provs":["BC"],"desc":"Fast food\nSource: \u00a9 OpenStreetMap contributors (ODbL) https://www.openstreetmap.org/way/62644818","sym":"Radio Beacon"},"geometry":{"type":"Point","coordinates":[-123.1092,49.21187]}},{"type":"Feature","properties":{"name":"Toronto Public Library - Pleasant View","routes":["CL"],"provs":["ON"],"desc":"Library\nFree wifi\nSource: \u00a9 OpenStreetMap contributors (ODbL) https://www.openstreetmap.org/way/67139530","sym":"Radio Beacon"},"geometry":{"type":"Point","coordinates":[-79.33547,43.78748]}},{"type":"Feature","properties":{"name":"Toronto Public Library - Pleasant View","routes":["CL"],"provs":["ON"],"desc":"Library\nFree wifi\nSource: \u00a9 OpenStreetMap contributors (ODbL) https://www.openstreetmap.org/way/67139530","sym":"Radio Beacon"},"geometry":{"type":"Point","coordinates":[-79.33545,43.78754]}},{"type":"Feature","properties":{"name":"Galleria \uac24\ub7ec\ub9ac\uc544","routes":["CL"],"provs":["ON"],"desc":"Supermarket\nSource: \u00a9 OpenStreetMap contributors (ODbL) https://www.openstreetmap.org/way/67579898","sym":"Radio Beacon"},"geometry":{"type":"Point","coordinates":[-79.42147,43.799]}},{"type":"Feature","properties":{"name":"Galleria \uac24\ub7ec\ub9ac\uc544","routes":["CL"],"provs":["ON"],"desc":"Supermarket\nSource: \u00a9 OpenStreetMap contributors (ODbL) https://www.openstreetmap.org/way/67579898","sym":"Radio Beacon"},"geometry":{"type":"Point","coordinates":[-79.42139,43.79888]}},{"type":"Feature","properties":{"name":"Ottawa Public Library - Rockcliffe Park Branch","routes":["C1","C3","CN","CA"],"provs":["ON","QC"],"desc":"Library\nSource: \u00a9 OpenStreetMap contributors (ODbL) https://www.openstreetmap.org/way/68586564","sym":"Radio Beacon"},"geometry":{"type":"Point","coordinates":[-75.6786,45.45072]}},{"type":"Feature","properties":{"name":"Ottawa Public Library - Rockcliffe Park Branch","routes":["C1","C3","CN","CA"],"provs":["ON","QC"],"desc":"Library\nSource: \u00a9 OpenStreetMap contributors (ODbL) https://www.openstreetmap.org/way/68586564","sym":"Radio Beacon"},"geometry":{"type":"Point","coordinates":[-75.6787,45.45072]}},{"type":"Feature","properties":{"name":"McDonald's","routes":["C1","C3","CN"],"provs":["ON"],"desc":"Fast food\nFree wifi\nSource: \u00a9 OpenStreetMap contributors (ODbL) https://www.openstreetmap.org/way/68587781","sym":"Radio Beacon"},"geometry":{"type":"Point","coordinates":[-75.78928,45.36242]}},{"type":"Feature","properties":{"name":"McDonald's","routes":["C1","C3","CN"],"provs":["ON"],"desc":"Fast food\nFree wifi\nSource: \u00a9 OpenStreetMap contributors (ODbL) https://www.openstreetmap.org/way/68587781","sym":"Radio Beacon"},"geometry":{"type":"Point","coordinates":[-75.78939,45.36231]}},{"type":"Feature","properties":{"name":"Ottawa Public Library - Carlingwood Branch","routes":["C1","C3","CN","CA"],"provs":["ON"],"desc":"Library\nSource: \u00a9 OpenStreetMap contributors (ODbL) https://www.openstreetmap.org/way/68587789","sym":"Radio Beacon"},"geometry":{"type":"Point","coordinates":[-75.77205,45.37325]}},{"type":"Feature","properties":{"name":"Ottawa Public Library - Carlingwood Branch","routes":["C1","C3","CN","CA"],"provs":["ON"],"desc":"Library\nSource: \u00a9 OpenStreetMap contributors (ODbL) https://www.openstreetmap.org/way/68587789","sym":"Radio Beacon"},"geometry":{"type":"Point","coordinates":[-75.77198,45.37318]}},{"type":"Feature","properties":{"name":"Ron Kolbus-Lakeside Centre","routes":["C1","C3","CN"],"provs":["ON"],"desc":"Community centre\nFree wifi\nSource: \u00a9 OpenStreetMap contributors (ODbL) https://www.openstreetmap.org/way/68587840","sym":"Radio Beacon"},"geometry":{"type":"Point","coordinates":[-75.80159,45.36375]}},{"type":"Feature","properties":{"name":"Ron Kolbus-Lakeside Centre","routes":["C1","C3","CN"],"provs":["ON"],"desc":"Community centre\nFree wifi\nSource: \u00a9 OpenStreetMap contributors (ODbL) https://www.openstreetmap.org/way/68587840","sym":"Radio Beacon"},"geometry":{"type":"Point","coordinates":[-75.80144,45.3639]}},{"type":"Feature","properties":{"name":"Mus\u00e9e canadien de l'histoire","routes":["C1","C3","CN","CA"],"provs":["ON","QC"],"desc":"Museum\nSource: \u00a9 OpenStreetMap contributors (ODbL) https://www.openstreetmap.org/way/68588595","sym":"Radio Beacon"},"geometry":{"type":"Point","coordinates":[-75.70924,45.4288]}},{"type":"Feature","properties":{"name":"Mus\u00e9e canadien de l'histoire","routes":["C1","C3","CN","CA"],"provs":["ON","QC"],"desc":"Museum\nSource: \u00a9 OpenStreetMap contributors (ODbL) https://www.openstreetmap.org/way/68588595","sym":"Radio Beacon"},"geometry":{"type":"Point","coordinates":[-75.70903,45.42913]}},{"type":"Feature","properties":{"name":"Ottawa City Hall / H\u00f4tel de ville d'Ottawa","routes":["C1","C3","CN","CA"],"provs":["ON"],"desc":"Town hall\nFree wifi\nSource: \u00a9 OpenStreetMap contributors (ODbL) https://www.openstreetmap.org/way/68588664","sym":"Radio Beacon"},"geometry":{"type":"Point","coordinates":[-75.68973,45.42093]}},{"type":"Feature","properties":{"name":"Ottawa City Hall / H\u00f4tel de ville d'Ottawa","routes":["C1","C3","CN","CA"],"provs":["ON"],"desc":"Town hall\nFree wifi\nSource: \u00a9 OpenStreetMap contributors (ODbL) https://www.openstreetmap.org/way/68588664","sym":"Radio Beacon"},"geometry":{"type":"Point","coordinates":[-75.69013,45.42081]}},{"type":"Feature","properties":{"name":"Kanata Noodle House","routes":["C1","C3"],"provs":["ON"],"desc":"Restaurant\nSource: \u00a9 OpenStreetMap contributors (ODbL) https://www.openstreetmap.org/way/68609417","sym":"Radio Beacon"},"geometry":{"type":"Point","coordinates":[-75.90656,45.33857]}},{"type":"Feature","properties":{"name":"Kanata Noodle House","routes":["C1","C3"],"provs":["ON"],"desc":"Restaurant\nSource: \u00a9 OpenStreetMap contributors (ODbL) https://www.openstreetmap.org/way/68609417","sym":"Radio Beacon"},"geometry":{"type":"Point","coordinates":[-75.90661,45.33853]}},{"type":"Feature","properties":{"name":"Ottawa Public Library - Hazeldean Branch","routes":["C1","C3"],"provs":["ON"],"desc":"Library\nSource: \u00a9 OpenStreetMap contributors (ODbL) https://www.openstreetmap.org/way/68609703","sym":"Radio Beacon"},"geometry":{"type":"Point","coordinates":[-75.88637,45.29536]}},{"type":"Feature","properties":{"name":"Ottawa Public Library - Hazeldean Branch","routes":["C1","C3"],"provs":["ON"],"desc":"Library\nSource: \u00a9 OpenStreetMap contributors (ODbL) https://www.openstreetmap.org/way/68609703","sym":"Radio Beacon"},"geometry":{"type":"Point","coordinates":[-75.88627,45.29552]}},{"type":"Feature","properties":{"name":"Pat Clark Community Centre","routes":["C1","C3","CN","CA"],"provs":["ON"],"desc":"Community centre\nFree wifi\nSource: \u00a9 OpenStreetMap contributors (ODbL) https://www.openstreetmap.org/way/68658248","sym":"Radio Beacon"},"geometry":{"type":"Point","coordinates":[-75.61971,45.42878]}},{"type":"Feature","properties":{"name":"Pat Clark Community Centre","routes":["C1","C3","CN","CA"],"provs":["ON"],"desc":"Community centre\nFree wifi\nSource: \u00a9 OpenStreetMap contributors (ODbL) https://www.openstreetmap.org/way/68658248","sym":"Radio Beacon"},"geometry":{"type":"Point","coordinates":[-75.61968,45.42884]}},{"type":"Feature","properties":{"name":"McDonald's","routes":["C1","C3"],"provs":["ON"],"desc":"Fast food\nSource: \u00a9 OpenStreetMap contributors (ODbL) https://www.openstreetmap.org/way/68658428","sym":"Radio Beacon"},"geometry":{"type":"Point","coordinates":[-75.83434,45.32112]}},{"type":"Feature","properties":{"name":"McDonald's","routes":["C1","C3"],"provs":["ON"],"desc":"Fast food\nSource: \u00a9 OpenStreetMap contributors (ODbL) https://www.openstreetmap.org/way/68658428","sym":"Radio Beacon"},"geometry":{"type":"Point","coordinates":[-75.83428,45.3212]}},{"type":"Feature","properties":{"name":"Tim Hortons","routes":["C1","C3"],"provs":["ON"],"desc":"Caf\u00e9\nSource: \u00a9 OpenStreetMap contributors (ODbL) https://www.openstreetmap.org/way/68658476","sym":"Radio Beacon"},"geometry":{"type":"Point","coordinates":[-75.83672,45.32105]}},{"type":"Feature","properties":{"name":"Tim Hortons","routes":["C1","C3"],"provs":["ON"],"desc":"Caf\u00e9\nSource: \u00a9 OpenStreetMap contributors (ODbL) https://www.openstreetmap.org/way/68658476","sym":"Radio Beacon"},"geometry":{"type":"Point","coordinates":[-75.8367,45.32098]}},{"type":"Feature","properties":{"name":"McDonald's","routes":["C1","C3","CN","CA"],"provs":["QC"],"desc":"Fast food\nSource: \u00a9 OpenStreetMap contributors (ODbL) https://www.openstreetmap.org/way/68853657","sym":"Radio Beacon"},"geometry":{"type":"Point","coordinates":[-75.7007,45.46436]}},{"type":"Feature","properties":{"name":"McDonald's","routes":["C1","C3","CN","CA"],"provs":["QC"],"desc":"Fast food\nSource: \u00a9 OpenStreetMap contributors (ODbL) https://www.openstreetmap.org/way/68853657","sym":"Radio Beacon"},"geometry":{"type":"Point","coordinates":[-75.70065,45.46429]}},{"type":"Feature","properties":{"name":"McDonald's","routes":["C1","C3","CN","CA"],"provs":["QC"],"desc":"Fast food\nSource: \u00a9 OpenStreetMap contributors (ODbL) https://www.openstreetmap.org/way/68899836","sym":"Radio Beacon"},"geometry":{"type":"Point","coordinates":[-75.6637,45.48372]}},{"type":"Feature","properties":{"name":"McDonald's","routes":["C1","C3","CN","CA"],"provs":["QC"],"desc":"Fast food\nSource: \u00a9 OpenStreetMap contributors (ODbL) https://www.openstreetmap.org/way/68899836","sym":"Radio Beacon"},"geometry":{"type":"Point","coordinates":[-75.66367,45.48363]}},{"type":"Feature","properties":{"name":"Caf\u00e9 Morgan","routes":["C1","C2","C3","CN","CA","CW"],"provs":["QC"],"desc":"Caf\u00e9\nWifi for customers\nSource: \u00a9 OpenStreetMap contributors (ODbL) https://www.openstreetmap.org/way/72508546","sym":"Radio Beacon"},"geometry":{"type":"Point","coordinates":[-72.54405,46.3425]}},{"type":"Feature","properties":{"name":"Caf\u00e9 Morgan","routes":["C1","C2","C3","CN","CA","CW"],"provs":["QC"],"desc":"Caf\u00e9\nWifi for customers\nSource: \u00a9 OpenStreetMap contributors (ODbL) https://www.openstreetmap.org/way/72508546","sym":"Radio Beacon"},"geometry":{"type":"Point","coordinates":[-72.54399,46.34243]}},{"type":"Feature","properties":{"name":"King George Inn","routes":["C2","C3","CA","CL"],"provs":["ON"],"desc":"Restaurant\nSource: \u00a9 OpenStreetMap contributors (ODbL) https://www.openstreetmap.org/way/79144667","sym":"Radio Beacon"},"geometry":{"type":"Point","coordinates":[-78.16829,43.9581]}},{"type":"Feature","properties":{"name":"King George Inn","routes":["C2","C3","CA","CL"],"provs":["ON"],"desc":"Restaurant\nSource: \u00a9 OpenStreetMap contributors (ODbL) https://www.openstreetmap.org/way/79144667","sym":"Radio Beacon"},"geometry":{"type":"Point","coordinates":[-78.16819,43.95814]}},{"type":"Feature","properties":{"name":"McDonald's","routes":["C1","C3","CN","CA"],"provs":["MB"],"desc":"Fast food\nSource: \u00a9 OpenStreetMap contributors (ODbL) https://www.openstreetmap.org/way/80491521","sym":"Radio Beacon"},"geometry":{"type":"Point","coordinates":[-98.33444,49.97535]}},{"type":"Feature","properties":{"name":"McDonald's","routes":["C1","C3","CN","CA"],"provs":["MB"],"desc":"Fast food\nSource: \u00a9 OpenStreetMap contributors (ODbL) https://www.openstreetmap.org/way/80491521","sym":"Radio Beacon"},"geometry":{"type":"Point","coordinates":[-98.33428,49.9752]}},{"type":"Feature","properties":{"name":"Portage la Prairie Regional Library","routes":["C1","C3","CA"],"provs":["MB"],"desc":"Library\nWifi for customers\nSource: \u00a9 OpenStreetMap contributors (ODbL) https://www.openstreetmap.org/way/80491629","sym":"Radio Beacon"},"geometry":{"type":"Point","coordinates":[-98.28836,49.97448]}},{"type":"Feature","properties":{"name":"Portage la Prairie Regional Library","routes":["C1","C3","CA"],"provs":["MB"],"desc":"Library\nWifi for customers\nSource: \u00a9 OpenStreetMap contributors (ODbL) https://www.openstreetmap.org/way/80491629","sym":"Radio Beacon"},"geometry":{"type":"Point","coordinates":[-98.28821,49.97429]}},{"type":"Feature","properties":{"name":"Biblioth\u00e8que Yves-Th\u00e9riault","routes":["C1","C2","C3","CN","CA"],"provs":["QC"],"desc":"Library\nFree wifi\nSource: \u00a9 OpenStreetMap contributors (ODbL) https://www.openstreetmap.org/way/85274387","sym":"Radio Beacon"},"geometry":{"type":"Point","coordinates":[-73.82089,45.52829]}},{"type":"Feature","properties":{"name":"Biblioth\u00e8que Yves-Th\u00e9riault","routes":["C1","C2","C3","CN","CA"],"provs":["QC"],"desc":"Library\nFree wifi\nSource: \u00a9 OpenStreetMap contributors (ODbL) https://www.openstreetmap.org/way/85274387","sym":"Radio Beacon"},"geometry":{"type":"Point","coordinates":[-73.82082,45.52844]}},{"type":"Feature","properties":{"name":"Terrace Public Library","routes":["C3","CA"],"provs":["BC"],"desc":"Library\nSource: \u00a9 OpenStreetMap contributors (ODbL) https://www.openstreetmap.org/way/87218450","sym":"Radio Beacon"},"geometry":{"type":"Point","coordinates":[-128.5871,54.51842]}},{"type":"Feature","properties":{"name":"Terrace Public Library","routes":["C3","CA"],"provs":["BC"],"desc":"Library\nSource: \u00a9 OpenStreetMap contributors (ODbL) https://www.openstreetmap.org/way/87218450","sym":"Radio Beacon"},"geometry":{"type":"Point","coordinates":[-128.58732,54.51848]}},{"type":"Feature","properties":{"name":"Centre communautaire Sainte-Anne","routes":["C2"],"provs":["NB"],"desc":"Community centre\nSource: \u00a9 OpenStreetMap contributors (ODbL) https://www.openstreetmap.org/way/87528086","sym":"Radio Beacon"},"geometry":{"type":"Point","coordinates":[-66.65246,45.94188]}},{"type":"Feature","properties":{"name":"Centre communautaire Sainte-Anne","routes":["C2"],"provs":["NB"],"desc":"Community centre\nSource: \u00a9 OpenStreetMap contributors (ODbL) https://www.openstreetmap.org/way/87528086","sym":"Radio Beacon"},"geometry":{"type":"Point","coordinates":[-66.65272,45.94217]}},{"type":"Feature","properties":{"name":"Tim Hortons","routes":["C1","C2","CN","CA","CL"],"provs":["QC"],"desc":"Caf\u00e9\nFree wifi\nSource: \u00a9 OpenStreetMap contributors (ODbL) https://www.openstreetmap.org/way/87557635","sym":"Radio Beacon"},"geometry":{"type":"Point","coordinates":[-73.52293,45.56518]}},{"type":"Feature","properties":{"name":"Tim Hortons","routes":["C1","C2","CN","CA","CL"],"provs":["QC"],"desc":"Caf\u00e9\nFree wifi\nSource: \u00a9 OpenStreetMap contributors (ODbL) https://www.openstreetmap.org/way/87557635","sym":"Radio Beacon"},"geometry":{"type":"Point","coordinates":[-73.52292,45.56521]}},{"type":"Feature","properties":{"name":"Tim Hortons","routes":["C2","CN","CA","CL"],"provs":["NS"],"desc":"Caf\u00e9\nFree wifi\nSource: \u00a9 OpenStreetMap contributors (ODbL) https://www.openstreetmap.org/way/88610789","sym":"Radio Beacon"},"geometry":{"type":"Point","coordinates":[-63.56926,44.63698]}},{"type":"Feature","properties":{"name":"Tim Hortons","routes":["C2","CN","CA","CL"],"provs":["NS"],"desc":"Caf\u00e9\nFree wifi\nSource: \u00a9 OpenStreetMap contributors (ODbL) https://www.openstreetmap.org/way/88610789","sym":"Radio Beacon"},"geometry":{"type":"Point","coordinates":[-63.56911,44.63703]}},{"type":"Feature","properties":{"name":"A&W","routes":["C1"],"provs":["QC"],"desc":"Fast food\nPaid wifi\nSource: \u00a9 OpenStreetMap contributors (ODbL) https://www.openstreetmap.org/way/89781213","sym":"Radio Beacon"},"geometry":{"type":"Point","coordinates":[-75.4194,45.55855]}},{"type":"Feature","properties":{"name":"A&W","routes":["C1"],"provs":["QC"],"desc":"Fast food\nPaid wifi\nSource: \u00a9 OpenStreetMap contributors (ODbL) https://www.openstreetmap.org/way/89781213","sym":"Radio Beacon"},"geometry":{"type":"Point","coordinates":[-75.41945,45.55863]}},{"type":"Feature","properties":{"name":"McDonald's","routes":["C1","C3","CA","CL"],"provs":["BC"],"desc":"Fast food\nSource: \u00a9 OpenStreetMap contributors (ODbL) https://www.openstreetmap.org/way/95194615","sym":"Radio Beacon"},"geometry":{"type":"Point","coordinates":[-123.36578,48.42569]}},{"type":"Feature","properties":{"name":"McDonald's","routes":["C1","C3","CA","CL"],"provs":["BC"],"desc":"Fast food\nSource: \u00a9 OpenStreetMap contributors (ODbL) https://www.openstreetmap.org/way/95194615","sym":"Radio Beacon"},"geometry":{"type":"Point","coordinates":[-123.36555,48.42561]}},{"type":"Feature","properties":{"name":"Tim Hortons","routes":["C1","C3"],"provs":["QC"],"desc":"Caf\u00e9\nWifi for customers\nSource: \u00a9 OpenStreetMap contributors (ODbL) https://www.openstreetmap.org/way/95891584","sym":"Radio Beacon"},"geometry":{"type":"Point","coordinates":[-68.52147,48.43284]}},{"type":"Feature","properties":{"name":"Tim Hortons","routes":["C1","C3"],"provs":["QC"],"desc":"Caf\u00e9\nWifi for customers\nSource: \u00a9 OpenStreetMap contributors (ODbL) https://www.openstreetmap.org/way/95891584","sym":"Radio Beacon"},"geometry":{"type":"Point","coordinates":[-68.5215,48.43296]}},{"type":"Feature","properties":{"name":"Boston Pizza","routes":["CN","CL"],"provs":["NB"],"desc":"Restaurant\nSource: \u00a9 OpenStreetMap contributors (ODbL) https://www.openstreetmap.org/way/96666512","sym":"Radio Beacon"},"geometry":{"type":"Point","coordinates":[-64.83215,46.11055]}},{"type":"Feature","properties":{"name":"Boston Pizza","routes":["CN","CL"],"provs":["NB"],"desc":"Restaurant\nSource: \u00a9 OpenStreetMap contributors (ODbL) https://www.openstreetmap.org/way/96666512","sym":"Radio Beacon"},"geometry":{"type":"Point","coordinates":[-64.83222,46.11048]}},{"type":"Feature","properties":{"name":"Tim Hortons","routes":["CN","CL"],"provs":["NB"],"desc":"Caf\u00e9\nSource: \u00a9 OpenStreetMap contributors (ODbL) https://www.openstreetmap.org/way/96668402","sym":"Radio Beacon"},"geometry":{"type":"Point","coordinates":[-64.82465,46.10661]}},{"type":"Feature","properties":{"name":"Tim Hortons","routes":["CN","CL"],"provs":["NB"],"desc":"Caf\u00e9\nSource: \u00a9 OpenStreetMap contributors (ODbL) https://www.openstreetmap.org/way/96668402","sym":"Radio Beacon"},"geometry":{"type":"Point","coordinates":[-64.82461,46.10672]}},{"type":"Feature","properties":{"name":"York Arena","routes":["C2"],"provs":["NB"],"desc":"Recreation centre\nSource: \u00a9 OpenStreetMap contributors (ODbL) https://www.openstreetmap.org/way/96860816","sym":"Radio Beacon"},"geometry":{"type":"Point","coordinates":[-66.61998,45.96103]}},{"type":"Feature","properties":{"name":"York Arena","routes":["C2"],"provs":["NB"],"desc":"Recreation centre\nSource: \u00a9 OpenStreetMap contributors (ODbL) https://www.openstreetmap.org/way/96860816","sym":"Radio Beacon"},"geometry":{"type":"Point","coordinates":[-66.6199,45.96135]}},{"type":"Feature","properties":{"name":"H\u00f4tel de ville de Moncton","routes":["CN","CL"],"provs":["NB"],"desc":"Town hall\nSource: \u00a9 OpenStreetMap contributors (ODbL) https://www.openstreetmap.org/way/97337904","sym":"Radio Beacon"},"geometry":{"type":"Point","coordinates":[-64.77529,46.08951]}},{"type":"Feature","properties":{"name":"H\u00f4tel de ville de Moncton","routes":["CN","CL"],"provs":["NB"],"desc":"Town hall\nSource: \u00a9 OpenStreetMap contributors (ODbL) https://www.openstreetmap.org/way/97337904","sym":"Radio Beacon"},"geometry":{"type":"Point","coordinates":[-64.77533,46.08962]}},{"type":"Feature","properties":{"name":"Lady Beaverbrook Rink","routes":["C2"],"provs":["NB"],"desc":"Recreation centre\nSource: \u00a9 OpenStreetMap contributors (ODbL) https://www.openstreetmap.org/way/98200278","sym":"Radio Beacon"},"geometry":{"type":"Point","coordinates":[-66.63903,45.951]}},{"type":"Feature","properties":{"name":"Lady Beaverbrook Rink","routes":["C2"],"provs":["NB"],"desc":"Recreation centre\nSource: \u00a9 OpenStreetMap contributors (ODbL) https://www.openstreetmap.org/way/98200278","sym":"Radio Beacon"},"geometry":{"type":"Point","coordinates":[-66.63892,45.95078]}},{"type":"Feature","properties":{"name":"Fort Garry Library","routes":["C1","C2","C3","CN"],"provs":["MB"],"desc":"Library\nFree wifi\nSource: \u00a9 OpenStreetMap contributors (ODbL) https://www.openstreetmap.org/way/98814979","sym":"Radio Beacon"},"geometry":{"type":"Point","coordinates":[-97.15154,49.83949]}},{"type":"Feature","properties":{"name":"Fort Garry Library","routes":["C1","C2","C3","CN"],"provs":["MB"],"desc":"Library\nFree wifi\nSource: \u00a9 OpenStreetMap contributors (ODbL) https://www.openstreetmap.org/way/98814979","sym":"Radio Beacon"},"geometry":{"type":"Point","coordinates":[-97.15139,49.83953]}},{"type":"Feature","properties":{"name":"Earls","routes":["C1","C2","CA","CL"],"provs":["BC"],"desc":"Restaurant\nFree wifi\nSource: \u00a9 OpenStreetMap contributors (ODbL) https://www.openstreetmap.org/way/100515222","sym":"Radio Beacon"},"geometry":{"type":"Point","coordinates":[-121.96378,49.14116]}},{"type":"Feature","properties":{"name":"Earls","routes":["C1","C2","CA","CL"],"provs":["BC"],"desc":"Restaurant\nFree wifi\nSource: \u00a9 OpenStreetMap contributors (ODbL) https://www.openstreetmap.org/way/100515222","sym":"Radio Beacon"},"geometry":{"type":"Point","coordinates":[-121.96358,49.14126]}},{"type":"Feature","properties":{"name":"Isaac's Way","routes":["C2"],"provs":["NB"],"desc":"Restaurant\nSource: \u00a9 OpenStreetMap contributors (ODbL) https://www.openstreetmap.org/way/101290864","sym":"Radio Beacon"},"geometry":{"type":"Point","coordinates":[-66.63745,45.96101]}},{"type":"Feature","properties":{"name":"Isaac's Way","routes":["C2"],"provs":["NB"],"desc":"Restaurant\nSource: \u00a9 OpenStreetMap contributors (ODbL) https://www.openstreetmap.org/way/101290864","sym":"Radio Beacon"},"geometry":{"type":"Point","coordinates":[-66.63741,45.96093]}},{"type":"Feature","properties":{"name":"Centre communautaire de Cap-Rouge","routes":["C1","C2","C3"],"provs":["QC"],"desc":"Community centre\nSource: \u00a9 OpenStreetMap contributors (ODbL) https://www.openstreetmap.org/way/101906683","sym":"Radio Beacon"},"geometry":{"type":"Point","coordinates":[-71.35448,46.74108]}},{"type":"Feature","properties":{"name":"Centre communautaire de Cap-Rouge","routes":["C1","C2","C3"],"provs":["QC"],"desc":"Community centre\nSource: \u00a9 OpenStreetMap contributors (ODbL) https://www.openstreetmap.org/way/101906683","sym":"Radio Beacon"},"geometry":{"type":"Point","coordinates":[-71.35454,46.74098]}},{"type":"Feature","properties":{"name":"Anne-Marie Filteau","routes":["C1","C2","C3"],"provs":["QC"],"desc":"Library\nFree wifi\nNetwork: VL-Public\nSource: \u00a9 OpenStreetMap contributors (ODbL) https://www.openstreetmap.org/way/101908184","sym":"Radio Beacon"},"geometry":{"type":"Point","coordinates":[-71.29446,46.73598]}},{"type":"Feature","properties":{"name":"Anne-Marie Filteau","routes":["C1","C2","C3"],"provs":["QC"],"desc":"Library\nFree wifi\nNetwork: VL-Public\nSource: \u00a9 OpenStreetMap contributors (ODbL) https://www.openstreetmap.org/way/101908184","sym":"Radio Beacon"},"geometry":{"type":"Point","coordinates":[-71.29462,46.73572]}},{"type":"Feature","properties":{"name":"Carleton Place Public Library","routes":["C3"],"provs":["ON"],"desc":"Library\nSource: \u00a9 OpenStreetMap contributors (ODbL) https://www.openstreetmap.org/way/102512846","sym":"Radio Beacon"},"geometry":{"type":"Point","coordinates":[-76.14391,45.13977]}},{"type":"Feature","properties":{"name":"Carleton Place Public Library","routes":["C3"],"provs":["ON"],"desc":"Library\nSource: \u00a9 OpenStreetMap contributors (ODbL) https://www.openstreetmap.org/way/102512846","sym":"Radio Beacon"},"geometry":{"type":"Point","coordinates":[-76.14394,45.1397]}},{"type":"Feature","properties":{"name":"McDonald's","routes":["C2","CN","CL"],"provs":["BC"],"desc":"Fast food\nSource: \u00a9 OpenStreetMap contributors (ODbL) https://www.openstreetmap.org/way/102657220","sym":"Radio Beacon"},"geometry":{"type":"Point","coordinates":[-122.95451,49.21871]}},{"type":"Feature","properties":{"name":"McDonald's","routes":["C2","CN","CL"],"provs":["BC"],"desc":"Fast food\nSource: \u00a9 OpenStreetMap contributors (ODbL) https://www.openstreetmap.org/way/102657220","sym":"Radio Beacon"},"geometry":{"type":"Point","coordinates":[-122.95462,49.21868]}},{"type":"Feature","properties":{"name":"BPL: Tommy Douglas Library","routes":["C2","CN","CL"],"provs":["BC"],"desc":"Library\nSource: \u00a9 OpenStreetMap contributors (ODbL) https://www.openstreetmap.org/way/102657338","sym":"Radio Beacon"},"geometry":{"type":"Point","coordinates":[-122.95255,49.21883]}},{"type":"Feature","properties":{"name":"BPL: Tommy Douglas Library","routes":["C2","CN","CL"],"provs":["BC"],"desc":"Library\nSource: \u00a9 OpenStreetMap contributors (ODbL) https://www.openstreetmap.org/way/102657338","sym":"Radio Beacon"},"geometry":{"type":"Point","coordinates":[-122.95232,49.21871]}},{"type":"Feature","properties":{"name":"Wendy's","routes":["C2","CN","CL"],"provs":["BC"],"desc":"Fast food\nFree wifi\nSource: \u00a9 OpenStreetMap contributors (ODbL) https://www.openstreetmap.org/way/102749707","sym":"Radio Beacon"},"geometry":{"type":"Point","coordinates":[-122.853,49.23321]}},{"type":"Feature","properties":{"name":"Wendy's","routes":["C2","CN","CL"],"provs":["BC"],"desc":"Fast food\nFree wifi\nSource: \u00a9 OpenStreetMap contributors (ODbL) https://www.openstreetmap.org/way/102749707","sym":"Radio Beacon"},"geometry":{"type":"Point","coordinates":[-122.85292,49.23324]}},{"type":"Feature","properties":{"name":"Canadian War Museum","routes":["C1","C3","CN","CA"],"provs":["ON"],"desc":"Museum\nSource: \u00a9 OpenStreetMap contributors (ODbL) https://www.openstreetmap.org/way/103438401","sym":"Radio Beacon"},"geometry":{"type":"Point","coordinates":[-75.71718,45.41668]}},{"type":"Feature","properties":{"name":"Canadian War Museum","routes":["C1","C3","CN","CA"],"provs":["ON"],"desc":"Museum\nSource: \u00a9 OpenStreetMap contributors (ODbL) https://www.openstreetmap.org/way/103438401","sym":"Radio Beacon"},"geometry":{"type":"Point","coordinates":[-75.71695,45.41705]}},{"type":"Feature","properties":{"name":"Tim Hortons","routes":["C2","CN","CA","CL"],"provs":["ON"],"desc":"Caf\u00e9\nFree wifi\nSource: \u00a9 OpenStreetMap contributors (ODbL) https://www.openstreetmap.org/way/103617694","sym":"Radio Beacon"},"geometry":{"type":"Point","coordinates":[-79.62343,43.77757]}},{"type":"Feature","properties":{"name":"Tim Hortons","routes":["C2","CN","CA","CL"],"provs":["ON"],"desc":"Caf\u00e9\nFree wifi\nSource: \u00a9 OpenStreetMap contributors (ODbL) https://www.openstreetmap.org/way/103617694","sym":"Radio Beacon"},"geometry":{"type":"Point","coordinates":[-79.62339,43.77752]}},{"type":"Feature","properties":{"name":"Centre r\u00e9cr\u00e9atif Saint-Roch","routes":["C1","C2","C3","CA","CW"],"provs":["QC"],"desc":"Community centre\nFree wifi\nSource: \u00a9 OpenStreetMap contributors (ODbL) https://www.openstreetmap.org/way/103861844","sym":"Radio Beacon"},"geometry":{"type":"Point","coordinates":[-71.2236,46.81774]}},{"type":"Feature","properties":{"name":"Centre r\u00e9cr\u00e9atif Saint-Roch","routes":["C1","C2","C3","CA","CW"],"provs":["QC"],"desc":"Community centre\nFree wifi\nSource: \u00a9 OpenStreetMap contributors (ODbL) https://www.openstreetmap.org/way/103861844","sym":"Radio Beacon"},"geometry":{"type":"Point","coordinates":[-71.22359,46.81789]}},{"type":"Feature","properties":{"name":"McDonald's","routes":["C2","CN","CL"],"provs":["BC"],"desc":"Fast food\nSource: \u00a9 OpenStreetMap contributors (ODbL) https://www.openstreetmap.org/way/104743674","sym":"Radio Beacon"},"geometry":{"type":"Point","coordinates":[-122.89246,49.25006]}},{"type":"Feature","properties":{"name":"McDonald's","routes":["C2","CN","CL"],"provs":["BC"],"desc":"Fast food\nSource: \u00a9 OpenStreetMap contributors (ODbL) https://www.openstreetmap.org/way/104743674","sym":"Radio Beacon"},"geometry":{"type":"Point","coordinates":[-122.8923,49.25012]}},{"type":"Feature","properties":{"name":"Royal BC Museum","routes":["C1","C3","CA","CL"],"provs":["BC"],"desc":"Museum\nSource: \u00a9 OpenStreetMap contributors (ODbL) https://www.openstreetmap.org/way/105518293","sym":"Radio Beacon"},"geometry":{"type":"Point","coordinates":[-123.36806,48.41981]}},{"type":"Feature","properties":{"name":"Royal BC Museum","routes":["C1","C3","CA","CL"],"provs":["BC"],"desc":"Museum\nSource: \u00a9 OpenStreetMap contributors (ODbL) https://www.openstreetmap.org/way/105518293","sym":"Radio Beacon"},"geometry":{"type":"Point","coordinates":[-123.36787,48.41972]}},{"type":"Feature","properties":{"name":"Hintonburg Community Centre","routes":["C1","C3","CN","CA"],"provs":["ON"],"desc":"Community centre\nFree wifi\nSource: \u00a9 OpenStreetMap contributors (ODbL) https://www.openstreetmap.org/way/107602613","sym":"Radio Beacon"},"geometry":{"type":"Point","coordinates":[-75.72443,45.40361]}},{"type":"Feature","properties":{"name":"Hintonburg Community Centre","routes":["C1","C3","CN","CA"],"provs":["ON"],"desc":"Community centre\nFree wifi\nSource: \u00a9 OpenStreetMap contributors (ODbL) https://www.openstreetmap.org/way/107602613","sym":"Radio Beacon"},"geometry":{"type":"Point","coordinates":[-75.72428,45.40363]}},{"type":"Feature","properties":{"name":"Fredericton Public Library","routes":["C2"],"provs":["NB"],"desc":"Library\nSource: \u00a9 OpenStreetMap contributors (ODbL) https://www.openstreetmap.org/way/109161131","sym":"Radio Beacon"},"geometry":{"type":"Point","coordinates":[-66.63989,45.96251]}},{"type":"Feature","properties":{"name":"Fredericton Public Library","routes":["C2"],"provs":["NB"],"desc":"Library\nSource: \u00a9 OpenStreetMap contributors (ODbL) https://www.openstreetmap.org/way/109161131","sym":"Radio Beacon"},"geometry":{"type":"Point","coordinates":[-66.63982,45.9626]}},{"type":"Feature","properties":{"name":"Toronto Public Library - Albion","routes":["C2","CN","CA","CL"],"provs":["ON"],"desc":"Library\nFree wifi\nSource: \u00a9 OpenStreetMap contributors (ODbL) https://www.openstreetmap.org/way/109492576","sym":"Radio Beacon"},"geometry":{"type":"Point","coordinates":[-79.58514,43.73998]}},{"type":"Feature","properties":{"name":"Toronto Public Library - Albion","routes":["C2","CN","CA","CL"],"provs":["ON"],"desc":"Library\nFree wifi\nSource: \u00a9 OpenStreetMap contributors (ODbL) https://www.openstreetmap.org/way/109492576","sym":"Radio Beacon"},"geometry":{"type":"Point","coordinates":[-79.58481,43.73987]}},{"type":"Feature","properties":{"name":"Tim Hortons","routes":["C3","CN","CL"],"provs":["ON"],"desc":"Caf\u00e9\nFree wifi\nNetwork: Tim Hortons WiFi\nSource: \u00a9 OpenStreetMap contributors (ODbL) https://www.openstreetmap.org/way/109496523","sym":"Radio Beacon"},"geometry":{"type":"Point","coordinates":[-79.67379,44.40737]}},{"type":"Feature","properties":{"name":"Tim Hortons","routes":["C3","CN","CL"],"provs":["ON"],"desc":"Caf\u00e9\nFree wifi\nNetwork: Tim Hortons WiFi\nSource: \u00a9 OpenStreetMap contributors (ODbL) https://www.openstreetmap.org/way/109496523","sym":"Radio Beacon"},"geometry":{"type":"Point","coordinates":[-79.67369,44.40732]}},{"type":"Feature","properties":{"name":"Barrie Public Library - Downtown Branch","routes":["C3","CN"],"provs":["ON"],"desc":"Library\nFree wifi\nSource: \u00a9 OpenStreetMap contributors (ODbL) https://www.openstreetmap.org/way/109902755","sym":"Radio Beacon"},"geometry":{"type":"Point","coordinates":[-79.68829,44.39173]}},{"type":"Feature","properties":{"name":"Barrie Public Library - Downtown Branch","routes":["C3","CN"],"provs":["ON"],"desc":"Library\nFree wifi\nSource: \u00a9 OpenStreetMap contributors (ODbL) https://www.openstreetmap.org/way/109902755","sym":"Radio Beacon"},"geometry":{"type":"Point","coordinates":[-79.68839,44.39198]}},{"type":"Feature","properties":{"name":"Tim Hortons","routes":["C3","CN","CL"],"provs":["ON"],"desc":"Caf\u00e9\nFree wifi\nSource: \u00a9 OpenStreetMap contributors (ODbL) https://www.openstreetmap.org/way/109975131","sym":"Radio Beacon"},"geometry":{"type":"Point","coordinates":[-79.70397,44.40387]}},{"type":"Feature","properties":{"name":"Tim Hortons","routes":["C3","CN","CL"],"provs":["ON"],"desc":"Caf\u00e9\nFree wifi\nSource: \u00a9 OpenStreetMap contributors (ODbL) https://www.openstreetmap.org/way/109975131","sym":"Radio Beacon"},"geometry":{"type":"Point","coordinates":[-79.70399,44.40377]}},{"type":"Feature","properties":{"name":"Starbucks","routes":["C3","CN","CL"],"provs":["ON"],"desc":"Caf\u00e9\nSource: \u00a9 OpenStreetMap contributors (ODbL) https://www.openstreetmap.org/way/109975133","sym":"Radio Beacon"},"geometry":{"type":"Point","coordinates":[-79.69974,44.40119]}},{"type":"Feature","properties":{"name":"Starbucks","routes":["C3","CN","CL"],"provs":["ON"],"desc":"Caf\u00e9\nSource: \u00a9 OpenStreetMap contributors (ODbL) https://www.openstreetmap.org/way/109975133","sym":"Radio Beacon"},"geometry":{"type":"Point","coordinates":[-79.6997,44.40126]}},{"type":"Feature","properties":{"name":"Kenzington Burger Bar","routes":["C3","CN"],"provs":["ON"],"desc":"Restaurant\nFree wifi\nNetwork: kenzington guest\nSource: \u00a9 OpenStreetMap contributors (ODbL) https://www.openstreetmap.org/way/110097000","sym":"Radio Beacon"},"geometry":{"type":"Point","coordinates":[-79.68862,44.33194]}},{"type":"Feature","properties":{"name":"Kenzington Burger Bar","routes":["C3","CN"],"provs":["ON"],"desc":"Restaurant\nFree wifi\nNetwork: kenzington guest\nSource: \u00a9 OpenStreetMap contributors (ODbL) https://www.openstreetmap.org/way/110097000","sym":"Radio Beacon"},"geometry":{"type":"Point","coordinates":[-79.68863,44.33186]}},{"type":"Feature","properties":{"name":"Tim Hortons","routes":["C3","CN"],"provs":["ON"],"desc":"Caf\u00e9\nFree wifi\nSource: \u00a9 OpenStreetMap contributors (ODbL) https://www.openstreetmap.org/way/110105534","sym":"Radio Beacon"},"geometry":{"type":"Point","coordinates":[-79.69501,44.33256]}},{"type":"Feature","properties":{"name":"Tim Hortons","routes":["C3","CN"],"provs":["ON"],"desc":"Caf\u00e9\nFree wifi\nSource: \u00a9 OpenStreetMap contributors (ODbL) https://www.openstreetmap.org/way/110105534","sym":"Radio Beacon"},"geometry":{"type":"Point","coordinates":[-79.69495,44.33266]}},{"type":"Feature","properties":{"name":"ORL: Kelowna Branch","routes":["C1","CA"],"provs":["BC"],"desc":"Library\nSource: \u00a9 OpenStreetMap contributors (ODbL) https://www.openstreetmap.org/way/110341477","sym":"Radio Beacon"},"geometry":{"type":"Point","coordinates":[-119.49403,49.88977]}},{"type":"Feature","properties":{"name":"ORL: Kelowna Branch","routes":["C1","CA"],"provs":["BC"],"desc":"Library\nSource: \u00a9 OpenStreetMap contributors (ODbL) https://www.openstreetmap.org/way/110341477","sym":"Radio Beacon"},"geometry":{"type":"Point","coordinates":[-119.49412,49.88959]}},{"type":"Feature","properties":{"name":"Tim Hortons","routes":["C2","CN"],"provs":["NB"],"desc":"Caf\u00e9\nSource: \u00a9 OpenStreetMap contributors (ODbL) https://www.openstreetmap.org/way/110808147","sym":"Radio Beacon"},"geometry":{"type":"Point","coordinates":[-66.50176,45.84247]}},{"type":"Feature","properties":{"name":"Tim Hortons","routes":["C2","CN"],"provs":["NB"],"desc":"Caf\u00e9\nSource: \u00a9 OpenStreetMap contributors (ODbL) https://www.openstreetmap.org/way/110808147","sym":"Radio Beacon"},"geometry":{"type":"Point","coordinates":[-66.5017,45.84244]}},{"type":"Feature","properties":{"name":"The Lunar Rogue","routes":["C2"],"provs":["NB"],"desc":"Pub\nSource: \u00a9 OpenStreetMap contributors (ODbL) https://www.openstreetmap.org/way/112417731","sym":"Radio Beacon"},"geometry":{"type":"Point","coordinates":[-66.63869,45.96013]}},{"type":"Feature","properties":{"name":"The Lunar Rogue","routes":["C2"],"provs":["NB"],"desc":"Pub\nSource: \u00a9 OpenStreetMap contributors (ODbL) https://www.openstreetmap.org/way/112417731","sym":"Radio Beacon"},"geometry":{"type":"Point","coordinates":[-66.63867,45.96019]}},{"type":"Feature","properties":{"name":"McDonald's","routes":["C3","CA"],"provs":["SK"],"desc":"Fast food\nSource: \u00a9 OpenStreetMap contributors (ODbL) https://www.openstreetmap.org/way/112725462","sym":"Radio Beacon"},"geometry":{"type":"Point","coordinates":[-102.46891,51.20992]}},{"type":"Feature","properties":{"name":"McDonald's","routes":["C3","CA"],"provs":["SK"],"desc":"Fast food\nSource: \u00a9 OpenStreetMap contributors (ODbL) https://www.openstreetmap.org/way/112725462","sym":"Radio Beacon"},"geometry":{"type":"Point","coordinates":[-102.46901,51.20985]}},{"type":"Feature","properties":{"name":"Tim Hortons","routes":["C1","C3","CA"],"provs":["NL"],"desc":"Caf\u00e9\nSource: \u00a9 OpenStreetMap contributors (ODbL) https://www.openstreetmap.org/way/113031680","sym":"Radio Beacon"},"geometry":{"type":"Point","coordinates":[-52.73504,47.55552]}},{"type":"Feature","properties":{"name":"Tim Hortons","routes":["C1","C3","CA"],"provs":["NL"],"desc":"Caf\u00e9\nSource: \u00a9 OpenStreetMap contributors (ODbL) https://www.openstreetmap.org/way/113031680","sym":"Radio Beacon"},"geometry":{"type":"Point","coordinates":[-52.73502,47.55547]}},{"type":"Feature","properties":{"name":"Tim Hortons","routes":["C1","C2","CN","CA","CL"],"provs":["QC"],"desc":"Caf\u00e9\nFree wifi\nSource: \u00a9 OpenStreetMap contributors (ODbL) https://www.openstreetmap.org/way/114823669","sym":"Radio Beacon"},"geometry":{"type":"Point","coordinates":[-73.55125,45.53447]}},{"type":"Feature","properties":{"name":"Tim Hortons","routes":["C1","C2","CN","CA","CL"],"provs":["QC"],"desc":"Caf\u00e9\nFree wifi\nSource: \u00a9 OpenStreetMap contributors (ODbL) https://www.openstreetmap.org/way/114823669","sym":"Radio Beacon"},"geometry":{"type":"Point","coordinates":[-73.55132,45.53449]}},{"type":"Feature","properties":{"name":"Toronto Public Library - Beaches","routes":["C2"],"provs":["ON"],"desc":"Library\nFree wifi\nSource: \u00a9 OpenStreetMap contributors (ODbL) https://www.openstreetmap.org/way/114900396","sym":"Radio Beacon"},"geometry":{"type":"Point","coordinates":[-79.29851,43.67004]}},{"type":"Feature","properties":{"name":"Toronto Public Library - Beaches","routes":["C2"],"provs":["ON"],"desc":"Library\nFree wifi\nSource: \u00a9 OpenStreetMap contributors (ODbL) https://www.openstreetmap.org/way/114900396","sym":"Radio Beacon"},"geometry":{"type":"Point","coordinates":[-79.29851,43.67008]}},{"type":"Feature","properties":{"name":"Cornish Library","routes":["C1","C2","C3","CN"],"provs":["MB"],"desc":"Library\nFree wifi\nSource: \u00a9 OpenStreetMap contributors (ODbL) https://www.openstreetmap.org/way/115430779","sym":"Radio Beacon"},"geometry":{"type":"Point","coordinates":[-97.16001,49.8783]}},{"type":"Feature","properties":{"name":"Cornish Library","routes":["C1","C2","C3","CN"],"provs":["MB"],"desc":"Library\nFree wifi\nSource: \u00a9 OpenStreetMap contributors (ODbL) https://www.openstreetmap.org/way/115430779","sym":"Radio Beacon"},"geometry":{"type":"Point","coordinates":[-97.15998,49.87838]}},{"type":"Feature","properties":{"name":"Walmart Supercentre","routes":["C3","CA"],"provs":["AB"],"desc":"Supermarket\nSource: \u00a9 OpenStreetMap contributors (ODbL) https://www.openstreetmap.org/way/118516250","sym":"Radio Beacon"},"geometry":{"type":"Point","coordinates":[-112.68816,51.45038]}},{"type":"Feature","properties":{"name":"Walmart Supercentre","routes":["C3","CA"],"provs":["AB"],"desc":"Supermarket\nSource: \u00a9 OpenStreetMap contributors (ODbL) https://www.openstreetmap.org/way/118516250","sym":"Radio Beacon"},"geometry":{"type":"Point","coordinates":[-112.68817,51.44999]}},{"type":"Feature","properties":{"name":"No Frills","routes":["C3","CA"],"provs":["AB"],"desc":"Supermarket\nSource: \u00a9 OpenStreetMap contributors (ODbL) https://www.openstreetmap.org/way/118609096","sym":"Radio Beacon"},"geometry":{"type":"Point","coordinates":[-112.69798,51.44895]}},{"type":"Feature","properties":{"name":"No Frills","routes":["C3","CA"],"provs":["AB"],"desc":"Supermarket\nSource: \u00a9 OpenStreetMap contributors (ODbL) https://www.openstreetmap.org/way/118609096","sym":"Radio Beacon"},"geometry":{"type":"Point","coordinates":[-112.69801,51.44931]}},{"type":"Feature","properties":{"name":"Tim Hortons","routes":["C1","C3","CA"],"provs":["NL"],"desc":"Caf\u00e9\nSource: \u00a9 OpenStreetMap contributors (ODbL) https://www.openstreetmap.org/way/120619058","sym":"Radio Beacon"},"geometry":{"type":"Point","coordinates":[-52.72318,47.61164]}},{"type":"Feature","properties":{"name":"Tim Hortons","routes":["C1","C3","CA"],"provs":["NL"],"desc":"Caf\u00e9\nSource: \u00a9 OpenStreetMap contributors (ODbL) https://www.openstreetmap.org/way/120619058","sym":"Radio Beacon"},"geometry":{"type":"Point","coordinates":[-52.72324,47.61165]}},{"type":"Feature","properties":{"name":"Toronto Public Library - Centennial","routes":["C2","CN","CL"],"provs":["ON"],"desc":"Library\nFree wifi\nSource: \u00a9 OpenStreetMap contributors (ODbL) https://www.openstreetmap.org/way/120758351","sym":"Radio Beacon"},"geometry":{"type":"Point","coordinates":[-79.44951,43.77303]}},{"type":"Feature","properties":{"name":"Toronto Public Library - Centennial","routes":["C2","CN","CL"],"provs":["ON"],"desc":"Library\nFree wifi\nSource: \u00a9 OpenStreetMap contributors (ODbL) https://www.openstreetmap.org/way/120758351","sym":"Radio Beacon"},"geometry":{"type":"Point","coordinates":[-79.44958,43.77296]}},{"type":"Feature","properties":{"name":"FVRL: George Mackie Library","routes":["C1","C2","CN","CL"],"provs":["BC"],"desc":"Library\nSource: \u00a9 OpenStreetMap contributors (ODbL) https://www.openstreetmap.org/way/120769939","sym":"Radio Beacon"},"geometry":{"type":"Point","coordinates":[-122.91193,49.15651]}},{"type":"Feature","properties":{"name":"FVRL: George Mackie Library","routes":["C1","C2","CN","CL"],"provs":["BC"],"desc":"Library\nSource: \u00a9 OpenStreetMap contributors (ODbL) https://www.openstreetmap.org/way/120769939","sym":"Radio Beacon"},"geometry":{"type":"Point","coordinates":[-122.91185,49.15636]}},{"type":"Feature","properties":{"name":"McDonald's","routes":["CN","CL"],"provs":["NB"],"desc":"Fast food\nSource: \u00a9 OpenStreetMap contributors (ODbL) https://www.openstreetmap.org/way/120912615","sym":"Radio Beacon"},"geometry":{"type":"Point","coordinates":[-64.81262,46.10117]}},{"type":"Feature","properties":{"name":"McDonald's","routes":["CN","CL"],"provs":["NB"],"desc":"Fast food\nSource: \u00a9 OpenStreetMap contributors (ODbL) https://www.openstreetmap.org/way/120912615","sym":"Radio Beacon"},"geometry":{"type":"Point","coordinates":[-64.81258,46.10109]}},{"type":"Feature","properties":{"name":"Drumheller Municipal Building","routes":["C3","CA"],"provs":["AB"],"desc":"Town hall\nSource: \u00a9 OpenStreetMap contributors (ODbL) https://www.openstreetmap.org/way/121038827","sym":"Radio Beacon"},"geometry":{"type":"Point","coordinates":[-112.70759,51.4652]}},{"type":"Feature","properties":{"name":"Drumheller Municipal Building","routes":["C3","CA"],"provs":["AB"],"desc":"Town hall\nSource: \u00a9 OpenStreetMap contributors (ODbL) https://www.openstreetmap.org/way/121038827","sym":"Radio Beacon"},"geometry":{"type":"Point","coordinates":[-112.70741,51.46518]}},{"type":"Feature","properties":{"name":"VIRL: Courtenay Branch","routes":["C3"],"provs":["BC"],"desc":"Library\nFree wifi\nSource: \u00a9 OpenStreetMap contributors (ODbL) https://www.openstreetmap.org/way/121158117","sym":"Radio Beacon"},"geometry":{"type":"Point","coordinates":[-124.9979,49.69009]}},{"type":"Feature","properties":{"name":"VIRL: Courtenay Branch","routes":["C3"],"provs":["BC"],"desc":"Library\nFree wifi\nSource: \u00a9 OpenStreetMap contributors (ODbL) https://www.openstreetmap.org/way/121158117","sym":"Radio Beacon"},"geometry":{"type":"Point","coordinates":[-124.99791,49.68999]}},{"type":"Feature","properties":{"name":"Sobeys","routes":["CN","CL"],"provs":["NB"],"desc":"Supermarket\nSource: \u00a9 OpenStreetMap contributors (ODbL) https://www.openstreetmap.org/way/121292652","sym":"Radio Beacon"},"geometry":{"type":"Point","coordinates":[-64.75824,46.09818]}},{"type":"Feature","properties":{"name":"Sobeys","routes":["CN","CL"],"provs":["NB"],"desc":"Supermarket\nSource: \u00a9 OpenStreetMap contributors (ODbL) https://www.openstreetmap.org/way/121292652","sym":"Radio Beacon"},"geometry":{"type":"Point","coordinates":[-64.75831,46.09832]}},{"type":"Feature","properties":{"name":"Arby's","routes":["CN","CL"],"provs":["NB"],"desc":"Fast food\nSource: \u00a9 OpenStreetMap contributors (ODbL) https://www.openstreetmap.org/way/121347066","sym":"Radio Beacon"},"geometry":{"type":"Point","coordinates":[-64.8179,46.10413]}},{"type":"Feature","properties":{"name":"Arby's","routes":["CN","CL"],"provs":["NB"],"desc":"Fast food\nSource: \u00a9 OpenStreetMap contributors (ODbL) https://www.openstreetmap.org/way/121347066","sym":"Radio Beacon"},"geometry":{"type":"Point","coordinates":[-64.81784,46.1041]}},{"type":"Feature","properties":{"name":"McDonald's","routes":["C2"],"provs":["ON"],"desc":"Fast food\nSource: \u00a9 OpenStreetMap contributors (ODbL) https://www.openstreetmap.org/way/122204949","sym":"Radio Beacon"},"geometry":{"type":"Point","coordinates":[-79.39667,43.64888]}},{"type":"Feature","properties":{"name":"McDonald's","routes":["C2"],"provs":["ON"],"desc":"Fast food\nSource: \u00a9 OpenStreetMap contributors (ODbL) https://www.openstreetmap.org/way/122204949","sym":"Radio Beacon"},"geometry":{"type":"Point","coordinates":[-79.39673,43.64882]}},{"type":"Feature","properties":{"name":"Halifax Central Library","routes":["C2","CN","CA","CL"],"provs":["NS"],"desc":"Library\nFree wifi\nSource: \u00a9 OpenStreetMap contributors (ODbL) https://www.openstreetmap.org/way/122433025","sym":"Radio Beacon"},"geometry":{"type":"Point","coordinates":[-63.5755,44.64274]}},{"type":"Feature","properties":{"name":"Halifax Central Library","routes":["C2","CN","CA","CL"],"provs":["NS"],"desc":"Library\nFree wifi\nSource: \u00a9 OpenStreetMap contributors (ODbL) https://www.openstreetmap.org/way/122433025","sym":"Radio Beacon"},"geometry":{"type":"Point","coordinates":[-63.5753,44.64289]}},{"type":"Feature","properties":{"name":"White Spot","routes":["C3","CA"],"provs":["BC"],"desc":"Restaurant\nSource: \u00a9 OpenStreetMap contributors (ODbL) https://www.openstreetmap.org/way/122889597","sym":"Radio Beacon"},"geometry":{"type":"Point","coordinates":[-125.24747,50.03216]}},{"type":"Feature","properties":{"name":"White Spot","routes":["C3","CA"],"provs":["BC"],"desc":"Restaurant\nSource: \u00a9 OpenStreetMap contributors (ODbL) https://www.openstreetmap.org/way/122889597","sym":"Radio Beacon"},"geometry":{"type":"Point","coordinates":[-125.24746,50.03202]}},{"type":"Feature","properties":{"name":"FVRL: Chilliwack Library","routes":["C1","C2","CA"],"provs":["BC"],"desc":"Library\nSource: \u00a9 OpenStreetMap contributors (ODbL) https://www.openstreetmap.org/way/124135859","sym":"Radio Beacon"},"geometry":{"type":"Point","coordinates":[-121.95584,49.1674]}},{"type":"Feature","properties":{"name":"FVRL: Chilliwack Library","routes":["C1","C2","CA"],"provs":["BC"],"desc":"Library\nSource: \u00a9 OpenStreetMap contributors (ODbL) https://www.openstreetmap.org/way/124135859","sym":"Radio Beacon"},"geometry":{"type":"Point","coordinates":[-121.95577,49.16758]}},{"type":"Feature","properties":{"name":"UBC Okanagan Exchange Waiting Room","routes":["C1","CA","CL"],"provs":["BC"],"desc":"Bus station\nFree wifi\nNetwork: ubcvisitor\nSource: \u00a9 OpenStreetMap contributors (ODbL) https://www.openstreetmap.org/way/124150107","sym":"Radio Beacon"},"geometry":{"type":"Point","coordinates":[-119.39485,49.93958]}},{"type":"Feature","properties":{"name":"UBC Okanagan Exchange Waiting Room","routes":["C1","CA","CL"],"provs":["BC"],"desc":"Bus station\nFree wifi\nNetwork: ubcvisitor\nSource: \u00a9 OpenStreetMap contributors (ODbL) https://www.openstreetmap.org/way/124150107","sym":"Radio Beacon"},"geometry":{"type":"Point","coordinates":[-119.39486,49.93965]}},{"type":"Feature","properties":{"name":"Starbucks","routes":["CN","CA"],"provs":["BC"],"desc":"Caf\u00e9\nFree wifi\nSource: \u00a9 OpenStreetMap contributors (ODbL) https://www.openstreetmap.org/way/124947802","sym":"Radio Beacon"},"geometry":{"type":"Point","coordinates":[-120.33418,50.67684]}},{"type":"Feature","properties":{"name":"Starbucks","routes":["CN","CA"],"provs":["BC"],"desc":"Caf\u00e9\nFree wifi\nSource: \u00a9 OpenStreetMap contributors (ODbL) https://www.openstreetmap.org/way/124947802","sym":"Radio Beacon"},"geometry":{"type":"Point","coordinates":[-120.33415,50.67687]}},{"type":"Feature","properties":{"name":"7-Eleven","routes":["CN","CA"],"provs":["BC"],"desc":"Convenience store\nFree wifi\nSource: \u00a9 OpenStreetMap contributors (ODbL) https://www.openstreetmap.org/way/125445223","sym":"Radio Beacon"},"geometry":{"type":"Point","coordinates":[-120.36321,50.70351]}},{"type":"Feature","properties":{"name":"7-Eleven","routes":["CN","CA"],"provs":["BC"],"desc":"Convenience store\nFree wifi\nSource: \u00a9 OpenStreetMap contributors (ODbL) https://www.openstreetmap.org/way/125445223","sym":"Radio Beacon"},"geometry":{"type":"Point","coordinates":[-120.36318,50.70361]}},{"type":"Feature","properties":{"name":"Arby's","routes":["CN","CA"],"provs":["BC"],"desc":"Fast food\nSource: \u00a9 OpenStreetMap contributors (ODbL) https://www.openstreetmap.org/way/125556527","sym":"Radio Beacon"},"geometry":{"type":"Point","coordinates":[-120.28524,50.67762]}},{"type":"Feature","properties":{"name":"Arby's","routes":["CN","CA"],"provs":["BC"],"desc":"Fast food\nSource: \u00a9 OpenStreetMap contributors (ODbL) https://www.openstreetmap.org/way/125556527","sym":"Radio Beacon"},"geometry":{"type":"Point","coordinates":[-120.28522,50.67768]}},{"type":"Feature","properties":{"name":"Mount Robson Visitor Centre","routes":["C3","CA"],"provs":["BC"],"desc":"Visitor centre\nFree wifi\nSource: \u00a9 OpenStreetMap contributors (ODbL) https://www.openstreetmap.org/way/127274566","sym":"Radio Beacon"},"geometry":{"type":"Point","coordinates":[-119.22906,53.03558]}},{"type":"Feature","properties":{"name":"Mount Robson Visitor Centre","routes":["C3","CA"],"provs":["BC"],"desc":"Visitor centre\nFree wifi\nSource: \u00a9 OpenStreetMap contributors (ODbL) https://www.openstreetmap.org/way/127274566","sym":"Radio Beacon"},"geometry":{"type":"Point","coordinates":[-119.22904,53.03549]}},{"type":"Feature","properties":{"name":"West Vancouver Memorial Library","routes":["C2","CN","CA","CL","CW"],"provs":["BC"],"desc":"Library\nSource: \u00a9 OpenStreetMap contributors (ODbL) https://www.openstreetmap.org/way/127830376","sym":"Radio Beacon"},"geometry":{"type":"Point","coordinates":[-123.16575,49.32897]}},{"type":"Feature","properties":{"name":"West Vancouver Memorial Library","routes":["C2","CN","CA","CL","CW"],"provs":["BC"],"desc":"Library\nSource: \u00a9 OpenStreetMap contributors (ODbL) https://www.openstreetmap.org/way/127830376","sym":"Radio Beacon"},"geometry":{"type":"Point","coordinates":[-123.16577,49.32883]}},{"type":"Feature","properties":{"name":"Town Centre Park Community Centre","routes":["C2","CN","CL"],"provs":["BC"],"desc":"Community centre\nFree wifi\nSource: \u00a9 OpenStreetMap contributors (ODbL) https://www.openstreetmap.org/way/128925821","sym":"Radio Beacon"},"geometry":{"type":"Point","coordinates":[-122.79049,49.28574]}},{"type":"Feature","properties":{"name":"Town Centre Park Community Centre","routes":["C2","CN","CL"],"provs":["BC"],"desc":"Community centre\nFree wifi\nSource: \u00a9 OpenStreetMap contributors (ODbL) https://www.openstreetmap.org/way/128925821","sym":"Radio Beacon"},"geometry":{"type":"Point","coordinates":[-122.79056,49.28563]}},{"type":"Feature","properties":{"name":"VPL: Hastings Branch","routes":["C2","CN","CA","CL"],"provs":["BC"],"desc":"Library\nSource: \u00a9 OpenStreetMap contributors (ODbL) https://www.openstreetmap.org/way/129603143","sym":"Radio Beacon"},"geometry":{"type":"Point","coordinates":[-123.05012,49.28101]}},{"type":"Feature","properties":{"name":"VPL: Hastings Branch","routes":["C2","CN","CA","CL"],"provs":["BC"],"desc":"Library\nSource: \u00a9 OpenStreetMap contributors (ODbL) https://www.openstreetmap.org/way/129603143","sym":"Radio Beacon"},"geometry":{"type":"Point","coordinates":[-123.05014,49.28087]}},{"type":"Feature","properties":{"name":"Maison de Quartier Villeray","routes":["C1","C2","CN","CA","CL"],"provs":["QC"],"desc":"Community centre\nFree wifi\nNetwork: MTLWiFi\nSource: \u00a9 OpenStreetMap contributors (ODbL) https://www.openstreetmap.org/way/130102519","sym":"Radio Beacon"},"geometry":{"type":"Point","coordinates":[-73.62151,45.54314]}},{"type":"Feature","properties":{"name":"Maison de Quartier Villeray","routes":["C1","C2","CN","CA","CL"],"provs":["QC"],"desc":"Community centre\nFree wifi\nNetwork: MTLWiFi\nSource: \u00a9 OpenStreetMap contributors (ODbL) https://www.openstreetmap.org/way/130102519","sym":"Radio Beacon"},"geometry":{"type":"Point","coordinates":[-73.62149,45.54326]}},{"type":"Feature","properties":{"name":"Swartz Bay Ferry Terminal","routes":["C1","CA","CL","CW"],"provs":["BC"],"desc":"Ferry terminal\nFree wifi\nSource: \u00a9 OpenStreetMap contributors (ODbL) https://www.openstreetmap.org/way/131450912","sym":"Radio Beacon"},"geometry":{"type":"Point","coordinates":[-123.40977,48.68585]}},{"type":"Feature","properties":{"name":"Swartz Bay Ferry Terminal","routes":["C1","CA","CL","CW"],"provs":["BC"],"desc":"Ferry terminal\nFree wifi\nSource: \u00a9 OpenStreetMap contributors (ODbL) https://www.openstreetmap.org/way/131450912","sym":"Radio Beacon"},"geometry":{"type":"Point","coordinates":[-123.41052,48.68654]}},{"type":"Feature","properties":{"name":"Saint Vital Library","routes":["C1","C2","C3"],"provs":["MB"],"desc":"Library\nFree wifi\nSource: \u00a9 OpenStreetMap contributors (ODbL) https://www.openstreetmap.org/way/131641199","sym":"Radio Beacon"},"geometry":{"type":"Point","coordinates":[-97.11346,49.85177]}},{"type":"Feature","properties":{"name":"Saint Vital Library","routes":["C1","C2","C3"],"provs":["MB"],"desc":"Library\nFree wifi\nSource: \u00a9 OpenStreetMap contributors (ODbL) https://www.openstreetmap.org/way/131641199","sym":"Radio Beacon"},"geometry":{"type":"Point","coordinates":[-97.11348,49.85182]}},{"type":"Feature","properties":{"name":"FVRL: Hope Library","routes":["C1","C2","CN","CA"],"provs":["BC"],"desc":"Library\nSource: \u00a9 OpenStreetMap contributors (ODbL) https://www.openstreetmap.org/way/132567741","sym":"Radio Beacon"},"geometry":{"type":"Point","coordinates":[-121.43182,49.3793]}},{"type":"Feature","properties":{"name":"FVRL: Hope Library","routes":["C1","C2","CN","CA"],"provs":["BC"],"desc":"Library\nSource: \u00a9 OpenStreetMap contributors (ODbL) https://www.openstreetmap.org/way/132567741","sym":"Radio Beacon"},"geometry":{"type":"Point","coordinates":[-121.43193,49.37923]}},{"type":"Feature","properties":{"name":"Wendy's","routes":["C2","CN","CA","CL"],"provs":["BC"],"desc":"Fast food\nSource: \u00a9 OpenStreetMap contributors (ODbL) https://www.openstreetmap.org/way/135493893","sym":"Radio Beacon"},"geometry":{"type":"Point","coordinates":[-123.11439,49.2637]}},{"type":"Feature","properties":{"name":"Wendy's","routes":["C2","CN","CA","CL"],"provs":["BC"],"desc":"Fast food\nSource: \u00a9 OpenStreetMap contributors (ODbL) https://www.openstreetmap.org/way/135493893","sym":"Radio Beacon"},"geometry":{"type":"Point","coordinates":[-123.11449,49.26377]}},{"type":"Feature","properties":{"name":"Tim Hortons","routes":["C1","C2","CN","CA"],"provs":["BC"],"desc":"Caf\u00e9\nSource: \u00a9 OpenStreetMap contributors (ODbL) https://www.openstreetmap.org/way/135497646","sym":"Radio Beacon"},"geometry":{"type":"Point","coordinates":[-121.4379,49.37441]}},{"type":"Feature","properties":{"name":"Tim Hortons","routes":["C1","C2","CN","CA"],"provs":["BC"],"desc":"Caf\u00e9\nSource: \u00a9 OpenStreetMap contributors (ODbL) https://www.openstreetmap.org/way/135497646","sym":"Radio Beacon"},"geometry":{"type":"Point","coordinates":[-121.43806,49.37448]}},{"type":"Feature","properties":{"name":"Toronto Public Library - Daniel G. Hill","routes":["C2","CL"],"provs":["ON"],"desc":"Library\nFree wifi\nSource: \u00a9 OpenStreetMap contributors (ODbL) https://www.openstreetmap.org/way/138155410","sym":"Radio Beacon"},"geometry":{"type":"Point","coordinates":[-79.49132,43.66552]}},{"type":"Feature","properties":{"name":"Toronto Public Library - Daniel G. Hill","routes":["C2","CL"],"provs":["ON"],"desc":"Library\nFree wifi\nSource: \u00a9 OpenStreetMap contributors (ODbL) https://www.openstreetmap.org/way/138155410","sym":"Radio Beacon"},"geometry":{"type":"Point","coordinates":[-79.49144,43.66545]}},{"type":"Feature","properties":{"name":"Tim Hortons","routes":["C1","C3"],"provs":["ON"],"desc":"Caf\u00e9\nFree wifi\nSource: \u00a9 OpenStreetMap contributors (ODbL) https://www.openstreetmap.org/way/138735304","sym":"Radio Beacon"},"geometry":{"type":"Point","coordinates":[-75.90836,45.3373]}},{"type":"Feature","properties":{"name":"Tim Hortons","routes":["C1","C3"],"provs":["ON"],"desc":"Caf\u00e9\nFree wifi\nSource: \u00a9 OpenStreetMap contributors (ODbL) https://www.openstreetmap.org/way/138735304","sym":"Radio Beacon"},"geometry":{"type":"Point","coordinates":[-75.90847,45.33732]}},{"type":"Feature","properties":{"name":"Dakota Community Centre","routes":["C1","C2","C3"],"provs":["MB"],"desc":"Community centre\nFree wifi\nSource: \u00a9 OpenStreetMap contributors (ODbL) https://www.openstreetmap.org/way/139284842","sym":"Radio Beacon"},"geometry":{"type":"Point","coordinates":[-97.10155,49.81952]}},{"type":"Feature","properties":{"name":"Dakota Community Centre","routes":["C1","C2","C3"],"provs":["MB"],"desc":"Community centre\nFree wifi\nSource: \u00a9 OpenStreetMap contributors (ODbL) https://www.openstreetmap.org/way/139284842","sym":"Radio Beacon"},"geometry":{"type":"Point","coordinates":[-97.1015,49.81946]}},{"type":"Feature","properties":{"name":"Louis Riel Library","routes":["C1","C2","C3"],"provs":["MB"],"desc":"Library\nFree wifi\nSource: \u00a9 OpenStreetMap contributors (ODbL) https://www.openstreetmap.org/way/139284889","sym":"Radio Beacon"},"geometry":{"type":"Point","coordinates":[-97.0998,49.81987]}},{"type":"Feature","properties":{"name":"Louis Riel Library","routes":["C1","C2","C3"],"provs":["MB"],"desc":"Library\nFree wifi\nSource: \u00a9 OpenStreetMap contributors (ODbL) https://www.openstreetmap.org/way/139284889","sym":"Radio Beacon"},"geometry":{"type":"Point","coordinates":[-97.09984,49.8199]}},{"type":"Feature","properties":{"name":"Bain Schubert","routes":["C1","C2","CN","CA","CL"],"provs":["QC"],"desc":"Recreation centre\nFree wifi\nNetwork: MTLWiFi\nSource: \u00a9 OpenStreetMap contributors (ODbL) https://www.openstreetmap.org/way/143592896","sym":"Radio Beacon"},"geometry":{"type":"Point","coordinates":[-73.57888,45.51662]}},{"type":"Feature","properties":{"name":"Bain Schubert","routes":["C1","C2","CN","CA","CL"],"provs":["QC"],"desc":"Recreation centre\nFree wifi\nNetwork: MTLWiFi\nSource: \u00a9 OpenStreetMap contributors (ODbL) https://www.openstreetmap.org/way/143592896","sym":"Radio Beacon"},"geometry":{"type":"Point","coordinates":[-73.57881,45.51647]}},{"type":"Feature","properties":{"name":"VIRL: South Cowichan Branch","routes":["C3","CA","CW"],"provs":["BC"],"desc":"Library\nFree wifi\nSource: \u00a9 OpenStreetMap contributors (ODbL) https://www.openstreetmap.org/way/150727899","sym":"Radio Beacon"},"geometry":{"type":"Point","coordinates":[-123.55897,48.65124]}},{"type":"Feature","properties":{"name":"VIRL: South Cowichan Branch","routes":["C3","CA","CW"],"provs":["BC"],"desc":"Library\nFree wifi\nSource: \u00a9 OpenStreetMap contributors (ODbL) https://www.openstreetmap.org/way/150727899","sym":"Radio Beacon"},"geometry":{"type":"Point","coordinates":[-123.55901,48.65119]}},{"type":"Feature","properties":{"name":"Tim Hortons","routes":["CN","CL"],"provs":["ON"],"desc":"Caf\u00e9\nFree wifi\nSource: \u00a9 OpenStreetMap contributors (ODbL) https://www.openstreetmap.org/way/151292600","sym":"Radio Beacon"},"geometry":{"type":"Point","coordinates":[-79.55273,43.84526]}},{"type":"Feature","properties":{"name":"Tim Hortons","routes":["CN","CL"],"provs":["ON"],"desc":"Caf\u00e9\nFree wifi\nSource: \u00a9 OpenStreetMap contributors (ODbL) https://www.openstreetmap.org/way/151292600","sym":"Radio Beacon"},"geometry":{"type":"Point","coordinates":[-79.55264,43.84536]}},{"type":"Feature","properties":{"name":"McDonald's","routes":["C1","C3"],"provs":["ON"],"desc":"Fast food\nFree wifi\nSource: \u00a9 OpenStreetMap contributors (ODbL) https://www.openstreetmap.org/way/151670109","sym":"Radio Beacon"},"geometry":{"type":"Point","coordinates":[-75.93057,45.26842]}},{"type":"Feature","properties":{"name":"McDonald's","routes":["C1","C3"],"provs":["ON"],"desc":"Fast food\nFree wifi\nSource: \u00a9 OpenStreetMap contributors (ODbL) https://www.openstreetmap.org/way/151670109","sym":"Radio Beacon"},"geometry":{"type":"Point","coordinates":[-75.93066,45.26845]}},{"type":"Feature","properties":{"name":"Ottawa Public Library - Rideau Branch","routes":["C1","C3","CN","CA"],"provs":["ON","QC"],"desc":"Library\nSource: \u00a9 OpenStreetMap contributors (ODbL) https://www.openstreetmap.org/way/152493248","sym":"Radio Beacon"},"geometry":{"type":"Point","coordinates":[-75.68309,45.4301]}},{"type":"Feature","properties":{"name":"Ottawa Public Library - Rideau Branch","routes":["C1","C3","CN","CA"],"provs":["ON","QC"],"desc":"Library\nSource: \u00a9 OpenStreetMap contributors (ODbL) https://www.openstreetmap.org/way/152493248","sym":"Radio Beacon"},"geometry":{"type":"Point","coordinates":[-75.68321,45.43011]}},{"type":"Feature","properties":{"name":"Tim Hortons","routes":["C1","C3","CN","CA"],"provs":["ON","QC"],"desc":"Caf\u00e9\nSource: \u00a9 OpenStreetMap contributors (ODbL) https://www.openstreetmap.org/way/153383765","sym":"Radio Beacon"},"geometry":{"type":"Point","coordinates":[-75.66681,45.43436]}},{"type":"Feature","properties":{"name":"Tim Hortons","routes":["C1","C3","CN","CA"],"provs":["ON","QC"],"desc":"Caf\u00e9\nSource: \u00a9 OpenStreetMap contributors (ODbL) https://www.openstreetmap.org/way/153383765","sym":"Radio Beacon"},"geometry":{"type":"Point","coordinates":[-75.66672,45.43445]}},{"type":"Feature","properties":{"name":"Wendy's","routes":["C2","CN","CA","CL","CW"],"provs":["BC"],"desc":"Fast food\nSource: \u00a9 OpenStreetMap contributors (ODbL) https://www.openstreetmap.org/way/153929631","sym":"Radio Beacon"},"geometry":{"type":"Point","coordinates":[-123.10623,49.21191]}},{"type":"Feature","properties":{"name":"Wendy's","routes":["C2","CN","CA","CL","CW"],"provs":["BC"],"desc":"Fast food\nSource: \u00a9 OpenStreetMap contributors (ODbL) https://www.openstreetmap.org/way/153929631","sym":"Radio Beacon"},"geometry":{"type":"Point","coordinates":[-123.10616,49.21187]}},{"type":"Feature","properties":{"name":"McDonald's","routes":["C2","CN","CA","CL"],"provs":["BC"],"desc":"Fast food\nSource: \u00a9 OpenStreetMap contributors (ODbL) https://www.openstreetmap.org/way/154377800","sym":"Radio Beacon"},"geometry":{"type":"Point","coordinates":[-123.04355,49.25877]}},{"type":"Feature","properties":{"name":"McDonald's","routes":["C2","CN","CA","CL"],"provs":["BC"],"desc":"Fast food\nSource: \u00a9 OpenStreetMap contributors (ODbL) https://www.openstreetmap.org/way/154377800","sym":"Radio Beacon"},"geometry":{"type":"Point","coordinates":[-123.04358,49.25869]}},{"type":"Feature","properties":{"name":"Ottawa Public Library - Rosemount Branch","routes":["C1","C3","CN","CA"],"provs":["ON"],"desc":"Library\nFree wifi\nSource: \u00a9 OpenStreetMap contributors (ODbL) https://www.openstreetmap.org/way/154809442","sym":"Radio Beacon"},"geometry":{"type":"Point","coordinates":[-75.7264,45.40162]}},{"type":"Feature","properties":{"name":"Ottawa Public Library - Rosemount Branch","routes":["C1","C3","CN","CA"],"provs":["ON"],"desc":"Library\nFree wifi\nSource: \u00a9 OpenStreetMap contributors (ODbL) https://www.openstreetmap.org/way/154809442","sym":"Radio Beacon"},"geometry":{"type":"Point","coordinates":[-75.72633,45.40165]}},{"type":"Feature","properties":{"name":"Pho Viet Taste Restaurant","routes":["C1","C3","CN","CA"],"provs":["ON"],"desc":"Restaurant\nSource: \u00a9 OpenStreetMap contributors (ODbL) https://www.openstreetmap.org/way/155286803","sym":"Radio Beacon"},"geometry":{"type":"Point","coordinates":[-75.74004,45.39813]}},{"type":"Feature","properties":{"name":"Pho Viet Taste Restaurant","routes":["C1","C3","CN","CA"],"provs":["ON"],"desc":"Restaurant\nSource: \u00a9 OpenStreetMap contributors (ODbL) https://www.openstreetmap.org/way/155286803","sym":"Radio Beacon"},"geometry":{"type":"Point","coordinates":[-75.74004,45.39819]}},{"type":"Feature","properties":{"name":"The Wellington Diner","routes":["C1","C3","CN","CA"],"provs":["ON"],"desc":"Restaurant\nSource: \u00a9 OpenStreetMap contributors (ODbL) https://www.openstreetmap.org/way/155286938","sym":"Radio Beacon"},"geometry":{"type":"Point","coordinates":[-75.73983,45.39823]}},{"type":"Feature","properties":{"name":"The Wellington Diner","routes":["C1","C3","CN","CA"],"provs":["ON"],"desc":"Restaurant\nSource: \u00a9 OpenStreetMap contributors (ODbL) https://www.openstreetmap.org/way/155286938","sym":"Radio Beacon"},"geometry":{"type":"Point","coordinates":[-75.73987,45.39827]}},{"type":"Feature","properties":{"name":"Regina Public Library Central Branch","routes":["C1"],"provs":["SK"],"desc":"Library\nSource: \u00a9 OpenStreetMap contributors (ODbL) https://www.openstreetmap.org/way/155338715","sym":"Radio Beacon"},"geometry":{"type":"Point","coordinates":[-104.61435,50.44867]}},{"type":"Feature","properties":{"name":"Regina Public Library Central Branch","routes":["C1"],"provs":["SK"],"desc":"Library\nSource: \u00a9 OpenStreetMap contributors (ODbL) https://www.openstreetmap.org/way/155338715","sym":"Radio Beacon"},"geometry":{"type":"Point","coordinates":[-104.61434,50.44848]}},{"type":"Feature","properties":{"name":"Starbucks","routes":["C1","CA"],"provs":["BC"],"desc":"Caf\u00e9\nSource: \u00a9 OpenStreetMap contributors (ODbL) https://www.openstreetmap.org/way/157487868","sym":"Radio Beacon"},"geometry":{"type":"Point","coordinates":[-119.42901,49.88392]}},{"type":"Feature","properties":{"name":"Starbucks","routes":["C1","CA"],"provs":["BC"],"desc":"Caf\u00e9\nSource: \u00a9 OpenStreetMap contributors (ODbL) https://www.openstreetmap.org/way/157487868","sym":"Radio Beacon"},"geometry":{"type":"Point","coordinates":[-119.42891,49.88392]}},{"type":"Feature","properties":{"name":"McDonald's","routes":["C2","C3","CL"],"provs":["ON"],"desc":"Fast food\nSource: \u00a9 OpenStreetMap contributors (ODbL) https://www.openstreetmap.org/way/158304795","sym":"Radio Beacon"},"geometry":{"type":"Point","coordinates":[-76.56809,44.23898]}},{"type":"Feature","properties":{"name":"McDonald's","routes":["C2","C3","CL"],"provs":["ON"],"desc":"Fast food\nSource: \u00a9 OpenStreetMap contributors (ODbL) https://www.openstreetmap.org/way/158304795","sym":"Radio Beacon"},"geometry":{"type":"Point","coordinates":[-76.56832,44.23899]}},{"type":"Feature","properties":{"name":"ORL: Peachland Branch","routes":["C1"],"provs":["BC"],"desc":"Library\nSource: \u00a9 OpenStreetMap contributors (ODbL) https://www.openstreetmap.org/way/158634792","sym":"Radio Beacon"},"geometry":{"type":"Point","coordinates":[-119.71612,49.78459]}},{"type":"Feature","properties":{"name":"ORL: Peachland Branch","routes":["C1"],"provs":["BC"],"desc":"Library\nSource: \u00a9 OpenStreetMap contributors (ODbL) https://www.openstreetmap.org/way/158634792","sym":"Radio Beacon"},"geometry":{"type":"Point","coordinates":[-119.716,49.78464]}},{"type":"Feature","properties":{"name":"Centre Jean-Claude Mal\u00e9part","routes":["C1","C2","CN","CA","CL"],"provs":["QC"],"desc":"Recreation centre\nFree wifi\nNetwork: MTLWiFi\nSource: \u00a9 OpenStreetMap contributors (ODbL) https://www.openstreetmap.org/way/159608104","sym":"Radio Beacon"},"geometry":{"type":"Point","coordinates":[-73.55264,45.53411]}},{"type":"Feature","properties":{"name":"Centre Jean-Claude Mal\u00e9part","routes":["C1","C2","CN","CA","CL"],"provs":["QC"],"desc":"Recreation centre\nFree wifi\nNetwork: MTLWiFi\nSource: \u00a9 OpenStreetMap contributors (ODbL) https://www.openstreetmap.org/way/159608104","sym":"Radio Beacon"},"geometry":{"type":"Point","coordinates":[-73.55278,45.53415]}},{"type":"Feature","properties":{"name":"McDonald's","routes":["C2","C3","CL"],"provs":["ON"],"desc":"Fast food\nSource: \u00a9 OpenStreetMap contributors (ODbL) https://www.openstreetmap.org/way/160034207","sym":"Radio Beacon"},"geometry":{"type":"Point","coordinates":[-76.45464,44.23961]}},{"type":"Feature","properties":{"name":"McDonald's","routes":["C2","C3","CL"],"provs":["ON"],"desc":"Fast food\nSource: \u00a9 OpenStreetMap contributors (ODbL) https://www.openstreetmap.org/way/160034207","sym":"Radio Beacon"},"geometry":{"type":"Point","coordinates":[-76.45455,44.23957]}},{"type":"Feature","properties":{"name":"Tim Hortons","routes":["C2","C3","CL"],"provs":["ON"],"desc":"Caf\u00e9\nSource: \u00a9 OpenStreetMap contributors (ODbL) https://www.openstreetmap.org/way/160050079","sym":"Radio Beacon"},"geometry":{"type":"Point","coordinates":[-76.48344,44.25752]}},{"type":"Feature","properties":{"name":"Tim Hortons","routes":["C2","C3","CL"],"provs":["ON"],"desc":"Caf\u00e9\nSource: \u00a9 OpenStreetMap contributors (ODbL) https://www.openstreetmap.org/way/160050079","sym":"Radio Beacon"},"geometry":{"type":"Point","coordinates":[-76.48333,44.2576]}},{"type":"Feature","properties":{"name":"Dempsey Community Centre","routes":["C1","C3","CN","CA"],"provs":["ON"],"desc":"Community centre\nFree wifi\nSource: \u00a9 OpenStreetMap contributors (ODbL) https://www.openstreetmap.org/way/160781052","sym":"Radio Beacon"},"geometry":{"type":"Point","coordinates":[-75.62746,45.40244]}},{"type":"Feature","properties":{"name":"Dempsey Community Centre","routes":["C1","C3","CN","CA"],"provs":["ON"],"desc":"Community centre\nFree wifi\nSource: \u00a9 OpenStreetMap contributors (ODbL) https://www.openstreetmap.org/way/160781052","sym":"Radio Beacon"},"geometry":{"type":"Point","coordinates":[-75.62767,45.40259]}},{"type":"Feature","properties":{"name":"Tim Hortons","routes":["C1"],"provs":["ON","QC"],"desc":"Caf\u00e9\nSource: \u00a9 OpenStreetMap contributors (ODbL) https://www.openstreetmap.org/way/161373680","sym":"Radio Beacon"},"geometry":{"type":"Point","coordinates":[-77.27832,45.91322]}},{"type":"Feature","properties":{"name":"Tim Hortons","routes":["C1"],"provs":["ON","QC"],"desc":"Caf\u00e9\nSource: \u00a9 OpenStreetMap contributors (ODbL) https://www.openstreetmap.org/way/161373680","sym":"Radio Beacon"},"geometry":{"type":"Point","coordinates":[-77.2784,45.91333]}},{"type":"Feature","properties":{"name":"Carrefour Beausoleil","routes":["C1","C3"],"provs":["NB"],"desc":"Community centre\nSource: \u00a9 OpenStreetMap contributors (ODbL) https://www.openstreetmap.org/way/161498283","sym":"Radio Beacon"},"geometry":{"type":"Point","coordinates":[-65.58716,47.00876]}},{"type":"Feature","properties":{"name":"Carrefour Beausoleil","routes":["C1","C3"],"provs":["NB"],"desc":"Community centre\nSource: \u00a9 OpenStreetMap contributors (ODbL) https://www.openstreetmap.org/way/161498283","sym":"Radio Beacon"},"geometry":{"type":"Point","coordinates":[-65.58691,47.00877]}},{"type":"Feature","properties":{"name":"Toronto Public Library - Parkdale","routes":["C2"],"provs":["ON"],"desc":"Library\nFree wifi\nSource: \u00a9 OpenStreetMap contributors (ODbL) https://www.openstreetmap.org/way/161508111","sym":"Radio Beacon"},"geometry":{"type":"Point","coordinates":[-79.43272,43.64124]}},{"type":"Feature","properties":{"name":"Toronto Public Library - Parkdale","routes":["C2"],"provs":["ON"],"desc":"Library\nFree wifi\nSource: \u00a9 OpenStreetMap contributors (ODbL) https://www.openstreetmap.org/way/161508111","sym":"Radio Beacon"},"geometry":{"type":"Point","coordinates":[-79.43263,43.64116]}},{"type":"Feature","properties":{"name":"Oromocto Public Library","routes":["C2","CN"],"provs":["NB"],"desc":"Library\nFree wifi\nSource: \u00a9 OpenStreetMap contributors (ODbL) https://www.openstreetmap.org/way/161720308","sym":"Radio Beacon"},"geometry":{"type":"Point","coordinates":[-66.48064,45.84326]}},{"type":"Feature","properties":{"name":"Oromocto Public Library","routes":["C2","CN"],"provs":["NB"],"desc":"Library\nFree wifi\nSource: \u00a9 OpenStreetMap contributors (ODbL) https://www.openstreetmap.org/way/161720308","sym":"Radio Beacon"},"geometry":{"type":"Point","coordinates":[-66.48057,45.84337]}},{"type":"Feature","properties":{"name":"McDonald's","routes":["C2","CN"],"provs":["NB"],"desc":"Fast food\nSource: \u00a9 OpenStreetMap contributors (ODbL) https://www.openstreetmap.org/way/161721677","sym":"Radio Beacon"},"geometry":{"type":"Point","coordinates":[-66.47129,45.85183]}},{"type":"Feature","properties":{"name":"McDonald's","routes":["C2","CN"],"provs":["NB"],"desc":"Fast food\nSource: \u00a9 OpenStreetMap contributors (ODbL) https://www.openstreetmap.org/way/161721677","sym":"Radio Beacon"},"geometry":{"type":"Point","coordinates":[-66.47118,45.85178]}},{"type":"Feature","properties":{"name":"Walmart Supercentre","routes":["C1","C3","CN","CA"],"provs":["QC"],"desc":"Supermarket\nSource: \u00a9 OpenStreetMap contributors (ODbL) https://www.openstreetmap.org/way/162163940","sym":"Radio Beacon"},"geometry":{"type":"Point","coordinates":[-75.67539,45.48123]}},{"type":"Feature","properties":{"name":"Walmart Supercentre","routes":["C1","C3","CN","CA"],"provs":["QC"],"desc":"Supermarket\nSource: \u00a9 OpenStreetMap contributors (ODbL) https://www.openstreetmap.org/way/162163940","sym":"Radio Beacon"},"geometry":{"type":"Point","coordinates":[-75.6753,45.48076]}},{"type":"Feature","properties":{"name":"McDonald's","routes":["C1","C3","CA"],"provs":["NL"],"desc":"Fast food\nSource: \u00a9 OpenStreetMap contributors (ODbL) https://www.openstreetmap.org/way/162742916","sym":"Radio Beacon"},"geometry":{"type":"Point","coordinates":[-52.71991,47.61456]}},{"type":"Feature","properties":{"name":"McDonald's","routes":["C1","C3","CA"],"provs":["NL"],"desc":"Fast food\nSource: \u00a9 OpenStreetMap contributors (ODbL) https://www.openstreetmap.org/way/162742916","sym":"Radio Beacon"},"geometry":{"type":"Point","coordinates":[-52.71985,47.61461]}},{"type":"Feature","properties":{"name":"Houston avenue bar & grill","routes":["C1","C3","CN","CA"],"provs":["ON","QC"],"desc":"Restaurant\nSource: \u00a9 OpenStreetMap contributors (ODbL) https://www.openstreetmap.org/way/162855996","sym":"Radio Beacon"},"geometry":{"type":"Point","coordinates":[-75.72841,45.43997]}},{"type":"Feature","properties":{"name":"Houston avenue bar & grill","routes":["C1","C3","CN","CA"],"provs":["ON","QC"],"desc":"Restaurant\nSource: \u00a9 OpenStreetMap contributors (ODbL) https://www.openstreetmap.org/way/162855996","sym":"Radio Beacon"},"geometry":{"type":"Point","coordinates":[-75.72849,45.44011]}},{"type":"Feature","properties":{"name":"Tim Hortons","routes":["C2","CW"],"provs":["NB"],"desc":"Caf\u00e9\nSource: \u00a9 OpenStreetMap contributors (ODbL) https://www.openstreetmap.org/way/163527961","sym":"Radio Beacon"},"geometry":{"type":"Point","coordinates":[-66.0763,45.26027]}},{"type":"Feature","properties":{"name":"Tim Hortons","routes":["C2","CW"],"provs":["NB"],"desc":"Caf\u00e9\nSource: \u00a9 OpenStreetMap contributors (ODbL) https://www.openstreetmap.org/way/163527961","sym":"Radio Beacon"},"geometry":{"type":"Point","coordinates":[-66.07625,45.2604]}},{"type":"Feature","properties":{"name":"Mountain Equipment Company","routes":["C2","CN","CA","CL"],"provs":["BC"],"desc":"Outdoor store\nSource: \u00a9 OpenStreetMap contributors (ODbL) https://www.openstreetmap.org/way/163658877","sym":"Radio Beacon"},"geometry":{"type":"Point","coordinates":[-123.10153,49.26934]}},{"type":"Feature","properties":{"name":"Mountain Equipment Company","routes":["C2","CN","CA","CL"],"provs":["BC"],"desc":"Outdoor store\nSource: \u00a9 OpenStreetMap contributors (ODbL) https://www.openstreetmap.org/way/163658877","sym":"Radio Beacon"},"geometry":{"type":"Point","coordinates":[-123.10197,49.2695]}},{"type":"Feature","properties":{"name":"Petit-Rocher Public Library","routes":["C1","C3"],"provs":["NB"],"desc":"Library\nSource: \u00a9 OpenStreetMap contributors (ODbL) https://www.openstreetmap.org/way/165084894","sym":"Radio Beacon"},"geometry":{"type":"Point","coordinates":[-65.71642,47.77383]}},{"type":"Feature","properties":{"name":"Petit-Rocher Public Library","routes":["C1","C3"],"provs":["NB"],"desc":"Library\nSource: \u00a9 OpenStreetMap contributors (ODbL) https://www.openstreetmap.org/way/165084894","sym":"Radio Beacon"},"geometry":{"type":"Point","coordinates":[-65.7167,47.77392]}},{"type":"Feature","properties":{"name":"Arena Saint-Louis","routes":["C1","C2","CN","CA","CL"],"provs":["QC"],"desc":"Recreation centre\nFree wifi\nNetwork: MTLWiFi\nSource: \u00a9 OpenStreetMap contributors (ODbL) https://www.openstreetmap.org/way/165120279","sym":"Radio Beacon"},"geometry":{"type":"Point","coordinates":[-73.59916,45.52712]}},{"type":"Feature","properties":{"name":"Arena Saint-Louis","routes":["C1","C2","CN","CA","CL"],"provs":["QC"],"desc":"Recreation centre\nFree wifi\nNetwork: MTLWiFi\nSource: \u00a9 OpenStreetMap contributors (ODbL) https://www.openstreetmap.org/way/165120279","sym":"Radio Beacon"},"geometry":{"type":"Point","coordinates":[-73.59946,45.52761]}},{"type":"Feature","properties":{"name":"ORL: Vernon Branch","routes":["C1","CA"],"provs":["BC"],"desc":"Library\nSource: \u00a9 OpenStreetMap contributors (ODbL) https://www.openstreetmap.org/way/165792148","sym":"Radio Beacon"},"geometry":{"type":"Point","coordinates":[-119.26814,50.26364]}},{"type":"Feature","properties":{"name":"ORL: Vernon Branch","routes":["C1","CA"],"provs":["BC"],"desc":"Library\nSource: \u00a9 OpenStreetMap contributors (ODbL) https://www.openstreetmap.org/way/165792148","sym":"Radio Beacon"},"geometry":{"type":"Point","coordinates":[-119.26818,50.26339]}},{"type":"Feature","properties":{"name":"Harvey's","routes":["C1","C3","CN","CA"],"provs":["QC"],"desc":"Fast food\nSource: \u00a9 OpenStreetMap contributors (ODbL) https://www.openstreetmap.org/way/166369164","sym":"Radio Beacon"},"geometry":{"type":"Point","coordinates":[-75.70164,45.47218]}},{"type":"Feature","properties":{"name":"Harvey's","routes":["C1","C3","CN","CA"],"provs":["QC"],"desc":"Fast food\nSource: \u00a9 OpenStreetMap contributors (ODbL) https://www.openstreetmap.org/way/166369164","sym":"Radio Beacon"},"geometry":{"type":"Point","coordinates":[-75.70167,45.47213]}},{"type":"Feature","properties":{"name":"7-Eleven","routes":["C1","CN","CA"],"provs":["BC"],"desc":"Convenience store\nFree wifi\nSource: \u00a9 OpenStreetMap contributors (ODbL) https://www.openstreetmap.org/way/166907839","sym":"Radio Beacon"},"geometry":{"type":"Point","coordinates":[-116.96522,51.2998]}},{"type":"Feature","properties":{"name":"7-Eleven","routes":["C1","CN","CA"],"provs":["BC"],"desc":"Convenience store\nFree wifi\nSource: \u00a9 OpenStreetMap contributors (ODbL) https://www.openstreetmap.org/way/166907839","sym":"Radio Beacon"},"geometry":{"type":"Point","coordinates":[-116.96528,51.2999]}},{"type":"Feature","properties":{"name":"Starbucks","routes":["C3"],"provs":["ON"],"desc":"Caf\u00e9\nFree wifi\nSource: \u00a9 OpenStreetMap contributors (ODbL) https://www.openstreetmap.org/way/167908116","sym":"Radio Beacon"},"geometry":{"type":"Point","coordinates":[-76.11946,45.13198]}},{"type":"Feature","properties":{"name":"Starbucks","routes":["C3"],"provs":["ON"],"desc":"Caf\u00e9\nFree wifi\nSource: \u00a9 OpenStreetMap contributors (ODbL) https://www.openstreetmap.org/way/167908116","sym":"Radio Beacon"},"geometry":{"type":"Point","coordinates":[-76.1194,45.13207]}},{"type":"Feature","properties":{"name":"Second Cup","routes":["C1","C3","CA"],"provs":["NL"],"desc":"Caf\u00e9\nSource: \u00a9 OpenStreetMap contributors (ODbL) https://www.openstreetmap.org/way/168591419","sym":"Radio Beacon"},"geometry":{"type":"Point","coordinates":[-52.72126,47.6151]}},{"type":"Feature","properties":{"name":"Second Cup","routes":["C1","C3","CA"],"provs":["NL"],"desc":"Caf\u00e9\nSource: \u00a9 OpenStreetMap contributors (ODbL) https://www.openstreetmap.org/way/168591419","sym":"Radio Beacon"},"geometry":{"type":"Point","coordinates":[-52.72122,47.61507]}},{"type":"Feature","properties":{"name":"McDonald's","routes":["C2","CW"],"provs":["NB"],"desc":"Fast food\nSource: \u00a9 OpenStreetMap contributors (ODbL) https://www.openstreetmap.org/way/168946996","sym":"Radio Beacon"},"geometry":{"type":"Point","coordinates":[-66.09322,45.2528]}},{"type":"Feature","properties":{"name":"McDonald's","routes":["C2","CW"],"provs":["NB"],"desc":"Fast food\nSource: \u00a9 OpenStreetMap contributors (ODbL) https://www.openstreetmap.org/way/168946996","sym":"Radio Beacon"},"geometry":{"type":"Point","coordinates":[-66.09331,45.25294]}},{"type":"Feature","properties":{"name":"Tim Hortons","routes":["C1","C3","CA"],"provs":["NL"],"desc":"Caf\u00e9\nFree wifi\nSource: \u00a9 OpenStreetMap contributors (ODbL) https://www.openstreetmap.org/way/168997344","sym":"Radio Beacon"},"geometry":{"type":"Point","coordinates":[-52.72628,47.59451]}},{"type":"Feature","properties":{"name":"Tim Hortons","routes":["C1","C3","CA"],"provs":["NL"],"desc":"Caf\u00e9\nFree wifi\nSource: \u00a9 OpenStreetMap contributors (ODbL) https://www.openstreetmap.org/way/168997344","sym":"Radio Beacon"},"geometry":{"type":"Point","coordinates":[-52.72628,47.59462]}},{"type":"Feature","properties":{"name":"Montana's","routes":["C2","C3","CN","CA","CW"],"provs":["BC"],"desc":"Restaurant\nSource: \u00a9 OpenStreetMap contributors (ODbL) https://www.openstreetmap.org/way/170407933","sym":"Radio Beacon"},"geometry":{"type":"Point","coordinates":[-124.02882,49.21641]}},{"type":"Feature","properties":{"name":"Montana's","routes":["C2","C3","CN","CA","CW"],"provs":["BC"],"desc":"Restaurant\nSource: \u00a9 OpenStreetMap contributors (ODbL) https://www.openstreetmap.org/way/170407933","sym":"Radio Beacon"},"geometry":{"type":"Point","coordinates":[-124.02875,49.21628]}},{"type":"Feature","properties":{"name":"McDonald's","routes":["C2","C3","CN","CA","CW"],"provs":["BC"],"desc":"Fast food\nWifi for customers\nSource: \u00a9 OpenStreetMap contributors (ODbL) https://www.openstreetmap.org/way/170407937","sym":"Radio Beacon"},"geometry":{"type":"Point","coordinates":[-124.02714,49.2152]}},{"type":"Feature","properties":{"name":"McDonald's","routes":["C2","C3","CN","CA","CW"],"provs":["BC"],"desc":"Fast food\nWifi for customers\nSource: \u00a9 OpenStreetMap contributors (ODbL) https://www.openstreetmap.org/way/170407937","sym":"Radio Beacon"},"geometry":{"type":"Point","coordinates":[-124.0271,49.21532]}},{"type":"Feature","properties":{"name":"Calgary Public Library - Memorial Park","routes":["C1","C3"],"provs":["AB"],"desc":"Library\nSource: \u00a9 OpenStreetMap contributors (ODbL) https://www.openstreetmap.org/way/170774009","sym":"Radio Beacon"},"geometry":{"type":"Point","coordinates":[-114.06911,51.04122]}},{"type":"Feature","properties":{"name":"Calgary Public Library - Memorial Park","routes":["C1","C3"],"provs":["AB"],"desc":"Library\nSource: \u00a9 OpenStreetMap contributors (ODbL) https://www.openstreetmap.org/way/170774009","sym":"Radio Beacon"},"geometry":{"type":"Point","coordinates":[-114.06911,51.04112]}},{"type":"Feature","properties":{"name":"Biblioth\u00e8que Robert-Bourassa","routes":["C1","C2","CN","CA","CL"],"provs":["QC"],"desc":"Library\nFree wifi\nNetwork: MTLWiFi\nSource: \u00a9 OpenStreetMap contributors (ODbL) https://www.openstreetmap.org/way/171582344","sym":"Radio Beacon"},"geometry":{"type":"Point","coordinates":[-73.6084,45.51778]}},{"type":"Feature","properties":{"name":"Biblioth\u00e8que Robert-Bourassa","routes":["C1","C2","CN","CA","CL"],"provs":["QC"],"desc":"Library\nFree wifi\nNetwork: MTLWiFi\nSource: \u00a9 OpenStreetMap contributors (ODbL) https://www.openstreetmap.org/way/171582344","sym":"Radio Beacon"},"geometry":{"type":"Point","coordinates":[-73.60847,45.51785]}},{"type":"Feature","properties":{"name":"Tim Hortons","routes":["CN"],"provs":["ON"],"desc":"Caf\u00e9\nSource: \u00a9 OpenStreetMap contributors (ODbL) https://www.openstreetmap.org/way/172426186","sym":"Radio Beacon"},"geometry":{"type":"Point","coordinates":[-79.55298,43.86034]}},{"type":"Feature","properties":{"name":"Tim Hortons","routes":["CN"],"provs":["ON"],"desc":"Caf\u00e9\nSource: \u00a9 OpenStreetMap contributors (ODbL) https://www.openstreetmap.org/way/172426186","sym":"Radio Beacon"},"geometry":{"type":"Point","coordinates":[-79.55297,43.86026]}},{"type":"Feature","properties":{"name":"Tim Hortons","routes":["C3","CN","CL"],"provs":["NB"],"desc":"Caf\u00e9\nSource: \u00a9 OpenStreetMap contributors (ODbL) https://www.openstreetmap.org/way/173976266","sym":"Radio Beacon"},"geometry":{"type":"Point","coordinates":[-64.7086,46.10746]}},{"type":"Feature","properties":{"name":"Tim Hortons","routes":["C3","CN","CL"],"provs":["NB"],"desc":"Caf\u00e9\nSource: \u00a9 OpenStreetMap contributors (ODbL) https://www.openstreetmap.org/way/173976266","sym":"Radio Beacon"},"geometry":{"type":"Point","coordinates":[-64.70853,46.10753]}},{"type":"Feature","properties":{"name":"Tim Hortons","routes":["C2"],"provs":["ON"],"desc":"Caf\u00e9\nFree wifi\nSource: \u00a9 OpenStreetMap contributors (ODbL) https://www.openstreetmap.org/way/174189760","sym":"Radio Beacon"},"geometry":{"type":"Point","coordinates":[-79.48955,43.62815]}},{"type":"Feature","properties":{"name":"Tim Hortons","routes":["C2"],"provs":["ON"],"desc":"Caf\u00e9\nFree wifi\nSource: \u00a9 OpenStreetMap contributors (ODbL) https://www.openstreetmap.org/way/174189760","sym":"Radio Beacon"},"geometry":{"type":"Point","coordinates":[-79.48962,43.62826]}},{"type":"Feature","properties":{"name":"McDonald's","routes":["C2","CN","CL"],"provs":["BC"],"desc":"Fast food\nFree wifi\nSource: \u00a9 OpenStreetMap contributors (ODbL) https://www.openstreetmap.org/way/174792130","sym":"Radio Beacon"},"geometry":{"type":"Point","coordinates":[-122.89166,49.26086]}},{"type":"Feature","properties":{"name":"McDonald's","routes":["C2","CN","CL"],"provs":["BC"],"desc":"Fast food\nFree wifi\nSource: \u00a9 OpenStreetMap contributors (ODbL) https://www.openstreetmap.org/way/174792130","sym":"Radio Beacon"},"geometry":{"type":"Point","coordinates":[-122.89173,49.26083]}},{"type":"Feature","properties":{"name":"Tim Hortons","routes":["CN"],"provs":["NS"],"desc":"Caf\u00e9\nFree wifi\nSource: \u00a9 OpenStreetMap contributors (ODbL) https://www.openstreetmap.org/way/175673954","sym":"Radio Beacon"},"geometry":{"type":"Point","coordinates":[-63.50655,44.97621]}},{"type":"Feature","properties":{"name":"Tim Hortons","routes":["CN"],"provs":["NS"],"desc":"Caf\u00e9\nFree wifi\nSource: \u00a9 OpenStreetMap contributors (ODbL) https://www.openstreetmap.org/way/175673954","sym":"Radio Beacon"},"geometry":{"type":"Point","coordinates":[-63.50648,44.97629]}},{"type":"Feature","properties":{"name":"Sobeys Elmsdale","routes":["CN"],"provs":["NS"],"desc":"Supermarket\nFree wifi\nSource: \u00a9 OpenStreetMap contributors (ODbL) https://www.openstreetmap.org/way/175673957","sym":"Radio Beacon"},"geometry":{"type":"Point","coordinates":[-63.50578,44.97673]}},{"type":"Feature","properties":{"name":"Sobeys Elmsdale","routes":["CN"],"provs":["NS"],"desc":"Supermarket\nFree wifi\nSource: \u00a9 OpenStreetMap contributors (ODbL) https://www.openstreetmap.org/way/175673957","sym":"Radio Beacon"},"geometry":{"type":"Point","coordinates":[-63.50551,44.97659]}},{"type":"Feature","properties":{"name":"Walmart Supercentre","routes":["C2","CN","CA","CL"],"provs":["ON"],"desc":"Supermarket\nFree wifi\nNetwork: Walmartwifi\nSource: \u00a9 OpenStreetMap contributors (ODbL) https://www.openstreetmap.org/way/177052132","sym":"Radio Beacon"},"geometry":{"type":"Point","coordinates":[-79.55359,43.71417]}},{"type":"Feature","properties":{"name":"Walmart Supercentre","routes":["C2","CN","CA","CL"],"provs":["ON"],"desc":"Supermarket\nFree wifi\nNetwork: Walmartwifi\nSource: \u00a9 OpenStreetMap contributors (ODbL) https://www.openstreetmap.org/way/177052132","sym":"Radio Beacon"},"geometry":{"type":"Point","coordinates":[-79.55334,43.71379]}},{"type":"Feature","properties":{"name":"Tim Hortons","routes":["C1","C3","CN","CL"],"provs":["NS"],"desc":"Caf\u00e9\nFree wifi\nSource: \u00a9 OpenStreetMap contributors (ODbL) https://www.openstreetmap.org/way/178156893","sym":"Radio Beacon"},"geometry":{"type":"Point","coordinates":[-62.6549,45.58354]}},{"type":"Feature","properties":{"name":"Tim Hortons","routes":["C1","C3","CN","CL"],"provs":["NS"],"desc":"Caf\u00e9\nFree wifi\nSource: \u00a9 OpenStreetMap contributors (ODbL) https://www.openstreetmap.org/way/178156893","sym":"Radio Beacon"},"geometry":{"type":"Point","coordinates":[-62.65486,45.58343]}},{"type":"Feature","properties":{"name":"Tim Hortons","routes":["C1","C3","CN","CL"],"provs":["NS"],"desc":"Caf\u00e9\nFree wifi\nSource: \u00a9 OpenStreetMap contributors (ODbL) https://www.openstreetmap.org/way/178156955","sym":"Radio Beacon"},"geometry":{"type":"Point","coordinates":[-62.64256,45.57554]}},{"type":"Feature","properties":{"name":"Tim Hortons","routes":["C1","C3","CN","CL"],"provs":["NS"],"desc":"Caf\u00e9\nFree wifi\nSource: \u00a9 OpenStreetMap contributors (ODbL) https://www.openstreetmap.org/way/178156955","sym":"Radio Beacon"},"geometry":{"type":"Point","coordinates":[-62.64252,45.57566]}},{"type":"Feature","properties":{"name":"McDonald's","routes":["C1","C3","CN","CL"],"provs":["NS"],"desc":"Fast food\nSource: \u00a9 OpenStreetMap contributors (ODbL) https://www.openstreetmap.org/way/178156978","sym":"Radio Beacon"},"geometry":{"type":"Point","coordinates":[-62.6418,45.57499]}},{"type":"Feature","properties":{"name":"McDonald's","routes":["C1","C3","CN","CL"],"provs":["NS"],"desc":"Fast food\nSource: \u00a9 OpenStreetMap contributors (ODbL) https://www.openstreetmap.org/way/178156978","sym":"Radio Beacon"},"geometry":{"type":"Point","coordinates":[-62.64178,45.57493]}},{"type":"Feature","properties":{"name":"Tim Hortons","routes":["C2","CN","CA","CL"],"provs":["NS"],"desc":"Caf\u00e9\nFree wifi\nSource: \u00a9 OpenStreetMap contributors (ODbL) https://www.openstreetmap.org/way/178223631","sym":"Radio Beacon"},"geometry":{"type":"Point","coordinates":[-63.56353,44.70759]}},{"type":"Feature","properties":{"name":"Tim Hortons","routes":["C2","CN","CA","CL"],"provs":["NS"],"desc":"Caf\u00e9\nFree wifi\nSource: \u00a9 OpenStreetMap contributors (ODbL) https://www.openstreetmap.org/way/178223631","sym":"Radio Beacon"},"geometry":{"type":"Point","coordinates":[-63.56363,44.70767]}},{"type":"Feature","properties":{"name":"Tim Hortons","routes":["C2","CA","CL"],"provs":["BC"],"desc":"Caf\u00e9\nFree wifi\nSource: \u00a9 OpenStreetMap contributors (ODbL) https://www.openstreetmap.org/way/178895987","sym":"Radio Beacon"},"geometry":{"type":"Point","coordinates":[-121.95959,49.1243]}},{"type":"Feature","properties":{"name":"Tim Hortons","routes":["C2","CA","CL"],"provs":["BC"],"desc":"Caf\u00e9\nFree wifi\nSource: \u00a9 OpenStreetMap contributors (ODbL) https://www.openstreetmap.org/way/178895987","sym":"Radio Beacon"},"geometry":{"type":"Point","coordinates":[-121.9596,49.12423]}},{"type":"Feature","properties":{"name":"Tim Hortons","routes":["C2","CW"],"provs":["NS"],"desc":"Caf\u00e9\nSource: \u00a9 OpenStreetMap contributors (ODbL) https://www.openstreetmap.org/way/179856602","sym":"Radio Beacon"},"geometry":{"type":"Point","coordinates":[-65.77073,44.59997]}},{"type":"Feature","properties":{"name":"Tim Hortons","routes":["C2","CW"],"provs":["NS"],"desc":"Caf\u00e9\nSource: \u00a9 OpenStreetMap contributors (ODbL) https://www.openstreetmap.org/way/179856602","sym":"Radio Beacon"},"geometry":{"type":"Point","coordinates":[-65.77074,44.60005]}},{"type":"Feature","properties":{"name":"Tim Hortons","routes":["CN","CL"],"provs":["NB"],"desc":"Caf\u00e9\nSource: \u00a9 OpenStreetMap contributors (ODbL) https://www.openstreetmap.org/way/180004824","sym":"Radio Beacon"},"geometry":{"type":"Point","coordinates":[-64.73096,46.09879]}},{"type":"Feature","properties":{"name":"Tim Hortons","routes":["CN","CL"],"provs":["NB"],"desc":"Caf\u00e9\nSource: \u00a9 OpenStreetMap contributors (ODbL) https://www.openstreetmap.org/way/180004824","sym":"Radio Beacon"},"geometry":{"type":"Point","coordinates":[-64.73103,46.0987]}},{"type":"Feature","properties":{"name":"Circle K","routes":["CN"],"provs":["NB"],"desc":"Convenience store\nSource: \u00a9 OpenStreetMap contributors (ODbL) https://www.openstreetmap.org/way/180006128","sym":"Radio Beacon"},"geometry":{"type":"Point","coordinates":[-65.06167,46.05091]}},{"type":"Feature","properties":{"name":"Circle K","routes":["CN"],"provs":["NB"],"desc":"Convenience store\nSource: \u00a9 OpenStreetMap contributors (ODbL) https://www.openstreetmap.org/way/180006128","sym":"Radio Beacon"},"geometry":{"type":"Point","coordinates":[-65.06178,46.05077]}},{"type":"Feature","properties":{"name":"Tim Hortons","routes":["C1","C2","CN"],"provs":["BC"],"desc":"Caf\u00e9\nSource: \u00a9 OpenStreetMap contributors (ODbL) https://www.openstreetmap.org/way/180053801","sym":"Radio Beacon"},"geometry":{"type":"Point","coordinates":[-122.66447,49.16429]}},{"type":"Feature","properties":{"name":"Tim Hortons","routes":["C1","C2","CN"],"provs":["BC"],"desc":"Caf\u00e9\nSource: \u00a9 OpenStreetMap contributors (ODbL) https://www.openstreetmap.org/way/180053801","sym":"Radio Beacon"},"geometry":{"type":"Point","coordinates":[-122.66447,49.16422]}},{"type":"Feature","properties":{"name":"Starbucks","routes":["C1","C2","CN"],"provs":["BC"],"desc":"Caf\u00e9\nSource: \u00a9 OpenStreetMap contributors (ODbL) https://www.openstreetmap.org/way/180060069","sym":"Radio Beacon"},"geometry":{"type":"Point","coordinates":[-122.66721,49.16024]}},{"type":"Feature","properties":{"name":"Starbucks","routes":["C1","C2","CN"],"provs":["BC"],"desc":"Caf\u00e9\nSource: \u00a9 OpenStreetMap contributors (ODbL) https://www.openstreetmap.org/way/180060069","sym":"Radio Beacon"},"geometry":{"type":"Point","coordinates":[-122.66719,49.16028]}},{"type":"Feature","properties":{"name":"Tim Hortons","routes":["C2","CN","CA","CL"],"provs":["NS"],"desc":"Caf\u00e9\nFree wifi\nSource: \u00a9 OpenStreetMap contributors (ODbL) https://www.openstreetmap.org/way/181617786","sym":"Radio Beacon"},"geometry":{"type":"Point","coordinates":[-63.61192,44.66484]}},{"type":"Feature","properties":{"name":"Tim Hortons","routes":["C2","CN","CA","CL"],"provs":["NS"],"desc":"Caf\u00e9\nFree wifi\nSource: \u00a9 OpenStreetMap contributors (ODbL) https://www.openstreetmap.org/way/181617786","sym":"Radio Beacon"},"geometry":{"type":"Point","coordinates":[-63.61201,44.6649]}},{"type":"Feature","properties":{"name":"Tim Hortons","routes":["C2","CN","CA","CL"],"provs":["NS"],"desc":"Caf\u00e9\nFree wifi\nSource: \u00a9 OpenStreetMap contributors (ODbL) https://www.openstreetmap.org/way/181684255","sym":"Radio Beacon"},"geometry":{"type":"Point","coordinates":[-63.60232,44.65856]}},{"type":"Feature","properties":{"name":"Tim Hortons","routes":["C2","CN","CA","CL"],"provs":["NS"],"desc":"Caf\u00e9\nFree wifi\nSource: \u00a9 OpenStreetMap contributors (ODbL) https://www.openstreetmap.org/way/181684255","sym":"Radio Beacon"},"geometry":{"type":"Point","coordinates":[-63.60231,44.65867]}},{"type":"Feature","properties":{"name":"Jack Astor's","routes":["C2"],"provs":["ON"],"desc":"Restaurant\nFree wifi\nSource: \u00a9 OpenStreetMap contributors (ODbL) https://www.openstreetmap.org/way/182099831","sym":"Radio Beacon"},"geometry":{"type":"Point","coordinates":[-78.913,43.86889]}},{"type":"Feature","properties":{"name":"Tim Hortons","routes":["C1","CA"],"provs":["ON"],"desc":"Caf\u00e9\nSource: \u00a9 OpenStreetMap contributors (ODbL) https://www.openstreetmap.org/way/182953708","sym":"Radio Beacon"},"geometry":{"type":"Point","coordinates":[-79.46889,46.33433]}},{"type":"Feature","properties":{"name":"Tim Hortons","routes":["C1","CA"],"provs":["ON"],"desc":"Caf\u00e9\nSource: \u00a9 OpenStreetMap contributors (ODbL) https://www.openstreetmap.org/way/182953708","sym":"Radio Beacon"},"geometry":{"type":"Point","coordinates":[-79.46899,46.33424]}},{"type":"Feature","properties":{"name":"Swiss Bakery","routes":["CN"],"provs":["BC"],"desc":"Bakery\nSource: \u00a9 OpenStreetMap contributors (ODbL) https://www.openstreetmap.org/way/183252669","sym":"Radio Beacon"},"geometry":{"type":"Point","coordinates":[-119.26047,52.83458]}},{"type":"Feature","properties":{"name":"Swiss Bakery","routes":["CN"],"provs":["BC"],"desc":"Bakery\nSource: \u00a9 OpenStreetMap contributors (ODbL) https://www.openstreetmap.org/way/183252669","sym":"Radio Beacon"},"geometry":{"type":"Point","coordinates":[-119.26045,52.83468]}},{"type":"Feature","properties":{"name":"Swift Current Museum & Archives","routes":["C1","CA"],"provs":["SK"],"desc":"Museum\nFree wifi\nNetwork: Museum WiFi\nSource: \u00a9 OpenStreetMap contributors (ODbL) https://www.openstreetmap.org/way/183801079","sym":"Radio Beacon"},"geometry":{"type":"Point","coordinates":[-107.8001,50.2978]}},{"type":"Feature","properties":{"name":"Swift Current Museum & Archives","routes":["C1","CA"],"provs":["SK"],"desc":"Museum\nFree wifi\nNetwork: Museum WiFi\nSource: \u00a9 OpenStreetMap contributors (ODbL) https://www.openstreetmap.org/way/183801079","sym":"Radio Beacon"},"geometry":{"type":"Point","coordinates":[-107.80019,50.29773]}},{"type":"Feature","properties":{"name":"Toronto Public Library - Parliament Street","routes":["C2"],"provs":["ON"],"desc":"Library\nFree wifi\nSource: \u00a9 OpenStreetMap contributors (ODbL) https://www.openstreetmap.org/way/184503739","sym":"Radio Beacon"},"geometry":{"type":"Point","coordinates":[-79.3679,43.66188]}},{"type":"Feature","properties":{"name":"Toronto Public Library - Parliament Street","routes":["C2"],"provs":["ON"],"desc":"Library\nFree wifi\nSource: \u00a9 OpenStreetMap contributors (ODbL) https://www.openstreetmap.org/way/184503739","sym":"Radio Beacon"},"geometry":{"type":"Point","coordinates":[-79.36794,43.66183]}},{"type":"Feature","properties":{"name":"CPL: City Centre Branch","routes":["C2","CN","CL"],"provs":["BC"],"desc":"Library\nSource: \u00a9 OpenStreetMap contributors (ODbL) https://www.openstreetmap.org/way/184519948","sym":"Radio Beacon"},"geometry":{"type":"Point","coordinates":[-122.79243,49.28129]}},{"type":"Feature","properties":{"name":"CPL: City Centre Branch","routes":["C2","CN","CL"],"provs":["BC"],"desc":"Library\nSource: \u00a9 OpenStreetMap contributors (ODbL) https://www.openstreetmap.org/way/184519948","sym":"Radio Beacon"},"geometry":{"type":"Point","coordinates":[-122.79269,49.28125]}},{"type":"Feature","properties":{"name":"Tim Hortons","routes":["CN","CL"],"provs":["NB"],"desc":"Caf\u00e9\nFree wifi\nSource: \u00a9 OpenStreetMap contributors (ODbL) https://www.openstreetmap.org/way/185849620","sym":"Radio Beacon"},"geometry":{"type":"Point","coordinates":[-64.80206,46.07591]}},{"type":"Feature","properties":{"name":"Tim Hortons","routes":["CN","CL"],"provs":["NB"],"desc":"Caf\u00e9\nFree wifi\nSource: \u00a9 OpenStreetMap contributors (ODbL) https://www.openstreetmap.org/way/185849620","sym":"Radio Beacon"},"geometry":{"type":"Point","coordinates":[-64.80208,46.07586]}},{"type":"Feature","properties":{"name":"Tim Hortons","routes":["CN","CL"],"provs":["NB"],"desc":"Caf\u00e9\nSource: \u00a9 OpenStreetMap contributors (ODbL) https://www.openstreetmap.org/way/185850258","sym":"Radio Beacon"},"geometry":{"type":"Point","coordinates":[-64.81073,46.08462]}},{"type":"Feature","properties":{"name":"Tim Hortons","routes":["CN","CL"],"provs":["NB"],"desc":"Caf\u00e9\nSource: \u00a9 OpenStreetMap contributors (ODbL) https://www.openstreetmap.org/way/185850258","sym":"Radio Beacon"},"geometry":{"type":"Point","coordinates":[-64.81066,46.0847]}},{"type":"Feature","properties":{"name":"Tim Hortons","routes":["CN","CL"],"provs":["NB"],"desc":"Caf\u00e9\nSource: \u00a9 OpenStreetMap contributors (ODbL) https://www.openstreetmap.org/way/185852106","sym":"Radio Beacon"},"geometry":{"type":"Point","coordinates":[-64.77284,46.11457]}},{"type":"Feature","properties":{"name":"Tim Hortons","routes":["CN","CL"],"provs":["NB"],"desc":"Caf\u00e9\nSource: \u00a9 OpenStreetMap contributors (ODbL) https://www.openstreetmap.org/way/185852106","sym":"Radio Beacon"},"geometry":{"type":"Point","coordinates":[-64.7729,46.11452]}},{"type":"Feature","properties":{"name":"Tim Hortons","routes":["CN","CL"],"provs":["NB"],"desc":"Caf\u00e9\nSource: \u00a9 OpenStreetMap contributors (ODbL) https://www.openstreetmap.org/way/185853662","sym":"Radio Beacon"},"geometry":{"type":"Point","coordinates":[-64.73392,46.08637]}},{"type":"Feature","properties":{"name":"Tim Hortons","routes":["CN","CL"],"provs":["NB"],"desc":"Caf\u00e9\nSource: \u00a9 OpenStreetMap contributors (ODbL) https://www.openstreetmap.org/way/185853662","sym":"Radio Beacon"},"geometry":{"type":"Point","coordinates":[-64.73398,46.08631]}},{"type":"Feature","properties":{"name":"Biblioth\u00e8que Mordecai-Richler","routes":["C1","C2","CN","CA","CL"],"provs":["QC"],"desc":"Library\nFree wifi\nNetwork: MTLWiFi\nSource: \u00a9 OpenStreetMap contributors (ODbL) https://www.openstreetmap.org/way/186307179","sym":"Radio Beacon"},"geometry":{"type":"Point","coordinates":[-73.60162,45.52164]}},{"type":"Feature","properties":{"name":"Biblioth\u00e8que Mordecai-Richler","routes":["C1","C2","CN","CA","CL"],"provs":["QC"],"desc":"Library\nFree wifi\nNetwork: MTLWiFi\nSource: \u00a9 OpenStreetMap contributors (ODbL) https://www.openstreetmap.org/way/186307179","sym":"Radio Beacon"},"geometry":{"type":"Point","coordinates":[-73.60174,45.52162]}},{"type":"Feature","properties":{"name":"Ottawa Public Library - Sunnyside Branch","routes":["C1","C3","CN","CA"],"provs":["ON"],"desc":"Library\nSource: \u00a9 OpenStreetMap contributors (ODbL) https://www.openstreetmap.org/way/189115093","sym":"Radio Beacon"},"geometry":{"type":"Point","coordinates":[-75.68373,45.39543]}},{"type":"Feature","properties":{"name":"Ottawa Public Library - Sunnyside Branch","routes":["C1","C3","CN","CA"],"provs":["ON"],"desc":"Library\nSource: \u00a9 OpenStreetMap contributors (ODbL) https://www.openstreetmap.org/way/189115093","sym":"Radio Beacon"},"geometry":{"type":"Point","coordinates":[-75.68381,45.39547]}},{"type":"Feature","properties":{"name":"Smithers Public Library","routes":["C3","CA"],"provs":["BC"],"desc":"Library\nSource: \u00a9 OpenStreetMap contributors (ODbL) https://www.openstreetmap.org/way/192526009","sym":"Radio Beacon"},"geometry":{"type":"Point","coordinates":[-127.17517,54.77853]}},{"type":"Feature","properties":{"name":"Smithers Public Library","routes":["C3","CA"],"provs":["BC"],"desc":"Library\nSource: \u00a9 OpenStreetMap contributors (ODbL) https://www.openstreetmap.org/way/192526009","sym":"Radio Beacon"},"geometry":{"type":"Point","coordinates":[-127.1753,54.77854]}},{"type":"Feature","properties":{"name":"Tim Hortons","routes":["C2","CN","CL"],"provs":["BC"],"desc":"Caf\u00e9\nSource: \u00a9 OpenStreetMap contributors (ODbL) https://www.openstreetmap.org/way/197993632","sym":"Radio Beacon"},"geometry":{"type":"Point","coordinates":[-122.49174,49.05983]}},{"type":"Feature","properties":{"name":"Tim Hortons","routes":["C2","CN","CL"],"provs":["BC"],"desc":"Caf\u00e9\nSource: \u00a9 OpenStreetMap contributors (ODbL) https://www.openstreetmap.org/way/197993632","sym":"Radio Beacon"},"geometry":{"type":"Point","coordinates":[-122.49185,49.05992]}},{"type":"Feature","properties":{"name":"Saint John Marina Restaurant","routes":["C2","CA","CW"],"provs":["NB"],"desc":"Restaurant\nSource: \u00a9 OpenStreetMap contributors (ODbL) https://www.openstreetmap.org/way/198250200","sym":"Radio Beacon"},"geometry":{"type":"Point","coordinates":[-66.15439,45.27943]}},{"type":"Feature","properties":{"name":"Saint John Marina Restaurant","routes":["C2","CA","CW"],"provs":["NB"],"desc":"Restaurant\nSource: \u00a9 OpenStreetMap contributors (ODbL) https://www.openstreetmap.org/way/198250200","sym":"Radio Beacon"},"geometry":{"type":"Point","coordinates":[-66.15439,45.27956]}},{"type":"Feature","properties":{"name":"Tim Hortons","routes":["C2"],"provs":["NB"],"desc":"Caf\u00e9\nSource: \u00a9 OpenStreetMap contributors (ODbL) https://www.openstreetmap.org/way/198842273","sym":"Radio Beacon"},"geometry":{"type":"Point","coordinates":[-66.64698,45.97519]}},{"type":"Feature","properties":{"name":"Tim Hortons","routes":["C2"],"provs":["NB"],"desc":"Caf\u00e9\nSource: \u00a9 OpenStreetMap contributors (ODbL) https://www.openstreetmap.org/way/198842273","sym":"Radio Beacon"},"geometry":{"type":"Point","coordinates":[-66.64697,45.97528]}},{"type":"Feature","properties":{"name":"Tim Hortons","routes":["C1","C3","CA"],"provs":["NB"],"desc":"Caf\u00e9\nSource: \u00a9 OpenStreetMap contributors (ODbL) https://www.openstreetmap.org/way/203677126","sym":"Radio Beacon"},"geometry":{"type":"Point","coordinates":[-65.70435,47.6389]}},{"type":"Feature","properties":{"name":"Tim Hortons","routes":["C1","C3","CA"],"provs":["NB"],"desc":"Caf\u00e9\nSource: \u00a9 OpenStreetMap contributors (ODbL) https://www.openstreetmap.org/way/203677126","sym":"Radio Beacon"},"geometry":{"type":"Point","coordinates":[-65.7044,47.63897]}},{"type":"Feature","properties":{"name":"Tim Hortons","routes":["C3","CA"],"provs":["ON"],"desc":"Caf\u00e9\nSource: \u00a9 OpenStreetMap contributors (ODbL) https://www.openstreetmap.org/way/203765282","sym":"Radio Beacon"},"geometry":{"type":"Point","coordinates":[-78.72328,44.36851]}},{"type":"Feature","properties":{"name":"Tim Hortons","routes":["C3","CA"],"provs":["ON"],"desc":"Caf\u00e9\nSource: \u00a9 OpenStreetMap contributors (ODbL) https://www.openstreetmap.org/way/203765282","sym":"Radio Beacon"},"geometry":{"type":"Point","coordinates":[-78.72321,44.36851]}},{"type":"Feature","properties":{"name":"Tim Hortons","routes":["C3","CA"],"provs":["ON"],"desc":"Caf\u00e9\nSource: \u00a9 OpenStreetMap contributors (ODbL) https://www.openstreetmap.org/way/203765283","sym":"Radio Beacon"},"geometry":{"type":"Point","coordinates":[-78.73273,44.34988]}},{"type":"Feature","properties":{"name":"Tim Hortons","routes":["C3","CA"],"provs":["ON"],"desc":"Caf\u00e9\nSource: \u00a9 OpenStreetMap contributors (ODbL) https://www.openstreetmap.org/way/203765283","sym":"Radio Beacon"},"geometry":{"type":"Point","coordinates":[-78.73267,44.34997]}},{"type":"Feature","properties":{"name":"Jack Purcell Community Centre","routes":["C1","C3","CN","CA"],"provs":["ON"],"desc":"Community centre\nFree wifi\nSource: \u00a9 OpenStreetMap contributors (ODbL) https://www.openstreetmap.org/way/204071758","sym":"Radio Beacon"},"geometry":{"type":"Point","coordinates":[-75.68956,45.41589]}},{"type":"Feature","properties":{"name":"Jack Purcell Community Centre","routes":["C1","C3","CN","CA"],"provs":["ON"],"desc":"Community centre\nFree wifi\nSource: \u00a9 OpenStreetMap contributors (ODbL) https://www.openstreetmap.org/way/204071758","sym":"Radio Beacon"},"geometry":{"type":"Point","coordinates":[-75.68957,45.41582]}},{"type":"Feature","properties":{"name":"Tim Hortons","routes":["C2","CN","CL"],"provs":["BC"],"desc":"Caf\u00e9\nFree wifi\nSource: \u00a9 OpenStreetMap contributors (ODbL) https://www.openstreetmap.org/way/204197718","sym":"Radio Beacon"},"geometry":{"type":"Point","coordinates":[-122.26816,49.03603]}},{"type":"Feature","properties":{"name":"Tim Hortons","routes":["C2","CN","CL"],"provs":["BC"],"desc":"Caf\u00e9\nFree wifi\nSource: \u00a9 OpenStreetMap contributors (ODbL) https://www.openstreetmap.org/way/204197718","sym":"Radio Beacon"},"geometry":{"type":"Point","coordinates":[-122.26822,49.03605]}},{"type":"Feature","properties":{"name":"Burger King","routes":["C2","CN","CL"],"provs":["BC"],"desc":"Fast food\nFree wifi\nSource: \u00a9 OpenStreetMap contributors (ODbL) https://www.openstreetmap.org/way/204197723","sym":"Radio Beacon"},"geometry":{"type":"Point","coordinates":[-122.2678,49.03562]}},{"type":"Feature","properties":{"name":"Burger King","routes":["C2","CN","CL"],"provs":["BC"],"desc":"Fast food\nFree wifi\nSource: \u00a9 OpenStreetMap contributors (ODbL) https://www.openstreetmap.org/way/204197723","sym":"Radio Beacon"},"geometry":{"type":"Point","coordinates":[-122.2679,49.03566]}},{"type":"Feature","properties":{"name":"Starbucks","routes":["C3"],"provs":["ON"],"desc":"Caf\u00e9\nFree wifi\nSource: \u00a9 OpenStreetMap contributors (ODbL) https://www.openstreetmap.org/way/204865439","sym":"Radio Beacon"},"geometry":{"type":"Point","coordinates":[-80.07672,44.47233]}},{"type":"Feature","properties":{"name":"Starbucks","routes":["C3"],"provs":["ON"],"desc":"Caf\u00e9\nFree wifi\nSource: \u00a9 OpenStreetMap contributors (ODbL) https://www.openstreetmap.org/way/204865439","sym":"Radio Beacon"},"geometry":{"type":"Point","coordinates":[-80.07659,44.4724]}},{"type":"Feature","properties":{"name":"Be Fresh Market","routes":["C2","CN","CA","CL"],"provs":["BC"],"desc":"Caf\u00e9\nNetwork: BeFresh-GUEST\nSource: \u00a9 OpenStreetMap contributors (ODbL) https://www.openstreetmap.org/way/205736871","sym":"Radio Beacon"},"geometry":{"type":"Point","coordinates":[-123.14811,49.27054]}},{"type":"Feature","properties":{"name":"Be Fresh Market","routes":["C2","CN","CA","CL"],"provs":["BC"],"desc":"Caf\u00e9\nNetwork: BeFresh-GUEST\nSource: \u00a9 OpenStreetMap contributors (ODbL) https://www.openstreetmap.org/way/205736871","sym":"Radio Beacon"},"geometry":{"type":"Point","coordinates":[-123.14807,49.27047]}},{"type":"Feature","properties":{"name":"Foot Passenger Terminal","routes":["C1","CA","CL","CW"],"provs":["BC"],"desc":"Ferry terminal\nSource: \u00a9 OpenStreetMap contributors (ODbL) https://www.openstreetmap.org/way/208801337","sym":"Radio Beacon"},"geometry":{"type":"Point","coordinates":[-123.41164,48.68891]}},{"type":"Feature","properties":{"name":"Foot Passenger Terminal","routes":["C1","CA","CL","CW"],"provs":["BC"],"desc":"Ferry terminal\nSource: \u00a9 OpenStreetMap contributors (ODbL) https://www.openstreetmap.org/way/208801337","sym":"Radio Beacon"},"geometry":{"type":"Point","coordinates":[-123.41172,48.68885]}},{"type":"Feature","properties":{"name":"Toronto Public Library - Runnymede","routes":["C2"],"provs":["ON"],"desc":"Library\nFree wifi\nSource: \u00a9 OpenStreetMap contributors (ODbL) https://www.openstreetmap.org/way/213917634","sym":"Radio Beacon"},"geometry":{"type":"Point","coordinates":[-79.47405,43.65199]}},{"type":"Feature","properties":{"name":"Toronto Public Library - Runnymede","routes":["C2"],"provs":["ON"],"desc":"Library\nFree wifi\nSource: \u00a9 OpenStreetMap contributors (ODbL) https://www.openstreetmap.org/way/213917634","sym":"Radio Beacon"},"geometry":{"type":"Point","coordinates":[-79.47392,43.65196]}},{"type":"Feature","properties":{"name":"Bureau d'accueil touristique de La Matanie","routes":["C3","CN","CA","CL"],"provs":["QC"],"desc":"Visitor centre\nSource: \u00a9 OpenStreetMap contributors (ODbL) https://www.openstreetmap.org/way/215680970","sym":"Radio Beacon"},"geometry":{"type":"Point","coordinates":[-67.5488,48.85004]}},{"type":"Feature","properties":{"name":"Bureau d'accueil touristique de La Matanie","routes":["C3","CN","CA","CL"],"provs":["QC"],"desc":"Visitor centre\nSource: \u00a9 OpenStreetMap contributors (ODbL) https://www.openstreetmap.org/way/215680970","sym":"Radio Beacon"},"geometry":{"type":"Point","coordinates":[-67.54873,48.85008]}},{"type":"Feature","properties":{"name":"Centre Communautaire de l'Est de Pierrefonds","routes":["C1","C2","C3","CN","CA"],"provs":["QC"],"desc":"Community centre\nFree wifi\nNetwork: MTLWiFi\nSource: \u00a9 OpenStreetMap contributors (ODbL) https://www.openstreetmap.org/way/216987973","sym":"Radio Beacon"},"geometry":{"type":"Point","coordinates":[-73.7844,45.50492]}},{"type":"Feature","properties":{"name":"Centre Communautaire de l'Est de Pierrefonds","routes":["C1","C2","C3","CN","CA"],"provs":["QC"],"desc":"Community centre\nFree wifi\nNetwork: MTLWiFi\nSource: \u00a9 OpenStreetMap contributors (ODbL) https://www.openstreetmap.org/way/216987973","sym":"Radio Beacon"},"geometry":{"type":"Point","coordinates":[-73.78426,45.5049]}},{"type":"Feature","properties":{"name":"Urban Ground Coffeehouse","routes":["C1","CA"],"provs":["SK"],"desc":"Caf\u00e9\nSource: \u00a9 OpenStreetMap contributors (ODbL) https://www.openstreetmap.org/way/219618127","sym":"Radio Beacon"},"geometry":{"type":"Point","coordinates":[-107.79959,50.28475]}},{"type":"Feature","properties":{"name":"Urban Ground Coffeehouse","routes":["C1","CA"],"provs":["SK"],"desc":"Caf\u00e9\nSource: \u00a9 OpenStreetMap contributors (ODbL) https://www.openstreetmap.org/way/219618127","sym":"Radio Beacon"},"geometry":{"type":"Point","coordinates":[-107.79973,50.28471]}},{"type":"Feature","properties":{"name":"The Keg","routes":["C2"],"provs":["ON"],"desc":"Restaurant\nSource: \u00a9 OpenStreetMap contributors (ODbL) https://www.openstreetmap.org/way/220416375","sym":"Radio Beacon"},"geometry":{"type":"Point","coordinates":[-79.38402,43.65013]}},{"type":"Feature","properties":{"name":"The Keg","routes":["C2"],"provs":["ON"],"desc":"Restaurant\nSource: \u00a9 OpenStreetMap contributors (ODbL) https://www.openstreetmap.org/way/220416375","sym":"Radio Beacon"},"geometry":{"type":"Point","coordinates":[-79.384,43.64997]}},{"type":"Feature","properties":{"name":"McDonald's","routes":["C1","C2","CN","CL","CW"],"provs":["BC"],"desc":"Fast food\nSource: \u00a9 OpenStreetMap contributors (ODbL) https://www.openstreetmap.org/way/220652497","sym":"Radio Beacon"},"geometry":{"type":"Point","coordinates":[-122.95479,49.17029]}},{"type":"Feature","properties":{"name":"McDonald's","routes":["C1","C2","CN","CL","CW"],"provs":["BC"],"desc":"Fast food\nSource: \u00a9 OpenStreetMap contributors (ODbL) https://www.openstreetmap.org/way/220652497","sym":"Radio Beacon"},"geometry":{"type":"Point","coordinates":[-122.95478,49.17023]}},{"type":"Feature","properties":{"name":"Tim Hortons","routes":["C1","CN","CL"],"provs":["ON"],"desc":"Caf\u00e9\nSource: \u00a9 OpenStreetMap contributors (ODbL) https://www.openstreetmap.org/way/220774203","sym":"Radio Beacon"},"geometry":{"type":"Point","coordinates":[-80.94474,46.5063]}},{"type":"Feature","properties":{"name":"Tim Hortons","routes":["C1","CN","CL"],"provs":["ON"],"desc":"Caf\u00e9\nSource: \u00a9 OpenStreetMap contributors (ODbL) https://www.openstreetmap.org/way/220774203","sym":"Radio Beacon"},"geometry":{"type":"Point","coordinates":[-80.94483,46.50639]}},{"type":"Feature","properties":{"name":"McDonald's","routes":["C1","CA"],"provs":["BC"],"desc":"Fast food\nSource: \u00a9 OpenStreetMap contributors (ODbL) https://www.openstreetmap.org/way/222252120","sym":"Radio Beacon"},"geometry":{"type":"Point","coordinates":[-118.21695,51.00813]}},{"type":"Feature","properties":{"name":"McDonald's","routes":["C1","CA"],"provs":["BC"],"desc":"Fast food\nSource: \u00a9 OpenStreetMap contributors (ODbL) https://www.openstreetmap.org/way/222252120","sym":"Radio Beacon"},"geometry":{"type":"Point","coordinates":[-118.21694,51.00816]}},{"type":"Feature","properties":{"name":"ORL: Golden & District Library","routes":["C1","CN","CA"],"provs":["BC"],"desc":"Library\nSource: \u00a9 OpenStreetMap contributors (ODbL) https://www.openstreetmap.org/way/222375161","sym":"Radio Beacon"},"geometry":{"type":"Point","coordinates":[-116.9653,51.29715]}},{"type":"Feature","properties":{"name":"ORL: Golden & District Library","routes":["C1","CN","CA"],"provs":["BC"],"desc":"Library\nSource: \u00a9 OpenStreetMap contributors (ODbL) https://www.openstreetmap.org/way/222375161","sym":"Radio Beacon"},"geometry":{"type":"Point","coordinates":[-116.9653,51.29729]}},{"type":"Feature","properties":{"name":"Starbucks","routes":["CN"],"provs":["ON"],"desc":"Caf\u00e9\nSource: \u00a9 OpenStreetMap contributors (ODbL) https://www.openstreetmap.org/way/223280425","sym":"Radio Beacon"},"geometry":{"type":"Point","coordinates":[-75.71879,45.27514]}},{"type":"Feature","properties":{"name":"Starbucks","routes":["CN"],"provs":["ON"],"desc":"Caf\u00e9\nSource: \u00a9 OpenStreetMap contributors (ODbL) https://www.openstreetmap.org/way/223280425","sym":"Radio Beacon"},"geometry":{"type":"Point","coordinates":[-75.71888,45.27507]}},{"type":"Feature","properties":{"name":"Crossroads Family Restaurant","routes":["C2","CN","CL"],"provs":["BC"],"desc":"Restaurant\nFree wifi\nSource: \u00a9 OpenStreetMap contributors (ODbL) https://www.openstreetmap.org/way/223315625","sym":"Radio Beacon"},"geometry":{"type":"Point","coordinates":[-122.26833,49.03509]}},{"type":"Feature","properties":{"name":"Crossroads Family Restaurant","routes":["C2","CN","CL"],"provs":["BC"],"desc":"Restaurant\nFree wifi\nSource: \u00a9 OpenStreetMap contributors (ODbL) https://www.openstreetmap.org/way/223315625","sym":"Radio Beacon"},"geometry":{"type":"Point","coordinates":[-122.26814,49.03514]}},{"type":"Feature","properties":{"name":"Dairy Queen","routes":["C1"],"provs":["BC"],"desc":"Fast food\nSource: \u00a9 OpenStreetMap contributors (ODbL) https://www.openstreetmap.org/way/223593234","sym":"Radio Beacon"},"geometry":{"type":"Point","coordinates":[-119.66577,49.60243]}},{"type":"Feature","properties":{"name":"Dairy Queen","routes":["C1"],"provs":["BC"],"desc":"Fast food\nSource: \u00a9 OpenStreetMap contributors (ODbL) https://www.openstreetmap.org/way/223593234","sym":"Radio Beacon"},"geometry":{"type":"Point","coordinates":[-119.66573,49.60247]}},{"type":"Feature","properties":{"name":"Alexander Graham Bell National Historic Site","routes":["C1"],"provs":["NS"],"desc":"Museum\nSource: \u00a9 OpenStreetMap contributors (ODbL) https://www.openstreetmap.org/way/224053901","sym":"Radio Beacon"},"geometry":{"type":"Point","coordinates":[-60.7454,46.10346]}},{"type":"Feature","properties":{"name":"Alexander Graham Bell National Historic Site","routes":["C1"],"provs":["NS"],"desc":"Museum\nSource: \u00a9 OpenStreetMap contributors (ODbL) https://www.openstreetmap.org/way/224053901","sym":"Radio Beacon"},"geometry":{"type":"Point","coordinates":[-60.74515,46.10352]}},{"type":"Feature","properties":{"name":"Tim Hortons","routes":["C1","C3"],"provs":["NL"],"desc":"Caf\u00e9\nSource: \u00a9 OpenStreetMap contributors (ODbL) https://www.openstreetmap.org/way/226270032","sym":"Radio Beacon"},"geometry":{"type":"Point","coordinates":[-52.84104,47.53452]}},{"type":"Feature","properties":{"name":"Tim Hortons","routes":["C1","C3"],"provs":["NL"],"desc":"Caf\u00e9\nSource: \u00a9 OpenStreetMap contributors (ODbL) https://www.openstreetmap.org/way/226270032","sym":"Radio Beacon"},"geometry":{"type":"Point","coordinates":[-52.84106,47.53447]}},{"type":"Feature","properties":{"name":"Tim Hortons","routes":["C3","CN"],"provs":["ON"],"desc":"Caf\u00e9\nSource: \u00a9 OpenStreetMap contributors (ODbL) https://www.openstreetmap.org/way/226669783","sym":"Radio Beacon"},"geometry":{"type":"Point","coordinates":[-79.66463,44.35284]}},{"type":"Feature","properties":{"name":"Tim Hortons","routes":["C3","CN"],"provs":["ON"],"desc":"Caf\u00e9\nSource: \u00a9 OpenStreetMap contributors (ODbL) https://www.openstreetmap.org/way/226669783","sym":"Radio Beacon"},"geometry":{"type":"Point","coordinates":[-79.66456,44.35293]}},{"type":"Feature","properties":{"name":"Tim Hortons","routes":["C3","CN"],"provs":["ON"],"desc":"Caf\u00e9\nSource: \u00a9 OpenStreetMap contributors (ODbL) https://www.openstreetmap.org/way/226669814","sym":"Radio Beacon"},"geometry":{"type":"Point","coordinates":[-79.67748,44.34382]}},{"type":"Feature","properties":{"name":"Tim Hortons","routes":["C3","CN"],"provs":["ON"],"desc":"Caf\u00e9\nSource: \u00a9 OpenStreetMap contributors (ODbL) https://www.openstreetmap.org/way/226669814","sym":"Radio Beacon"},"geometry":{"type":"Point","coordinates":[-79.67761,44.34383]}},{"type":"Feature","properties":{"name":"Creston Valley Public Library","routes":["C2","CA"],"provs":["BC"],"desc":"Library\nSource: \u00a9 OpenStreetMap contributors (ODbL) https://www.openstreetmap.org/way/226928757","sym":"Radio Beacon"},"geometry":{"type":"Point","coordinates":[-116.50622,49.08962]}},{"type":"Feature","properties":{"name":"Creston Valley Public Library","routes":["C2","CA"],"provs":["BC"],"desc":"Library\nSource: \u00a9 OpenStreetMap contributors (ODbL) https://www.openstreetmap.org/way/226928757","sym":"Radio Beacon"},"geometry":{"type":"Point","coordinates":[-116.50609,49.08965]}},{"type":"Feature","properties":{"name":"Notre-Dame-de-Gr\u00e2ce Sports Centre","routes":["C1","C2","CN","CA","CL"],"provs":["QC"],"desc":"Recreation centre\nFree wifi\nNetwork: MTLWiFi\nSource: \u00a9 OpenStreetMap contributors (ODbL) https://www.openstreetmap.org/way/229439136","sym":"Radio Beacon"},"geometry":{"type":"Point","coordinates":[-73.63222,45.46617]}},{"type":"Feature","properties":{"name":"Notre-Dame-de-Gr\u00e2ce Sports Centre","routes":["C1","C2","CN","CA","CL"],"provs":["QC"],"desc":"Recreation centre\nFree wifi\nNetwork: MTLWiFi\nSource: \u00a9 OpenStreetMap contributors (ODbL) https://www.openstreetmap.org/way/229439136","sym":"Radio Beacon"},"geometry":{"type":"Point","coordinates":[-73.63229,45.4664]}},{"type":"Feature","properties":{"name":"Tim Hortons","routes":["C1","C3","CN"],"provs":["QC"],"desc":"Caf\u00e9\nFree wifi\nSource: \u00a9 OpenStreetMap contributors (ODbL) https://www.openstreetmap.org/way/229734298","sym":"Radio Beacon"},"geometry":{"type":"Point","coordinates":[-73.65104,45.6046]}},{"type":"Feature","properties":{"name":"Tim Hortons","routes":["C1","C3","CN"],"provs":["QC"],"desc":"Caf\u00e9\nFree wifi\nSource: \u00a9 OpenStreetMap contributors (ODbL) https://www.openstreetmap.org/way/229734298","sym":"Radio Beacon"},"geometry":{"type":"Point","coordinates":[-73.65101,45.60449]}},{"type":"Feature","properties":{"name":"Complexe sportif Claude-Robillard","routes":["C1","C2","CN","CA","CL"],"provs":["QC"],"desc":"Recreation centre\nSource: \u00a9 OpenStreetMap contributors (ODbL) https://www.openstreetmap.org/way/230713681","sym":"Radio Beacon"},"geometry":{"type":"Point","coordinates":[-73.63534,45.55143]}},{"type":"Feature","properties":{"name":"Complexe sportif Claude-Robillard","routes":["C1","C2","CN","CA","CL"],"provs":["QC"],"desc":"Recreation centre\nSource: \u00a9 OpenStreetMap contributors (ODbL) https://www.openstreetmap.org/way/230713681","sym":"Radio Beacon"},"geometry":{"type":"Point","coordinates":[-73.63619,45.55262]}},{"type":"Feature","properties":{"name":"Starbucks","routes":["C1","C3","CN","CA"],"provs":["ON"],"desc":"Caf\u00e9\nSource: \u00a9 OpenStreetMap contributors (ODbL) https://www.openstreetmap.org/way/231274825","sym":"Radio Beacon"},"geometry":{"type":"Point","coordinates":[-75.64929,45.42103]}},{"type":"Feature","properties":{"name":"Starbucks","routes":["C1","C3","CN","CA"],"provs":["ON"],"desc":"Caf\u00e9\nSource: \u00a9 OpenStreetMap contributors (ODbL) https://www.openstreetmap.org/way/231274825","sym":"Radio Beacon"},"geometry":{"type":"Point","coordinates":[-75.64923,45.42098]}},{"type":"Feature","properties":{"name":"McDonald's","routes":["C1","C2","CN"],"provs":["BC"],"desc":"Fast food\nFree wifi\nSource: \u00a9 OpenStreetMap contributors (ODbL) https://www.openstreetmap.org/way/231847846","sym":"Radio Beacon"},"geometry":{"type":"Point","coordinates":[-122.62561,49.09574]}},{"type":"Feature","properties":{"name":"McDonald's","routes":["C1","C2","CN"],"provs":["BC"],"desc":"Fast food\nFree wifi\nSource: \u00a9 OpenStreetMap contributors (ODbL) https://www.openstreetmap.org/way/231847846","sym":"Radio Beacon"},"geometry":{"type":"Point","coordinates":[-122.62569,49.09587]}},{"type":"Feature","properties":{"name":"Tim Hortons","routes":["CN","CL"],"provs":["ON"],"desc":"Caf\u00e9\nFree wifi\nSource: \u00a9 OpenStreetMap contributors (ODbL) https://www.openstreetmap.org/way/231980574","sym":"Radio Beacon"},"geometry":{"type":"Point","coordinates":[-79.53291,43.82906]}},{"type":"Feature","properties":{"name":"Tim Hortons","routes":["CN","CL"],"provs":["ON"],"desc":"Caf\u00e9\nFree wifi\nSource: \u00a9 OpenStreetMap contributors (ODbL) https://www.openstreetmap.org/way/231980574","sym":"Radio Beacon"},"geometry":{"type":"Point","coordinates":[-79.53297,43.8291]}},{"type":"Feature","properties":{"name":"Biblioth\u00e8que Monique-Corriveau","routes":["C1","C2","C3","CA","CW"],"provs":["QC"],"desc":"Library\nFree wifi\nSource: \u00a9 OpenStreetMap contributors (ODbL) https://www.openstreetmap.org/way/232183264","sym":"Radio Beacon"},"geometry":{"type":"Point","coordinates":[-71.29432,46.77001]}},{"type":"Feature","properties":{"name":"Biblioth\u00e8que Monique-Corriveau","routes":["C1","C2","C3","CA","CW"],"provs":["QC"],"desc":"Library\nFree wifi\nSource: \u00a9 OpenStreetMap contributors (ODbL) https://www.openstreetmap.org/way/232183264","sym":"Radio Beacon"},"geometry":{"type":"Point","coordinates":[-71.29424,46.77013]}},{"type":"Feature","properties":{"name":"McDonald's","routes":["C1","C2","CN","CL"],"provs":["BC"],"desc":"Fast food\nSource: \u00a9 OpenStreetMap contributors (ODbL) https://www.openstreetmap.org/way/232665310","sym":"Radio Beacon"},"geometry":{"type":"Point","coordinates":[-122.66793,49.11635]}},{"type":"Feature","properties":{"name":"McDonald's","routes":["C1","C2","CN","CL"],"provs":["BC"],"desc":"Fast food\nSource: \u00a9 OpenStreetMap contributors (ODbL) https://www.openstreetmap.org/way/232665310","sym":"Radio Beacon"},"geometry":{"type":"Point","coordinates":[-122.66793,49.11641]}},{"type":"Feature","properties":{"name":"Arby's","routes":["C2","CN"],"provs":["BC"],"desc":"Fast food\nSource: \u00a9 OpenStreetMap contributors (ODbL) https://www.openstreetmap.org/way/233320775","sym":"Radio Beacon"},"geometry":{"type":"Point","coordinates":[-115.752,49.52636]}},{"type":"Feature","properties":{"name":"Arby's","routes":["C2","CN"],"provs":["BC"],"desc":"Fast food\nSource: \u00a9 OpenStreetMap contributors (ODbL) https://www.openstreetmap.org/way/233320775","sym":"Radio Beacon"},"geometry":{"type":"Point","coordinates":[-115.75211,49.52648]}},{"type":"Feature","properties":{"name":"Arby's","routes":["C1","C3"],"provs":["ON"],"desc":"Fast food\nSource: \u00a9 OpenStreetMap contributors (ODbL) https://www.openstreetmap.org/way/233577475","sym":"Radio Beacon"},"geometry":{"type":"Point","coordinates":[-75.88875,45.29731]}},{"type":"Feature","properties":{"name":"Arby's","routes":["C1","C3"],"provs":["ON"],"desc":"Fast food\nSource: \u00a9 OpenStreetMap contributors (ODbL) https://www.openstreetmap.org/way/233577475","sym":"Radio Beacon"},"geometry":{"type":"Point","coordinates":[-75.8887,45.29734]}},{"type":"Feature","properties":{"name":"Accora Centre","routes":["C1","C3","CN"],"provs":["ON"],"desc":"Community centre\nFree wifi\nSource: \u00a9 OpenStreetMap contributors (ODbL) https://www.openstreetmap.org/way/233901548","sym":"Radio Beacon"},"geometry":{"type":"Point","coordinates":[-75.81373,45.34678]}},{"type":"Feature","properties":{"name":"Accora Centre","routes":["C1","C3","CN"],"provs":["ON"],"desc":"Community centre\nFree wifi\nSource: \u00a9 OpenStreetMap contributors (ODbL) https://www.openstreetmap.org/way/233901548","sym":"Radio Beacon"},"geometry":{"type":"Point","coordinates":[-75.81362,45.34668]}},{"type":"Feature","properties":{"name":"Cora","routes":["C1","C3"],"provs":["ON"],"desc":"Restaurant\nSource: \u00a9 OpenStreetMap contributors (ODbL) https://www.openstreetmap.org/way/233910513","sym":"Radio Beacon"},"geometry":{"type":"Point","coordinates":[-75.90712,45.33891]}},{"type":"Feature","properties":{"name":"Cora","routes":["C1","C3"],"provs":["ON"],"desc":"Restaurant\nSource: \u00a9 OpenStreetMap contributors (ODbL) https://www.openstreetmap.org/way/233910513","sym":"Radio Beacon"},"geometry":{"type":"Point","coordinates":[-75.90711,45.33896]}},{"type":"Feature","properties":{"name":"Tim Hortons","routes":["C2","CN","CA","CL"],"provs":["ON"],"desc":"Caf\u00e9\nFree wifi\nSource: \u00a9 OpenStreetMap contributors (ODbL) https://www.openstreetmap.org/way/234058415","sym":"Radio Beacon"},"geometry":{"type":"Point","coordinates":[-79.59375,43.71456]}},{"type":"Feature","properties":{"name":"Tim Hortons","routes":["C2","CN","CA","CL"],"provs":["ON"],"desc":"Caf\u00e9\nFree wifi\nSource: \u00a9 OpenStreetMap contributors (ODbL) https://www.openstreetmap.org/way/234058415","sym":"Radio Beacon"},"geometry":{"type":"Point","coordinates":[-79.59369,43.71466]}},{"type":"Feature","properties":{"name":"Collingwood Public Library","routes":["C3"],"provs":["ON"],"desc":"Library\nFree wifi\nSource: \u00a9 OpenStreetMap contributors (ODbL) https://www.openstreetmap.org/way/235074193","sym":"Radio Beacon"},"geometry":{"type":"Point","coordinates":[-80.21479,44.50123]}},{"type":"Feature","properties":{"name":"Collingwood Public Library","routes":["C3"],"provs":["ON"],"desc":"Library\nFree wifi\nSource: \u00a9 OpenStreetMap contributors (ODbL) https://www.openstreetmap.org/way/235074193","sym":"Radio Beacon"},"geometry":{"type":"Point","coordinates":[-80.21488,44.50094]}},{"type":"Feature","properties":{"name":"Tim Hortons","routes":["C3","CA"],"provs":["NL"],"desc":"Caf\u00e9\nFree wifi\nSource: \u00a9 OpenStreetMap contributors (ODbL) https://www.openstreetmap.org/way/236942461","sym":"Radio Beacon"},"geometry":{"type":"Point","coordinates":[-54.60296,48.95508]}},{"type":"Feature","properties":{"name":"Tim Hortons","routes":["C3","CA"],"provs":["NL"],"desc":"Caf\u00e9\nFree wifi\nSource: \u00a9 OpenStreetMap contributors (ODbL) https://www.openstreetmap.org/way/236942461","sym":"Radio Beacon"},"geometry":{"type":"Point","coordinates":[-54.60284,48.95498]}},{"type":"Feature","properties":{"name":"McDonald's","routes":["CN","CL"],"provs":["ON"],"desc":"Fast food\nSource: \u00a9 OpenStreetMap contributors (ODbL) https://www.openstreetmap.org/way/239011154","sym":"Radio Beacon"},"geometry":{"type":"Point","coordinates":[-79.53541,43.83071]}},{"type":"Feature","properties":{"name":"McDonald's","routes":["CN","CL"],"provs":["ON"],"desc":"Fast food\nSource: \u00a9 OpenStreetMap contributors (ODbL) https://www.openstreetmap.org/way/239011154","sym":"Radio Beacon"},"geometry":{"type":"Point","coordinates":[-79.53547,43.83062]}},{"type":"Feature","properties":{"name":"Starbucks","routes":["C1","C3"],"provs":["ON"],"desc":"Caf\u00e9\nSource: \u00a9 OpenStreetMap contributors (ODbL) https://www.openstreetmap.org/way/239508344","sym":"Radio Beacon"},"geometry":{"type":"Point","coordinates":[-75.86781,45.28672]}},{"type":"Feature","properties":{"name":"Starbucks","routes":["C1","C3"],"provs":["ON"],"desc":"Caf\u00e9\nSource: \u00a9 OpenStreetMap contributors (ODbL) https://www.openstreetmap.org/way/239508344","sym":"Radio Beacon"},"geometry":{"type":"Point","coordinates":[-75.86776,45.2867]}},{"type":"Feature","properties":{"name":"The Kettle Black","routes":["C1","CA","CL"],"provs":["PE"],"desc":"Caf\u00e9\nFree wifi\nSource: \u00a9 OpenStreetMap contributors (ODbL) https://www.openstreetmap.org/way/239599462","sym":"Radio Beacon"},"geometry":{"type":"Point","coordinates":[-63.09842,46.22624]}},{"type":"Feature","properties":{"name":"The Kettle Black","routes":["C1","CA","CL"],"provs":["PE"],"desc":"Caf\u00e9\nFree wifi\nSource: \u00a9 OpenStreetMap contributors (ODbL) https://www.openstreetmap.org/way/239599462","sym":"Radio Beacon"},"geometry":{"type":"Point","coordinates":[-63.09852,46.22634]}},{"type":"Feature","properties":{"name":"Jita's Cafe","routes":["C1","CN","CA"],"provs":["BC"],"desc":"Caf\u00e9\nSource: \u00a9 OpenStreetMap contributors (ODbL) https://www.openstreetmap.org/way/239608314","sym":"Radio Beacon"},"geometry":{"type":"Point","coordinates":[-116.96187,51.29512]}},{"type":"Feature","properties":{"name":"Jita's Cafe","routes":["C1","CN","CA"],"provs":["BC"],"desc":"Caf\u00e9\nSource: \u00a9 OpenStreetMap contributors (ODbL) https://www.openstreetmap.org/way/239608314","sym":"Radio Beacon"},"geometry":{"type":"Point","coordinates":[-116.96196,51.29504]}},{"type":"Feature","properties":{"name":"Bean to Cup","routes":["C1","CA"],"provs":["BC"],"desc":"Caf\u00e9\nSource: \u00a9 OpenStreetMap contributors (ODbL) https://www.openstreetmap.org/way/239612983","sym":"Radio Beacon"},"geometry":{"type":"Point","coordinates":[-119.26619,50.27038]}},{"type":"Feature","properties":{"name":"Bean to Cup","routes":["C1","CA"],"provs":["BC"],"desc":"Caf\u00e9\nSource: \u00a9 OpenStreetMap contributors (ODbL) https://www.openstreetmap.org/way/239612983","sym":"Radio Beacon"},"geometry":{"type":"Point","coordinates":[-119.26627,50.27032]}},{"type":"Feature","properties":{"name":"McDonald's","routes":["C3","CA"],"provs":["NS"],"desc":"Fast food\nFree wifi\nNetwork: BELLWIFI@MCDONALDS\nSource: \u00a9 OpenStreetMap contributors (ODbL) https://www.openstreetmap.org/way/239783905","sym":"Radio Beacon"},"geometry":{"type":"Point","coordinates":[-64.20353,45.81329]}},{"type":"Feature","properties":{"name":"McDonald's","routes":["C3","CA"],"provs":["NS"],"desc":"Fast food\nFree wifi\nNetwork: BELLWIFI@MCDONALDS\nSource: \u00a9 OpenStreetMap contributors (ODbL) https://www.openstreetmap.org/way/239783905","sym":"Radio Beacon"},"geometry":{"type":"Point","coordinates":[-64.20366,45.81315]}},{"type":"Feature","properties":{"name":"Biblioth\u00e8que Bellevile","routes":["C1","CN"],"provs":["QC"],"desc":"Library\nFree wifi\nNetwork: MTLWiFi\nSource: \u00a9 OpenStreetMap contributors (ODbL) https://www.openstreetmap.org/way/240211072","sym":"Radio Beacon"},"geometry":{"type":"Point","coordinates":[-73.64229,45.58181]}},{"type":"Feature","properties":{"name":"Biblioth\u00e8que Bellevile","routes":["C1","CN"],"provs":["QC"],"desc":"Library\nFree wifi\nNetwork: MTLWiFi\nSource: \u00a9 OpenStreetMap contributors (ODbL) https://www.openstreetmap.org/way/240211072","sym":"Radio Beacon"},"geometry":{"type":"Point","coordinates":[-73.64229,45.58193]}},{"type":"Feature","properties":{"name":"Biblioth\u00e8que Henri-Bourassa","routes":["C1","C3","CN"],"provs":["QC"],"desc":"Library\nFree wifi\nNetwork: MTLWiFi\nSource: \u00a9 OpenStreetMap contributors (ODbL) https://www.openstreetmap.org/way/240211073","sym":"Radio Beacon"},"geometry":{"type":"Point","coordinates":[-73.62495,45.60461]}},{"type":"Feature","properties":{"name":"Biblioth\u00e8que Henri-Bourassa","routes":["C1","C3","CN"],"provs":["QC"],"desc":"Library\nFree wifi\nNetwork: MTLWiFi\nSource: \u00a9 OpenStreetMap contributors (ODbL) https://www.openstreetmap.org/way/240211073","sym":"Radio Beacon"},"geometry":{"type":"Point","coordinates":[-73.62502,45.60463]}},{"type":"Feature","properties":{"name":"St-Hubert","routes":["C1","C2","C3","CA","CW"],"provs":["QC"],"desc":"Restaurant\nFree wifi\nSource: \u00a9 OpenStreetMap contributors (ODbL) https://www.openstreetmap.org/way/241190720","sym":"Radio Beacon"},"geometry":{"type":"Point","coordinates":[-71.17657,46.7963]}},{"type":"Feature","properties":{"name":"St-Hubert","routes":["C1","C2","C3","CA","CW"],"provs":["QC"],"desc":"Restaurant\nFree wifi\nSource: \u00a9 OpenStreetMap contributors (ODbL) https://www.openstreetmap.org/way/241190720","sym":"Radio Beacon"},"geometry":{"type":"Point","coordinates":[-71.17651,46.7962]}},{"type":"Feature","properties":{"name":"McDonald's","routes":["C1","C2","C3","CA","CW"],"provs":["QC"],"desc":"Fast food\nFree wifi\nSource: \u00a9 OpenStreetMap contributors (ODbL) https://www.openstreetmap.org/way/241190725","sym":"Radio Beacon"},"geometry":{"type":"Point","coordinates":[-71.17779,46.79533]}},{"type":"Feature","properties":{"name":"McDonald's","routes":["C1","C2","C3","CA","CW"],"provs":["QC"],"desc":"Fast food\nFree wifi\nSource: \u00a9 OpenStreetMap contributors (ODbL) https://www.openstreetmap.org/way/241190725","sym":"Radio Beacon"},"geometry":{"type":"Point","coordinates":[-71.17774,46.79549]}},{"type":"Feature","properties":{"name":"Wendy's","routes":["C1","C2","CN","CL"],"provs":["BC"],"desc":"Fast food\nSource: \u00a9 OpenStreetMap contributors (ODbL) https://www.openstreetmap.org/way/241890270","sym":"Radio Beacon"},"geometry":{"type":"Point","coordinates":[-122.66293,49.11932]}},{"type":"Feature","properties":{"name":"Wendy's","routes":["C1","C2","CN","CL"],"provs":["BC"],"desc":"Fast food\nSource: \u00a9 OpenStreetMap contributors (ODbL) https://www.openstreetmap.org/way/241890270","sym":"Radio Beacon"},"geometry":{"type":"Point","coordinates":[-122.66295,49.11928]}},{"type":"Feature","properties":{"name":"Maison de la culture Maisonneuve","routes":["C1","C2","CN","CA","CL"],"provs":["QC"],"desc":"Community centre\nFree wifi\nNetwork: MTLWiFi\nSource: \u00a9 OpenStreetMap contributors (ODbL) https://www.openstreetmap.org/way/243013275","sym":"Radio Beacon"},"geometry":{"type":"Point","coordinates":[-73.54028,45.55107]}},{"type":"Feature","properties":{"name":"Maison de la culture Maisonneuve","routes":["C1","C2","CN","CA","CL"],"provs":["QC"],"desc":"Community centre\nFree wifi\nNetwork: MTLWiFi\nSource: \u00a9 OpenStreetMap contributors (ODbL) https://www.openstreetmap.org/way/243013275","sym":"Radio Beacon"},"geometry":{"type":"Point","coordinates":[-73.54022,45.55116]}},{"type":"Feature","properties":{"name":"Carrefour Jeunesse","routes":["C1","C2","CN","CA","CL"],"provs":["QC"],"desc":"Community centre\nFree wifi\nNetwork: MTLWiFi\nSource: \u00a9 OpenStreetMap contributors (ODbL) https://www.openstreetmap.org/way/243013276","sym":"Radio Beacon"},"geometry":{"type":"Point","coordinates":[-73.54002,45.55165]}},{"type":"Feature","properties":{"name":"Carrefour Jeunesse","routes":["C1","C2","CN","CA","CL"],"provs":["QC"],"desc":"Community centre\nFree wifi\nNetwork: MTLWiFi\nSource: \u00a9 OpenStreetMap contributors (ODbL) https://www.openstreetmap.org/way/243013276","sym":"Radio Beacon"},"geometry":{"type":"Point","coordinates":[-73.54009,45.55159]}},{"type":"Feature","properties":{"name":"McDonald's","routes":["CN"],"provs":["NS"],"desc":"Fast food\nFree wifi\nSource: \u00a9 OpenStreetMap contributors (ODbL) https://www.openstreetmap.org/way/243757535","sym":"Radio Beacon"},"geometry":{"type":"Point","coordinates":[-63.50669,44.97569]}},{"type":"Feature","properties":{"name":"McDonald's","routes":["CN"],"provs":["NS"],"desc":"Fast food\nFree wifi\nSource: \u00a9 OpenStreetMap contributors (ODbL) https://www.openstreetmap.org/way/243757535","sym":"Radio Beacon"},"geometry":{"type":"Point","coordinates":[-63.50684,44.97561]}},{"type":"Feature","properties":{"name":"A&W","routes":["CN"],"provs":["NS"],"desc":"Fast food\nFree wifi\nSource: \u00a9 OpenStreetMap contributors (ODbL) https://www.openstreetmap.org/way/243757536","sym":"Radio Beacon"},"geometry":{"type":"Point","coordinates":[-63.508,44.97529]}},{"type":"Feature","properties":{"name":"A&W","routes":["CN"],"provs":["NS"],"desc":"Fast food\nFree wifi\nSource: \u00a9 OpenStreetMap contributors (ODbL) https://www.openstreetmap.org/way/243757536","sym":"Radio Beacon"},"geometry":{"type":"Point","coordinates":[-63.50788,44.97535]}},{"type":"Feature","properties":{"name":"Biblioth\u00e8que Saint-Charles","routes":["C1","C2","C3","CA","CW"],"provs":["QC"],"desc":"Library\nFree wifi\nNetwork: ZAP Qu\u00e9bec\nSource: \u00a9 OpenStreetMap contributors (ODbL) https://www.openstreetmap.org/way/244846723","sym":"Radio Beacon"},"geometry":{"type":"Point","coordinates":[-71.22427,46.82365]}},{"type":"Feature","properties":{"name":"Biblioth\u00e8que Saint-Charles","routes":["C1","C2","C3","CA","CW"],"provs":["QC"],"desc":"Library\nFree wifi\nNetwork: ZAP Qu\u00e9bec\nSource: \u00a9 OpenStreetMap contributors (ODbL) https://www.openstreetmap.org/way/244846723","sym":"Radio Beacon"},"geometry":{"type":"Point","coordinates":[-71.22422,46.82373]}},{"type":"Feature","properties":{"name":"L'Anti Bar & Spectacles","routes":["C1","C2","C3","CA","CW"],"provs":["QC"],"desc":"Bar\nFree wifi\nSource: \u00a9 OpenStreetMap contributors (ODbL) https://www.openstreetmap.org/way/245721917","sym":"Radio Beacon"},"geometry":{"type":"Point","coordinates":[-71.2285,46.81568]}},{"type":"Feature","properties":{"name":"L'Anti Bar & Spectacles","routes":["C1","C2","C3","CA","CW"],"provs":["QC"],"desc":"Bar\nFree wifi\nSource: \u00a9 OpenStreetMap contributors (ODbL) https://www.openstreetmap.org/way/245721917","sym":"Radio Beacon"},"geometry":{"type":"Point","coordinates":[-71.2285,46.8156]}},{"type":"Feature","properties":{"name":"Biblioth\u00e8que Gabrielle-Roy","routes":["C1","C2","C3","CA","CW"],"provs":["QC"],"desc":"Library\nFree wifi\nNetwork: ZAP Qu\u00e9bec\nSource: \u00a9 OpenStreetMap contributors (ODbL) https://www.openstreetmap.org/way/245722583","sym":"Radio Beacon"},"geometry":{"type":"Point","coordinates":[-71.22563,46.81437]}},{"type":"Feature","properties":{"name":"Biblioth\u00e8que Gabrielle-Roy","routes":["C1","C2","C3","CA","CW"],"provs":["QC"],"desc":"Library\nFree wifi\nNetwork: ZAP Qu\u00e9bec\nSource: \u00a9 OpenStreetMap contributors (ODbL) https://www.openstreetmap.org/way/245722583","sym":"Radio Beacon"},"geometry":{"type":"Point","coordinates":[-71.22583,46.81419]}},{"type":"Feature","properties":{"name":"Toronto Public Library - Humber Bay","routes":["C2"],"provs":["ON"],"desc":"Library\nFree wifi\nSource: \u00a9 OpenStreetMap contributors (ODbL) https://www.openstreetmap.org/way/246245147","sym":"Radio Beacon"},"geometry":{"type":"Point","coordinates":[-79.49135,43.63028]}},{"type":"Feature","properties":{"name":"Toronto Public Library - Humber Bay","routes":["C2"],"provs":["ON"],"desc":"Library\nFree wifi\nSource: \u00a9 OpenStreetMap contributors (ODbL) https://www.openstreetmap.org/way/246245147","sym":"Radio Beacon"},"geometry":{"type":"Point","coordinates":[-79.49125,43.6303]}},{"type":"Feature","properties":{"name":"McDonald's","routes":["C2"],"provs":["NS"],"desc":"Fast food\nSource: \u00a9 OpenStreetMap contributors (ODbL) https://www.openstreetmap.org/way/247303016","sym":"Radio Beacon"},"geometry":{"type":"Point","coordinates":[-64.44794,45.06775]}},{"type":"Feature","properties":{"name":"McDonald's","routes":["C2"],"provs":["NS"],"desc":"Fast food\nSource: \u00a9 OpenStreetMap contributors (ODbL) https://www.openstreetmap.org/way/247303016","sym":"Radio Beacon"},"geometry":{"type":"Point","coordinates":[-64.44793,45.06759]}},{"type":"Feature","properties":{"name":"Real Canadian Superstore","routes":["C3"],"provs":["ON"],"desc":"Supermarket\nFree wifi\nNetwork: RCSS Wasaga Beach\nSource: \u00a9 OpenStreetMap contributors (ODbL) https://www.openstreetmap.org/way/248100794","sym":"Radio Beacon"},"geometry":{"type":"Point","coordinates":[-80.07327,44.47321]}},{"type":"Feature","properties":{"name":"Real Canadian Superstore","routes":["C3"],"provs":["ON"],"desc":"Supermarket\nFree wifi\nNetwork: RCSS Wasaga Beach\nSource: \u00a9 OpenStreetMap contributors (ODbL) https://www.openstreetmap.org/way/248100794","sym":"Radio Beacon"},"geometry":{"type":"Point","coordinates":[-80.07377,44.47313]}},{"type":"Feature","properties":{"name":"Toronto Public Library - Weston","routes":["C2","CN","CA","CL"],"provs":["ON"],"desc":"Library\nFree wifi\nSource: \u00a9 OpenStreetMap contributors (ODbL) https://www.openstreetmap.org/way/248608496","sym":"Radio Beacon"},"geometry":{"type":"Point","coordinates":[-79.52054,43.70178]}},{"type":"Feature","properties":{"name":"Toronto Public Library - Weston","routes":["C2","CN","CA","CL"],"provs":["ON"],"desc":"Library\nFree wifi\nSource: \u00a9 OpenStreetMap contributors (ODbL) https://www.openstreetmap.org/way/248608496","sym":"Radio Beacon"},"geometry":{"type":"Point","coordinates":[-79.52061,43.70179]}},{"type":"Feature","properties":{"name":"H\u00f4tel de ville de Qu\u00e9bec","routes":["C1","C2","C3","CA","CW"],"provs":["QC"],"desc":"Town hall\nFree wifi\nSource: \u00a9 OpenStreetMap contributors (ODbL) https://www.openstreetmap.org/way/249571503","sym":"Radio Beacon"},"geometry":{"type":"Point","coordinates":[-71.2081,46.81383]}},{"type":"Feature","properties":{"name":"H\u00f4tel de ville de Qu\u00e9bec","routes":["C1","C2","C3","CA","CW"],"provs":["QC"],"desc":"Town hall\nFree wifi\nSource: \u00a9 OpenStreetMap contributors (ODbL) https://www.openstreetmap.org/way/249571503","sym":"Radio Beacon"},"geometry":{"type":"Point","coordinates":[-71.20797,46.81388]}},{"type":"Feature","properties":{"name":"Montana's","routes":["C1"],"provs":["SK"],"desc":"Restaurant\nSource: \u00a9 OpenStreetMap contributors (ODbL) https://www.openstreetmap.org/way/249601160","sym":"Radio Beacon"},"geometry":{"type":"Point","coordinates":[-104.6204,50.40184]}},{"type":"Feature","properties":{"name":"Montana's","routes":["C1"],"provs":["SK"],"desc":"Restaurant\nSource: \u00a9 OpenStreetMap contributors (ODbL) https://www.openstreetmap.org/way/249601160","sym":"Radio Beacon"},"geometry":{"type":"Point","coordinates":[-104.62048,50.40188]}},{"type":"Feature","properties":{"name":"Tim Hortons","routes":["C1"],"provs":["SK"],"desc":"Caf\u00e9\nFree wifi\nSource: \u00a9 OpenStreetMap contributors (ODbL) https://www.openstreetmap.org/way/249654293","sym":"Radio Beacon"},"geometry":{"type":"Point","coordinates":[-104.55414,50.44636]}},{"type":"Feature","properties":{"name":"Tim Hortons","routes":["C1"],"provs":["SK"],"desc":"Caf\u00e9\nFree wifi\nSource: \u00a9 OpenStreetMap contributors (ODbL) https://www.openstreetmap.org/way/249654293","sym":"Radio Beacon"},"geometry":{"type":"Point","coordinates":[-104.55432,50.44641]}},{"type":"Feature","properties":{"name":"Tim Hortons","routes":["C1","CA","CL"],"provs":["PE"],"desc":"Caf\u00e9\nSource: \u00a9 OpenStreetMap contributors (ODbL) https://www.openstreetmap.org/way/250591896","sym":"Radio Beacon"},"geometry":{"type":"Point","coordinates":[-63.12868,46.23591]}},{"type":"Feature","properties":{"name":"Tim Hortons","routes":["C1","CA","CL"],"provs":["PE"],"desc":"Caf\u00e9\nSource: \u00a9 OpenStreetMap contributors (ODbL) https://www.openstreetmap.org/way/250591896","sym":"Radio Beacon"},"geometry":{"type":"Point","coordinates":[-63.12864,46.23582]}},{"type":"Feature","properties":{"name":"Tim Hortons","routes":["C1","C2","CN","CL"],"provs":["BC"],"desc":"Caf\u00e9\nSource: \u00a9 OpenStreetMap contributors (ODbL) https://www.openstreetmap.org/way/254454996","sym":"Radio Beacon"},"geometry":{"type":"Point","coordinates":[-122.66813,49.11589]}},{"type":"Feature","properties":{"name":"Tim Hortons","routes":["C1","C2","CN","CL"],"provs":["BC"],"desc":"Caf\u00e9\nSource: \u00a9 OpenStreetMap contributors (ODbL) https://www.openstreetmap.org/way/254454996","sym":"Radio Beacon"},"geometry":{"type":"Point","coordinates":[-122.66799,49.11594]}},{"type":"Feature","properties":{"name":"Tim Hortons","routes":["C1","C2","CN","CL"],"provs":["BC"],"desc":"Caf\u00e9\nSource: \u00a9 OpenStreetMap contributors (ODbL) https://www.openstreetmap.org/way/254722877","sym":"Radio Beacon"},"geometry":{"type":"Point","coordinates":[-122.66112,49.10897]}},{"type":"Feature","properties":{"name":"Tim Hortons","routes":["C1","C2","CN","CL"],"provs":["BC"],"desc":"Caf\u00e9\nSource: \u00a9 OpenStreetMap contributors (ODbL) https://www.openstreetmap.org/way/254722877","sym":"Radio Beacon"},"geometry":{"type":"Point","coordinates":[-122.6612,49.10886]}},{"type":"Feature","properties":{"name":"Sahota's Live Grill","routes":["C1","C2","CN","CL"],"provs":["BC"],"desc":"Restaurant\nFree wifi\nNetwork: Sahotas Live Grill -Guest\nSource: \u00a9 OpenStreetMap contributors (ODbL) https://www.openstreetmap.org/way/255867668","sym":"Radio Beacon"},"geometry":{"type":"Point","coordinates":[-122.69055,49.10504]}},{"type":"Feature","properties":{"name":"Sahota's Live Grill","routes":["C1","C2","CN","CL"],"provs":["BC"],"desc":"Restaurant\nFree wifi\nNetwork: Sahotas Live Grill -Guest\nSource: \u00a9 OpenStreetMap contributors (ODbL) https://www.openstreetmap.org/way/255867668","sym":"Radio Beacon"},"geometry":{"type":"Point","coordinates":[-122.69055,49.10491]}},{"type":"Feature","properties":{"name":"Tim Hortons","routes":["C2","C3","CN","CA","CW"],"provs":["BC"],"desc":"Caf\u00e9\nSource: \u00a9 OpenStreetMap contributors (ODbL) https://www.openstreetmap.org/way/257530577","sym":"Radio Beacon"},"geometry":{"type":"Point","coordinates":[-123.98115,49.18324]}},{"type":"Feature","properties":{"name":"Tim Hortons","routes":["C2","C3","CN","CA","CW"],"provs":["BC"],"desc":"Caf\u00e9\nSource: \u00a9 OpenStreetMap contributors (ODbL) https://www.openstreetmap.org/way/257530577","sym":"Radio Beacon"},"geometry":{"type":"Point","coordinates":[-123.98113,49.18316]}},{"type":"Feature","properties":{"name":"Happy Potato Caf\u00e9","routes":["C1","C3","CN","CA"],"provs":["ON"],"desc":"Caf\u00e9\nFree wifi\nSource: \u00a9 OpenStreetMap contributors (ODbL) https://www.openstreetmap.org/way/258269889","sym":"Radio Beacon"},"geometry":{"type":"Point","coordinates":[-75.71048,45.40179]}},{"type":"Feature","properties":{"name":"Happy Potato Caf\u00e9","routes":["C1","C3","CN","CA"],"provs":["ON"],"desc":"Caf\u00e9\nFree wifi\nSource: \u00a9 OpenStreetMap contributors (ODbL) https://www.openstreetmap.org/way/258269889","sym":"Radio Beacon"},"geometry":{"type":"Point","coordinates":[-75.71043,45.40181]}},{"type":"Feature","properties":{"name":"Wendy's","routes":["C1","C2","CN"],"provs":["BC"],"desc":"Fast food\nSource: \u00a9 OpenStreetMap contributors (ODbL) https://www.openstreetmap.org/way/258436790","sym":"Radio Beacon"},"geometry":{"type":"Point","coordinates":[-122.66718,49.15894]}},{"type":"Feature","properties":{"name":"McDonald's","routes":["C2","CN","CL"],"provs":["BC"],"desc":"Fast food\nFree wifi\nSource: \u00a9 OpenStreetMap contributors (ODbL) https://www.openstreetmap.org/way/258552139","sym":"Radio Beacon"},"geometry":{"type":"Point","coordinates":[-122.22102,49.04147]}},{"type":"Feature","properties":{"name":"McDonald's","routes":["C2","CN","CL"],"provs":["BC"],"desc":"Fast food\nFree wifi\nSource: \u00a9 OpenStreetMap contributors (ODbL) https://www.openstreetmap.org/way/258552139","sym":"Radio Beacon"},"geometry":{"type":"Point","coordinates":[-122.22105,49.04139]}},{"type":"Feature","properties":{"name":"Toronto Public Library - Brentwood","routes":["C2","CL"],"provs":["ON"],"desc":"Library\nFree wifi\nSource: \u00a9 OpenStreetMap contributors (ODbL) https://www.openstreetmap.org/way/260682038","sym":"Radio Beacon"},"geometry":{"type":"Point","coordinates":[-79.51431,43.64751]}},{"type":"Feature","properties":{"name":"Toronto Public Library - Brentwood","routes":["C2","CL"],"provs":["ON"],"desc":"Library\nFree wifi\nSource: \u00a9 OpenStreetMap contributors (ODbL) https://www.openstreetmap.org/way/260682038","sym":"Radio Beacon"},"geometry":{"type":"Point","coordinates":[-79.51428,43.64737]}},{"type":"Feature","properties":{"name":"Cornerstone","routes":["C1","C3","CN","CA"],"provs":["ON","QC"],"desc":"Restaurant\nFree wifi\nSource: \u00a9 OpenStreetMap contributors (ODbL) https://www.openstreetmap.org/way/262901797","sym":"Radio Beacon"},"geometry":{"type":"Point","coordinates":[-75.69273,45.42901]}},{"type":"Feature","properties":{"name":"Cornerstone","routes":["C1","C3","CN","CA"],"provs":["ON","QC"],"desc":"Restaurant\nFree wifi\nSource: \u00a9 OpenStreetMap contributors (ODbL) https://www.openstreetmap.org/way/262901797","sym":"Radio Beacon"},"geometry":{"type":"Point","coordinates":[-75.69273,45.42902]}},{"type":"Feature","properties":{"name":"Gathering Tree Eatery and Gift Shop","routes":["CN"],"provs":["BC"],"desc":"Caf\u00e9\nSource: \u00a9 OpenStreetMap contributors (ODbL) https://www.openstreetmap.org/way/264013852","sym":"Radio Beacon"},"geometry":{"type":"Point","coordinates":[-119.26306,52.83221]}},{"type":"Feature","properties":{"name":"Gathering Tree Eatery and Gift Shop","routes":["CN"],"provs":["BC"],"desc":"Caf\u00e9\nSource: \u00a9 OpenStreetMap contributors (ODbL) https://www.openstreetmap.org/way/264013852","sym":"Radio Beacon"},"geometry":{"type":"Point","coordinates":[-119.26314,52.83234]}},{"type":"Feature","properties":{"name":"Valemount Public Library","routes":["CN"],"provs":["BC"],"desc":"Library\nSource: \u00a9 OpenStreetMap contributors (ODbL) https://www.openstreetmap.org/way/264915991","sym":"Radio Beacon"},"geometry":{"type":"Point","coordinates":[-119.26213,52.83575]}},{"type":"Feature","properties":{"name":"Valemount Public Library","routes":["CN"],"provs":["BC"],"desc":"Library\nSource: \u00a9 OpenStreetMap contributors (ODbL) https://www.openstreetmap.org/way/264915991","sym":"Radio Beacon"},"geometry":{"type":"Point","coordinates":[-119.26213,52.83584]}},{"type":"Feature","properties":{"name":"McDonald's","routes":["C1","C2","CN"],"provs":["BC"],"desc":"Fast food\nFree wifi\nSource: \u00a9 OpenStreetMap contributors (ODbL) https://www.openstreetmap.org/way/268443212","sym":"Radio Beacon"},"geometry":{"type":"Point","coordinates":[-122.65732,49.16248]}},{"type":"Feature","properties":{"name":"McDonald's","routes":["C1","C2","CN"],"provs":["BC"],"desc":"Fast food\nFree wifi\nSource: \u00a9 OpenStreetMap contributors (ODbL) https://www.openstreetmap.org/way/268443212","sym":"Radio Beacon"},"geometry":{"type":"Point","coordinates":[-122.65722,49.1624]}},{"type":"Feature","properties":{"name":"A&W","routes":["C1","C2","CN","CL"],"provs":["BC"],"desc":"Fast food\nFree wifi\nSource: \u00a9 OpenStreetMap contributors (ODbL) https://www.openstreetmap.org/way/269123007","sym":"Radio Beacon"},"geometry":{"type":"Point","coordinates":[-122.32335,49.05108]}},{"type":"Feature","properties":{"name":"A&W","routes":["C1","C2","CN","CL"],"provs":["BC"],"desc":"Fast food\nFree wifi\nSource: \u00a9 OpenStreetMap contributors (ODbL) https://www.openstreetmap.org/way/269123007","sym":"Radio Beacon"},"geometry":{"type":"Point","coordinates":[-122.32328,49.05111]}},{"type":"Feature","properties":{"name":"Tim Hortons","routes":["C1","C2","CN","CL"],"provs":["BC"],"desc":"Caf\u00e9\nSource: \u00a9 OpenStreetMap contributors (ODbL) https://www.openstreetmap.org/way/269230323","sym":"Radio Beacon"},"geometry":{"type":"Point","coordinates":[-122.31562,49.05075]}},{"type":"Feature","properties":{"name":"Tim Hortons","routes":["C1","C2","CN","CL"],"provs":["BC"],"desc":"Caf\u00e9\nSource: \u00a9 OpenStreetMap contributors (ODbL) https://www.openstreetmap.org/way/269230323","sym":"Radio Beacon"},"geometry":{"type":"Point","coordinates":[-122.31563,49.05084]}},{"type":"Feature","properties":{"name":"Caf\u00e9 Smith","routes":["C1","C2","C3","CA","CW"],"provs":["QC"],"desc":"Caf\u00e9\nSource: \u00a9 OpenStreetMap contributors (ODbL) https://www.openstreetmap.org/way/270440201","sym":"Radio Beacon"},"geometry":{"type":"Point","coordinates":[-71.2206,46.80019]}},{"type":"Feature","properties":{"name":"Caf\u00e9 Smith","routes":["C1","C2","C3","CA","CW"],"provs":["QC"],"desc":"Caf\u00e9\nSource: \u00a9 OpenStreetMap contributors (ODbL) https://www.openstreetmap.org/way/270440201","sym":"Radio Beacon"},"geometry":{"type":"Point","coordinates":[-71.2207,46.8002]}},{"type":"Feature","properties":{"name":"Arby's","routes":["C1"],"provs":["SK"],"desc":"Fast food\nSource: \u00a9 OpenStreetMap contributors (ODbL) https://www.openstreetmap.org/way/271585302","sym":"Radio Beacon"},"geometry":{"type":"Point","coordinates":[-104.5521,50.44782]}},{"type":"Feature","properties":{"name":"Arby's","routes":["C1"],"provs":["SK"],"desc":"Fast food\nSource: \u00a9 OpenStreetMap contributors (ODbL) https://www.openstreetmap.org/way/271585302","sym":"Radio Beacon"},"geometry":{"type":"Point","coordinates":[-104.55202,50.44794]}},{"type":"Feature","properties":{"name":"Tim Hortons","routes":["CN","CL"],"provs":["ON"],"desc":"Caf\u00e9\nFree wifi\nSource: \u00a9 OpenStreetMap contributors (ODbL) https://www.openstreetmap.org/way/271775947","sym":"Radio Beacon"},"geometry":{"type":"Point","coordinates":[-79.43353,43.79577]}},{"type":"Feature","properties":{"name":"Tim Hortons","routes":["CN","CL"],"provs":["ON"],"desc":"Caf\u00e9\nFree wifi\nSource: \u00a9 OpenStreetMap contributors (ODbL) https://www.openstreetmap.org/way/271775947","sym":"Radio Beacon"},"geometry":{"type":"Point","coordinates":[-79.43345,43.79567]}},{"type":"Feature","properties":{"name":"Jasper Park Information Centre","routes":["C3","CA"],"provs":["AB"],"desc":"Visitor centre\nFree wifi\nSource: \u00a9 OpenStreetMap contributors (ODbL) https://www.openstreetmap.org/way/272517389","sym":"Radio Beacon"},"geometry":{"type":"Point","coordinates":[-118.08083,52.87741]}},{"type":"Feature","properties":{"name":"Jasper Park Information Centre","routes":["C3","CA"],"provs":["AB"],"desc":"Visitor centre\nFree wifi\nSource: \u00a9 OpenStreetMap contributors (ODbL) https://www.openstreetmap.org/way/272517389","sym":"Radio Beacon"},"geometry":{"type":"Point","coordinates":[-118.08083,52.87732]}},{"type":"Feature","properties":{"name":"Starbucks","routes":["C2"],"provs":["ON"],"desc":"Caf\u00e9\nSource: \u00a9 OpenStreetMap contributors (ODbL) https://www.openstreetmap.org/way/273270559","sym":"Radio Beacon"},"geometry":{"type":"Point","coordinates":[-79.45152,43.65354]}},{"type":"Feature","properties":{"name":"Starbucks","routes":["C2"],"provs":["ON"],"desc":"Caf\u00e9\nSource: \u00a9 OpenStreetMap contributors (ODbL) https://www.openstreetmap.org/way/273270559","sym":"Radio Beacon"},"geometry":{"type":"Point","coordinates":[-79.45149,43.65346]}},{"type":"Feature","properties":{"name":"McDonald's","routes":["C2","CN","CL"],"provs":["BC"],"desc":"Fast food\nSource: \u00a9 OpenStreetMap contributors (ODbL) https://www.openstreetmap.org/way/274209145","sym":"Radio Beacon"},"geometry":{"type":"Point","coordinates":[-122.81269,49.2783]}},{"type":"Feature","properties":{"name":"McDonald's","routes":["C2","CN","CL"],"provs":["BC"],"desc":"Fast food\nSource: \u00a9 OpenStreetMap contributors (ODbL) https://www.openstreetmap.org/way/274209145","sym":"Radio Beacon"},"geometry":{"type":"Point","coordinates":[-122.81273,49.27834]}},{"type":"Feature","properties":{"name":"I am Thai","routes":["C1","C2","CN","CL"],"provs":["BC"],"desc":"Restaurant\nFree wifi\nSource: \u00a9 OpenStreetMap contributors (ODbL) https://www.openstreetmap.org/way/274725314","sym":"Radio Beacon"},"geometry":{"type":"Point","coordinates":[-122.2999,49.04943]}},{"type":"Feature","properties":{"name":"I am Thai","routes":["C1","C2","CN","CL"],"provs":["BC"],"desc":"Restaurant\nFree wifi\nSource: \u00a9 OpenStreetMap contributors (ODbL) https://www.openstreetmap.org/way/274725314","sym":"Radio Beacon"},"geometry":{"type":"Point","coordinates":[-122.29991,49.04949]}},{"type":"Feature","properties":{"name":"Heritage Gallery","routes":["C1","C2","CN","CL"],"provs":["BC"],"desc":"Museum\nPaid wifi\nSource: \u00a9 OpenStreetMap contributors (ODbL) https://www.openstreetmap.org/way/274888709","sym":"Radio Beacon"},"geometry":{"type":"Point","coordinates":[-122.30525,49.04359]}},{"type":"Feature","properties":{"name":"Heritage Gallery","routes":["C1","C2","CN","CL"],"provs":["BC"],"desc":"Museum\nPaid wifi\nSource: \u00a9 OpenStreetMap contributors (ODbL) https://www.openstreetmap.org/way/274888709","sym":"Radio Beacon"},"geometry":{"type":"Point","coordinates":[-122.30515,49.04355]}},{"type":"Feature","properties":{"name":"Red Robin","routes":["C1","C2","CN","CL"],"provs":["BC"],"desc":"Restaurant\nSource: \u00a9 OpenStreetMap contributors (ODbL) https://www.openstreetmap.org/way/274888718","sym":"Radio Beacon"},"geometry":{"type":"Point","coordinates":[-122.30913,49.05125]}},{"type":"Feature","properties":{"name":"Red Robin","routes":["C1","C2","CN","CL"],"provs":["BC"],"desc":"Restaurant\nSource: \u00a9 OpenStreetMap contributors (ODbL) https://www.openstreetmap.org/way/274888718","sym":"Radio Beacon"},"geometry":{"type":"Point","coordinates":[-122.30913,49.05114]}},{"type":"Feature","properties":{"name":"McDonald's","routes":["C1","C2","CN","CL"],"provs":["BC"],"desc":"Fast food\nFree wifi\nSource: \u00a9 OpenStreetMap contributors (ODbL) https://www.openstreetmap.org/way/274888721","sym":"Radio Beacon"},"geometry":{"type":"Point","coordinates":[-122.30976,49.05143]}},{"type":"Feature","properties":{"name":"McDonald's","routes":["C1","C2","CN","CL"],"provs":["BC"],"desc":"Fast food\nFree wifi\nSource: \u00a9 OpenStreetMap contributors (ODbL) https://www.openstreetmap.org/way/274888721","sym":"Radio Beacon"},"geometry":{"type":"Point","coordinates":[-122.30966,49.0514]}},{"type":"Feature","properties":{"name":"Tim Hortons","routes":["CN","CA"],"provs":["ON"],"desc":"Caf\u00e9\nSource: \u00a9 OpenStreetMap contributors (ODbL) https://www.openstreetmap.org/way/282840029","sym":"Radio Beacon"},"geometry":{"type":"Point","coordinates":[-77.86353,45.06999]}},{"type":"Feature","properties":{"name":"Tim Hortons","routes":["CN","CA"],"provs":["ON"],"desc":"Caf\u00e9\nSource: \u00a9 OpenStreetMap contributors (ODbL) https://www.openstreetmap.org/way/282840029","sym":"Radio Beacon"},"geometry":{"type":"Point","coordinates":[-77.86341,45.07006]}},{"type":"Feature","properties":{"name":"7-Eleven","routes":["C1","C3","CN"],"provs":["AB"],"desc":"Convenience store\nSource: \u00a9 OpenStreetMap contributors (ODbL) https://www.openstreetmap.org/way/284266913","sym":"Radio Beacon"},"geometry":{"type":"Point","coordinates":[-114.20846,51.12673]}},{"type":"Feature","properties":{"name":"7-Eleven","routes":["C1","C3","CN"],"provs":["AB"],"desc":"Convenience store\nSource: \u00a9 OpenStreetMap contributors (ODbL) https://www.openstreetmap.org/way/284266913","sym":"Radio Beacon"},"geometry":{"type":"Point","coordinates":[-114.20834,51.12675]}},{"type":"Feature","properties":{"name":"Michele Heights Community Centre","routes":["C1","C3","CN"],"provs":["ON"],"desc":"Community centre\nFree wifi\nSource: \u00a9 OpenStreetMap contributors (ODbL) https://www.openstreetmap.org/way/285790426","sym":"Radio Beacon"},"geometry":{"type":"Point","coordinates":[-75.80201,45.3546]}},{"type":"Feature","properties":{"name":"Michele Heights Community Centre","routes":["C1","C3","CN"],"provs":["ON"],"desc":"Community centre\nFree wifi\nSource: \u00a9 OpenStreetMap contributors (ODbL) https://www.openstreetmap.org/way/285790426","sym":"Radio Beacon"},"geometry":{"type":"Point","coordinates":[-75.80201,45.35463]}},{"type":"Feature","properties":{"name":"Tim Hortons","routes":["C1","C3","CA","CL"],"provs":["BC"],"desc":"Caf\u00e9\nSource: \u00a9 OpenStreetMap contributors (ODbL) https://www.openstreetmap.org/way/286473742","sym":"Radio Beacon"},"geometry":{"type":"Point","coordinates":[-123.33291,48.47189]}},{"type":"Feature","properties":{"name":"Tim Hortons","routes":["C1","C3","CA","CL"],"provs":["BC"],"desc":"Caf\u00e9\nSource: \u00a9 OpenStreetMap contributors (ODbL) https://www.openstreetmap.org/way/286473742","sym":"Radio Beacon"},"geometry":{"type":"Point","coordinates":[-123.33299,48.47202]}},{"type":"Feature","properties":{"name":"Great Taste Chinese Restaurant","routes":["C1","C3"],"provs":["AB"],"desc":"Restaurant\nSource: \u00a9 OpenStreetMap contributors (ODbL) https://www.openstreetmap.org/way/292129058","sym":"Radio Beacon"},"geometry":{"type":"Point","coordinates":[-114.06134,51.05107]}},{"type":"Feature","properties":{"name":"Great Taste Chinese Restaurant","routes":["C1","C3"],"provs":["AB"],"desc":"Restaurant\nSource: \u00a9 OpenStreetMap contributors (ODbL) https://www.openstreetmap.org/way/292129058","sym":"Radio Beacon"},"geometry":{"type":"Point","coordinates":[-114.0613,51.05095]}},{"type":"Feature","properties":{"name":"Sing Sing","routes":["C2","CN","CA","CL"],"provs":["BC"],"desc":"Pub\nSource: \u00a9 OpenStreetMap contributors (ODbL) https://www.openstreetmap.org/way/292351757","sym":"Radio Beacon"},"geometry":{"type":"Point","coordinates":[-123.10059,49.26073]}},{"type":"Feature","properties":{"name":"Sing Sing","routes":["C2","CN","CA","CL"],"provs":["BC"],"desc":"Pub\nSource: \u00a9 OpenStreetMap contributors (ODbL) https://www.openstreetmap.org/way/292351757","sym":"Radio Beacon"},"geometry":{"type":"Point","coordinates":[-123.1007,49.26069]}},{"type":"Feature","properties":{"name":"49th Parallel Coffee Roasters","routes":["C2","CN","CA","CL"],"provs":["BC"],"desc":"Caf\u00e9\nSource: \u00a9 OpenStreetMap contributors (ODbL) https://www.openstreetmap.org/way/292351765","sym":"Radio Beacon"},"geometry":{"type":"Point","coordinates":[-123.10093,49.25921]}},{"type":"Feature","properties":{"name":"49th Parallel Coffee Roasters","routes":["C2","CN","CA","CL"],"provs":["BC"],"desc":"Caf\u00e9\nSource: \u00a9 OpenStreetMap contributors (ODbL) https://www.openstreetmap.org/way/292351765","sym":"Radio Beacon"},"geometry":{"type":"Point","coordinates":[-123.1008,49.25914]}},{"type":"Feature","properties":{"name":"Tim Hortons","routes":["C2","CN","CL"],"provs":["BC"],"desc":"Caf\u00e9\nFree wifi\nSource: \u00a9 OpenStreetMap contributors (ODbL) https://www.openstreetmap.org/way/293140128","sym":"Radio Beacon"},"geometry":{"type":"Point","coordinates":[-122.33779,49.03443]}},{"type":"Feature","properties":{"name":"Richcraft Recreation Complex","routes":["C1","C3"],"provs":["ON"],"desc":"Recreation centre\nFree wifi\nSource: \u00a9 OpenStreetMap contributors (ODbL) https://www.openstreetmap.org/way/293247659","sym":"Radio Beacon"},"geometry":{"type":"Point","coordinates":[-75.9306,45.34028]}},{"type":"Feature","properties":{"name":"Richcraft Recreation Complex","routes":["C1","C3"],"provs":["ON"],"desc":"Recreation centre\nFree wifi\nSource: \u00a9 OpenStreetMap contributors (ODbL) https://www.openstreetmap.org/way/293247659","sym":"Radio Beacon"},"geometry":{"type":"Point","coordinates":[-75.9305,45.34043]}},{"type":"Feature","properties":{"name":"Wendy's","routes":["C1","C2","CN","CL"],"provs":["BC"],"desc":"Fast food\nFree wifi\nSource: \u00a9 OpenStreetMap contributors (ODbL) https://www.openstreetmap.org/way/294435270","sym":"Radio Beacon"},"geometry":{"type":"Point","coordinates":[-122.31709,49.05145]}},{"type":"Feature","properties":{"name":"Wendy's","routes":["C1","C2","CN","CL"],"provs":["BC"],"desc":"Fast food\nFree wifi\nSource: \u00a9 OpenStreetMap contributors (ODbL) https://www.openstreetmap.org/way/294435270","sym":"Radio Beacon"},"geometry":{"type":"Point","coordinates":[-122.31704,49.05142]}},{"type":"Feature","properties":{"name":"McDonald's","routes":["CN","CL"],"provs":["NB"],"desc":"Fast food\nSource: \u00a9 OpenStreetMap contributors (ODbL) https://www.openstreetmap.org/way/295040019","sym":"Radio Beacon"},"geometry":{"type":"Point","coordinates":[-64.75521,46.0948]}},{"type":"Feature","properties":{"name":"McDonald's","routes":["CN","CL"],"provs":["NB"],"desc":"Fast food\nSource: \u00a9 OpenStreetMap contributors (ODbL) https://www.openstreetmap.org/way/295040019","sym":"Radio Beacon"},"geometry":{"type":"Point","coordinates":[-64.75509,46.09478]}},{"type":"Feature","properties":{"name":"Old Yale Brewing Co.","routes":["C1","C2","CN","CL"],"provs":["BC"],"desc":"Pub\nFree wifi\nSource: \u00a9 OpenStreetMap contributors (ODbL) https://www.openstreetmap.org/way/295230446","sym":"Radio Beacon"},"geometry":{"type":"Point","coordinates":[-122.29133,49.04656]}},{"type":"Feature","properties":{"name":"Old Yale Brewing Co.","routes":["C1","C2","CN","CL"],"provs":["BC"],"desc":"Pub\nFree wifi\nSource: \u00a9 OpenStreetMap contributors (ODbL) https://www.openstreetmap.org/way/295230446","sym":"Radio Beacon"},"geometry":{"type":"Point","coordinates":[-122.29133,49.04641]}},{"type":"Feature","properties":{"name":"Tim Hortons","routes":["C2","CN","CL"],"provs":["BC"],"desc":"Caf\u00e9\nFree wifi\nSource: \u00a9 OpenStreetMap contributors (ODbL) https://www.openstreetmap.org/way/296083404","sym":"Radio Beacon"},"geometry":{"type":"Point","coordinates":[-122.79364,49.27508]}},{"type":"Feature","properties":{"name":"Tim Hortons","routes":["C2","CN","CL"],"provs":["BC"],"desc":"Caf\u00e9\nFree wifi\nSource: \u00a9 OpenStreetMap contributors (ODbL) https://www.openstreetmap.org/way/296083404","sym":"Radio Beacon"},"geometry":{"type":"Point","coordinates":[-122.79362,49.27522]}},{"type":"Feature","properties":{"name":"Arby's","routes":["C3","CN","CA","CL"],"provs":["ON"],"desc":"Fast food\nSource: \u00a9 OpenStreetMap contributors (ODbL) https://www.openstreetmap.org/way/296271978","sym":"Radio Beacon"},"geometry":{"type":"Point","coordinates":[-79.42494,44.5913]}},{"type":"Feature","properties":{"name":"Arby's","routes":["C3","CN","CA","CL"],"provs":["ON"],"desc":"Fast food\nSource: \u00a9 OpenStreetMap contributors (ODbL) https://www.openstreetmap.org/way/296271978","sym":"Radio Beacon"},"geometry":{"type":"Point","coordinates":[-79.42511,44.59123]}},{"type":"Feature","properties":{"name":"Milltown Bar & Grill","routes":["C2","CN","CA","CL","CW"],"provs":["BC"],"desc":"Bar\nSource: \u00a9 OpenStreetMap contributors (ODbL) https://www.openstreetmap.org/way/296318785","sym":"Radio Beacon"},"geometry":{"type":"Point","coordinates":[-123.14445,49.20237]}},{"type":"Feature","properties":{"name":"Milltown Bar & Grill","routes":["C2","CN","CA","CL","CW"],"provs":["BC"],"desc":"Bar\nSource: \u00a9 OpenStreetMap contributors (ODbL) https://www.openstreetmap.org/way/296318785","sym":"Radio Beacon"},"geometry":{"type":"Point","coordinates":[-123.14444,49.20244]}},{"type":"Feature","properties":{"name":"Mary J.L. Black","routes":["C1","C2","C3"],"provs":["ON"],"desc":"Library\nFree wifi\nSource: \u00a9 OpenStreetMap contributors (ODbL) https://www.openstreetmap.org/way/296962833","sym":"Radio Beacon"},"geometry":{"type":"Point","coordinates":[-89.27944,48.37162]}},{"type":"Feature","properties":{"name":"Mary J.L. Black","routes":["C1","C2","C3"],"provs":["ON"],"desc":"Library\nFree wifi\nSource: \u00a9 OpenStreetMap contributors (ODbL) https://www.openstreetmap.org/way/296962833","sym":"Radio Beacon"},"geometry":{"type":"Point","coordinates":[-89.27941,48.37153]}},{"type":"Feature","properties":{"name":"Tim Hortons","routes":["C2","CN","CA","CL"],"provs":["ON"],"desc":"Caf\u00e9\nFree wifi\nSource: \u00a9 OpenStreetMap contributors (ODbL) https://www.openstreetmap.org/way/297253798","sym":"Radio Beacon"},"geometry":{"type":"Point","coordinates":[-79.53049,43.77421]}},{"type":"Feature","properties":{"name":"Tim Hortons","routes":["C2","CN","CA","CL"],"provs":["ON"],"desc":"Caf\u00e9\nFree wifi\nSource: \u00a9 OpenStreetMap contributors (ODbL) https://www.openstreetmap.org/way/297253798","sym":"Radio Beacon"},"geometry":{"type":"Point","coordinates":[-79.53042,43.77414]}},{"type":"Feature","properties":{"name":"McDonald's","routes":["CN","CL"],"provs":["NB"],"desc":"Fast food\nSource: \u00a9 OpenStreetMap contributors (ODbL) https://www.openstreetmap.org/way/297677264","sym":"Radio Beacon"},"geometry":{"type":"Point","coordinates":[-64.80754,46.07543]}},{"type":"Feature","properties":{"name":"McDonald's","routes":["CN","CL"],"provs":["NB"],"desc":"Fast food\nSource: \u00a9 OpenStreetMap contributors (ODbL) https://www.openstreetmap.org/way/297677264","sym":"Radio Beacon"},"geometry":{"type":"Point","coordinates":[-64.80748,46.07531]}},{"type":"Feature","properties":{"name":"White Spot","routes":["C1","C2","CN","CL"],"provs":["BC"],"desc":"Restaurant\nFree wifi\nSource: \u00a9 OpenStreetMap contributors (ODbL) https://www.openstreetmap.org/way/299353545","sym":"Radio Beacon"},"geometry":{"type":"Point","coordinates":[-122.30372,49.0506]}},{"type":"Feature","properties":{"name":"White Spot","routes":["C1","C2","CN","CL"],"provs":["BC"],"desc":"Restaurant\nFree wifi\nSource: \u00a9 OpenStreetMap contributors (ODbL) https://www.openstreetmap.org/way/299353545","sym":"Radio Beacon"},"geometry":{"type":"Point","coordinates":[-122.30385,49.0506]}},{"type":"Feature","properties":{"name":"McDonald's","routes":["C1","C3","CN","CA"],"provs":["ON"],"desc":"Fast food\nSource: \u00a9 OpenStreetMap contributors (ODbL) https://www.openstreetmap.org/way/300577496","sym":"Radio Beacon"},"geometry":{"type":"Point","coordinates":[-75.70115,45.40288]}},{"type":"Feature","properties":{"name":"McDonald's","routes":["C1","C3","CN","CA"],"provs":["ON"],"desc":"Fast food\nSource: \u00a9 OpenStreetMap contributors (ODbL) https://www.openstreetmap.org/way/300577496","sym":"Radio Beacon"},"geometry":{"type":"Point","coordinates":[-75.70118,45.40294]}},{"type":"Feature","properties":{"name":"McDonald's","routes":["C3","CL"],"provs":["QC"],"desc":"Fast food\nFree wifi\nSource: \u00a9 OpenStreetMap contributors (ODbL) https://www.openstreetmap.org/way/302465166","sym":"Radio Beacon"},"geometry":{"type":"Point","coordinates":[-64.48566,48.82798]}},{"type":"Feature","properties":{"name":"McDonald's","routes":["C3","CL"],"provs":["QC"],"desc":"Fast food\nFree wifi\nSource: \u00a9 OpenStreetMap contributors (ODbL) https://www.openstreetmap.org/way/302465166","sym":"Radio Beacon"},"geometry":{"type":"Point","coordinates":[-64.4857,48.82795]}},{"type":"Feature","properties":{"name":"McDonald's","routes":["C1","C3","CA","CL"],"provs":["BC"],"desc":"Fast food\nSource: \u00a9 OpenStreetMap contributors (ODbL) https://www.openstreetmap.org/way/302538803","sym":"Radio Beacon"},"geometry":{"type":"Point","coordinates":[-123.35665,48.42776]}},{"type":"Feature","properties":{"name":"McDonald's","routes":["C1","C3","CA","CL"],"provs":["BC"],"desc":"Fast food\nSource: \u00a9 OpenStreetMap contributors (ODbL) https://www.openstreetmap.org/way/302538803","sym":"Radio Beacon"},"geometry":{"type":"Point","coordinates":[-123.35677,48.42781]}},{"type":"Feature","properties":{"name":"Cape Jourimain Entry Pavilion","routes":["C1","CL","CW"],"provs":["NB"],"desc":"Visitor centre\nFree wifi\nSource: \u00a9 OpenStreetMap contributors (ODbL) https://www.openstreetmap.org/way/302911030","sym":"Radio Beacon"},"geometry":{"type":"Point","coordinates":[-63.81497,46.1619]}},{"type":"Feature","properties":{"name":"Cape Jourimain Entry Pavilion","routes":["C1","CL","CW"],"provs":["NB"],"desc":"Visitor centre\nFree wifi\nSource: \u00a9 OpenStreetMap contributors (ODbL) https://www.openstreetmap.org/way/302911030","sym":"Radio Beacon"},"geometry":{"type":"Point","coordinates":[-63.8149,46.16181]}},{"type":"Feature","properties":{"name":"City Centre Aquatic Complex","routes":["C2","CN","CL"],"provs":["BC"],"desc":"Recreation centre\nFree wifi\nSource: \u00a9 OpenStreetMap contributors (ODbL) https://www.openstreetmap.org/way/303576906","sym":"Radio Beacon"},"geometry":{"type":"Point","coordinates":[-122.79429,49.28541]}},{"type":"Feature","properties":{"name":"City Centre Aquatic Complex","routes":["C2","CN","CL"],"provs":["BC"],"desc":"Recreation centre\nFree wifi\nSource: \u00a9 OpenStreetMap contributors (ODbL) https://www.openstreetmap.org/way/303576906","sym":"Radio Beacon"},"geometry":{"type":"Point","coordinates":[-122.79403,49.2855]}},{"type":"Feature","properties":{"name":"Tall Shadow Bakery","routes":["C2","CN","CA","CL"],"provs":["BC"],"desc":"Bakery\nSource: \u00a9 OpenStreetMap contributors (ODbL) https://www.openstreetmap.org/way/304298084","sym":"Radio Beacon"},"geometry":{"type":"Point","coordinates":[-123.05528,49.28085]}},{"type":"Feature","properties":{"name":"Tall Shadow Bakery","routes":["C2","CN","CA","CL"],"provs":["BC"],"desc":"Bakery\nSource: \u00a9 OpenStreetMap contributors (ODbL) https://www.openstreetmap.org/way/304298084","sym":"Radio Beacon"},"geometry":{"type":"Point","coordinates":[-123.05522,49.28094]}},{"type":"Feature","properties":{"name":"Toronto Public Library - Mount Dennis","routes":["C2","CL"],"provs":["ON"],"desc":"Library\nFree wifi\nSource: \u00a9 OpenStreetMap contributors (ODbL) https://www.openstreetmap.org/way/305625750","sym":"Radio Beacon"},"geometry":{"type":"Point","coordinates":[-79.48813,43.68658]}},{"type":"Feature","properties":{"name":"Toronto Public Library - Mount Dennis","routes":["C2","CL"],"provs":["ON"],"desc":"Library\nFree wifi\nSource: \u00a9 OpenStreetMap contributors (ODbL) https://www.openstreetmap.org/way/305625750","sym":"Radio Beacon"},"geometry":{"type":"Point","coordinates":[-79.48822,43.68661]}},{"type":"Feature","properties":{"name":"Toronto Public Library - Jones","routes":["C2"],"provs":["ON"],"desc":"Library\nFree wifi\nSource: \u00a9 OpenStreetMap contributors (ODbL) https://www.openstreetmap.org/way/306467593","sym":"Radio Beacon"},"geometry":{"type":"Point","coordinates":[-79.33455,43.66603]}},{"type":"Feature","properties":{"name":"Toronto Public Library - Jones","routes":["C2"],"provs":["ON"],"desc":"Library\nFree wifi\nSource: \u00a9 OpenStreetMap contributors (ODbL) https://www.openstreetmap.org/way/306467593","sym":"Radio Beacon"},"geometry":{"type":"Point","coordinates":[-79.33452,43.66596]}},{"type":"Feature","properties":{"name":"Robin's Donuts","routes":["C1","C2","C3","CN"],"provs":["MB"],"desc":"Fast food\nSource: \u00a9 OpenStreetMap contributors (ODbL) https://www.openstreetmap.org/way/307229023","sym":"Radio Beacon"},"geometry":{"type":"Point","coordinates":[-97.13893,49.88957]}},{"type":"Feature","properties":{"name":"Robin's Donuts","routes":["C1","C2","C3","CN"],"provs":["MB"],"desc":"Fast food\nSource: \u00a9 OpenStreetMap contributors (ODbL) https://www.openstreetmap.org/way/307229023","sym":"Radio Beacon"},"geometry":{"type":"Point","coordinates":[-97.1389,49.8895]}},{"type":"Feature","properties":{"name":"Sandy Hill Community Centre","routes":["C1","C3","CN","CA"],"provs":["ON"],"desc":"Community centre\nFree wifi\nSource: \u00a9 OpenStreetMap contributors (ODbL) https://www.openstreetmap.org/way/307248561","sym":"Radio Beacon"},"geometry":{"type":"Point","coordinates":[-75.67782,45.42278]}},{"type":"Feature","properties":{"name":"Sandy Hill Community Centre","routes":["C1","C3","CN","CA"],"provs":["ON"],"desc":"Community centre\nFree wifi\nSource: \u00a9 OpenStreetMap contributors (ODbL) https://www.openstreetmap.org/way/307248561","sym":"Radio Beacon"},"geometry":{"type":"Point","coordinates":[-75.67762,45.42278]}},{"type":"Feature","properties":{"name":"Millennium Library","routes":["C1","C2","C3","CN"],"provs":["MB"],"desc":"Library\nSource: \u00a9 OpenStreetMap contributors (ODbL) https://www.openstreetmap.org/way/307460807","sym":"Radio Beacon"},"geometry":{"type":"Point","coordinates":[-97.14171,49.89218]}},{"type":"Feature","properties":{"name":"Millennium Library","routes":["C1","C2","C3","CN"],"provs":["MB"],"desc":"Library\nSource: \u00a9 OpenStreetMap contributors (ODbL) https://www.openstreetmap.org/way/307460807","sym":"Radio Beacon"},"geometry":{"type":"Point","coordinates":[-97.14184,49.89169]}},{"type":"Feature","properties":{"name":"Biblioth\u00e8que Marc-Favreau","routes":["C1","C2","CN","CA","CL"],"provs":["QC"],"desc":"Library\nFree wifi\nSource: \u00a9 OpenStreetMap contributors (ODbL) https://www.openstreetmap.org/way/308481767","sym":"Radio Beacon"},"geometry":{"type":"Point","coordinates":[-73.59711,45.53189]}},{"type":"Feature","properties":{"name":"Biblioth\u00e8que Marc-Favreau","routes":["C1","C2","CN","CA","CL"],"provs":["QC"],"desc":"Library\nFree wifi\nSource: \u00a9 OpenStreetMap contributors (ODbL) https://www.openstreetmap.org/way/308481767","sym":"Radio Beacon"},"geometry":{"type":"Point","coordinates":[-73.59721,45.53184]}},{"type":"Feature","properties":{"name":"McDonald's","routes":["C2","C3","CA","CL"],"provs":["ON"],"desc":"Fast food\nSource: \u00a9 OpenStreetMap contributors (ODbL) https://www.openstreetmap.org/way/308734111","sym":"Radio Beacon"},"geometry":{"type":"Point","coordinates":[-78.18949,43.96914]}},{"type":"Feature","properties":{"name":"McDonald's","routes":["C2","C3","CA","CL"],"provs":["ON"],"desc":"Fast food\nSource: \u00a9 OpenStreetMap contributors (ODbL) https://www.openstreetmap.org/way/308734111","sym":"Radio Beacon"},"geometry":{"type":"Point","coordinates":[-78.18949,43.96907]}},{"type":"Feature","properties":{"name":"Tim Hortons","routes":["C2","C3","CA","CL"],"provs":["ON"],"desc":"Caf\u00e9\nSource: \u00a9 OpenStreetMap contributors (ODbL) https://www.openstreetmap.org/way/308735110","sym":"Radio Beacon"},"geometry":{"type":"Point","coordinates":[-78.18855,43.96832]}},{"type":"Feature","properties":{"name":"Tim Hortons","routes":["C2","C3","CA","CL"],"provs":["ON"],"desc":"Caf\u00e9\nSource: \u00a9 OpenStreetMap contributors (ODbL) https://www.openstreetmap.org/way/308735110","sym":"Radio Beacon"},"geometry":{"type":"Point","coordinates":[-78.18861,43.96843]}},{"type":"Feature","properties":{"name":"Chuck's Roadhouse","routes":["C2","C3","CA","CL"],"provs":["ON"],"desc":"Restaurant\nSource: \u00a9 OpenStreetMap contributors (ODbL) https://www.openstreetmap.org/way/308735267","sym":"Radio Beacon"},"geometry":{"type":"Point","coordinates":[-78.19397,43.97127]}},{"type":"Feature","properties":{"name":"Chuck's Roadhouse","routes":["C2","C3","CA","CL"],"provs":["ON"],"desc":"Restaurant\nSource: \u00a9 OpenStreetMap contributors (ODbL) https://www.openstreetmap.org/way/308735267","sym":"Radio Beacon"},"geometry":{"type":"Point","coordinates":[-78.19395,43.9714]}},{"type":"Feature","properties":{"name":"Westhaven Elmhurst Community Recreation Association","routes":["C1","C2","CN","CA","CL"],"provs":["QC"],"desc":"Community centre\nFree wifi\nNetwork: MTLWiFi\nSource: \u00a9 OpenStreetMap contributors (ODbL) https://www.openstreetmap.org/way/310731998","sym":"Radio Beacon"},"geometry":{"type":"Point","coordinates":[-73.63888,45.45493]}},{"type":"Feature","properties":{"name":"Westhaven Elmhurst Community Recreation Association","routes":["C1","C2","CN","CA","CL"],"provs":["QC"],"desc":"Community centre\nFree wifi\nNetwork: MTLWiFi\nSource: \u00a9 OpenStreetMap contributors (ODbL) https://www.openstreetmap.org/way/310731998","sym":"Radio Beacon"},"geometry":{"type":"Point","coordinates":[-73.63891,45.45481]}},{"type":"Feature","properties":{"name":"Cobourg Public Library","routes":["C2","C3","CA","CL"],"provs":["ON"],"desc":"Library\nSource: \u00a9 OpenStreetMap contributors (ODbL) https://www.openstreetmap.org/way/310949538","sym":"Radio Beacon"},"geometry":{"type":"Point","coordinates":[-78.17537,43.95873]}},{"type":"Feature","properties":{"name":"Cobourg Public Library","routes":["C2","C3","CA","CL"],"provs":["ON"],"desc":"Library\nSource: \u00a9 OpenStreetMap contributors (ODbL) https://www.openstreetmap.org/way/310949538","sym":"Radio Beacon"},"geometry":{"type":"Point","coordinates":[-78.17518,43.95864]}},{"type":"Feature","properties":{"name":"Starbucks","routes":["C3","CA"],"provs":["SK"],"desc":"Caf\u00e9\nSource: \u00a9 OpenStreetMap contributors (ODbL) https://www.openstreetmap.org/way/311568085","sym":"Radio Beacon"},"geometry":{"type":"Point","coordinates":[-106.63556,52.12873]}},{"type":"Feature","properties":{"name":"Starbucks","routes":["C3","CA"],"provs":["SK"],"desc":"Caf\u00e9\nSource: \u00a9 OpenStreetMap contributors (ODbL) https://www.openstreetmap.org/way/311568085","sym":"Radio Beacon"},"geometry":{"type":"Point","coordinates":[-106.63564,52.12867]}},{"type":"Feature","properties":{"name":"Gordon Neighbourhood House","routes":["C2","CN","CA","CL"],"provs":["BC"],"desc":"Community centre\nSource: \u00a9 OpenStreetMap contributors (ODbL) https://www.openstreetmap.org/way/311648447","sym":"Radio Beacon"},"geometry":{"type":"Point","coordinates":[-123.13371,49.28555]}},{"type":"Feature","properties":{"name":"Gordon Neighbourhood House","routes":["C2","CN","CA","CL"],"provs":["BC"],"desc":"Community centre\nSource: \u00a9 OpenStreetMap contributors (ODbL) https://www.openstreetmap.org/way/311648447","sym":"Radio Beacon"},"geometry":{"type":"Point","coordinates":[-123.13372,49.28567]}},{"type":"Feature","properties":{"name":"Tim Hortons","routes":["C3","CA"],"provs":["SK"],"desc":"Caf\u00e9\nFree wifi\nSource: \u00a9 OpenStreetMap contributors (ODbL) https://www.openstreetmap.org/way/311835225","sym":"Radio Beacon"},"geometry":{"type":"Point","coordinates":[-106.63457,52.11373]}},{"type":"Feature","properties":{"name":"Tim Hortons","routes":["C3","CA"],"provs":["SK"],"desc":"Caf\u00e9\nFree wifi\nSource: \u00a9 OpenStreetMap contributors (ODbL) https://www.openstreetmap.org/way/311835225","sym":"Radio Beacon"},"geometry":{"type":"Point","coordinates":[-106.63468,52.11381]}},{"type":"Feature","properties":{"name":"Arby's","routes":["C2","C3","CL"],"provs":["ON"],"desc":"Fast food\nSource: \u00a9 OpenStreetMap contributors (ODbL) https://www.openstreetmap.org/way/312021688","sym":"Radio Beacon"},"geometry":{"type":"Point","coordinates":[-78.28866,43.96722]}},{"type":"Feature","properties":{"name":"Arby's","routes":["C2","C3","CL"],"provs":["ON"],"desc":"Fast food\nSource: \u00a9 OpenStreetMap contributors (ODbL) https://www.openstreetmap.org/way/312021688","sym":"Radio Beacon"},"geometry":{"type":"Point","coordinates":[-78.28871,43.96724]}},{"type":"Feature","properties":{"name":"Tim Hortons","routes":["C2"],"provs":["NB"],"desc":"Caf\u00e9\nSource: \u00a9 OpenStreetMap contributors (ODbL) https://www.openstreetmap.org/way/314623458","sym":"Radio Beacon"},"geometry":{"type":"Point","coordinates":[-67.91749,47.16891]}},{"type":"Feature","properties":{"name":"Tim Hortons","routes":["C2"],"provs":["NB"],"desc":"Caf\u00e9\nSource: \u00a9 OpenStreetMap contributors (ODbL) https://www.openstreetmap.org/way/314623458","sym":"Radio Beacon"},"geometry":{"type":"Point","coordinates":[-67.91745,47.16882]}},{"type":"Feature","properties":{"name":"Tim Hortons","routes":["C2","CA"],"provs":["AB"],"desc":"Caf\u00e9\nSource: \u00a9 OpenStreetMap contributors (ODbL) https://www.openstreetmap.org/way/314749859","sym":"Radio Beacon"},"geometry":{"type":"Point","coordinates":[-112.8455,49.6934]}},{"type":"Feature","properties":{"name":"Tim Hortons","routes":["C2","CA"],"provs":["AB"],"desc":"Caf\u00e9\nSource: \u00a9 OpenStreetMap contributors (ODbL) https://www.openstreetmap.org/way/314749859","sym":"Radio Beacon"},"geometry":{"type":"Point","coordinates":[-112.84547,49.69332]}},{"type":"Feature","properties":{"name":"Equator Coffee","routes":["C1","C3","CN","CA"],"provs":["ON"],"desc":"Caf\u00e9\nSource: \u00a9 OpenStreetMap contributors (ODbL) https://www.openstreetmap.org/way/314798810","sym":"Radio Beacon"},"geometry":{"type":"Point","coordinates":[-75.75372,45.39178]}},{"type":"Feature","properties":{"name":"Equator Coffee","routes":["C1","C3","CN","CA"],"provs":["ON"],"desc":"Caf\u00e9\nSource: \u00a9 OpenStreetMap contributors (ODbL) https://www.openstreetmap.org/way/314798810","sym":"Radio Beacon"},"geometry":{"type":"Point","coordinates":[-75.75376,45.3917]}},{"type":"Feature","properties":{"name":"VanDusen Botanical Garden Visitor Centre","routes":["C2","CN","CA","CL"],"provs":["BC"],"desc":"Visitor centre\nSource: \u00a9 OpenStreetMap contributors (ODbL) https://www.openstreetmap.org/way/315702944","sym":"Radio Beacon"},"geometry":{"type":"Point","coordinates":[-123.12867,49.23922]}},{"type":"Feature","properties":{"name":"VanDusen Botanical Garden Visitor Centre","routes":["C2","CN","CA","CL"],"provs":["BC"],"desc":"Visitor centre\nSource: \u00a9 OpenStreetMap contributors (ODbL) https://www.openstreetmap.org/way/315702944","sym":"Radio Beacon"},"geometry":{"type":"Point","coordinates":[-123.1288,49.23931]}},{"type":"Feature","properties":{"name":"Smitty's","routes":["C3","CN"],"provs":["NS"],"desc":"Restaurant\nFree wifi\nSource: \u00a9 OpenStreetMap contributors (ODbL) https://www.openstreetmap.org/way/316796000","sym":"Radio Beacon"},"geometry":{"type":"Point","coordinates":[-63.31458,45.36741]}},{"type":"Feature","properties":{"name":"Smitty's","routes":["C3","CN"],"provs":["NS"],"desc":"Restaurant\nFree wifi\nSource: \u00a9 OpenStreetMap contributors (ODbL) https://www.openstreetmap.org/way/316796000","sym":"Radio Beacon"},"geometry":{"type":"Point","coordinates":[-63.3147,45.36737]}},{"type":"Feature","properties":{"name":"Tim Hortons","routes":["C3"],"provs":["ON"],"desc":"Caf\u00e9\nFree wifi\nSource: \u00a9 OpenStreetMap contributors (ODbL) https://www.openstreetmap.org/way/317237044","sym":"Radio Beacon"},"geometry":{"type":"Point","coordinates":[-80.05084,44.48865]}},{"type":"Feature","properties":{"name":"Tim Hortons","routes":["C3"],"provs":["ON"],"desc":"Caf\u00e9\nFree wifi\nSource: \u00a9 OpenStreetMap contributors (ODbL) https://www.openstreetmap.org/way/317237044","sym":"Radio Beacon"},"geometry":{"type":"Point","coordinates":[-80.0509,44.48875]}},{"type":"Feature","properties":{"name":"Centre R\u00e9cr\u00e9atif Rivi\u00e8ve-des-Prairies","routes":["C1","C3","CN"],"provs":["QC"],"desc":"Community centre\nFree wifi\nNetwork: MTLWiFi\nSource: \u00a9 OpenStreetMap contributors (ODbL) https://www.openstreetmap.org/way/317375625","sym":"Radio Beacon"},"geometry":{"type":"Point","coordinates":[-73.59483,45.62717]}},{"type":"Feature","properties":{"name":"Centre R\u00e9cr\u00e9atif Rivi\u00e8ve-des-Prairies","routes":["C1","C3","CN"],"provs":["QC"],"desc":"Community centre\nFree wifi\nNetwork: MTLWiFi\nSource: \u00a9 OpenStreetMap contributors (ODbL) https://www.openstreetmap.org/way/317375625","sym":"Radio Beacon"},"geometry":{"type":"Point","coordinates":[-73.59477,45.62709]}},{"type":"Feature","properties":{"name":"McDonald's","routes":["CN","CL"],"provs":["NB"],"desc":"Fast food\nSource: \u00a9 OpenStreetMap contributors (ODbL) https://www.openstreetmap.org/way/319649332","sym":"Radio Beacon"},"geometry":{"type":"Point","coordinates":[-64.77742,46.11289]}},{"type":"Feature","properties":{"name":"McDonald's","routes":["CN","CL"],"provs":["NB"],"desc":"Fast food\nSource: \u00a9 OpenStreetMap contributors (ODbL) https://www.openstreetmap.org/way/319649332","sym":"Radio Beacon"},"geometry":{"type":"Point","coordinates":[-64.77745,46.11281]}},{"type":"Feature","properties":{"name":"Abbotsford Recreation Centre","routes":["C1","C2","CN","CL"],"provs":["BC"],"desc":"Community centre\nSource: \u00a9 OpenStreetMap contributors (ODbL) https://www.openstreetmap.org/way/319789583","sym":"Radio Beacon"},"geometry":{"type":"Point","coordinates":[-122.2627,49.04814]}},{"type":"Feature","properties":{"name":"Abbotsford Recreation Centre","routes":["C1","C2","CN","CL"],"provs":["BC"],"desc":"Community centre\nSource: \u00a9 OpenStreetMap contributors (ODbL) https://www.openstreetmap.org/way/319789583","sym":"Radio Beacon"},"geometry":{"type":"Point","coordinates":[-122.26302,49.04805]}},{"type":"Feature","properties":{"name":"Save-On-Foods","routes":["C2","CN","CL"],"provs":["BC"],"desc":"Supermarket\nFree wifi\nSource: \u00a9 OpenStreetMap contributors (ODbL) https://www.openstreetmap.org/way/320329947","sym":"Radio Beacon"},"geometry":{"type":"Point","coordinates":[-122.22264,49.04501]}},{"type":"Feature","properties":{"name":"Save-On-Foods","routes":["C2","CN","CL"],"provs":["BC"],"desc":"Supermarket\nFree wifi\nSource: \u00a9 OpenStreetMap contributors (ODbL) https://www.openstreetmap.org/way/320329947","sym":"Radio Beacon"},"geometry":{"type":"Point","coordinates":[-122.22257,49.04519]}},{"type":"Feature","properties":{"name":"Arby's","routes":["C2","CA"],"provs":["AB"],"desc":"Fast food\nSource: \u00a9 OpenStreetMap contributors (ODbL) https://www.openstreetmap.org/way/321188617","sym":"Radio Beacon"},"geometry":{"type":"Point","coordinates":[-112.84409,49.69722]}},{"type":"Feature","properties":{"name":"Arby's","routes":["C2","CA"],"provs":["AB"],"desc":"Fast food\nSource: \u00a9 OpenStreetMap contributors (ODbL) https://www.openstreetmap.org/way/321188617","sym":"Radio Beacon"},"geometry":{"type":"Point","coordinates":[-112.84408,49.69727]}},{"type":"Feature","properties":{"name":"Tim Hortons","routes":["CN","CL"],"provs":["NB"],"desc":"Caf\u00e9\nSource: \u00a9 OpenStreetMap contributors (ODbL) https://www.openstreetmap.org/way/321449134","sym":"Radio Beacon"},"geometry":{"type":"Point","coordinates":[-64.729,46.13218]}},{"type":"Feature","properties":{"name":"Tim Hortons","routes":["CN","CL"],"provs":["NB"],"desc":"Caf\u00e9\nSource: \u00a9 OpenStreetMap contributors (ODbL) https://www.openstreetmap.org/way/321449134","sym":"Radio Beacon"},"geometry":{"type":"Point","coordinates":[-64.72899,46.13211]}},{"type":"Feature","properties":{"name":"Tim Hortons","routes":["C2","CN","CL"],"provs":["BC"],"desc":"Caf\u00e9\nSource: \u00a9 OpenStreetMap contributors (ODbL) https://www.openstreetmap.org/way/322873442","sym":"Radio Beacon"},"geometry":{"type":"Point","coordinates":[-122.94849,49.19048]}},{"type":"Feature","properties":{"name":"Tim Hortons","routes":["C2","CN","CL"],"provs":["BC"],"desc":"Caf\u00e9\nSource: \u00a9 OpenStreetMap contributors (ODbL) https://www.openstreetmap.org/way/322873442","sym":"Radio Beacon"},"geometry":{"type":"Point","coordinates":[-122.94847,49.19059]}},{"type":"Feature","properties":{"name":"Paliotti's Italian Restaurants","routes":["C1","C2","CN","CL"],"provs":["BC"],"desc":"Restaurant\nFree wifi\nSource: \u00a9 OpenStreetMap contributors (ODbL) https://www.openstreetmap.org/way/324236829","sym":"Radio Beacon"},"geometry":{"type":"Point","coordinates":[-122.28681,49.04862]}},{"type":"Feature","properties":{"name":"Paliotti's Italian Restaurants","routes":["C1","C2","CN","CL"],"provs":["BC"],"desc":"Restaurant\nFree wifi\nSource: \u00a9 OpenStreetMap contributors (ODbL) https://www.openstreetmap.org/way/324236829","sym":"Radio Beacon"},"geometry":{"type":"Point","coordinates":[-122.2869,49.0487]}},{"type":"Feature","properties":{"name":"Walmart Supercentre","routes":["C2","CA"],"provs":["NB"],"desc":"Supermarket\nSource: \u00a9 OpenStreetMap contributors (ODbL) https://www.openstreetmap.org/way/324459860","sym":"Radio Beacon"},"geometry":{"type":"Point","coordinates":[-68.34157,47.39497]}},{"type":"Feature","properties":{"name":"Walmart Supercentre","routes":["C2","CA"],"provs":["NB"],"desc":"Supermarket\nSource: \u00a9 OpenStreetMap contributors (ODbL) https://www.openstreetmap.org/way/324459860","sym":"Radio Beacon"},"geometry":{"type":"Point","coordinates":[-68.34124,47.39523]}},{"type":"Feature","properties":{"name":"IGA Extra","routes":["C2","CA"],"provs":["NB"],"desc":"Supermarket\nSource: \u00a9 OpenStreetMap contributors (ODbL) https://www.openstreetmap.org/way/324469686","sym":"Radio Beacon"},"geometry":{"type":"Point","coordinates":[-68.33798,47.38193]}},{"type":"Feature","properties":{"name":"IGA Extra","routes":["C2","CA"],"provs":["NB"],"desc":"Supermarket\nSource: \u00a9 OpenStreetMap contributors (ODbL) https://www.openstreetmap.org/way/324469686","sym":"Radio Beacon"},"geometry":{"type":"Point","coordinates":[-68.33801,47.38215]}},{"type":"Feature","properties":{"name":"McDonald's","routes":["C2","CA"],"provs":["NB"],"desc":"Fast food\nSource: \u00a9 OpenStreetMap contributors (ODbL) https://www.openstreetmap.org/way/324705968","sym":"Radio Beacon"},"geometry":{"type":"Point","coordinates":[-68.31683,47.37479]}},{"type":"Feature","properties":{"name":"McDonald's","routes":["C2","CA"],"provs":["NB"],"desc":"Fast food\nSource: \u00a9 OpenStreetMap contributors (ODbL) https://www.openstreetmap.org/way/324705968","sym":"Radio Beacon"},"geometry":{"type":"Point","coordinates":[-68.31697,47.37472]}},{"type":"Feature","properties":{"name":"Tim Hortons","routes":["C2","CA"],"provs":["NB"],"desc":"Caf\u00e9\nSource: \u00a9 OpenStreetMap contributors (ODbL) https://www.openstreetmap.org/way/324930778","sym":"Radio Beacon"},"geometry":{"type":"Point","coordinates":[-68.34159,47.38871]}},{"type":"Feature","properties":{"name":"Tim Hortons","routes":["C2","CA"],"provs":["NB"],"desc":"Caf\u00e9\nSource: \u00a9 OpenStreetMap contributors (ODbL) https://www.openstreetmap.org/way/324930778","sym":"Radio Beacon"},"geometry":{"type":"Point","coordinates":[-68.34161,47.38866]}},{"type":"Feature","properties":{"name":"Tim Hortons","routes":["C2","CA"],"provs":["NB"],"desc":"Caf\u00e9\nSource: \u00a9 OpenStreetMap contributors (ODbL) https://www.openstreetmap.org/way/324934296","sym":"Radio Beacon"},"geometry":{"type":"Point","coordinates":[-68.32282,47.3687]}},{"type":"Feature","properties":{"name":"Tim Hortons","routes":["C2","CA"],"provs":["NB"],"desc":"Caf\u00e9\nSource: \u00a9 OpenStreetMap contributors (ODbL) https://www.openstreetmap.org/way/324934296","sym":"Radio Beacon"},"geometry":{"type":"Point","coordinates":[-68.32277,47.36883]}},{"type":"Feature","properties":{"name":"Edmundston Public Library","routes":["C2"],"provs":["NB"],"desc":"Library\nSource: \u00a9 OpenStreetMap contributors (ODbL) https://www.openstreetmap.org/way/324941511","sym":"Radio Beacon"},"geometry":{"type":"Point","coordinates":[-68.31766,47.36331]}},{"type":"Feature","properties":{"name":"Edmundston Public Library","routes":["C2"],"provs":["NB"],"desc":"Library\nSource: \u00a9 OpenStreetMap contributors (ODbL) https://www.openstreetmap.org/way/324941511","sym":"Radio Beacon"},"geometry":{"type":"Point","coordinates":[-68.3174,47.36339]}},{"type":"Feature","properties":{"name":"Phillips Tasting Room","routes":["C1","C3","CA","CL"],"provs":["BC"],"desc":"Pub\nSource: \u00a9 OpenStreetMap contributors (ODbL) https://www.openstreetmap.org/way/325125159","sym":"Radio Beacon"},"geometry":{"type":"Point","coordinates":[-123.36757,48.43213]}},{"type":"Feature","properties":{"name":"Phillips Tasting Room","routes":["C1","C3","CA","CL"],"provs":["BC"],"desc":"Pub\nSource: \u00a9 OpenStreetMap contributors (ODbL) https://www.openstreetmap.org/way/325125159","sym":"Radio Beacon"},"geometry":{"type":"Point","coordinates":[-123.36754,48.43205]}},{"type":"Feature","properties":{"name":"Tim Hortons","routes":["C2","CN","CA","CL"],"provs":["ON"],"desc":"Caf\u00e9\nSource: \u00a9 OpenStreetMap contributors (ODbL) https://www.openstreetmap.org/way/326059101","sym":"Radio Beacon"},"geometry":{"type":"Point","coordinates":[-79.53391,43.73507]}},{"type":"Feature","properties":{"name":"Tim Hortons","routes":["C2","CN","CA","CL"],"provs":["ON"],"desc":"Caf\u00e9\nSource: \u00a9 OpenStreetMap contributors (ODbL) https://www.openstreetmap.org/way/326059101","sym":"Radio Beacon"},"geometry":{"type":"Point","coordinates":[-79.53388,43.73512]}},{"type":"Feature","properties":{"name":"Tim Hortons","routes":["C2","CL"],"provs":["ON"],"desc":"Caf\u00e9\nSource: \u00a9 OpenStreetMap contributors (ODbL) https://www.openstreetmap.org/way/326292597","sym":"Radio Beacon"},"geometry":{"type":"Point","coordinates":[-79.23897,43.73902]}},{"type":"Feature","properties":{"name":"Tim Hortons","routes":["C2","CL"],"provs":["ON"],"desc":"Caf\u00e9\nSource: \u00a9 OpenStreetMap contributors (ODbL) https://www.openstreetmap.org/way/326292597","sym":"Radio Beacon"},"geometry":{"type":"Point","coordinates":[-79.23896,43.73897]}},{"type":"Feature","properties":{"name":"Burger King","routes":["C1","C2","CN","CL"],"provs":["BC"],"desc":"Fast food\nFree wifi\nSource: \u00a9 OpenStreetMap contributors (ODbL) https://www.openstreetmap.org/way/329991097","sym":"Radio Beacon"},"geometry":{"type":"Point","coordinates":[-122.33915,49.04857]}},{"type":"Feature","properties":{"name":"Burger King","routes":["C1","C2","CN","CL"],"provs":["BC"],"desc":"Fast food\nFree wifi\nSource: \u00a9 OpenStreetMap contributors (ODbL) https://www.openstreetmap.org/way/329991097","sym":"Radio Beacon"},"geometry":{"type":"Point","coordinates":[-122.33908,49.04861]}},{"type":"Feature","properties":{"name":"Tim Hortons","routes":["CN","CL"],"provs":["NB"],"desc":"Caf\u00e9\nFree wifi\nSource: \u00a9 OpenStreetMap contributors (ODbL) https://www.openstreetmap.org/way/330075053","sym":"Radio Beacon"},"geometry":{"type":"Point","coordinates":[-64.85956,46.09884]}},{"type":"Feature","properties":{"name":"Tim Hortons","routes":["CN","CL"],"provs":["NB"],"desc":"Caf\u00e9\nFree wifi\nSource: \u00a9 OpenStreetMap contributors (ODbL) https://www.openstreetmap.org/way/330075053","sym":"Radio Beacon"},"geometry":{"type":"Point","coordinates":[-64.85965,46.09879]}},{"type":"Feature","properties":{"name":"McDonald's","routes":["C3"],"provs":["NB"],"desc":"Fast food\nSource: \u00a9 OpenStreetMap contributors (ODbL) https://www.openstreetmap.org/way/330673759","sym":"Radio Beacon"},"geometry":{"type":"Point","coordinates":[-64.37371,45.90826]}},{"type":"Feature","properties":{"name":"McDonald's","routes":["C3"],"provs":["NB"],"desc":"Fast food\nSource: \u00a9 OpenStreetMap contributors (ODbL) https://www.openstreetmap.org/way/330673759","sym":"Radio Beacon"},"geometry":{"type":"Point","coordinates":[-64.37388,45.90833]}},{"type":"Feature","properties":{"name":"Tim Hortons","routes":["C3"],"provs":["NB"],"desc":"Caf\u00e9\nFree wifi\nSource: \u00a9 OpenStreetMap contributors (ODbL) https://www.openstreetmap.org/way/330685843","sym":"Radio Beacon"},"geometry":{"type":"Point","coordinates":[-64.37223,45.90828]}},{"type":"Feature","properties":{"name":"Tim Hortons","routes":["C3"],"provs":["NB"],"desc":"Caf\u00e9\nFree wifi\nSource: \u00a9 OpenStreetMap contributors (ODbL) https://www.openstreetmap.org/way/330685843","sym":"Radio Beacon"},"geometry":{"type":"Point","coordinates":[-64.37236,45.90838]}},{"type":"Feature","properties":{"name":"Piscine Annie-Pelletier","routes":["C1","C2","CN"],"provs":["QC"],"desc":"Recreation centre\nFree wifi\nNetwork: MTLWiFi\nSource: \u00a9 OpenStreetMap contributors (ODbL) https://www.openstreetmap.org/way/331975767","sym":"Radio Beacon"},"geometry":{"type":"Point","coordinates":[-73.51569,45.60236]}},{"type":"Feature","properties":{"name":"Piscine Annie-Pelletier","routes":["C1","C2","CN"],"provs":["QC"],"desc":"Recreation centre\nFree wifi\nNetwork: MTLWiFi\nSource: \u00a9 OpenStreetMap contributors (ODbL) https://www.openstreetmap.org/way/331975767","sym":"Radio Beacon"},"geometry":{"type":"Point","coordinates":[-73.51566,45.60225]}},{"type":"Feature","properties":{"name":"Wendy's","routes":["C3"],"provs":["ON"],"desc":"Fast food\nFree wifi\nSource: \u00a9 OpenStreetMap contributors (ODbL) https://www.openstreetmap.org/way/332145833","sym":"Radio Beacon"},"geometry":{"type":"Point","coordinates":[-80.05216,44.48898]}},{"type":"Feature","properties":{"name":"Wendy's","routes":["C3"],"provs":["ON"],"desc":"Fast food\nFree wifi\nSource: \u00a9 OpenStreetMap contributors (ODbL) https://www.openstreetmap.org/way/332145833","sym":"Radio Beacon"},"geometry":{"type":"Point","coordinates":[-80.05219,44.4891]}},{"type":"Feature","properties":{"name":"Tim Hortons","routes":["C1","C2","CN","CL"],"provs":["BC"],"desc":"Caf\u00e9\nFree wifi\nSource: \u00a9 OpenStreetMap contributors (ODbL) https://www.openstreetmap.org/way/332224550","sym":"Radio Beacon"},"geometry":{"type":"Point","coordinates":[-122.33673,49.04644]}},{"type":"Feature","properties":{"name":"Tim Hortons","routes":["C1","C2","CN","CL"],"provs":["BC"],"desc":"Caf\u00e9\nFree wifi\nSource: \u00a9 OpenStreetMap contributors (ODbL) https://www.openstreetmap.org/way/332224550","sym":"Radio Beacon"},"geometry":{"type":"Point","coordinates":[-122.33669,49.04646]}},{"type":"Feature","properties":{"name":"Sisters Pub & Grill","routes":["C2","CA"],"provs":["AB"],"desc":"Bar\nFree wifi\nSource: \u00a9 OpenStreetMap contributors (ODbL) https://www.openstreetmap.org/way/335955353","sym":"Radio Beacon"},"geometry":{"type":"Point","coordinates":[-112.83472,49.69671]}},{"type":"Feature","properties":{"name":"Sisters Pub & Grill","routes":["C2","CA"],"provs":["AB"],"desc":"Bar\nFree wifi\nSource: \u00a9 OpenStreetMap contributors (ODbL) https://www.openstreetmap.org/way/335955353","sym":"Radio Beacon"},"geometry":{"type":"Point","coordinates":[-112.83483,49.69678]}},{"type":"Feature","properties":{"name":"Toronto Public Library - Morningside","routes":["C2","CA","CL"],"provs":["ON"],"desc":"Library\nFree wifi\nSource: \u00a9 OpenStreetMap contributors (ODbL) https://www.openstreetmap.org/way/338407187","sym":"Radio Beacon"},"geometry":{"type":"Point","coordinates":[-79.17835,43.76996]}},{"type":"Feature","properties":{"name":"Toronto Public Library - Morningside","routes":["C2","CA","CL"],"provs":["ON"],"desc":"Library\nFree wifi\nSource: \u00a9 OpenStreetMap contributors (ODbL) https://www.openstreetmap.org/way/338407187","sym":"Radio Beacon"},"geometry":{"type":"Point","coordinates":[-79.17838,43.76986]}},{"type":"Feature","properties":{"name":"Ontario Travel Information Centre","routes":["C3","CN"],"provs":["ON"],"desc":"Visitor centre\nFree wifi\nSource: \u00a9 OpenStreetMap contributors (ODbL) https://www.openstreetmap.org/way/340345666","sym":"Radio Beacon"},"geometry":{"type":"Point","coordinates":[-79.68291,44.3353]}},{"type":"Feature","properties":{"name":"Ontario Travel Information Centre","routes":["C3","CN"],"provs":["ON"],"desc":"Visitor centre\nFree wifi\nSource: \u00a9 OpenStreetMap contributors (ODbL) https://www.openstreetmap.org/way/340345666","sym":"Radio Beacon"},"geometry":{"type":"Point","coordinates":[-79.68304,44.3353]}},{"type":"Feature","properties":{"name":"McDonald's","routes":["C2","CN","CA","CL"],"provs":["ON"],"desc":"Fast food\nSource: \u00a9 OpenStreetMap contributors (ODbL) https://www.openstreetmap.org/way/340678026","sym":"Radio Beacon"},"geometry":{"type":"Point","coordinates":[-79.57045,43.71758]}},{"type":"Feature","properties":{"name":"McDonald's","routes":["C2","CN","CA","CL"],"provs":["ON"],"desc":"Fast food\nSource: \u00a9 OpenStreetMap contributors (ODbL) https://www.openstreetmap.org/way/340678026","sym":"Radio Beacon"},"geometry":{"type":"Point","coordinates":[-79.57029,43.71756]}},{"type":"Feature","properties":{"name":"VIRL: Campbell River Branch","routes":["C3","CA"],"provs":["BC"],"desc":"Library\nFree wifi\nSource: \u00a9 OpenStreetMap contributors (ODbL) https://www.openstreetmap.org/way/341924128","sym":"Radio Beacon"},"geometry":{"type":"Point","coordinates":[-125.24594,50.02721]}},{"type":"Feature","properties":{"name":"VIRL: Campbell River Branch","routes":["C3","CA"],"provs":["BC"],"desc":"Library\nFree wifi\nSource: \u00a9 OpenStreetMap contributors (ODbL) https://www.openstreetmap.org/way/341924128","sym":"Radio Beacon"},"geometry":{"type":"Point","coordinates":[-125.24584,50.02732]}},{"type":"Feature","properties":{"name":"Resto Bar Le Deck","routes":["C2","CA"],"provs":["NB"],"desc":"Restaurant\nSource: \u00a9 OpenStreetMap contributors (ODbL) https://www.openstreetmap.org/way/342691946","sym":"Radio Beacon"},"geometry":{"type":"Point","coordinates":[-68.32438,47.36917]}},{"type":"Feature","properties":{"name":"Resto Bar Le Deck","routes":["C2","CA"],"provs":["NB"],"desc":"Restaurant\nSource: \u00a9 OpenStreetMap contributors (ODbL) https://www.openstreetmap.org/way/342691946","sym":"Radio Beacon"},"geometry":{"type":"Point","coordinates":[-68.32431,47.36928]}},{"type":"Feature","properties":{"name":"\u00a1Qu\u00e9 Padre!","routes":["C2","CA"],"provs":["NB"],"desc":"Restaurant\nSource: \u00a9 OpenStreetMap contributors (ODbL) https://www.openstreetmap.org/way/342692558","sym":"Radio Beacon"},"geometry":{"type":"Point","coordinates":[-68.32154,47.36754]}},{"type":"Feature","properties":{"name":"\u00a1Qu\u00e9 Padre!","routes":["C2","CA"],"provs":["NB"],"desc":"Restaurant\nSource: \u00a9 OpenStreetMap contributors (ODbL) https://www.openstreetmap.org/way/342692558","sym":"Radio Beacon"},"geometry":{"type":"Point","coordinates":[-68.32151,47.36747]}},{"type":"Feature","properties":{"name":"Ar\u00e9na Camillien Houde","routes":["C1","C2","CN","CA","CL"],"provs":["QC"],"desc":"Recreation centre\nFree wifi\nNetwork: MTLWiFi\nSource: \u00a9 OpenStreetMap contributors (ODbL) https://www.openstreetmap.org/way/345490381","sym":"Radio Beacon"},"geometry":{"type":"Point","coordinates":[-73.55962,45.51981]}},{"type":"Feature","properties":{"name":"Ar\u00e9na Camillien Houde","routes":["C1","C2","CN","CA","CL"],"provs":["QC"],"desc":"Recreation centre\nFree wifi\nNetwork: MTLWiFi\nSource: \u00a9 OpenStreetMap contributors (ODbL) https://www.openstreetmap.org/way/345490381","sym":"Radio Beacon"},"geometry":{"type":"Point","coordinates":[-73.55972,45.51961]}},{"type":"Feature","properties":{"name":"Tim Hortons","routes":["C3"],"provs":["NL"],"desc":"Caf\u00e9\nFree wifi\nSource: \u00a9 OpenStreetMap contributors (ODbL) https://www.openstreetmap.org/way/349595048","sym":"Radio Beacon"},"geometry":{"type":"Point","coordinates":[-55.50845,49.00851]}},{"type":"Feature","properties":{"name":"Tim Hortons","routes":["C3"],"provs":["NL"],"desc":"Caf\u00e9\nFree wifi\nSource: \u00a9 OpenStreetMap contributors (ODbL) https://www.openstreetmap.org/way/349595048","sym":"Radio Beacon"},"geometry":{"type":"Point","coordinates":[-55.50841,49.00855]}},{"type":"Feature","properties":{"name":"Tim Hortons","routes":["C2","CA"],"provs":["AB"],"desc":"Caf\u00e9\nSource: \u00a9 OpenStreetMap contributors (ODbL) https://www.openstreetmap.org/way/351253596","sym":"Radio Beacon"},"geometry":{"type":"Point","coordinates":[-112.82366,49.7053]}},{"type":"Feature","properties":{"name":"Tim Hortons","routes":["C2","CA"],"provs":["AB"],"desc":"Caf\u00e9\nSource: \u00a9 OpenStreetMap contributors (ODbL) https://www.openstreetmap.org/way/351253596","sym":"Radio Beacon"},"geometry":{"type":"Point","coordinates":[-112.82363,49.70534]}},{"type":"Feature","properties":{"name":"Caf\u00e9 Replika","routes":["C1","C2","CN","CA","CL"],"provs":["QC"],"desc":"Caf\u00e9\nWifi for customers\nSource: \u00a9 OpenStreetMap contributors (ODbL) https://www.openstreetmap.org/way/351895145","sym":"Radio Beacon"},"geometry":{"type":"Point","coordinates":[-73.57925,45.52031]}},{"type":"Feature","properties":{"name":"Caf\u00e9 Replika","routes":["C1","C2","CN","CA","CL"],"provs":["QC"],"desc":"Caf\u00e9\nWifi for customers\nSource: \u00a9 OpenStreetMap contributors (ODbL) https://www.openstreetmap.org/way/351895145","sym":"Radio Beacon"},"geometry":{"type":"Point","coordinates":[-73.57931,45.52033]}},{"type":"Feature","properties":{"name":"Kicking Horse Cafe","routes":["CN"],"provs":["BC"],"desc":"Caf\u00e9\nSource: \u00a9 OpenStreetMap contributors (ODbL) https://www.openstreetmap.org/way/353484262","sym":"Radio Beacon"},"geometry":{"type":"Point","coordinates":[-116.00593,50.51684]}},{"type":"Feature","properties":{"name":"Kicking Horse Cafe","routes":["CN"],"provs":["BC"],"desc":"Caf\u00e9\nSource: \u00a9 OpenStreetMap contributors (ODbL) https://www.openstreetmap.org/way/353484262","sym":"Radio Beacon"},"geometry":{"type":"Point","coordinates":[-116.00616,50.51678]}},{"type":"Feature","properties":{"name":"Piscine L\u00e9vesque","routes":["C1","C2","CN","CA","CL"],"provs":["QC"],"desc":"Recreation centre\nFree wifi\nNetwork: MTLWiFi\nSource: \u00a9 OpenStreetMap contributors (ODbL) https://www.openstreetmap.org/way/355370223","sym":"Radio Beacon"},"geometry":{"type":"Point","coordinates":[-73.57783,45.52632]}},{"type":"Feature","properties":{"name":"Piscine L\u00e9vesque","routes":["C1","C2","CN","CA","CL"],"provs":["QC"],"desc":"Recreation centre\nFree wifi\nNetwork: MTLWiFi\nSource: \u00a9 OpenStreetMap contributors (ODbL) https://www.openstreetmap.org/way/355370223","sym":"Radio Beacon"},"geometry":{"type":"Point","coordinates":[-73.57793,45.52626]}},{"type":"Feature","properties":{"name":"Caf\u00e9 (wifi)","routes":["C2","CN","CA","CL"],"provs":["NS"],"desc":"Caf\u00e9\nFree wifi\nSource: \u00a9 OpenStreetMap contributors (ODbL) https://www.openstreetmap.org/way/358581460","sym":"Radio Beacon"},"geometry":{"type":"Point","coordinates":[-63.65767,44.7312]}},{"type":"Feature","properties":{"name":"Caf\u00e9 (wifi)","routes":["C2","CN","CA","CL"],"provs":["NS"],"desc":"Caf\u00e9\nFree wifi\nSource: \u00a9 OpenStreetMap contributors (ODbL) https://www.openstreetmap.org/way/358581460","sym":"Radio Beacon"},"geometry":{"type":"Point","coordinates":[-63.65767,44.73125]}},{"type":"Feature","properties":{"name":"Clearwater Wells Gray Park Visitors Centre","routes":["CN"],"provs":["BC"],"desc":"Visitor centre\nFree wifi\nSource: \u00a9 OpenStreetMap contributors (ODbL) https://www.openstreetmap.org/way/360620261","sym":"Radio Beacon"},"geometry":{"type":"Point","coordinates":[-120.03786,51.6513]}},{"type":"Feature","properties":{"name":"Clearwater Wells Gray Park Visitors Centre","routes":["CN"],"provs":["BC"],"desc":"Visitor centre\nFree wifi\nSource: \u00a9 OpenStreetMap contributors (ODbL) https://www.openstreetmap.org/way/360620261","sym":"Radio Beacon"},"geometry":{"type":"Point","coordinates":[-120.03791,51.65139]}},{"type":"Feature","properties":{"name":"Tim Hortons","routes":["C1","CA","CL"],"provs":["PE"],"desc":"Caf\u00e9\nSource: \u00a9 OpenStreetMap contributors (ODbL) https://www.openstreetmap.org/way/361877146","sym":"Radio Beacon"},"geometry":{"type":"Point","coordinates":[-63.15836,46.26404]}},{"type":"Feature","properties":{"name":"Tim Hortons","routes":["C1","CA","CL"],"provs":["PE"],"desc":"Caf\u00e9\nSource: \u00a9 OpenStreetMap contributors (ODbL) https://www.openstreetmap.org/way/361877146","sym":"Radio Beacon"},"geometry":{"type":"Point","coordinates":[-63.15845,46.26394]}},{"type":"Feature","properties":{"name":"The Grizzly Paw Pub & Brewing Company","routes":["C1","C3","CN","CA"],"provs":["AB"],"desc":"Pub\nFree wifi\nNetwork: GrizzlyGuest\nSource: \u00a9 OpenStreetMap contributors (ODbL) https://www.openstreetmap.org/way/362080641","sym":"Radio Beacon"},"geometry":{"type":"Point","coordinates":[-115.34507,51.08873]}},{"type":"Feature","properties":{"name":"The Grizzly Paw Pub & Brewing Company","routes":["C1","C3","CN","CA"],"provs":["AB"],"desc":"Pub\nFree wifi\nNetwork: GrizzlyGuest\nSource: \u00a9 OpenStreetMap contributors (ODbL) https://www.openstreetmap.org/way/362080641","sym":"Radio Beacon"},"geometry":{"type":"Point","coordinates":[-115.34507,51.08858]}},{"type":"Feature","properties":{"name":"Tim Hortons","routes":["C2","CN","CA","CL"],"provs":["NS"],"desc":"Caf\u00e9\nFree wifi\nSource: \u00a9 OpenStreetMap contributors (ODbL) https://www.openstreetmap.org/way/362127526","sym":"Radio Beacon"},"geometry":{"type":"Point","coordinates":[-63.62204,44.64764]}},{"type":"Feature","properties":{"name":"Tim Hortons","routes":["C2","CN","CA","CL"],"provs":["NS"],"desc":"Caf\u00e9\nFree wifi\nSource: \u00a9 OpenStreetMap contributors (ODbL) https://www.openstreetmap.org/way/362127526","sym":"Radio Beacon"},"geometry":{"type":"Point","coordinates":[-63.62208,44.6476]}},{"type":"Feature","properties":{"name":"Tim Hortons","routes":["C1","CA","CL"],"provs":["PE"],"desc":"Caf\u00e9\nFree wifi\nSource: \u00a9 OpenStreetMap contributors (ODbL) https://www.openstreetmap.org/way/362436749","sym":"Radio Beacon"},"geometry":{"type":"Point","coordinates":[-63.11975,46.25975]}},{"type":"Feature","properties":{"name":"Tim Hortons","routes":["C1","CA","CL"],"provs":["PE"],"desc":"Caf\u00e9\nFree wifi\nSource: \u00a9 OpenStreetMap contributors (ODbL) https://www.openstreetmap.org/way/362436749","sym":"Radio Beacon"},"geometry":{"type":"Point","coordinates":[-63.11962,46.25982]}},{"type":"Feature","properties":{"name":"Maison de la Culture Mercier","routes":["C1","C2","CN","CL"],"provs":["QC"],"desc":"Arts centre\nFree wifi\nNetwork: MTLWiFi\nSource: \u00a9 OpenStreetMap contributors (ODbL) https://www.openstreetmap.org/way/362820483","sym":"Radio Beacon"},"geometry":{"type":"Point","coordinates":[-73.52408,45.59541]}},{"type":"Feature","properties":{"name":"Maison de la Culture Mercier","routes":["C1","C2","CN","CL"],"provs":["QC"],"desc":"Arts centre\nFree wifi\nNetwork: MTLWiFi\nSource: \u00a9 OpenStreetMap contributors (ODbL) https://www.openstreetmap.org/way/362820483","sym":"Radio Beacon"},"geometry":{"type":"Point","coordinates":[-73.52382,45.59558]}},{"type":"Feature","properties":{"name":"Tim Hortons","routes":["C1","C3"],"provs":["NB"],"desc":"Caf\u00e9\nSource: \u00a9 OpenStreetMap contributors (ODbL) https://www.openstreetmap.org/way/363028241","sym":"Radio Beacon"},"geometry":{"type":"Point","coordinates":[-64.73154,46.46608]}},{"type":"Feature","properties":{"name":"Tim Hortons","routes":["C1","C3"],"provs":["NB"],"desc":"Caf\u00e9\nSource: \u00a9 OpenStreetMap contributors (ODbL) https://www.openstreetmap.org/way/363028241","sym":"Radio Beacon"},"geometry":{"type":"Point","coordinates":[-64.73151,46.46618]}},{"type":"Feature","properties":{"name":"McDonald's","routes":["C1","C2","CN","CA","CL"],"provs":["BC"],"desc":"Fast food\nSource: \u00a9 OpenStreetMap contributors (ODbL) https://www.openstreetmap.org/way/363237697","sym":"Radio Beacon"},"geometry":{"type":"Point","coordinates":[-122.31876,49.13352]}},{"type":"Feature","properties":{"name":"McDonald's","routes":["C1","C2","CN","CA","CL"],"provs":["BC"],"desc":"Fast food\nSource: \u00a9 OpenStreetMap contributors (ODbL) https://www.openstreetmap.org/way/363237697","sym":"Radio Beacon"},"geometry":{"type":"Point","coordinates":[-122.31867,49.13343]}},{"type":"Feature","properties":{"name":"Tim Hortons","routes":["C2"],"provs":["NB"],"desc":"Caf\u00e9\nSource: \u00a9 OpenStreetMap contributors (ODbL) https://www.openstreetmap.org/way/363401626","sym":"Radio Beacon"},"geometry":{"type":"Point","coordinates":[-66.65553,45.95985]}},{"type":"Feature","properties":{"name":"Tim Hortons","routes":["C2"],"provs":["NB"],"desc":"Caf\u00e9\nSource: \u00a9 OpenStreetMap contributors (ODbL) https://www.openstreetmap.org/way/363401626","sym":"Radio Beacon"},"geometry":{"type":"Point","coordinates":[-66.65559,45.95988]}},{"type":"Feature","properties":{"name":"Razia Kitchen","routes":["C2"],"provs":["NB"],"desc":"Restaurant\nSource: \u00a9 OpenStreetMap contributors (ODbL) https://www.openstreetmap.org/way/363483038","sym":"Radio Beacon"},"geometry":{"type":"Point","coordinates":[-66.64818,45.95767]}},{"type":"Feature","properties":{"name":"Razia Kitchen","routes":["C2"],"provs":["NB"],"desc":"Restaurant\nSource: \u00a9 OpenStreetMap contributors (ODbL) https://www.openstreetmap.org/way/363483038","sym":"Radio Beacon"},"geometry":{"type":"Point","coordinates":[-66.64811,45.95758]}},{"type":"Feature","properties":{"name":"Minto Recreation Complex","routes":["CN"],"provs":["ON"],"desc":"Recreation centre\nFree wifi\nSource: \u00a9 OpenStreetMap contributors (ODbL) https://www.openstreetmap.org/way/363768724","sym":"Radio Beacon"},"geometry":{"type":"Point","coordinates":[-75.73427,45.25274]}},{"type":"Feature","properties":{"name":"Minto Recreation Complex","routes":["CN"],"provs":["ON"],"desc":"Recreation centre\nFree wifi\nSource: \u00a9 OpenStreetMap contributors (ODbL) https://www.openstreetmap.org/way/363768724","sym":"Radio Beacon"},"geometry":{"type":"Point","coordinates":[-75.73453,45.25297]}},{"type":"Feature","properties":{"name":"Kouchibouguac National Park Visitors Centre","routes":["C1","C3"],"provs":["NB"],"desc":"Visitor centre\nFree wifi\nSource: \u00a9 OpenStreetMap contributors (ODbL) https://www.openstreetmap.org/way/363977982","sym":"Radio Beacon"},"geometry":{"type":"Point","coordinates":[-65.0053,46.77267]}},{"type":"Feature","properties":{"name":"Kouchibouguac National Park Visitors Centre","routes":["C1","C3"],"provs":["NB"],"desc":"Visitor centre\nFree wifi\nSource: \u00a9 OpenStreetMap contributors (ODbL) https://www.openstreetmap.org/way/363977982","sym":"Radio Beacon"},"geometry":{"type":"Point","coordinates":[-65.00507,46.7727]}},{"type":"Feature","properties":{"name":"Nickel's Deli","routes":["C1","C3","CN","CA"],"provs":["QC"],"desc":"Restaurant\nSource: \u00a9 OpenStreetMap contributors (ODbL) https://www.openstreetmap.org/way/364192395","sym":"Radio Beacon"},"geometry":{"type":"Point","coordinates":[-75.68702,45.48081]}},{"type":"Feature","properties":{"name":"Nickel's Deli","routes":["C1","C3","CN","CA"],"provs":["QC"],"desc":"Restaurant\nSource: \u00a9 OpenStreetMap contributors (ODbL) https://www.openstreetmap.org/way/364192395","sym":"Radio Beacon"},"geometry":{"type":"Point","coordinates":[-75.6869,45.48085]}},{"type":"Feature","properties":{"name":"McDonald's","routes":["C1","C2","CN","CL"],"provs":["BC"],"desc":"Fast food\nSource: \u00a9 OpenStreetMap contributors (ODbL) https://www.openstreetmap.org/way/365811410","sym":"Radio Beacon"},"geometry":{"type":"Point","coordinates":[-122.80028,49.18923]}},{"type":"Feature","properties":{"name":"McDonald's","routes":["C1","C2","CN","CL"],"provs":["BC"],"desc":"Fast food\nSource: \u00a9 OpenStreetMap contributors (ODbL) https://www.openstreetmap.org/way/365811410","sym":"Radio Beacon"},"geometry":{"type":"Point","coordinates":[-122.80028,49.18926]}},{"type":"Feature","properties":{"name":"Harvey's","routes":["C2","CN","CA","CL"],"provs":["NS"],"desc":"Fast food\nFree wifi\nSource: \u00a9 OpenStreetMap contributors (ODbL) https://www.openstreetmap.org/way/366157181","sym":"Radio Beacon"},"geometry":{"type":"Point","coordinates":[-63.6131,44.66181]}},{"type":"Feature","properties":{"name":"Harvey's","routes":["C2","CN","CA","CL"],"provs":["NS"],"desc":"Fast food\nFree wifi\nSource: \u00a9 OpenStreetMap contributors (ODbL) https://www.openstreetmap.org/way/366157181","sym":"Radio Beacon"},"geometry":{"type":"Point","coordinates":[-63.61314,44.66179]}},{"type":"Feature","properties":{"name":"Swiss Chalet","routes":["C2","CN","CA","CL"],"provs":["NS"],"desc":"Restaurant\nFree wifi\nSource: \u00a9 OpenStreetMap contributors (ODbL) https://www.openstreetmap.org/way/366157259","sym":"Radio Beacon"},"geometry":{"type":"Point","coordinates":[-63.61212,44.66192]}},{"type":"Feature","properties":{"name":"Swiss Chalet","routes":["C2","CN","CA","CL"],"provs":["NS"],"desc":"Restaurant\nFree wifi\nSource: \u00a9 OpenStreetMap contributors (ODbL) https://www.openstreetmap.org/way/366157259","sym":"Radio Beacon"},"geometry":{"type":"Point","coordinates":[-63.61217,44.66201]}},{"type":"Feature","properties":{"name":"SL: Cloverdale Branch","routes":["C1","C2","CN","CL"],"provs":["BC"],"desc":"Library\nSource: \u00a9 OpenStreetMap contributors (ODbL) https://www.openstreetmap.org/way/366692391","sym":"Radio Beacon"},"geometry":{"type":"Point","coordinates":[-122.73314,49.10491]}},{"type":"Feature","properties":{"name":"SL: Cloverdale Branch","routes":["C1","C2","CN","CL"],"provs":["BC"],"desc":"Library\nSource: \u00a9 OpenStreetMap contributors (ODbL) https://www.openstreetmap.org/way/366692391","sym":"Radio Beacon"},"geometry":{"type":"Point","coordinates":[-122.73322,49.10479]}},{"type":"Feature","properties":{"name":"Walmart Supercentre","routes":["C2"],"provs":["BC"],"desc":"Supermarket\nSource: \u00a9 OpenStreetMap contributors (ODbL) https://www.openstreetmap.org/way/367322072","sym":"Radio Beacon"},"geometry":{"type":"Point","coordinates":[-124.78214,49.2678]}},{"type":"Feature","properties":{"name":"Walmart Supercentre","routes":["C2"],"provs":["BC"],"desc":"Supermarket\nSource: \u00a9 OpenStreetMap contributors (ODbL) https://www.openstreetmap.org/way/367322072","sym":"Radio Beacon"},"geometry":{"type":"Point","coordinates":[-124.78202,49.26827]}},{"type":"Feature","properties":{"name":"G\u00e9rald Leblanc Public Library","routes":["C1","C3"],"provs":["NB"],"desc":"Library\nSource: \u00a9 OpenStreetMap contributors (ODbL) https://www.openstreetmap.org/way/367842306","sym":"Radio Beacon"},"geometry":{"type":"Point","coordinates":[-64.72318,46.47028]}},{"type":"Feature","properties":{"name":"G\u00e9rald Leblanc Public Library","routes":["C1","C3"],"provs":["NB"],"desc":"Library\nSource: \u00a9 OpenStreetMap contributors (ODbL) https://www.openstreetmap.org/way/367842306","sym":"Radio Beacon"},"geometry":{"type":"Point","coordinates":[-64.72326,46.47033]}},{"type":"Feature","properties":{"name":"Greens & Beans Deli","routes":["C2","CN","CL"],"provs":["BC"],"desc":"Caf\u00e9\nFree wifi\nSource: \u00a9 OpenStreetMap contributors (ODbL) https://www.openstreetmap.org/way/367903557","sym":"Radio Beacon"},"geometry":{"type":"Point","coordinates":[-122.89313,49.22264]}},{"type":"Feature","properties":{"name":"Greens & Beans Deli","routes":["C2","CN","CL"],"provs":["BC"],"desc":"Caf\u00e9\nFree wifi\nSource: \u00a9 OpenStreetMap contributors (ODbL) https://www.openstreetmap.org/way/367903557","sym":"Radio Beacon"},"geometry":{"type":"Point","coordinates":[-122.89322,49.22267]}},{"type":"Feature","properties":{"name":"Tim Hortons","routes":["C2"],"provs":["NB"],"desc":"Caf\u00e9\nSource: \u00a9 OpenStreetMap contributors (ODbL) https://www.openstreetmap.org/way/368055736","sym":"Radio Beacon"},"geometry":{"type":"Point","coordinates":[-66.63936,45.95986]}},{"type":"Feature","properties":{"name":"Tim Hortons","routes":["C2"],"provs":["NB"],"desc":"Caf\u00e9\nSource: \u00a9 OpenStreetMap contributors (ODbL) https://www.openstreetmap.org/way/368055736","sym":"Radio Beacon"},"geometry":{"type":"Point","coordinates":[-66.63932,45.95985]}},{"type":"Feature","properties":{"name":"Restomotel Bon Voyage","routes":["C1","C3"],"provs":["QC"],"desc":"Restaurant\nSource: \u00a9 OpenStreetMap contributors (ODbL) https://www.openstreetmap.org/way/368505569","sym":"Radio Beacon"},"geometry":{"type":"Point","coordinates":[-68.86647,48.2995]}},{"type":"Feature","properties":{"name":"Restomotel Bon Voyage","routes":["C1","C3"],"provs":["QC"],"desc":"Restaurant\nSource: \u00a9 OpenStreetMap contributors (ODbL) https://www.openstreetmap.org/way/368505569","sym":"Radio Beacon"},"geometry":{"type":"Point","coordinates":[-68.86643,48.29961]}},{"type":"Feature","properties":{"name":"Tim Hortons","routes":["C1","C2","CN","CA","CL"],"provs":["BC"],"desc":"Caf\u00e9\nSource: \u00a9 OpenStreetMap contributors (ODbL) https://www.openstreetmap.org/way/371502209","sym":"Radio Beacon"},"geometry":{"type":"Point","coordinates":[-122.32203,49.12919]}},{"type":"Feature","properties":{"name":"Tim Hortons","routes":["C1","C2","CN","CA","CL"],"provs":["BC"],"desc":"Caf\u00e9\nSource: \u00a9 OpenStreetMap contributors (ODbL) https://www.openstreetmap.org/way/371502209","sym":"Radio Beacon"},"geometry":{"type":"Point","coordinates":[-122.32203,49.12927]}},{"type":"Feature","properties":{"name":"Tim Hortons","routes":["C1","C2","CN","CA","CL"],"provs":["BC"],"desc":"Caf\u00e9\nFree wifi\nSource: \u00a9 OpenStreetMap contributors (ODbL) https://www.openstreetmap.org/way/371504524","sym":"Radio Beacon"},"geometry":{"type":"Point","coordinates":[-122.32563,49.13399]}},{"type":"Feature","properties":{"name":"Tim Hortons","routes":["C1","C2","CN","CA","CL"],"provs":["BC"],"desc":"Caf\u00e9\nFree wifi\nSource: \u00a9 OpenStreetMap contributors (ODbL) https://www.openstreetmap.org/way/371504524","sym":"Radio Beacon"},"geometry":{"type":"Point","coordinates":[-122.32567,49.13397]}},{"type":"Feature","properties":{"name":"Level One Game Pub Cafe","routes":["C1","C3","CN","CA"],"provs":["ON","QC"],"desc":"Caf\u00e9\nSource: \u00a9 OpenStreetMap contributors (ODbL) https://www.openstreetmap.org/way/374560978","sym":"Radio Beacon"},"geometry":{"type":"Point","coordinates":[-75.68884,45.42695]}},{"type":"Feature","properties":{"name":"Level One Game Pub Cafe","routes":["C1","C3","CN","CA"],"provs":["ON","QC"],"desc":"Caf\u00e9\nSource: \u00a9 OpenStreetMap contributors (ODbL) https://www.openstreetmap.org/way/374560978","sym":"Radio Beacon"},"geometry":{"type":"Point","coordinates":[-75.68874,45.42702]}},{"type":"Feature","properties":{"name":"McDonald's","routes":["CN","CA","CL","CW"],"provs":["BC"],"desc":"Fast food\nFree wifi\nSource: \u00a9 OpenStreetMap contributors (ODbL) https://www.openstreetmap.org/way/374595101","sym":"Radio Beacon"},"geometry":{"type":"Point","coordinates":[-123.15236,49.17978]}},{"type":"Feature","properties":{"name":"McDonald's","routes":["CN","CA","CL","CW"],"provs":["BC"],"desc":"Fast food\nFree wifi\nSource: \u00a9 OpenStreetMap contributors (ODbL) https://www.openstreetmap.org/way/374595101","sym":"Radio Beacon"},"geometry":{"type":"Point","coordinates":[-123.15233,49.17987]}},{"type":"Feature","properties":{"name":"Starbucks","routes":["C1","C3","CN","CA"],"provs":["ON"],"desc":"Caf\u00e9\nSource: \u00a9 OpenStreetMap contributors (ODbL) https://www.openstreetmap.org/way/376430577","sym":"Radio Beacon"},"geometry":{"type":"Point","coordinates":[-75.68808,45.40333]}},{"type":"Feature","properties":{"name":"Starbucks","routes":["C1","C3","CN","CA"],"provs":["ON"],"desc":"Caf\u00e9\nSource: \u00a9 OpenStreetMap contributors (ODbL) https://www.openstreetmap.org/way/376430577","sym":"Radio Beacon"},"geometry":{"type":"Point","coordinates":[-75.68815,45.40326]}},{"type":"Feature","properties":{"name":"Cape Jourimain Interpretation Centre","routes":["C1","CL","CW"],"provs":["NB"],"desc":"Visitor centre\nFree wifi\nSource: \u00a9 OpenStreetMap contributors (ODbL) https://www.openstreetmap.org/way/377213119","sym":"Radio Beacon"},"geometry":{"type":"Point","coordinates":[-63.81447,46.16102]}},{"type":"Feature","properties":{"name":"Cape Jourimain Interpretation Centre","routes":["C1","CL","CW"],"provs":["NB"],"desc":"Visitor centre\nFree wifi\nSource: \u00a9 OpenStreetMap contributors (ODbL) https://www.openstreetmap.org/way/377213119","sym":"Radio Beacon"},"geometry":{"type":"Point","coordinates":[-63.8146,46.16105]}},{"type":"Feature","properties":{"name":"St Laurent Complex","routes":["C1","C3","CN","CA"],"provs":["ON","QC"],"desc":"Community centre\nFree wifi\nSource: \u00a9 OpenStreetMap contributors (ODbL) https://www.openstreetmap.org/way/378927343","sym":"Radio Beacon"},"geometry":{"type":"Point","coordinates":[-75.64742,45.43645]}},{"type":"Feature","properties":{"name":"St Laurent Complex","routes":["C1","C3","CN","CA"],"provs":["ON","QC"],"desc":"Community centre\nFree wifi\nSource: \u00a9 OpenStreetMap contributors (ODbL) https://www.openstreetmap.org/way/378927343","sym":"Radio Beacon"},"geometry":{"type":"Point","coordinates":[-75.64704,45.43653]}},{"type":"Feature","properties":{"name":"Don Gamble Arena","routes":["C1","C3","CN","CA"],"provs":["ON","QC"],"desc":"Recreation centre\nSource: \u00a9 OpenStreetMap contributors (ODbL) https://www.openstreetmap.org/way/378927344","sym":"Radio Beacon"},"geometry":{"type":"Point","coordinates":[-75.64685,45.43634]}},{"type":"Feature","properties":{"name":"Don Gamble Arena","routes":["C1","C3","CN","CA"],"provs":["ON","QC"],"desc":"Recreation centre\nSource: \u00a9 OpenStreetMap contributors (ODbL) https://www.openstreetmap.org/way/378927344","sym":"Radio Beacon"},"geometry":{"type":"Point","coordinates":[-75.64646,45.43627]}},{"type":"Feature","properties":{"name":"McDonald's","routes":["C1","C2","C3","CN"],"provs":["MB"],"desc":"Fast food\nSource: \u00a9 OpenStreetMap contributors (ODbL) https://www.openstreetmap.org/way/383094079","sym":"Radio Beacon"},"geometry":{"type":"Point","coordinates":[-97.19959,49.89377]}},{"type":"Feature","properties":{"name":"McDonald's","routes":["C1","C2","C3","CN"],"provs":["MB"],"desc":"Fast food\nSource: \u00a9 OpenStreetMap contributors (ODbL) https://www.openstreetmap.org/way/383094079","sym":"Radio Beacon"},"geometry":{"type":"Point","coordinates":[-97.1995,49.8938]}},{"type":"Feature","properties":{"name":"Wendy's","routes":["C1","C2","CN","CL"],"provs":["BC"],"desc":"Fast food\nSource: \u00a9 OpenStreetMap contributors (ODbL) https://www.openstreetmap.org/way/384139702","sym":"Radio Beacon"},"geometry":{"type":"Point","coordinates":[-122.77929,49.15834]}},{"type":"Feature","properties":{"name":"Wendy's","routes":["C1","C2","CN","CL"],"provs":["BC"],"desc":"Fast food\nSource: \u00a9 OpenStreetMap contributors (ODbL) https://www.openstreetmap.org/way/384139702","sym":"Radio Beacon"},"geometry":{"type":"Point","coordinates":[-122.77931,49.15829]}},{"type":"Feature","properties":{"name":"Tim Hortons","routes":["C2","CN","CL"],"provs":["NS"],"desc":"Caf\u00e9\nFree wifi\nSource: \u00a9 OpenStreetMap contributors (ODbL) https://www.openstreetmap.org/way/385248525","sym":"Radio Beacon"},"geometry":{"type":"Point","coordinates":[-63.67849,44.71435]}},{"type":"Feature","properties":{"name":"Tim Hortons","routes":["C2","CN","CL"],"provs":["NS"],"desc":"Caf\u00e9\nFree wifi\nSource: \u00a9 OpenStreetMap contributors (ODbL) https://www.openstreetmap.org/way/385248525","sym":"Radio Beacon"},"geometry":{"type":"Point","coordinates":[-63.67852,44.7143]}},{"type":"Feature","properties":{"name":"Kindred Coffee Bar","routes":["C3","CA"],"provs":["ON"],"desc":"Caf\u00e9\nWifi for customers\nSource: \u00a9 OpenStreetMap contributors (ODbL) https://www.openstreetmap.org/way/386388810","sym":"Radio Beacon"},"geometry":{"type":"Point","coordinates":[-78.73928,44.35466]}},{"type":"Feature","properties":{"name":"Kindred Coffee Bar","routes":["C3","CA"],"provs":["ON"],"desc":"Caf\u00e9\nWifi for customers\nSource: \u00a9 OpenStreetMap contributors (ODbL) https://www.openstreetmap.org/way/386388810","sym":"Radio Beacon"},"geometry":{"type":"Point","coordinates":[-78.7393,44.35475]}},{"type":"Feature","properties":{"name":"Starbucks","routes":["C1","C2","CN","CL"],"provs":["BC"],"desc":"Caf\u00e9\nSource: \u00a9 OpenStreetMap contributors (ODbL) https://www.openstreetmap.org/way/386589121","sym":"Radio Beacon"},"geometry":{"type":"Point","coordinates":[-122.80062,49.18722]}},{"type":"Feature","properties":{"name":"Starbucks","routes":["C1","C2","CN","CL"],"provs":["BC"],"desc":"Caf\u00e9\nSource: \u00a9 OpenStreetMap contributors (ODbL) https://www.openstreetmap.org/way/386589121","sym":"Radio Beacon"},"geometry":{"type":"Point","coordinates":[-122.80058,49.18729]}},{"type":"Feature","properties":{"name":"Wendy's","routes":["C1","C2","CN","CL"],"provs":["BC"],"desc":"Fast food\nSource: \u00a9 OpenStreetMap contributors (ODbL) https://www.openstreetmap.org/way/386894186","sym":"Radio Beacon"},"geometry":{"type":"Point","coordinates":[-122.80138,49.18628]}},{"type":"Feature","properties":{"name":"Wendy's","routes":["C1","C2","CN","CL"],"provs":["BC"],"desc":"Fast food\nSource: \u00a9 OpenStreetMap contributors (ODbL) https://www.openstreetmap.org/way/386894186","sym":"Radio Beacon"},"geometry":{"type":"Point","coordinates":[-122.80136,49.18634]}},{"type":"Feature","properties":{"name":"Starbucks","routes":["C2","CN","CL"],"provs":["BC"],"desc":"Caf\u00e9\nSource: \u00a9 OpenStreetMap contributors (ODbL) https://www.openstreetmap.org/way/388811354","sym":"Radio Beacon"},"geometry":{"type":"Point","coordinates":[-122.45931,49.058]}},{"type":"Feature","properties":{"name":"Starbucks","routes":["C2","CN","CL"],"provs":["BC"],"desc":"Caf\u00e9\nSource: \u00a9 OpenStreetMap contributors (ODbL) https://www.openstreetmap.org/way/388811354","sym":"Radio Beacon"},"geometry":{"type":"Point","coordinates":[-122.4594,49.05805]}},{"type":"Feature","properties":{"name":"FVRL: Aldergrove Library","routes":["C2","CN","CL"],"provs":["BC"],"desc":"Library\nSource: \u00a9 OpenStreetMap contributors (ODbL) https://www.openstreetmap.org/way/388811367","sym":"Radio Beacon"},"geometry":{"type":"Point","coordinates":[-122.48305,49.05488]}},{"type":"Feature","properties":{"name":"FVRL: Aldergrove Library","routes":["C2","CN","CL"],"provs":["BC"],"desc":"Library\nSource: \u00a9 OpenStreetMap contributors (ODbL) https://www.openstreetmap.org/way/388811367","sym":"Radio Beacon"},"geometry":{"type":"Point","coordinates":[-122.4829,49.05505]}},{"type":"Feature","properties":{"name":"Famous Peppers","routes":["C1","CA","CL"],"provs":["PE"],"desc":"Restaurant\nSource: \u00a9 OpenStreetMap contributors (ODbL) https://www.openstreetmap.org/way/389410079","sym":"Radio Beacon"},"geometry":{"type":"Point","coordinates":[-63.12373,46.24655]}},{"type":"Feature","properties":{"name":"Famous Peppers","routes":["C1","CA","CL"],"provs":["PE"],"desc":"Restaurant\nSource: \u00a9 OpenStreetMap contributors (ODbL) https://www.openstreetmap.org/way/389410079","sym":"Radio Beacon"},"geometry":{"type":"Point","coordinates":[-63.12364,46.24666]}},{"type":"Feature","properties":{"name":"Sobeys","routes":["C3","CN"],"provs":["NS"],"desc":"Supermarket\nFree wifi\nSource: \u00a9 OpenStreetMap contributors (ODbL) https://www.openstreetmap.org/way/389928108","sym":"Radio Beacon"},"geometry":{"type":"Point","coordinates":[-63.2712,45.36563]}},{"type":"Feature","properties":{"name":"Sobeys","routes":["C3","CN"],"provs":["NS"],"desc":"Supermarket\nFree wifi\nSource: \u00a9 OpenStreetMap contributors (ODbL) https://www.openstreetmap.org/way/389928108","sym":"Radio Beacon"},"geometry":{"type":"Point","coordinates":[-63.27131,45.36538]}},{"type":"Feature","properties":{"name":"Tim Hortons","routes":["C1","CA","CL"],"provs":["PE"],"desc":"Caf\u00e9\nFree wifi\nSource: \u00a9 OpenStreetMap contributors (ODbL) https://www.openstreetmap.org/way/390620570","sym":"Radio Beacon"},"geometry":{"type":"Point","coordinates":[-63.137,46.24812]}},{"type":"Feature","properties":{"name":"Tim Hortons","routes":["C1","CA","CL"],"provs":["PE"],"desc":"Caf\u00e9\nFree wifi\nSource: \u00a9 OpenStreetMap contributors (ODbL) https://www.openstreetmap.org/way/390620570","sym":"Radio Beacon"},"geometry":{"type":"Point","coordinates":[-63.13694,46.2482]}},{"type":"Feature","properties":{"name":"McDonald's","routes":["C1","CA","CL"],"provs":["PE"],"desc":"Fast food\nFree wifi\nSource: \u00a9 OpenStreetMap contributors (ODbL) https://www.openstreetmap.org/way/390620571","sym":"Radio Beacon"},"geometry":{"type":"Point","coordinates":[-63.13695,46.24786]}},{"type":"Feature","properties":{"name":"McDonald's","routes":["C1","CA","CL"],"provs":["PE"],"desc":"Fast food\nFree wifi\nSource: \u00a9 OpenStreetMap contributors (ODbL) https://www.openstreetmap.org/way/390620571","sym":"Radio Beacon"},"geometry":{"type":"Point","coordinates":[-63.13685,46.24784]}},{"type":"Feature","properties":{"name":"Codiac Cafe","routes":["CN","CL"],"provs":["NB"],"desc":"Caf\u00e9\nSource: \u00a9 OpenStreetMap contributors (ODbL) https://www.openstreetmap.org/way/391116828","sym":"Radio Beacon"},"geometry":{"type":"Point","coordinates":[-64.80794,46.08538]}},{"type":"Feature","properties":{"name":"Codiac Cafe","routes":["CN","CL"],"provs":["NB"],"desc":"Caf\u00e9\nSource: \u00a9 OpenStreetMap contributors (ODbL) https://www.openstreetmap.org/way/391116828","sym":"Radio Beacon"},"geometry":{"type":"Point","coordinates":[-64.80804,46.08531]}},{"type":"Feature","properties":{"name":"Potato World","routes":["C2"],"provs":["NB"],"desc":"Museum\nSource: \u00a9 OpenStreetMap contributors (ODbL) https://www.openstreetmap.org/way/391641754","sym":"Radio Beacon"},"geometry":{"type":"Point","coordinates":[-67.64236,46.44364]}},{"type":"Feature","properties":{"name":"Potato World","routes":["C2"],"provs":["NB"],"desc":"Museum\nSource: \u00a9 OpenStreetMap contributors (ODbL) https://www.openstreetmap.org/way/391641754","sym":"Radio Beacon"},"geometry":{"type":"Point","coordinates":[-67.64255,46.44348]}},{"type":"Feature","properties":{"name":"Tim Hortons","routes":["C1","C2","CN","CL"],"provs":["BC"],"desc":"Caf\u00e9\nSource: \u00a9 OpenStreetMap contributors (ODbL) https://www.openstreetmap.org/way/392019594","sym":"Radio Beacon"},"geometry":{"type":"Point","coordinates":[-122.72668,49.10386]}},{"type":"Feature","properties":{"name":"Tim Hortons","routes":["C1","C2","CN","CL"],"provs":["BC"],"desc":"Caf\u00e9\nSource: \u00a9 OpenStreetMap contributors (ODbL) https://www.openstreetmap.org/way/392019594","sym":"Radio Beacon"},"geometry":{"type":"Point","coordinates":[-122.72667,49.10373]}},{"type":"Feature","properties":{"name":"Starbucks","routes":["C1","C2","CN","CL"],"provs":["BC"],"desc":"Caf\u00e9\nSource: \u00a9 OpenStreetMap contributors (ODbL) https://www.openstreetmap.org/way/392019607","sym":"Radio Beacon"},"geometry":{"type":"Point","coordinates":[-122.72918,49.10385]}},{"type":"Feature","properties":{"name":"Starbucks","routes":["C1","C2","CN","CL"],"provs":["BC"],"desc":"Caf\u00e9\nSource: \u00a9 OpenStreetMap contributors (ODbL) https://www.openstreetmap.org/way/392019607","sym":"Radio Beacon"},"geometry":{"type":"Point","coordinates":[-122.72924,49.10391]}},{"type":"Feature","properties":{"name":"Skinny's Scoop & Cafe","routes":["C2"],"provs":["NB"],"desc":"Caf\u00e9\nSource: \u00a9 OpenStreetMap contributors (ODbL) https://www.openstreetmap.org/way/392186571","sym":"Radio Beacon"},"geometry":{"type":"Point","coordinates":[-66.85377,45.96762]}},{"type":"Feature","properties":{"name":"Skinny's Scoop & Cafe","routes":["C2"],"provs":["NB"],"desc":"Caf\u00e9\nSource: \u00a9 OpenStreetMap contributors (ODbL) https://www.openstreetmap.org/way/392186571","sym":"Radio Beacon"},"geometry":{"type":"Point","coordinates":[-66.85375,45.9677]}},{"type":"Feature","properties":{"name":"SL: Port Kells Branch","routes":["C1","C2","CN","CL"],"provs":["BC"],"desc":"Library\nFree wifi\nSource: \u00a9 OpenStreetMap contributors (ODbL) https://www.openstreetmap.org/way/392860262","sym":"Radio Beacon"},"geometry":{"type":"Point","coordinates":[-122.69968,49.16301]}},{"type":"Feature","properties":{"name":"SL: Port Kells Branch","routes":["C1","C2","CN","CL"],"provs":["BC"],"desc":"Library\nFree wifi\nSource: \u00a9 OpenStreetMap contributors (ODbL) https://www.openstreetmap.org/way/392860262","sym":"Radio Beacon"},"geometry":{"type":"Point","coordinates":[-122.69968,49.16308]}},{"type":"Feature","properties":{"name":"Burger King","routes":["C1","C2","CN","CA","CL"],"provs":["BC"],"desc":"Fast food\nFree wifi\nSource: \u00a9 OpenStreetMap contributors (ODbL) https://www.openstreetmap.org/way/393291785","sym":"Radio Beacon"},"geometry":{"type":"Point","coordinates":[-122.32487,49.13354]}},{"type":"Feature","properties":{"name":"Burger King","routes":["C1","C2","CN","CA","CL"],"provs":["BC"],"desc":"Fast food\nFree wifi\nSource: \u00a9 OpenStreetMap contributors (ODbL) https://www.openstreetmap.org/way/393291785","sym":"Radio Beacon"},"geometry":{"type":"Point","coordinates":[-122.32474,49.13355]}},{"type":"Feature","properties":{"name":"McDonald's","routes":["C2","CN","CA","CL"],"provs":["BC"],"desc":"Fast food\nSource: \u00a9 OpenStreetMap contributors (ODbL) https://www.openstreetmap.org/way/395017672","sym":"Radio Beacon"},"geometry":{"type":"Point","coordinates":[-123.15466,49.2348]}},{"type":"Feature","properties":{"name":"McDonald's","routes":["C2","CN","CA","CL"],"provs":["BC"],"desc":"Fast food\nSource: \u00a9 OpenStreetMap contributors (ODbL) https://www.openstreetmap.org/way/395017672","sym":"Radio Beacon"},"geometry":{"type":"Point","coordinates":[-123.15475,49.23479]}},{"type":"Feature","properties":{"name":"Tim Hortons","routes":["CL"],"provs":["AB"],"desc":"Caf\u00e9\nSource: \u00a9 OpenStreetMap contributors (ODbL) https://www.openstreetmap.org/way/396939873","sym":"Radio Beacon"},"geometry":{"type":"Point","coordinates":[-114.00597,51.30076]}},{"type":"Feature","properties":{"name":"Tim Hortons","routes":["CL"],"provs":["AB"],"desc":"Caf\u00e9\nSource: \u00a9 OpenStreetMap contributors (ODbL) https://www.openstreetmap.org/way/396939873","sym":"Radio Beacon"},"geometry":{"type":"Point","coordinates":[-114.00586,51.30083]}},{"type":"Feature","properties":{"name":"McDonald's","routes":["C1","C2","CN","CL"],"provs":["BC"],"desc":"Fast food\nSource: \u00a9 OpenStreetMap contributors (ODbL) https://www.openstreetmap.org/way/397717599","sym":"Radio Beacon"},"geometry":{"type":"Point","coordinates":[-122.73379,49.11912]}},{"type":"Feature","properties":{"name":"McDonald's","routes":["C1","C2","CN","CL"],"provs":["BC"],"desc":"Fast food\nSource: \u00a9 OpenStreetMap contributors (ODbL) https://www.openstreetmap.org/way/397717599","sym":"Radio Beacon"},"geometry":{"type":"Point","coordinates":[-122.73389,49.11924]}},{"type":"Feature","properties":{"name":"Tim Hortons","routes":["C1","C2","CN","CL"],"provs":["BC"],"desc":"Caf\u00e9\nSource: \u00a9 OpenStreetMap contributors (ODbL) https://www.openstreetmap.org/way/397717601","sym":"Radio Beacon"},"geometry":{"type":"Point","coordinates":[-122.73271,49.11916]}},{"type":"Feature","properties":{"name":"Tim Hortons","routes":["C1","C2","CN","CL"],"provs":["BC"],"desc":"Caf\u00e9\nSource: \u00a9 OpenStreetMap contributors (ODbL) https://www.openstreetmap.org/way/397717601","sym":"Radio Beacon"},"geometry":{"type":"Point","coordinates":[-122.73284,49.11907]}},{"type":"Feature","properties":{"name":"Sackville Public Library","routes":["C3"],"provs":["NB"],"desc":"Library\nSource: \u00a9 OpenStreetMap contributors (ODbL) https://www.openstreetmap.org/way/398632102","sym":"Radio Beacon"},"geometry":{"type":"Point","coordinates":[-64.36978,45.89629]}},{"type":"Feature","properties":{"name":"Sackville Public Library","routes":["C3"],"provs":["NB"],"desc":"Library\nSource: \u00a9 OpenStreetMap contributors (ODbL) https://www.openstreetmap.org/way/398632102","sym":"Radio Beacon"},"geometry":{"type":"Point","coordinates":[-64.36987,45.89625]}},{"type":"Feature","properties":{"name":"The Painted Pony Bar and Grill","routes":["C3"],"provs":["NB"],"desc":"Pub\nSource: \u00a9 OpenStreetMap contributors (ODbL) https://www.openstreetmap.org/way/398632851","sym":"Radio Beacon"},"geometry":{"type":"Point","coordinates":[-64.36657,45.89785]}},{"type":"Feature","properties":{"name":"The Painted Pony Bar and Grill","routes":["C3"],"provs":["NB"],"desc":"Pub\nSource: \u00a9 OpenStreetMap contributors (ODbL) https://www.openstreetmap.org/way/398632851","sym":"Radio Beacon"},"geometry":{"type":"Point","coordinates":[-64.36651,45.89791]}},{"type":"Feature","properties":{"name":"Mel's Tea Room","routes":["C3"],"provs":["NB"],"desc":"Caf\u00e9\nFree wifi\nSource: \u00a9 OpenStreetMap contributors (ODbL) https://www.openstreetmap.org/way/398818420","sym":"Radio Beacon"},"geometry":{"type":"Point","coordinates":[-64.36734,45.89739]}},{"type":"Feature","properties":{"name":"Mel's Tea Room","routes":["C3"],"provs":["NB"],"desc":"Caf\u00e9\nFree wifi\nSource: \u00a9 OpenStreetMap contributors (ODbL) https://www.openstreetmap.org/way/398818420","sym":"Radio Beacon"},"geometry":{"type":"Point","coordinates":[-64.36736,45.89746]}},{"type":"Feature","properties":{"name":"Petro-Canada","routes":["CN"],"provs":["NS"],"desc":"Gas station\nFree wifi\nSource: \u00a9 OpenStreetMap contributors (ODbL) https://www.openstreetmap.org/way/405122102","sym":"Radio Beacon"},"geometry":{"type":"Point","coordinates":[-63.36088,45.1397]}},{"type":"Feature","properties":{"name":"Petro-Canada","routes":["CN"],"provs":["NS"],"desc":"Gas station\nFree wifi\nSource: \u00a9 OpenStreetMap contributors (ODbL) https://www.openstreetmap.org/way/405122102","sym":"Radio Beacon"},"geometry":{"type":"Point","coordinates":[-63.36098,45.13977]}},{"type":"Feature","properties":{"name":"Bridgehead","routes":["C1","C3","CN","CA"],"provs":["ON"],"desc":"Caf\u00e9\nSource: \u00a9 OpenStreetMap contributors (ODbL) https://www.openstreetmap.org/way/406481942","sym":"Radio Beacon"},"geometry":{"type":"Point","coordinates":[-75.76851,45.37065]}},{"type":"Feature","properties":{"name":"Bridgehead","routes":["C1","C3","CN","CA"],"provs":["ON"],"desc":"Caf\u00e9\nSource: \u00a9 OpenStreetMap contributors (ODbL) https://www.openstreetmap.org/way/406481942","sym":"Radio Beacon"},"geometry":{"type":"Point","coordinates":[-75.76852,45.37075]}},{"type":"Feature","properties":{"name":"Tim Hortons","routes":["C2","CA"],"provs":["NB"],"desc":"Caf\u00e9\nSource: \u00a9 OpenStreetMap contributors (ODbL) https://www.openstreetmap.org/way/408249861","sym":"Radio Beacon"},"geometry":{"type":"Point","coordinates":[-68.38464,47.4263]}},{"type":"Feature","properties":{"name":"Tim Hortons","routes":["C2","CA"],"provs":["NB"],"desc":"Caf\u00e9\nSource: \u00a9 OpenStreetMap contributors (ODbL) https://www.openstreetmap.org/way/408249861","sym":"Radio Beacon"},"geometry":{"type":"Point","coordinates":[-68.38455,47.42639]}},{"type":"Feature","properties":{"name":"Toronto Public Library - Albert Campbell","routes":["C2"],"provs":["ON"],"desc":"Library\nFree wifi\nSource: \u00a9 OpenStreetMap contributors (ODbL) https://www.openstreetmap.org/way/409614958","sym":"Radio Beacon"},"geometry":{"type":"Point","coordinates":[-79.26925,43.70797]}},{"type":"Feature","properties":{"name":"Toronto Public Library - Albert Campbell","routes":["C2"],"provs":["ON"],"desc":"Library\nFree wifi\nSource: \u00a9 OpenStreetMap contributors (ODbL) https://www.openstreetmap.org/way/409614958","sym":"Radio Beacon"},"geometry":{"type":"Point","coordinates":[-79.2693,43.70806]}},{"type":"Feature","properties":{"name":"Moca Loca Caf\u00e9","routes":["C1","C3","CN","CA"],"provs":["ON","QC"],"desc":"Caf\u00e9\nSource: \u00a9 OpenStreetMap contributors (ODbL) https://www.openstreetmap.org/way/412293230","sym":"Radio Beacon"},"geometry":{"type":"Point","coordinates":[-75.73299,45.44153]}},{"type":"Feature","properties":{"name":"Moca Loca Caf\u00e9","routes":["C1","C3","CN","CA"],"provs":["ON","QC"],"desc":"Caf\u00e9\nSource: \u00a9 OpenStreetMap contributors (ODbL) https://www.openstreetmap.org/way/412293230","sym":"Radio Beacon"},"geometry":{"type":"Point","coordinates":[-75.73311,45.44148]}},{"type":"Feature","properties":{"name":"Tim Hortons","routes":["C2"],"provs":["NB"],"desc":"Caf\u00e9\nSource: \u00a9 OpenStreetMap contributors (ODbL) https://www.openstreetmap.org/way/416153690","sym":"Radio Beacon"},"geometry":{"type":"Point","coordinates":[-66.71546,45.96712]}},{"type":"Feature","properties":{"name":"Tim Hortons","routes":["C2"],"provs":["NB"],"desc":"Caf\u00e9\nSource: \u00a9 OpenStreetMap contributors (ODbL) https://www.openstreetmap.org/way/416153690","sym":"Radio Beacon"},"geometry":{"type":"Point","coordinates":[-66.71552,45.96722]}},{"type":"Feature","properties":{"name":"Palisades Cafe","routes":["C3","CA"],"provs":["BC"],"desc":"Caf\u00e9\nWifi for customers\nSource: \u00a9 OpenStreetMap contributors (ODbL) https://www.openstreetmap.org/way/417666437","sym":"Radio Beacon"},"geometry":{"type":"Point","coordinates":[-126.64731,54.40023]}},{"type":"Feature","properties":{"name":"Palisades Cafe","routes":["C3","CA"],"provs":["BC"],"desc":"Caf\u00e9\nWifi for customers\nSource: \u00a9 OpenStreetMap contributors (ODbL) https://www.openstreetmap.org/way/417666437","sym":"Radio Beacon"},"geometry":{"type":"Point","coordinates":[-126.64739,54.40017]}},{"type":"Feature","properties":{"name":"Grand Forks & District Public Library","routes":["C2"],"provs":["BC"],"desc":"Library\nSource: \u00a9 OpenStreetMap contributors (ODbL) https://www.openstreetmap.org/way/419197167","sym":"Radio Beacon"},"geometry":{"type":"Point","coordinates":[-118.44049,49.0323]}},{"type":"Feature","properties":{"name":"Grand Forks & District Public Library","routes":["C2"],"provs":["BC"],"desc":"Library\nSource: \u00a9 OpenStreetMap contributors (ODbL) https://www.openstreetmap.org/way/419197167","sym":"Radio Beacon"},"geometry":{"type":"Point","coordinates":[-118.44057,49.03236]}},{"type":"Feature","properties":{"name":"7-Eleven","routes":["C1","CA"],"provs":["BC"],"desc":"Convenience store\nFree wifi\nSource: \u00a9 OpenStreetMap contributors (ODbL) https://www.openstreetmap.org/way/423441065","sym":"Radio Beacon"},"geometry":{"type":"Point","coordinates":[-118.19771,51.00102]}},{"type":"Feature","properties":{"name":"7-Eleven","routes":["C1","CA"],"provs":["BC"],"desc":"Convenience store\nFree wifi\nSource: \u00a9 OpenStreetMap contributors (ODbL) https://www.openstreetmap.org/way/423441065","sym":"Radio Beacon"},"geometry":{"type":"Point","coordinates":[-118.19775,51.00113]}},{"type":"Feature","properties":{"name":"Tim Hortons","routes":["C3","CN"],"provs":["NS"],"desc":"Caf\u00e9\nSource: \u00a9 OpenStreetMap contributors (ODbL) https://www.openstreetmap.org/way/426421044","sym":"Radio Beacon"},"geometry":{"type":"Point","coordinates":[-63.30226,45.36902]}},{"type":"Feature","properties":{"name":"Tim Hortons","routes":["C3","CN"],"provs":["NS"],"desc":"Caf\u00e9\nSource: \u00a9 OpenStreetMap contributors (ODbL) https://www.openstreetmap.org/way/426421044","sym":"Radio Beacon"},"geometry":{"type":"Point","coordinates":[-63.30227,45.36911]}},{"type":"Feature","properties":{"name":"Cathedral Neighborhood Centre","routes":["C1"],"provs":["SK"],"desc":"Community centre\nSource: \u00a9 OpenStreetMap contributors (ODbL) https://www.openstreetmap.org/way/427680998","sym":"Radio Beacon"},"geometry":{"type":"Point","coordinates":[-104.6228,50.44562]}},{"type":"Feature","properties":{"name":"Cathedral Neighborhood Centre","routes":["C1"],"provs":["SK"],"desc":"Community centre\nSource: \u00a9 OpenStreetMap contributors (ODbL) https://www.openstreetmap.org/way/427680998","sym":"Radio Beacon"},"geometry":{"type":"Point","coordinates":[-104.62288,50.4457]}},{"type":"Feature","properties":{"name":"Tim Hortons","routes":["C3","CN"],"provs":["NS"],"desc":"Caf\u00e9\nFree wifi\nSource: \u00a9 OpenStreetMap contributors (ODbL) https://www.openstreetmap.org/way/429126285","sym":"Radio Beacon"},"geometry":{"type":"Point","coordinates":[-63.30399,45.33395]}},{"type":"Feature","properties":{"name":"Tim Hortons","routes":["C3","CN"],"provs":["NS"],"desc":"Caf\u00e9\nFree wifi\nSource: \u00a9 OpenStreetMap contributors (ODbL) https://www.openstreetmap.org/way/429126285","sym":"Radio Beacon"},"geometry":{"type":"Point","coordinates":[-63.30416,45.334]}},{"type":"Feature","properties":{"name":"McDonald's","routes":["C1","C3","CA","CL","CW"],"provs":["BC"],"desc":"Fast food\nSource: \u00a9 OpenStreetMap contributors (ODbL) https://www.openstreetmap.org/way/431590940","sym":"Radio Beacon"},"geometry":{"type":"Point","coordinates":[-123.40646,48.64929]}},{"type":"Feature","properties":{"name":"McDonald's","routes":["C1","C3","CA","CL","CW"],"provs":["BC"],"desc":"Fast food\nSource: \u00a9 OpenStreetMap contributors (ODbL) https://www.openstreetmap.org/way/431590940","sym":"Radio Beacon"},"geometry":{"type":"Point","coordinates":[-123.40645,48.64921]}},{"type":"Feature","properties":{"name":"Agassiz Library","routes":["C1","C2"],"provs":["BC"],"desc":"Library\nFree wifi\nSource: \u00a9 OpenStreetMap contributors (ODbL) https://www.openstreetmap.org/way/436430040","sym":"Radio Beacon"},"geometry":{"type":"Point","coordinates":[-121.76266,49.23795]}},{"type":"Feature","properties":{"name":"Agassiz Library","routes":["C1","C2"],"provs":["BC"],"desc":"Library\nFree wifi\nSource: \u00a9 OpenStreetMap contributors (ODbL) https://www.openstreetmap.org/way/436430040","sym":"Radio Beacon"},"geometry":{"type":"Point","coordinates":[-121.7627,49.23786]}},{"type":"Feature","properties":{"name":"Second Cup","routes":["C1","C3","CN"],"provs":["ON"],"desc":"Caf\u00e9\nSource: \u00a9 OpenStreetMap contributors (ODbL) https://www.openstreetmap.org/way/436986881","sym":"Radio Beacon"},"geometry":{"type":"Point","coordinates":[-75.80712,45.34682]}},{"type":"Feature","properties":{"name":"Second Cup","routes":["C1","C3","CN"],"provs":["ON"],"desc":"Caf\u00e9\nSource: \u00a9 OpenStreetMap contributors (ODbL) https://www.openstreetmap.org/way/436986881","sym":"Radio Beacon"},"geometry":{"type":"Point","coordinates":[-75.80711,45.34677]}},{"type":"Feature","properties":{"name":"Toronto Public Library - High Park","routes":["C2"],"provs":["ON"],"desc":"Library\nFree wifi\nSource: \u00a9 OpenStreetMap contributors (ODbL) https://www.openstreetmap.org/way/437089196","sym":"Radio Beacon"},"geometry":{"type":"Point","coordinates":[-79.44888,43.64517]}},{"type":"Feature","properties":{"name":"Toronto Public Library - High Park","routes":["C2"],"provs":["ON"],"desc":"Library\nFree wifi\nSource: \u00a9 OpenStreetMap contributors (ODbL) https://www.openstreetmap.org/way/437089196","sym":"Radio Beacon"},"geometry":{"type":"Point","coordinates":[-79.44896,43.6451]}},{"type":"Feature","properties":{"name":"Waves Coffee House","routes":["C2","CA","CL"],"provs":["BC"],"desc":"Caf\u00e9\nWifi for customers\nSource: \u00a9 OpenStreetMap contributors (ODbL) https://www.openstreetmap.org/way/437100713","sym":"Radio Beacon"},"geometry":{"type":"Point","coordinates":[-121.9633,49.10458]}},{"type":"Feature","properties":{"name":"Waves Coffee House","routes":["C2","CA","CL"],"provs":["BC"],"desc":"Caf\u00e9\nWifi for customers\nSource: \u00a9 OpenStreetMap contributors (ODbL) https://www.openstreetmap.org/way/437100713","sym":"Radio Beacon"},"geometry":{"type":"Point","coordinates":[-121.96335,49.10453]}},{"type":"Feature","properties":{"name":"McDonald's","routes":["C2","CN","CA","CL"],"provs":["ON"],"desc":"Fast food\nFree wifi\nSource: \u00a9 OpenStreetMap contributors (ODbL) https://www.openstreetmap.org/way/437230212","sym":"Radio Beacon"},"geometry":{"type":"Point","coordinates":[-79.62457,43.773]}},{"type":"Feature","properties":{"name":"McDonald's","routes":["C2","CN","CA","CL"],"provs":["ON"],"desc":"Fast food\nFree wifi\nSource: \u00a9 OpenStreetMap contributors (ODbL) https://www.openstreetmap.org/way/437230212","sym":"Radio Beacon"},"geometry":{"type":"Point","coordinates":[-79.62467,43.77307]}},{"type":"Feature","properties":{"name":"Aucoin Bakery","routes":["C3"],"provs":["NS"],"desc":"Bakery\nSource: \u00a9 OpenStreetMap contributors (ODbL) https://www.openstreetmap.org/way/438458456","sym":"Radio Beacon"},"geometry":{"type":"Point","coordinates":[-60.97595,46.64724]}},{"type":"Feature","properties":{"name":"Aucoin Bakery","routes":["C3"],"provs":["NS"],"desc":"Bakery\nSource: \u00a9 OpenStreetMap contributors (ODbL) https://www.openstreetmap.org/way/438458456","sym":"Radio Beacon"},"geometry":{"type":"Point","coordinates":[-60.97595,46.64731]}},{"type":"Feature","properties":{"name":"Danenas Bakery and Bistro","routes":["C3"],"provs":["NS"],"desc":"Restaurant\nFree wifi\nSource: \u00a9 OpenStreetMap contributors (ODbL) https://www.openstreetmap.org/way/438637980","sym":"Radio Beacon"},"geometry":{"type":"Point","coordinates":[-60.46902,46.86865]}},{"type":"Feature","properties":{"name":"Danenas Bakery and Bistro","routes":["C3"],"provs":["NS"],"desc":"Restaurant\nFree wifi\nSource: \u00a9 OpenStreetMap contributors (ODbL) https://www.openstreetmap.org/way/438637980","sym":"Radio Beacon"},"geometry":{"type":"Point","coordinates":[-60.46897,46.86868]}},{"type":"Feature","properties":{"name":"Non La Vegetarian Cafe","routes":["C1","CA","CL"],"provs":["PE"],"desc":"Restaurant\nSource: \u00a9 OpenStreetMap contributors (ODbL) https://www.openstreetmap.org/way/438857800","sym":"Radio Beacon"},"geometry":{"type":"Point","coordinates":[-63.13316,46.24338]}},{"type":"Feature","properties":{"name":"Non La Vegetarian Cafe","routes":["C1","CA","CL"],"provs":["PE"],"desc":"Restaurant\nSource: \u00a9 OpenStreetMap contributors (ODbL) https://www.openstreetmap.org/way/438857800","sym":"Radio Beacon"},"geometry":{"type":"Point","coordinates":[-63.13309,46.24337]}},{"type":"Feature","properties":{"name":"H\u00f4tel de ville de Ville LaSalle","routes":["C2","CN","CA"],"provs":["QC"],"desc":"Town hall\nFree wifi\nNetwork: MTLWiFi\nSource: \u00a9 OpenStreetMap contributors (ODbL) https://www.openstreetmap.org/way/442824332","sym":"Radio Beacon"},"geometry":{"type":"Point","coordinates":[-73.6612,45.42825]}},{"type":"Feature","properties":{"name":"H\u00f4tel de ville de Ville LaSalle","routes":["C2","CN","CA"],"provs":["QC"],"desc":"Town hall\nFree wifi\nNetwork: MTLWiFi\nSource: \u00a9 OpenStreetMap contributors (ODbL) https://www.openstreetmap.org/way/442824332","sym":"Radio Beacon"},"geometry":{"type":"Point","coordinates":[-73.66124,45.42816]}},{"type":"Feature","properties":{"name":"Tim Hortons","routes":["C2","CN","CA","CL"],"provs":["NS"],"desc":"Caf\u00e9\nFree wifi\nSource: \u00a9 OpenStreetMap contributors (ODbL) https://www.openstreetmap.org/way/443272474","sym":"Radio Beacon"},"geometry":{"type":"Point","coordinates":[-63.65739,44.76045]}},{"type":"Feature","properties":{"name":"Tim Hortons","routes":["C2","CN","CA","CL"],"provs":["NS"],"desc":"Caf\u00e9\nFree wifi\nSource: \u00a9 OpenStreetMap contributors (ODbL) https://www.openstreetmap.org/way/443272474","sym":"Radio Beacon"},"geometry":{"type":"Point","coordinates":[-63.65747,44.76037]}},{"type":"Feature","properties":{"name":"Second Cup","routes":["C1","C3","CN"],"provs":["ON"],"desc":"Caf\u00e9\nSource: \u00a9 OpenStreetMap contributors (ODbL) https://www.openstreetmap.org/way/447277008","sym":"Radio Beacon"},"geometry":{"type":"Point","coordinates":[-75.69215,45.33438]}},{"type":"Feature","properties":{"name":"Second Cup","routes":["C1","C3","CN"],"provs":["ON"],"desc":"Caf\u00e9\nSource: \u00a9 OpenStreetMap contributors (ODbL) https://www.openstreetmap.org/way/447277008","sym":"Radio Beacon"},"geometry":{"type":"Point","coordinates":[-75.69212,45.33442]}},{"type":"Feature","properties":{"name":"Tim Hortons","routes":["C2","CN","CA","CL"],"provs":["NS"],"desc":"Caf\u00e9\nFree wifi\nSource: \u00a9 OpenStreetMap contributors (ODbL) https://www.openstreetmap.org/way/447708561","sym":"Radio Beacon"},"geometry":{"type":"Point","coordinates":[-63.64186,44.74953]}},{"type":"Feature","properties":{"name":"Tim Hortons","routes":["C2","CN","CA","CL"],"provs":["NS"],"desc":"Caf\u00e9\nFree wifi\nSource: \u00a9 OpenStreetMap contributors (ODbL) https://www.openstreetmap.org/way/447708561","sym":"Radio Beacon"},"geometry":{"type":"Point","coordinates":[-63.64178,44.74941]}},{"type":"Feature","properties":{"name":"McDonald's","routes":["C2","CN","CA","CL"],"provs":["NS"],"desc":"Fast food\nFree wifi\nSource: \u00a9 OpenStreetMap contributors (ODbL) https://www.openstreetmap.org/way/448868740","sym":"Radio Beacon"},"geometry":{"type":"Point","coordinates":[-63.68195,44.76684]}},{"type":"Feature","properties":{"name":"McDonald's","routes":["C2","CN","CA","CL"],"provs":["NS"],"desc":"Fast food\nFree wifi\nSource: \u00a9 OpenStreetMap contributors (ODbL) https://www.openstreetmap.org/way/448868740","sym":"Radio Beacon"},"geometry":{"type":"Point","coordinates":[-63.68199,44.76668]}},{"type":"Feature","properties":{"name":"Jungle Jim's Eatery","routes":["C1","C3","CN","CL"],"provs":["NS"],"desc":"Restaurant\nSource: \u00a9 OpenStreetMap contributors (ODbL) https://www.openstreetmap.org/way/450141529","sym":"Radio Beacon"},"geometry":{"type":"Point","coordinates":[-62.65852,45.57158]}},{"type":"Feature","properties":{"name":"Jungle Jim's Eatery","routes":["C1","C3","CN","CL"],"provs":["NS"],"desc":"Restaurant\nSource: \u00a9 OpenStreetMap contributors (ODbL) https://www.openstreetmap.org/way/450141529","sym":"Radio Beacon"},"geometry":{"type":"Point","coordinates":[-62.65855,45.57142]}},{"type":"Feature","properties":{"name":"McDonald's","routes":["C1","C2","CN","CL"],"provs":["BC"],"desc":"Fast food\nSource: \u00a9 OpenStreetMap contributors (ODbL) https://www.openstreetmap.org/way/450529042","sym":"Radio Beacon"},"geometry":{"type":"Point","coordinates":[-122.82091,49.1912]}},{"type":"Feature","properties":{"name":"McDonald's","routes":["C1","C2","CN","CL"],"provs":["BC"],"desc":"Fast food\nSource: \u00a9 OpenStreetMap contributors (ODbL) https://www.openstreetmap.org/way/450529042","sym":"Radio Beacon"},"geometry":{"type":"Point","coordinates":[-122.82099,49.19113]}},{"type":"Feature","properties":{"name":"The Beachconers Microcreamery","routes":["C1","C3","CN"],"provs":["ON"],"desc":"Ice cream\nFree wifi\nSource: \u00a9 OpenStreetMap contributors (ODbL) https://www.openstreetmap.org/way/450801745","sym":"Radio Beacon"},"geometry":{"type":"Point","coordinates":[-75.796,45.36565]}},{"type":"Feature","properties":{"name":"The Beachconers Microcreamery","routes":["C1","C3","CN"],"provs":["ON"],"desc":"Ice cream\nFree wifi\nSource: \u00a9 OpenStreetMap contributors (ODbL) https://www.openstreetmap.org/way/450801745","sym":"Radio Beacon"},"geometry":{"type":"Point","coordinates":[-75.79605,45.36561]}},{"type":"Feature","properties":{"name":"Second Cup","routes":["C1","C3","CN","CA"],"provs":["ON"],"desc":"Caf\u00e9\nSource: \u00a9 OpenStreetMap contributors (ODbL) https://www.openstreetmap.org/way/457623304","sym":"Radio Beacon"},"geometry":{"type":"Point","coordinates":[-75.76993,45.37258]}},{"type":"Feature","properties":{"name":"Second Cup","routes":["C1","C3","CN","CA"],"provs":["ON"],"desc":"Caf\u00e9\nSource: \u00a9 OpenStreetMap contributors (ODbL) https://www.openstreetmap.org/way/457623304","sym":"Radio Beacon"},"geometry":{"type":"Point","coordinates":[-75.76996,45.37263]}},{"type":"Feature","properties":{"name":"Moxie's","routes":["C3","CA"],"provs":["BC"],"desc":"Restaurant\nSource: \u00a9 OpenStreetMap contributors (ODbL) https://www.openstreetmap.org/way/458530882","sym":"Radio Beacon"},"geometry":{"type":"Point","coordinates":[-125.24594,50.03564]}},{"type":"Feature","properties":{"name":"Moxie's","routes":["C3","CA"],"provs":["BC"],"desc":"Restaurant\nSource: \u00a9 OpenStreetMap contributors (ODbL) https://www.openstreetmap.org/way/458530882","sym":"Radio Beacon"},"geometry":{"type":"Point","coordinates":[-125.24606,50.0355]}},{"type":"Feature","properties":{"name":"Swiss Chalet","routes":["C1","C3","CN","CL"],"provs":["NS"],"desc":"Restaurant\nSource: \u00a9 OpenStreetMap contributors (ODbL) https://www.openstreetmap.org/way/458777875","sym":"Radio Beacon"},"geometry":{"type":"Point","coordinates":[-62.66533,45.57759]}},{"type":"Feature","properties":{"name":"Swiss Chalet","routes":["C1","C3","CN","CL"],"provs":["NS"],"desc":"Restaurant\nSource: \u00a9 OpenStreetMap contributors (ODbL) https://www.openstreetmap.org/way/458777875","sym":"Radio Beacon"},"geometry":{"type":"Point","coordinates":[-62.66529,45.57751]}},{"type":"Feature","properties":{"name":"A&W","routes":["C1","C3","CN"],"provs":["ON"],"desc":"Fast food\nSource: \u00a9 OpenStreetMap contributors (ODbL) https://www.openstreetmap.org/way/460242953","sym":"Radio Beacon"},"geometry":{"type":"Point","coordinates":[-75.72514,45.33562]}},{"type":"Feature","properties":{"name":"A&W","routes":["C1","C3","CN"],"provs":["ON"],"desc":"Fast food\nSource: \u00a9 OpenStreetMap contributors (ODbL) https://www.openstreetmap.org/way/460242953","sym":"Radio Beacon"},"geometry":{"type":"Point","coordinates":[-75.72514,45.33567]}},{"type":"Feature","properties":{"name":"McDonald's","routes":["C2","CN","CL"],"provs":["BC"],"desc":"Fast food\nFree wifi\nSource: \u00a9 OpenStreetMap contributors (ODbL) https://www.openstreetmap.org/way/460389719","sym":"Radio Beacon"},"geometry":{"type":"Point","coordinates":[-122.29227,49.0364]}},{"type":"Feature","properties":{"name":"McDonald's","routes":["C2","CN","CL"],"provs":["BC"],"desc":"Fast food\nFree wifi\nSource: \u00a9 OpenStreetMap contributors (ODbL) https://www.openstreetmap.org/way/460389719","sym":"Radio Beacon"},"geometry":{"type":"Point","coordinates":[-122.2923,49.03645]}},{"type":"Feature","properties":{"name":"Halifax North Memorial Library","routes":["C2","CN","CA","CL"],"provs":["NS"],"desc":"Library\nSource: \u00a9 OpenStreetMap contributors (ODbL) https://www.openstreetmap.org/way/461571530","sym":"Radio Beacon"},"geometry":{"type":"Point","coordinates":[-63.58583,44.65404]}},{"type":"Feature","properties":{"name":"Halifax North Memorial Library","routes":["C2","CN","CA","CL"],"provs":["NS"],"desc":"Library\nSource: \u00a9 OpenStreetMap contributors (ODbL) https://www.openstreetmap.org/way/461571530","sym":"Radio Beacon"},"geometry":{"type":"Point","coordinates":[-63.58579,44.65417]}},{"type":"Feature","properties":{"name":"Tim Hortons","routes":["C1","C3","CN"],"provs":["AB"],"desc":"Caf\u00e9\nSource: \u00a9 OpenStreetMap contributors (ODbL) https://www.openstreetmap.org/way/462235020","sym":"Radio Beacon"},"geometry":{"type":"Point","coordinates":[-114.20459,51.12413]}},{"type":"Feature","properties":{"name":"Tim Hortons","routes":["C1","C3","CN"],"provs":["AB"],"desc":"Caf\u00e9\nSource: \u00a9 OpenStreetMap contributors (ODbL) https://www.openstreetmap.org/way/462235020","sym":"Radio Beacon"},"geometry":{"type":"Point","coordinates":[-114.20454,51.12403]}},{"type":"Feature","properties":{"name":"The Corner Stone Bistro","routes":["C2","CN","CA","CL"],"provs":["BC"],"desc":"Caf\u00e9\nFree wifi\nSource: \u00a9 OpenStreetMap contributors (ODbL) https://www.openstreetmap.org/way/463226274","sym":"Radio Beacon"},"geometry":{"type":"Point","coordinates":[-123.10451,49.33013]}},{"type":"Feature","properties":{"name":"The Corner Stone Bistro","routes":["C2","CN","CA","CL"],"provs":["BC"],"desc":"Caf\u00e9\nFree wifi\nSource: \u00a9 OpenStreetMap contributors (ODbL) https://www.openstreetmap.org/way/463226274","sym":"Radio Beacon"},"geometry":{"type":"Point","coordinates":[-123.10457,49.33008]}},{"type":"Feature","properties":{"name":"Tim Hortons","routes":["C2","CN","CA","CL"],"provs":["NS"],"desc":"Caf\u00e9\nFree wifi\nSource: \u00a9 OpenStreetMap contributors (ODbL) https://www.openstreetmap.org/way/464755243","sym":"Radio Beacon"},"geometry":{"type":"Point","coordinates":[-63.56212,44.66844]}},{"type":"Feature","properties":{"name":"Tim Hortons","routes":["C2","CN","CA","CL"],"provs":["NS"],"desc":"Caf\u00e9\nFree wifi\nSource: \u00a9 OpenStreetMap contributors (ODbL) https://www.openstreetmap.org/way/464755243","sym":"Radio Beacon"},"geometry":{"type":"Point","coordinates":[-63.56214,44.66831]}},{"type":"Feature","properties":{"name":"Wendy's","routes":["C1","C2","CN","CL"],"provs":["BC"],"desc":"Fast food\nSource: \u00a9 OpenStreetMap contributors (ODbL) https://www.openstreetmap.org/way/464841899","sym":"Radio Beacon"},"geometry":{"type":"Point","coordinates":[-122.67832,49.11286]}},{"type":"Feature","properties":{"name":"Wendy's","routes":["C1","C2","CN","CL"],"provs":["BC"],"desc":"Fast food\nSource: \u00a9 OpenStreetMap contributors (ODbL) https://www.openstreetmap.org/way/464841899","sym":"Radio Beacon"},"geometry":{"type":"Point","coordinates":[-122.67825,49.11286]}},{"type":"Feature","properties":{"name":"Splash Wave Pool","routes":["C1","C3","CN","CA"],"provs":["ON"],"desc":"Recreation centre\nFree wifi\nSource: \u00a9 OpenStreetMap contributors (ODbL) https://www.openstreetmap.org/way/466704821","sym":"Radio Beacon"},"geometry":{"type":"Point","coordinates":[-75.60031,45.43741]}},{"type":"Feature","properties":{"name":"Splash Wave Pool","routes":["C1","C3","CN","CA"],"provs":["ON"],"desc":"Recreation centre\nFree wifi\nSource: \u00a9 OpenStreetMap contributors (ODbL) https://www.openstreetmap.org/way/466704821","sym":"Radio Beacon"},"geometry":{"type":"Point","coordinates":[-75.60037,45.43758]}},{"type":"Feature","properties":{"name":"Loblaws","routes":["C1","C3","CN","CA"],"provs":["ON"],"desc":"Supermarket\nSource: \u00a9 OpenStreetMap contributors (ODbL) https://www.openstreetmap.org/way/466704825","sym":"Radio Beacon"},"geometry":{"type":"Point","coordinates":[-75.61009,45.43371]}},{"type":"Feature","properties":{"name":"Loblaws","routes":["C1","C3","CN","CA"],"provs":["ON"],"desc":"Supermarket\nSource: \u00a9 OpenStreetMap contributors (ODbL) https://www.openstreetmap.org/way/466704825","sym":"Radio Beacon"},"geometry":{"type":"Point","coordinates":[-75.61041,45.43342]}},{"type":"Feature","properties":{"name":"Bridge Terminal","routes":["C2","CN","CA","CL"],"provs":["NS"],"desc":"Bus station\nSource: \u00a9 OpenStreetMap contributors (ODbL) https://www.openstreetmap.org/way/469791440","sym":"Radio Beacon"},"geometry":{"type":"Point","coordinates":[-63.57451,44.67046]}},{"type":"Feature","properties":{"name":"Bridge Terminal","routes":["C2","CN","CA","CL"],"provs":["NS"],"desc":"Bus station\nSource: \u00a9 OpenStreetMap contributors (ODbL) https://www.openstreetmap.org/way/469791440","sym":"Radio Beacon"},"geometry":{"type":"Point","coordinates":[-63.57446,44.6706]}},{"type":"Feature","properties":{"name":"McDonald's","routes":["C1","C3"],"provs":["AB"],"desc":"Fast food\nFree wifi\nSource: \u00a9 OpenStreetMap contributors (ODbL) https://www.openstreetmap.org/way/469933510","sym":"Radio Beacon"},"geometry":{"type":"Point","coordinates":[-114.07069,51.11357]}},{"type":"Feature","properties":{"name":"McDonald's","routes":["C1","C3"],"provs":["AB"],"desc":"Fast food\nFree wifi\nSource: \u00a9 OpenStreetMap contributors (ODbL) https://www.openstreetmap.org/way/469933510","sym":"Radio Beacon"},"geometry":{"type":"Point","coordinates":[-114.0709,51.11365]}},{"type":"Feature","properties":{"name":"Ottawa Public Library - Manotick Branch","routes":["CN"],"provs":["ON"],"desc":"Library\nSource: \u00a9 OpenStreetMap contributors (ODbL) https://www.openstreetmap.org/way/470053212","sym":"Radio Beacon"},"geometry":{"type":"Point","coordinates":[-75.67953,45.23029]}},{"type":"Feature","properties":{"name":"Ottawa Public Library - Manotick Branch","routes":["CN"],"provs":["ON"],"desc":"Library\nSource: \u00a9 OpenStreetMap contributors (ODbL) https://www.openstreetmap.org/way/470053212","sym":"Radio Beacon"},"geometry":{"type":"Point","coordinates":[-75.67946,45.23034]}},{"type":"Feature","properties":{"name":"Brews and Blues","routes":["C1","C3"],"provs":["ON"],"desc":"Caf\u00e9\nWifi for customers\nSource: \u00a9 OpenStreetMap contributors (ODbL) https://www.openstreetmap.org/way/471172359","sym":"Radio Beacon"},"geometry":{"type":"Point","coordinates":[-75.92024,45.25802]}},{"type":"Feature","properties":{"name":"Brews and Blues","routes":["C1","C3"],"provs":["ON"],"desc":"Caf\u00e9\nWifi for customers\nSource: \u00a9 OpenStreetMap contributors (ODbL) https://www.openstreetmap.org/way/471172359","sym":"Radio Beacon"},"geometry":{"type":"Point","coordinates":[-75.92026,45.258]}},{"type":"Feature","properties":{"name":"Tim Hortons","routes":["C1"],"provs":["ON"],"desc":"Caf\u00e9\nFree wifi\nSource: \u00a9 OpenStreetMap contributors (ODbL) https://www.openstreetmap.org/way/471607608","sym":"Radio Beacon"},"geometry":{"type":"Point","coordinates":[-77.28037,45.89674]}},{"type":"Feature","properties":{"name":"Tim Hortons","routes":["C1"],"provs":["ON"],"desc":"Caf\u00e9\nFree wifi\nSource: \u00a9 OpenStreetMap contributors (ODbL) https://www.openstreetmap.org/way/471607608","sym":"Radio Beacon"},"geometry":{"type":"Point","coordinates":[-77.28034,45.89664]}},{"type":"Feature","properties":{"name":"Tim Hortons","routes":["C1","C3","CN","CA"],"provs":["ON"],"desc":"Caf\u00e9\nFree wifi\nSource: \u00a9 OpenStreetMap contributors (ODbL) https://www.openstreetmap.org/way/473202506","sym":"Radio Beacon"},"geometry":{"type":"Point","coordinates":[-75.60187,45.41643]}},{"type":"Feature","properties":{"name":"Tim Hortons","routes":["C1","C3","CN","CA"],"provs":["ON"],"desc":"Caf\u00e9\nFree wifi\nSource: \u00a9 OpenStreetMap contributors (ODbL) https://www.openstreetmap.org/way/473202506","sym":"Radio Beacon"},"geometry":{"type":"Point","coordinates":[-75.60182,45.41639]}},{"type":"Feature","properties":{"name":"Cranewood","routes":["C3"],"provs":["NB"],"desc":"Caf\u00e9\nFree wifi\nSource: \u00a9 OpenStreetMap contributors (ODbL) https://www.openstreetmap.org/way/476963393","sym":"Radio Beacon"},"geometry":{"type":"Point","coordinates":[-64.36704,45.89814]}},{"type":"Feature","properties":{"name":"Cranewood","routes":["C3"],"provs":["NB"],"desc":"Caf\u00e9\nFree wifi\nSource: \u00a9 OpenStreetMap contributors (ODbL) https://www.openstreetmap.org/way/476963393","sym":"Radio Beacon"},"geometry":{"type":"Point","coordinates":[-64.36714,45.89818]}},{"type":"Feature","properties":{"name":"Second Cup","routes":["C1","C3","CN","CA"],"provs":["ON"],"desc":"Caf\u00e9\nSource: \u00a9 OpenStreetMap contributors (ODbL) https://www.openstreetmap.org/way/477538597","sym":"Radio Beacon"},"geometry":{"type":"Point","coordinates":[-75.63976,45.42182]}},{"type":"Feature","properties":{"name":"Second Cup","routes":["C1","C3","CN","CA"],"provs":["ON"],"desc":"Caf\u00e9\nSource: \u00a9 OpenStreetMap contributors (ODbL) https://www.openstreetmap.org/way/477538597","sym":"Radio Beacon"},"geometry":{"type":"Point","coordinates":[-75.63976,45.42178]}},{"type":"Feature","properties":{"name":"A&W","routes":["C1","C3","CN","CA"],"provs":["ON"],"desc":"Fast food\nSource: \u00a9 OpenStreetMap contributors (ODbL) https://www.openstreetmap.org/way/477546421","sym":"Radio Beacon"},"geometry":{"type":"Point","coordinates":[-75.63802,45.42285]}},{"type":"Feature","properties":{"name":"A&W","routes":["C1","C3","CN","CA"],"provs":["ON"],"desc":"Fast food\nSource: \u00a9 OpenStreetMap contributors (ODbL) https://www.openstreetmap.org/way/477546421","sym":"Radio Beacon"},"geometry":{"type":"Point","coordinates":[-75.63804,45.42281]}},{"type":"Feature","properties":{"name":"ORL: Summerland Branch","routes":["C1"],"provs":["BC"],"desc":"Library\nSource: \u00a9 OpenStreetMap contributors (ODbL) https://www.openstreetmap.org/way/479427839","sym":"Radio Beacon"},"geometry":{"type":"Point","coordinates":[-119.68036,49.60125]}},{"type":"Feature","properties":{"name":"ORL: Summerland Branch","routes":["C1"],"provs":["BC"],"desc":"Library\nSource: \u00a9 OpenStreetMap contributors (ODbL) https://www.openstreetmap.org/way/479427839","sym":"Radio Beacon"},"geometry":{"type":"Point","coordinates":[-119.68018,49.60116]}},{"type":"Feature","properties":{"name":"Starbucks","routes":["C1","C2","C3","CA"],"provs":["ON"],"desc":"Caf\u00e9\nSource: \u00a9 OpenStreetMap contributors (ODbL) https://www.openstreetmap.org/way/480688233","sym":"Radio Beacon"},"geometry":{"type":"Point","coordinates":[-84.31909,46.53075]}},{"type":"Feature","properties":{"name":"Starbucks","routes":["C1","C2","C3","CA"],"provs":["ON"],"desc":"Caf\u00e9\nSource: \u00a9 OpenStreetMap contributors (ODbL) https://www.openstreetmap.org/way/480688233","sym":"Radio Beacon"},"geometry":{"type":"Point","coordinates":[-84.31896,46.5308]}},{"type":"Feature","properties":{"name":"Arby's","routes":["C1","C2","C3","CA"],"provs":["ON"],"desc":"Fast food\nSource: \u00a9 OpenStreetMap contributors (ODbL) https://www.openstreetmap.org/way/480750221","sym":"Radio Beacon"},"geometry":{"type":"Point","coordinates":[-84.31887,46.53367]}},{"type":"Feature","properties":{"name":"Arby's","routes":["C1","C2","C3","CA"],"provs":["ON"],"desc":"Fast food\nSource: \u00a9 OpenStreetMap contributors (ODbL) https://www.openstreetmap.org/way/480750221","sym":"Radio Beacon"},"geometry":{"type":"Point","coordinates":[-84.31886,46.53373]}},{"type":"Feature","properties":{"name":"McDonald's","routes":["CN"],"provs":["ON"],"desc":"Fast food\nSource: \u00a9 OpenStreetMap contributors (ODbL) https://www.openstreetmap.org/way/481115370","sym":"Radio Beacon"},"geometry":{"type":"Point","coordinates":[-79.553,43.84627]}},{"type":"Feature","properties":{"name":"McDonald's","routes":["CN"],"provs":["ON"],"desc":"Fast food\nSource: \u00a9 OpenStreetMap contributors (ODbL) https://www.openstreetmap.org/way/481115370","sym":"Radio Beacon"},"geometry":{"type":"Point","coordinates":[-79.55315,43.84622]}},{"type":"Feature","properties":{"name":"A&W","routes":["C1","C3"],"provs":["ON"],"desc":"Fast food\nSource: \u00a9 OpenStreetMap contributors (ODbL) https://www.openstreetmap.org/way/481482491","sym":"Radio Beacon"},"geometry":{"type":"Point","coordinates":[-75.91244,45.33774]}},{"type":"Feature","properties":{"name":"A&W","routes":["C1","C3"],"provs":["ON"],"desc":"Fast food\nSource: \u00a9 OpenStreetMap contributors (ODbL) https://www.openstreetmap.org/way/481482491","sym":"Radio Beacon"},"geometry":{"type":"Point","coordinates":[-75.91257,45.33767]}},{"type":"Feature","properties":{"name":"Harvey's","routes":["C3"],"provs":["ON"],"desc":"Fast food\nSource: \u00a9 OpenStreetMap contributors (ODbL) https://www.openstreetmap.org/way/482770751","sym":"Radio Beacon"},"geometry":{"type":"Point","coordinates":[-80.00419,44.52394]}},{"type":"Feature","properties":{"name":"Harvey's","routes":["C3"],"provs":["ON"],"desc":"Fast food\nSource: \u00a9 OpenStreetMap contributors (ODbL) https://www.openstreetmap.org/way/482770751","sym":"Radio Beacon"},"geometry":{"type":"Point","coordinates":[-80.00416,44.5239]}},{"type":"Feature","properties":{"name":"Ottawa Public Library - Elmvale Acres Branch","routes":["C1","C3","CN","CA"],"provs":["ON"],"desc":"Library\nSource: \u00a9 OpenStreetMap contributors (ODbL) https://www.openstreetmap.org/way/485194408","sym":"Radio Beacon"},"geometry":{"type":"Point","coordinates":[-75.6249,45.39998]}},{"type":"Feature","properties":{"name":"Ottawa Public Library - Elmvale Acres Branch","routes":["C1","C3","CN","CA"],"provs":["ON"],"desc":"Library\nSource: \u00a9 OpenStreetMap contributors (ODbL) https://www.openstreetmap.org/way/485194408","sym":"Radio Beacon"},"geometry":{"type":"Point","coordinates":[-75.62501,45.39997]}},{"type":"Feature","properties":{"name":"McDonald's","routes":["C1","C3","CA"],"provs":["NB"],"desc":"Fast food\nSource: \u00a9 OpenStreetMap contributors (ODbL) https://www.openstreetmap.org/way/488116501","sym":"Radio Beacon"},"geometry":{"type":"Point","coordinates":[-66.68566,48.00243]}},{"type":"Feature","properties":{"name":"McDonald's","routes":["C1","C3","CA"],"provs":["NB"],"desc":"Fast food\nSource: \u00a9 OpenStreetMap contributors (ODbL) https://www.openstreetmap.org/way/488116501","sym":"Radio Beacon"},"geometry":{"type":"Point","coordinates":[-66.68573,48.00238]}},{"type":"Feature","properties":{"name":"Starbucks","routes":["C2","CN","CL"],"provs":["BC"],"desc":"Caf\u00e9\nFree wifi\nSource: \u00a9 OpenStreetMap contributors (ODbL) https://www.openstreetmap.org/way/493770867","sym":"Radio Beacon"},"geometry":{"type":"Point","coordinates":[-122.80329,49.27788]}},{"type":"Feature","properties":{"name":"Starbucks","routes":["C2","CN","CL"],"provs":["BC"],"desc":"Caf\u00e9\nFree wifi\nSource: \u00a9 OpenStreetMap contributors (ODbL) https://www.openstreetmap.org/way/493770867","sym":"Radio Beacon"},"geometry":{"type":"Point","coordinates":[-122.80326,49.27784]}},{"type":"Feature","properties":{"name":"Shogomoc Welcome Centre","routes":["C2"],"provs":["NB"],"desc":"Museum\nSource: \u00a9 OpenStreetMap contributors (ODbL) https://www.openstreetmap.org/way/494731421","sym":"Radio Beacon"},"geometry":{"type":"Point","coordinates":[-67.57883,46.47331]}},{"type":"Feature","properties":{"name":"Shogomoc Welcome Centre","routes":["C2"],"provs":["NB"],"desc":"Museum\nSource: \u00a9 OpenStreetMap contributors (ODbL) https://www.openstreetmap.org/way/494731421","sym":"Radio Beacon"},"geometry":{"type":"Point","coordinates":[-67.57888,46.47333]}},{"type":"Feature","properties":{"name":"Tim Hortons","routes":["C2","CA"],"provs":["NB"],"desc":"Caf\u00e9\nFree wifi\nSource: \u00a9 OpenStreetMap contributors (ODbL) https://www.openstreetmap.org/way/495741397","sym":"Radio Beacon"},"geometry":{"type":"Point","coordinates":[-67.59769,46.16816]}},{"type":"Feature","properties":{"name":"Tim Hortons","routes":["C2","CA"],"provs":["NB"],"desc":"Caf\u00e9\nFree wifi\nSource: \u00a9 OpenStreetMap contributors (ODbL) https://www.openstreetmap.org/way/495741397","sym":"Radio Beacon"},"geometry":{"type":"Point","coordinates":[-67.59765,46.16823]}},{"type":"Feature","properties":{"name":"Calgary Central Library","routes":["C1","C3"],"provs":["AB"],"desc":"Library\nSource: \u00a9 OpenStreetMap contributors (ODbL) https://www.openstreetmap.org/way/496824026","sym":"Radio Beacon"},"geometry":{"type":"Point","coordinates":[-114.05478,51.04558]}},{"type":"Feature","properties":{"name":"Calgary Central Library","routes":["C1","C3"],"provs":["AB"],"desc":"Library\nSource: \u00a9 OpenStreetMap contributors (ODbL) https://www.openstreetmap.org/way/496824026","sym":"Radio Beacon"},"geometry":{"type":"Point","coordinates":[-114.05507,51.04552]}},{"type":"Feature","properties":{"name":"Biblioth\u00e8que Claire-Martin","routes":["C1","C2","C3","CA","CW"],"provs":["QC"],"desc":"Library\nFree wifi\nSource: \u00a9 OpenStreetMap contributors (ODbL) https://www.openstreetmap.org/way/500991908","sym":"Radio Beacon"},"geometry":{"type":"Point","coordinates":[-71.21758,46.81104]}},{"type":"Feature","properties":{"name":"Biblioth\u00e8que Claire-Martin","routes":["C1","C2","C3","CA","CW"],"provs":["QC"],"desc":"Library\nFree wifi\nSource: \u00a9 OpenStreetMap contributors (ODbL) https://www.openstreetmap.org/way/500991908","sym":"Radio Beacon"},"geometry":{"type":"Point","coordinates":[-71.21761,46.81093]}},{"type":"Feature","properties":{"name":"Tim Hortons","routes":["CN","CL"],"provs":["NB"],"desc":"Caf\u00e9\nFree wifi\nSource: \u00a9 OpenStreetMap contributors (ODbL) https://www.openstreetmap.org/way/502764701","sym":"Radio Beacon"},"geometry":{"type":"Point","coordinates":[-64.77289,46.09353]}},{"type":"Feature","properties":{"name":"Tim Hortons","routes":["CN","CL"],"provs":["NB"],"desc":"Caf\u00e9\nFree wifi\nSource: \u00a9 OpenStreetMap contributors (ODbL) https://www.openstreetmap.org/way/502764701","sym":"Radio Beacon"},"geometry":{"type":"Point","coordinates":[-64.7729,46.09348]}},{"type":"Feature","properties":{"name":"Bridgetown Branch, Annapolis Valley Regional Library","routes":["C2"],"provs":["NS"],"desc":"Library\nSource: \u00a9 OpenStreetMap contributors (ODbL) https://www.openstreetmap.org/way/510288265","sym":"Radio Beacon"},"geometry":{"type":"Point","coordinates":[-65.29095,44.83999]}},{"type":"Feature","properties":{"name":"Bridgetown Branch, Annapolis Valley Regional Library","routes":["C2"],"provs":["NS"],"desc":"Library\nSource: \u00a9 OpenStreetMap contributors (ODbL) https://www.openstreetmap.org/way/510288265","sym":"Radio Beacon"},"geometry":{"type":"Point","coordinates":[-65.29099,44.83997]}},{"type":"Feature","properties":{"name":"Sundays Coffee and Provisions","routes":["C3"],"provs":["BC"],"desc":"Caf\u00e9\nFree wifi\nSource: \u00a9 OpenStreetMap contributors (ODbL) https://www.openstreetmap.org/way/510893855","sym":"Radio Beacon"},"geometry":{"type":"Point","coordinates":[-123.73652,48.79252]}},{"type":"Feature","properties":{"name":"Sundays Coffee and Provisions","routes":["C3"],"provs":["BC"],"desc":"Caf\u00e9\nFree wifi\nSource: \u00a9 OpenStreetMap contributors (ODbL) https://www.openstreetmap.org/way/510893855","sym":"Radio Beacon"},"geometry":{"type":"Point","coordinates":[-123.73664,48.79244]}},{"type":"Feature","properties":{"name":"Look Ho Ho","routes":["C2","CN","CA","CL"],"provs":["NS"],"desc":"Restaurant\nFree wifi\nSource: \u00a9 OpenStreetMap contributors (ODbL) https://www.openstreetmap.org/way/512985217","sym":"Radio Beacon"},"geometry":{"type":"Point","coordinates":[-63.6107,44.65456]}},{"type":"Feature","properties":{"name":"Look Ho Ho","routes":["C2","CN","CA","CL"],"provs":["NS"],"desc":"Restaurant\nFree wifi\nSource: \u00a9 OpenStreetMap contributors (ODbL) https://www.openstreetmap.org/way/512985217","sym":"Radio Beacon"},"geometry":{"type":"Point","coordinates":[-63.6107,44.6545]}},{"type":"Feature","properties":{"name":"GVPL: Central Saanich Branch","routes":["C1","C3","CA","CL","CW"],"provs":["BC"],"desc":"Library\nFree wifi\nSource: \u00a9 OpenStreetMap contributors (ODbL) https://www.openstreetmap.org/way/513698544","sym":"Radio Beacon"},"geometry":{"type":"Point","coordinates":[-123.44805,48.57574]}},{"type":"Feature","properties":{"name":"GVPL: Central Saanich Branch","routes":["C1","C3","CA","CL","CW"],"provs":["BC"],"desc":"Library\nFree wifi\nSource: \u00a9 OpenStreetMap contributors (ODbL) https://www.openstreetmap.org/way/513698544","sym":"Radio Beacon"},"geometry":{"type":"Point","coordinates":[-123.44805,48.57562]}},{"type":"Feature","properties":{"name":"Tsawwassen Ferry Terminal","routes":["C1","CN","CL","CW"],"provs":["BC"],"desc":"Ferry terminal\nFree wifi\nSource: \u00a9 OpenStreetMap contributors (ODbL) https://www.openstreetmap.org/way/515296862","sym":"Radio Beacon"},"geometry":{"type":"Point","coordinates":[-123.12977,49.00644]}},{"type":"Feature","properties":{"name":"Tsawwassen Ferry Terminal","routes":["C1","CN","CL","CW"],"provs":["BC"],"desc":"Ferry terminal\nFree wifi\nSource: \u00a9 OpenStreetMap contributors (ODbL) https://www.openstreetmap.org/way/515296862","sym":"Radio Beacon"},"geometry":{"type":"Point","coordinates":[-123.12909,49.00794]}},{"type":"Feature","properties":{"name":"Lobster Deck","routes":["C1","C3","CN","CA"],"provs":["NB"],"desc":"Restaurant\nSource: \u00a9 OpenStreetMap contributors (ODbL) https://www.openstreetmap.org/way/515319824","sym":"Radio Beacon"},"geometry":{"type":"Point","coordinates":[-64.547,46.21955]}},{"type":"Feature","properties":{"name":"Lobster Deck","routes":["C1","C3","CN","CA"],"provs":["NB"],"desc":"Restaurant\nSource: \u00a9 OpenStreetMap contributors (ODbL) https://www.openstreetmap.org/way/515319824","sym":"Radio Beacon"},"geometry":{"type":"Point","coordinates":[-64.54691,46.21949]}},{"type":"Feature","properties":{"name":"Tim Hortons","routes":["C1","C3","CN","CA"],"provs":["NB"],"desc":"Caf\u00e9\nFree wifi\nSource: \u00a9 OpenStreetMap contributors (ODbL) https://www.openstreetmap.org/way/517114306","sym":"Radio Beacon"},"geometry":{"type":"Point","coordinates":[-64.52199,46.22294]}},{"type":"Feature","properties":{"name":"Tim Hortons","routes":["C1","C3","CN","CA"],"provs":["NB"],"desc":"Caf\u00e9\nFree wifi\nSource: \u00a9 OpenStreetMap contributors (ODbL) https://www.openstreetmap.org/way/517114306","sym":"Radio Beacon"},"geometry":{"type":"Point","coordinates":[-64.52208,46.22289]}},{"type":"Feature","properties":{"name":"McDonald's","routes":["C1","C3","CN","CA"],"provs":["NB"],"desc":"Fast food\nFree wifi\nSource: \u00a9 OpenStreetMap contributors (ODbL) https://www.openstreetmap.org/way/517114343","sym":"Radio Beacon"},"geometry":{"type":"Point","coordinates":[-64.5189,46.22353]}},{"type":"Feature","properties":{"name":"McDonald's","routes":["C1","C3","CN","CA"],"provs":["NB"],"desc":"Fast food\nFree wifi\nSource: \u00a9 OpenStreetMap contributors (ODbL) https://www.openstreetmap.org/way/517114343","sym":"Radio Beacon"},"geometry":{"type":"Point","coordinates":[-64.51902,46.22359]}},{"type":"Feature","properties":{"name":"Salon CC\u2019s Lounge","routes":["C1","C3","CN","CA"],"provs":["NB"],"desc":"Pub\nSource: \u00a9 OpenStreetMap contributors (ODbL) https://www.openstreetmap.org/way/517127062","sym":"Radio Beacon"},"geometry":{"type":"Point","coordinates":[-64.51582,46.22436]}},{"type":"Feature","properties":{"name":"Salon CC\u2019s Lounge","routes":["C1","C3","CN","CA"],"provs":["NB"],"desc":"Pub\nSource: \u00a9 OpenStreetMap contributors (ODbL) https://www.openstreetmap.org/way/517127062","sym":"Radio Beacon"},"geometry":{"type":"Point","coordinates":[-64.51589,46.22427]}},{"type":"Feature","properties":{"name":"A&W","routes":["C1","CN","CA"],"provs":["ON"],"desc":"Fast food\nSource: \u00a9 OpenStreetMap contributors (ODbL) https://www.openstreetmap.org/way/518609167","sym":"Radio Beacon"},"geometry":{"type":"Point","coordinates":[-76.65355,45.47877]}},{"type":"Feature","properties":{"name":"A&W","routes":["C1","CN","CA"],"provs":["ON"],"desc":"Fast food\nSource: \u00a9 OpenStreetMap contributors (ODbL) https://www.openstreetmap.org/way/518609167","sym":"Radio Beacon"},"geometry":{"type":"Point","coordinates":[-76.65355,45.47887]}},{"type":"Feature","properties":{"name":"Tim Hortons","routes":["C1","C2","C3"],"provs":["ON"],"desc":"Caf\u00e9\nSource: \u00a9 OpenStreetMap contributors (ODbL) https://www.openstreetmap.org/way/519453143","sym":"Radio Beacon"},"geometry":{"type":"Point","coordinates":[-89.27887,48.39223]}},{"type":"Feature","properties":{"name":"Tim Hortons","routes":["C1","C2","C3"],"provs":["ON"],"desc":"Caf\u00e9\nSource: \u00a9 OpenStreetMap contributors (ODbL) https://www.openstreetmap.org/way/519453143","sym":"Radio Beacon"},"geometry":{"type":"Point","coordinates":[-89.27902,48.39228]}},{"type":"Feature","properties":{"name":"Jasper Municipal Library","routes":["C3","CA"],"provs":["AB"],"desc":"Library\nSource: \u00a9 OpenStreetMap contributors (ODbL) https://www.openstreetmap.org/way/525013391","sym":"Radio Beacon"},"geometry":{"type":"Point","coordinates":[-118.08345,52.87729]}},{"type":"Feature","properties":{"name":"Jasper Municipal Library","routes":["C3","CA"],"provs":["AB"],"desc":"Library\nSource: \u00a9 OpenStreetMap contributors (ODbL) https://www.openstreetmap.org/way/525013391","sym":"Radio Beacon"},"geometry":{"type":"Point","coordinates":[-118.0836,52.87726]}},{"type":"Feature","properties":{"name":"Dalhousie Centennial Library","routes":["C1","C3"],"provs":["NB"],"desc":"Library\nSource: \u00a9 OpenStreetMap contributors (ODbL) https://www.openstreetmap.org/way/530662643","sym":"Radio Beacon"},"geometry":{"type":"Point","coordinates":[-66.3763,48.06552]}},{"type":"Feature","properties":{"name":"Dalhousie Centennial Library","routes":["C1","C3"],"provs":["NB"],"desc":"Library\nSource: \u00a9 OpenStreetMap contributors (ODbL) https://www.openstreetmap.org/way/530662643","sym":"Radio Beacon"},"geometry":{"type":"Point","coordinates":[-66.37616,48.06546]}},{"type":"Feature","properties":{"name":"Vanderhoof Public Library","routes":["C3","CA"],"provs":["BC"],"desc":"Library\nSource: \u00a9 OpenStreetMap contributors (ODbL) https://www.openstreetmap.org/way/532092156","sym":"Radio Beacon"},"geometry":{"type":"Point","coordinates":[-124.00543,54.01542]}},{"type":"Feature","properties":{"name":"Vanderhoof Public Library","routes":["C3","CA"],"provs":["BC"],"desc":"Library\nSource: \u00a9 OpenStreetMap contributors (ODbL) https://www.openstreetmap.org/way/532092156","sym":"Radio Beacon"},"geometry":{"type":"Point","coordinates":[-124.00556,54.01558]}},{"type":"Feature","properties":{"name":"Chez Charlotte","routes":["C2","CA"],"provs":["NB"],"desc":"Restaurant\nSource: \u00a9 OpenStreetMap contributors (ODbL) https://www.openstreetmap.org/way/534667141","sym":"Radio Beacon"},"geometry":{"type":"Point","coordinates":[-68.33467,47.38009]}},{"type":"Feature","properties":{"name":"Chez Charlotte","routes":["C2","CA"],"provs":["NB"],"desc":"Restaurant\nSource: \u00a9 OpenStreetMap contributors (ODbL) https://www.openstreetmap.org/way/534667141","sym":"Radio Beacon"},"geometry":{"type":"Point","coordinates":[-68.33463,47.38017]}},{"type":"Feature","properties":{"name":"I Deal Coffee","routes":["C2"],"provs":["ON"],"desc":"Caf\u00e9\nSource: \u00a9 OpenStreetMap contributors (ODbL) https://www.openstreetmap.org/way/536133000","sym":"Radio Beacon"},"geometry":{"type":"Point","coordinates":[-79.42032,43.64791]}},{"type":"Feature","properties":{"name":"I Deal Coffee","routes":["C2"],"provs":["ON"],"desc":"Caf\u00e9\nSource: \u00a9 OpenStreetMap contributors (ODbL) https://www.openstreetmap.org/way/536133000","sym":"Radio Beacon"},"geometry":{"type":"Point","coordinates":[-79.42043,43.64787]}},{"type":"Feature","properties":{"name":"McDonald's","routes":["C3","CA"],"provs":["SK"],"desc":"Fast food\nSource: \u00a9 OpenStreetMap contributors (ODbL) https://www.openstreetmap.org/way/537135097","sym":"Radio Beacon"},"geometry":{"type":"Point","coordinates":[-109.14528,51.47564]}},{"type":"Feature","properties":{"name":"McDonald's","routes":["C3","CA"],"provs":["SK"],"desc":"Fast food\nSource: \u00a9 OpenStreetMap contributors (ODbL) https://www.openstreetmap.org/way/537135097","sym":"Radio Beacon"},"geometry":{"type":"Point","coordinates":[-109.14536,51.47555]}},{"type":"Feature","properties":{"name":"Rocko's Family Diner","routes":["C1","C2","CN","CA","CL"],"provs":["BC"],"desc":"Restaurant\nFree wifi\nSource: \u00a9 OpenStreetMap contributors (ODbL) https://www.openstreetmap.org/way/538377965","sym":"Radio Beacon"},"geometry":{"type":"Point","coordinates":[-122.31684,49.13271]}},{"type":"Feature","properties":{"name":"Rocko's Family Diner","routes":["C1","C2","CN","CA","CL"],"provs":["BC"],"desc":"Restaurant\nFree wifi\nSource: \u00a9 OpenStreetMap contributors (ODbL) https://www.openstreetmap.org/way/538377965","sym":"Radio Beacon"},"geometry":{"type":"Point","coordinates":[-122.31687,49.13274]}},{"type":"Feature","properties":{"name":"McDonald's","routes":["C1","C3","CN"],"provs":["AB"],"desc":"Fast food\nSource: \u00a9 OpenStreetMap contributors (ODbL) https://www.openstreetmap.org/way/541158497","sym":"Radio Beacon"},"geometry":{"type":"Point","coordinates":[-114.1387,51.0375]}},{"type":"Feature","properties":{"name":"McDonald's","routes":["C1","C3","CN"],"provs":["AB"],"desc":"Fast food\nSource: \u00a9 OpenStreetMap contributors (ODbL) https://www.openstreetmap.org/way/541158497","sym":"Radio Beacon"},"geometry":{"type":"Point","coordinates":[-114.13868,51.03747]}},{"type":"Feature","properties":{"name":"And Some Flower Cafe","routes":["C1","C3"],"provs":["AB"],"desc":"Caf\u00e9\nWifi for customers\nSource: \u00a9 OpenStreetMap contributors (ODbL) https://www.openstreetmap.org/way/541165719","sym":"Radio Beacon"},"geometry":{"type":"Point","coordinates":[-114.07552,51.05952]}},{"type":"Feature","properties":{"name":"And Some Flower Cafe","routes":["C1","C3"],"provs":["AB"],"desc":"Caf\u00e9\nWifi for customers\nSource: \u00a9 OpenStreetMap contributors (ODbL) https://www.openstreetmap.org/way/541165719","sym":"Radio Beacon"},"geometry":{"type":"Point","coordinates":[-114.07559,51.05944]}},{"type":"Feature","properties":{"name":"Nove Nine","routes":["C1","C3","CN"],"provs":["AB"],"desc":"Caf\u00e9\nSource: \u00a9 OpenStreetMap contributors (ODbL) https://www.openstreetmap.org/way/541443811","sym":"Radio Beacon"},"geometry":{"type":"Point","coordinates":[-114.13508,51.05681]}},{"type":"Feature","properties":{"name":"Nove Nine","routes":["C1","C3","CN"],"provs":["AB"],"desc":"Caf\u00e9\nSource: \u00a9 OpenStreetMap contributors (ODbL) https://www.openstreetmap.org/way/541443811","sym":"Radio Beacon"},"geometry":{"type":"Point","coordinates":[-114.1352,51.0569]}},{"type":"Feature","properties":{"name":"Piscine Saint-Roch","routes":["C1","C2","CN","CA","CL"],"provs":["QC"],"desc":"Recreation centre\nFree wifi\nNetwork: MTLWiFi\nSource: \u00a9 OpenStreetMap contributors (ODbL) https://www.openstreetmap.org/way/546688472","sym":"Radio Beacon"},"geometry":{"type":"Point","coordinates":[-73.63066,45.53215]}},{"type":"Feature","properties":{"name":"Piscine Saint-Roch","routes":["C1","C2","CN","CA","CL"],"provs":["QC"],"desc":"Recreation centre\nFree wifi\nNetwork: MTLWiFi\nSource: \u00a9 OpenStreetMap contributors (ODbL) https://www.openstreetmap.org/way/546688472","sym":"Radio Beacon"},"geometry":{"type":"Point","coordinates":[-73.63078,45.532]}},{"type":"Feature","properties":{"name":"Aulac Circle-K Irving","routes":["C3","CA"],"provs":["NB","NS"],"desc":"Gas station\nSource: \u00a9 OpenStreetMap contributors (ODbL) https://www.openstreetmap.org/way/548556836","sym":"Radio Beacon"},"geometry":{"type":"Point","coordinates":[-64.27939,45.86995]}},{"type":"Feature","properties":{"name":"Aulac Circle-K Irving","routes":["C3","CA"],"provs":["NB","NS"],"desc":"Gas station\nSource: \u00a9 OpenStreetMap contributors (ODbL) https://www.openstreetmap.org/way/548556836","sym":"Radio Beacon"},"geometry":{"type":"Point","coordinates":[-64.27942,45.87013]}},{"type":"Feature","properties":{"name":"McDonald's","routes":["C1","C2","CN","CL"],"provs":["BC"],"desc":"Fast food\nSource: \u00a9 OpenStreetMap contributors (ODbL) https://www.openstreetmap.org/way/550226445","sym":"Radio Beacon"},"geometry":{"type":"Point","coordinates":[-122.80424,49.10485]}},{"type":"Feature","properties":{"name":"McDonald's","routes":["C1","C2","CN","CL"],"provs":["BC"],"desc":"Fast food\nSource: \u00a9 OpenStreetMap contributors (ODbL) https://www.openstreetmap.org/way/550226445","sym":"Radio Beacon"},"geometry":{"type":"Point","coordinates":[-122.80426,49.1048]}},{"type":"Feature","properties":{"name":"McDonald's","routes":["C1","C2","CN","CL"],"provs":["BC"],"desc":"Fast food\nSource: \u00a9 OpenStreetMap contributors (ODbL) https://www.openstreetmap.org/way/550368951","sym":"Radio Beacon"},"geometry":{"type":"Point","coordinates":[-122.6691,49.17713]}},{"type":"Feature","properties":{"name":"McDonald's","routes":["C1","C2","CN","CL"],"provs":["BC"],"desc":"Fast food\nSource: \u00a9 OpenStreetMap contributors (ODbL) https://www.openstreetmap.org/way/550368951","sym":"Radio Beacon"},"geometry":{"type":"Point","coordinates":[-122.66909,49.17725]}},{"type":"Feature","properties":{"name":"Tim Hortons","routes":["C1","C3"],"provs":["NB"],"desc":"Caf\u00e9\nSource: \u00a9 OpenStreetMap contributors (ODbL) https://www.openstreetmap.org/way/551183149","sym":"Radio Beacon"},"geometry":{"type":"Point","coordinates":[-65.57142,46.99671]}},{"type":"Feature","properties":{"name":"Tim Hortons","routes":["C1","C3"],"provs":["NB"],"desc":"Caf\u00e9\nSource: \u00a9 OpenStreetMap contributors (ODbL) https://www.openstreetmap.org/way/551183149","sym":"Radio Beacon"},"geometry":{"type":"Point","coordinates":[-65.57142,46.99664]}},{"type":"Feature","properties":{"name":"Steamworks Brewery and Tap Room","routes":["C2","CN","CA","CL"],"provs":["BC"],"desc":"Pub\nSource: \u00a9 OpenStreetMap contributors (ODbL) https://www.openstreetmap.org/way/551479731","sym":"Radio Beacon"},"geometry":{"type":"Point","coordinates":[-123.02002,49.27432]}},{"type":"Feature","properties":{"name":"Steamworks Brewery and Tap Room","routes":["C2","CN","CA","CL"],"provs":["BC"],"desc":"Pub\nSource: \u00a9 OpenStreetMap contributors (ODbL) https://www.openstreetmap.org/way/551479731","sym":"Radio Beacon"},"geometry":{"type":"Point","coordinates":[-123.02015,49.27416]}},{"type":"Feature","properties":{"name":"Five Corners Cafe","routes":["C3","CA"],"provs":["SK"],"desc":"Caf\u00e9\nFree wifi\nSource: \u00a9 OpenStreetMap contributors (ODbL) https://www.openstreetmap.org/way/552422643","sym":"Radio Beacon"},"geometry":{"type":"Point","coordinates":[-106.65755,52.11991]}},{"type":"Feature","properties":{"name":"Five Corners Cafe","routes":["C3","CA"],"provs":["SK"],"desc":"Caf\u00e9\nFree wifi\nSource: \u00a9 OpenStreetMap contributors (ODbL) https://www.openstreetmap.org/way/552422643","sym":"Radio Beacon"},"geometry":{"type":"Point","coordinates":[-106.65746,52.12002]}},{"type":"Feature","properties":{"name":"Newcastle Public Library","routes":["C1","C3"],"provs":["NB"],"desc":"Library\nSource: \u00a9 OpenStreetMap contributors (ODbL) https://www.openstreetmap.org/way/552466084","sym":"Radio Beacon"},"geometry":{"type":"Point","coordinates":[-65.56389,47.00162]}},{"type":"Feature","properties":{"name":"Newcastle Public Library","routes":["C1","C3"],"provs":["NB"],"desc":"Library\nSource: \u00a9 OpenStreetMap contributors (ODbL) https://www.openstreetmap.org/way/552466084","sym":"Radio Beacon"},"geometry":{"type":"Point","coordinates":[-65.56365,47.00172]}},{"type":"Feature","properties":{"name":"Tim Hortons","routes":["C1","C3"],"provs":["NB"],"desc":"Caf\u00e9\nSource: \u00a9 OpenStreetMap contributors (ODbL) https://www.openstreetmap.org/way/555331252","sym":"Radio Beacon"},"geometry":{"type":"Point","coordinates":[-65.48858,47.03165]}},{"type":"Feature","properties":{"name":"Tim Hortons","routes":["C1","C3"],"provs":["NB"],"desc":"Caf\u00e9\nSource: \u00a9 OpenStreetMap contributors (ODbL) https://www.openstreetmap.org/way/555331252","sym":"Radio Beacon"},"geometry":{"type":"Point","coordinates":[-65.48853,47.03171]}},{"type":"Feature","properties":{"name":"Tim Hortons","routes":["CN","CA"],"provs":["BC"],"desc":"Caf\u00e9\nWifi for customers\nSource: \u00a9 OpenStreetMap contributors (ODbL) https://www.openstreetmap.org/way/558878710","sym":"Radio Beacon"},"geometry":{"type":"Point","coordinates":[-119.31786,50.693]}},{"type":"Feature","properties":{"name":"Tim Hortons","routes":["CN","CA"],"provs":["BC"],"desc":"Caf\u00e9\nWifi for customers\nSource: \u00a9 OpenStreetMap contributors (ODbL) https://www.openstreetmap.org/way/558878710","sym":"Radio Beacon"},"geometry":{"type":"Point","coordinates":[-119.31784,50.69289]}},{"type":"Feature","properties":{"name":"Aulac Big Stop Restaurant","routes":["C3","CA"],"provs":["NB","NS"],"desc":"Restaurant\nSource: \u00a9 OpenStreetMap contributors (ODbL) https://www.openstreetmap.org/way/560215092","sym":"Radio Beacon"},"geometry":{"type":"Point","coordinates":[-64.28002,45.8705]}},{"type":"Feature","properties":{"name":"Aulac Big Stop Restaurant","routes":["C3","CA"],"provs":["NB","NS"],"desc":"Restaurant\nSource: \u00a9 OpenStreetMap contributors (ODbL) https://www.openstreetmap.org/way/560215092","sym":"Radio Beacon"},"geometry":{"type":"Point","coordinates":[-64.27996,45.87073]}},{"type":"Feature","properties":{"name":"VIRL: Sidney / North Saanich Branch","routes":["C1","C3","CA","CL","CW"],"provs":["BC"],"desc":"Library\nFree wifi\nSource: \u00a9 OpenStreetMap contributors (ODbL) https://www.openstreetmap.org/way/561147862","sym":"Radio Beacon"},"geometry":{"type":"Point","coordinates":[-123.40238,48.65498]}},{"type":"Feature","properties":{"name":"VIRL: Sidney / North Saanich Branch","routes":["C1","C3","CA","CL","CW"],"provs":["BC"],"desc":"Library\nFree wifi\nSource: \u00a9 OpenStreetMap contributors (ODbL) https://www.openstreetmap.org/way/561147862","sym":"Radio Beacon"},"geometry":{"type":"Point","coordinates":[-123.4024,48.6549]}},{"type":"Feature","properties":{"name":"Tim Hortons","routes":["CN","CA","CL","CW"],"provs":["BC"],"desc":"Caf\u00e9\nSource: \u00a9 OpenStreetMap contributors (ODbL) https://www.openstreetmap.org/way/562964816","sym":"Radio Beacon"},"geometry":{"type":"Point","coordinates":[-123.13773,49.16596]}},{"type":"Feature","properties":{"name":"Tim Hortons","routes":["CN","CA","CL","CW"],"provs":["BC"],"desc":"Caf\u00e9\nSource: \u00a9 OpenStreetMap contributors (ODbL) https://www.openstreetmap.org/way/562964816","sym":"Radio Beacon"},"geometry":{"type":"Point","coordinates":[-123.13767,49.16589]}},{"type":"Feature","properties":{"name":"Port Hope Public Library","routes":["C2","C3","CL"],"provs":["ON"],"desc":"Library\nSource: \u00a9 OpenStreetMap contributors (ODbL) https://www.openstreetmap.org/way/563666192","sym":"Radio Beacon"},"geometry":{"type":"Point","coordinates":[-78.29256,43.94995]}},{"type":"Feature","properties":{"name":"Port Hope Public Library","routes":["C2","C3","CL"],"provs":["ON"],"desc":"Library\nSource: \u00a9 OpenStreetMap contributors (ODbL) https://www.openstreetmap.org/way/563666192","sym":"Radio Beacon"},"geometry":{"type":"Point","coordinates":[-78.2926,43.95007]}},{"type":"Feature","properties":{"name":"Starbucks","routes":["C1","C3","CN"],"provs":["ON"],"desc":"Caf\u00e9\nSource: \u00a9 OpenStreetMap contributors (ODbL) https://www.openstreetmap.org/way/570367946","sym":"Radio Beacon"},"geometry":{"type":"Point","coordinates":[-75.819,45.32832]}},{"type":"Feature","properties":{"name":"Starbucks","routes":["C1","C3","CN"],"provs":["ON"],"desc":"Caf\u00e9\nSource: \u00a9 OpenStreetMap contributors (ODbL) https://www.openstreetmap.org/way/570367946","sym":"Radio Beacon"},"geometry":{"type":"Point","coordinates":[-75.81899,45.32825]}},{"type":"Feature","properties":{"name":"Ottawa Public Library - Beaverbrook Branch","routes":["C1","C3"],"provs":["ON"],"desc":"Library\nSource: \u00a9 OpenStreetMap contributors (ODbL) https://www.openstreetmap.org/way/576122574","sym":"Radio Beacon"},"geometry":{"type":"Point","coordinates":[-75.89539,45.32199]}},{"type":"Feature","properties":{"name":"Ottawa Public Library - Beaverbrook Branch","routes":["C1","C3"],"provs":["ON"],"desc":"Library\nSource: \u00a9 OpenStreetMap contributors (ODbL) https://www.openstreetmap.org/way/576122574","sym":"Radio Beacon"},"geometry":{"type":"Point","coordinates":[-75.89538,45.32186]}},{"type":"Feature","properties":{"name":"East Vancouver Brewing","routes":["C2","CN","CA","CL"],"provs":["BC"],"desc":"Pub\nSource: \u00a9 OpenStreetMap contributors (ODbL) https://www.openstreetmap.org/way/577896312","sym":"Radio Beacon"},"geometry":{"type":"Point","coordinates":[-123.07115,49.27703]}},{"type":"Feature","properties":{"name":"East Vancouver Brewing","routes":["C2","CN","CA","CL"],"provs":["BC"],"desc":"Pub\nSource: \u00a9 OpenStreetMap contributors (ODbL) https://www.openstreetmap.org/way/577896312","sym":"Radio Beacon"},"geometry":{"type":"Point","coordinates":[-123.07112,49.2769]}},{"type":"Feature","properties":{"name":"Tim Hortons","routes":["C1","CA"],"provs":["ON"],"desc":"Caf\u00e9\nFree wifi\nSource: \u00a9 OpenStreetMap contributors (ODbL) https://www.openstreetmap.org/way/582817999","sym":"Radio Beacon"},"geometry":{"type":"Point","coordinates":[-79.45878,46.31701]}},{"type":"Feature","properties":{"name":"Tim Hortons","routes":["C1","CA"],"provs":["ON"],"desc":"Caf\u00e9\nFree wifi\nSource: \u00a9 OpenStreetMap contributors (ODbL) https://www.openstreetmap.org/way/582817999","sym":"Radio Beacon"},"geometry":{"type":"Point","coordinates":[-79.45871,46.31693]}},{"type":"Feature","properties":{"name":"FVRL: Sardis Library","routes":["C2","CA","CL"],"provs":["BC"],"desc":"Library\nFree wifi\nNetwork: fvrlcustomer\nSource: \u00a9 OpenStreetMap contributors (ODbL) https://www.openstreetmap.org/way/584072630","sym":"Radio Beacon"},"geometry":{"type":"Point","coordinates":[-121.97757,49.10791]}},{"type":"Feature","properties":{"name":"FVRL: Sardis Library","routes":["C2","CA","CL"],"provs":["BC"],"desc":"Library\nFree wifi\nNetwork: fvrlcustomer\nSource: \u00a9 OpenStreetMap contributors (ODbL) https://www.openstreetmap.org/way/584072630","sym":"Radio Beacon"},"geometry":{"type":"Point","coordinates":[-121.9776,49.10773]}},{"type":"Feature","properties":{"name":"Fraser Lake Public Library","routes":["C3"],"provs":["BC"],"desc":"Library\nSource: \u00a9 OpenStreetMap contributors (ODbL) https://www.openstreetmap.org/way/584776361","sym":"Radio Beacon"},"geometry":{"type":"Point","coordinates":[-124.84904,54.05628]}},{"type":"Feature","properties":{"name":"Fraser Lake Public Library","routes":["C3"],"provs":["BC"],"desc":"Library\nSource: \u00a9 OpenStreetMap contributors (ODbL) https://www.openstreetmap.org/way/584776361","sym":"Radio Beacon"},"geometry":{"type":"Point","coordinates":[-124.84906,54.05624]}},{"type":"Feature","properties":{"name":"Ottawa Public Library - Blackburn Hamlet Branch","routes":["C1","C3","CN","CA"],"provs":["ON"],"desc":"Library\nSource: \u00a9 OpenStreetMap contributors (ODbL) https://www.openstreetmap.org/way/587602384","sym":"Radio Beacon"},"geometry":{"type":"Point","coordinates":[-75.56438,45.43066]}},{"type":"Feature","properties":{"name":"Ottawa Public Library - Blackburn Hamlet Branch","routes":["C1","C3","CN","CA"],"provs":["ON"],"desc":"Library\nSource: \u00a9 OpenStreetMap contributors (ODbL) https://www.openstreetmap.org/way/587602384","sym":"Radio Beacon"},"geometry":{"type":"Point","coordinates":[-75.56443,45.43059]}},{"type":"Feature","properties":{"name":"Colchester - East Hants Public Library","routes":["C3","CN"],"provs":["NS"],"desc":"Library\nFree wifi\nSource: \u00a9 OpenStreetMap contributors (ODbL) https://www.openstreetmap.org/way/587796030","sym":"Radio Beacon"},"geometry":{"type":"Point","coordinates":[-63.27866,45.36394]}},{"type":"Feature","properties":{"name":"Colchester - East Hants Public Library","routes":["C3","CN"],"provs":["NS"],"desc":"Library\nFree wifi\nSource: \u00a9 OpenStreetMap contributors (ODbL) https://www.openstreetmap.org/way/587796030","sym":"Radio Beacon"},"geometry":{"type":"Point","coordinates":[-63.27876,45.36401]}},{"type":"Feature","properties":{"name":"The Human Bean (Cobourg's Coffee House)","routes":["C2","C3","CA","CL"],"provs":["ON"],"desc":"Caf\u00e9\nSource: \u00a9 OpenStreetMap contributors (ODbL) https://www.openstreetmap.org/way/598391568","sym":"Radio Beacon"},"geometry":{"type":"Point","coordinates":[-78.16877,43.95974]}},{"type":"Feature","properties":{"name":"The Human Bean (Cobourg's Coffee House)","routes":["C2","C3","CA","CL"],"provs":["ON"],"desc":"Caf\u00e9\nSource: \u00a9 OpenStreetMap contributors (ODbL) https://www.openstreetmap.org/way/598391568","sym":"Radio Beacon"},"geometry":{"type":"Point","coordinates":[-78.16879,43.95966]}},{"type":"Feature","properties":{"name":"Timothy's","routes":["C1","C3","CN","CA"],"provs":["ON"],"desc":"Caf\u00e9\nSource: \u00a9 OpenStreetMap contributors (ODbL) https://www.openstreetmap.org/way/605374219","sym":"Radio Beacon"},"geometry":{"type":"Point","coordinates":[-75.67671,45.38604]}},{"type":"Feature","properties":{"name":"Timothy's","routes":["C1","C3","CN","CA"],"provs":["ON"],"desc":"Caf\u00e9\nSource: \u00a9 OpenStreetMap contributors (ODbL) https://www.openstreetmap.org/way/605374219","sym":"Radio Beacon"},"geometry":{"type":"Point","coordinates":[-75.67669,45.38608]}},{"type":"Feature","properties":{"name":"Healthy Choice Seafood Stop","routes":["C3"],"provs":["NS"],"desc":"Restaurant\nSource: \u00a9 OpenStreetMap contributors (ODbL) https://www.openstreetmap.org/way/605617768","sym":"Radio Beacon"},"geometry":{"type":"Point","coordinates":[-61.01697,46.61327]}},{"type":"Feature","properties":{"name":"Healthy Choice Seafood Stop","routes":["C3"],"provs":["NS"],"desc":"Restaurant\nSource: \u00a9 OpenStreetMap contributors (ODbL) https://www.openstreetmap.org/way/605617768","sym":"Radio Beacon"},"geometry":{"type":"Point","coordinates":[-61.01688,46.61313]}},{"type":"Feature","properties":{"name":"Overbrook Community Centre","routes":["C1","C3","CN","CA"],"provs":["ON"],"desc":"Community centre\nFree wifi\nSource: \u00a9 OpenStreetMap contributors (ODbL) https://www.openstreetmap.org/way/611366362","sym":"Radio Beacon"},"geometry":{"type":"Point","coordinates":[-75.65664,45.42538]}},{"type":"Feature","properties":{"name":"Overbrook Community Centre","routes":["C1","C3","CN","CA"],"provs":["ON"],"desc":"Community centre\nFree wifi\nSource: \u00a9 OpenStreetMap contributors (ODbL) https://www.openstreetmap.org/way/611366362","sym":"Radio Beacon"},"geometry":{"type":"Point","coordinates":[-75.65685,45.42547]}},{"type":"Feature","properties":{"name":"PGPL: Bob Harkins Branch","routes":["C3","CA","CL"],"provs":["BC"],"desc":"Library\nSource: \u00a9 OpenStreetMap contributors (ODbL) https://www.openstreetmap.org/way/613026834","sym":"Radio Beacon"},"geometry":{"type":"Point","coordinates":[-122.7501,53.91171]}},{"type":"Feature","properties":{"name":"PGPL: Bob Harkins Branch","routes":["C3","CA","CL"],"provs":["BC"],"desc":"Library\nSource: \u00a9 OpenStreetMap contributors (ODbL) https://www.openstreetmap.org/way/613026834","sym":"Radio Beacon"},"geometry":{"type":"Point","coordinates":[-122.75002,53.912]}},{"type":"Feature","properties":{"name":"Starbucks","routes":["C1","C3","CN","CA"],"provs":["ON"],"desc":"Caf\u00e9\nSource: \u00a9 OpenStreetMap contributors (ODbL) https://www.openstreetmap.org/way/621820178","sym":"Radio Beacon"},"geometry":{"type":"Point","coordinates":[-75.64629,45.41281]}},{"type":"Feature","properties":{"name":"Starbucks","routes":["C1","C3","CN","CA"],"provs":["ON"],"desc":"Caf\u00e9\nSource: \u00a9 OpenStreetMap contributors (ODbL) https://www.openstreetmap.org/way/621820178","sym":"Radio Beacon"},"geometry":{"type":"Point","coordinates":[-75.64636,45.41287]}},{"type":"Feature","properties":{"name":"Olympus Burger","routes":["C2","C3","CL"],"provs":["ON"],"desc":"Restaurant\nSource: \u00a9 OpenStreetMap contributors (ODbL) https://www.openstreetmap.org/way/635080670","sym":"Radio Beacon"},"geometry":{"type":"Point","coordinates":[-78.29101,43.94851]}},{"type":"Feature","properties":{"name":"Olympus Burger","routes":["C2","C3","CL"],"provs":["ON"],"desc":"Restaurant\nSource: \u00a9 OpenStreetMap contributors (ODbL) https://www.openstreetmap.org/way/635080670","sym":"Radio Beacon"},"geometry":{"type":"Point","coordinates":[-78.29109,43.94844]}},{"type":"Feature","properties":{"name":"Coastal Restaurant","routes":["C3"],"provs":["NS"],"desc":"Restaurant\nFree wifi\nSource: \u00a9 OpenStreetMap contributors (ODbL) https://www.openstreetmap.org/way/638157500","sym":"Radio Beacon"},"geometry":{"type":"Point","coordinates":[-60.39248,46.69027]}},{"type":"Feature","properties":{"name":"Coastal Restaurant","routes":["C3"],"provs":["NS"],"desc":"Restaurant\nFree wifi\nSource: \u00a9 OpenStreetMap contributors (ODbL) https://www.openstreetmap.org/way/638157500","sym":"Radio Beacon"},"geometry":{"type":"Point","coordinates":[-60.39251,46.69023]}},{"type":"Feature","properties":{"name":"Ottawa Public Library - Centennial Branch","routes":["C1","C3","CN"],"provs":["ON"],"desc":"Library\nSource: \u00a9 OpenStreetMap contributors (ODbL) https://www.openstreetmap.org/way/638420347","sym":"Radio Beacon"},"geometry":{"type":"Point","coordinates":[-75.82573,45.321]}},{"type":"Feature","properties":{"name":"Ottawa Public Library - Centennial Branch","routes":["C1","C3","CN"],"provs":["ON"],"desc":"Library\nSource: \u00a9 OpenStreetMap contributors (ODbL) https://www.openstreetmap.org/way/638420347","sym":"Radio Beacon"},"geometry":{"type":"Point","coordinates":[-75.82553,45.32099]}},{"type":"Feature","properties":{"name":"Tim Hortons","routes":["C2"],"provs":["NB"],"desc":"Caf\u00e9\nSource: \u00a9 OpenStreetMap contributors (ODbL) https://www.openstreetmap.org/way/639844277","sym":"Radio Beacon"},"geometry":{"type":"Point","coordinates":[-67.60625,46.45296]}},{"type":"Feature","properties":{"name":"Tim Hortons","routes":["C2"],"provs":["NB"],"desc":"Caf\u00e9\nSource: \u00a9 OpenStreetMap contributors (ODbL) https://www.openstreetmap.org/way/639844277","sym":"Radio Beacon"},"geometry":{"type":"Point","coordinates":[-67.6063,46.45287]}},{"type":"Feature","properties":{"name":"Starbucks","routes":["C1","C3","CN","CA"],"provs":["ON","QC"],"desc":"Caf\u00e9\nSource: \u00a9 OpenStreetMap contributors (ODbL) https://www.openstreetmap.org/way/652157915","sym":"Radio Beacon"},"geometry":{"type":"Point","coordinates":[-75.69297,45.42552]}},{"type":"Feature","properties":{"name":"Starbucks","routes":["C1","C3","CN","CA"],"provs":["ON"],"desc":"Caf\u00e9\nSource: \u00a9 OpenStreetMap contributors (ODbL) https://www.openstreetmap.org/way/652157915","sym":"Radio Beacon"},"geometry":{"type":"Point","coordinates":[-75.69294,45.42549]}},{"type":"Feature","properties":{"name":"Starbucks","routes":["CN","CL"],"provs":["NB"],"desc":"Caf\u00e9\nFree wifi\nSource: \u00a9 OpenStreetMap contributors (ODbL) https://www.openstreetmap.org/way/654333674","sym":"Radio Beacon"},"geometry":{"type":"Point","coordinates":[-64.83981,46.11736]}},{"type":"Feature","properties":{"name":"Starbucks","routes":["CN","CL"],"provs":["NB"],"desc":"Caf\u00e9\nFree wifi\nSource: \u00a9 OpenStreetMap contributors (ODbL) https://www.openstreetmap.org/way/654333674","sym":"Radio Beacon"},"geometry":{"type":"Point","coordinates":[-64.83981,46.11741]}},{"type":"Feature","properties":{"name":"Centre communautaire Marcel-Giroux","routes":["C1","C2","CN","CA","CL"],"provs":["QC"],"desc":"Community centre\nFree wifi\nNetwork: MTLWiFi\nSource: \u00a9 OpenStreetMap contributors (ODbL) https://www.openstreetmap.org/way/655129595","sym":"Radio Beacon"},"geometry":{"type":"Point","coordinates":[-73.57645,45.45925]}},{"type":"Feature","properties":{"name":"Centre communautaire Marcel-Giroux","routes":["C1","C2","CN","CA","CL"],"provs":["QC"],"desc":"Community centre\nFree wifi\nNetwork: MTLWiFi\nSource: \u00a9 OpenStreetMap contributors (ODbL) https://www.openstreetmap.org/way/655129595","sym":"Radio Beacon"},"geometry":{"type":"Point","coordinates":[-73.57642,45.45936]}},{"type":"Feature","properties":{"name":"Ben & Florentine","routes":["C1","C3","CN","CA"],"provs":["QC"],"desc":"Restaurant\nSource: \u00a9 OpenStreetMap contributors (ODbL) https://www.openstreetmap.org/way/661301381","sym":"Radio Beacon"},"geometry":{"type":"Point","coordinates":[-75.70546,45.47486]}},{"type":"Feature","properties":{"name":"McDonald's","routes":["CN","CL"],"provs":["ON"],"desc":"Fast food\nSource: \u00a9 OpenStreetMap contributors (ODbL) https://www.openstreetmap.org/way/662403076","sym":"Radio Beacon"},"geometry":{"type":"Point","coordinates":[-79.55691,43.8276]}},{"type":"Feature","properties":{"name":"McDonald's","routes":["CN","CL"],"provs":["ON"],"desc":"Fast food\nSource: \u00a9 OpenStreetMap contributors (ODbL) https://www.openstreetmap.org/way/662403076","sym":"Radio Beacon"},"geometry":{"type":"Point","coordinates":[-79.55703,43.82758]}},{"type":"Feature","properties":{"name":"Wendy's","routes":["C2","CN","CL"],"provs":["BC"],"desc":"Fast food\nFree wifi\nSource: \u00a9 OpenStreetMap contributors (ODbL) https://www.openstreetmap.org/way/666385746","sym":"Radio Beacon"},"geometry":{"type":"Point","coordinates":[-122.2942,49.03366]}},{"type":"Feature","properties":{"name":"Wendy's","routes":["C2","CN","CL"],"provs":["BC"],"desc":"Fast food\nFree wifi\nSource: \u00a9 OpenStreetMap contributors (ODbL) https://www.openstreetmap.org/way/666385746","sym":"Radio Beacon"},"geometry":{"type":"Point","coordinates":[-122.29421,49.03363]}},{"type":"Feature","properties":{"name":"A&W","routes":["C1","C3"],"provs":["ON"],"desc":"Fast food\nSource: \u00a9 OpenStreetMap contributors (ODbL) https://www.openstreetmap.org/way/666462086","sym":"Radio Beacon"},"geometry":{"type":"Point","coordinates":[-75.94013,45.26738]}},{"type":"Feature","properties":{"name":"A&W","routes":["C1","C3"],"provs":["ON"],"desc":"Fast food\nSource: \u00a9 OpenStreetMap contributors (ODbL) https://www.openstreetmap.org/way/666462086","sym":"Radio Beacon"},"geometry":{"type":"Point","coordinates":[-75.94019,45.26747]}},{"type":"Feature","properties":{"name":"McDonald's","routes":["C2","C3","CN","CA","CW"],"provs":["BC"],"desc":"Fast food\nSource: \u00a9 OpenStreetMap contributors (ODbL) https://www.openstreetmap.org/way/671569797","sym":"Radio Beacon"},"geometry":{"type":"Point","coordinates":[-123.98254,49.18357]}},{"type":"Feature","properties":{"name":"McDonald's","routes":["C2","C3","CN","CA","CW"],"provs":["BC"],"desc":"Fast food\nSource: \u00a9 OpenStreetMap contributors (ODbL) https://www.openstreetmap.org/way/671569797","sym":"Radio Beacon"},"geometry":{"type":"Point","coordinates":[-123.98259,49.18352]}},{"type":"Feature","properties":{"name":"Nan Boothby Memorial Library","routes":["C3","CL"],"provs":["AB"],"desc":"Library\nSource: \u00a9 OpenStreetMap contributors (ODbL) https://www.openstreetmap.org/way/672557258","sym":"Radio Beacon"},"geometry":{"type":"Point","coordinates":[-114.47207,51.18908]}},{"type":"Feature","properties":{"name":"Nan Boothby Memorial Library","routes":["C3","CL"],"provs":["AB"],"desc":"Library\nSource: \u00a9 OpenStreetMap contributors (ODbL) https://www.openstreetmap.org/way/672557258","sym":"Radio Beacon"},"geometry":{"type":"Point","coordinates":[-114.47203,51.18894]}},{"type":"Feature","properties":{"name":"Starbucks","routes":["C1","C3","CN","CA"],"provs":["ON"],"desc":"Caf\u00e9\nSource: \u00a9 OpenStreetMap contributors (ODbL) https://www.openstreetmap.org/way/672788706","sym":"Radio Beacon"},"geometry":{"type":"Point","coordinates":[-75.77211,45.36894]}},{"type":"Feature","properties":{"name":"Starbucks","routes":["C1","C3","CN","CA"],"provs":["ON"],"desc":"Caf\u00e9\nSource: \u00a9 OpenStreetMap contributors (ODbL) https://www.openstreetmap.org/way/672788706","sym":"Radio Beacon"},"geometry":{"type":"Point","coordinates":[-75.77219,45.36901]}},{"type":"Feature","properties":{"name":"ORL: Enderby Branch","routes":["C1","CA","CL"],"provs":["BC"],"desc":"Library\nSource: \u00a9 OpenStreetMap contributors (ODbL) https://www.openstreetmap.org/way/677867093","sym":"Radio Beacon"},"geometry":{"type":"Point","coordinates":[-119.13848,50.54997]}},{"type":"Feature","properties":{"name":"ORL: Enderby Branch","routes":["C1","CA","CL"],"provs":["BC"],"desc":"Library\nSource: \u00a9 OpenStreetMap contributors (ODbL) https://www.openstreetmap.org/way/677867093","sym":"Radio Beacon"},"geometry":{"type":"Point","coordinates":[-119.13859,50.55008]}},{"type":"Feature","properties":{"name":"Good Earth Coffeehouse and Bakery","routes":["CL"],"provs":["AB"],"desc":"Caf\u00e9\nSource: \u00a9 OpenStreetMap contributors (ODbL) https://www.openstreetmap.org/way/680502042","sym":"Radio Beacon"},"geometry":{"type":"Point","coordinates":[-114.02456,51.2925]}},{"type":"Feature","properties":{"name":"Good Earth Coffeehouse and Bakery","routes":["CL"],"provs":["AB"],"desc":"Caf\u00e9\nSource: \u00a9 OpenStreetMap contributors (ODbL) https://www.openstreetmap.org/way/680502042","sym":"Radio Beacon"},"geometry":{"type":"Point","coordinates":[-114.02451,51.29245]}},{"type":"Feature","properties":{"name":"Starbucks","routes":["C2","CN","CA"],"provs":["ON"],"desc":"Caf\u00e9\nSource: \u00a9 OpenStreetMap contributors (ODbL) https://www.openstreetmap.org/way/682459598","sym":"Radio Beacon"},"geometry":{"type":"Point","coordinates":[-75.68767,44.61197]}},{"type":"Feature","properties":{"name":"Starbucks","routes":["C2","CN","CA"],"provs":["ON"],"desc":"Caf\u00e9\nSource: \u00a9 OpenStreetMap contributors (ODbL) https://www.openstreetmap.org/way/682459598","sym":"Radio Beacon"},"geometry":{"type":"Point","coordinates":[-75.6876,44.61206]}},{"type":"Feature","properties":{"name":"Second Cup","routes":["C1","C3","CN","CA"],"provs":["ON"],"desc":"Caf\u00e9\nSource: \u00a9 OpenStreetMap contributors (ODbL) https://www.openstreetmap.org/way/683614556","sym":"Radio Beacon"},"geometry":{"type":"Point","coordinates":[-75.67108,45.38251]}},{"type":"Feature","properties":{"name":"Second Cup","routes":["C1","C3","CN","CA"],"provs":["ON"],"desc":"Caf\u00e9\nSource: \u00a9 OpenStreetMap contributors (ODbL) https://www.openstreetmap.org/way/683614556","sym":"Radio Beacon"},"geometry":{"type":"Point","coordinates":[-75.67104,45.38244]}},{"type":"Feature","properties":{"name":"TNRL: Barriere Library","routes":["CN"],"provs":["BC"],"desc":"Library\nSource: \u00a9 OpenStreetMap contributors (ODbL) https://www.openstreetmap.org/way/690308838","sym":"Radio Beacon"},"geometry":{"type":"Point","coordinates":[-120.12555,51.17931]}},{"type":"Feature","properties":{"name":"TNRL: Barriere Library","routes":["CN"],"provs":["BC"],"desc":"Library\nSource: \u00a9 OpenStreetMap contributors (ODbL) https://www.openstreetmap.org/way/690308838","sym":"Radio Beacon"},"geometry":{"type":"Point","coordinates":[-120.12545,51.17942]}},{"type":"Feature","properties":{"name":"Starbucks","routes":["C1","C3"],"provs":["ON"],"desc":"Caf\u00e9\nSource: \u00a9 OpenStreetMap contributors (ODbL) https://www.openstreetmap.org/way/690762765","sym":"Radio Beacon"},"geometry":{"type":"Point","coordinates":[-75.93042,45.34392]}},{"type":"Feature","properties":{"name":"Starbucks","routes":["C1","C3"],"provs":["ON"],"desc":"Caf\u00e9\nSource: \u00a9 OpenStreetMap contributors (ODbL) https://www.openstreetmap.org/way/690762765","sym":"Radio Beacon"},"geometry":{"type":"Point","coordinates":[-75.9305,45.34398]}},{"type":"Feature","properties":{"name":"Starbucks","routes":["C1","C2","CN","CA","CL"],"provs":["BC"],"desc":"Caf\u00e9\nFree wifi\nSource: \u00a9 OpenStreetMap contributors (ODbL) https://www.openstreetmap.org/way/691039855","sym":"Radio Beacon"},"geometry":{"type":"Point","coordinates":[-122.32868,49.13337]}},{"type":"Feature","properties":{"name":"Starbucks","routes":["C1","C2","CN","CA","CL"],"provs":["BC"],"desc":"Caf\u00e9\nFree wifi\nSource: \u00a9 OpenStreetMap contributors (ODbL) https://www.openstreetmap.org/way/691039855","sym":"Radio Beacon"},"geometry":{"type":"Point","coordinates":[-122.32881,49.13332]}},{"type":"Feature","properties":{"name":"Thousand Islands Boat Museum","routes":["C2"],"provs":["ON"],"desc":"Museum\nFree wifi\nSource: \u00a9 OpenStreetMap contributors (ODbL) https://www.openstreetmap.org/way/694466521","sym":"Radio Beacon"},"geometry":{"type":"Point","coordinates":[-76.16159,44.32402]}},{"type":"Feature","properties":{"name":"Thousand Islands Boat Museum","routes":["C2"],"provs":["ON"],"desc":"Museum\nFree wifi\nSource: \u00a9 OpenStreetMap contributors (ODbL) https://www.openstreetmap.org/way/694466521","sym":"Radio Beacon"},"geometry":{"type":"Point","coordinates":[-76.16156,44.32397]}},{"type":"Feature","properties":{"name":"Starbucks","routes":["C3"],"provs":["ON"],"desc":"Caf\u00e9\nFree wifi\nSource: \u00a9 OpenStreetMap contributors (ODbL) https://www.openstreetmap.org/way/704644508","sym":"Radio Beacon"},"geometry":{"type":"Point","coordinates":[-76.26517,44.90901]}},{"type":"Feature","properties":{"name":"Starbucks","routes":["C3"],"provs":["ON"],"desc":"Caf\u00e9\nFree wifi\nSource: \u00a9 OpenStreetMap contributors (ODbL) https://www.openstreetmap.org/way/704644508","sym":"Radio Beacon"},"geometry":{"type":"Point","coordinates":[-76.26515,44.90892]}},{"type":"Feature","properties":{"name":"Tim Hortons","routes":["C3","CN","CL"],"provs":["ON"],"desc":"Caf\u00e9\nFree wifi\nNetwork: Tim Hortons\nSource: \u00a9 OpenStreetMap contributors (ODbL) https://www.openstreetmap.org/way/706833506","sym":"Radio Beacon"},"geometry":{"type":"Point","coordinates":[-79.65778,44.39713]}},{"type":"Feature","properties":{"name":"Tim Hortons","routes":["C3","CN","CL"],"provs":["ON"],"desc":"Caf\u00e9\nFree wifi\nNetwork: Tim Hortons\nSource: \u00a9 OpenStreetMap contributors (ODbL) https://www.openstreetmap.org/way/706833506","sym":"Radio Beacon"},"geometry":{"type":"Point","coordinates":[-79.6578,44.3972]}},{"type":"Feature","properties":{"name":"McDonald's","routes":["C1","C3","CA"],"provs":["NB"],"desc":"Fast food\nSource: \u00a9 OpenStreetMap contributors (ODbL) https://www.openstreetmap.org/way/707875462","sym":"Radio Beacon"},"geometry":{"type":"Point","coordinates":[-65.6661,47.63061]}},{"type":"Feature","properties":{"name":"McDonald's","routes":["C1","C3","CA"],"provs":["NB"],"desc":"Fast food\nSource: \u00a9 OpenStreetMap contributors (ODbL) https://www.openstreetmap.org/way/707875462","sym":"Radio Beacon"},"geometry":{"type":"Point","coordinates":[-65.66605,47.63054]}},{"type":"Feature","properties":{"name":"Tim Hortons","routes":["C1","C3","CA"],"provs":["NB"],"desc":"Caf\u00e9\nSource: \u00a9 OpenStreetMap contributors (ODbL) https://www.openstreetmap.org/way/707875463","sym":"Radio Beacon"},"geometry":{"type":"Point","coordinates":[-65.66748,47.63005]}},{"type":"Feature","properties":{"name":"Tim Hortons","routes":["C1","C3","CA"],"provs":["NB"],"desc":"Caf\u00e9\nSource: \u00a9 OpenStreetMap contributors (ODbL) https://www.openstreetmap.org/way/707875463","sym":"Radio Beacon"},"geometry":{"type":"Point","coordinates":[-65.66746,47.62998]}},{"type":"Feature","properties":{"name":"Nemesis Coffee","routes":["C2","CN","CA","CL"],"provs":["BC"],"desc":"Caf\u00e9\nSource: \u00a9 OpenStreetMap contributors (ODbL) https://www.openstreetmap.org/way/709015417","sym":"Radio Beacon"},"geometry":{"type":"Point","coordinates":[-123.09262,49.26697]}},{"type":"Feature","properties":{"name":"Nemesis Coffee","routes":["C2","CN","CA","CL"],"provs":["BC"],"desc":"Caf\u00e9\nSource: \u00a9 OpenStreetMap contributors (ODbL) https://www.openstreetmap.org/way/709015417","sym":"Radio Beacon"},"geometry":{"type":"Point","coordinates":[-123.09261,49.26704]}},{"type":"Feature","properties":{"name":"Tim Hortons","routes":["C1","C3","CN","CA"],"provs":["QC"],"desc":"Caf\u00e9\nSource: \u00a9 OpenStreetMap contributors (ODbL) https://www.openstreetmap.org/way/709287239","sym":"Radio Beacon"},"geometry":{"type":"Point","coordinates":[-75.64163,45.50125]}},{"type":"Feature","properties":{"name":"Tim Hortons","routes":["C1","C3","CN","CA"],"provs":["QC"],"desc":"Caf\u00e9\nSource: \u00a9 OpenStreetMap contributors (ODbL) https://www.openstreetmap.org/way/709287239","sym":"Radio Beacon"},"geometry":{"type":"Point","coordinates":[-75.64174,45.50121]}},{"type":"Feature","properties":{"name":"Starbucks","routes":["C1","C3","CA","CL"],"provs":["BC"],"desc":"Caf\u00e9\nFree wifi\nSource: \u00a9 OpenStreetMap contributors (ODbL) https://www.openstreetmap.org/way/721793769","sym":"Radio Beacon"},"geometry":{"type":"Point","coordinates":[-123.38065,48.49688]}},{"type":"Feature","properties":{"name":"Starbucks","routes":["C1","C3","CA","CL"],"provs":["BC"],"desc":"Caf\u00e9\nFree wifi\nSource: \u00a9 OpenStreetMap contributors (ODbL) https://www.openstreetmap.org/way/721793769","sym":"Radio Beacon"},"geometry":{"type":"Point","coordinates":[-123.3807,48.49681]}},{"type":"Feature","properties":{"name":"Coffee Shack","routes":["C3"],"provs":["BC"],"desc":"Caf\u00e9\nFree wifi\nNetwork: Guest -\nSource: \u00a9 OpenStreetMap contributors (ODbL) https://www.openstreetmap.org/way/724752778","sym":"Radio Beacon"},"geometry":{"type":"Point","coordinates":[-123.76847,48.95415]}},{"type":"Feature","properties":{"name":"Coffee Shack","routes":["C3"],"provs":["BC"],"desc":"Caf\u00e9\nFree wifi\nNetwork: Guest -\nSource: \u00a9 OpenStreetMap contributors (ODbL) https://www.openstreetmap.org/way/724752778","sym":"Radio Beacon"},"geometry":{"type":"Point","coordinates":[-123.76863,48.95407]}},{"type":"Feature","properties":{"name":"Jas Cafe","routes":["C3"],"provs":["BC"],"desc":"Caf\u00e9\nFree wifi\nSource: \u00a9 OpenStreetMap contributors (ODbL) https://www.openstreetmap.org/way/730103000","sym":"Radio Beacon"},"geometry":{"type":"Point","coordinates":[-123.82133,48.99039]}},{"type":"Feature","properties":{"name":"Jas Cafe","routes":["C3"],"provs":["BC"],"desc":"Caf\u00e9\nFree wifi\nSource: \u00a9 OpenStreetMap contributors (ODbL) https://www.openstreetmap.org/way/730103000","sym":"Radio Beacon"},"geometry":{"type":"Point","coordinates":[-123.8213,48.99048]}},{"type":"Feature","properties":{"name":"Tim Hortons","routes":["C1","C2","CN","CL"],"provs":["BC"],"desc":"Caf\u00e9\nSource: \u00a9 OpenStreetMap contributors (ODbL) https://www.openstreetmap.org/way/733809762","sym":"Radio Beacon"},"geometry":{"type":"Point","coordinates":[-122.69121,49.11958]}},{"type":"Feature","properties":{"name":"Tim Hortons","routes":["C1","C2","CN","CL"],"provs":["BC"],"desc":"Caf\u00e9\nSource: \u00a9 OpenStreetMap contributors (ODbL) https://www.openstreetmap.org/way/733809762","sym":"Radio Beacon"},"geometry":{"type":"Point","coordinates":[-122.69122,49.11967]}},{"type":"Feature","properties":{"name":"Bill and Helen Norrie Library","routes":["C1","C2","C3","CN"],"provs":["MB"],"desc":"Library\nFree wifi\nSource: \u00a9 OpenStreetMap contributors (ODbL) https://www.openstreetmap.org/way/740449785","sym":"Radio Beacon"},"geometry":{"type":"Point","coordinates":[-97.17505,49.85559]}},{"type":"Feature","properties":{"name":"Bill and Helen Norrie Library","routes":["C1","C2","C3","CN"],"provs":["MB"],"desc":"Library\nFree wifi\nSource: \u00a9 OpenStreetMap contributors (ODbL) https://www.openstreetmap.org/way/740449785","sym":"Radio Beacon"},"geometry":{"type":"Point","coordinates":[-97.17477,49.85572]}},{"type":"Feature","properties":{"name":"Windsor Park Library","routes":["C1","C2","C3"],"provs":["MB"],"desc":"Library\nFree wifi\nSource: \u00a9 OpenStreetMap contributors (ODbL) https://www.openstreetmap.org/way/741499633","sym":"Radio Beacon"},"geometry":{"type":"Point","coordinates":[-97.08804,49.86153]}},{"type":"Feature","properties":{"name":"Windsor Park Library","routes":["C1","C2","C3"],"provs":["MB"],"desc":"Library\nFree wifi\nSource: \u00a9 OpenStreetMap contributors (ODbL) https://www.openstreetmap.org/way/741499633","sym":"Radio Beacon"},"geometry":{"type":"Point","coordinates":[-97.08803,49.86136]}},{"type":"Feature","properties":{"name":"ORL: Princeton Branch","routes":["C1","C2","CA"],"provs":["BC"],"desc":"Library\nSource: \u00a9 OpenStreetMap contributors (ODbL) https://www.openstreetmap.org/way/754441756","sym":"Radio Beacon"},"geometry":{"type":"Point","coordinates":[-120.5086,49.46]}},{"type":"Feature","properties":{"name":"ORL: Princeton Branch","routes":["C1","C2","CA"],"provs":["BC"],"desc":"Library\nSource: \u00a9 OpenStreetMap contributors (ODbL) https://www.openstreetmap.org/way/754441756","sym":"Radio Beacon"},"geometry":{"type":"Point","coordinates":[-120.50852,49.4601]}},{"type":"Feature","properties":{"name":"Biblioth\u00e8que publique de Richibucto","routes":["C1","C3"],"provs":["NB"],"desc":"Library\nFree wifi\nSource: \u00a9 OpenStreetMap contributors (ODbL) https://www.openstreetmap.org/way/755538459","sym":"Radio Beacon"},"geometry":{"type":"Point","coordinates":[-64.86276,46.68134]}},{"type":"Feature","properties":{"name":"Biblioth\u00e8que publique de Richibucto","routes":["C1","C3"],"provs":["NB"],"desc":"Library\nFree wifi\nSource: \u00a9 OpenStreetMap contributors (ODbL) https://www.openstreetmap.org/way/755538459","sym":"Radio Beacon"},"geometry":{"type":"Point","coordinates":[-64.86287,46.68139]}},{"type":"Feature","properties":{"name":"Greater Sudbury Public Library","routes":["C1","CN","CL"],"provs":["ON"],"desc":"Library\nSource: \u00a9 OpenStreetMap contributors (ODbL) https://www.openstreetmap.org/way/758437209","sym":"Radio Beacon"},"geometry":{"type":"Point","coordinates":[-80.94678,46.52248]}},{"type":"Feature","properties":{"name":"Greater Sudbury Public Library","routes":["C1","CN","CL"],"provs":["ON"],"desc":"Library\nSource: \u00a9 OpenStreetMap contributors (ODbL) https://www.openstreetmap.org/way/758437209","sym":"Radio Beacon"},"geometry":{"type":"Point","coordinates":[-80.94681,46.52255]}},{"type":"Feature","properties":{"name":"Oxford Library","routes":["C3"],"provs":["NS"],"desc":"Library\nFree wifi\nSource: \u00a9 OpenStreetMap contributors (ODbL) https://www.openstreetmap.org/way/761104961","sym":"Radio Beacon"},"geometry":{"type":"Point","coordinates":[-63.86872,45.73611]}},{"type":"Feature","properties":{"name":"Oxford Library","routes":["C3"],"provs":["NS"],"desc":"Library\nFree wifi\nSource: \u00a9 OpenStreetMap contributors (ODbL) https://www.openstreetmap.org/way/761104961","sym":"Radio Beacon"},"geometry":{"type":"Point","coordinates":[-63.86864,45.73605]}},{"type":"Feature","properties":{"name":"Janice Murray Gill Memorial Library","routes":["CL"],"provs":["NS"],"desc":"Library\nSource: \u00a9 OpenStreetMap contributors (ODbL) https://www.openstreetmap.org/way/767376867","sym":"Radio Beacon"},"geometry":{"type":"Point","coordinates":[-63.05796,45.75061]}},{"type":"Feature","properties":{"name":"Janice Murray Gill Memorial Library","routes":["CL"],"provs":["NS"],"desc":"Library\nSource: \u00a9 OpenStreetMap contributors (ODbL) https://www.openstreetmap.org/way/767376867","sym":"Radio Beacon"},"geometry":{"type":"Point","coordinates":[-63.05802,45.75055]}},{"type":"Feature","properties":{"name":"McDonald's","routes":["C3","CN"],"provs":["ON"],"desc":"Fast food\nFree wifi\nSource: \u00a9 OpenStreetMap contributors (ODbL) https://www.openstreetmap.org/way/770935355","sym":"Radio Beacon"},"geometry":{"type":"Point","coordinates":[-79.67971,44.3388]}},{"type":"Feature","properties":{"name":"McDonald's","routes":["C3","CN"],"provs":["ON"],"desc":"Fast food\nFree wifi\nSource: \u00a9 OpenStreetMap contributors (ODbL) https://www.openstreetmap.org/way/770935355","sym":"Radio Beacon"},"geometry":{"type":"Point","coordinates":[-79.67957,44.33869]}},{"type":"Feature","properties":{"name":"McDonald's","routes":["C2","C3","CL"],"provs":["ON"],"desc":"Fast food\nSource: \u00a9 OpenStreetMap contributors (ODbL) https://www.openstreetmap.org/way/785631348","sym":"Radio Beacon"},"geometry":{"type":"Point","coordinates":[-76.51856,44.24415]}},{"type":"Feature","properties":{"name":"McDonald's","routes":["C2","C3","CL"],"provs":["ON"],"desc":"Fast food\nSource: \u00a9 OpenStreetMap contributors (ODbL) https://www.openstreetmap.org/way/785631348","sym":"Radio Beacon"},"geometry":{"type":"Point","coordinates":[-76.51867,44.24413]}},{"type":"Feature","properties":{"name":"VIRL: Chemainus Branch","routes":["C3"],"provs":["BC"],"desc":"Library\nFree wifi\nSource: \u00a9 OpenStreetMap contributors (ODbL) https://www.openstreetmap.org/way/789752433","sym":"Radio Beacon"},"geometry":{"type":"Point","coordinates":[-123.71836,48.92323]}},{"type":"Feature","properties":{"name":"VIRL: Chemainus Branch","routes":["C3"],"provs":["BC"],"desc":"Library\nFree wifi\nSource: \u00a9 OpenStreetMap contributors (ODbL) https://www.openstreetmap.org/way/789752433","sym":"Radio Beacon"},"geometry":{"type":"Point","coordinates":[-123.71849,48.92325]}},{"type":"Feature","properties":{"name":"Maison de la culture Claude-L\u00e9veill\u00e9e","routes":["C1","C2","CN","CA","CL"],"provs":["QC"],"desc":"Community centre\nFree wifi\nNetwork: MTLWiFi\nSource: \u00a9 OpenStreetMap contributors (ODbL) https://www.openstreetmap.org/way/795265479","sym":"Radio Beacon"},"geometry":{"type":"Point","coordinates":[-73.61329,45.54142]}},{"type":"Feature","properties":{"name":"Maison de la culture Claude-L\u00e9veill\u00e9e","routes":["C1","C2","CN","CA","CL"],"provs":["QC"],"desc":"Community centre\nFree wifi\nNetwork: MTLWiFi\nSource: \u00a9 OpenStreetMap contributors (ODbL) https://www.openstreetmap.org/way/795265479","sym":"Radio Beacon"},"geometry":{"type":"Point","coordinates":[-73.61342,45.54166]}},{"type":"Feature","properties":{"name":"Toronto Public Library - Queen/Saulter","routes":["C2"],"provs":["ON"],"desc":"Library\nFree wifi\nSource: \u00a9 OpenStreetMap contributors (ODbL) https://www.openstreetmap.org/way/796670791","sym":"Radio Beacon"},"geometry":{"type":"Point","coordinates":[-79.3476,43.65901]}},{"type":"Feature","properties":{"name":"Toronto Public Library - Queen/Saulter","routes":["C2"],"provs":["ON"],"desc":"Library\nFree wifi\nSource: \u00a9 OpenStreetMap contributors (ODbL) https://www.openstreetmap.org/way/796670791","sym":"Radio Beacon"},"geometry":{"type":"Point","coordinates":[-79.34754,43.65914]}},{"type":"Feature","properties":{"name":"Complexe sportif Marie-Victorin","routes":["C1","C3","CN"],"provs":["QC"],"desc":"Recreation centre\nFree wifi\nNetwork: MTLWiFi\nSource: \u00a9 OpenStreetMap contributors (ODbL) https://www.openstreetmap.org/way/803285361","sym":"Radio Beacon"},"geometry":{"type":"Point","coordinates":[-73.60902,45.61935]}},{"type":"Feature","properties":{"name":"Complexe sportif Marie-Victorin","routes":["C1","C3","CN"],"provs":["QC"],"desc":"Recreation centre\nFree wifi\nNetwork: MTLWiFi\nSource: \u00a9 OpenStreetMap contributors (ODbL) https://www.openstreetmap.org/way/803285361","sym":"Radio Beacon"},"geometry":{"type":"Point","coordinates":[-73.60911,45.61885]}},{"type":"Feature","properties":{"name":"Tim Hortons","routes":["C1","C3","CA"],"provs":["NB"],"desc":"Caf\u00e9\nSource: \u00a9 OpenStreetMap contributors (ODbL) https://www.openstreetmap.org/way/806568319","sym":"Radio Beacon"},"geometry":{"type":"Point","coordinates":[-65.70535,47.7061]}},{"type":"Feature","properties":{"name":"Tim Hortons","routes":["C1","C3","CA"],"provs":["NB"],"desc":"Caf\u00e9\nSource: \u00a9 OpenStreetMap contributors (ODbL) https://www.openstreetmap.org/way/806568319","sym":"Radio Beacon"},"geometry":{"type":"Point","coordinates":[-65.70539,47.70604]}},{"type":"Feature","properties":{"name":"Tim Hortons","routes":["CL"],"provs":["ON"],"desc":"Caf\u00e9\nSource: \u00a9 OpenStreetMap contributors (ODbL) https://www.openstreetmap.org/way/860823186","sym":"Radio Beacon"},"geometry":{"type":"Point","coordinates":[-79.27628,43.82652]}},{"type":"Feature","properties":{"name":"Tim Hortons","routes":["CL"],"provs":["ON"],"desc":"Caf\u00e9\nSource: \u00a9 OpenStreetMap contributors (ODbL) https://www.openstreetmap.org/way/860823186","sym":"Radio Beacon"},"geometry":{"type":"Point","coordinates":[-79.27623,43.82658]}},{"type":"Feature","properties":{"name":"TNRL: Savona Library","routes":["CN"],"provs":["BC"],"desc":"Library\nSource: \u00a9 OpenStreetMap contributors (ODbL) https://www.openstreetmap.org/way/868026147","sym":"Radio Beacon"},"geometry":{"type":"Point","coordinates":[-120.8422,50.75368]}},{"type":"Feature","properties":{"name":"TNRL: Savona Library","routes":["CN"],"provs":["BC"],"desc":"Library\nSource: \u00a9 OpenStreetMap contributors (ODbL) https://www.openstreetmap.org/way/868026147","sym":"Radio Beacon"},"geometry":{"type":"Point","coordinates":[-120.8423,50.75374]}},{"type":"Feature","properties":{"name":"Happy Noodle House","routes":["C2","CN","CA","CL"],"provs":["BC"],"desc":"Restaurant\nSource: \u00a9 OpenStreetMap contributors (ODbL) https://www.openstreetmap.org/way/887954517","sym":"Radio Beacon"},"geometry":{"type":"Point","coordinates":[-123.1258,49.27661]}},{"type":"Feature","properties":{"name":"Happy Noodle House","routes":["C2","CN","CA","CL"],"provs":["BC"],"desc":"Restaurant\nSource: \u00a9 OpenStreetMap contributors (ODbL) https://www.openstreetmap.org/way/887954517","sym":"Radio Beacon"},"geometry":{"type":"Point","coordinates":[-123.12579,49.27668]}},{"type":"Feature","properties":{"name":"Starbucks","routes":["C1","C3","CN","CL"],"provs":["NS"],"desc":"Caf\u00e9\nFree wifi\nSource: \u00a9 OpenStreetMap contributors (ODbL) https://www.openstreetmap.org/way/894421401","sym":"Radio Beacon"},"geometry":{"type":"Point","coordinates":[-62.64205,45.57723]}},{"type":"Feature","properties":{"name":"Starbucks","routes":["C1","C3","CN","CL"],"provs":["NS"],"desc":"Caf\u00e9\nFree wifi\nSource: \u00a9 OpenStreetMap contributors (ODbL) https://www.openstreetmap.org/way/894421401","sym":"Radio Beacon"},"geometry":{"type":"Point","coordinates":[-62.64197,45.57733]}},{"type":"Feature","properties":{"name":"Starbucks","routes":["C1","C2","CN","CA","CL"],"provs":["BC"],"desc":"Caf\u00e9\nFree wifi\nSource: \u00a9 OpenStreetMap contributors (ODbL) https://www.openstreetmap.org/way/899313894","sym":"Radio Beacon"},"geometry":{"type":"Point","coordinates":[-122.37172,49.05448]}},{"type":"Feature","properties":{"name":"Starbucks","routes":["C1","C2","CN","CA","CL"],"provs":["BC"],"desc":"Caf\u00e9\nFree wifi\nSource: \u00a9 OpenStreetMap contributors (ODbL) https://www.openstreetmap.org/way/899313894","sym":"Radio Beacon"},"geometry":{"type":"Point","coordinates":[-122.37165,49.0545]}},{"type":"Feature","properties":{"name":"Harvey's","routes":["C2"],"provs":["ON"],"desc":"Fast food\nSource: \u00a9 OpenStreetMap contributors (ODbL) https://www.openstreetmap.org/way/899348832","sym":"Radio Beacon"},"geometry":{"type":"Point","coordinates":[-79.41885,43.6399]}},{"type":"Feature","properties":{"name":"Harvey's","routes":["C2"],"provs":["ON"],"desc":"Fast food\nSource: \u00a9 OpenStreetMap contributors (ODbL) https://www.openstreetmap.org/way/899348832","sym":"Radio Beacon"},"geometry":{"type":"Point","coordinates":[-79.41889,43.63998]}},{"type":"Feature","properties":{"name":"McDonald's","routes":["C2"],"provs":["BC"],"desc":"Fast food\nSource: \u00a9 OpenStreetMap contributors (ODbL) https://www.openstreetmap.org/way/908543386","sym":"Radio Beacon"},"geometry":{"type":"Point","coordinates":[-124.79555,49.24473]}},{"type":"Feature","properties":{"name":"McDonald's","routes":["C2"],"provs":["BC"],"desc":"Fast food\nSource: \u00a9 OpenStreetMap contributors (ODbL) https://www.openstreetmap.org/way/908543386","sym":"Radio Beacon"},"geometry":{"type":"Point","coordinates":[-124.79558,49.24483]}},{"type":"Feature","properties":{"name":"Tim Hortons","routes":["C2"],"provs":["ON"],"desc":"Caf\u00e9\nFree wifi\nSource: \u00a9 OpenStreetMap contributors (ODbL) https://www.openstreetmap.org/way/984089370","sym":"Radio Beacon"},"geometry":{"type":"Point","coordinates":[-78.80507,43.89066]}},{"type":"Feature","properties":{"name":"Tim Hortons","routes":["C2"],"provs":["ON"],"desc":"Caf\u00e9\nFree wifi\nSource: \u00a9 OpenStreetMap contributors (ODbL) https://www.openstreetmap.org/way/984089370","sym":"Radio Beacon"},"geometry":{"type":"Point","coordinates":[-78.80494,43.89075]}},{"type":"Feature","properties":{"name":"\u5927\u7d71\u83ef T&T Supermarket","routes":["C1","C2","CN","CL"],"provs":["BC"],"desc":"Supermarket\nSource: \u00a9 OpenStreetMap contributors (ODbL) https://www.openstreetmap.org/way/985363441","sym":"Radio Beacon"},"geometry":{"type":"Point","coordinates":[-122.67648,49.11527]}},{"type":"Feature","properties":{"name":"\u5927\u7d71\u83ef T&T Supermarket","routes":["C1","C2","CN","CL"],"provs":["BC"],"desc":"Supermarket\nSource: \u00a9 OpenStreetMap contributors (ODbL) https://www.openstreetmap.org/way/985363441","sym":"Radio Beacon"},"geometry":{"type":"Point","coordinates":[-122.67654,49.11557]}},{"type":"Feature","properties":{"name":"Le Nigiriz","routes":["C1","C2","CN","CA","CL"],"provs":["QC"],"desc":"Restaurant\nWifi for customers\nSource: \u00a9 OpenStreetMap contributors (ODbL) https://www.openstreetmap.org/way/989732776","sym":"Radio Beacon"},"geometry":{"type":"Point","coordinates":[-73.57732,45.51546]}},{"type":"Feature","properties":{"name":"Le Nigiriz","routes":["C1","C2","CN","CA","CL"],"provs":["QC"],"desc":"Restaurant\nWifi for customers\nSource: \u00a9 OpenStreetMap contributors (ODbL) https://www.openstreetmap.org/way/989732776","sym":"Radio Beacon"},"geometry":{"type":"Point","coordinates":[-73.57735,45.51551]}},{"type":"Feature","properties":{"name":"Tim Hortons","routes":["C2","CA"],"provs":["ON"],"desc":"Caf\u00e9\nSource: \u00a9 OpenStreetMap contributors (ODbL) https://www.openstreetmap.org/way/995911232","sym":"Radio Beacon"},"geometry":{"type":"Point","coordinates":[-93.4148,48.61021]}},{"type":"Feature","properties":{"name":"Tim Hortons","routes":["C2","CA"],"provs":["ON"],"desc":"Caf\u00e9\nSource: \u00a9 OpenStreetMap contributors (ODbL) https://www.openstreetmap.org/way/995911232","sym":"Radio Beacon"},"geometry":{"type":"Point","coordinates":[-93.41485,48.61013]}},{"type":"Feature","properties":{"name":"Tim Hortons","routes":["C1","C2","C3","CN","CA","CW"],"provs":["QC"],"desc":"Caf\u00e9\nFree wifi\nSource: \u00a9 OpenStreetMap contributors (ODbL) https://www.openstreetmap.org/way/1008726977","sym":"Radio Beacon"},"geometry":{"type":"Point","coordinates":[-72.56392,46.32429]}},{"type":"Feature","properties":{"name":"Tim Hortons","routes":["C1","C2","C3","CN","CA","CW"],"provs":["QC"],"desc":"Caf\u00e9\nFree wifi\nSource: \u00a9 OpenStreetMap contributors (ODbL) https://www.openstreetmap.org/way/1008726977","sym":"Radio Beacon"},"geometry":{"type":"Point","coordinates":[-72.5639,46.32421]}},{"type":"Feature","properties":{"name":"McDonald's","routes":["C1","C2","C3","CN","CA","CW"],"provs":["QC"],"desc":"Fast food\nFree wifi\nSource: \u00a9 OpenStreetMap contributors (ODbL) https://www.openstreetmap.org/way/1008726978","sym":"Radio Beacon"},"geometry":{"type":"Point","coordinates":[-72.56435,46.3237]}},{"type":"Feature","properties":{"name":"McDonald's","routes":["C1","C2","C3","CN","CA","CW"],"provs":["QC"],"desc":"Fast food\nFree wifi\nSource: \u00a9 OpenStreetMap contributors (ODbL) https://www.openstreetmap.org/way/1008726978","sym":"Radio Beacon"},"geometry":{"type":"Point","coordinates":[-72.56435,46.32381]}},{"type":"Feature","properties":{"name":"Restaurant (wifi)","routes":["C1","C3"],"provs":["AB"],"desc":"Restaurant\nWifi for customers\nSource: \u00a9 OpenStreetMap contributors (ODbL) https://www.openstreetmap.org/way/1020646843","sym":"Radio Beacon"},"geometry":{"type":"Point","coordinates":[-116.06837,51.3491]}},{"type":"Feature","properties":{"name":"Restaurant (wifi)","routes":["C1","C3"],"provs":["AB"],"desc":"Restaurant\nWifi for customers\nSource: \u00a9 OpenStreetMap contributors (ODbL) https://www.openstreetmap.org/way/1020646843","sym":"Radio Beacon"},"geometry":{"type":"Point","coordinates":[-116.06833,51.349]}},{"type":"Feature","properties":{"name":"Starbucks","routes":["C2","CN"],"provs":["NB"],"desc":"Caf\u00e9\nFree wifi\nSource: \u00a9 OpenStreetMap contributors (ODbL) https://www.openstreetmap.org/way/1029010493","sym":"Radio Beacon"},"geometry":{"type":"Point","coordinates":[-66.48852,45.8333]}},{"type":"Feature","properties":{"name":"Starbucks","routes":["C2","CN"],"provs":["NB"],"desc":"Caf\u00e9\nFree wifi\nSource: \u00a9 OpenStreetMap contributors (ODbL) https://www.openstreetmap.org/way/1029010493","sym":"Radio Beacon"},"geometry":{"type":"Point","coordinates":[-66.48847,45.83338]}},{"type":"Feature","properties":{"name":"VIRL: Woss Branch","routes":["C3","CA"],"provs":["BC"],"desc":"Library\nFree wifi\nSource: \u00a9 OpenStreetMap contributors (ODbL) https://www.openstreetmap.org/way/1030973423","sym":"Radio Beacon"},"geometry":{"type":"Point","coordinates":[-126.60324,50.21238]}},{"type":"Feature","properties":{"name":"VIRL: Woss Branch","routes":["C3","CA"],"provs":["BC"],"desc":"Library\nFree wifi\nSource: \u00a9 OpenStreetMap contributors (ODbL) https://www.openstreetmap.org/way/1030973423","sym":"Radio Beacon"},"geometry":{"type":"Point","coordinates":[-126.6032,50.21248]}},{"type":"Feature","properties":{"name":"Espace Denis-Savard","routes":["C1","C2","CN","CA","CL"],"provs":["QC"],"desc":"Recreation centre\nFree wifi\nNetwork: MTLWiFi\nSource: \u00a9 OpenStreetMap contributors (ODbL) https://www.openstreetmap.org/way/1039182322","sym":"Radio Beacon"},"geometry":{"type":"Point","coordinates":[-73.56123,45.46275]}},{"type":"Feature","properties":{"name":"Espace Denis-Savard","routes":["C1","C2","CN","CA","CL"],"provs":["QC"],"desc":"Recreation centre\nFree wifi\nNetwork: MTLWiFi\nSource: \u00a9 OpenStreetMap contributors (ODbL) https://www.openstreetmap.org/way/1039182322","sym":"Radio Beacon"},"geometry":{"type":"Point","coordinates":[-73.5617,45.46292]}},{"type":"Feature","properties":{"name":"Nanaimo Harbour Ferry Terminal","routes":["C2","C3","CN","CA","CW"],"provs":["BC"],"desc":"Ferry terminal\nSource: \u00a9 OpenStreetMap contributors (ODbL) https://www.openstreetmap.org/way/1046381114","sym":"Radio Beacon"},"geometry":{"type":"Point","coordinates":[-123.93126,49.16579]}},{"type":"Feature","properties":{"name":"Nanaimo Harbour Ferry Terminal","routes":["C2","C3","CN","CA","CW"],"provs":["BC"],"desc":"Ferry terminal\nSource: \u00a9 OpenStreetMap contributors (ODbL) https://www.openstreetmap.org/way/1046381114","sym":"Radio Beacon"},"geometry":{"type":"Point","coordinates":[-123.93124,49.16601]}},{"type":"Feature","properties":{"name":"Microbrasserie La Captive","routes":["C1"],"provs":["QC"],"desc":"Pub\nSource: \u00a9 OpenStreetMap contributors (ODbL) https://www.openstreetmap.org/way/1088857188","sym":"Radio Beacon"},"geometry":{"type":"Point","coordinates":[-67.43374,48.46551]}},{"type":"Feature","properties":{"name":"Microbrasserie La Captive","routes":["C1"],"provs":["QC"],"desc":"Pub\nSource: \u00a9 OpenStreetMap contributors (ODbL) https://www.openstreetmap.org/way/1088857188","sym":"Radio Beacon"},"geometry":{"type":"Point","coordinates":[-67.43374,48.46564]}},{"type":"Feature","properties":{"name":"A&W","routes":["C3"],"provs":["ON"],"desc":"Fast food\nSource: \u00a9 OpenStreetMap contributors (ODbL) https://www.openstreetmap.org/way/1094641931","sym":"Radio Beacon"},"geometry":{"type":"Point","coordinates":[-80.07532,44.47218]}},{"type":"Feature","properties":{"name":"A&W","routes":["C3"],"provs":["ON"],"desc":"Fast food\nSource: \u00a9 OpenStreetMap contributors (ODbL) https://www.openstreetmap.org/way/1094641931","sym":"Radio Beacon"},"geometry":{"type":"Point","coordinates":[-80.07544,44.47211]}},{"type":"Feature","properties":{"name":"Ansley Grove Library","routes":["C2","CN","CA","CL"],"provs":["ON"],"desc":"Library\nFree wifi\nSource: \u00a9 OpenStreetMap contributors (ODbL) https://www.openstreetmap.org/way/1108775495","sym":"Radio Beacon"},"geometry":{"type":"Point","coordinates":[-79.56365,43.79598]}},{"type":"Feature","properties":{"name":"Ansley Grove Library","routes":["C2","CN","CA","CL"],"provs":["ON"],"desc":"Library\nFree wifi\nSource: \u00a9 OpenStreetMap contributors (ODbL) https://www.openstreetmap.org/way/1108775495","sym":"Radio Beacon"},"geometry":{"type":"Point","coordinates":[-79.56356,43.79586]}},{"type":"Feature","properties":{"name":"Maison du Kamouraska","routes":["C1","C2","C3"],"provs":["QC"],"desc":"Visitor centre\nFree wifi\nSource: \u00a9 OpenStreetMap contributors (ODbL) https://www.openstreetmap.org/way/1131137440","sym":"Radio Beacon"},"geometry":{"type":"Point","coordinates":[-70.05307,47.37773]}},{"type":"Feature","properties":{"name":"Maison du Kamouraska","routes":["C1","C2","C3"],"provs":["QC"],"desc":"Visitor centre\nFree wifi\nSource: \u00a9 OpenStreetMap contributors (ODbL) https://www.openstreetmap.org/way/1131137440","sym":"Radio Beacon"},"geometry":{"type":"Point","coordinates":[-70.05297,47.37777]}},{"type":"Feature","properties":{"name":"Starbucks","routes":["C2","CN","CA","CL"],"provs":["ON"],"desc":"Caf\u00e9\nFree wifi\nSource: \u00a9 OpenStreetMap contributors (ODbL) https://www.openstreetmap.org/way/1147495522","sym":"Radio Beacon"},"geometry":{"type":"Point","coordinates":[-79.66052,43.76478]}},{"type":"Feature","properties":{"name":"Starbucks","routes":["C2","CN","CA","CL"],"provs":["ON"],"desc":"Caf\u00e9\nFree wifi\nSource: \u00a9 OpenStreetMap contributors (ODbL) https://www.openstreetmap.org/way/1147495522","sym":"Radio Beacon"},"geometry":{"type":"Point","coordinates":[-79.66053,43.76483]}},{"type":"Feature","properties":{"name":"Don Bosco Youth Leadership Center","routes":["C1","C2","C3","CN"],"provs":["QC"],"desc":"Community centre\nFree wifi\nNetwork: MTLWiFi\nSource: \u00a9 OpenStreetMap contributors (ODbL) https://www.openstreetmap.org/way/1158638229","sym":"Radio Beacon"},"geometry":{"type":"Point","coordinates":[-73.57597,45.64099]}},{"type":"Feature","properties":{"name":"Don Bosco Youth Leadership Center","routes":["C1","C2","C3","CN"],"provs":["QC"],"desc":"Community centre\nFree wifi\nNetwork: MTLWiFi\nSource: \u00a9 OpenStreetMap contributors (ODbL) https://www.openstreetmap.org/way/1158638229","sym":"Radio Beacon"},"geometry":{"type":"Point","coordinates":[-73.57592,45.64113]}},{"type":"Feature","properties":{"name":"Chick-fil-A","routes":["C3","CN","CL"],"provs":["ON"],"desc":"Fast food\nSource: \u00a9 OpenStreetMap contributors (ODbL) https://www.openstreetmap.org/way/1196456682","sym":"Radio Beacon"},"geometry":{"type":"Point","coordinates":[-79.70756,44.41054]}},{"type":"Feature","properties":{"name":"Chick-fil-A","routes":["C3","CN","CL"],"provs":["ON"],"desc":"Fast food\nSource: \u00a9 OpenStreetMap contributors (ODbL) https://www.openstreetmap.org/way/1196456682","sym":"Radio Beacon"},"geometry":{"type":"Point","coordinates":[-79.70769,44.41038]}},{"type":"Feature","properties":{"name":"Allandale Waterfront GO","routes":["C3","CN"],"provs":["ON"],"desc":"Bus station\nFree wifi\nNetwork: Free WiFi at GO\nSource: \u00a9 OpenStreetMap contributors (ODbL) https://www.openstreetmap.org/way/1198161456","sym":"Radio Beacon"},"geometry":{"type":"Point","coordinates":[-79.68623,44.37348]}},{"type":"Feature","properties":{"name":"Allandale Waterfront GO","routes":["C3","CN"],"provs":["ON"],"desc":"Bus station\nFree wifi\nNetwork: Free WiFi at GO\nSource: \u00a9 OpenStreetMap contributors (ODbL) https://www.openstreetmap.org/way/1198161456","sym":"Radio Beacon"},"geometry":{"type":"Point","coordinates":[-79.68601,44.37341]}},{"type":"Feature","properties":{"name":"Tim Hortons","routes":["C1","C2","CN","CA","CL"],"provs":["QC"],"desc":"Caf\u00e9\nFree wifi\nSource: \u00a9 OpenStreetMap contributors (ODbL) https://www.openstreetmap.org/way/1198648312","sym":"Radio Beacon"},"geometry":{"type":"Point","coordinates":[-73.5809,45.54375]}},{"type":"Feature","properties":{"name":"Tim Hortons","routes":["C1","C2","CN","CA","CL"],"provs":["QC"],"desc":"Caf\u00e9\nFree wifi\nSource: \u00a9 OpenStreetMap contributors (ODbL) https://www.openstreetmap.org/way/1198648312","sym":"Radio Beacon"},"geometry":{"type":"Point","coordinates":[-73.58089,45.54386]}},{"type":"Feature","properties":{"name":"Sandbar Cafe & Art Gallery","routes":["C3"],"provs":["BC"],"desc":"Caf\u00e9\nWifi for customers\nSource: \u00a9 OpenStreetMap contributors (ODbL) https://www.openstreetmap.org/way/1199663924","sym":"Radio Beacon"},"geometry":{"type":"Point","coordinates":[-124.63169,49.40472]}},{"type":"Feature","properties":{"name":"Sandbar Cafe & Art Gallery","routes":["C3"],"provs":["BC"],"desc":"Caf\u00e9\nWifi for customers\nSource: \u00a9 OpenStreetMap contributors (ODbL) https://www.openstreetmap.org/way/1199663924","sym":"Radio Beacon"},"geometry":{"type":"Point","coordinates":[-124.63173,49.40476]}},{"type":"Feature","properties":{"name":"Horseshoe Bay Ferry Terminal","routes":["C2","CW"],"provs":["BC"],"desc":"Ferry terminal\nSource: \u00a9 OpenStreetMap contributors (ODbL) https://www.openstreetmap.org/way/1203400010","sym":"Radio Beacon"},"geometry":{"type":"Point","coordinates":[-123.27511,49.36934]}},{"type":"Feature","properties":{"name":"Horseshoe Bay Ferry Terminal","routes":["C2","CW"],"provs":["BC"],"desc":"Ferry terminal\nSource: \u00a9 OpenStreetMap contributors (ODbL) https://www.openstreetmap.org/way/1203400010","sym":"Radio Beacon"},"geometry":{"type":"Point","coordinates":[-123.2759,49.36856]}},{"type":"Feature","properties":{"name":"Departure Bay Ferry Terminal","routes":["C2","C3","CN","CA","CW"],"provs":["BC"],"desc":"Ferry terminal\nFree wifi\nSource: \u00a9 OpenStreetMap contributors (ODbL) https://www.openstreetmap.org/way/1203403384","sym":"Radio Beacon"},"geometry":{"type":"Point","coordinates":[-123.95236,49.19058]}},{"type":"Feature","properties":{"name":"Departure Bay Ferry Terminal","routes":["C2","C3","CN","CA","CW"],"provs":["BC"],"desc":"Ferry terminal\nFree wifi\nSource: \u00a9 OpenStreetMap contributors (ODbL) https://www.openstreetmap.org/way/1203403384","sym":"Radio Beacon"},"geometry":{"type":"Point","coordinates":[-123.95379,49.1913]}},{"type":"Feature","properties":{"name":"McDonald's","routes":["C1","C2","CN","CA","CL"],"provs":["BC"],"desc":"Fast food\nFree wifi\nSource: \u00a9 OpenStreetMap contributors (ODbL) https://www.openstreetmap.org/way/1204736729","sym":"Radio Beacon"},"geometry":{"type":"Point","coordinates":[-122.37251,49.05483]}},{"type":"Feature","properties":{"name":"McDonald's","routes":["C1","C2","CN","CA","CL"],"provs":["BC"],"desc":"Fast food\nFree wifi\nSource: \u00a9 OpenStreetMap contributors (ODbL) https://www.openstreetmap.org/way/1204736729","sym":"Radio Beacon"},"geometry":{"type":"Point","coordinates":[-122.37261,49.0548]}},{"type":"Feature","properties":{"name":"Starbucks","routes":["C1","C2","CA"],"provs":["BC"],"desc":"Caf\u00e9\nFree wifi\nSource: \u00a9 OpenStreetMap contributors (ODbL) https://www.openstreetmap.org/way/1221038514","sym":"Radio Beacon"},"geometry":{"type":"Point","coordinates":[-121.96201,49.15496]}},{"type":"Feature","properties":{"name":"Starbucks","routes":["C1","C2","CA"],"provs":["BC"],"desc":"Caf\u00e9\nFree wifi\nSource: \u00a9 OpenStreetMap contributors (ODbL) https://www.openstreetmap.org/way/1221038514","sym":"Radio Beacon"},"geometry":{"type":"Point","coordinates":[-121.96202,49.15488]}},{"type":"Feature","properties":{"name":"VPL: Oakridge Branch","routes":["C2","CN","CA","CL"],"provs":["BC"],"desc":"Library\nSource: \u00a9 OpenStreetMap contributors (ODbL) https://www.openstreetmap.org/way/1225130024","sym":"Radio Beacon"},"geometry":{"type":"Point","coordinates":[-123.1177,49.22922]}},{"type":"Feature","properties":{"name":"VPL: Oakridge Branch","routes":["C2","CN","CA","CL"],"provs":["BC"],"desc":"Library\nSource: \u00a9 OpenStreetMap contributors (ODbL) https://www.openstreetmap.org/way/1225130024","sym":"Radio Beacon"},"geometry":{"type":"Point","coordinates":[-123.11758,49.22911]}},{"type":"Feature","properties":{"name":"Tim Hortons","routes":["C3","CA"],"provs":["AB"],"desc":"Caf\u00e9\nFree wifi\nSource: \u00a9 OpenStreetMap contributors (ODbL) https://www.openstreetmap.org/way/1238710134","sym":"Radio Beacon"},"geometry":{"type":"Point","coordinates":[-112.70158,51.45211]}},{"type":"Feature","properties":{"name":"Tim Hortons","routes":["C3","CA"],"provs":["AB"],"desc":"Caf\u00e9\nFree wifi\nSource: \u00a9 OpenStreetMap contributors (ODbL) https://www.openstreetmap.org/way/1238710134","sym":"Radio Beacon"},"geometry":{"type":"Point","coordinates":[-112.70156,51.45204]}},{"type":"Feature","properties":{"name":"Stade Gary-Carter","routes":["C1","CN"],"provs":["QC"],"desc":"Recreation centre\nSource: \u00a9 OpenStreetMap contributors (ODbL) https://www.openstreetmap.org/way/1242388906","sym":"Radio Beacon"},"geometry":{"type":"Point","coordinates":[-73.66628,45.55604]}},{"type":"Feature","properties":{"name":"Stade Gary-Carter","routes":["C1","CN"],"provs":["QC"],"desc":"Recreation centre\nSource: \u00a9 OpenStreetMap contributors (ODbL) https://www.openstreetmap.org/way/1242388906","sym":"Radio Beacon"},"geometry":{"type":"Point","coordinates":[-73.66627,45.55559]}},{"type":"Feature","properties":{"name":"Tim Hortons","routes":["C1","C2","CN","CL"],"provs":["QC"],"desc":"Caf\u00e9\nFree wifi\nSource: \u00a9 OpenStreetMap contributors (ODbL) https://www.openstreetmap.org/way/1248619834","sym":"Radio Beacon"},"geometry":{"type":"Point","coordinates":[-73.53194,45.5805]}},{"type":"Feature","properties":{"name":"Tim Hortons","routes":["C1","C2","CN","CL"],"provs":["QC"],"desc":"Caf\u00e9\nFree wifi\nSource: \u00a9 OpenStreetMap contributors (ODbL) https://www.openstreetmap.org/way/1248619834","sym":"Radio Beacon"},"geometry":{"type":"Point","coordinates":[-73.53193,45.5804]}},{"type":"Feature","properties":{"name":"Front Desk &  Cafe","routes":["C1","C3"],"provs":["AB"],"desc":"Caf\u00e9\nWifi for customers\nSource: \u00a9 OpenStreetMap contributors (ODbL) https://www.openstreetmap.org/way/1258409593","sym":"Radio Beacon"},"geometry":{"type":"Point","coordinates":[-116.0686,51.34918]}},{"type":"Feature","properties":{"name":"Front Desk &  Cafe","routes":["C1","C3"],"provs":["AB"],"desc":"Caf\u00e9\nWifi for customers\nSource: \u00a9 OpenStreetMap contributors (ODbL) https://www.openstreetmap.org/way/1258409593","sym":"Radio Beacon"},"geometry":{"type":"Point","coordinates":[-116.06863,51.34914]}},{"type":"Feature","properties":{"name":"Tim Hortons","routes":["C2","CA"],"provs":["BC"],"desc":"Caf\u00e9\nSource: \u00a9 OpenStreetMap contributors (ODbL) https://www.openstreetmap.org/way/1263366320","sym":"Radio Beacon"},"geometry":{"type":"Point","coordinates":[-124.80632,49.2598]}},{"type":"Feature","properties":{"name":"Tim Hortons","routes":["C2","CA"],"provs":["BC"],"desc":"Caf\u00e9\nSource: \u00a9 OpenStreetMap contributors (ODbL) https://www.openstreetmap.org/way/1263366320","sym":"Radio Beacon"},"geometry":{"type":"Point","coordinates":[-124.80629,49.2599]}},{"type":"Feature","properties":{"name":"Bare Bones Fish and Chips","routes":["C2","CA"],"provs":["BC"],"desc":"Restaurant\nSource: \u00a9 OpenStreetMap contributors (ODbL) https://www.openstreetmap.org/way/1266924277","sym":"Radio Beacon"},"geometry":{"type":"Point","coordinates":[-124.80972,49.25864]}},{"type":"Feature","properties":{"name":"Bare Bones Fish and Chips","routes":["C2","CA"],"provs":["BC"],"desc":"Restaurant\nSource: \u00a9 OpenStreetMap contributors (ODbL) https://www.openstreetmap.org/way/1266924277","sym":"Radio Beacon"},"geometry":{"type":"Point","coordinates":[-124.80975,49.25862]}},{"type":"Feature","properties":{"name":"Mountain View Bakery","routes":["C2","CA"],"provs":["BC"],"desc":"Bakery\nSource: \u00a9 OpenStreetMap contributors (ODbL) https://www.openstreetmap.org/way/1266924282","sym":"Radio Beacon"},"geometry":{"type":"Point","coordinates":[-124.81031,49.25819]}},{"type":"Feature","properties":{"name":"Mountain View Bakery","routes":["C2","CA"],"provs":["BC"],"desc":"Bakery\nSource: \u00a9 OpenStreetMap contributors (ODbL) https://www.openstreetmap.org/way/1266924282","sym":"Radio Beacon"},"geometry":{"type":"Point","coordinates":[-124.81042,49.25824]}},{"type":"Feature","properties":{"name":"Cowpuccino's Coffee House","routes":["C3","CW"],"provs":["BC"],"desc":"Caf\u00e9\nFree wifi\nSource: \u00a9 OpenStreetMap contributors (ODbL) https://www.openstreetmap.org/way/1267209951","sym":"Radio Beacon"},"geometry":{"type":"Point","coordinates":[-130.31836,54.31864]}},{"type":"Feature","properties":{"name":"Cowpuccino's Coffee House","routes":["C3","CW"],"provs":["BC"],"desc":"Caf\u00e9\nFree wifi\nSource: \u00a9 OpenStreetMap contributors (ODbL) https://www.openstreetmap.org/way/1267209951","sym":"Radio Beacon"},"geometry":{"type":"Point","coordinates":[-130.31842,54.31858]}},{"type":"Feature","properties":{"name":"Ar\u00e9na Maurice Richard","routes":["C1","C2","CN","CA","CL"],"provs":["QC"],"desc":"Recreation centre\nFree wifi\nNetwork: MTLWiFi\nSource: \u00a9 OpenStreetMap contributors (ODbL) https://www.openstreetmap.org/way/1270375829","sym":"Radio Beacon"},"geometry":{"type":"Point","coordinates":[-73.54713,45.5618]}},{"type":"Feature","properties":{"name":"Ar\u00e9na Maurice Richard","routes":["C1","C2","CN","CA","CL"],"provs":["QC"],"desc":"Recreation centre\nFree wifi\nNetwork: MTLWiFi\nSource: \u00a9 OpenStreetMap contributors (ODbL) https://www.openstreetmap.org/way/1270375829","sym":"Radio Beacon"},"geometry":{"type":"Point","coordinates":[-73.54724,45.56218]}},{"type":"Feature","properties":{"name":"7-Eleven","routes":["CN","CA"],"provs":["BC"],"desc":"Convenience store\nFree wifi\nSource: \u00a9 OpenStreetMap contributors (ODbL) https://www.openstreetmap.org/way/1281800518","sym":"Radio Beacon"},"geometry":{"type":"Point","coordinates":[-120.36809,50.6523]}},{"type":"Feature","properties":{"name":"7-Eleven","routes":["CN","CA"],"provs":["BC"],"desc":"Convenience store\nFree wifi\nSource: \u00a9 OpenStreetMap contributors (ODbL) https://www.openstreetmap.org/way/1281800518","sym":"Radio Beacon"},"geometry":{"type":"Point","coordinates":[-120.36805,50.65219]}},{"type":"Feature","properties":{"name":"Sunflower Caf\u00e9","routes":["C1"],"provs":["BC"],"desc":"Caf\u00e9\nFree wifi\nSource: \u00a9 OpenStreetMap contributors (ODbL) https://www.openstreetmap.org/way/1299782446","sym":"Radio Beacon"},"geometry":{"type":"Point","coordinates":[-119.68333,49.603]}},{"type":"Feature","properties":{"name":"Sunflower Caf\u00e9","routes":["C1"],"provs":["BC"],"desc":"Caf\u00e9\nFree wifi\nSource: \u00a9 OpenStreetMap contributors (ODbL) https://www.openstreetmap.org/way/1299782446","sym":"Radio Beacon"},"geometry":{"type":"Point","coordinates":[-119.68327,49.60303]}},{"type":"Feature","properties":{"name":"Espace M\u00e9tis","routes":["C3"],"provs":["QC"],"desc":"Caf\u00e9\nSource: \u00a9 OpenStreetMap contributors (ODbL) https://www.openstreetmap.org/way/1310771305","sym":"Radio Beacon"},"geometry":{"type":"Point","coordinates":[-67.96564,48.68321]}},{"type":"Feature","properties":{"name":"Espace M\u00e9tis","routes":["C3"],"provs":["QC"],"desc":"Caf\u00e9\nSource: \u00a9 OpenStreetMap contributors (ODbL) https://www.openstreetmap.org/way/1310771305","sym":"Radio Beacon"},"geometry":{"type":"Point","coordinates":[-67.9657,48.68319]}},{"type":"Feature","properties":{"name":"Bighorn Library","routes":["C1","C3","CN"],"provs":["AB"],"desc":"Library\nSource: \u00a9 OpenStreetMap contributors (ODbL) https://www.openstreetmap.org/way/1321928019","sym":"Radio Beacon"},"geometry":{"type":"Point","coordinates":[-115.16501,51.05888]}},{"type":"Feature","properties":{"name":"Bighorn Library","routes":["C1","C3","CN"],"provs":["AB"],"desc":"Library\nSource: \u00a9 OpenStreetMap contributors (ODbL) https://www.openstreetmap.org/way/1321928019","sym":"Radio Beacon"},"geometry":{"type":"Point","coordinates":[-115.16502,51.05893]}},{"type":"Feature","properties":{"name":"Cellar Pub & Grill","routes":["C2"],"provs":["NB"],"desc":"Pub\nSource: \u00a9 OpenStreetMap contributors (ODbL) https://www.openstreetmap.org/way/1342323707","sym":"Radio Beacon"},"geometry":{"type":"Point","coordinates":[-66.6418,45.94555]}},{"type":"Feature","properties":{"name":"Cellar Pub & Grill","routes":["C2"],"provs":["NB"],"desc":"Pub\nSource: \u00a9 OpenStreetMap contributors (ODbL) https://www.openstreetmap.org/way/1342323707","sym":"Radio Beacon"},"geometry":{"type":"Point","coordinates":[-66.64176,45.94543]}},{"type":"Feature","properties":{"name":"Save-On-Foods","routes":["C2","CN","CL"],"provs":["BC"],"desc":"Supermarket\nFree wifi\nSource: \u00a9 OpenStreetMap contributors (ODbL) https://www.openstreetmap.org/way/1369515881","sym":"Radio Beacon"},"geometry":{"type":"Point","coordinates":[-122.26969,49.04086]}},{"type":"Feature","properties":{"name":"Save-On-Foods","routes":["C2","CN","CL"],"provs":["BC"],"desc":"Supermarket\nFree wifi\nSource: \u00a9 OpenStreetMap contributors (ODbL) https://www.openstreetmap.org/way/1369515881","sym":"Radio Beacon"},"geometry":{"type":"Point","coordinates":[-122.26952,49.04104]}},{"type":"Feature","properties":{"name":"Sparwood Public Library","routes":["C2"],"provs":["BC"],"desc":"Library\nSource: \u00a9 OpenStreetMap contributors (ODbL) https://www.openstreetmap.org/way/1370269119","sym":"Radio Beacon"},"geometry":{"type":"Point","coordinates":[-114.88192,49.7341]}},{"type":"Feature","properties":{"name":"Sparwood Public Library","routes":["C2"],"provs":["BC"],"desc":"Library\nSource: \u00a9 OpenStreetMap contributors (ODbL) https://www.openstreetmap.org/way/1370269119","sym":"Radio Beacon"},"geometry":{"type":"Point","coordinates":[-114.88196,49.73418]}},{"type":"Feature","properties":{"name":"Tim Hortons","routes":["C2","C3","CN","CA","CW"],"provs":["BC"],"desc":"Caf\u00e9\nSource: \u00a9 OpenStreetMap contributors (ODbL) https://www.openstreetmap.org/way/1372584549","sym":"Radio Beacon"},"geometry":{"type":"Point","coordinates":[-123.99931,49.19199]}},{"type":"Feature","properties":{"name":"Tim Hortons","routes":["C2","C3","CN","CA","CW"],"provs":["BC"],"desc":"Caf\u00e9\nSource: \u00a9 OpenStreetMap contributors (ODbL) https://www.openstreetmap.org/way/1372584549","sym":"Radio Beacon"},"geometry":{"type":"Point","coordinates":[-123.99923,49.19204]}},{"type":"Feature","properties":{"name":"Tim Hortons","routes":["C2","C3"],"provs":["ON"],"desc":"Caf\u00e9\nFree wifi\nSource: \u00a9 OpenStreetMap contributors (ODbL) https://www.openstreetmap.org/way/1417433612","sym":"Radio Beacon"},"geometry":{"type":"Point","coordinates":[-81.9237,45.97521]}},{"type":"Feature","properties":{"name":"Tim Hortons","routes":["C2","C3"],"provs":["ON"],"desc":"Caf\u00e9\nFree wifi\nSource: \u00a9 OpenStreetMap contributors (ODbL) https://www.openstreetmap.org/way/1417433612","sym":"Radio Beacon"},"geometry":{"type":"Point","coordinates":[-81.92379,45.97529]}},{"type":"Feature","properties":{"name":"Bowness Arts","routes":["C1","C3","CN"],"provs":["AB"],"desc":"Caf\u00e9\nSource: \u00a9 OpenStreetMap contributors (ODbL) https://www.openstreetmap.org/way/1421972621","sym":"Radio Beacon"},"geometry":{"type":"Point","coordinates":[-114.17913,51.08561]}},{"type":"Feature","properties":{"name":"Bowness Arts","routes":["C1","C3","CN"],"provs":["AB"],"desc":"Caf\u00e9\nSource: \u00a9 OpenStreetMap contributors (ODbL) https://www.openstreetmap.org/way/1421972621","sym":"Radio Beacon"},"geometry":{"type":"Point","coordinates":[-114.17905,51.08556]}},{"type":"Feature","properties":{"name":"Chez Mami","routes":["C1","C2","C3"],"provs":["QC"],"desc":"Caf\u00e9\nSource: \u00a9 OpenStreetMap contributors (ODbL) https://www.openstreetmap.org/way/1423563324","sym":"Radio Beacon"},"geometry":{"type":"Point","coordinates":[-69.72937,47.67417]}},{"type":"Feature","properties":{"name":"Chez Mami","routes":["C1","C2","C3"],"provs":["QC"],"desc":"Caf\u00e9\nSource: \u00a9 OpenStreetMap contributors (ODbL) https://www.openstreetmap.org/way/1423563324","sym":"Radio Beacon"},"geometry":{"type":"Point","coordinates":[-69.7294,47.67423]}},{"type":"Feature","properties":{"name":"Moka House","routes":["C1","C3","CA","CL"],"provs":["BC"],"desc":"Caf\u00e9\nSource: \u00a9 OpenStreetMap contributors (ODbL) https://www.openstreetmap.org/way/1469343512","sym":"Radio Beacon"},"geometry":{"type":"Point","coordinates":[-123.35584,48.41524]}},{"type":"Feature","properties":{"name":"Moka House","routes":["C1","C3","CA","CL"],"provs":["BC"],"desc":"Caf\u00e9\nSource: \u00a9 OpenStreetMap contributors (ODbL) https://www.openstreetmap.org/way/1469343512","sym":"Radio Beacon"},"geometry":{"type":"Point","coordinates":[-123.35582,48.41527]}},{"type":"Feature","properties":{"name":"Biblioth\u00e8que d'Hochelaga","routes":["C1","C2","CN","CA","CL"],"provs":["QC"],"desc":"Library\nFree wifi\nSource: \u00a9 OpenStreetMap contributors (ODbL) https://www.openstreetmap.org/way/1486119656","sym":"Radio Beacon"},"geometry":{"type":"Point","coordinates":[-73.54552,45.54243]}},{"type":"Feature","properties":{"name":"Biblioth\u00e8que d'Hochelaga","routes":["C1","C2","CN","CA","CL"],"provs":["QC"],"desc":"Library\nFree wifi\nSource: \u00a9 OpenStreetMap contributors (ODbL) https://www.openstreetmap.org/way/1486119656","sym":"Radio Beacon"},"geometry":{"type":"Point","coordinates":[-73.54557,45.54233]}},{"type":"Feature","properties":{"name":"Vancouver Public Library Kerrisdale Branch","routes":["C2","CN","CA","CL"],"provs":["BC"],"desc":"Library\nFree wifi\nNetwork: VPL\nSource: \u00a9 OpenStreetMap contributors (ODbL) https://www.openstreetmap.org/way/1507572613","sym":"Radio Beacon"},"geometry":{"type":"Point","coordinates":[-123.15614,49.23334]}},{"type":"Feature","properties":{"name":"Vancouver Public Library Kerrisdale Branch","routes":["C2","CN","CA","CL"],"provs":["BC"],"desc":"Library\nFree wifi\nNetwork: VPL\nSource: \u00a9 OpenStreetMap contributors (ODbL) https://www.openstreetmap.org/way/1507572613","sym":"Radio Beacon"},"geometry":{"type":"Point","coordinates":[-123.15614,49.23333]}},{"type":"Feature","properties":{"name":"Starbucks","routes":["C2","CN","CA","CL"],"provs":["BC"],"desc":"Caf\u00e9\nFree wifi\nSource: \u00a9 OpenStreetMap contributors (ODbL) https://www.openstreetmap.org/way/1512140490","sym":"Radio Beacon"},"geometry":{"type":"Point","coordinates":[-123.1405,49.32562]}},{"type":"Feature","properties":{"name":"Starbucks","routes":["C2","CN","CA","CL"],"provs":["BC"],"desc":"Caf\u00e9\nFree wifi\nSource: \u00a9 OpenStreetMap contributors (ODbL) https://www.openstreetmap.org/way/1512140490","sym":"Radio Beacon"},"geometry":{"type":"Point","coordinates":[-123.1406,49.32565]}},{"type":"Feature","properties":{"name":"Rhino Coffee House","routes":["C2","CA"],"provs":["BC"],"desc":"Caf\u00e9\nFree wifi\nSource: \u00a9 OpenStreetMap contributors (ODbL) https://www.openstreetmap.org/way/1523847891","sym":"Radio Beacon"},"geometry":{"type":"Point","coordinates":[-125.90362,49.15282]}},{"type":"Feature","properties":{"name":"Rhino Coffee House","routes":["C2","CA"],"provs":["BC"],"desc":"Caf\u00e9\nFree wifi\nSource: \u00a9 OpenStreetMap contributors (ODbL) https://www.openstreetmap.org/way/1523847891","sym":"Radio Beacon"},"geometry":{"type":"Point","coordinates":[-125.90361,49.15273]}}]}