{"type":"FeatureCollection","features":[{"type":"Feature","properties":{"name":"Route 1 Canada - North Sidney, NS to Whitbourne, NL (proposed) W-E Connected pt2 45.3km"},"geometry":{"type":"LineString","coordinates":[[-53.99177,47.29022],[-53.99312,47.28975],[-53.99353,47.2893],[-53.99631,47.2814],[-53.99618,47.28057],[-53.99514,47.27905],[-53.99275,47.2764],[-53.98418,47.27335],[-53.98295,47.27242],[-53.98117,47.27041],[-53.97914,47.26954],[-53.97244,47.26843],[-53.96652,47.26905],[-53.96263,47.26859],[-53.95342,47.2648],[-53.95068,47.26436],[-53.94889,47.26458],[-53.94184,47.26664],[-53.94041,47.26785],[-53.9362,47.26944],[-53.93449,47.26974],[-53.92656,47.2689],[-53.92305,47.26908],[-53.91887,47.26852],[-53.90168,47.27004],[-53.89864,47.2694],[-53.8881,47.26853],[-53.87677,47.27025],[-53.8664,47.27029],[-53.86259,47.27102],[-53.85152,47.2719],[-53.801,47.2903],[-53.79019,47.2932],[-53.7877,47.29435],[-53.78596,47.29579],[-53.77964,47.30319],[-53.77381,47.30701],[-53.77235,47.30828],[-53.7474,47.33634],[-53.74601,47.33783],[-53.74314,47.33964],[-53.72678,47.34638],[-53.72412,47.34719],[-53.72134,47.34753],[-53.69446,47.3481],[-53.69213,47.34842],[-53.68795,47.35022],[-53.67265,47.36294],[-53.66905,47.36492],[-53.58726,47.39215],[-53.58524,47.39319],[-53.58359,47.395],[-53.58312,47.39703],[-53.58588,47.40414],[-53.58625,47.40645],[-53.58555,47.40805],[-53.58056,47.41355],[-53.57958,47.41544],[-53.57475,47.43791],[-53.57349,47.43981],[-53.57243,47.44068],[-53.56742,47.44291],[-53.5653,47.44434],[-53.56378,47.44649],[-53.56307,47.4496],[-53.56199,47.45023]]}},{"type":"Feature","properties":{"name":"Route 1 Canada - Portage la Prairie, MB to Winnipeg, MB (proposed) W-E Connected 57.3km"},"geometry":{"type":"LineString","coordinates":[[-98.28994,49.973],[-98.26587,49.97193],[-98.23588,49.97381],[-98.22691,49.97301],[-98.21897,49.97445],[-98.2163,49.97462],[-98.11424,49.97222],[-98.00527,49.95261],[-97.9937,49.95024],[-97.76359,49.90791],[-97.65178,49.88685],[-97.52549,49.88658],[-97.50935,49.8874]]}},{"type":"Feature","properties":{"name":"Route 1 Canada - Quebec City, QC to Saint-Jean-Port-Joli, QC (proposed) W-E Connected pt1 175m"},"geometry":{"type":"LineString","coordinates":[[-71.20308,46.81111],[-71.20234,46.81127],[-71.20212,46.81188],[-71.2016,46.81182]]}},{"type":"Feature","properties":{"name":"Route 1 Canada - Regina, SK to Indian Head, SK (proposed) W-E Connected 76.4km"},"geometry":{"type":"LineString","coordinates":[[-104.61522,50.44069],[-104.61373,50.44069],[-104.61368,50.43984],[-104.61253,50.4391],[-104.61205,50.43816],[-104.60887,50.43827],[-104.60733,50.43732],[-104.60695,50.43559],[-104.60778,50.43287],[-104.60742,50.43213],[-104.60664,50.43168],[-104.60459,50.43169],[-104.60251,50.43254],[-104.59848,50.43231],[-104.59533,50.43414],[-104.59172,50.43387],[-104.58985,50.43315],[-104.58653,50.43344],[-104.58523,50.433],[-104.58438,50.43218],[-104.58379,50.43094],[-104.58374,50.42675],[-104.58233,50.42587],[-104.57812,50.4258],[-104.57535,50.42596],[-104.5745,50.42631],[-104.57218,50.42604],[-104.56013,50.42606],[-104.55957,50.42764],[-104.55859,50.42831],[-104.55595,50.42952],[-104.55351,50.42992],[-104.55318,50.43052],[-104.55382,50.43191],[-104.55313,50.43237],[-104.553,50.43331],[-104.55156,50.43412],[-104.55085,50.43551],[-104.55013,50.43602],[-104.54859,50.43678],[-104.54758,50.43672],[-104.54683,50.43814],[-104.54292,50.43764],[-104.54205,50.43794],[-104.54114,50.4391],[-104.53951,50.43831],[-104.53799,50.43706],[-104.53462,50.43566],[-104.53136,50.43479],[-104.53035,50.43617],[-104.52936,50.43682],[-104.52659,50.43732],[-104.52666,50.43809],[-104.52759,50.43964],[-104.52753,50.44827],[-104.52787,50.44916],[-104.52639,50.44918],[-104.52613,50.44811],[-104.50964,50.44812],[-104.50693,50.44854],[-104.50339,50.44984],[-104.5034,50.44942],[-104.50268,50.44919],[-104.50297,50.44845],[-104.50224,50.44812],[-104.46909,50.4482],[-104.46711,50.44856],[-104.46191,50.45049],[-104.45352,50.45049],[-104.45043,50.44996],[-104.44184,50.44997],[-104.43972,50.45068],[-104.43747,50.45273],[-104.43334,50.45289],[-104.43225,50.45232],[-104.43217,50.45],[-104.43172,50.44915],[-104.43014,50.44841],[-104.42711,50.44815],[-104.3651,50.44812],[-104.36286,50.44834],[-104.35843,50.44968],[-104.35587,50.44955],[-104.35273,50.4483],[-104.34439,50.44825],[-104.33967,50.44954],[-104.29145,50.47362],[-104.29023,50.4746],[-104.2895,50.47565],[-104.28821,50.47847],[-104.28862,50.47961],[-104.28819,50.48028],[-104.28502,50.47794],[-104.28129,50.47604],[-104.28023,50.47791],[-104.27933,50.47871],[-104.26541,50.4858],[-104.25431,50.48969],[-104.24913,50.49215],[-104.24587,50.49333],[-104.13681,50.50837],[-104.11158,50.51291],[-104.06381,50.51408],[-104.06109,50.51444],[-104.04515,50.51857],[-104.04061,50.51941],[-103.992,50.52117],[-103.95666,50.52303],[-103.95333,50.5234],[-103.93466,50.52683],[-103.93068,50.5271],[-103.71324,50.5275],[-103.7065,50.52706],[-103.69146,50.52443],[-103.65577,50.52548]]}},{"type":"Feature","properties":{"name":"Route 1 Canada - Richer, MB to Whiteshell, MB (proposed) W-E Connected 85.0km"},"geometry":{"type":"LineString","coordinates":[[-96.4568,49.66293],[-96.32078,49.66274],[-96.26489,49.65596],[-96.25125,49.65581],[-96.13728,49.65586],[-96.13088,49.65667],[-96.11146,49.66184],[-96.10737,49.66264],[-96.1028,49.66293],[-96.08672,49.66291],[-96.08253,49.66251],[-96.04958,49.6569],[-95.97267,49.64841],[-95.94812,49.64811],[-95.93718,49.64926],[-95.86509,49.64961],[-95.8569,49.64923],[-95.83435,49.64929],[-95.80882,49.64852],[-95.80077,49.64861],[-95.78088,49.64788],[-95.7745,49.64676],[-95.77061,49.64654],[-95.7393,49.64654],[-95.73019,49.64818],[-95.72381,49.64823],[-95.71986,49.64768],[-95.71636,49.64631],[-95.69806,49.63421],[-95.69327,49.62958],[-95.69004,49.62733],[-95.6806,49.62298],[-95.67481,49.62153],[-95.66873,49.6211],[-95.66389,49.62148],[-95.61007,49.6309],[-95.60203,49.63327],[-95.5967,49.63413],[-95.5748,49.6342],[-95.56356,49.6331],[-95.55704,49.63287],[-95.53274,49.63439],[-95.52412,49.6341],[-95.51427,49.63266],[-95.50926,49.63302],[-95.49807,49.63516],[-95.47021,49.6353],[-95.46507,49.63592],[-95.46125,49.63719],[-95.45482,49.64145],[-95.45054,49.64348],[-95.40306,49.65782],[-95.39984,49.65911],[-95.39504,49.6621],[-95.38574,49.66936],[-95.3637,49.68159],[-95.36003,49.68295],[-95.33179,49.69068]]}},{"type":"Feature","properties":{"name":"Route 1 Canada - Shuniah, ON to Nipigon, ON (proposed) W-E Connected 64km"},"geometry":{"type":"LineString","coordinates":[[-88.75596,48.62642],[-88.75196,48.62909],[-88.74656,48.63356],[-88.73941,48.64052],[-88.73133,48.64469],[-88.72741,48.64576],[-88.71517,48.6469],[-88.70333,48.65031],[-88.69904,48.65039],[-88.69176,48.64974],[-88.68218,48.65236],[-88.6715,48.65685],[-88.64813,48.66993],[-88.64439,48.67261],[-88.64352,48.67364],[-88.64192,48.67682],[-88.63463,48.68457],[-88.62752,48.70619],[-88.62093,48.71665],[-88.61812,48.71882],[-88.61456,48.72026],[-88.60466,48.72151],[-88.60036,48.72276],[-88.59631,48.72496],[-88.59309,48.72779],[-88.58493,48.73581],[-88.58376,48.73739],[-88.58084,48.74363],[-88.58122,48.7493],[-88.58032,48.75154],[-88.57504,48.75579],[-88.57385,48.75716],[-88.5716,48.76086],[-88.56834,48.76438],[-88.56289,48.76938],[-88.55955,48.77439],[-88.5408,48.79454],[-88.53976,48.79734],[-88.53941,48.80521],[-88.53969,48.80953],[-88.53932,48.81121],[-88.52908,48.82661],[-88.52178,48.83989],[-88.52138,48.84132],[-88.52115,48.84957],[-88.52008,48.85162],[-88.51846,48.85326],[-88.4788,48.87823],[-88.47628,48.87942],[-88.47128,48.88037],[-88.45535,48.88041],[-88.42933,48.88445],[-88.42671,48.88553],[-88.42061,48.89015],[-88.40932,48.89518],[-88.38187,48.90288],[-88.37661,48.90462],[-88.37471,48.90578],[-88.36897,48.91343],[-88.36808,48.91533],[-88.36784,48.92661],[-88.36728,48.93263],[-88.36739,48.93911],[-88.36658,48.9418],[-88.36469,48.94409],[-88.36219,48.94578],[-88.35125,48.95024],[-88.34774,48.95207],[-88.3436,48.95489],[-88.3401,48.95802],[-88.33758,48.96154],[-88.33645,48.96392],[-88.33595,48.96608],[-88.33507,48.98066],[-88.33417,48.98922],[-88.33327,48.99089],[-88.32842,48.99656],[-88.32715,48.99874],[-88.32352,49.00744],[-88.32155,49.00981],[-88.30282,49.02106],[-88.29947,49.02221],[-88.29644,49.02232],[-88.28775,49.02128],[-88.27439,49.01862],[-88.25553,49.01895]]}},{"type":"Feature","properties":{"name":"Route 1 Canada - Spragge, ON to Espanola, ON (proposed) W-E Connected 69.7km"},"geometry":{"type":"LineString","coordinates":[[-82.60141,46.21128],[-82.5982,46.21131],[-82.59333,46.21203],[-82.58893,46.21335],[-82.5856,46.21372],[-82.57934,46.21324],[-82.56649,46.21137],[-82.55502,46.21256],[-82.55014,46.2124],[-82.54095,46.21372],[-82.52344,46.21362],[-82.52069,46.21333],[-82.51362,46.21133],[-82.50206,46.21101],[-82.49202,46.20906],[-82.48654,46.20923],[-82.4845,46.20902],[-82.47274,46.20514],[-82.47048,46.20473],[-82.46206,46.2046],[-82.45454,46.20362],[-82.45259,46.20363],[-82.44366,46.20481],[-82.41081,46.20538],[-82.39234,46.20437],[-82.37543,46.20436],[-82.3666,46.20358],[-82.36459,46.20304],[-82.35637,46.20027],[-82.3501,46.19732],[-82.33774,46.193],[-82.33512,46.19253],[-82.33253,46.19306],[-82.32677,46.1972],[-82.32407,46.19853],[-82.30169,46.2045],[-82.27853,46.20519],[-82.24463,46.20527],[-82.23118,46.20804],[-82.22847,46.20789],[-82.22597,46.20736],[-82.22084,46.20569],[-82.2185,46.20529],[-82.18184,46.20554],[-82.17889,46.20528],[-82.16857,46.20318],[-82.16557,46.20296],[-82.11214,46.20748],[-82.08395,46.21193],[-82.07728,46.21245],[-82.07797,46.20759],[-82.0756,46.20614],[-82.0739,46.20377],[-82.07068,46.20445],[-82.06539,46.20638],[-82.04957,46.20645],[-82.03224,46.20813],[-82.02322,46.20731],[-82.01773,46.20605],[-82.01496,46.2064],[-81.98314,46.20639],[-81.98008,46.20693],[-81.97698,46.20643],[-81.96353,46.20639],[-81.95575,46.20705],[-81.95069,46.20639],[-81.9348,46.20635],[-81.93403,46.20608],[-81.93335,46.2051],[-81.93235,46.20493],[-81.92589,46.20628],[-81.92023,46.20644],[-81.91787,46.20789],[-81.9155,46.20811],[-81.91031,46.21025],[-81.90978,46.21105],[-81.90979,46.21895],[-81.90924,46.22012],[-81.90773,46.22085],[-81.90156,46.22094],[-81.90048,46.22119],[-81.89973,46.22178],[-81.89943,46.22337],[-81.89868,46.22447],[-81.89512,46.22603],[-81.8929,46.2285],[-81.89195,46.22913],[-81.88887,46.23019],[-81.88395,46.23097],[-81.87985,46.23247],[-81.87881,46.23354],[-81.87858,46.23628],[-81.8778,46.23701],[-81.85678,46.23895],[-81.84413,46.24477],[-81.8385,46.24802],[-81.83735,46.24834],[-81.82495,46.24863],[-81.81378,46.24849],[-81.81028,46.2499],[-81.79438,46.25011],[-81.78994,46.25152],[-81.78836,46.25322],[-81.78127,46.25892],[-81.77862,46.25914],[-81.77734,46.25963],[-81.77448,46.26141],[-81.77383,46.26253],[-81.77016,46.2648]]}},{"type":"Feature","properties":{"name":"Route 1 Canada - Swift Current, SK to Chaplin, SK (proposed) W-E Connected 88.5km"},"geometry":{"type":"LineString","coordinates":[[-107.81615,50.28732],[-107.81566,50.28683],[-107.80866,50.29296],[-107.8051,50.29491],[-107.72567,50.32291],[-107.72236,50.32368],[-107.71564,50.32423],[-107.71262,50.32511],[-107.68868,50.33691],[-107.68132,50.33967],[-107.64305,50.35036],[-107.61197,50.35499],[-107.59568,50.35595],[-107.59174,50.35686],[-107.58121,50.36042],[-107.50415,50.37611],[-107.50052,50.37702],[-107.47695,50.3854],[-107.47171,50.38668],[-107.43647,50.38983],[-107.30113,50.38987],[-107.29787,50.39015],[-107.29613,50.39052],[-107.29322,50.39177],[-107.27082,50.40408],[-107.2437,50.41749],[-107.23922,50.41857],[-107.21916,50.42139],[-107.20598,50.42509],[-107.19321,50.42617],[-107.13673,50.4262],[-107.10974,50.4238],[-107.1048,50.42272],[-107.07622,50.41241],[-107.07223,50.41139],[-107.04084,50.40908],[-107.0359,50.4092],[-107.02341,50.41175],[-107.01745,50.41206],[-106.959,50.41202],[-106.95453,50.41276],[-106.95093,50.4144],[-106.91104,50.43704],[-106.90576,50.43936],[-106.89999,50.44037],[-106.85228,50.44021],[-106.84804,50.44063],[-106.84335,50.44169],[-106.79578,50.45602],[-106.78796,50.45782],[-106.72558,50.46285],[-106.72071,50.46251],[-106.67548,50.45392],[-106.6719,50.45379],[-106.65757,50.45592]]}},{"type":"Feature","properties":{"name":"Route 1 Canada - Terrace Bay, ON to Marathon, ON (proposed) W-E Connected 77.3km"},"geometry":{"type":"LineString","coordinates":[[-87.10203,48.78164],[-87.09941,48.78206],[-87.09706,48.78354],[-87.08401,48.79944],[-87.08278,48.80177],[-87.08207,48.80476],[-87.08301,48.81558],[-87.08213,48.81969],[-87.08027,48.82275],[-87.07634,48.82693],[-87.07366,48.83122],[-87.07208,48.83251],[-87.05336,48.84042],[-87.05004,48.84093],[-87.0444,48.84061],[-87.04149,48.84135],[-87.03933,48.84284],[-87.03558,48.84791],[-87.03456,48.84884],[-87.03259,48.84984],[-87.02755,48.85144],[-87.0235,48.85167],[-87.01675,48.84986],[-87.00617,48.8494],[-86.98453,48.85279],[-86.9774,48.85437],[-86.97203,48.85671],[-86.9684,48.85716],[-86.96518,48.85645],[-86.96067,48.85456],[-86.95533,48.85401],[-86.9529,48.85346],[-86.94805,48.85067],[-86.94462,48.84758],[-86.94267,48.84455],[-86.94172,48.84136],[-86.94175,48.83846],[-86.94326,48.83452],[-86.94334,48.83308],[-86.9425,48.8272],[-86.94241,48.81505],[-86.94144,48.81229],[-86.93897,48.80861],[-86.93373,48.80362],[-86.91812,48.78429],[-86.91653,48.78322],[-86.91135,48.78089],[-86.90486,48.7766],[-86.90197,48.77574],[-86.89444,48.7748],[-86.88702,48.77682],[-86.88138,48.7763],[-86.87426,48.77712],[-86.86834,48.77742],[-86.86154,48.77915],[-86.85656,48.78169],[-86.85196,48.78269],[-86.84831,48.78389],[-86.8346,48.78479],[-86.83183,48.78595],[-86.82863,48.78972],[-86.82552,48.79215],[-86.82308,48.79324],[-86.81971,48.79368],[-86.80897,48.79331],[-86.80648,48.79356],[-86.79137,48.79905],[-86.77803,48.8033],[-86.77389,48.80411],[-86.76881,48.80483],[-86.76619,48.80466],[-86.76447,48.8039],[-86.75935,48.79973],[-86.757,48.79889],[-86.75277,48.79895],[-86.74866,48.7996],[-86.74438,48.80073],[-86.74151,48.80284],[-86.74034,48.80336],[-86.73394,48.80514],[-86.72336,48.81071],[-86.71682,48.81365],[-86.71188,48.81508],[-86.70811,48.81707],[-86.70596,48.81743],[-86.68663,48.81783],[-86.6758,48.81584],[-86.67179,48.81331],[-86.66735,48.81224],[-86.65943,48.80603],[-86.65324,48.80303],[-86.65233,48.80162],[-86.65157,48.79804],[-86.65085,48.79716],[-86.64973,48.79649],[-86.64835,48.79613],[-86.64626,48.79618],[-86.62876,48.80209],[-86.62708,48.80231],[-86.62524,48.80207],[-86.6231,48.80089],[-86.62131,48.79798],[-86.61419,48.79051],[-86.61258,48.78947],[-86.60768,48.78908],[-86.60276,48.78797],[-86.60141,48.78735],[-86.59777,48.78446],[-86.59133,48.7815],[-86.58697,48.7804],[-86.57772,48.77932],[-86.57655,48.77876],[-86.57422,48.77654],[-86.5731,48.77598],[-86.56486,48.77416],[-86.55265,48.77087],[-86.54296,48.76762],[-86.53862,48.76471],[-86.53262,48.76294],[-86.53025,48.76317],[-86.51879,48.76715],[-86.51074,48.77337],[-86.50629,48.78157],[-86.50398,48.78797],[-86.50247,48.78994],[-86.50081,48.79324],[-86.49857,48.79488],[-86.49627,48.79535],[-86.49386,48.79511],[-86.49024,48.79391],[-86.48683,48.79171],[-86.48303,48.78995],[-86.48001,48.78954],[-86.46981,48.79118],[-86.46324,48.79364],[-86.45848,48.79411],[-86.45314,48.7959],[-86.44697,48.79626],[-86.44168,48.7973],[-86.43938,48.79726],[-86.43729,48.79658],[-86.43513,48.79507],[-86.42991,48.78643],[-86.42578,48.78265],[-86.42328,48.78115],[-86.41633,48.77854],[-86.41121,48.77767],[-86.40378,48.77504],[-86.39455,48.77264],[-86.39238,48.77248],[-86.38834,48.77307],[-86.38623,48.77295],[-86.38204,48.77103],[-86.37663,48.76963],[-86.36705,48.76386],[-86.35373,48.75964],[-86.35179,48.75876],[-86.33872,48.748]]}},{"type":"Feature","properties":{"name":"Route 1 Canada - Thessalon, ON to Spragge, ON (proposed) W-E Connected 81.9km"},"geometry":{"type":"LineString","coordinates":[[-83.55768,46.26525],[-83.54874,46.26525],[-83.54478,46.2657],[-83.52935,46.27229],[-83.52633,46.27285],[-83.52301,46.27245],[-83.51792,46.27014],[-83.51532,46.26935],[-83.50392,46.26748],[-83.45342,46.26747],[-83.44907,46.26775],[-83.44547,46.26893],[-83.42437,46.28105],[-83.42219,46.2817],[-83.41442,46.2821],[-83.41217,46.28259],[-83.40888,46.28415],[-83.3952,46.29316],[-83.38941,46.29545],[-83.38224,46.29686],[-83.36292,46.29713],[-83.35977,46.29666],[-83.3469,46.29346],[-83.32717,46.29344],[-83.29385,46.29109],[-83.29069,46.29129],[-83.28424,46.29263],[-83.27398,46.29249],[-83.26961,46.29102],[-83.25531,46.2808],[-83.25303,46.27959],[-83.25096,46.27894],[-83.24804,46.27853],[-83.21921,46.27861],[-83.21583,46.27811],[-83.21252,46.27706],[-83.20936,46.27525],[-83.20719,46.27315],[-83.19956,46.26054],[-83.19784,46.25867],[-83.19622,46.25762],[-83.19312,46.25645],[-83.18749,46.25509],[-83.18437,46.25469],[-83.1758,46.25454],[-83.16723,46.25299],[-83.16403,46.25208],[-83.1622,46.25111],[-83.16002,46.24926],[-83.15526,46.24647],[-83.14727,46.23994],[-83.14533,46.23888],[-83.13765,46.23666],[-83.13252,46.23436],[-83.12165,46.2323],[-83.11724,46.23097],[-83.11386,46.2289],[-83.10979,46.22569],[-83.10919,46.22475],[-83.10782,46.22069],[-83.10672,46.21927],[-83.10382,46.21703],[-83.07957,46.20692],[-83.07706,46.20638],[-83.07411,46.20628],[-83.06304,46.2076],[-83.05371,46.20653],[-83.04594,46.20697],[-83.03424,46.20828],[-83.02716,46.20771],[-83.02498,46.20682],[-83.02364,46.2052],[-83.02352,46.20317],[-83.02526,46.20042],[-83.02547,46.19944],[-83.02466,46.19717],[-83.02266,46.19588],[-83.00528,46.1934],[-82.99921,46.19396],[-82.99705,46.19382],[-82.98281,46.1911],[-82.98012,46.19136],[-82.97468,46.19306],[-82.97118,46.19294],[-82.96853,46.192],[-82.96095,46.18797],[-82.95732,46.18637],[-82.94723,46.18243],[-82.9429,46.1816],[-82.94038,46.18166],[-82.93791,46.18215],[-82.93112,46.18507],[-82.92729,46.18576],[-82.91765,46.18617],[-82.90003,46.18599],[-82.87988,46.1837],[-82.8762,46.18426],[-82.86515,46.18742],[-82.86177,46.18774],[-82.85904,46.18751],[-82.84424,46.18449],[-82.83018,46.18411],[-82.8259,46.1844],[-82.81773,46.18513],[-82.81525,46.18568],[-82.80953,46.18841],[-82.8054,46.18977],[-82.7991,46.19335],[-82.79468,46.19456],[-82.78806,46.19479],[-82.78176,46.19382],[-82.77514,46.19443],[-82.76403,46.19319],[-82.75578,46.193],[-82.74543,46.19462],[-82.72993,46.19537],[-82.71059,46.19921],[-82.69356,46.203],[-82.68746,46.20392],[-82.68217,46.20603],[-82.67944,46.2066],[-82.66728,46.20644],[-82.65588,46.20872],[-82.64597,46.20885],[-82.63465,46.21069],[-82.62786,46.2103],[-82.61811,46.21072],[-82.61172,46.21148],[-82.60141,46.21128]]}},{"type":"Feature","properties":{"name":"Route 1 Canada - Thunder Bay, ON to Shuniah, ON (proposed) W-E Connected 42.8km"},"geometry":{"type":"LineString","coordinates":[[-89.22204,48.43571],[-89.21552,48.4419],[-89.21037,48.44594],[-89.20743,48.44739],[-89.19987,48.45003],[-89.19525,48.45252],[-89.19352,48.45116],[-89.18327,48.45661],[-89.18228,48.45807],[-89.18221,48.46429],[-89.18084,48.46427],[-89.17952,48.46672],[-89.17775,48.46882],[-89.17654,48.46921],[-89.17311,48.4723],[-89.16845,48.47443],[-89.16715,48.4746],[-89.16556,48.47417],[-89.16436,48.47433],[-89.13992,48.48468],[-89.13604,48.48555],[-89.12064,48.48786],[-89.10927,48.49029],[-89.09643,48.49118],[-89.08512,48.49091],[-89.06852,48.49271],[-89.05955,48.49549],[-89.0546,48.49779],[-89.04882,48.50113],[-89.04675,48.50185],[-89.03888,48.50336],[-89.03341,48.50342],[-89.02705,48.50419],[-89.0236,48.50529],[-89.0203,48.50696],[-89.01664,48.50826],[-89.01263,48.51101],[-89.00961,48.51191],[-89.00503,48.51234],[-88.99234,48.51708],[-88.98375,48.5191],[-88.95059,48.53126],[-88.94995,48.53157],[-88.94946,48.5327],[-88.9476,48.53251],[-88.94602,48.5328],[-88.92269,48.54173],[-88.87344,48.55496],[-88.85358,48.56269],[-88.85225,48.56462],[-88.85224,48.56582],[-88.85264,48.56699],[-88.83954,48.56825],[-88.83569,48.56907],[-88.80588,48.58033],[-88.80263,48.58184],[-88.79987,48.58381],[-88.77602,48.60792],[-88.77015,48.6149],[-88.76412,48.62092],[-88.75596,48.62642]]}},{"type":"Feature","properties":{"name":"Route 1 Canada - Tilly, AB to Medicine Hat, AB (proposed) W-E Connected 97.5km"},"geometry":{"type":"LineString","coordinates":[[-111.80392,50.54057],[-111.78654,50.53126],[-111.78014,50.52876],[-111.70549,50.50506],[-111.62144,50.47677],[-111.61712,50.47484],[-111.44572,50.37582],[-111.19884,50.23184],[-111.18264,50.22291],[-111.17769,50.22104],[-111.07192,50.18967],[-110.98573,50.16698],[-110.9549,50.15729],[-110.87658,50.12303],[-110.84543,50.11012],[-110.8401,50.10753],[-110.79938,50.09023],[-110.77804,50.08094],[-110.7476,50.06712],[-110.74562,50.06583],[-110.74467,50.06462],[-110.74355,50.05864],[-110.74206,50.05669],[-110.72093,50.04531],[-110.70742,50.03293],[-110.70776,50.03279]]}},{"type":"Feature","properties":{"name":"Route 1 Canada - Upsala, ON to Shebandowan, ON (proposed) W-E Connected 75.8km"},"geometry":{"type":"LineString","coordinates":[[-90.46932,49.0442],[-90.46628,49.03775],[-90.46379,49.03357],[-90.46233,49.03218],[-90.45405,49.02669],[-90.45081,49.02478],[-90.4423,49.02095],[-90.43571,49.0165],[-90.41198,49.00535],[-90.40654,49.00248],[-90.39479,48.99611],[-90.38375,48.98922],[-90.36575,48.98365],[-90.31834,48.96557],[-90.30627,48.9617],[-90.30148,48.9607],[-90.2854,48.95876],[-90.27745,48.95743],[-90.26799,48.95658],[-90.24793,48.95341],[-90.20518,48.94832],[-90.13219,48.93595],[-90.12313,48.93376],[-90.02616,48.90222],[-90.00894,48.89185],[-90.00435,48.8883],[-89.99737,48.8849],[-89.98194,48.87552],[-89.9786,48.87318],[-89.94228,48.84331],[-89.94056,48.8413],[-89.9347,48.83238],[-89.92384,48.82415],[-89.92189,48.8216],[-89.91903,48.817],[-89.9171,48.81491],[-89.91253,48.81211],[-89.90476,48.80825],[-89.89892,48.80391],[-89.8977,48.80247],[-89.87697,48.7688],[-89.87684,48.76729],[-89.88054,48.74835],[-89.88119,48.74076],[-89.88292,48.73609],[-89.88907,48.70393],[-89.89233,48.69512],[-89.89314,48.64103],[-89.89799,48.62176],[-89.89653,48.59802],[-89.89562,48.59639],[-89.89452,48.59545],[-89.88858,48.59329]]}},{"type":"Feature","properties":{"name":"Route 1 Canada - Vermillion Bay, ON to Dryden, ON (proposed) W-E Connected 51.3km"},"geometry":{"type":"LineString","coordinates":[[-93.46006,49.83898],[-93.45433,49.84013],[-93.44505,49.83993],[-93.44063,49.84088],[-93.43783,49.84261],[-93.43094,49.84868],[-93.42673,49.85287],[-93.41784,49.85684],[-93.40306,49.85995],[-93.39128,49.86075],[-93.38908,49.8603],[-93.38029,49.85733],[-93.36834,49.85494],[-93.35565,49.85028],[-93.33991,49.84395],[-93.32355,49.83936],[-93.29311,49.82552],[-93.24575,49.81137],[-93.24353,49.81122],[-93.23297,49.81174],[-93.20291,49.81499],[-92.8524,49.81509],[-92.8505,49.81476],[-92.84892,49.81401],[-92.84787,49.81304],[-92.84742,49.81204],[-92.84724,49.78873],[-92.84671,49.78761],[-92.84472,49.78676],[-92.83903,49.78671],[-92.8366,49.78626],[-92.81935,49.78613]]}},{"type":"Feature","properties":{"name":"Route 1 Canada - Virden, MB to Brandon, MB (proposed) W-E Connected 77.8km"},"geometry":{"type":"LineString","coordinates":[[-100.93337,49.85247],[-100.92257,49.85695],[-100.92139,49.85695],[-100.83613,49.80116],[-100.83288,49.79965],[-100.82875,49.79864],[-100.79078,49.7922],[-100.78741,49.79089],[-100.77462,49.78454],[-100.77091,49.78318],[-100.73297,49.77528],[-100.70905,49.76919],[-100.70546,49.76882],[-100.65365,49.76886],[-100.64852,49.76985],[-100.63738,49.77377],[-100.63391,49.77434],[-100.63092,49.77443],[-100.62646,49.77387],[-100.60453,49.76888],[-100.51546,49.76873],[-100.5,49.77008],[-100.48592,49.77229],[-100.48264,49.77357],[-100.48128,49.77443],[-100.47217,49.78171],[-100.4671,49.78325],[-100.43339,49.7834],[-100.42962,49.78379],[-100.42786,49.78428],[-100.42474,49.78573],[-100.37472,49.81299],[-100.33726,49.82823],[-100.33383,49.82934],[-100.33004,49.82972],[-100.31082,49.82998],[-100.30898,49.83036],[-100.29371,49.83562],[-100.28991,49.83595],[-100.28222,49.83599],[-100.27845,49.83643],[-100.27493,49.83741],[-100.26866,49.84028],[-100.26323,49.84152],[-100.2209,49.84166],[-100.20934,49.84133],[-100.19591,49.84203],[-100.15358,49.84207],[-100.14979,49.84246],[-100.14475,49.84422],[-100.06923,49.88424],[-100.06576,49.88556],[-100.05986,49.88643],[-99.98485,49.88642],[-99.96204,49.88679]]}},{"type":"Feature","properties":{"name":"Route 1 Canada - Wawa, ON to Lake Superior PP (Wawa), ON (proposed) W-E Connected 87.1km"},"geometry":{"type":"LineString","coordinates":[[-84.78453,47.97082],[-84.78557,47.96952],[-84.79599,47.96003],[-84.79976,47.9535],[-84.80906,47.94544],[-84.80968,47.94442],[-84.81123,47.93334],[-84.81029,47.93132],[-84.8052,47.926],[-84.80468,47.92408],[-84.80521,47.92048],[-84.8061,47.91832],[-84.80738,47.91686],[-84.8168,47.90958],[-84.81754,47.90783],[-84.81781,47.90411],[-84.81948,47.90143],[-84.82211,47.89957],[-84.82441,47.89868],[-84.82707,47.8981],[-84.83969,47.89807],[-84.84216,47.89759],[-84.85019,47.89418],[-84.86499,47.88661],[-84.86681,47.88545],[-84.8686,47.88354],[-84.87123,47.87732],[-84.87422,47.87318],[-84.87458,47.87222],[-84.87467,47.8711],[-84.87355,47.8649],[-84.87418,47.86269],[-84.87598,47.86075],[-84.88264,47.85599],[-84.88385,47.85431],[-84.88499,47.85138],[-84.88657,47.84656],[-84.88588,47.84115],[-84.88768,47.83204],[-84.88744,47.82677],[-84.88788,47.8252],[-84.89036,47.82028],[-84.89187,47.81471],[-84.89216,47.81041],[-84.89304,47.80892],[-84.89521,47.80696],[-84.89622,47.80563],[-84.90065,47.79766],[-84.90136,47.79625],[-84.90145,47.7953],[-84.90085,47.79408],[-84.90004,47.79339],[-84.88541,47.78677],[-84.86437,47.77403],[-84.85702,47.76688],[-84.85577,47.76599],[-84.85346,47.76509],[-84.85183,47.76482],[-84.8402,47.76402],[-84.83377,47.76046],[-84.82887,47.75506],[-84.82361,47.75155],[-84.82263,47.75046],[-84.82194,47.74889],[-84.82193,47.74777],[-84.82332,47.741],[-84.82336,47.73946],[-84.82288,47.73819],[-84.82133,47.73655],[-84.81502,47.73266],[-84.81333,47.7307],[-84.81248,47.72898],[-84.81278,47.71274],[-84.81175,47.70698],[-84.81184,47.70514],[-84.81244,47.70327],[-84.81607,47.69547],[-84.81673,47.69265],[-84.81654,47.69074],[-84.81323,47.6819],[-84.81305,47.68044],[-84.81333,47.67871],[-84.8175,47.67074],[-84.81818,47.669],[-84.81815,47.66775],[-84.81762,47.66644],[-84.81178,47.65911],[-84.81113,47.65747],[-84.81052,47.65326],[-84.8113,47.65076],[-84.81728,47.64036],[-84.82282,47.63486],[-84.82444,47.63015],[-84.82466,47.62891],[-84.8244,47.62754],[-84.82209,47.62193],[-84.82354,47.61492],[-84.82197,47.61098],[-84.82164,47.60934],[-84.82227,47.6073],[-84.82519,47.60304],[-84.82562,47.60079],[-84.8248,47.59803],[-84.82133,47.59421],[-84.82056,47.59268],[-84.81944,47.58327],[-84.81565,47.56946],[-84.81489,47.568],[-84.8097,47.56208],[-84.80885,47.56024],[-84.80883,47.55762],[-84.80984,47.55259],[-84.80941,47.54769],[-84.8097,47.54553],[-84.81105,47.54331],[-84.81477,47.53912],[-84.81568,47.53764],[-84.81589,47.5362],[-84.81557,47.53489],[-84.81469,47.53359],[-84.81329,47.53246],[-84.80396,47.527],[-84.80237,47.52531],[-84.80172,47.52333],[-84.80206,47.52125],[-84.80618,47.51568],[-84.80701,47.51411],[-84.81329,47.49814],[-84.81362,47.49527],[-84.81263,47.49282],[-84.80807,47.4878],[-84.80717,47.48621],[-84.80637,47.48329],[-84.8056,47.48171],[-84.80439,47.48014],[-84.80244,47.47847],[-84.79948,47.47686],[-84.79222,47.47413],[-84.7811,47.46697],[-84.77149,47.46321],[-84.76816,47.46142],[-84.76047,47.45559],[-84.74595,47.44062],[-84.74345,47.43848],[-84.72804,47.43035],[-84.71388,47.42462],[-84.71133,47.42266],[-84.70684,47.4178],[-84.70496,47.41529],[-84.70375,47.4126],[-84.70182,47.4036],[-84.70126,47.40213],[-84.69474,47.39279],[-84.6942,47.39134],[-84.6942,47.38883],[-84.69687,47.38172],[-84.69678,47.38049],[-84.69627,47.37935],[-84.69501,47.37798],[-84.68824,47.37257],[-84.68238,47.36476],[-84.67972,47.36358],[-84.67539,47.36338],[-84.66919,47.36207],[-84.66721,47.36222],[-84.66078,47.36368],[-84.65721,47.36386],[-84.6402,47.36022],[-84.63742,47.35862],[-84.62352,47.3436],[-84.61734,47.33795],[-84.61566,47.33538]]}},{"type":"Feature","properties":{"name":"Route 1 Canada - White River, ON to Wawa, ON (proposed) W-E Connected 89.9km"},"geometry":{"type":"LineString","coordinates":[[-85.27335,48.59264],[-85.26739,48.59087],[-85.26542,48.58961],[-85.26467,48.58813],[-85.26454,48.58695],[-85.26467,48.57724],[-85.26407,48.57491],[-85.26186,48.5722],[-85.25343,48.56544],[-85.25175,48.56464],[-85.24869,48.56382],[-85.22337,48.55976],[-85.22106,48.55913],[-85.19197,48.54402],[-85.18703,48.54203],[-85.16557,48.53476],[-85.16171,48.53278],[-85.15822,48.52985],[-85.15322,48.52304],[-85.15279,48.52151],[-85.15261,48.51716],[-85.15198,48.51551],[-85.14667,48.50909],[-85.14623,48.50819],[-85.1443,48.4974],[-85.13618,48.4821],[-85.13498,48.4806],[-85.13255,48.4789],[-85.12499,48.4761],[-85.12302,48.47509],[-85.12148,48.4739],[-85.12022,48.47235],[-85.11385,48.45816],[-85.10886,48.44949],[-85.10861,48.44679],[-85.10999,48.44214],[-85.1093,48.43908],[-85.10766,48.43706],[-85.10652,48.43618],[-85.09858,48.43095],[-85.09657,48.42855],[-85.09544,48.42522],[-85.09605,48.41802],[-85.09528,48.41557],[-85.08481,48.4034],[-85.07902,48.39392],[-85.07884,48.39291],[-85.07911,48.39133],[-85.0871,48.38057],[-85.08772,48.37785],[-85.08713,48.3756],[-85.08619,48.37413],[-85.08384,48.3722],[-85.07617,48.3685],[-85.07301,48.3663],[-85.07096,48.36367],[-85.06835,48.35767],[-85.06684,48.35598],[-85.062,48.3526],[-85.05523,48.34874],[-85.05117,48.34471],[-85.01003,48.32148],[-85.0078,48.31899],[-85.00548,48.31068],[-85.00469,48.3092],[-85.0034,48.30778],[-84.99988,48.30575],[-84.99056,48.30294],[-84.98918,48.30202],[-84.98645,48.29907],[-84.9844,48.29789],[-84.97814,48.29652],[-84.97451,48.29642],[-84.97218,48.29676],[-84.96046,48.29993],[-84.9569,48.29997],[-84.9402,48.29605],[-84.92227,48.29526],[-84.91781,48.29457],[-84.90064,48.29112],[-84.89421,48.29032],[-84.89218,48.28969],[-84.88971,48.28798],[-84.88898,48.28676],[-84.88161,48.26478],[-84.88162,48.26214],[-84.88394,48.25012],[-84.8836,48.24835],[-84.88301,48.24727],[-84.88216,48.2461],[-84.84701,48.21008],[-84.84512,48.20479],[-84.84602,48.19918],[-84.84376,48.18803],[-84.84296,48.18675],[-84.84132,48.18515],[-84.83026,48.17653],[-84.82919,48.17528],[-84.82473,48.16641],[-84.8234,48.16483],[-84.80978,48.15494],[-84.80815,48.15329],[-84.80716,48.1513],[-84.807,48.14921],[-84.81322,48.13154],[-84.81337,48.13007],[-84.81304,48.12848],[-84.80878,48.12047],[-84.80852,48.11928],[-84.80921,48.11012],[-84.80981,48.10783],[-84.81166,48.1037],[-84.81199,48.10125],[-84.81152,48.0996],[-84.80544,48.08844],[-84.80494,48.08683],[-84.80784,48.06785],[-84.80958,48.06505],[-84.81527,48.05944],[-84.8162,48.05739],[-84.81668,48.0543],[-84.818,48.05209],[-84.8195,48.05073],[-84.82126,48.0497],[-84.83144,48.04543],[-84.83277,48.04459],[-84.83434,48.04263],[-84.83617,48.03693],[-84.83533,48.03465],[-84.82474,48.02428],[-84.82344,48.02213],[-84.82318,48.01965],[-84.82543,48.01114],[-84.82547,48.00861],[-84.82047,47.99597],[-84.8196,47.99455],[-84.81655,47.99217],[-84.78641,47.97635],[-84.78536,47.97547],[-84.78439,47.97405],[-84.78409,47.97241],[-84.78453,47.97082]]}},{"type":"Feature","properties":{"name":"Route 1 Canada - Whitewood, SK to Elkhorn, MB (proposed) W-E Connected 84.3km"},"geometry":{"type":"LineString","coordinates":[[-102.25829,50.3369],[-102.25154,50.33604],[-102.24782,50.33502],[-102.24417,50.33312],[-102.23477,50.32687],[-102.23217,50.32572],[-102.22888,50.32483],[-102.17293,50.31396],[-102.13561,50.3122],[-102.13071,50.31173],[-102.1264,50.31073],[-102.12342,50.30966],[-102.11664,50.30645],[-102.10853,50.30386],[-102.0914,50.30122],[-102.06539,50.29327],[-102.05365,50.28784],[-102.04938,50.28642],[-102.03456,50.28321],[-102.02287,50.27912],[-102.01285,50.2744],[-101.99929,50.27046],[-101.99314,50.2694],[-101.97671,50.26918],[-101.97139,50.26831],[-101.9466,50.25748],[-101.94112,50.256],[-101.92449,50.25303],[-101.90586,50.24616],[-101.82067,50.21847],[-101.80544,50.212],[-101.80012,50.21074],[-101.77937,50.20705],[-101.77366,50.20563],[-101.76703,50.20247],[-101.72697,50.17949],[-101.68472,50.15834],[-101.68204,50.15728],[-101.66641,50.15288],[-101.6542,50.14693],[-101.64987,50.14385],[-101.63564,50.12902],[-101.63122,50.12601],[-101.62084,50.12194],[-101.60627,50.11708],[-101.58638,50.11097],[-101.55949,50.09816],[-101.53297,50.08504],[-101.51541,50.07751],[-101.45759,50.06146],[-101.43816,50.05427],[-101.42917,50.05197],[-101.38211,50.0329],[-101.37827,50.03215],[-101.36283,50.03075],[-101.35961,50.02994],[-101.35578,50.02785],[-101.34892,50.02065],[-101.34554,50.01858],[-101.32433,50.01193],[-101.31042,50.00941],[-101.30501,50.0077],[-101.28428,49.99894],[-101.26075,49.98664],[-101.25772,49.98598],[-101.24447,49.98476],[-101.24038,49.98388]]}},{"type":"Feature","properties":{"name":"Route 1 Canada - Winnipeg, MB to Richer, MB (proposed) W-E Connected 43.4km"},"geometry":{"type":"LineString","coordinates":[[-96.98056,49.83855],[-96.97423,49.83613],[-96.9683,49.83589],[-96.96526,49.83521],[-96.9626,49.83412],[-96.9506,49.82837],[-96.94645,49.8249],[-96.94338,49.82315],[-96.75281,49.74342],[-96.55385,49.66392],[-96.5504,49.66309],[-96.54815,49.66294],[-96.4568,49.66293]]}},{"type":"Feature","properties":{"name":"Track 003 to Dyke Trail W-E"},"geometry":{"type":"LineString","coordinates":[[-123.04644,49.04969],[-123.0464,49.05379],[-123.05704,49.05386]]}},{"type":"Feature","properties":{"name":"Trans-Canada Highway 093 001 W-E"},"geometry":{"type":"LineString","coordinates":[[-114.47269,51.08665],[-114.46314,51.08652]]}},{"type":"Feature","properties":{"name":"Route 1 Canada - Bassano, AB to Tilly, AB via Brooks, AB (proposed) W-E Connected 55.8km"},"geometry":{"type":"LineString","coordinates":[[-112.45096,50.78444],[-112.44925,50.78282],[-112.44669,50.7817],[-112.42153,50.77618],[-112.41942,50.77586],[-112.40673,50.77556],[-112.40281,50.76654],[-112.40142,50.76501],[-112.3509,50.73438],[-112.34794,50.73287],[-112.3443,50.73225],[-112.31042,50.73223],[-112.3048,50.73145],[-112.18894,50.6878],[-112.08775,50.65552],[-112.00023,50.63913],[-111.98056,50.63488],[-111.97483,50.6321],[-111.9135,50.5993],[-111.89877,50.591],[-111.89756,50.58966],[-111.89721,50.58756],[-111.89708,50.5721],[-111.87097,50.57199],[-111.86654,50.57122],[-111.86378,50.57136],[-111.85958,50.5702],[-111.80392,50.54057]]}},{"type":"Feature","properties":{"name":"Route 1 Canada - Brandon, MB to Sidney, MB (proposed) W-E Connected 64.7km"},"geometry":{"type":"LineString","coordinates":[[-99.96204,49.88679],[-99.90474,49.88643],[-99.76272,49.88643],[-99.75551,49.88752],[-99.71159,49.89999],[-99.70746,49.90069],[-99.70373,49.9009],[-99.67331,49.90087],[-99.66018,49.9012],[-99.34839,49.90148],[-99.33552,49.90114],[-99.27347,49.90111],[-99.24673,49.89964],[-99.22627,49.90116],[-99.06429,49.90148]]}},{"type":"Feature","properties":{"name":"Route 1 Canada - Chaplin, Sk to Moose Jaw, SK (proposed) W-E Connected 84.6km"},"geometry":{"type":"LineString","coordinates":[[-106.65757,50.45592],[-106.64954,50.4573],[-106.63383,50.46173],[-106.6263,50.46317],[-106.59398,50.4649],[-106.57924,50.46629],[-106.5575,50.46651],[-106.52868,50.46624],[-106.51395,50.4656],[-106.51124,50.46538],[-106.49732,50.46277],[-106.4915,50.46251],[-106.4779,50.46255],[-106.46018,50.46336],[-106.44598,50.46255],[-106.40113,50.46251],[-106.38681,50.46307],[-106.33207,50.46342],[-106.32384,50.4626],[-106.27422,50.4556],[-106.2483,50.45575],[-106.23379,50.45705],[-106.22927,50.45713],[-106.21538,50.45579],[-106.17425,50.45585],[-106.16858,50.45644],[-106.14484,50.46219],[-106.13865,50.46293],[-106.02416,50.46284],[-106.02126,50.46305],[-105.89574,50.48295],[-105.89005,50.48334],[-105.88554,50.48275],[-105.86345,50.47721],[-105.85962,50.47586],[-105.82529,50.45704],[-105.81905,50.45429],[-105.73042,50.42628],[-105.72544,50.42574],[-105.71797,50.42567],[-105.54737,50.42568],[-105.54224,50.42499],[-105.51439,50.41862],[-105.5114,50.41716],[-105.50645,50.41245]]}},{"type":"Feature","properties":{"name":"Route 1 Canada - Charlottetown, PE to Pictou, NS (proposed) W-E Connected pt3 7.5km"},"geometry":{"type":"LineString","coordinates":[[-62.6893,45.73858],[-62.69024,45.73672],[-62.69026,45.73415],[-62.6913,45.73176],[-62.6922,45.73064],[-62.72767,45.69498],[-62.72845,45.69352],[-62.72879,45.69199],[-62.7284,45.68547],[-62.72943,45.68351],[-62.73106,45.68273],[-62.7312,45.68193],[-62.73044,45.68065]]}},{"type":"Feature","properties":{"name":"Route 1 Canada - Cochrane, AB to Strathmore, AB via Calgary (proposed) W-E Connected 106km pt3"},"geometry":{"type":"LineString","coordinates":[[-113.81577,51.01864],[-113.8155,51.0222],[-113.80969,51.03048],[-113.8084,51.03027],[-113.79561,51.03045],[-113.79565,51.03759],[-113.40134,51.03775]]}},{"type":"Feature","properties":{"name":"Route 1 Canada - Cochrane, AB to Strathmore, AB via Calgary (proposed) W-E Connected 106km pt4"},"geometry":{"type":"LineString","coordinates":[[-113.81834,51.01769],[-113.81598,51.0178],[-113.81577,51.01864]]}},{"type":"Feature","properties":{"name":"Route 1 Canada - Cochrane, AB to Strathmore, AB via Calgary (proposed) W-E Connected 106km pt5b"},"geometry":{"type":"LineString","coordinates":[[-114.183,51.08815],[-114.17469,51.08447],[-114.16991,51.08386],[-114.16882,51.08316],[-114.16899,51.08209],[-114.17103,51.0806],[-114.17186,51.08035],[-114.17265,51.07951],[-114.17149,51.07829],[-114.17572,51.07743],[-114.17638,51.07687],[-114.17062,51.073],[-114.17171,51.07122],[-114.17109,51.0706],[-114.16863,51.06939],[-114.16568,51.06852],[-114.16189,51.06783],[-114.15912,51.06773],[-114.15554,51.06649],[-114.15261,51.0646],[-114.14752,51.05936],[-114.14519,51.05762],[-114.13892,51.05669],[-114.13575,51.0567],[-114.13403,51.05639],[-114.12732,51.05461],[-114.1239,51.05337],[-114.1195,51.0511],[-114.11811,51.04885],[-114.11588,51.0477],[-114.1129,51.04786],[-114.10791,51.04899],[-114.09424,51.04878],[-114.09145,51.05056],[-114.08591,51.0514],[-114.08249,51.05275],[-114.07961,51.0544],[-114.07803,51.05333],[-114.07707,51.05314],[-114.07399,51.05381],[-114.06703,51.05409],[-114.06108,51.05168],[-114.05279,51.04963],[-114.04654,51.04699],[-114.04333,51.04596],[-114.04277,51.04555],[-114.04267,51.04483],[-114.04149,51.04443],[-114.04006,51.04481],[-114.03269,51.04305],[-114.03064,51.04247],[-114.02927,51.04133],[-114.02527,51.04092],[-114.02503,51.04203],[-114.01891,51.04375],[-114.01597,51.04326],[-114.01396,51.04245],[-114.01206,51.04038],[-114.01247,51.03937],[-114.0138,51.03806],[-114.01445,51.03659],[-114.01412,51.03512],[-114.01446,51.03477],[-114.01407,51.03438],[-114.01428,51.0341],[-114.01103,51.03259],[-114.01156,51.03205],[-114.01124,51.03043],[-114.01124,51.02734],[-114.01155,51.02309],[-114.0129,51.01989],[-114.0128,51.0166],[-114.01205,51.01511],[-114.01354,51.01343],[-114.01456,51.01357],[-114.01516,51.01417],[-114.012,51.0123],[-114.01117,51.01132],[-114.01089,51.01009],[-114.01128,51.00869],[-114.01147,51.00839],[-114.01232,51.00846],[-114.0113,51.00879],[-114.00858,51.00884],[-114.00986,51.0087],[-114.00972,51.00817],[-114.01137,51.0039],[-114.01134,51.00327],[-114.01101,51.00263],[-114.00957,51.00219],[-113.99889,51.00161],[-113.99749,51.0013],[-113.99255,50.99878],[-113.99113,50.99625],[-113.98823,50.99495],[-113.98728,50.99417],[-113.9864,50.99268],[-113.98633,50.99147],[-113.98892,50.9858],[-113.99073,50.98362],[-113.99327,50.9822],[-113.99287,50.9819],[-113.99331,50.98139],[-113.99278,50.97753],[-113.99151,50.97525],[-113.98523,50.968],[-113.98304,50.96652],[-113.9806,50.96581],[-113.96164,50.96426],[-113.95577,50.96268],[-113.95282,50.9634],[-113.95115,50.96543],[-113.9414,50.97033],[-113.93406,50.97201],[-113.93063,50.97211],[-113.92571,50.97401],[-113.92455,50.97407],[-113.91268,50.97226],[-113.90916,50.97314],[-113.89737,50.98392],[-113.88871,50.98753],[-113.86715,50.98847],[-113.86595,50.98894],[-113.8627,50.99203],[-113.85911,51.00029],[-113.85763,51.00227],[-113.85603,51.00346],[-113.84985,51.00607],[-113.84799,51.00781],[-113.84329,51.01584],[-113.84277,51.01742],[-113.84106,51.0186],[-113.83556,51.01914],[-113.8283,51.02033],[-113.82802,51.01979],[-113.82581,51.01911],[-113.82373,51.01762],[-113.8223,51.01708],[-113.81964,51.01713],[-113.81834,51.01769]]}},{"type":"Feature","properties":{"name":"Route 1 Canada - Dryden, ON to Ignace, ON (proposed) W-E Connected 105km"},"geometry":{"type":"LineString","coordinates":[[-92.81935,49.78613],[-92.80195,49.78556],[-92.71776,49.78561],[-92.7075,49.78544],[-92.70337,49.7849],[-92.70183,49.78427],[-92.70014,49.78309],[-92.6895,49.76983],[-92.6867,49.76788],[-92.67731,49.7634],[-92.67312,49.76175],[-92.6588,49.75982],[-92.65631,49.75913],[-92.65391,49.7579],[-92.64784,49.7535],[-92.61949,49.73943],[-92.61093,49.73173],[-92.6066,49.72416],[-92.60258,49.72029],[-92.60154,49.71961],[-92.5976,49.71821],[-92.59626,49.71736],[-92.58486,49.70694],[-92.57809,49.70372],[-92.56893,49.69838],[-92.56613,49.69754],[-92.56004,49.69672],[-92.5522,49.69409],[-92.53831,49.69253],[-92.53219,49.69266],[-92.52993,49.69219],[-92.52625,49.69079],[-92.52385,49.69036],[-92.51163,49.68981],[-92.50501,49.69116],[-92.50301,49.69129],[-92.50117,49.69112],[-92.49881,49.69041],[-92.4945,49.68803],[-92.49347,49.68698],[-92.49295,49.68591],[-92.49264,49.68309],[-92.49261,49.67195],[-92.49196,49.67],[-92.49124,49.66914],[-92.48255,49.66224],[-92.47464,49.65216],[-92.47008,49.64899],[-92.46782,49.64793],[-92.46506,49.64736],[-92.45919,49.64777],[-92.45571,49.64759],[-92.44423,49.64354],[-92.44283,49.64265],[-92.44196,49.64158],[-92.44043,49.63587],[-92.43982,49.62991],[-92.44017,49.62835],[-92.44279,49.62412],[-92.44445,49.61731],[-92.44437,49.6148],[-92.44273,49.61187],[-92.44039,49.61038],[-92.42961,49.60638],[-92.41342,49.59559],[-92.41048,49.59422],[-92.40755,49.59354],[-92.3984,49.59304],[-92.34295,49.58302],[-92.33408,49.58392],[-92.32655,49.58296],[-92.30723,49.58298],[-92.30142,49.58389],[-92.29096,49.58733],[-92.28798,49.58795],[-92.27532,49.58859],[-92.27033,49.58806],[-92.26593,49.58614],[-92.26408,49.58439],[-92.26306,49.58271],[-92.2607,49.57592],[-92.25952,49.57428],[-92.24528,49.56698],[-92.24079,49.56598],[-92.23285,49.56589],[-92.22797,49.56492],[-92.22488,49.56331],[-92.22144,49.56051],[-92.21936,49.55925],[-92.21645,49.55827],[-92.20949,49.55725],[-92.20435,49.55548],[-92.18782,49.54898],[-92.18242,49.54541],[-92.17659,49.5442],[-92.17074,49.54149],[-92.16419,49.54027],[-92.16211,49.53959],[-92.15624,49.53567],[-92.15249,49.53422],[-92.14711,49.5338],[-92.12904,49.53619],[-92.1253,49.53606],[-92.12309,49.53552],[-92.1064,49.52827],[-92.0915,49.52299],[-92.08928,49.52255],[-92.08409,49.52241],[-92.08126,49.5217],[-92.07583,49.51886],[-92.07002,49.51417],[-92.06436,49.51164],[-92.05453,49.5055],[-92.02831,49.49838],[-92.00609,49.48887],[-91.98385,49.48536],[-91.98082,49.48531],[-91.97513,49.48593],[-91.96105,49.48489],[-91.95731,49.48362],[-91.95007,49.47897],[-91.94135,49.47498],[-91.9377,49.47271],[-91.93562,49.47198],[-91.90959,49.46564],[-91.89819,49.46369],[-91.88977,49.4636],[-91.88281,49.46121],[-91.87406,49.45988],[-91.86045,49.45896],[-91.83727,49.45491],[-91.83288,49.45531],[-91.82552,49.45733],[-91.80706,49.45779],[-91.80452,49.45766],[-91.7825,49.45388],[-91.77635,49.45358],[-91.76663,49.4541],[-91.76412,49.45387],[-91.75899,49.4522],[-91.75672,49.45104],[-91.75374,49.44783],[-91.74379,49.43551],[-91.74187,49.43423],[-91.73831,49.43318],[-91.73499,49.43317],[-91.73194,49.4339],[-91.72417,49.43702],[-91.72128,49.43732],[-91.69874,49.43531],[-91.68976,49.43372],[-91.68633,49.43205],[-91.68439,49.43032],[-91.68157,49.42678],[-91.67818,49.42],[-91.67686,49.41882],[-91.67393,49.41785],[-91.65735,49.41641],[-91.65736,49.41005],[-91.65586,49.41009]]}},{"type":"Feature","properties":{"name":"Route 1 Canada - Elkhorn, MB to Virden, MB (proposed) W-E Connected 28.3km"},"geometry":{"type":"LineString","coordinates":[[-101.24038,49.98388],[-101.23725,49.98263],[-101.23477,49.98107],[-101.21569,49.9625],[-101.21327,49.9605],[-101.18907,49.94713],[-101.18633,49.9462],[-101.18348,49.94574],[-101.16801,49.94545],[-101.13252,49.93953],[-101.12655,49.93795],[-101.07935,49.91878],[-101.06336,49.91366],[-101.04499,49.90565],[-101.02328,49.8984],[-100.96657,49.87174],[-100.95876,49.86907],[-100.96165,49.86594],[-100.96283,49.86401],[-100.96325,49.86248],[-100.96325,49.85728],[-100.93872,49.85728],[-100.93763,49.85681],[-100.93337,49.85247]]}},{"type":"Feature","properties":{"name":"Route 1 Canada - Garden River, ON to Thessalon, ON (proposed) W-E Connected 74.6km"},"geometry":{"type":"LineString","coordinates":[[-84.22118,46.54497],[-84.20953,46.54978],[-84.20182,46.55167],[-84.19205,46.55266],[-84.18699,46.55261],[-84.18047,46.55191],[-84.17339,46.55031],[-84.164,46.5468],[-84.15958,46.54434],[-84.15278,46.53853],[-84.1511,46.53765],[-84.11824,46.52981],[-84.11147,46.5275],[-84.1091,46.52647],[-84.10685,46.52485],[-84.07308,46.48864],[-84.06958,46.48437],[-84.06811,46.48181],[-84.06784,46.48062],[-84.06778,46.44919],[-84.06973,46.4426],[-84.06978,46.44151],[-84.04667,46.44158],[-84.04671,46.41654],[-84.04496,46.41341],[-84.04227,46.41126],[-84.04318,46.41036],[-84.04676,46.40884],[-84.04679,46.40793],[-84.04618,46.40695],[-84.04627,46.40491],[-84.04684,46.40304],[-84.04683,46.39821],[-84.04459,46.39803],[-84.04381,46.39228],[-84.045,46.38373],[-84.04686,46.38373],[-84.04699,46.35253],[-83.96465,46.35191],[-83.96252,46.35222],[-83.96082,46.3519],[-83.95601,46.35185],[-83.9521,46.35253],[-83.94997,46.35392],[-83.94883,46.35421],[-83.94581,46.35378],[-83.94129,46.35419],[-83.9388,46.35355],[-83.93657,46.35405],[-83.93338,46.35422],[-83.93115,46.35394],[-83.92908,46.35328],[-83.92632,46.3518],[-83.92387,46.35171],[-83.92261,46.34445],[-83.92075,46.34435],[-83.91139,46.34246],[-83.89738,46.34265],[-83.88743,46.3419],[-83.88571,46.34162],[-83.88128,46.33981],[-83.87703,46.33755],[-83.87388,46.33454],[-83.87287,46.33282],[-83.86831,46.32123],[-83.86701,46.3194],[-83.86485,46.31771],[-83.86099,46.31627],[-83.83513,46.31193],[-83.83339,46.31115],[-83.83082,46.30871],[-83.82848,46.3078],[-83.81175,46.30776],[-83.80957,46.30751],[-83.80741,46.30655],[-83.80402,46.30298],[-83.79498,46.30029],[-83.79033,46.30031],[-83.7815,46.3017],[-83.75883,46.30115],[-83.75451,46.29994],[-83.74056,46.29293],[-83.73662,46.29149],[-83.73449,46.29121],[-83.71428,46.29112],[-83.7005,46.28735],[-83.69753,46.28689],[-83.67252,46.28796],[-83.66757,46.28734],[-83.61713,46.28853],[-83.60565,46.2878],[-83.60125,46.28657],[-83.59932,46.28537],[-83.59313,46.28035],[-83.58244,46.27559],[-83.57996,46.27363],[-83.57548,46.26846],[-83.57282,46.26668],[-83.57022,46.26574],[-83.56809,46.26535],[-83.55768,46.26525]]}},{"type":"Feature","properties":{"name":"Route 1 Canada - Goulais River, ON to Garden River, ON (proposed) W-E Connected 50.2km"},"geometry":{"type":"LineString","coordinates":[[-84.37305,46.85492],[-84.36753,46.8505],[-84.36692,46.84896],[-84.36706,46.84798],[-84.36783,46.84673],[-84.3838,46.83703],[-84.39208,46.8315],[-84.39924,46.82547],[-84.39983,46.82462],[-84.4,46.82319],[-84.39839,46.81794],[-84.4,46.8119],[-84.39853,46.80164],[-84.398,46.8003],[-84.3965,46.79844],[-84.39146,46.79396],[-84.38924,46.78997],[-84.38589,46.78626],[-84.36495,46.77546],[-84.36258,46.77325],[-84.36181,46.77183],[-84.35918,46.76273],[-84.35944,46.761],[-84.36207,46.75497],[-84.36208,46.75285],[-84.36123,46.75119],[-84.35107,46.73743],[-84.34524,46.71758],[-84.34326,46.68005],[-84.34289,46.67848],[-84.34214,46.67712],[-84.34042,46.6753],[-84.33135,46.67044],[-84.32975,46.66925],[-84.32868,46.66765],[-84.32662,46.66234],[-84.32558,46.66083],[-84.30575,46.64067],[-84.30463,46.6378],[-84.30477,46.63538],[-84.30573,46.63324],[-84.30929,46.62728],[-84.30986,46.62529],[-84.30974,46.62352],[-84.30887,46.6215],[-84.30632,46.61832],[-84.30272,46.6141],[-84.29609,46.608],[-84.29494,46.60585],[-84.29413,46.5996],[-84.2946,46.59807],[-84.29584,46.59654],[-84.29734,46.59553],[-84.30937,46.59028],[-84.31077,46.58918],[-84.31347,46.58607],[-84.3217,46.5822],[-84.32261,46.58143],[-84.32322,46.5804],[-84.3232,46.57884],[-84.32119,46.57398],[-84.31957,46.55299],[-84.31896,46.53846],[-84.30764,46.53871],[-84.30758,46.53422],[-84.30162,46.5342],[-84.2997,46.53331],[-84.29893,46.53417],[-84.29744,46.53421],[-84.29606,46.53357],[-84.29372,46.53178],[-84.29232,46.53013],[-84.29162,46.5287],[-84.28919,46.52591],[-84.28834,46.52347],[-84.28781,46.52327],[-84.28775,46.5218],[-84.28337,46.52175],[-84.27894,46.52221],[-84.27774,46.52178],[-84.27671,46.52052],[-84.22118,46.54497]]}},{"type":"Feature","properties":{"name":"Route 1 Canada - Grenfell, SK to Whitewood, SK (proposed) W-E Connected 50.3km"},"geometry":{"type":"LineString","coordinates":[[-102.94624,50.40813],[-102.93652,50.4047],[-102.93037,50.40365],[-102.87229,50.40379],[-102.85938,50.40353],[-102.68496,50.38149],[-102.63312,50.3802],[-102.62149,50.3781],[-102.61776,50.37793],[-102.61133,50.37896],[-102.59656,50.38418],[-102.59068,50.38479],[-102.58703,50.38432],[-102.57104,50.37998],[-102.56608,50.37903],[-102.47452,50.37176],[-102.44812,50.36825],[-102.41883,50.36785],[-102.41342,50.36674],[-102.40046,50.36228],[-102.39601,50.36123],[-102.3407,50.35371],[-102.28792,50.33831],[-102.28469,50.33799],[-102.27211,50.33792],[-102.25829,50.3369]]}},{"type":"Feature","properties":{"name":"Route 1 Canada - Gull Lake, SK to Swift Current, SK (proposed) W-E Connected 53.8km"},"geometry":{"type":"LineString","coordinates":[[-108.48386,50.10149],[-108.47993,50.10344],[-108.46742,50.11378],[-108.46085,50.118],[-108.43094,50.13255],[-108.42725,50.13398],[-108.41652,50.137],[-108.41186,50.13819],[-108.40806,50.13873],[-108.34558,50.1441],[-108.28869,50.1558],[-108.28314,50.15722],[-108.25571,50.16896],[-108.2157,50.19186],[-108.20943,50.19472],[-108.1628,50.21255],[-108.00599,50.26],[-107.9566,50.28462],[-107.95121,50.28661],[-107.93887,50.28991],[-107.93302,50.29101],[-107.90163,50.29169],[-107.89424,50.29098],[-107.87808,50.28708],[-107.87304,50.28646],[-107.8237,50.28702],[-107.8185,50.28686],[-107.81615,50.28732]]}},{"type":"Feature","properties":{"name":"Route 1 Canada - Ignace, ON to Upsala, ON (proposed) W-E Connected 105km"},"geometry":{"type":"LineString","coordinates":[[-91.65586,49.41009],[-91.64699,49.41004],[-91.6451,49.41144],[-91.6385,49.40706],[-91.63624,49.40596],[-91.61672,49.40096],[-91.60405,49.39335],[-91.60089,49.38986],[-91.59942,49.38867],[-91.57303,49.37286],[-91.56997,49.37177],[-91.56174,49.37015],[-91.56017,49.36953],[-91.54081,49.36021],[-91.53451,49.35827],[-91.52002,49.35119],[-91.49478,49.3454],[-91.48147,49.34405],[-91.47974,49.34346],[-91.47514,49.34025],[-91.47244,49.33902],[-91.44464,49.33106],[-91.40473,49.32428],[-91.40153,49.3229],[-91.39896,49.32051],[-91.39695,49.31946],[-91.35967,49.3077],[-91.32761,49.30431],[-91.30822,49.29567],[-91.30011,49.28964],[-91.29566,49.28688],[-91.27583,49.27952],[-91.27327,49.27747],[-91.26943,49.27188],[-91.26709,49.27005],[-91.2644,49.26893],[-91.25422,49.26631],[-91.21965,49.26231],[-91.21098,49.25985],[-91.18828,49.25797],[-91.17647,49.25924],[-91.1538,49.26397],[-91.14991,49.26391],[-91.14714,49.26332],[-91.12365,49.25537],[-91.11078,49.25276],[-91.10701,49.25165],[-91.08694,49.24221],[-91.08451,49.24142],[-91.08099,49.24111],[-91.07711,49.24178],[-91.06618,49.2483],[-91.06271,49.2494],[-91.06009,49.24944],[-91.03512,49.24614],[-90.96888,49.23315],[-90.96692,49.23213],[-90.96593,49.23098],[-90.96521,49.22744],[-90.96394,49.22533],[-90.95981,49.22295],[-90.95691,49.22225],[-90.9534,49.22238],[-90.91506,49.22776],[-90.90565,49.22775],[-90.90335,49.22749],[-90.90056,49.2267],[-90.89273,49.22244],[-90.89046,49.22083],[-90.88814,49.21852],[-90.88431,49.214],[-90.88114,49.20926],[-90.87912,49.20609],[-90.87572,49.19935],[-90.87137,49.19424],[-90.86132,49.18717],[-90.85209,49.18379],[-90.84271,49.17725],[-90.84183,49.17605],[-90.84159,49.1751],[-90.84245,49.16219],[-90.84181,49.16037],[-90.84047,49.15901],[-90.83777,49.15771],[-90.81705,49.15067],[-90.7452,49.13345],[-90.73397,49.12952],[-90.72917,49.12719],[-90.71546,49.11813],[-90.71345,49.11656],[-90.71139,49.11432],[-90.70992,49.11188],[-90.70922,49.10988],[-90.70789,49.10061],[-90.70651,49.09754],[-90.70466,49.09518],[-90.70016,49.09053],[-90.69446,49.08639],[-90.68871,49.08135],[-90.68669,49.07812],[-90.68135,49.06568],[-90.67985,49.06344],[-90.67826,49.06216],[-90.67632,49.06115],[-90.66339,49.05621],[-90.65539,49.05115],[-90.64933,49.04798],[-90.64649,49.04755],[-90.62942,49.04728],[-90.62221,49.04624],[-90.61842,49.04609],[-90.60611,49.04876],[-90.58055,49.05163],[-90.57295,49.0508],[-90.47564,49.05093],[-90.47275,49.0505],[-90.4703,49.04906],[-90.46936,49.04738],[-90.46932,49.0442]]}},{"type":"Feature","properties":{"name":"Route 1 Canada - Indian Head, SK to Grenfell, SK (proposed) W-E Connected 53.8km"},"geometry":{"type":"LineString","coordinates":[[-103.65577,50.52548],[-103.64828,50.52563],[-103.64138,50.52531],[-103.57306,50.51804],[-103.56736,50.5169],[-103.50293,50.49281],[-103.46326,50.48061],[-103.45472,50.47723],[-103.44857,50.4753],[-103.44108,50.47306],[-103.43241,50.4711],[-103.29336,50.42806],[-103.28908,50.42563],[-103.27921,50.41457],[-103.2752,50.41245],[-103.27222,50.41179],[-102.96102,50.41171],[-102.95738,50.41145],[-102.95405,50.41082],[-102.94624,50.40813]]}},{"type":"Feature","properties":{"name":"Route 1 Canada - Kenora, ON to Vermillion Bay, ON (proposed) W-E Connected 85.0km"},"geometry":{"type":"LineString","coordinates":[[-94.4709,49.75988],[-94.46337,49.75962],[-94.45882,49.76015],[-94.45724,49.75981],[-94.45528,49.7586],[-94.45025,49.75262],[-94.44896,49.75161],[-94.43982,49.74809],[-94.43627,49.74723],[-94.43304,49.74708],[-94.43041,49.74739],[-94.42799,49.74804],[-94.42307,49.75005],[-94.41674,49.75117],[-94.41411,49.75134],[-94.3864,49.74711],[-94.37446,49.74651],[-94.36893,49.74438],[-94.36699,49.74396],[-94.36441,49.74391],[-94.35855,49.74473],[-94.35468,49.74437],[-94.34599,49.74132],[-94.3432,49.73949],[-94.34236,49.73817],[-94.34208,49.73675],[-94.34349,49.73141],[-94.34304,49.7301],[-94.34202,49.72895],[-94.3396,49.7277],[-94.33143,49.72589],[-94.32781,49.72588],[-94.30829,49.72881],[-94.3059,49.72999],[-94.30326,49.73281],[-94.30095,49.73309],[-94.28285,49.73233],[-94.27587,49.73047],[-94.25934,49.72901],[-94.25279,49.72664],[-94.24987,49.72636],[-94.24546,49.72729],[-94.23212,49.73175],[-94.22981,49.73297],[-94.22903,49.73388],[-94.22379,49.74339],[-94.22166,49.74947],[-94.22003,49.75117],[-94.21812,49.75213],[-94.20364,49.75447],[-94.19684,49.75389],[-94.19401,49.75414],[-94.18417,49.75682],[-94.17592,49.76189],[-94.17251,49.76271],[-94.16968,49.76238],[-94.16437,49.76115],[-94.16199,49.76096],[-94.15957,49.76133],[-94.1545,49.76298],[-94.15094,49.76301],[-94.14875,49.76241],[-94.14702,49.76143],[-94.14412,49.75785],[-94.14243,49.75663],[-94.13867,49.75572],[-94.13515,49.75615],[-94.12629,49.76053],[-94.12314,49.76566],[-94.12227,49.76646],[-94.12043,49.76734],[-94.11818,49.76772],[-94.11325,49.76733],[-94.11088,49.76745],[-94.10428,49.77021],[-94.09209,49.77044],[-94.08641,49.77252],[-94.08429,49.77391],[-94.08201,49.77697],[-94.08002,49.77862],[-94.06632,49.78416],[-94.05924,49.78946],[-94.04604,49.79302],[-94.04362,49.79398],[-94.0422,49.79504],[-94.03629,49.80106],[-94.03129,49.80473],[-94.02828,49.80562],[-94.01759,49.80673],[-94.01467,49.80754],[-94.01274,49.80843],[-93.99941,49.81671],[-93.9946,49.82096],[-93.98567,49.82613],[-93.98189,49.82701],[-93.96605,49.82755],[-93.96237,49.82808],[-93.95971,49.829],[-93.94558,49.83557],[-93.9431,49.83603],[-93.93731,49.83611],[-93.92782,49.83844],[-93.92567,49.83961],[-93.92118,49.84332],[-93.91956,49.84411],[-93.91704,49.84466],[-93.90326,49.84405],[-93.89962,49.84354],[-93.892,49.84179],[-93.88709,49.84171],[-93.88504,49.8421],[-93.87561,49.84528],[-93.87253,49.84556],[-93.86633,49.84499],[-93.86384,49.84518],[-93.85341,49.84902],[-93.85122,49.84949],[-93.84902,49.84951],[-93.84648,49.84897],[-93.84429,49.84777],[-93.84065,49.84283],[-93.83952,49.8418],[-93.83761,49.84074],[-93.83421,49.83994],[-93.83106,49.84],[-93.8263,49.84117],[-93.82381,49.84138],[-93.82146,49.84113],[-93.81123,49.83883],[-93.79575,49.83837],[-93.78247,49.83881],[-93.76631,49.83579],[-93.75274,49.83392],[-93.74727,49.83443],[-93.73174,49.83444],[-93.7207,49.83582],[-93.71085,49.83374],[-93.70787,49.83356],[-93.69727,49.83497],[-93.68948,49.83513],[-93.68248,49.83654],[-93.66975,49.83826],[-93.6638,49.83736],[-93.6578,49.8349],[-93.6429,49.83058],[-93.63111,49.82864],[-93.59581,49.82895],[-93.59294,49.82959],[-93.58766,49.83227],[-93.57967,49.83421],[-93.57147,49.83514],[-93.56885,49.83515],[-93.56387,49.83434],[-93.5617,49.83365],[-93.55103,49.8274],[-93.54896,49.82673],[-93.54475,49.82602],[-93.54162,49.82501],[-93.53207,49.81894],[-93.52724,49.81544],[-93.52541,49.81472],[-93.52258,49.81431],[-93.51888,49.81474],[-93.50805,49.81788],[-93.50602,49.81908],[-93.50403,49.82252],[-93.50184,49.82416],[-93.48458,49.82779],[-93.48022,49.8298],[-93.47296,49.8342],[-93.46006,49.83898]]}},{"type":"Feature","properties":{"name":"Route 1 Canada - Lake Superior PP (Wawa), ON to Goulais River, ON (proposed) W-E Connected 93.5km"},"geometry":{"type":"LineString","coordinates":[[-84.61566,47.33538],[-84.61073,47.3276],[-84.60806,47.32126],[-84.60681,47.31977],[-84.60476,47.31857],[-84.59505,47.31477],[-84.58767,47.31298],[-84.57399,47.30281],[-84.57174,47.30067],[-84.57086,47.29892],[-84.56832,47.29163],[-84.56744,47.2905],[-84.56324,47.28711],[-84.56216,47.28554],[-84.56188,47.28458],[-84.56112,47.27077],[-84.56155,47.26906],[-84.56417,47.26293],[-84.56527,47.26162],[-84.56665,47.2607],[-84.57221,47.25917],[-84.57349,47.25861],[-84.57636,47.25644],[-84.5778,47.25462],[-84.58273,47.24552],[-84.584,47.24449],[-84.5897,47.24118],[-84.59263,47.23679],[-84.59404,47.2357],[-84.59661,47.23514],[-84.59796,47.23527],[-84.60671,47.23717],[-84.61267,47.23956],[-84.61469,47.23998],[-84.61774,47.23958],[-84.622,47.23741],[-84.62471,47.2373],[-84.6267,47.23795],[-84.63623,47.24369],[-84.63899,47.2442],[-84.64073,47.24379],[-84.64175,47.24321],[-84.6426,47.2421],[-84.6435,47.23966],[-84.6449,47.23842],[-84.64856,47.23609],[-84.65072,47.23386],[-84.65151,47.23262],[-84.65176,47.23155],[-84.65057,47.22189],[-84.65173,47.21052],[-84.65169,47.20884],[-84.65047,47.20241],[-84.65081,47.20104],[-84.65177,47.19963],[-84.65365,47.19836],[-84.668,47.19154],[-84.67161,47.18904],[-84.69129,47.16429],[-84.69312,47.16283],[-84.69716,47.16056],[-84.69978,47.15769],[-84.70808,47.15179],[-84.70931,47.15013],[-84.70963,47.14869],[-84.70964,47.14076],[-84.70954,47.13833],[-84.70912,47.13727],[-84.70829,47.1363],[-84.69431,47.12638],[-84.69311,47.1251],[-84.69278,47.12421],[-84.69318,47.1221],[-84.69454,47.12089],[-84.70447,47.11544],[-84.70658,47.11375],[-84.70998,47.10857],[-84.71056,47.10182],[-84.71155,47.09971],[-84.71567,47.09572],[-84.72044,47.08913],[-84.72151,47.08811],[-84.72575,47.08559],[-84.72975,47.08223],[-84.7397,47.06962],[-84.74191,47.06819],[-84.75075,47.06513],[-84.75802,47.06083],[-84.75991,47.0592],[-84.76249,47.05598],[-84.76365,47.055],[-84.77776,47.04529],[-84.78147,47.04009],[-84.78212,47.03861],[-84.78237,47.03685],[-84.78211,47.03557],[-84.77883,47.0291],[-84.77782,47.02794],[-84.76842,47.0211],[-84.76758,47.01977],[-84.76739,47.0177],[-84.76804,47.01627],[-84.76926,47.01501],[-84.77562,47.01072],[-84.78005,47.00842],[-84.78614,47.00231],[-84.78671,47.00117],[-84.78762,46.99475],[-84.78761,46.993],[-84.78716,46.99148],[-84.78459,46.98694],[-84.78336,46.9857],[-84.77591,46.97966],[-84.77294,46.97763],[-84.74996,46.96751],[-84.74696,46.96654],[-84.74445,46.96644],[-84.6972,46.97028],[-84.68728,46.97022],[-84.68428,46.96964],[-84.65343,46.96026],[-84.64222,46.95832],[-84.63802,46.95721],[-84.61151,46.94577],[-84.60812,46.94466],[-84.58967,46.94489],[-84.57564,46.94591],[-84.56026,46.94584],[-84.55734,46.94557],[-84.54884,46.94384],[-84.54195,46.94149],[-84.53821,46.9393],[-84.53254,46.93431],[-84.53128,46.93357],[-84.52913,46.93303],[-84.51916,46.93172],[-84.51603,46.93188],[-84.50039,46.93493],[-84.48667,46.93937],[-84.4819,46.94009],[-84.47713,46.9402],[-84.47226,46.93938],[-84.46448,46.93662],[-84.45418,46.93467],[-84.44949,46.9343],[-84.43249,46.93048],[-84.42204,46.92648],[-84.41636,46.92164],[-84.40969,46.91859],[-84.40532,46.91589],[-84.3978,46.91342],[-84.39324,46.9107],[-84.38574,46.90737],[-84.38397,46.90593],[-84.37818,46.89909],[-84.36871,46.8955],[-84.36409,46.89288],[-84.36265,46.89168],[-84.35924,46.88521],[-84.35834,46.87929],[-84.35746,46.87818],[-84.3549,46.87629],[-84.35412,46.8751],[-84.35311,46.87168],[-84.35323,46.87022],[-84.3541,46.86856],[-84.35566,46.86724],[-84.37209,46.85928],[-84.3735,46.85741],[-84.3736,46.85632],[-84.37305,46.85492]]}},{"type":"Feature","properties":{"name":"Route 1 Canada - Maple Creek, SK to Gull Lake, SK (proposed) W-E Connected 77.9km"},"geometry":{"type":"LineString","coordinates":[[-109.5316,49.97653],[-109.49752,49.98226],[-109.48113,49.98229],[-109.4578,49.98183],[-109.34521,49.98201],[-109.3268,49.98475],[-109.21105,50.00382],[-109.20485,50.00411],[-109.1278,50.00419],[-109.12265,50.00461],[-109.07619,50.01589],[-109.04666,50.02721],[-109.02693,50.03058],[-108.96759,50.04706],[-108.96412,50.04748],[-108.91999,50.04751],[-108.91642,50.04809],[-108.88269,50.05721],[-108.8663,50.06655],[-108.86279,50.06823],[-108.85986,50.06901],[-108.85625,50.06919],[-108.8162,50.06713],[-108.78735,50.06991],[-108.5853,50.06997],[-108.58111,50.07056],[-108.57703,50.07167],[-108.55861,50.07802],[-108.54372,50.08476],[-108.50381,50.09513],[-108.48386,50.10149]]}},{"type":"Feature","properties":{"name":"Route 1 Canada - Marathon, ON to White River, ON (proposed) W-E Connected 90.6km"},"geometry":{"type":"LineString","coordinates":[[-86.33872,48.748],[-86.3361,48.74574],[-86.33491,48.74388],[-86.33198,48.73604],[-86.32777,48.72748],[-86.32392,48.71452],[-86.32245,48.71286],[-86.32072,48.71187],[-86.30335,48.7076],[-86.29372,48.7082],[-86.28614,48.70728],[-86.26476,48.70689],[-86.25714,48.70575],[-86.23358,48.69618],[-86.22547,48.69126],[-86.22273,48.69014],[-86.18847,48.68277],[-86.18092,48.68197],[-86.13926,48.68166],[-86.10779,48.68625],[-86.0972,48.6846],[-86.09411,48.6845],[-86.0487,48.68938],[-86.04575,48.68995],[-86.03599,48.69307],[-86.03117,48.69362],[-86.02629,48.69306],[-86.02027,48.6909],[-86.01737,48.69042],[-86.00775,48.69114],[-86.00226,48.69203],[-85.98286,48.68952],[-85.97508,48.69059],[-85.96832,48.6906],[-85.96296,48.6912],[-85.95166,48.69114],[-85.94629,48.69154],[-85.93944,48.69108],[-85.92966,48.69207],[-85.92226,48.69215],[-85.91631,48.69145],[-85.89638,48.69113],[-85.89177,48.692],[-85.86565,48.70209],[-85.85098,48.70505],[-85.84068,48.70907],[-85.78963,48.71708],[-85.78501,48.71703],[-85.76659,48.71453],[-85.75345,48.71396],[-85.72924,48.71222],[-85.72637,48.71243],[-85.72356,48.71314],[-85.71188,48.71844],[-85.70945,48.71902],[-85.69357,48.72022],[-85.69075,48.71979],[-85.68309,48.71682],[-85.67967,48.71632],[-85.67727,48.71634],[-85.66946,48.71729],[-85.65775,48.72304],[-85.65367,48.72425],[-85.64966,48.72459],[-85.63037,48.72425],[-85.62914,48.72396],[-85.627,48.72278],[-85.62354,48.71963],[-85.62108,48.71562],[-85.61855,48.7142],[-85.61171,48.71368],[-85.60228,48.7103],[-85.59984,48.70997],[-85.59746,48.71031],[-85.58508,48.71459],[-85.58218,48.71496],[-85.57852,48.71466],[-85.5728,48.71265],[-85.56406,48.71157],[-85.55984,48.71027],[-85.5579,48.70927],[-85.55085,48.704],[-85.54746,48.70247],[-85.50791,48.69245],[-85.498,48.68854],[-85.49074,48.68459],[-85.45834,48.66199],[-85.45644,48.66013],[-85.45495,48.65701],[-85.45339,48.65562],[-85.44506,48.65245],[-85.4435,48.6516],[-85.4417,48.64941],[-85.44119,48.64601],[-85.44054,48.64448],[-85.43824,48.64252],[-85.43586,48.64172],[-85.42887,48.64031],[-85.42135,48.6392],[-85.41831,48.63828],[-85.40948,48.63449],[-85.40775,48.63411],[-85.40179,48.63375],[-85.39273,48.63087],[-85.39025,48.63039],[-85.38816,48.63043],[-85.38162,48.6314],[-85.36977,48.6308],[-85.35284,48.6317],[-85.35009,48.63136],[-85.34839,48.63037],[-85.34607,48.62811],[-85.3294,48.61588],[-85.3282,48.61434],[-85.31956,48.59866],[-85.31788,48.59703],[-85.31691,48.5965],[-85.31516,48.59585],[-85.31274,48.59545],[-85.29318,48.59734],[-85.28839,48.59727],[-85.28469,48.5965],[-85.27335,48.59264]]}},{"type":"Feature","properties":{"name":"Route 1 Canada - Mattawa, ON to Stonecliffe, ON (proposed) W-E Connected 72.4km"},"geometry":{"type":"LineString","coordinates":[[-78.70263,46.31654],[-78.70204,46.31726],[-78.70082,46.31722],[-78.67065,46.31178],[-78.63637,46.30674],[-78.57289,46.30437],[-78.49169,46.27928],[-78.4874,46.27804],[-78.47913,46.27661],[-78.4644,46.27573],[-78.42528,46.28117],[-78.39804,46.28383],[-78.39603,46.28368],[-78.3912,46.28245],[-78.38537,46.28194],[-78.38293,46.28114],[-78.34506,46.26137],[-78.336,46.25711],[-78.33376,46.25633],[-78.32617,46.25475],[-78.31402,46.24866],[-78.3099,46.2471],[-78.30752,46.24664],[-78.30463,46.24678],[-78.29306,46.24838],[-78.28462,46.2529],[-78.2822,46.2537],[-78.24802,46.25852],[-78.24286,46.25878],[-78.20615,46.25714],[-78.203,46.25667],[-78.19884,46.25552],[-78.18326,46.24885],[-78.16108,46.2409],[-78.15787,46.24019],[-78.15433,46.24016],[-78.14081,46.24135],[-78.12856,46.24303],[-78.11843,46.24281],[-78.1018,46.24417],[-78.09713,46.24362],[-78.09318,46.24225],[-78.07843,46.23405],[-78.07643,46.23233],[-78.07229,46.22752],[-78.06747,46.22355],[-78.06584,46.22268],[-78.05489,46.22025],[-78.02713,46.21252],[-78.01538,46.211],[-78.00446,46.20867],[-77.98607,46.20735],[-77.9665,46.20648],[-77.95887,46.20715],[-77.90573,46.21375],[-77.89606,46.21305],[-77.89304,46.21215],[-77.88856,46.21005],[-77.88555,46.20787],[-77.88457,46.20658],[-77.87821,46.19197],[-77.87604,46.18994],[-77.87271,46.1886],[-77.8528,46.18343],[-77.84247,46.17932]]}},{"type":"Feature","properties":{"name":"Route 1 Canada - Medicine Hat, AB to Maple Creek, SK (proposed) W-E Connected 89.8km"},"geometry":{"type":"LineString","coordinates":[[-110.70776,50.03279],[-110.70563,50.03072],[-110.70526,50.02955],[-110.70452,50.0295],[-110.7037,50.02836],[-110.70113,50.02668],[-110.68968,50.01609],[-110.68729,50.01438],[-110.68292,50.01226],[-110.67468,50.00946],[-110.66832,50.006],[-110.66575,50.00495],[-110.65426,50.00274],[-110.6426,49.99917],[-110.6394,49.99785],[-110.61481,49.98031],[-110.61521,49.98007],[-110.60926,49.97568],[-110.60187,49.96881],[-110.59986,49.96761],[-110.59743,49.96674],[-110.59437,49.96651],[-110.59126,49.96684],[-110.57359,49.97118],[-110.5736,49.97151],[-110.56391,49.97388],[-110.55997,49.97453],[-110.51822,49.97471],[-110.44588,49.98246],[-110.42075,49.98271],[-110.41705,49.98215],[-110.38737,49.97512],[-110.34452,49.95684],[-110.33973,49.95557],[-110.33565,49.95546],[-110.30155,49.95746],[-110.29631,49.9573],[-110.22932,49.94997],[-110.16282,49.93732],[-110.15931,49.93738],[-110.12228,49.94046],[-110.05548,49.93907],[-110.05194,49.93975],[-110.01429,49.95095],[-110.01053,49.95234],[-109.99569,49.95917],[-109.98995,49.96036],[-109.94128,49.96039],[-109.8959,49.95897],[-109.8925,49.95931],[-109.86925,49.96337],[-109.85855,49.96437],[-109.82792,49.96126],[-109.82221,49.96093],[-109.71563,49.96092],[-109.71182,49.96116],[-109.70831,49.96191],[-109.67094,49.97387],[-109.66759,49.9748],[-109.66496,49.9751],[-109.54374,49.97496],[-109.53982,49.97516],[-109.5316,49.97653]]}},{"type":"Feature","properties":{"name":"Route 1 Canada - Moose Jaw, SK to Regina, SK (proposed) W-E Connected 70.8km"},"geometry":{"type":"LineString","coordinates":[[-105.50645,50.41245],[-105.49399,50.39976],[-105.49095,50.39766],[-105.48357,50.39596],[-105.46722,50.393],[-105.46417,50.39269],[-105.46072,50.39294],[-105.44412,50.3962],[-105.43914,50.39659],[-105.18973,50.3966],[-105.18681,50.39627],[-105.18349,50.39544],[-105.17504,50.39185],[-105.17001,50.39119],[-105.15224,50.39298],[-105.14036,50.39606],[-105.13567,50.3966],[-104.66383,50.39659],[-104.66383,50.39627],[-104.65152,50.39627],[-104.64596,50.39387],[-104.64385,50.39378],[-104.64374,50.40538],[-104.62915,50.40535],[-104.62115,50.40452],[-104.62102,50.41871],[-104.62002,50.41871],[-104.62104,50.42053],[-104.62131,50.42186],[-104.62103,50.42344],[-104.62104,50.42836],[-104.61671,50.42829],[-104.61672,50.42883],[-104.61731,50.42946],[-104.61729,50.43331],[-104.61209,50.43331],[-104.61351,50.43397],[-104.61427,50.4347],[-104.61673,50.43509],[-104.61753,50.43577],[-104.61772,50.43755],[-104.61809,50.4374],[-104.61809,50.43886],[-104.61741,50.4389],[-104.61529,50.44019],[-104.61522,50.44069]]}},{"type":"Feature","properties":{"name":"Route 1 Canada - Nipigon, ON to Terrace Bay, ON (proposed) W-E Connected 104km"},"geometry":{"type":"LineString","coordinates":[[-88.25553,49.01895],[-88.24494,49.02033],[-88.23972,49.0202],[-88.22072,49.01775],[-88.20132,49.0133],[-88.19844,49.01299],[-88.18308,49.01489],[-88.18099,49.01487],[-88.17285,49.01315],[-88.14757,49.00549],[-88.13898,49.00558],[-88.13628,49.0052],[-88.13445,49.00452],[-88.13133,49.00271],[-88.12954,49.00221],[-88.12754,49.00212],[-88.12557,49.00248],[-88.11727,49.00644],[-88.11537,49.00706],[-88.11021,49.00727],[-88.10579,49.00655],[-88.09309,49.00192],[-88.08972,49.00153],[-88.0875,49.00181],[-88.08201,49.00329],[-88.08034,49.00405],[-88.07897,49.00515],[-88.07657,49.0098],[-88.07506,49.01967],[-88.07377,49.02144],[-88.07157,49.02279],[-88.06952,49.02337],[-88.06731,49.02356],[-88.05265,49.02194],[-88.03704,49.02201],[-88.03517,49.02179],[-88.03237,49.02045],[-88.02841,49.01639],[-88.01786,49.01122],[-88.01645,49.01031],[-88.01548,49.00896],[-88.01538,49.00749],[-88.01595,49.00624],[-88.02191,49.00106],[-88.02327,48.99819],[-88.02267,48.99067],[-88.022,48.98924],[-88.0207,48.98798],[-88.00851,48.9802],[-87.99592,48.97527],[-87.99398,48.97373],[-87.99102,48.9703],[-87.98969,48.96936],[-87.98732,48.96856],[-87.98281,48.96806],[-87.98006,48.96703],[-87.97847,48.96576],[-87.97401,48.96095],[-87.97261,48.95999],[-87.97033,48.95921],[-87.96556,48.95832],[-87.96295,48.95728],[-87.95066,48.95013],[-87.94431,48.94682],[-87.943,48.94573],[-87.94099,48.94318],[-87.93776,48.94084],[-87.93049,48.93779],[-87.91862,48.93574],[-87.91463,48.93574],[-87.89115,48.94225],[-87.88684,48.94236],[-87.88448,48.94169],[-87.87093,48.93601],[-87.86072,48.93219],[-87.85789,48.93158],[-87.85106,48.93095],[-87.84828,48.93024],[-87.84604,48.92886],[-87.83836,48.92199],[-87.8357,48.9208],[-87.83306,48.92038],[-87.82604,48.92005],[-87.82184,48.92039],[-87.79727,48.92743],[-87.78946,48.92829],[-87.78726,48.92811],[-87.78159,48.92659],[-87.77251,48.92155],[-87.77023,48.92058],[-87.76145,48.91901],[-87.75375,48.91846],[-87.75155,48.91803],[-87.73429,48.91096],[-87.71722,48.90755],[-87.70634,48.90375],[-87.70355,48.90319],[-87.70036,48.9031],[-87.6919,48.90407],[-87.68948,48.90406],[-87.68631,48.90351],[-87.67919,48.90121],[-87.67514,48.90103],[-87.67269,48.90162],[-87.67115,48.90243],[-87.66564,48.90702],[-87.66361,48.90811],[-87.66049,48.90876],[-87.65755,48.90855],[-87.65546,48.90795],[-87.6537,48.90689],[-87.65067,48.90315],[-87.6492,48.90236],[-87.64372,48.90158],[-87.63449,48.89905],[-87.63234,48.89786],[-87.62985,48.89453],[-87.62777,48.89308],[-87.60569,48.88669],[-87.60134,48.88433],[-87.59717,48.88107],[-87.59475,48.87999],[-87.59046,48.87958],[-87.58158,48.88108],[-87.55332,48.88258],[-87.54964,48.88221],[-87.54205,48.88053],[-87.54009,48.87983],[-87.5383,48.87849],[-87.5377,48.87752],[-87.53749,48.87647],[-87.53793,48.87388],[-87.53771,48.87291],[-87.5369,48.87171],[-87.52859,48.86629],[-87.52531,48.86252],[-87.52081,48.85954],[-87.51991,48.85842],[-87.51975,48.85722],[-87.52042,48.85499],[-87.5208,48.85396],[-87.52274,48.85113],[-87.52321,48.8483],[-87.52285,48.8464],[-87.52075,48.84228],[-87.51965,48.84105],[-87.51693,48.83933],[-87.50855,48.83667],[-87.50439,48.83653],[-87.48841,48.83861],[-87.48317,48.84006],[-87.47494,48.84083],[-87.43393,48.83921],[-87.43189,48.83939],[-87.4274,48.84052],[-87.41936,48.84053],[-87.41689,48.8401],[-87.41335,48.83858],[-87.41115,48.8382],[-87.40907,48.8385],[-87.40554,48.84009],[-87.40075,48.84061],[-87.39832,48.83997],[-87.3963,48.8384],[-87.39196,48.83032],[-87.39024,48.82859],[-87.38769,48.82772],[-87.37836,48.82705],[-87.3698,48.82357],[-87.36727,48.82339],[-87.35956,48.82401],[-87.35066,48.82763],[-87.34675,48.82805],[-87.33887,48.82627],[-87.32863,48.82515],[-87.31336,48.8211],[-87.2981,48.81862],[-87.28996,48.81627],[-87.28756,48.81629],[-87.28409,48.81782],[-87.28186,48.81817],[-87.27313,48.81599],[-87.26322,48.8119],[-87.26122,48.81049],[-87.26044,48.80959],[-87.2587,48.80454],[-87.25775,48.80301],[-87.25724,48.80007],[-87.2563,48.7991],[-87.25448,48.79843],[-87.25241,48.79846],[-87.23603,48.80174],[-87.23295,48.80179],[-87.23007,48.80115],[-87.22824,48.80024],[-87.22681,48.79916],[-87.22414,48.7956],[-87.22148,48.79391],[-87.21869,48.79313],[-87.15698,48.78956],[-87.12922,48.7859],[-87.11726,48.78634],[-87.11528,48.78588],[-87.10576,48.7822],[-87.10203,48.78164]]}},{"type":"Feature","properties":{"name":"Route 1 Canada - North Bay, ON to Mattawa, ON (proposed) W-E Connected UPDATED 88.2km"},"geometry":{"type":"LineString","coordinates":[[-79.46981,46.31618],[-79.47093,46.31471],[-79.47013,46.31371],[-79.46887,46.30993],[-79.4681,46.30899],[-79.46442,46.30602],[-79.46355,46.30432],[-79.46341,46.30337],[-79.46176,46.30148],[-79.46015,46.30061],[-79.4592,46.29963],[-79.45685,46.29906],[-79.45634,46.29929],[-79.45576,46.29896],[-79.45603,46.29818],[-79.45548,46.29698],[-79.45462,46.29704],[-79.45426,46.29653],[-79.45017,46.29568],[-79.43583,46.28746],[-79.43537,46.28637],[-79.4339,46.28503],[-79.43421,46.28455],[-79.4342,46.28278],[-79.43248,46.28322],[-79.42782,46.27428],[-79.42375,46.26983],[-79.42163,46.26823],[-79.41931,46.2648],[-79.41356,46.2614],[-79.41164,46.25864],[-79.4014,46.26172],[-79.40047,46.25915],[-79.39957,46.25774],[-79.38884,46.24564],[-79.38766,46.24446],[-79.38509,46.24271],[-79.38488,46.24168],[-79.38548,46.24068],[-79.38479,46.23876],[-79.38491,46.2371],[-79.3791,46.2385],[-79.37938,46.23766],[-79.37724,46.23391],[-79.38059,46.23294],[-79.37959,46.23143],[-79.37677,46.23226],[-79.37405,46.23245],[-79.37137,46.23324],[-79.36974,46.23091],[-79.36943,46.22923],[-79.36856,46.22751],[-79.36644,46.22508],[-79.36489,46.2226],[-79.36429,46.22002],[-79.36283,46.2173],[-79.36036,46.21437],[-79.35987,46.21293],[-79.35973,46.21113],[-79.35842,46.21042],[-79.358,46.20876],[-79.3583,46.20408],[-79.35969,46.20025],[-79.36004,46.20013],[-79.36026,46.19757]]}},{"type":"Feature","properties":{"name":"Route 1 Canada - North Bay, ON to Mattawa, ON (proposed) W-E Connected UPDATED 88.2km B"},"geometry":{"type":"LineString","coordinates":[[-79.36026,46.19757],[-79.35595,46.19668],[-79.35232,46.19413],[-79.34591,46.19255],[-79.34072,46.19376],[-79.33803,46.19394],[-79.33473,46.19491],[-79.3328,46.19491],[-79.32922,46.19425],[-79.32431,46.1952]]}},{"type":"Feature","properties":{"name":"Route 1 Canada - North Bay, ON to Mattawa, ON (proposed) W-E Connected UPDATED 88.2km pt2"},"geometry":{"type":"LineString","coordinates":[[-79.32431,46.1952],[-79.32292,46.19522],[-79.32164,46.19483],[-79.31935,46.19331],[-79.314,46.19055],[-79.30308,46.18916],[-79.29508,46.18999],[-79.2918,46.18941]]}},{"type":"Feature","properties":{"name":"Route 1 Canada - North Bay, ON to Mattawa, ON (proposed) W-E Connected UPDATED 88.2km pt3"},"geometry":{"type":"LineString","coordinates":[[-79.2918,46.18941],[-79.29141,46.18984],[-79.29136,46.19239],[-79.29065,46.19316],[-79.27764,46.1967],[-79.27428,46.19684],[-79.27199,46.1979],[-79.26845,46.19868],[-79.26381,46.20349],[-79.26314,46.2053],[-79.26157,46.20715]]}},{"type":"Feature","properties":{"name":"2 Avenue WB"},"geometry":{"type":"LineString","coordinates":[[-110.57359,49.97181],[-110.57356,49.97291],[-110.59297,49.96812],[-110.59528,49.96795],[-110.59753,49.9682],[-110.59954,49.96886],[-110.60092,49.96968],[-110.60956,49.97747],[-110.61412,49.98072],[-110.61443,49.98054]]}},{"type":"Feature","properties":{"name":"2023 addition - Calgary west TCH access - 1 Avenue SW 005 WB"},"geometry":{"type":"LineString","coordinates":[[-114.23356,51.08521],[-114.235,51.08507]]}},{"type":"Feature","properties":{"name":"2023 addition - Calgary west TCH access - Bowfort Road NW WB"},"geometry":{"type":"LineString","coordinates":[[-114.20913,51.08383],[-114.21023,51.08147],[-114.21254,51.08183],[-114.21322,51.08305]]}},{"type":"Feature","properties":{"name":"2023 addition - Calgary west TCH access - Range Road 33 002 WB"},"geometry":{"type":"LineString","coordinates":[[-114.35046,51.08228],[-114.35048,51.0904],[-114.35188,51.09026],[-114.35358,51.08891],[-114.35589,51.08872]]}},{"type":"Feature","properties":{"name":"Route 1 Canada - Mission, BC to Victoria, BC (proposed) E-W Segments pt12 126m"},"geometry":{"type":"LineString","coordinates":[[-123.36851,48.42278],[-123.36862,48.42166]]}},{"type":"Feature","properties":{"name":"Route 1 Canada - North Bay, ON to Mattawa, ON (proposed) E-W Segments UPDATED pt1 141m"},"geometry":{"type":"LineString","coordinates":[[-79.35998,46.199],[-79.35969,46.20025]]}},{"type":"Feature","properties":{"name":"Route 1 Canada - North Bay, ON to Mattawa, ON (proposed) E-W Segments UPDATED pt2 61m"},"geometry":{"type":"LineString","coordinates":[[-79.47006,46.31568],[-79.46945,46.31602],[-79.46981,46.31618]]}},{"type":"Feature","properties":{"name":"Route 1 Canada - Victoria, BC to Mission, BC (proposed) E-W Segments pt1 944m"},"geometry":{"type":"LineString","coordinates":[[-122.3711,49.14417],[-122.36014,49.13964]]}},{"type":"Feature","properties":{"name":"Route 1 Canada - Victoria, BC to Mission, BC (proposed) E-W Segments pt11 97m"},"geometry":{"type":"LineString","coordinates":[[-123.40111,48.6445],[-123.40048,48.64435],[-123.40031,48.64396]]}},{"type":"Feature","properties":{"name":"Route 1 Canada - Victoria, BC to Mission, BC (proposed) E-W Segments pt5 35m"},"geometry":{"type":"LineString","coordinates":[[-122.66441,49.18447],[-122.6643,49.18416]]}},{"type":"Feature","properties":{"name":"Route 1 Canada - Victoria, BC to Mission, BC (proposed) E-W Segments pt6 1.5km"},"geometry":{"type":"LineString","coordinates":[[-122.66431,49.18307],[-122.66628,49.18258],[-122.66683,49.18125],[-122.6693,49.1809],[-122.66943,49.17702],[-122.67755,49.17699]]}},{"type":"Feature","properties":{"name":"Route 1 Canada - Victoria, BC to Mission, BC (proposed) E-W Segments pt7 957m"},"geometry":{"type":"LineString","coordinates":[[-122.73474,49.12722],[-122.73506,49.11889],[-122.73483,49.11889]]}},{"type":"Feature","properties":{"name":"Trans-Canada Highway 001 WB E-W"},"geometry":{"type":"LineString","coordinates":[[-114.36546,51.08872],[-114.43797,51.08871],[-114.44195,51.08841],[-114.4523,51.08684],[-114.46054,51.08673]]}},{"type":"Feature","properties":{"name":"Trans-Canada Highway 003 E-W"},"geometry":{"type":"LineString","coordinates":[[-114.47034,51.08688],[-114.52111,51.0876]]}},{"type":"Feature","properties":{"name":"Trans-Canada Highway 090 001 E-W"},"geometry":{"type":"LineString","coordinates":[[-114.46054,51.08673],[-114.47034,51.08688]]}},{"type":"Feature","properties":{"name":"Lougheed Highway 020"},"geometry":{"type":"LineString","coordinates":[[-122.30954,49.13442],[-122.3115,49.13373],[-122.31565,49.13312],[-122.32835,49.13292]]}},{"type":"Feature","properties":{"name":"1st Avenue 007"},"geometry":{"type":"LineString","coordinates":[[-122.28373,49.13758],[-122.29026,49.1352],[-122.2948,49.13439],[-122.30954,49.13442]]}},{"type":"Feature","properties":{"name":"Trans-Canada Highway/Yellowhead Highway 007 WB"},"geometry":{"type":"LineString","coordinates":[[-98.38507,49.97518],[-98.47428,49.97516]]}},{"type":"Feature","properties":{"name":"Trans-Canada Highway/Yellowhead Highway 007 WB 2"},"geometry":{"type":"LineString","coordinates":[[-98.32372,49.97207],[-98.32883,49.97368],[-98.33737,49.97487],[-98.35391,49.97515]]}},{"type":"Feature","properties":{"name":"Westbound through Regina Gordon Road 003"},"geometry":{"type":"LineString","coordinates":[[-104.62114,50.40465],[-104.62916,50.40548],[-104.64404,50.40542],[-104.64407,50.40048],[-104.64444,50.39902],[-104.64603,50.39762],[-104.6486,50.39697],[-104.70705,50.39684],[-104.72014,50.39747],[-104.73193,50.39689],[-104.75546,50.39683]]}},{"type":"Feature","properties":{"name":"Westbound through Regina Hill Boulevard"},"geometry":{"type":"LineString","coordinates":[[-104.61671,50.42841],[-104.61809,50.42836]]}},{"type":"Feature","properties":{"name":"Westbound through Regina Lakeshore Drive"},"geometry":{"type":"LineString","coordinates":[[-104.61515,50.43482],[-104.61693,50.43449],[-104.61723,50.4342],[-104.61729,50.43331]]}},{"type":"Feature","properties":{"name":"Westbound through Regina Trans-Canada Highway 001"},"geometry":{"type":"LineString","coordinates":[[-103.8714,50.52767],[-103.93346,50.52735],[-103.95563,50.52352],[-103.992,50.52154],[-104.0405,50.51981],[-104.04331,50.5194],[-104.06303,50.51448],[-104.1116,50.51329],[-104.13433,50.50906],[-104.24974,50.49335],[-104.25346,50.4922],[-104.27788,50.48023],[-104.28287,50.47929],[-104.2849,50.47839],[-104.2877,50.47994]]}},{"type":"Feature","properties":{"name":"C1 Hope to Maple Ridge WB 113B Avenue 002"},"geometry":{"type":"LineString","coordinates":[[-122.65884,49.21187],[-122.65949,49.21056]]}},{"type":"Feature","properties":{"name":"C1 Hope to Maple Ridge WB 1st Avenue 006"},"geometry":{"type":"LineString","coordinates":[[-122.28373,49.13758],[-122.29026,49.1352],[-122.2948,49.13439],[-122.30937,49.13443],[-122.3115,49.13373],[-122.31565,49.13312],[-122.32835,49.13292]]}},{"type":"Feature","properties":{"name":"C1 Hope to Maple Ridge WB 203 Street 003"},"geometry":{"type":"LineString","coordinates":[[-122.65857,49.21271],[-122.65863,49.21219]]}},{"type":"Feature","properties":{"name":"C1 Hope to Maple Ridge WB Track 008"},"geometry":{"type":"LineString","coordinates":[[-121.46078,49.39193],[-121.45957,49.39278],[-121.45902,49.39244],[-121.45934,49.39173]]}},{"type":"Feature","properties":{"name":"Route 1 Canada - Antigonish, NS to Whycocomagh, NS (proposed) W-E Connected SB"},"geometry":{"type":"LineString","coordinates":[[-61.40059,45.64689],[-61.40258,45.64631],[-61.40352,45.64651],[-61.40462,45.64725],[-61.40631,45.64715]]}},{"type":"Feature","properties":{"name":"C1 Route 1 Canada - Pictou, NS to Antigonish, NS (proposed) W-E Connected 73_5km fixed WB"},"geometry":{"type":"LineString","coordinates":[[-61.99882,45.61303],[-61.99926,45.61246],[-62.0035,45.61134],[-62.0061,45.61029],[-62.02969,45.59824],[-62.0338,45.59756],[-62.04986,45.59688],[-62.05533,45.596],[-62.11294,45.57466],[-62.13145,45.56629],[-62.13526,45.56556],[-62.13895,45.56579],[-62.14185,45.56654],[-62.1657,45.57903],[-62.16811,45.57991],[-62.17199,45.58059],[-62.17485,45.58042],[-62.17844,45.57958],[-62.202,45.57008],[-62.20671,45.56871],[-62.21489,45.56796],[-62.23327,45.56843],[-62.23586,45.56878],[-62.23968,45.57021],[-62.25455,45.57927],[-62.25734,45.58066],[-62.26544,45.58399],[-62.27444,45.58692],[-62.2799,45.58765],[-62.31737,45.58709],[-62.32626,45.58609],[-62.35181,45.58066],[-62.36847,45.57437],[-62.37272,45.57328],[-62.37734,45.57277],[-62.40017,45.57271],[-62.40498,45.57318],[-62.43447,45.57859],[-62.49293,45.58566],[-62.49569,45.58645],[-62.5053,45.59134],[-62.50934,45.5925],[-62.53302,45.59298],[-62.53791,45.59258],[-62.55629,45.58886],[-62.58042,45.57927],[-62.63365,45.5621],[-62.63645,45.56177],[-62.64014,45.56254],[-62.66263,45.57254],[-62.67157,45.57803],[-62.67483,45.5793],[-62.70487,45.58254],[-62.70608,45.58313],[-62.70669,45.584],[-62.70615,45.58575]]}},{"type":"Feature","properties":{"name":"C1 Route 1 Canada - Pictou, NS to Antigonish, NS (proposed) W-E Connected 73_5km fixed"},"geometry":{"type":"LineString","coordinates":[[-62.73044,45.68065],[-62.73095,45.67814],[-62.72825,45.66801],[-62.7229,45.65586],[-62.7235,45.65388],[-62.72922,45.64584],[-62.72938,45.6437],[-62.71114,45.60789],[-62.7049,45.59176],[-62.70458,45.58976],[-62.70487,45.58806],[-62.70548,45.58677],[-62.70927,45.58179],[-62.70913,45.58074],[-62.70809,45.58018],[-62.70703,45.58015],[-62.70395,45.58161],[-62.70085,45.58173],[-62.67787,45.57953],[-62.675,45.57899],[-62.67106,45.57741],[-62.66348,45.57263],[-62.64026,45.56227],[-62.63707,45.56152],[-62.63496,45.56156],[-62.63267,45.56209],[-62.57934,45.57931],[-62.5557,45.58869],[-62.53803,45.59223],[-62.53303,45.59266],[-62.50872,45.59213],[-62.50504,45.59108],[-62.49548,45.58621],[-62.49233,45.58526],[-62.43666,45.57867],[-62.40536,45.57304],[-62.40084,45.57252],[-62.37723,45.57249],[-62.3733,45.57285],[-62.36883,45.57392],[-62.35129,45.58045],[-62.32503,45.58596],[-62.31688,45.58676],[-62.28061,45.58737],[-62.27515,45.58675],[-62.26558,45.58369],[-62.25897,45.58101],[-62.25488,45.57898],[-62.23998,45.57],[-62.23597,45.56851],[-62.23324,45.56813],[-62.21475,45.56764],[-62.20672,45.56841],[-62.20179,45.56981],[-62.1783,45.57929],[-62.17478,45.58012],[-62.17208,45.58029],[-62.16923,45.57988],[-62.16598,45.57882],[-62.14215,45.56637],[-62.13856,45.56546],[-62.13449,45.56536],[-62.1303,45.5664],[-62.11008,45.57543],[-62.05633,45.59531],[-62.05033,45.5965],[-62.03237,45.59734],[-62.02831,45.59835],[-62.00527,45.61028],[-62.00166,45.61114],[-61.99999,45.61115],[-61.9991,45.61075],[-61.99919,45.61192],[-61.99858,45.61457],[-61.99899,45.61704],[-61.9972,45.62014],[-61.99513,45.62079],[-61.99449,45.62208]]}},{"type":"Feature","properties":{"name":"C1 Route 1 Canada - Antigonish, NS to Whycocomagh, NS (proposed) W-E Connected 103km Fixed"},"geometry":{"type":"LineString","coordinates":[[-61.99449,45.62208],[-61.99335,45.62248],[-61.9893,45.62263],[-61.98409,45.6245],[-61.97864,45.61902],[-61.97638,45.61779],[-61.96916,45.61656],[-61.96319,45.61606],[-61.96013,45.61523],[-61.95599,45.60997],[-61.9526,45.60758],[-61.94877,45.60645],[-61.94807,45.60571],[-61.94815,45.60493],[-61.94376,45.60306],[-61.94151,45.60254],[-61.93932,45.60249],[-61.92108,45.60561],[-61.91932,45.60483],[-61.91876,45.60227],[-61.9181,45.60163],[-61.913,45.60002],[-61.90942,45.59825],[-61.9068,45.59733],[-61.90629,45.59825],[-61.9043,45.59993],[-61.8996,45.60064],[-61.89448,45.60082],[-61.89063,45.60003],[-61.87898,45.59528],[-61.86699,45.59381],[-61.85439,45.59015],[-61.81625,45.59041],[-61.8014,45.59016],[-61.78991,45.59069],[-61.77104,45.58862],[-61.76826,45.5889],[-61.74509,45.59474],[-61.72207,45.59685],[-61.69373,45.60322],[-61.63359,45.61239],[-61.61979,45.61664],[-61.58859,45.63155],[-61.57204,45.643],[-61.54934,45.66039],[-61.54822,45.66195],[-61.542,45.67456],[-61.53992,45.67634],[-61.53695,45.6773],[-61.53329,45.67723],[-61.51867,45.67366],[-61.50592,45.67262],[-61.50288,45.67299],[-61.49771,45.67514],[-61.49518,45.67565],[-61.47082,45.67597],[-61.46835,45.67569],[-61.46465,45.67444],[-61.46192,45.67235],[-61.45343,45.66291],[-61.45059,45.65738],[-61.44947,45.65603],[-61.44487,45.65313],[-61.441,45.64972],[-61.43641,45.64742],[-61.43442,45.64509],[-61.4292,45.64186],[-61.42678,45.64128],[-61.42394,45.64161],[-61.41618,45.64641],[-61.41168,45.64766],[-61.40955,45.64775],[-61.40563,45.64703],[-61.40452,45.64648]]}},{"type":"Feature","properties":{"name":"C1 Route 1 Canada - Antigonish, NS to Whycocomagh, NS (proposed) W-E Connected 103km Fixed WB"},"geometry":{"type":"LineString","coordinates":[[-61.86493,45.59333],[-61.86741,45.594],[-61.87668,45.59522],[-61.87999,45.59595],[-61.89029,45.60024],[-61.89348,45.60105],[-61.90161,45.60102],[-61.90434,45.6012],[-61.90502,45.60154],[-61.90524,45.60136],[-61.90493,45.60011],[-61.90542,45.59888]]}},{"type":"Feature","properties":{"name":"C1 Route 1 Canada - Antigonish, NS to Whycocomagh, NS (proposed) W-E Connected 103km Fixed WB 2"},"geometry":{"type":"LineString","coordinates":[[-61.94584,45.60399],[-61.94748,45.60488],[-61.94807,45.60571]]}},{"type":"Feature","properties":{"name":"C1 Route 1 Canada - Pictou, NS to Antigonish, NS (proposed) W-E Connected 73_5km fixed WB 2"},"geometry":{"type":"LineString","coordinates":[[-62.73048,45.68065],[-62.72909,45.68178],[-62.72924,45.68346],[-62.72901,45.68401]]}},{"type":"Feature","properties":{"name":"C1 Blackhead Rd to Waterstreet St Johns NL WB"},"geometry":{"type":"LineString","coordinates":[[-52.71909,47.54875],[-52.71916,47.54919]]}},{"type":"Feature","properties":{"name":"C1 Cavendish Square St Johns NL WB"},"geometry":{"type":"LineString","coordinates":[[-52.70046,47.57056],[-52.70173,47.57123]]}},{"type":"Feature","properties":{"name":"C1 Charter Avenue Argentia NL WB"},"geometry":{"type":"LineString","coordinates":[[-53.99371,47.28853],[-53.99329,47.28943],[-53.99339,47.29044],[-53.99235,47.29183],[-53.99207,47.2917],[-53.99289,47.29023],[-53.9924,47.28998]]}},{"type":"Feature","properties":{"name":"C1 Freshwater Road 002 St Johns NL WB"},"geometry":{"type":"LineString","coordinates":[[-52.71462,47.56429],[-52.71726,47.56377]]}},{"type":"Feature","properties":{"name":"C1 Freshwater Road 005 St Johns NL WB"},"geometry":{"type":"LineString","coordinates":[[-52.74628,47.56118],[-52.74922,47.56034]]}},{"type":"Feature","properties":{"name":"C1 Kenmount Road 001 TCH St Johns NL WB"},"geometry":{"type":"LineString","coordinates":[[-52.84333,47.52623],[-52.84711,47.52647],[-52.8476,47.52678],[-52.84761,47.52731],[-52.84661,47.5277],[-52.84583,47.52717],[-52.84591,47.52418],[-52.84646,47.52239],[-52.8625,47.49783],[-52.86315,47.49518],[-52.86568,47.49255],[-52.87524,47.47611],[-52.88014,47.4723],[-52.89519,47.46186],[-52.89954,47.46016],[-52.90429,47.45981],[-52.90722,47.4603],[-52.92353,47.46467],[-52.92696,47.46499],[-52.9319,47.4643],[-52.93391,47.4634],[-52.9361,47.46186],[-52.93726,47.46047],[-52.94121,47.45347],[-52.94314,47.45103],[-52.94396,47.45048],[-52.94614,47.44926],[-52.94848,47.44851],[-52.96192,47.44676],[-52.96493,47.44589],[-52.97985,47.43566],[-53.00507,47.41293],[-53.00758,47.41178],[-53.01567,47.41064],[-53.01862,47.409],[-53.04578,47.37446],[-53.04726,47.371],[-53.05039,47.35617],[-53.05159,47.35378],[-53.05389,47.35181],[-53.07196,47.34187],[-53.07602,47.34066],[-53.07925,47.34048],[-53.10789,47.34247],[-53.11116,47.3421],[-53.11359,47.34122],[-53.12244,47.3369],[-53.13742,47.32799],[-53.14023,47.32696],[-53.14267,47.32649],[-53.14639,47.32659],[-53.15012,47.32754],[-53.15221,47.32868],[-53.15968,47.33421],[-53.16213,47.33514],[-53.19437,47.33923],[-53.20227,47.34088],[-53.20364,47.34158],[-53.20493,47.34276],[-53.21151,47.35396],[-53.21523,47.35743],[-53.2175,47.35836],[-53.21983,47.35872],[-53.2303,47.35809],[-53.23468,47.35867],[-53.23706,47.35965],[-53.23921,47.36109],[-53.24017,47.3621],[-53.24197,47.36505],[-53.24366,47.36678],[-53.24556,47.36801],[-53.25008,47.36944],[-53.25835,47.37012],[-53.2627,47.37179],[-53.26456,47.3734],[-53.26665,47.37637],[-53.27565,47.3955],[-53.27751,47.39736],[-53.29964,47.4081],[-53.30242,47.40853],[-53.31233,47.4088],[-53.32905,47.41176],[-53.33228,47.41307],[-53.33366,47.4143],[-53.33451,47.41565],[-53.3354,47.422],[-53.33637,47.42438],[-53.33734,47.42552],[-53.35067,47.43683],[-53.35222,47.43789],[-53.35502,47.43907],[-53.35901,47.43972],[-53.36722,47.44028],[-53.37619,47.43881],[-53.38063,47.4389],[-53.38405,47.43985],[-53.39256,47.44398],[-53.40368,47.44695],[-53.40609,47.44729],[-53.4314,47.44808],[-53.44301,47.44736],[-53.46415,47.44835],[-53.47264,47.44704],[-53.48927,47.44754],[-53.49298,47.44821],[-53.51023,47.45256],[-53.513,47.45254],[-53.51594,47.45177],[-53.52601,47.44769]]}},{"type":"Feature","properties":{"name":"C1 Trans Canada Highway 032 Whitbourne NL WB"},"geometry":{"type":"LineString","coordinates":[[-53.56199,47.45023],[-53.56298,47.45037],[-53.56307,47.4496]]}},{"type":"Feature","properties":{"name":"C1 Water Street 007 St Johns NL WB"},"geometry":{"type":"LineString","coordinates":[[-52.71617,47.55198],[-52.71444,47.55347],[-52.714,47.55435]]}},{"type":"Feature","properties":{"name":"Route 1 Canada - Whitbourne, NL to St Johns (Cape Spear), NL (proposed) W-E Connected 104km"},"geometry":{"type":"LineString","coordinates":[[-53.56199,47.45023],[-53.54241,47.44719],[-53.52872,47.44741],[-53.52461,47.44798],[-53.51476,47.45193],[-53.51112,47.45245],[-53.50865,47.45212],[-53.49105,47.44755],[-53.48833,47.44725],[-53.4726,47.44682],[-53.46341,47.44811],[-53.44299,47.44718],[-53.43142,47.44787],[-53.40655,47.44716],[-53.40369,47.44677],[-53.39268,47.44384],[-53.38449,47.43985],[-53.38064,47.43876],[-53.37619,47.43865],[-53.37007,47.43984],[-53.36689,47.44012],[-53.35907,47.43952],[-53.35517,47.43888],[-53.35233,47.43777],[-53.35081,47.43674],[-53.33704,47.42489],[-53.33616,47.42361],[-53.33554,47.4219],[-53.3346,47.4154],[-53.33319,47.41353],[-53.33126,47.41228],[-53.32887,47.41152],[-53.31298,47.4084],[-53.30187,47.40824],[-53.29956,47.40783],[-53.27721,47.39682],[-53.27551,47.39481],[-53.26694,47.37632],[-53.26442,47.37288],[-53.26231,47.37128],[-53.25926,47.37005],[-53.24982,47.36916],[-53.24565,47.36778],[-53.24285,47.36575],[-53.23949,47.36103],[-53.23809,47.36],[-53.23485,47.35854],[-53.23103,47.3579],[-53.22004,47.35856],[-53.21754,47.35821],[-53.21585,47.35756],[-53.21405,47.35632],[-53.21148,47.35347],[-53.20505,47.34248],[-53.20392,47.34145],[-53.20248,47.34071],[-53.19329,47.33888],[-53.16187,47.33484],[-53.15981,47.334],[-53.15317,47.32904],[-53.15036,47.3274],[-53.14648,47.3264],[-53.1433,47.32626],[-53.13968,47.32686],[-53.1372,47.32777],[-53.12168,47.33706],[-53.11144,47.34183],[-53.10784,47.34233],[-53.07932,47.34032],[-53.07594,47.34051],[-53.07176,47.34178],[-53.05362,47.35174],[-53.05132,47.35377],[-53.05024,47.35569],[-53.04698,47.37114],[-53.0458,47.37403],[-53.0184,47.40865],[-53.01718,47.40948],[-53.01498,47.41033],[-53.01319,47.41064],[-53.00898,47.41065],[-53.00614,47.41166],[-52.9796,47.43551],[-52.96547,47.44531],[-52.96211,47.4465],[-52.94847,47.44835],[-52.9448,47.44966],[-52.94197,47.45186],[-52.93707,47.45974],[-52.93593,47.46101],[-52.93304,47.46287],[-52.92846,47.46405],[-52.92519,47.46403],[-52.90546,47.45973],[-52.90214,47.45954],[-52.89737,47.46054],[-52.89373,47.46257],[-52.87519,47.47577],[-52.86502,47.49311],[-52.86316,47.4948],[-52.86236,47.49763],[-52.84575,47.52286],[-52.84478,47.52569],[-52.84413,47.5261],[-52.84005,47.52654],[-52.83824,47.52722],[-52.8367,47.52858],[-52.8347,47.53176],[-52.83265,47.53305],[-52.82069,47.53599],[-52.8078,47.53842],[-52.79164,47.54531],[-52.7833,47.54831],[-52.76929,47.55445],[-52.75724,47.55799],[-52.75174,47.55922],[-52.74284,47.56259],[-52.73982,47.56336],[-52.73012,47.56303],[-52.72671,47.56329],[-52.7249,47.56311],[-52.72233,47.56359],[-52.7153,47.5636],[-52.71462,47.56429],[-52.71252,47.56492],[-52.7108,47.56594],[-52.70703,47.5701],[-52.70565,47.57103],[-52.70393,47.57134],[-52.70172,47.57122],[-52.70071,47.5704],[-52.69786,47.57164],[-52.69739,47.57088],[-52.70139,47.56903],[-52.70857,47.56261],[-52.70989,47.56185],[-52.7116,47.5595],[-52.71203,47.55709],[-52.714,47.55435],[-52.71947,47.54891],[-52.71703,47.54837],[-52.7193,47.54588],[-52.719,47.54545],[-52.71845,47.54552],[-52.71666,47.54678],[-52.71389,47.54781],[-52.70907,47.54775],[-52.70671,47.54604],[-52.70681,47.54547],[-52.70941,47.54234],[-52.7125,47.54007],[-52.71351,47.53848],[-52.71258,47.53635],[-52.70761,47.53162],[-52.70603,47.52835],[-52.70615,47.5268],[-52.70945,47.51861],[-52.70984,47.51681],[-52.70987,47.51172],[-52.70947,47.51073],[-52.70848,47.50971],[-52.70554,47.50869],[-52.70184,47.50855],[-52.70013,47.50883],[-52.69757,47.50986],[-52.69262,47.51336],[-52.69048,47.51419],[-52.68841,47.5145],[-52.68534,47.51423],[-52.67553,47.5113],[-52.67316,47.51113],[-52.67157,47.51136],[-52.66953,47.51222],[-52.66833,47.51323],[-52.66512,47.51727],[-52.66115,47.52076],[-52.65985,47.52256],[-52.65487,47.52395],[-52.65182,47.52556],[-52.65045,47.52553],[-52.64923,47.52487],[-52.64716,47.52083],[-52.6454,47.51995],[-52.64369,47.52013],[-52.64117,47.52121],[-52.63932,47.52141],[-52.63558,47.52109],[-52.63252,47.52042],[-52.62792,47.52123],[-52.62527,47.52256],[-52.62356,47.52254]]}},{"type":"Feature","properties":{"name":"C1 Route 1 Canada - Espanola, ON to Whitefish, ON (proposed) W-E Connected 44.3km fixed"},"geometry":{"type":"LineString","coordinates":[[-81.77016,46.2648],[-81.77179,46.26651],[-81.77577,46.26969],[-81.77933,46.27162],[-81.78062,46.27342],[-81.78047,46.27552],[-81.77693,46.28515],[-81.77642,46.28569],[-81.7752,46.28579],[-81.76884,46.28506],[-81.76003,46.28523],[-81.73958,46.28839],[-81.72491,46.29179],[-81.70425,46.29187],[-81.70102,46.29229],[-81.69906,46.29297],[-81.68789,46.29871],[-81.67736,46.30075],[-81.67038,46.30255],[-81.66713,46.30408],[-81.65206,46.31311],[-81.6264,46.32394],[-81.62407,46.32468],[-81.61981,46.32504],[-81.61134,46.32336],[-81.60763,46.32359],[-81.57277,46.33343],[-81.56932,46.33379],[-81.56576,46.3334],[-81.55831,46.33118],[-81.55618,46.3303],[-81.55263,46.32806],[-81.55081,46.32736],[-81.54115,46.32525],[-81.53834,46.32538],[-81.53494,46.32615],[-81.52296,46.33215],[-81.51999,46.33298],[-81.51734,46.3333],[-81.50167,46.33188],[-81.49531,46.33233],[-81.48969,46.33381],[-81.45824,46.34729],[-81.44212,46.35167],[-81.43906,46.35331],[-81.42957,46.35996],[-81.42632,46.36169],[-81.42395,46.36251],[-81.42101,46.36308],[-81.41088,46.36381],[-81.38984,46.36934],[-81.36149,46.37348],[-81.35219,46.37445],[-81.3501,46.37495],[-81.34688,46.37648],[-81.34382,46.376],[-81.3226,46.37717],[-81.31839,46.37765],[-81.30298,46.38095],[-81.28577,46.38715],[-81.28078,46.38949]]}},{"type":"Feature","properties":{"name":"C1 Route 1 Canada - Espanola, ON to Whitefish, ON (proposed) W-E Connected 44.3km WB"},"geometry":{"type":"LineString","coordinates":[[-81.7752,46.28579],[-81.77666,46.28596],[-81.77693,46.28515]]}},{"type":"Feature","properties":{"name":"C1 Route 1 Canada - Espanola, ON to Whitefish, ON (proposed) W-E Connected 44.3km WB 10"},"geometry":{"type":"LineString","coordinates":[[-80.98429,46.4936],[-80.98543,46.49351],[-80.98598,46.49269]]}},{"type":"Feature","properties":{"name":"C1 Route 1 Canada - Espanola, ON to Whitefish, ON (proposed) W-E Connected 44.3km WB 11"},"geometry":{"type":"LineString","coordinates":[[-81.03367,46.47082],[-81.03749,46.47115]]}},{"type":"Feature","properties":{"name":"C1 Route 1 Canada - Espanola, ON to Whitefish, ON (proposed) W-E Connected 44.3km WB 12"},"geometry":{"type":"LineString","coordinates":[[-81.34553,46.37619],[-81.34733,46.37692],[-81.34938,46.37564],[-81.35131,46.37497],[-81.36149,46.37348]]}},{"type":"Feature","properties":{"name":"C1 Route 1 Canada - Espanola, ON to Whitefish, ON (proposed) W-E Connected 44.3km WB 2"},"geometry":{"type":"LineString","coordinates":[[-80.98597,46.49176],[-80.9862,46.49101],[-80.98793,46.48971],[-80.99243,46.48957]]}},{"type":"Feature","properties":{"name":"C1 Route 1 Canada - Espanola, ON to Whitefish, ON (proposed) W-E Connected 44.3km WB 3"},"geometry":{"type":"LineString","coordinates":[[-80.99448,46.48941],[-80.99571,46.48883]]}},{"type":"Feature","properties":{"name":"C1 Route 1 Canada - Espanola, ON to Whitefish, ON (proposed) W-E Connected 44.3km WB 4"},"geometry":{"type":"LineString","coordinates":[[-80.96441,46.50015],[-80.96561,46.49984]]}},{"type":"Feature","properties":{"name":"C1 Route 1 Canada - Espanola, ON to Whitefish, ON (proposed) W-E Connected 44.3km WB 5"},"geometry":{"type":"LineString","coordinates":[[-80.94982,46.504],[-80.95121,46.50362]]}},{"type":"Feature","properties":{"name":"C1 Route 1 Canada - Espanola, ON to Whitefish, ON (proposed) W-E Connected 44.3km WB 6"},"geometry":{"type":"LineString","coordinates":[[-80.92687,46.50017],[-80.93891,46.50587],[-80.94213,46.50609],[-80.9454,46.5052]]}},{"type":"Feature","properties":{"name":"C1 Route 1 Canada - Espanola, ON to Whitefish, ON (proposed) W-E Connected 44.3km WB 7"},"geometry":{"type":"LineString","coordinates":[[-80.91443,46.49356],[-80.91978,46.49686],[-80.92522,46.49938]]}},{"type":"Feature","properties":{"name":"C1 Route 1 Canada - Espanola, ON to Whitefish, ON (proposed) W-E Connected 44.3km WB 8"},"geometry":{"type":"LineString","coordinates":[[-80.89726,46.49416],[-80.90341,46.49345]]}},{"type":"Feature","properties":{"name":"C1 Route 1 Canada - Espanola, ON to Whitefish, ON (proposed) W-E Connected 44.3km WB 9"},"geometry":{"type":"LineString","coordinates":[[-80.9073,46.49305],[-80.90962,46.49276]]}},{"type":"Feature","properties":{"name":"C1 Route 1 Canada - Whitefish, ON to West Nipissing, ON (proposed) W-E Connected 111km WB"},"geometry":{"type":"LineString","coordinates":[[-81.06005,46.46833],[-81.06635,46.46671],[-81.07588,46.46515],[-81.07836,46.46417],[-81.08567,46.45739],[-81.12057,46.42801],[-81.12371,46.42616],[-81.14374,46.41778]]}},{"type":"Feature","properties":{"name":"C1 Bow Valley Parkway WB"},"geometry":{"type":"LineString","coordinates":[[-116.16158,51.42508],[-116.16215,51.42556],[-116.16295,51.42525]]}},{"type":"Feature","properties":{"name":"C1 Route 1 Canada - Golden, BC to Lake Louise, AB W-E (proposed) 82.0km updated"},"geometry":{"type":"LineString","coordinates":[[-116.97217,51.30607],[-116.97279,51.30574],[-116.97294,51.30528],[-116.97255,51.30479],[-116.97181,51.30462],[-116.96662,51.30663],[-116.96529,51.30642],[-116.96478,51.3056],[-116.96483,51.30339],[-116.96422,51.30177],[-116.9633,51.30083],[-116.96135,51.30027],[-116.95774,51.30044],[-116.9508,51.30185],[-116.94871,51.30196],[-116.94383,51.30109],[-116.93928,51.30094],[-116.9356,51.29989],[-116.92881,51.2987],[-116.91806,51.29887],[-116.91229,51.29827],[-116.90902,51.29886],[-116.90744,51.29983],[-116.90668,51.30084],[-116.90128,51.30168],[-116.8977,51.30181],[-116.89599,51.30283],[-116.89318,51.30314],[-116.89164,51.30448],[-116.89059,51.3049],[-116.88335,51.30516],[-116.87806,51.30646],[-116.87447,51.30657],[-116.87313,51.30534],[-116.87058,51.30414],[-116.86747,51.30134],[-116.86318,51.29877],[-116.85092,51.29402],[-116.84745,51.29297],[-116.84243,51.29075],[-116.83211,51.28931],[-116.82614,51.2878],[-116.81874,51.28402],[-116.81374,51.28023],[-116.81072,51.27881],[-116.8078,51.27839],[-116.8052,51.27863],[-116.79897,51.28082],[-116.79348,51.28181],[-116.7915,51.28184],[-116.78402,51.28094],[-116.78228,51.2803],[-116.77835,51.27807],[-116.77148,51.27668],[-116.76687,51.27446],[-116.7564,51.27259],[-116.75307,51.27166],[-116.73837,51.26426],[-116.72957,51.26105],[-116.7266,51.26048],[-116.72101,51.26022],[-116.71079,51.25858],[-116.70264,51.25845],[-116.68811,51.25464],[-116.67803,51.25],[-116.67021,51.24798],[-116.66586,51.24638],[-116.65187,51.23868],[-116.64147,51.23228],[-116.61938,51.22257],[-116.61703,51.22224],[-116.60958,51.22292],[-116.59605,51.21865],[-116.58365,51.21695],[-116.58118,51.21701],[-116.57919,51.21751],[-116.57514,51.21981],[-116.5735,51.22124],[-116.57303,51.22271],[-116.57327,51.22386],[-116.58063,51.23701],[-116.58066,51.23871],[-116.57937,51.24222],[-116.57952,51.24393],[-116.58062,51.24567],[-116.58528,51.24951],[-116.58659,51.25098],[-116.58873,51.25975],[-116.5903,51.26267],[-116.5916,51.26397],[-116.59621,51.26713],[-116.59785,51.26888],[-116.59819,51.27024],[-116.59779,51.27156],[-116.59698,51.27244],[-116.58542,51.27917],[-116.58361,51.2807],[-116.58279,51.28194],[-116.58237,51.28356],[-116.58249,51.29142],[-116.58016,51.29596],[-116.57965,51.29779],[-116.58006,51.30575],[-116.57824,51.31306],[-116.57474,51.32286],[-116.57286,51.325],[-116.57079,51.32601],[-116.55846,51.3286],[-116.55616,51.3296],[-116.55497,51.3305],[-116.53238,51.35723],[-116.52092,51.36804],[-116.51363,51.3728],[-116.51296,51.37415],[-116.51218,51.37949],[-116.51145,51.3805],[-116.51013,51.38134],[-116.50547,51.38314],[-116.50384,51.38433],[-116.49823,51.39106],[-116.49459,51.39687],[-116.48254,51.4036],[-116.45504,51.41486],[-116.44532,51.41936],[-116.43842,51.41967],[-116.42942,51.42072],[-116.42196,51.42438],[-116.41521,51.42973],[-116.41324,51.43058],[-116.40636,51.43079],[-116.39359,51.43192],[-116.39084,51.43301],[-116.38718,51.43567],[-116.38412,51.43652],[-116.37957,51.43635],[-116.37485,51.43697],[-116.36926,51.43648],[-116.36062,51.43703],[-116.35846,51.43775],[-116.35325,51.44074],[-116.33959,51.4429],[-116.33759,51.44358],[-116.33138,51.44673],[-116.31638,51.44968],[-116.30972,51.45183],[-116.28259,51.45359],[-116.27931,51.45447],[-116.27227,51.45769],[-116.26932,51.45825],[-116.26706,51.45816],[-116.26453,51.45748],[-116.2591,51.45418],[-116.25746,51.45287],[-116.25086,51.4461],[-116.24827,51.44488],[-116.24617,51.44458],[-116.23749,51.44444],[-116.22539,51.44214],[-116.20702,51.44257],[-116.20377,51.44224],[-116.1973,51.43949],[-116.19338,51.43494],[-116.19172,51.43366],[-116.1767,51.42876],[-116.17556,51.42765],[-116.17507,51.42586],[-116.17093,51.42645],[-116.16831,51.42603],[-116.16547,51.42513],[-116.16295,51.42525]]}},{"type":"Feature","properties":{"name":"C1 Track 004 TCH WB"},"geometry":{"type":"LineString","coordinates":[[-116.17106,51.42646],[-116.17194,51.42659],[-116.17388,51.42794],[-116.17613,51.429],[-116.19068,51.43342],[-116.1928,51.4348],[-116.1964,51.4391],[-116.19947,51.44073],[-116.20399,51.4424],[-116.20626,51.44267],[-116.22577,51.44227],[-116.23747,51.4446],[-116.24611,51.44469],[-116.24875,51.44515],[-116.25098,51.44639],[-116.25903,51.45429],[-116.26406,51.45739],[-116.26784,51.45836],[-116.26999,51.45831],[-116.2723,51.4578],[-116.27944,51.45456],[-116.28258,51.45369],[-116.30983,51.45191],[-116.3165,51.44976],[-116.33149,51.44682],[-116.3377,51.44366],[-116.33971,51.44299],[-116.35336,51.44082],[-116.3595,51.43743],[-116.36114,51.43705],[-116.36442,51.4369]]}},{"type":"Feature","properties":{"name":"C1 Track TCH WB"},"geometry":{"type":"LineString","coordinates":[[-116.90867,51.29908],[-116.91292,51.29829]]}},{"type":"Feature","properties":{"name":"C1 Trans-Canada Highway 019 WB"},"geometry":{"type":"LineString","coordinates":[[-116.91452,51.29852],[-116.91775,51.299],[-116.92879,51.29879],[-116.93556,51.29997],[-116.93925,51.30104],[-116.94341,51.30114],[-116.94842,51.30208],[-116.95071,51.30196],[-116.95917,51.30034],[-116.96163,51.3004],[-116.96311,51.30084],[-116.96406,51.30173],[-116.96471,51.30355],[-116.96456,51.30551],[-116.96519,51.30667],[-116.96567,51.30703],[-116.96678,51.30657]]}},{"type":"Feature","properties":{"name":"C1 Trans-Canada Highway 030 WB"},"geometry":{"type":"LineString","coordinates":[[-116.65187,51.23868],[-116.66654,51.24679],[-116.67015,51.24807],[-116.67775,51.25],[-116.68558,51.25379],[-116.69114,51.25565],[-116.70263,51.25855],[-116.71078,51.25868],[-116.72097,51.26033],[-116.72597,51.26053],[-116.72907,51.26103],[-116.73955,51.26499],[-116.75277,51.27168],[-116.7567,51.27277],[-116.76676,51.27456],[-116.77143,51.27677],[-116.77827,51.27815],[-116.7822,51.28038],[-116.78477,51.28123],[-116.79349,51.2819],[-116.79908,51.2809],[-116.80527,51.2787],[-116.80774,51.27851],[-116.81066,51.27891],[-116.81362,51.28032],[-116.81857,51.28408],[-116.82601,51.28791],[-116.83207,51.28943],[-116.84165,51.29066],[-116.84725,51.29306],[-116.85522,51.29586]]}},{"type":"Feature","properties":{"name":"C1 Route 1 Canada - Antigonish, NS to Whycocomagh, NS (proposed) W-E Connected 103km pt2 fixed"},"geometry":{"type":"LineString","coordinates":[[-61.40452,45.64648],[-61.40338,45.64613],[-61.40212,45.64617],[-61.40072,45.64677],[-61.39959,45.64786],[-61.39937,45.64884],[-61.39962,45.65437],[-61.39878,45.6562],[-61.3972,45.6578],[-61.39491,45.65898],[-61.39297,45.65951],[-61.3852,45.66001],[-61.38283,45.66048],[-61.38027,45.66169],[-61.37879,45.663],[-61.37797,45.66429],[-61.37751,45.66579],[-61.37082,45.6922],[-61.36943,45.69388],[-61.3576,45.70237],[-61.35159,45.71242],[-61.3513,45.71409],[-61.35173,45.71561],[-61.35743,45.72315],[-61.35756,45.72487],[-61.35723,45.72615],[-61.35185,45.73301],[-61.34703,45.74236],[-61.34202,45.74827],[-61.34038,45.75067],[-61.33524,45.76495],[-61.32382,45.7782],[-61.32272,45.78069],[-61.32273,45.78202],[-61.32342,45.78375],[-61.32997,45.7897],[-61.33156,45.7922],[-61.33335,45.80504],[-61.33324,45.80619],[-61.33264,45.80708],[-61.33115,45.80807],[-61.32506,45.80986],[-61.32287,45.81079],[-61.31631,45.8141],[-61.31492,45.81508],[-61.314,45.81626],[-61.31354,45.81786],[-61.31349,45.82171],[-61.31294,45.8235],[-61.30676,45.83115],[-61.2833,45.84196],[-61.28218,45.84279],[-61.28055,45.84489],[-61.28018,45.84623],[-61.28008,45.8494],[-61.27963,45.85091],[-61.2759,45.85716],[-61.26274,45.86747],[-61.26174,45.86888],[-61.26077,45.87165],[-61.26004,45.87279],[-61.24387,45.88951],[-61.23108,45.9019],[-61.22616,45.90871],[-61.21975,45.91322],[-61.21507,45.9171],[-61.21086,45.92116],[-61.20889,45.92198],[-61.20019,45.92381],[-61.17234,45.93605],[-61.15168,45.94095],[-61.14877,45.94189],[-61.14396,45.94369],[-61.13764,45.94723],[-61.12778,45.95171],[-61.12615,45.95322],[-61.12591,45.95444],[-61.12613,45.95523],[-61.13386,45.9662],[-61.13454,45.96804],[-61.13427,45.96933],[-61.1332,45.9708],[-61.12781,45.97431],[-61.12516,45.9751],[-61.12155,45.97547],[-61.11946,45.9753],[-61.11698,45.97457],[-61.11478,45.97372],[-61.1133,45.97268],[-61.10992,45.96809]]}},{"type":"Feature","properties":{"name":"C1 Route 1 Canada - Antigonish, NS to Whycocomagh, NS (proposed) W-E Connected 103km pt2 fixed WB"},"geometry":{"type":"LineString","coordinates":[[-61.12614,45.9749],[-61.12724,45.97479],[-61.12781,45.97431]]}},{"type":"Feature","properties":{"name":"C1 Route 1 Canada - Whycocomagh, NS to North Sydney, NS (proposed) W-E Connected pt1 93.7km fixed"},"geometry":{"type":"LineString","coordinates":[[-61.10992,45.96809],[-61.1052,45.96434],[-61.10061,45.96192],[-61.09606,45.96063],[-61.09297,45.96055],[-61.07918,45.96231],[-61.07623,45.96341],[-61.06771,45.96816],[-61.05888,45.97107],[-61.05656,45.97222],[-61.05279,45.97475],[-61.04334,45.97846],[-61.02777,45.98532],[-61.02409,45.98677],[-61.01884,45.9879],[-61.01504,45.99007],[-61.00722,45.99236],[-61.00575,45.99305],[-61.00418,45.99454],[-61.00175,46.00002],[-60.99905,46.00305],[-60.99703,46.00489],[-60.99156,46.0078],[-60.99008,46.00891],[-60.98514,46.01397],[-60.98218,46.01788],[-60.97609,46.02253],[-60.96149,46.03095],[-60.96034,46.03243],[-60.95889,46.03649],[-60.9578,46.0378],[-60.95086,46.04151],[-60.94963,46.04266],[-60.9491,46.04358],[-60.9479,46.04846],[-60.94658,46.04985],[-60.94528,46.05064],[-60.93314,46.0554],[-60.92652,46.05911],[-60.92086,46.06108],[-60.91846,46.06276],[-60.91382,46.06787],[-60.91222,46.07017],[-60.91202,46.07175],[-60.91344,46.08037],[-60.91238,46.08219],[-60.89896,46.08807],[-60.89091,46.09026],[-60.88585,46.09403],[-60.88411,46.09499],[-60.88046,46.0956],[-60.875,46.09467],[-60.8679,46.09444],[-60.86518,46.09372],[-60.84722,46.08083],[-60.84425,46.07959],[-60.82905,46.0793],[-60.81748,46.08153],[-60.80376,46.0805],[-60.79694,46.08122],[-60.79174,46.08285],[-60.78541,46.08573],[-60.7814,46.08683],[-60.77595,46.08951],[-60.77481,46.08923],[-60.76668,46.09099],[-60.76041,46.09457],[-60.75586,46.09784],[-60.75403,46.09872],[-60.75361,46.09977],[-60.74381,46.10182],[-60.7412,46.10283],[-60.73585,46.10587],[-60.73202,46.10882],[-60.72956,46.11096],[-60.72424,46.11685],[-60.72107,46.11924],[-60.71955,46.12078],[-60.7115,46.12571],[-60.7105,46.12748],[-60.70802,46.12966],[-60.70622,46.13021],[-60.70337,46.13016],[-60.6941,46.13317],[-60.68971,46.1351],[-60.68522,46.13764],[-60.6803,46.14196],[-60.67735,46.14563],[-60.67591,46.14954],[-60.67528,46.15049],[-60.67305,46.15206],[-60.6716,46.1526],[-60.67144,46.15305],[-60.67205,46.15357],[-60.66577,46.15766],[-60.66126,46.15967],[-60.63585,46.16911],[-60.62348,46.17543],[-60.6191,46.17992],[-60.61558,46.18574],[-60.60788,46.19403],[-60.60144,46.20226],[-60.60058,46.20314],[-60.59608,46.20584],[-60.59462,46.2071],[-60.58798,46.21679],[-60.58103,46.22496],[-60.57728,46.22996],[-60.56819,46.23639],[-60.56204,46.23943],[-60.56094,46.2404],[-60.5597,46.24277],[-60.55827,46.24434],[-60.5528,46.24691],[-60.54825,46.25071],[-60.53902,46.25496],[-60.53704,46.25527],[-60.53494,46.25486],[-60.52884,46.25172],[-60.51401,46.24548],[-60.51268,46.24506],[-60.51006,46.24515],[-60.50473,46.24611],[-60.49863,46.25181],[-60.49445,46.25289],[-60.49306,46.25354],[-60.4871,46.26014],[-60.4862,46.2608],[-60.48512,46.26078],[-60.48444,46.26017],[-60.48453,46.25972],[-60.48729,46.25754],[-60.48941,46.25368],[-60.49225,46.25178],[-60.49261,46.25098],[-60.49241,46.24796],[-60.49563,46.24315],[-60.49626,46.24069],[-60.49563,46.23698],[-60.49474,46.23565],[-60.48523,46.23001],[-60.48306,46.22967],[-60.48149,46.23002],[-60.48037,46.23073],[-60.47124,46.24026],[-60.46838,46.242],[-60.46547,46.24306],[-60.46261,46.24363],[-60.41996,46.24726],[-60.34183,46.26699],[-60.33762,46.26732],[-60.33604,46.26704],[-60.33443,46.26625],[-60.33062,46.26303],[-60.32743,46.26087],[-60.31148,46.25349],[-60.30863,46.25295],[-60.30527,46.25279],[-60.30081,46.25332],[-60.29903,46.25324],[-60.28237,46.2497],[-60.27875,46.24809],[-60.27401,46.2448],[-60.26031,46.23422],[-60.25245,46.22528],[-60.24776,46.21689],[-60.24718,46.21445],[-60.24789,46.21327],[-60.24606,46.21038],[-60.2464,46.2096],[-60.24562,46.20907]]}},{"type":"Feature","properties":{"name":"C1 Route 1 Canada - Whycocomagh, NS to North Sydney, NS (proposed) W-E Connected pt1 93.7km fixed WB"},"geometry":{"type":"LineString","coordinates":[[-60.77528,46.08946],[-60.77562,46.08973],[-60.77637,46.08937]]}},{"type":"Feature","properties":{"name":"C1 Highway 105 002 WB"},"geometry":{"type":"LineString","coordinates":[[-60.24596,46.21021],[-60.24514,46.21092],[-60.245,46.21173],[-60.24704,46.21452],[-60.24752,46.21602]]}},{"type":"Feature","properties":{"name":"C1 Jubilee Highway 001 NS WB"},"geometry":{"type":"LineString","coordinates":[[-62.70615,45.58575],[-62.70469,45.58841],[-62.70459,45.59089],[-62.71064,45.60695],[-62.72938,45.6437]]}},{"type":"Feature","properties":{"name":"C1 Jubilee Highway NS WB"},"geometry":{"type":"LineString","coordinates":[[-62.69015,45.73447],[-62.68889,45.73815],[-62.6893,45.73858]]}},{"type":"Feature","properties":{"name":"C1 Capital Drive 004 WB"},"geometry":{"type":"LineString","coordinates":[[-63.16584,46.26253],[-63.17919,46.25865],[-63.19217,46.25588],[-63.19391,46.25521],[-63.19393,46.25459],[-63.19475,46.25313]]}},{"type":"Feature","properties":{"name":"C1 Main Street 001 WB"},"geometry":{"type":"LineString","coordinates":[[-63.21741,46.22804],[-63.21847,46.22756]]}},{"type":"Feature","properties":{"name":"C1 Main Street 005 PEI WB"},"geometry":{"type":"LineString","coordinates":[[-63.20955,46.23544],[-63.21204,46.23395]]}},{"type":"Feature","properties":{"name":"C1 Riverside Drive Path PEI WB"},"geometry":{"type":"LineString","coordinates":[[-63.11393,46.24095],[-63.11406,46.2413],[-63.11444,46.24032],[-63.11531,46.23938]]}},{"type":"Feature","properties":{"name":"C1 Route 1 Canada - Charlottetown, PE to Pictou, NS (proposed) W-E Connected pt1 51.9km fixed"},"geometry":{"type":"LineString","coordinates":[[-63.12201,46.23827],[-63.11873,46.23581],[-63.11808,46.23639],[-63.11699,46.23838],[-63.11501,46.23952],[-63.11392,46.24096],[-63.1133,46.24092],[-63.11079,46.23944],[-63.10737,46.23817],[-63.10384,46.23527],[-63.10118,46.23276],[-63.09985,46.22894],[-63.07908,46.21816],[-63.07901,46.21775],[-63.07384,46.21621],[-63.02443,46.21581],[-63.00529,46.21593],[-62.99715,46.21671],[-62.97128,46.22191],[-62.96823,46.22182],[-62.96636,46.22116],[-62.96471,46.21967],[-62.96016,46.20992],[-62.95902,46.20835],[-62.95765,46.20726],[-62.95561,46.20648],[-62.95061,46.20568],[-62.94848,46.20476],[-62.9356,46.19148],[-62.92955,46.18467],[-62.9285,46.18291],[-62.92579,46.17593],[-62.9247,46.175],[-62.92308,46.17447],[-62.92164,46.17445],[-62.90685,46.17728],[-62.88727,46.17894],[-62.88551,46.17883],[-62.88414,46.1783],[-62.88234,46.17597],[-62.88106,46.17507],[-62.87735,46.17385],[-62.87335,46.17332],[-62.86513,46.17058],[-62.8495,46.16598],[-62.84246,46.16314],[-62.84128,46.16203],[-62.83902,46.15843],[-62.83881,46.1571],[-62.83916,46.15548],[-62.8388,46.1541],[-62.83735,46.15186],[-62.83538,46.15213],[-62.82834,46.1388],[-62.82428,46.13273],[-62.82298,46.13005],[-62.82272,46.12691],[-62.82113,46.12422],[-62.81648,46.11454],[-62.80827,46.10373],[-62.80641,46.10078],[-62.7739,46.0177],[-62.76335,45.99191],[-62.76228,45.99125],[-62.76239,45.98952],[-62.75953,45.98214],[-62.75885,45.981],[-62.75587,45.97819],[-62.75124,45.96605],[-62.7494,45.96547],[-62.74821,45.96418],[-62.74662,45.95945],[-62.74652,45.95832],[-62.74764,45.95716],[-62.74907,45.95414]]}},{"type":"Feature","properties":{"name":"C1 Route 1 Canada - Borden-Charleton, PE to Charlottetown, PE (proposed) W-E Connected 59.9km fixed"},"geometry":{"type":"LineString","coordinates":[[-63.66635,46.25456],[-63.6611,46.24364],[-63.66014,46.24265],[-63.65904,46.24214],[-63.65724,46.24193],[-63.64063,46.2435],[-63.63864,46.24316],[-63.63639,46.24183],[-63.63153,46.23762],[-63.63094,46.23697],[-63.62855,46.23196],[-63.62381,46.22728],[-63.62223,46.2265],[-63.61498,46.22496],[-63.60855,46.22508],[-63.59997,46.22422],[-63.58777,46.22363],[-63.58274,46.22489],[-63.57915,46.22634],[-63.57169,46.23154],[-63.54334,46.23733],[-63.54296,46.23754],[-63.54302,46.23783],[-63.5443,46.2391],[-63.54386,46.23988],[-63.54046,46.24077],[-63.54005,46.24147],[-63.5368,46.24163],[-63.52822,46.24364],[-63.52063,46.24347],[-63.51075,46.24167],[-63.507,46.24177],[-63.50399,46.24148],[-63.50144,46.24047],[-63.50044,46.23961],[-63.49629,46.22891],[-63.49531,46.22767],[-63.49392,46.22684],[-63.49056,46.22626],[-63.48468,46.22729],[-63.48168,46.22666],[-63.47519,46.22186],[-63.47299,46.21913],[-63.47169,46.21811],[-63.4443,46.20431],[-63.43908,46.20206],[-63.43143,46.20032],[-63.42788,46.20028],[-63.42303,46.19959],[-63.41343,46.19738],[-63.41353,46.19695],[-63.41297,46.19557],[-63.41309,46.19284],[-63.41443,46.18582],[-63.41168,46.18108],[-63.41022,46.18007],[-63.40452,46.17866],[-63.39075,46.17903],[-63.37253,46.17427],[-63.36546,46.17174],[-63.3392,46.1591],[-63.32925,46.15605],[-63.31421,46.15338],[-63.31193,46.15342],[-63.30781,46.15451],[-63.29873,46.15398],[-63.29536,46.15478],[-63.27142,46.17135],[-63.27,46.1717],[-63.25459,46.17251],[-63.25317,46.17235],[-63.24973,46.17112],[-63.24782,46.17122],[-63.2463,46.17183],[-63.24432,46.17373],[-63.23789,46.17854],[-63.23612,46.18043],[-63.233,46.19342],[-63.23301,46.19428],[-63.23446,46.19796],[-63.2343,46.19873],[-63.23329,46.19948],[-63.22574,46.20184],[-63.2204,46.20583],[-63.21989,46.20688],[-63.22001,46.20787],[-63.22151,46.2115],[-63.22143,46.2126],[-63.22068,46.21955],[-63.21847,46.22756],[-63.21689,46.22835],[-63.21296,46.23328],[-63.20659,46.23722],[-63.20197,46.24162],[-63.19794,46.24852],[-63.19382,46.2546],[-63.19234,46.2557],[-63.17973,46.25825],[-63.16093,46.26405],[-63.15584,46.26464],[-63.14884,46.26656],[-63.1481,46.26607],[-63.13964,46.25345],[-63.12969,46.23784],[-63.12654,46.23541],[-63.12201,46.23827]]}},{"type":"Feature","properties":{"name":"C1 Route 1 Canada - Shediac, NB to Borden-Carleton, PE (proposed) W-E Connected pt1 65.7km fixed"},"geometry":{"type":"LineString","coordinates":[[-64.51966,46.22296],[-64.51151,46.22486],[-64.49999,46.22692],[-64.49285,46.22594],[-64.48358,46.22647],[-64.47163,46.22572],[-64.46386,46.22848],[-64.45903,46.22913],[-64.43921,46.22722],[-64.43337,46.22531],[-64.42641,46.22404],[-64.41337,46.22531],[-64.4106,46.22508],[-64.39511,46.21993],[-64.37703,46.21752],[-64.37737,46.21336],[-64.37115,46.21448],[-64.35916,46.2156],[-64.35037,46.21916],[-64.34539,46.22075],[-64.33641,46.22203],[-64.3086,46.22071],[-64.29729,46.2159],[-64.295,46.2153],[-64.29189,46.21531],[-64.28417,46.21663],[-64.27308,46.21557],[-64.26757,46.2147],[-64.26274,46.21287],[-64.26064,46.21174],[-64.25457,46.20584],[-64.25294,46.20323],[-64.25251,46.20179],[-64.25313,46.20082],[-64.25553,46.19945],[-64.2429,46.19215],[-64.23719,46.18942],[-64.23236,46.18629],[-64.22626,46.18172],[-64.21799,46.17822],[-64.20656,46.17011],[-64.20453,46.1693],[-64.19839,46.16785],[-64.19104,46.16461],[-64.19021,46.164],[-64.183,46.15562],[-64.18154,46.15502],[-64.17116,46.1528],[-64.16093,46.14939],[-64.15663,46.14717],[-64.13537,46.13756],[-64.13333,46.13621],[-64.1241,46.13646],[-64.09948,46.1317],[-64.09661,46.13189],[-64.06636,46.13873],[-64.06428,46.13954],[-64.06302,46.14055],[-64.06204,46.14206],[-64.06183,46.14558],[-64.05506,46.15217],[-64.05389,46.15297],[-64.05039,46.15387],[-64.04167,46.16009],[-64.03844,46.16322],[-64.0363,46.16625],[-64.028,46.17137],[-64.02454,46.17817],[-64.02362,46.17903],[-64.02162,46.17951],[-64.01393,46.17925],[-64.00723,46.17838],[-63.99361,46.17737],[-63.98185,46.17717],[-63.97697,46.17745],[-63.9708,46.1766],[-63.9603,46.17246],[-63.93174,46.16521],[-63.92652,46.1632],[-63.92417,46.16206],[-63.92144,46.16012],[-63.91882,46.15784],[-63.91798,46.15637],[-63.91223,46.15304],[-63.90409,46.14652],[-63.89572,46.14429],[-63.88717,46.14246],[-63.8854,46.14248],[-63.87114,46.14465],[-63.86503,46.14494],[-63.8604,46.14426],[-63.85899,46.14372],[-63.85793,46.14291],[-63.85478,46.13883],[-63.85133,46.13753],[-63.84319,46.13528],[-63.84385,46.13408]]}},{"type":"Feature","properties":{"name":"C1 Route 1 Canada - Shediac, NB to Borden-Carleton, PE (proposed) W-E Connected pt3 2.6km fixed"},"geometry":{"type":"LineString","coordinates":[[-63.69745,46.2546],[-63.69715,46.25384],[-63.69554,46.25286],[-63.6927,46.25204],[-63.68643,46.2532],[-63.68466,46.25271],[-63.67947,46.25369],[-63.66635,46.25456]]}},{"type":"Feature","properties":{"name":"C1 Track 001 PEI WB"},"geometry":{"type":"LineString","coordinates":[[-62.74887,45.95432],[-62.74813,45.95498],[-62.74652,45.95832]]}},{"type":"Feature","properties":{"name":"C1 Track 004 PEI WB"},"geometry":{"type":"LineString","coordinates":[[-62.7494,45.96547],[-62.75102,45.96634],[-62.75165,45.96725]]}},{"type":"Feature","properties":{"name":"C1 Trans Canada Highway 002 PEI WB"},"geometry":{"type":"LineString","coordinates":[[-63.67947,46.25369],[-63.6824,46.25351],[-63.68234,46.253]]}},{"type":"Feature","properties":{"name":"C1 Trans Canada Highway 014 PEI WB"},"geometry":{"type":"LineString","coordinates":[[-63.09772,46.22778],[-63.10003,46.22944]]}},{"type":"Feature","properties":{"name":"C1 Trans-Canada Highway 014 PEI WB"},"geometry":{"type":"LineString","coordinates":[[-63.06985,46.21617],[-63.07328,46.21623],[-63.07588,46.21676],[-63.08943,46.22358]]}},{"type":"Feature","properties":{"name":"C1 University Avenue 001 PEI WB"},"geometry":{"type":"LineString","coordinates":[[-63.14463,46.26091],[-63.14853,46.26698],[-63.15573,46.26468]]}},{"type":"Feature","properties":{"name":"C1 University Avenue 002 PEI WB"},"geometry":{"type":"LineString","coordinates":[[-63.14187,46.25676],[-63.14411,46.2601]]}},{"type":"Feature","properties":{"name":"C1 Water Street 002 PEI WB"},"geometry":{"type":"LineString","coordinates":[[-63.11783,46.23707],[-63.1188,46.23587]]}},{"type":"Feature","properties":{"name":"C1 Route 1 Canada - Pointe-a-la-Croix, QC to Bathurst, NB (proposed) W-E Connected 113km fixed"},"geometry":{"type":"LineString","coordinates":[[-66.70447,48.03335],[-66.70106,48.03109],[-66.70007,48.02978],[-66.69707,48.0207],[-66.69612,48.02013],[-66.68616,48.01678],[-66.68442,48.01591],[-66.68311,48.01469],[-66.67743,48.00642],[-66.67658,48.00466],[-66.6725,48.00543],[-66.67356,48.00749],[-66.67036,48.00902],[-66.66733,48.01096],[-66.66305,48.008],[-66.65898,48.00666],[-66.65293,48.00387],[-66.65134,48.00346],[-66.63408,48.00354],[-66.62303,48.00424],[-66.61991,48.00482],[-66.60246,48.00958],[-66.59607,48.0108],[-66.58449,48.01609],[-66.57752,48.01744],[-66.5698,48.01958],[-66.56061,48.02106],[-66.54561,48.02579],[-66.53916,48.02728],[-66.53335,48.0292],[-66.50654,48.04196],[-66.50337,48.04315],[-66.49702,48.0442],[-66.49062,48.04612],[-66.4725,48.05924],[-66.47101,48.06002],[-66.46807,48.06082],[-66.453,48.06199],[-66.43078,48.06508],[-66.41665,48.0647],[-66.40236,48.06583],[-66.39644,48.06565],[-66.38952,48.06477],[-66.36971,48.06357],[-66.37036,48.05877],[-66.37096,48.05779],[-66.37231,48.05718],[-66.37901,48.05591],[-66.38042,48.05507],[-66.38223,48.05032],[-66.38078,48.04905],[-66.38072,48.04838],[-66.38242,48.04741],[-66.38334,48.04644],[-66.38311,48.04553],[-66.37389,48.03377],[-66.37087,48.03078],[-66.36729,48.02192],[-66.36684,48.01913],[-66.3654,48.01747],[-66.36291,48.01605],[-66.35961,48.01345],[-66.35292,48.01034],[-66.34941,48.00923],[-66.33895,48.00495],[-66.32708,48.00137],[-66.31249,47.99759],[-66.29516,47.98804],[-66.2757,47.97797],[-66.26618,47.9756],[-66.22631,47.97419],[-66.21266,47.97178],[-66.19597,47.97162],[-66.1916,47.97088],[-66.18207,47.96684],[-66.16958,47.96024],[-66.15743,47.95871],[-66.13805,47.95158],[-66.12868,47.95023],[-66.11306,47.94261],[-66.10504,47.9375],[-66.09342,47.92846],[-66.08547,47.92342],[-66.08359,47.92282],[-66.06036,47.92196],[-66.04279,47.92019],[-66.03811,47.91956],[-66.01957,47.9156],[-66.01704,47.91591],[-66.01502,47.91672],[-65.98711,47.91855],[-65.98496,47.91842],[-65.96192,47.91429],[-65.9505,47.91436],[-65.93727,47.91663],[-65.91031,47.91615],[-65.89126,47.91288],[-65.88724,47.91195],[-65.8857,47.91119],[-65.88484,47.91052],[-65.88392,47.90912],[-65.88397,47.90756],[-65.8864,47.89705],[-65.88629,47.89585],[-65.88581,47.89504],[-65.88428,47.89386],[-65.88292,47.89329],[-65.86446,47.88755],[-65.86065,47.88662],[-65.85701,47.88711],[-65.85558,47.88788],[-65.85426,47.88962],[-65.84892,47.8989],[-65.84748,47.90013],[-65.84571,47.90078],[-65.84338,47.90102],[-65.83605,47.89904],[-65.81447,47.88801],[-65.81156,47.88602],[-65.8042,47.8795],[-65.78316,47.8665],[-65.77412,47.8622],[-65.76307,47.8542],[-65.75922,47.85018],[-65.74797,47.84047],[-65.74079,47.83477],[-65.73911,47.83148],[-65.73633,47.82239],[-65.73342,47.81584],[-65.73287,47.81035],[-65.73154,47.80691],[-65.72351,47.79323],[-65.71738,47.78118],[-65.71493,47.77142],[-65.71233,47.75198],[-65.71323,47.74703],[-65.71336,47.74448],[-65.70997,47.72825],[-65.70533,47.70831],[-65.70294,47.69608],[-65.69831,47.6875],[-65.69477,47.67967],[-65.69054,47.67205],[-65.68762,47.66832],[-65.68093,47.65849],[-65.67932,47.65424],[-65.67861,47.65021]]}},{"type":"Feature","properties":{"name":"C1 Harbourview Boulevard NB WB"},"geometry":{"type":"LineString","coordinates":[[-65.65028,47.62018],[-65.65083,47.62146],[-65.65278,47.62194],[-65.65436,47.6221],[-65.6579,47.6216],[-65.65862,47.62175]]}},{"type":"Feature","properties":{"name":"C1 Track NB WB"},"geometry":{"type":"LineString","coordinates":[[-64.71868,46.47383],[-64.7184,46.47405],[-64.71877,46.47439]]}},{"type":"Feature","properties":{"name":"C1 Rue Acadie NB WB"},"geometry":{"type":"LineString","coordinates":[[-64.71974,46.47208],[-64.71995,46.47273]]}},{"type":"Feature","properties":{"name":"C1 Rue Main NB WB"},"geometry":{"type":"LineString","coordinates":[[-64.86786,46.67372],[-64.86687,46.6745]]}},{"type":"Feature","properties":{"name":"C1 Track 003 NB WB"},"geometry":{"type":"LineString","coordinates":[[-66.38166,48.04996],[-66.38192,48.05111]]}},{"type":"Feature","properties":{"name":"C1 Subway Street 002 NB WB"},"geometry":{"type":"LineString","coordinates":[[-66.67678,48.0051],[-66.67696,48.00547]]}},{"type":"Feature","properties":{"name":"C1 University Avenue NB WB"},"geometry":{"type":"LineString","coordinates":[[-65.46063,47.01917],[-65.46142,47.02071],[-65.46408,47.01972],[-65.4656,47.01949]]}},{"type":"Feature","properties":{"name":"C1 Route 1 Canada - Black River Bridge, NB to Shediac, NB (proposed) W-E Connected 114km fixed"},"geometry":{"type":"LineString","coordinates":[[-65.32946,46.96895],[-65.29629,46.95356],[-65.23542,46.92406],[-65.18102,46.89903],[-65.14377,46.86868],[-65.11975,46.84857],[-65.08932,46.82454],[-65.06391,46.8039],[-65.06111,46.80062],[-65.05525,46.79515],[-65.05046,46.78578],[-65.04911,46.78593],[-65.04829,46.78569],[-65.00527,46.75822],[-64.99919,46.75506],[-64.99686,46.75287],[-64.98731,46.74651],[-64.97725,46.73919],[-64.974,46.73819],[-64.93602,46.71318],[-64.93256,46.71158],[-64.92718,46.70827],[-64.92495,46.70763],[-64.91966,46.70796],[-64.90608,46.70796],[-64.89785,46.70876],[-64.88592,46.7068],[-64.88375,46.70573],[-64.86993,46.69476],[-64.86814,46.69304],[-64.86197,46.68565],[-64.86201,46.68317],[-64.86289,46.67914],[-64.86365,46.67728],[-64.86359,46.67538],[-64.8676,46.67437],[-64.86875,46.67144],[-64.86892,46.66806],[-64.86959,46.66637],[-64.87099,46.66434],[-64.8757,46.65993],[-64.87746,46.65707],[-64.87799,46.65552],[-64.87799,46.65426],[-64.87652,46.64853],[-64.8713,46.64286],[-64.85499,46.6395],[-64.84816,46.63855],[-64.8403,46.63791],[-64.83889,46.63754],[-64.83752,46.63674],[-64.82703,46.62358],[-64.82004,46.61693],[-64.81771,46.61411],[-64.80469,46.59556],[-64.80085,46.59093],[-64.79962,46.58909],[-64.79894,46.58647],[-64.79826,46.58525],[-64.77962,46.55937],[-64.77435,46.55158],[-64.76981,46.54414],[-64.75393,46.52288],[-64.75369,46.5217],[-64.75407,46.52056],[-64.75882,46.51548],[-64.75909,46.5143],[-64.7584,46.5122],[-64.75758,46.5111],[-64.7542,46.50932],[-64.75303,46.50833],[-64.75256,46.50729],[-64.75189,46.50288],[-64.75081,46.50187],[-64.74936,46.50134],[-64.74244,46.50093],[-64.74137,46.50056],[-64.73806,46.49819],[-64.72962,46.48856],[-64.72139,46.47979],[-64.71862,46.47398],[-64.72029,46.47244],[-64.71382,46.46963],[-64.70419,46.46319],[-64.70038,46.45988],[-64.69385,46.4552],[-64.68628,46.44826],[-64.68413,46.44379],[-64.68458,46.43767],[-64.68149,46.43145],[-64.68121,46.42947],[-64.67885,46.42365],[-64.67825,46.42135],[-64.67716,46.42044],[-64.66974,46.4163],[-64.66613,46.41091],[-64.66299,46.40535],[-64.66081,46.4025],[-64.65746,46.39931],[-64.64976,46.39628],[-64.6455,46.3917],[-64.64172,46.38842],[-64.63697,46.38569],[-64.63496,46.38417],[-64.63386,46.38271],[-64.63323,46.38141],[-64.63185,46.37569],[-64.63216,46.37257],[-64.63184,46.36702],[-64.63281,46.36233],[-64.63185,46.35688],[-64.63119,46.35536],[-64.62498,46.34624],[-64.61444,46.33402],[-64.6097,46.32599],[-64.57974,46.27914],[-64.57793,46.27787],[-64.577,46.27673],[-64.57507,46.27129],[-64.57249,46.26875],[-64.57019,46.26229],[-64.57002,46.25869],[-64.57057,46.25367],[-64.56881,46.24924],[-64.56834,46.24697],[-64.56895,46.24332],[-64.56677,46.23851],[-64.56624,46.23059],[-64.56529,46.22818],[-64.56605,46.22312],[-64.56499,46.21725],[-64.55604,46.2191],[-64.54151,46.21945],[-64.5364,46.21995],[-64.51966,46.22296]]}},{"type":"Feature","properties":{"name":"C1 Route 1 Canada - Bathurst, NB to Black River Bridge, NB via Miramichi (proposed) W-E Connected 93.5km fixed"},"geometry":{"type":"LineString","coordinates":[[-65.67861,47.65021],[-65.68276,47.64501],[-65.68303,47.64355],[-65.68261,47.64146],[-65.67938,47.63871],[-65.66894,47.63211],[-65.66346,47.6274],[-65.66112,47.62432],[-65.65839,47.62156],[-65.65438,47.62197],[-65.65378,47.62085],[-65.6464,47.61922],[-65.64443,47.61612],[-65.64489,47.61235],[-65.64437,47.61093],[-65.63455,47.61271],[-65.56633,47.56105],[-65.55871,47.55485],[-65.53851,47.54018],[-65.52176,47.53468],[-65.51986,47.53328],[-65.51598,47.52135],[-65.50524,47.49969],[-65.50157,47.49129],[-65.48614,47.46341],[-65.4443,47.38953],[-65.44333,47.38343],[-65.43804,47.37021],[-65.43388,47.35724],[-65.43393,47.35631],[-65.43523,47.35537],[-65.43353,47.35376],[-65.43213,47.35157],[-65.42976,47.34498],[-65.41511,47.31824],[-65.41348,47.31238],[-65.40608,47.29148],[-65.40574,47.28962],[-65.40564,47.28419],[-65.39897,47.24987],[-65.3975,47.23739],[-65.39864,47.22874],[-65.4048,47.19198],[-65.40607,47.18726],[-65.41125,47.18061],[-65.42696,47.15744],[-65.42778,47.15456],[-65.42784,47.15283],[-65.42557,47.13618],[-65.42549,47.13456],[-65.4259,47.13283],[-65.4312,47.12483],[-65.43382,47.12144],[-65.43656,47.11697],[-65.45568,47.08211],[-65.4572,47.08061],[-65.45969,47.07912],[-65.48049,47.07162],[-65.48314,47.07025],[-65.48537,47.06813],[-65.49074,47.05878],[-65.49145,47.05624],[-65.49129,47.04682],[-65.48827,47.03546],[-65.48639,47.03328],[-65.47203,47.02144],[-65.46913,47.02006],[-65.46733,47.01967],[-65.46173,47.01903],[-65.46063,47.01917],[-65.45941,47.01686],[-65.45945,47.01606],[-65.45416,47.0129],[-65.45195,47.01263],[-65.44955,47.01305],[-65.44713,47.01389],[-65.44189,47.01477],[-65.43898,47.01683],[-65.42416,47.00786],[-65.41828,47.00483],[-65.40904,46.99762],[-65.40234,46.99425],[-65.39551,46.98903],[-65.34328,46.97344],[-65.32946,46.96895]]}},{"type":"Feature","properties":{"name":"C1 Boulevard Jacques-Cartier WB"},"geometry":{"type":"LineString","coordinates":[[-68.17582,48.57881],[-68.17709,48.5798]]}},{"type":"Feature","properties":{"name":"C1 Boulevard Saint-Beno\u00eet Est WB"},"geometry":{"type":"LineString","coordinates":[[-67.42366,48.46395],[-67.42571,48.46484],[-67.42611,48.46451]]}},{"type":"Feature","properties":{"name":"C1 Boulevard Saint-Beno\u00eet Ouest 004 WB"},"geometry":{"type":"LineString","coordinates":[[-67.42995,48.46423],[-67.43201,48.46469],[-67.43546,48.46618]]}},{"type":"Feature","properties":{"name":"C1 Route de l'A\u00e9roport WB"},"geometry":{"type":"LineString","coordinates":[[-68.20472,48.59472],[-68.20527,48.59592],[-68.20651,48.59696]]}},{"type":"Feature","properties":{"name":"C1 Route 1 Canada - Causapscal, QC to Pointe-a-la-Croix, QC (proposed) W-E Connected 78.4km fixed"},"geometry":{"type":"LineString","coordinates":[[-67.2402,48.3722],[-67.2382,48.37047],[-67.23284,48.36428],[-67.22725,48.35924],[-67.22403,48.35517],[-67.22222,48.35457],[-67.22146,48.35382],[-67.22222,48.35249],[-67.2258,48.35],[-67.22759,48.34824],[-67.22772,48.34688],[-67.22686,48.34498],[-67.22677,48.34397],[-67.22811,48.34119],[-67.22968,48.34024],[-67.23429,48.33907],[-67.23576,48.33755],[-67.23767,48.32956],[-67.23926,48.31464],[-67.24299,48.30275],[-67.24351,48.30008],[-67.24352,48.29748],[-67.24273,48.2903],[-67.24191,48.28797],[-67.23381,48.27765],[-67.2323,48.2744],[-67.23223,48.26917],[-67.23387,48.26104],[-67.23364,48.2592],[-67.23223,48.25508],[-67.23058,48.25336],[-67.22515,48.25112],[-67.22164,48.24804],[-67.21795,48.2429],[-67.2167,48.2417],[-67.20962,48.2375],[-67.20713,48.23379],[-67.203,48.22977],[-67.1996,48.22554],[-67.18491,48.21757],[-67.18408,48.21653],[-67.18339,48.21427],[-67.18245,48.21279],[-67.17543,48.20618],[-67.17017,48.20196],[-67.16201,48.19225],[-67.15604,48.18798],[-67.15079,48.18479],[-67.14306,48.17866],[-67.14103,48.17594],[-67.13864,48.16924],[-67.13468,48.16573],[-67.13275,48.16341],[-67.13134,48.15994],[-67.1316,48.15756],[-67.13241,48.15649],[-67.13377,48.15577],[-67.13771,48.15509],[-67.13945,48.15275],[-67.14154,48.15224],[-67.14289,48.15137],[-67.14319,48.15011],[-67.14182,48.14688],[-67.14132,48.14448],[-67.1415,48.14348],[-67.14289,48.1416],[-67.14442,48.14032],[-67.14786,48.13868],[-67.15097,48.13762],[-67.15372,48.13523],[-67.15475,48.13324],[-67.15415,48.13004],[-67.15373,48.12904],[-67.15264,48.12786],[-67.13624,48.11607],[-67.13381,48.1136],[-67.13038,48.10873],[-67.12895,48.10722],[-67.12472,48.10409],[-67.11839,48.10069],[-67.11751,48.09973],[-67.11635,48.09724],[-67.10989,48.09203],[-67.10808,48.09102],[-67.10333,48.09006],[-67.10118,48.08924],[-67.09711,48.08538],[-67.09575,48.08258],[-67.09563,48.08174],[-67.09784,48.07716],[-67.0974,48.07095],[-67.09805,48.06974],[-67.10119,48.06643],[-67.10248,48.06301],[-67.10292,48.05843],[-67.10208,48.05145],[-67.10118,48.04985],[-67.09955,48.0484],[-67.09673,48.0471],[-67.08911,48.04499],[-67.08132,48.04077],[-67.07919,48.03902],[-67.07712,48.03587],[-67.07582,48.03446],[-67.07288,48.03226],[-67.07055,48.03144],[-67.06792,48.03118],[-67.06557,48.03146],[-67.05663,48.03463],[-67.05108,48.03586],[-67.0483,48.03593],[-67.04552,48.03519],[-67.04358,48.03384],[-67.04096,48.03043],[-67.03909,48.02866],[-67.03289,48.02566],[-67.03099,48.02437],[-67.02726,48.01975],[-67.02479,48.01762],[-67.01727,48.01281],[-67.00975,48.01003],[-67.00749,48.00882],[-66.9951,48.00117],[-66.98799,47.99509],[-66.98425,47.99333],[-66.97638,47.99049],[-66.97001,47.98686],[-66.95951,47.98367],[-66.95223,47.97994],[-66.94578,47.97519],[-66.94352,47.97466],[-66.94177,47.97502],[-66.93678,47.97843],[-66.9322,47.97968],[-66.92787,47.98148],[-66.92193,47.98536],[-66.90363,47.98971],[-66.89319,47.99413],[-66.88767,47.99586],[-66.85683,48.00215],[-66.85293,48.00229],[-66.84724,48.00189],[-66.84176,48.00274],[-66.83948,48.00275],[-66.81565,47.99799],[-66.8089,47.99615],[-66.79499,47.99542],[-66.79201,47.99553],[-66.78306,47.99742],[-66.77536,47.99852],[-66.77002,48.00074],[-66.76334,48.00746],[-66.75566,48.01173],[-66.74471,48.0141],[-66.73218,48.01548],[-66.72805,48.01693],[-66.72217,48.02156],[-66.70447,48.03335]]}},{"type":"Feature","properties":{"name":"C1 Route 1 Canada - Sayabec, QC to Causapscal, QC (proposed) W-E Connected 45.8km fixed"},"geometry":{"type":"LineString","coordinates":[[-67.71226,48.56463],[-67.70863,48.56431],[-67.70175,48.56575],[-67.69835,48.56616],[-67.6822,48.56641],[-67.67507,48.56614],[-67.66754,48.5652],[-67.65736,48.56662],[-67.65475,48.56645],[-67.61761,48.55982],[-67.60708,48.55435],[-67.59466,48.55039],[-67.58908,48.54693],[-67.57793,48.54196],[-67.57696,48.54229],[-67.57549,48.54113],[-67.57201,48.54088],[-67.56796,48.5401],[-67.56276,48.53996],[-67.56062,48.53878],[-67.56034,48.53724],[-67.55684,48.53693],[-67.54365,48.53251],[-67.53512,48.53021],[-67.53473,48.52984],[-67.51286,48.52912],[-67.49738,48.52751],[-67.4869,48.52754],[-67.48505,48.52713],[-67.48351,48.52621],[-67.48287,48.52532],[-67.48144,48.51735],[-67.48208,48.5118],[-67.48377,48.50917],[-67.48403,48.50802],[-67.48073,48.49829],[-67.47894,48.4972],[-67.46688,48.49455],[-67.4647,48.49453],[-67.46045,48.49542],[-67.45716,48.49522],[-67.45538,48.49469],[-67.45172,48.49284],[-67.44639,48.4872],[-67.44535,48.48381],[-67.44033,48.47451],[-67.43856,48.46894],[-67.43527,48.46599],[-67.43188,48.46456],[-67.42827,48.46359],[-67.42728,48.4637],[-67.42582,48.46462],[-67.42428,48.46426],[-67.42309,48.46322],[-67.42131,48.45812],[-67.41881,48.45583],[-67.39206,48.44651],[-67.38641,48.44508],[-67.38452,48.44489],[-67.37548,48.44576],[-67.36699,48.44553],[-67.36149,48.44394],[-67.35508,48.44306],[-67.35205,48.44182],[-67.3359,48.43051],[-67.32383,48.42257],[-67.31745,48.42029],[-67.31309,48.41804],[-67.30682,48.41706],[-67.30235,48.41546],[-67.29321,48.41038],[-67.28587,48.40693],[-67.28208,48.40367],[-67.27305,48.39782],[-67.26426,48.39078],[-67.26079,48.38842],[-67.25742,48.38458],[-67.24977,48.38078],[-67.24465,48.37456],[-67.2402,48.3722]]}},{"type":"Feature","properties":{"name":"C1 Rue de Sainte-C\u00e9cile-du-Bic 003 WB"},"geometry":{"type":"LineString","coordinates":[[-68.73463,48.36274],[-68.73562,48.36235],[-68.73631,48.3625],[-68.7378,48.36165]]}},{"type":"Feature","properties":{"name":"C1 C\u00f4te Saint-Jacques 001 WB"},"geometry":{"type":"LineString","coordinates":[[-69.53866,47.84172],[-69.53874,47.84095]]}},{"type":"Feature","properties":{"name":"C1 Route 1 Canada - Rimouski, QC to Sayabec, QC (proposed) W-E Connected 85.1km fixed"},"geometry":{"type":"LineString","coordinates":[[-68.61266,48.41757],[-68.60891,48.4202],[-68.60647,48.42151],[-68.60424,48.42248],[-68.60044,48.42352],[-68.59153,48.42729],[-68.5923,48.42791],[-68.59183,48.42837],[-68.59301,48.42908],[-68.59101,48.43011],[-68.58995,48.43144],[-68.58533,48.43537],[-68.58322,48.43643],[-68.57391,48.43852],[-68.57438,48.43882],[-68.57495,48.44001],[-68.5741,48.44066],[-68.57302,48.4407],[-68.56996,48.43986],[-68.56807,48.44002],[-68.56107,48.4421],[-68.5592,48.44312],[-68.55669,48.44346],[-68.55112,48.44496],[-68.54756,48.4449],[-68.54349,48.44572],[-68.54063,48.44455],[-68.53415,48.44981],[-68.53113,48.45079],[-68.52835,48.45225],[-68.52546,48.45457],[-68.5212,48.45952],[-68.51787,48.46191],[-68.51892,48.46366],[-68.51885,48.46522],[-68.51795,48.46784],[-68.51608,48.46971],[-68.51641,48.47105],[-68.51611,48.47225],[-68.51338,48.47589],[-68.51162,48.47731],[-68.49453,48.48604],[-68.49205,48.48777],[-68.49179,48.48807],[-68.4917,48.49004],[-68.49242,48.49145],[-68.49258,48.49353],[-68.49218,48.49439],[-68.48758,48.49743],[-68.4752,48.50379],[-68.47083,48.50467],[-68.46762,48.50621],[-68.46486,48.50703],[-68.46165,48.51007],[-68.46138,48.51093],[-68.46804,48.51516],[-68.4701,48.51667],[-68.4699,48.51705],[-68.46802,48.51755],[-68.46529,48.51709],[-68.46226,48.5181],[-68.45275,48.52271],[-68.44646,48.52615],[-68.4416,48.52729],[-68.43703,48.5266],[-68.43315,48.52694],[-68.42955,48.52745],[-68.42548,48.52857],[-68.42289,48.53008],[-68.42089,48.53182],[-68.41411,48.53582],[-68.41199,48.53791],[-68.41015,48.53917],[-68.40194,48.54295],[-68.40043,48.54442],[-68.39776,48.54603],[-68.39495,48.54702],[-68.38478,48.54924],[-68.38027,48.54717],[-68.37052,48.54581],[-68.35871,48.54666],[-68.35385,48.54788],[-68.35085,48.54971],[-68.34956,48.55187],[-68.34622,48.55436],[-68.34291,48.55544],[-68.33709,48.55647],[-68.32877,48.5591],[-68.32624,48.56024],[-68.32107,48.56393],[-68.30873,48.57383],[-68.29181,48.58506],[-68.27694,48.58975],[-68.25454,48.60039],[-68.24627,48.60319],[-68.24027,48.60634],[-68.23037,48.61084],[-68.21479,48.6017],[-68.2124,48.60053],[-68.21087,48.60016],[-68.21053,48.5995],[-68.20671,48.59722],[-68.20578,48.59734],[-68.20651,48.59696],[-68.20533,48.59585],[-68.20472,48.59472],[-68.20227,48.59446],[-68.17869,48.58079],[-68.1768,48.57958],[-68.17672,48.57913],[-68.17303,48.57747],[-68.16985,48.57527],[-68.1494,48.56331],[-68.14263,48.55641],[-68.13419,48.54964],[-68.13039,48.54517],[-68.12861,48.54241],[-68.12669,48.53574],[-68.12609,48.53189],[-68.12514,48.53049],[-68.11858,48.52651],[-68.11505,48.52551],[-68.09682,48.52609],[-68.09289,48.52662],[-68.08952,48.52791],[-68.08788,48.52817],[-68.07689,48.52632],[-68.07166,48.52653],[-68.06766,48.52767],[-68.05779,48.53249],[-68.05409,48.53396],[-68.04368,48.53717],[-68.03966,48.53759],[-68.02124,48.53446],[-68.0174,48.53351],[-68.0081,48.5297],[-67.99722,48.52663],[-67.98348,48.52085],[-67.98085,48.52012],[-67.978,48.51978],[-67.96486,48.5194],[-67.95886,48.51964],[-67.94937,48.52121],[-67.93606,48.52549],[-67.93359,48.52601],[-67.92936,48.5262],[-67.92246,48.52519],[-67.91489,48.52679],[-67.91266,48.52793],[-67.90762,48.53185],[-67.89991,48.53439],[-67.88112,48.5455],[-67.87772,48.54673],[-67.87377,48.54728],[-67.86524,48.54755],[-67.85204,48.54937],[-67.83795,48.55199],[-67.82763,48.55137],[-67.81861,48.55361],[-67.80514,48.55614],[-67.79354,48.5567],[-67.78547,48.55869],[-67.77659,48.55981],[-67.76129,48.56312],[-67.74367,48.56272],[-67.73439,48.56311],[-67.73148,48.56382],[-67.72705,48.56604],[-67.72168,48.56673],[-67.71866,48.56653],[-67.71226,48.56463]]}},{"type":"Feature","properties":{"name":"C1 Route 1 Canada - Riviere-du-Loup, QC to Rimouski, QC (proposed) W-E Connected 100km fixed"},"geometry":{"type":"LineString","coordinates":[[-69.53716,47.83586],[-69.53901,47.8378],[-69.54081,47.83915],[-69.5385,47.84122],[-69.53903,47.8436],[-69.53721,47.84655],[-69.53743,47.84752],[-69.54861,47.85801],[-69.54942,47.85908],[-69.54984,47.86061],[-69.54621,47.86588],[-69.54003,47.87101],[-69.53571,47.87548],[-69.53397,47.879],[-69.53446,47.88506],[-69.53423,47.88608],[-69.53348,47.88711],[-69.5302,47.89075],[-69.5227,47.89803],[-69.52019,47.89991],[-69.51578,47.90243],[-69.51171,47.90551],[-69.50796,47.90939],[-69.50339,47.91297],[-69.50094,47.91643],[-69.49992,47.921],[-69.49437,47.92691],[-69.48654,47.93352],[-69.47609,47.93971],[-69.47123,47.94207],[-69.46491,47.94654],[-69.46205,47.94822],[-69.44827,47.95288],[-69.42963,47.95721],[-69.42674,47.95866],[-69.41972,47.96501],[-69.41602,47.96886],[-69.41236,47.9719],[-69.39193,47.98675],[-69.38343,47.99619],[-69.38207,47.99735],[-69.38024,47.9981],[-69.35928,48.00305],[-69.35189,48.00424],[-69.34733,48.00625],[-69.34631,48.00718],[-69.34404,48.01066],[-69.34286,48.01189],[-69.33433,48.01883],[-69.32802,48.02263],[-69.32117,48.03151],[-69.31321,48.0386],[-69.30587,48.04414],[-69.30366,48.04638],[-69.29836,48.05047],[-69.29518,48.05368],[-69.29072,48.05702],[-69.28734,48.06076],[-69.28429,48.06346],[-69.27657,48.0676],[-69.27154,48.07117],[-69.26645,48.07385],[-69.2636,48.07719],[-69.26114,48.08173],[-69.25632,48.08532],[-69.25372,48.08639],[-69.24294,48.08895],[-69.23209,48.09062],[-69.22655,48.09197],[-69.22066,48.092],[-69.21761,48.09277],[-69.21117,48.09617],[-69.20966,48.09735],[-69.20879,48.09843],[-69.2082,48.09992],[-69.20828,48.10449],[-69.20743,48.10673],[-69.20555,48.10895],[-69.20298,48.11099],[-69.19936,48.1134],[-69.19706,48.11438],[-69.18559,48.11641],[-69.18279,48.11639],[-69.17403,48.11544],[-69.17112,48.11582],[-69.16893,48.11668],[-69.16385,48.12025],[-69.15911,48.1247],[-69.14945,48.1376],[-69.14686,48.14055],[-69.14435,48.14279],[-69.14172,48.14475],[-69.11911,48.15862],[-69.10873,48.16579],[-69.10765,48.16736],[-69.1076,48.16876],[-69.10811,48.17099],[-69.1075,48.17278],[-69.10274,48.17637],[-69.08874,48.18249],[-69.07496,48.19112],[-69.06546,48.19353],[-69.05255,48.19892],[-69.04899,48.2007],[-69.04319,48.20451],[-69.04046,48.20581],[-69.01007,48.21891],[-68.99025,48.23008],[-68.96553,48.24791],[-68.96228,48.24996],[-68.93125,48.26613],[-68.89892,48.28117],[-68.87305,48.2947],[-68.86807,48.29777],[-68.85647,48.30646],[-68.8173,48.32102],[-68.81241,48.32348],[-68.80247,48.32931],[-68.79865,48.33002],[-68.79118,48.32956],[-68.78758,48.33035],[-68.78205,48.33332],[-68.7733,48.34186],[-68.7632,48.34822],[-68.75659,48.35304],[-68.74703,48.3566],[-68.7378,48.36165],[-68.73091,48.36391],[-68.72603,48.36663],[-68.72295,48.3673],[-68.71836,48.37006],[-68.71301,48.37224],[-68.71113,48.37283],[-68.71017,48.37212],[-68.70678,48.37309],[-68.70367,48.37334],[-68.70107,48.3744],[-68.69704,48.37671],[-68.69511,48.37708],[-68.69469,48.37747],[-68.68775,48.37772],[-68.68417,48.37892],[-68.67993,48.38143],[-68.67863,48.38279],[-68.67668,48.38591],[-68.66955,48.39004],[-68.66777,48.39248],[-68.66491,48.39421],[-68.64642,48.40196],[-68.64216,48.40475],[-68.63589,48.40795],[-68.62586,48.4108],[-68.6228,48.41242],[-68.61679,48.41493],[-68.61266,48.41757]]}},{"type":"Feature","properties":{"name":"C1 Boulevard de l'H\u00f4tel-de-Ville 005 WB"},"geometry":{"type":"LineString","coordinates":[[-69.54001,47.83403],[-69.55786,47.82126],[-69.56076,47.81989],[-69.56234,47.81971],[-69.56433,47.81877],[-69.57168,47.81453]]}},{"type":"Feature","properties":{"name":"C1 Route 1 Canada - Quebec City, QC to Saint-Jean-Port-Joli, QC (proposed) W-E Connected pt3 92.3km fixed"},"geometry":{"type":"LineString","coordinates":[[-71.18832,46.81066],[-71.18784,46.81043],[-71.18857,46.80998],[-71.18869,46.80922],[-71.18761,46.809],[-71.18734,46.80996],[-71.18687,46.80994],[-71.18615,46.81227],[-71.18511,46.81414],[-71.18477,46.81733],[-71.18384,46.81924],[-71.1728,46.82581],[-71.17049,46.82677],[-71.16661,46.82778],[-71.16395,46.82774],[-71.15811,46.8267],[-71.15687,46.82632],[-71.1545,46.82491],[-71.15225,46.8242],[-71.14291,46.82437],[-71.13546,46.82391],[-71.13154,46.82464],[-71.12212,46.82451],[-71.11696,46.82359],[-71.11513,46.82291],[-71.10587,46.82287],[-71.10231,46.82305],[-71.08525,46.8257],[-71.07771,46.82726],[-71.06619,46.82815],[-71.06008,46.82827],[-71.04721,46.83028],[-71.01172,46.82886],[-71.00354,46.83029],[-70.99198,46.83108],[-70.98897,46.83159],[-70.98143,46.83503],[-70.9753,46.83718],[-70.96738,46.84102],[-70.95156,46.85356],[-70.94018,46.8607],[-70.92608,46.87065],[-70.92265,46.87192],[-70.92089,46.87222],[-70.91335,46.87145],[-70.91028,46.87188],[-70.90872,46.87265],[-70.89593,46.88262],[-70.88718,46.88594],[-70.88305,46.88642],[-70.86444,46.88471],[-70.84993,46.88409],[-70.84196,46.88404],[-70.83826,46.88452],[-70.83622,46.88533],[-70.83181,46.88782],[-70.82234,46.89096],[-70.82051,46.89209],[-70.81788,46.89471],[-70.81629,46.89585],[-70.8009,46.90393],[-70.79824,46.90434],[-70.78962,46.90367],[-70.7812,46.90355],[-70.77226,46.9038],[-70.77052,46.90425],[-70.76495,46.90811],[-70.765,46.90854],[-70.76418,46.90922],[-70.74733,46.92029],[-70.73496,46.92573],[-70.72735,46.92855],[-70.72578,46.92903],[-70.7254,46.92876],[-70.71699,46.93294],[-70.70983,46.93572],[-70.69752,46.94206],[-70.68484,46.94921],[-70.68243,46.95014],[-70.67631,46.95169],[-70.67184,46.95385],[-70.66855,46.95418],[-70.65989,46.9513],[-70.65788,46.95114],[-70.65585,46.95144],[-70.63385,46.96118],[-70.62171,46.96751],[-70.61142,46.97231],[-70.60711,46.97417],[-70.59518,46.97833],[-70.59149,46.97858],[-70.58243,46.97628],[-70.58091,46.97611],[-70.57896,46.97636],[-70.55419,46.98498],[-70.55106,46.98519],[-70.54375,46.98497],[-70.54147,46.98528],[-70.52426,46.99105],[-70.51479,46.99706],[-70.50943,47.00006],[-70.49803,47.00551],[-70.4889,47.01168],[-70.4839,47.01619],[-70.48263,47.01817],[-70.48131,47.02111],[-70.48045,47.02207],[-70.47633,47.02478],[-70.46885,47.03043],[-70.4659,47.03312],[-70.46009,47.0369],[-70.45843,47.03831],[-70.45586,47.04301],[-70.45421,47.05131],[-70.45198,47.05757],[-70.45177,47.06422],[-70.45112,47.06506],[-70.44769,47.06758],[-70.44331,47.07179],[-70.43984,47.07383],[-70.43696,47.07622],[-70.42478,47.08316],[-70.41753,47.0904],[-70.41049,47.09422],[-70.40135,47.1002],[-70.39615,47.10499],[-70.38509,47.11051],[-70.38051,47.116],[-70.37902,47.11868],[-70.3743,47.1256],[-70.36851,47.13041],[-70.36615,47.13146],[-70.36378,47.13208],[-70.36171,47.13356],[-70.3569,47.13584],[-70.34929,47.1403],[-70.34451,47.1437],[-70.34021,47.1463],[-70.3343,47.15155],[-70.32338,47.1586],[-70.32199,47.15905],[-70.31807,47.15946],[-70.31615,47.16047],[-70.31471,47.16244],[-70.31463,47.16518],[-70.31404,47.16619],[-70.30774,47.17051],[-70.30514,47.17342],[-70.30402,47.1789],[-70.29921,47.18542],[-70.29212,47.19078],[-70.28029,47.19782],[-70.27289,47.2013],[-70.2702,47.20294],[-70.26953,47.20435],[-70.26997,47.21044],[-70.26953,47.21523],[-70.26874,47.21627],[-70.26516,47.21793]]}},{"type":"Feature","properties":{"name":"C1 Route 1 Canada - Saint-Jean-Port-Joli, QC to Riviere-du-Loup, QC (proposed) W-E Connected 93.5km fixed"},"geometry":{"type":"LineString","coordinates":[[-70.26516,47.21793],[-70.25691,47.22286],[-70.24727,47.22949],[-70.23811,47.23728],[-70.23439,47.24364],[-70.22665,47.25014],[-70.22606,47.25132],[-70.22517,47.25632],[-70.22537,47.25954],[-70.21888,47.26706],[-70.21818,47.27243],[-70.21562,47.28145],[-70.21484,47.28302],[-70.21167,47.28654],[-70.20894,47.29046],[-70.20649,47.29314],[-70.20225,47.29615],[-70.19677,47.30178],[-70.19523,47.30288],[-70.19244,47.3042],[-70.18573,47.30646],[-70.18135,47.30951],[-70.17812,47.31099],[-70.16849,47.31058],[-70.16042,47.31082],[-70.15561,47.31272],[-70.1513,47.31568],[-70.14966,47.31625],[-70.14449,47.31566],[-70.1435,47.31585],[-70.13886,47.31802],[-70.13789,47.31871],[-70.13829,47.31932],[-70.13653,47.32037],[-70.13264,47.32114],[-70.12606,47.32594],[-70.10888,47.33263],[-70.08488,47.34905],[-70.08189,47.35206],[-70.08176,47.35258],[-70.08222,47.3542],[-70.08184,47.35505],[-70.07908,47.356],[-70.07536,47.35782],[-70.07003,47.36257],[-70.06103,47.36865],[-70.05545,47.37383],[-70.05453,47.37504],[-70.05311,47.37609],[-70.05287,47.37717],[-70.05373,47.37781],[-70.0528,47.37799],[-70.05175,47.37912],[-70.04945,47.37982],[-70.04799,47.38157],[-70.0436,47.38893],[-70.04198,47.39076],[-70.0329,47.40562],[-70.03178,47.40684],[-70.02832,47.40899],[-70.02234,47.41079],[-70.02144,47.41261],[-70.02025,47.41355],[-70.01876,47.41399],[-70.01714,47.41401],[-70.01718,47.41489],[-70.01657,47.415],[-70.01618,47.42018],[-70.01672,47.4264],[-70.01566,47.43083],[-70.01698,47.43266],[-70.02144,47.4358],[-70.02219,47.43666],[-70.02239,47.43811],[-70.02134,47.43964],[-70.01266,47.44417],[-70.00725,47.44623],[-70.0035,47.44839],[-70.00187,47.45005],[-70.00079,47.45298],[-69.99876,47.45484],[-69.99457,47.45713],[-69.98969,47.46087],[-69.98515,47.46276],[-69.98007,47.46703],[-69.97805,47.46788],[-69.9733,47.47078],[-69.96778,47.47446],[-69.9663,47.47596],[-69.96361,47.47738],[-69.95385,47.48568],[-69.9441,47.49468],[-69.93941,47.50005],[-69.93478,47.50706],[-69.9288,47.51284],[-69.92643,47.51403],[-69.92161,47.51757],[-69.91961,47.51837],[-69.9166,47.51857],[-69.90987,47.51791],[-69.90183,47.51985],[-69.89901,47.52178],[-69.89148,47.52788],[-69.88958,47.5298],[-69.88231,47.54015],[-69.88201,47.54187],[-69.88218,47.54792],[-69.87933,47.55242],[-69.87752,47.55655],[-69.87207,47.56166],[-69.87158,47.56292],[-69.86907,47.56609],[-69.86629,47.56639],[-69.86003,47.56865],[-69.84467,47.57669],[-69.84317,47.57706],[-69.83393,47.57771],[-69.82604,47.58241],[-69.81683,47.58714],[-69.80455,47.59562],[-69.79735,47.6017],[-69.79021,47.60632],[-69.78693,47.61044],[-69.78208,47.61495],[-69.77627,47.62201],[-69.76958,47.62874],[-69.76514,47.6326],[-69.76132,47.63789],[-69.75864,47.63992],[-69.75626,47.64443],[-69.75207,47.64686],[-69.74908,47.64801],[-69.74747,47.6491],[-69.74522,47.65185],[-69.74225,47.65457],[-69.73683,47.66222],[-69.7366,47.66342],[-69.73677,47.66717],[-69.7363,47.6682],[-69.73507,47.66955],[-69.72934,47.67386],[-69.72651,47.67491],[-69.72494,47.67596],[-69.712,47.68818],[-69.70633,47.68991],[-69.70121,47.69091],[-69.69752,47.69288],[-69.69187,47.69941],[-69.68798,47.70277],[-69.68408,47.70782],[-69.67395,47.71592],[-69.66775,47.72178],[-69.66482,47.72333],[-69.65493,47.72587],[-69.6534,47.72651],[-69.65159,47.72761],[-69.64702,47.73192],[-69.6386,47.73872],[-69.6326,47.74203],[-69.62925,47.74593],[-69.62313,47.75183],[-69.61608,47.7603],[-69.60931,47.76662],[-69.6051,47.77129],[-69.59066,47.78548],[-69.5893,47.7878],[-69.58635,47.8021],[-69.5856,47.80351],[-69.58099,47.80912],[-69.56416,47.8187],[-69.56176,47.81921],[-69.55791,47.82108],[-69.53717,47.83587]]}},{"type":"Feature","properties":{"name":"C1 Track 002 South of Quebec City WB"},"geometry":{"type":"LineString","coordinates":[[-71.27181,46.75936],[-71.27578,46.75733]]}},{"type":"Feature","properties":{"name":"C1 Chemin de la Butte 001 QC WB"},"geometry":{"type":"LineString","coordinates":[[-71.40665,46.74111],[-71.40964,46.74132]]}},{"type":"Feature","properties":{"name":"C1 Route 1 Canada - Portneuf, QC to Quebec City, QC (proposed) W-E Connected 64.7km fixed"},"geometry":{"type":"LineString","coordinates":[[-71.89761,46.68391],[-71.88463,46.69208],[-71.88282,46.6928],[-71.87957,46.69342],[-71.84423,46.69263],[-71.8408,46.69202],[-71.82399,46.68705],[-71.81455,46.68313],[-71.80962,46.68037],[-71.791,46.67227],[-71.78443,46.67089],[-71.77394,46.66974],[-71.76287,46.67063],[-71.75866,46.67191],[-71.75666,46.67355],[-71.75568,46.67883],[-71.7546,46.68111],[-71.7522,46.68275],[-71.7495,46.6835],[-71.74718,46.68356],[-71.72687,46.68202],[-71.68986,46.67578],[-71.68709,46.67579],[-71.68278,46.67684],[-71.67697,46.6776],[-71.67438,46.67844],[-71.66946,46.68198],[-71.6657,46.68347],[-71.65924,46.68705],[-71.64817,46.69087],[-71.64372,46.69367],[-71.63783,46.69662],[-71.62827,46.69906],[-71.62549,46.69947],[-71.61656,46.69978],[-71.60908,46.70131],[-71.60739,46.70139],[-71.60533,46.70114],[-71.59613,46.69887],[-71.59098,46.69682],[-71.58367,46.6979],[-71.58151,46.69864],[-71.57782,46.69916],[-71.57195,46.70055],[-71.5704,46.70112],[-71.56866,46.70225],[-71.56652,46.70457],[-71.56534,46.70702],[-71.56411,46.70838],[-71.5609,46.71058],[-71.55887,46.71248],[-71.55744,46.71318],[-71.5565,46.71325],[-71.55,46.71622],[-71.53602,46.72613],[-71.52624,46.73139],[-71.5233,46.73224],[-71.45643,46.74385],[-71.44831,46.7449],[-71.44387,46.74645],[-71.43482,46.74014],[-71.43236,46.73924],[-71.42512,46.73945],[-71.41395,46.74137],[-71.40838,46.74127],[-71.40552,46.74094],[-71.39937,46.73918],[-71.40001,46.73765],[-71.39803,46.73718],[-71.39697,46.7362],[-71.39675,46.73492],[-71.39254,46.73476],[-71.38152,46.73647],[-71.37903,46.736],[-71.37535,46.73614],[-71.37223,46.73664],[-71.36763,46.73637],[-71.36205,46.73879],[-71.35946,46.73889],[-71.35697,46.73938],[-71.35487,46.74153],[-71.35231,46.74513],[-71.34898,46.74706],[-71.34551,46.74813],[-71.34211,46.74768],[-71.34194,46.74921],[-71.34051,46.75152],[-71.33918,46.75459],[-71.33264,46.74922],[-71.32986,46.74999],[-71.3273,46.75145],[-71.32582,46.75187],[-71.32323,46.75227],[-71.31957,46.75235],[-71.31208,46.75426],[-71.3064,46.75441],[-71.29785,46.75623],[-71.28994,46.75742],[-71.28709,46.75529],[-71.28698,46.75473],[-71.28101,46.75509],[-71.27872,46.75578],[-71.27181,46.75936],[-71.27083,46.75821],[-71.27287,46.75629],[-71.27228,46.75562],[-71.2716,46.75605],[-71.27014,46.75792],[-71.26737,46.75914],[-71.26627,46.75995],[-71.263,46.76334],[-71.26109,46.7648],[-71.25349,46.76933],[-71.24992,46.77062],[-71.24496,46.77154],[-71.24325,46.77247],[-71.2425,46.77326],[-71.24219,46.77423],[-71.24338,46.77651],[-71.24331,46.77777],[-71.24039,46.78061],[-71.23866,46.78475],[-71.23573,46.78646],[-71.23225,46.79043],[-71.22881,46.79305],[-71.22574,46.7943],[-71.21985,46.79771],[-71.21691,46.79845],[-71.21262,46.80127],[-71.21001,46.80179],[-71.20784,46.80282],[-71.20552,46.80482],[-71.20418,46.80696],[-71.20328,46.80883],[-71.20308,46.81111]]}},{"type":"Feature","properties":{"name":"C1 Route 1 Canada - Trois-Rivieres, QC to Portneif, QC (proposed) W-E Connected 71.9km fixed"},"geometry":{"type":"LineString","coordinates":[[-72.54718,46.33733],[-72.54464,46.33651],[-72.54227,46.33944],[-72.54148,46.33919],[-72.54063,46.34014],[-72.5386,46.34143],[-72.53759,46.34159],[-72.53581,46.34262],[-72.53587,46.34305],[-72.53515,46.34363],[-72.53577,46.34422],[-72.53284,46.3459],[-72.53316,46.34618],[-72.5328,46.34687],[-72.53305,46.34709],[-72.53247,46.34751],[-72.53273,46.34784],[-72.53248,46.34836],[-72.53629,46.35209],[-72.53945,46.35607],[-72.52983,46.36365],[-72.52354,46.36243],[-72.52025,46.36146],[-72.51911,46.36082],[-72.51187,46.35953],[-72.50829,46.35962],[-72.50618,46.36044],[-72.50238,46.36268],[-72.50126,46.36462],[-72.50111,46.36654],[-72.49897,46.36864],[-72.4975,46.37178],[-72.49575,46.37296],[-72.4929,46.37612],[-72.49017,46.37792],[-72.48687,46.38082],[-72.46527,46.39392],[-72.46068,46.39508],[-72.4553,46.39528],[-72.44733,46.39661],[-72.44494,46.39735],[-72.4404,46.39972],[-72.43542,46.40371],[-72.4316,46.4059],[-72.42233,46.40994],[-72.41778,46.41246],[-72.40424,46.41352],[-72.39724,46.41527],[-72.38355,46.42107],[-72.37072,46.42792],[-72.3649,46.4317],[-72.35518,46.43657],[-72.35177,46.43784],[-72.34883,46.43956],[-72.34614,46.44059],[-72.33649,46.44192],[-72.3188,46.44307],[-72.29553,46.44638],[-72.28963,46.44697],[-72.28738,46.44803],[-72.28426,46.45068],[-72.27668,46.45354],[-72.27488,46.45516],[-72.27428,46.45614],[-72.26786,46.46937],[-72.26274,46.47896],[-72.25917,46.48357],[-72.25517,46.49028],[-72.25128,46.49446],[-72.24953,46.49761],[-72.24712,46.50044],[-72.24719,46.50394],[-72.24636,46.506],[-72.24561,46.51364],[-72.2459,46.51644],[-72.24688,46.51859],[-72.24519,46.52253],[-72.2445,46.52348],[-72.24372,46.5239],[-72.23908,46.52411],[-72.23694,46.52503],[-72.23615,46.52586],[-72.23263,46.53698],[-72.22573,46.54498],[-72.22398,46.54949],[-72.22254,46.55195],[-72.22043,46.55423],[-72.21512,46.55893],[-72.2115,46.56538],[-72.21113,46.56847],[-72.20919,46.56988],[-72.20832,46.57105],[-72.20559,46.57202],[-72.20306,46.57208],[-72.19125,46.56967],[-72.18839,46.56953],[-72.17075,46.57371],[-72.16292,46.57513],[-72.15787,46.57557],[-72.15672,46.57597],[-72.15386,46.57791],[-72.14588,46.58463],[-72.14043,46.5884],[-72.13771,46.5892],[-72.13051,46.59029],[-72.12298,46.59295],[-72.11568,46.59301],[-72.11092,46.59541],[-72.10878,46.59589],[-72.08809,46.59801],[-72.08511,46.59797],[-72.07771,46.59644],[-72.06986,46.5967],[-72.05675,46.59334],[-72.0433,46.59133],[-72.02974,46.59398],[-72.0283,46.59481],[-72.01627,46.60662],[-72.00857,46.61342],[-72.0064,46.61472],[-72.00252,46.61627],[-71.99584,46.62213],[-71.98603,46.62658],[-71.97946,46.62787],[-71.97677,46.62882],[-71.9665,46.63466],[-71.96028,46.63757],[-71.95546,46.63911],[-71.9503,46.64003],[-71.94777,46.64084],[-71.93981,46.64591],[-71.9294,46.64892],[-71.92769,46.6509],[-71.92732,46.65318],[-71.92343,46.66059],[-71.92271,46.66258],[-71.92216,46.66652],[-71.92141,46.66774],[-71.91205,46.67512],[-71.89761,46.68391]]}},{"type":"Feature","properties":{"name":"C1 Rue Commerciale QC WB"},"geometry":{"type":"LineString","coordinates":[[-71.72687,46.68202],[-71.73203,46.68243]]}},{"type":"Feature","properties":{"name":"C1 Rue Royale 001 QC WB"},"geometry":{"type":"LineString","coordinates":[[-72.5504,46.3335],[-72.55176,46.33351],[-72.55198,46.33288],[-72.56332,46.32541],[-72.56544,46.3235],[-72.57079,46.31607],[-72.57735,46.31228]]}},{"type":"Feature","properties":{"name":"C1 Rue Sainte-Anne Ouest QC WB"},"geometry":{"type":"LineString","coordinates":[[-72.87476,46.26381],[-72.87745,46.26253],[-72.88033,46.26192]]}},{"type":"Feature","properties":{"name":"C1 Rue Suzanne-Lamy QC WB"},"geometry":{"type":"LineString","coordinates":[[-71.39957,46.73856],[-71.39926,46.73925],[-71.40062,46.73954]]}},{"type":"Feature","properties":{"name":"C1 Track 008 Route Verte QC WB"},"geometry":{"type":"LineString","coordinates":[[-72.53316,46.34618],[-72.53337,46.34649],[-72.5328,46.34687]]}},{"type":"Feature","properties":{"name":"C1 and C3 Lanoraie, QC to Trois-Rivieres, QC (proposed) W-E Connected 70.0km fixed"},"geometry":{"type":"LineString","coordinates":[[-73.18544,46.01634],[-73.18419,46.01928],[-73.18318,46.02446],[-73.18237,46.02698],[-73.18046,46.03835],[-73.18131,46.05051],[-73.18265,46.05694],[-73.1824,46.05949],[-73.1814,46.06334],[-73.18129,46.06571],[-73.18605,46.07973],[-73.18595,46.08157],[-73.18532,46.08289],[-73.18184,46.08776],[-73.17906,46.09063],[-73.16208,46.10095],[-73.15059,46.10872],[-73.14943,46.10977],[-73.14865,46.11158],[-73.14167,46.14],[-73.14057,46.14203],[-73.1225,46.15568],[-73.11332,46.16164],[-73.08852,46.17907],[-73.05759,46.19979],[-73.01925,46.22086],[-73.01147,46.22418],[-73.00199,46.23028],[-72.95641,46.2552],[-72.95344,46.2559],[-72.94867,46.25554],[-72.93031,46.25664],[-72.90896,46.25905],[-72.89821,46.26135],[-72.89308,46.26202],[-72.89,46.26219],[-72.88085,46.26189],[-72.87777,46.26219],[-72.85278,46.27489],[-72.83959,46.27888],[-72.83182,46.28174],[-72.82235,46.28697],[-72.8203,46.28779],[-72.79233,46.29157],[-72.77728,46.2912],[-72.7747,46.29138],[-72.76595,46.29396],[-72.75152,46.29685],[-72.74424,46.29779],[-72.73817,46.29795],[-72.72409,46.29705],[-72.71657,46.29417],[-72.70633,46.29114],[-72.6946,46.28678],[-72.67793,46.28483],[-72.67454,46.28281],[-72.67027,46.27949],[-72.6686,46.27909],[-72.66572,46.27903],[-72.66286,46.28057],[-72.65809,46.2848],[-72.65348,46.28671],[-72.65058,46.28733],[-72.64489,46.28696],[-72.639,46.28893],[-72.63292,46.29012],[-72.62518,46.29222],[-72.62289,46.2932],[-72.61621,46.29693],[-72.59988,46.30127],[-72.59482,46.30312],[-72.57114,46.31555],[-72.56452,46.32426],[-72.55189,46.33277],[-72.55106,46.33287],[-72.54988,46.33372],[-72.54718,46.33733]]}},{"type":"Feature","properties":{"name":"C1 and C3 EB Track 006 WB"},"geometry":{"type":"LineString","coordinates":[[-73.49296,45.68953],[-73.49253,45.68943]]}},{"type":"Feature","properties":{"name":"C1 Montreal, QC to Lanoraie, QC (proposed) W-E Connected 67.8km pt1-1 fixed"},"geometry":{"type":"LineString","coordinates":[[-73.55734,45.51347],[-73.54965,45.52131],[-73.54908,45.52194],[-73.5494,45.52209],[-73.54799,45.52362],[-73.54614,45.52487],[-73.5455,45.52723],[-73.54437,45.52959],[-73.54398,45.53246],[-73.54327,45.53331],[-73.54168,45.53695],[-73.53881,45.5404],[-73.53809,45.54066],[-73.53821,45.5411],[-73.5371,45.54249],[-73.53497,45.54636],[-73.53526,45.54711],[-73.53471,45.54718],[-73.53426,45.54783],[-73.5337,45.5477],[-73.53348,45.54794],[-73.53381,45.54858],[-73.53164,45.55122],[-73.53151,45.55196],[-73.529,45.55583],[-73.52807,45.55667],[-73.52817,45.55725],[-73.52745,45.55839],[-73.52683,45.55867],[-73.52522,45.56072],[-73.5239,45.56485],[-73.52346,45.56487],[-73.52258,45.56734],[-73.52119,45.56988],[-73.50826,45.58467],[-73.50796,45.58542],[-73.50801,45.58731],[-73.51032,45.59265],[-73.51021,45.59336],[-73.50915,45.59411],[-73.51045,45.59734],[-73.5106,45.59979],[-73.51026,45.60031],[-73.5105,45.60275],[-73.51008,45.60596],[-73.50965,45.60692],[-73.50982,45.60764],[-73.5089,45.6104],[-73.50957,45.61052],[-73.50931,45.61125],[-73.51025,45.61141],[-73.50791,45.61732],[-73.50411,45.62381],[-73.50024,45.62736],[-73.49873,45.62709],[-73.49769,45.6279],[-73.49684,45.62775],[-73.49609,45.628],[-73.49619,45.62843],[-73.49519,45.63002],[-73.49947,45.6309],[-73.49297,45.6385],[-73.49179,45.64191],[-73.49175,45.64586],[-73.49231,45.64926],[-73.49267,45.64972],[-73.49341,45.65579],[-73.49375,45.65597],[-73.49422,45.65886],[-73.49498,45.66522],[-73.49564,45.66794],[-73.4958,45.67076],[-73.49559,45.67072],[-73.49491,45.67304],[-73.49353,45.67294],[-73.49138,45.68238],[-73.49336,45.68278],[-73.49301,45.68755],[-73.49253,45.68943],[-73.48662,45.68859],[-73.4829,45.69205],[-73.48259,45.69292],[-73.48299,45.69364],[-73.48169,45.69804],[-73.48019,45.70129],[-73.4833,45.70095],[-73.48399,45.70758],[-73.48332,45.70954],[-73.48154,45.71093],[-73.47515,45.7141],[-73.47482,45.71434],[-73.47508,45.71474],[-73.47243,45.71599],[-73.46219,45.72199],[-73.45963,45.72392],[-73.45869,45.72499],[-73.45606,45.72998],[-73.45507,45.73127],[-73.45107,45.73458],[-73.44592,45.7396],[-73.44212,45.74174],[-73.43913,45.74411],[-73.42373,45.76159],[-73.42038,45.76475],[-73.40978,45.776],[-73.40402,45.78034],[-73.39605,45.78887],[-73.39291,45.79149],[-73.3882,45.79463],[-73.38361,45.79704],[-73.38073,45.79934],[-73.3798,45.80049],[-73.37829,45.8037],[-73.3758,45.80756],[-73.36982,45.81854],[-73.36497,45.8233],[-73.36349,45.82411],[-73.3558,45.82639],[-73.35251,45.82798],[-73.34946,45.82898],[-73.33768,45.83115],[-73.33131,45.83313],[-73.32279,45.84142],[-73.31921,45.84533],[-73.31747,45.84782],[-73.31261,45.85107],[-73.30812,45.85643],[-73.30195,45.8623],[-73.2992,45.86566],[-73.29759,45.8695],[-73.27999,45.88158],[-73.27352,45.88872],[-73.26911,45.89605],[-73.26774,45.8998],[-73.26524,45.90382],[-73.26446,45.90714],[-73.26301,45.91109],[-73.26061,45.91553],[-73.25847,45.91867],[-73.25394,45.92373],[-73.25197,45.92548],[-73.24528,45.92846],[-73.24133,45.93147],[-73.23722,45.93625],[-73.23376,45.93908],[-73.23237,45.94161],[-73.23064,45.94282],[-73.22818,45.94867],[-73.22294,45.95551],[-73.21968,45.95869],[-73.21805,45.95804],[-73.21681,45.95861],[-73.21227,45.96415],[-73.20657,45.96802],[-73.20152,45.97328],[-73.19642,45.97954],[-73.19608,45.98027],[-73.19618,45.9819],[-73.19366,45.98493],[-73.19047,45.99311],[-73.1881,46.0024],[-73.18719,46.00797],[-73.18569,46.01324],[-73.18544,46.01634]]}},{"type":"Feature","properties":{"name":"C1 Rue Notre-Dame 001 WB"},"geometry":{"type":"LineString","coordinates":[[-73.17686,46.09213],[-73.17849,46.09106]]}},{"type":"Feature","properties":{"name":"C1 Rue Victoria WB"},"geometry":{"type":"LineString","coordinates":[[-73.49293,45.68964],[-73.49296,45.68953]]}},{"type":"Feature","properties":{"name":"C1 Track 006 WB"},"geometry":{"type":"LineString","coordinates":[[-73.48274,45.69246],[-73.48667,45.68862],[-73.49293,45.68964]]}},{"type":"Feature","properties":{"name":"C1 Track 032 WB"},"geometry":{"type":"LineString","coordinates":[[-73.49172,45.68249],[-73.49147,45.68247]]}},{"type":"Feature","properties":{"name":"C1 Track 054 WB"},"geometry":{"type":"LineString","coordinates":[[-73.51055,45.59895],[-73.51061,45.59851]]}},{"type":"Feature","properties":{"name":"C1 Grenville-sur-la-Rouge, QC to Montreal, QC (proposed) W-E Connected 116km pt2-2 fixed"},"geometry":{"type":"LineString","coordinates":[[-73.87815,45.5357],[-73.87757,45.53558],[-73.87656,45.53468],[-73.87509,45.53502],[-73.87402,45.53479],[-73.86746,45.53759],[-73.8607,45.539],[-73.85216,45.54284],[-73.85016,45.54328],[-73.84951,45.54306],[-73.83423,45.52763],[-73.83202,45.52695],[-73.8278,45.52683],[-73.82621,45.52709],[-73.81975,45.52072],[-73.81037,45.52033],[-73.80526,45.51911],[-73.79821,45.51848],[-73.79492,45.51781],[-73.79155,45.51793],[-73.78523,45.51899],[-73.78025,45.52086],[-73.78183,45.52249],[-73.7726,45.52582],[-73.76534,45.52662],[-73.75839,45.52851],[-73.75543,45.52965],[-73.75282,45.5293],[-73.75135,45.52948],[-73.7449,45.53261],[-73.74015,45.53437],[-73.73495,45.53579],[-73.73337,45.53659],[-73.73059,45.53688],[-73.72949,45.538],[-73.72715,45.53943],[-73.72547,45.53979],[-73.7216,45.53982],[-73.71494,45.54159],[-73.71185,45.54411],[-73.70724,45.54702],[-73.70103,45.54961]]}},{"type":"Feature","properties":{"name":"C1 Boulevard L\u00e9vesque Ouest 029 WB"},"geometry":{"type":"LineString","coordinates":[[-73.73007,45.53737],[-73.73099,45.53687],[-73.73373,45.53646]]}},{"type":"Feature","properties":{"name":"C1 Boulevard L\u00e9vesque Ouest 051 WB"},"geometry":{"type":"LineString","coordinates":[[-73.75543,45.52965],[-73.76493,45.52682],[-73.77266,45.52592],[-73.78183,45.52249]]}},{"type":"Feature","properties":{"name":"C1 Rue Principale 004 WB"},"geometry":{"type":"LineString","coordinates":[[-73.84904,45.54241],[-73.84943,45.54342],[-73.85016,45.54328]]}},{"type":"Feature","properties":{"name":"C1 Ottawa, ON to Grenville-sur-la-Rouge, QC (proposed) W-E Connected 94.3km pt2 fixed"},"geometry":{"type":"LineString","coordinates":[[-75.70776,45.43106],[-75.70772,45.43231],[-75.70714,45.43297],[-75.70797,45.43396],[-75.70785,45.43466],[-75.70723,45.43515],[-75.70713,45.4372],[-75.70668,45.43812],[-75.70694,45.43929],[-75.70639,45.43973],[-75.70546,45.44176],[-75.70599,45.44247],[-75.70764,45.44198],[-75.70889,45.44239],[-75.71142,45.44122],[-75.71261,45.44227],[-75.71303,45.44305],[-75.71182,45.44799],[-75.7102,45.4494],[-75.70692,45.44994],[-75.70736,45.45102],[-75.70448,45.45279],[-75.7034,45.45419],[-75.70169,45.45501],[-75.70144,45.45549],[-75.70207,45.45577],[-75.69994,45.45773],[-75.70036,45.45798],[-75.69895,45.45681],[-75.69688,45.45584],[-75.69416,45.45557],[-75.69184,45.45575],[-75.68932,45.45728],[-75.68625,45.46047],[-75.68141,45.46403],[-75.68046,45.46443],[-75.68023,45.46513],[-75.67682,45.46925],[-75.67281,45.47345],[-75.67396,45.48285],[-75.6667,45.48438],[-75.65843,45.48314],[-75.65127,45.48349],[-75.6509,45.48376],[-75.64667,45.48426],[-75.635,45.48491],[-75.6176,45.48265],[-75.61521,45.48272],[-75.61227,45.48327],[-75.5955,45.49021],[-75.57638,45.49538],[-75.5667,45.50081],[-75.56145,45.50433],[-75.55906,45.50502],[-75.54626,45.50684],[-75.54409,45.50779],[-75.5398,45.51096],[-75.53805,45.51185],[-75.52628,45.51455],[-75.51974,45.51698],[-75.51057,45.51849],[-75.50532,45.51984],[-75.49554,45.52165],[-75.48729,45.52356],[-75.48275,45.52528],[-75.47508,45.52915],[-75.46979,45.53115],[-75.46189,45.5324],[-75.45346,45.53453],[-75.43693,45.53944],[-75.43163,45.54195],[-75.42655,45.54244],[-75.42165,45.54583],[-75.42094,45.54541],[-75.41979,45.54381],[-75.41828,45.54359],[-75.40139,45.5479],[-75.38437,45.55077],[-75.37229,45.55448],[-75.33473,45.56061],[-75.32889,45.56364],[-75.31636,45.56712],[-75.30024,45.57441],[-75.28512,45.58046],[-75.27447,45.58546],[-75.2727,45.58673],[-75.26932,45.59021],[-75.26403,45.59309],[-75.26137,45.59393],[-75.25216,45.59468],[-75.24107,45.59729],[-75.22579,45.59859],[-75.21891,45.59832],[-75.21534,45.59889],[-75.21148,45.59995],[-75.18967,45.6019],[-75.17837,45.60419],[-75.16855,45.60456],[-75.1683,45.60196],[-75.16469,45.60191],[-75.16424,45.60226],[-75.16302,45.6023],[-75.16073,45.60144],[-75.15494,45.60169],[-75.15462,45.60224],[-75.13901,45.60229],[-75.13747,45.60194],[-75.13602,45.60024],[-75.13438,45.59921],[-75.13246,45.59976],[-75.13214,45.60029],[-75.13137,45.60064],[-75.13098,45.60153],[-75.12956,45.60174],[-75.12973,45.60242],[-75.12884,45.60369],[-75.12518,45.60544],[-75.10145,45.60704],[-75.09357,45.60986],[-75.08908,45.61016],[-75.06974,45.61324],[-75.06106,45.61337],[-75.05911,45.61407],[-75.05542,45.61649],[-75.05366,45.61697],[-75.05206,45.61693],[-75.04561,45.61535],[-75.04276,45.61502],[-75.03427,45.6153],[-75.02746,45.61667],[-75.01592,45.61731],[-75.0135,45.6171],[-75.00988,45.61601],[-75.00651,45.61625],[-75.0048,45.61689],[-75.00043,45.61958],[-74.99817,45.62226],[-74.99669,45.62327],[-74.99092,45.62421],[-74.98936,45.62488],[-74.98834,45.62585],[-74.98477,45.63096],[-74.98186,45.63333],[-74.94997,45.64979],[-74.93583,45.65035],[-74.93256,45.6496],[-74.93125,45.64962],[-74.92509,45.65029],[-74.91889,45.65164],[-74.91439,45.65171],[-74.91215,45.65121],[-74.90508,45.64859],[-74.90235,45.64798],[-74.89155,45.64778],[-74.88706,45.64645],[-74.86799,45.64415],[-74.86482,45.64407],[-74.85728,45.64206],[-74.84677,45.64076],[-74.83437,45.64088],[-74.82326,45.64315],[-74.81618,45.64356],[-74.79976,45.64758],[-74.7983,45.64737],[-74.79348,45.64559],[-74.78793,45.64568],[-74.78541,45.64644],[-74.78168,45.65023],[-74.77915,45.65091],[-74.77235,45.64918],[-74.76524,45.64653],[-74.75993,45.64496],[-74.7577,45.6447],[-74.75163,45.64499],[-74.7445,45.64435],[-74.74142,45.64365],[-74.73687,45.64178],[-74.73505,45.64141],[-74.7193,45.6427],[-74.71076,45.64188],[-74.70672,45.64191],[-74.6958,45.64378],[-74.6889,45.64369]]}},{"type":"Feature","properties":{"name":"C1 Grenville-sur-la-Rouge, QC to Montreal, QC (proposed) W-E Connected 116km pt1 fixed"},"geometry":{"type":"LineString","coordinates":[[-74.6889,45.64369],[-74.68534,45.64275],[-74.68236,45.64266],[-74.66839,45.64552],[-74.66282,45.64549],[-74.65739,45.64635],[-74.65124,45.64616],[-74.64542,45.64784],[-74.64013,45.6486],[-74.62812,45.64914],[-74.62473,45.6489],[-74.62407,45.64915],[-74.61811,45.64825],[-74.61433,45.64711],[-74.60135,45.64149],[-74.59812,45.63819],[-74.59795,45.6373],[-74.59873,45.63568],[-74.59891,45.63262],[-74.6,45.6317],[-74.60086,45.63029],[-74.60361,45.62794],[-74.57312,45.62433],[-74.5523,45.62145],[-74.55066,45.62076],[-74.5455,45.61989],[-74.52575,45.61708],[-74.50728,45.61544],[-74.47911,45.61208],[-74.48166,45.60066],[-74.47179,45.59861],[-74.46659,45.59671],[-74.46008,45.59364],[-74.4532,45.58902],[-74.44938,45.58712],[-74.44013,45.58393],[-74.43707,45.58234],[-74.43471,45.58182],[-74.4342,45.58238],[-74.37246,45.57794],[-74.37551,45.56724],[-74.37407,45.56606],[-74.37085,45.56477],[-74.36861,45.56428],[-74.36443,45.56107],[-74.35064,45.55665],[-74.34881,45.55581],[-74.33816,45.56212],[-74.33614,45.56278],[-74.33483,45.56144],[-74.33442,45.55876],[-74.33475,45.55679],[-74.33464,45.54715],[-74.33363,45.5448],[-74.3336,45.54326],[-74.33273,45.53998],[-74.33176,45.53869],[-74.32986,45.53763],[-74.32746,45.53724],[-74.31204,45.53726],[-74.31025,45.53701],[-74.30449,45.53461],[-74.30091,45.53181],[-74.29456,45.52972],[-74.29044,45.52791],[-74.28764,45.52767],[-74.28178,45.52821],[-74.27746,45.52811],[-74.27234,45.52951],[-74.2614,45.53109],[-74.25727,45.53271],[-74.25374,45.53335],[-74.24468,45.53221],[-74.23745,45.53086],[-74.23152,45.53054],[-74.22358,45.52689],[-74.22153,45.5264],[-74.21871,45.52684],[-74.20872,45.52945],[-74.19493,45.52878],[-74.18937,45.52943],[-74.18345,45.53084],[-74.18137,45.53075],[-74.17759,45.52899],[-74.16929,45.52279],[-74.16593,45.51805],[-74.15712,45.51128],[-74.15138,45.50232],[-74.14731,45.49876],[-74.14595,45.49799],[-74.13418,45.49386],[-74.13309,45.49319],[-74.13238,45.49216],[-74.13105,45.48786],[-74.13091,45.484],[-74.12844,45.47981],[-74.12803,45.47661],[-74.12411,45.47262],[-74.11422,45.46719],[-74.10509,45.4656],[-74.09041,45.46065],[-74.08877,45.46045]]}},{"type":"Feature","properties":{"name":"C1 and C3 Grenville-sur-la-Rouge, QC to Montreal, QC (proposed) W-E Connected 116km pt2 001 fixed"},"geometry":{"type":"LineString","coordinates":[[-74.08877,45.46045],[-74.0882,45.45996],[-74.08618,45.46112],[-74.08327,45.46216],[-74.08283,45.46165],[-74.07457,45.46451],[-74.07508,45.46512],[-74.07323,45.46588],[-74.07345,45.46658],[-74.07229,45.46764],[-74.06521,45.47038],[-74.0663,45.47181],[-74.06641,45.47225],[-74.06607,45.47279],[-74.06141,45.47502],[-74.06024,45.47487],[-74.05522,45.47731],[-74.0462,45.4789],[-74.04021,45.48185],[-74.02744,45.48345],[-74.0231,45.48457],[-74.01534,45.49031],[-74.00772,45.49363],[-74.00682,45.49482],[-74.00624,45.49688],[-74.00493,45.49783],[-74.00189,45.49784],[-73.99971,45.4958],[-73.99846,45.49409],[-73.99701,45.49327],[-73.98021,45.50274],[-73.97977,45.50374],[-73.97804,45.50385],[-73.95713,45.51552],[-73.94841,45.52074],[-73.93318,45.52888],[-73.92548,45.53462],[-73.92548,45.53501],[-73.92488,45.53509],[-73.92397,45.53582],[-73.91537,45.54317],[-73.9121,45.54424],[-73.91206,45.54469],[-73.91172,45.54469],[-73.91154,45.5443],[-73.90831,45.5441],[-73.90674,45.54332],[-73.90688,45.54305],[-73.90486,45.54159],[-73.90409,45.54189],[-73.90204,45.54065],[-73.89645,45.54435],[-73.89365,45.54233],[-73.89114,45.54129],[-73.88716,45.53831],[-73.88088,45.53184],[-73.87933,45.53274],[-73.87815,45.5357]]}},{"type":"Feature","properties":{"name":"C1 Boulevard Maloney Est 001 WB"},"geometry":{"type":"LineString","coordinates":[[-75.63829,45.48475],[-75.64334,45.48446]]}},{"type":"Feature","properties":{"name":"C1 Boulevard Maloney Est 002 WB"},"geometry":{"type":"LineString","coordinates":[[-75.60125,45.48787],[-75.60491,45.48632]]}},{"type":"Feature","properties":{"name":"C1 Boulevard Maloney Est 004 WB"},"geometry":{"type":"LineString","coordinates":[[-75.6284,45.48418],[-75.63129,45.48461]]}},{"type":"Feature","properties":{"name":"C1 Boulevard Maloney Est 006 WB"},"geometry":{"type":"LineString","coordinates":[[-75.57793,45.49487],[-75.58011,45.49438]]}},{"type":"Feature","properties":{"name":"C1 Chemin de Montr\u00e9al Ouest 001 WB"},"geometry":{"type":"LineString","coordinates":[[-75.48404,45.52472],[-75.48545,45.52422]]}},{"type":"Feature","properties":{"name":"C1 Chemin de Montr\u00e9al Ouest WB"},"geometry":{"type":"LineString","coordinates":[[-75.4864,45.52391],[-75.49578,45.52208],[-75.49769,45.52145]]}},{"type":"Feature","properties":{"name":"C1 Chemin de Montr\u00e9al Ouest 002 WB"},"geometry":{"type":"LineString","coordinates":[[-75.50239,45.52046],[-75.50381,45.52016]]}},{"type":"Feature","properties":{"name":"C1 Rue Main QC WB"},"geometry":{"type":"LineString","coordinates":[[-75.6509,45.48376],[-75.65108,45.48362]]}},{"type":"Feature","properties":{"name":"C1 Track 002 QC WB"},"geometry":{"type":"LineString","coordinates":[[-75.55906,45.50502],[-75.5613,45.50482],[-75.56301,45.50337]]}},{"type":"Feature","properties":{"name":"C1 Track 006 QC WB"},"geometry":{"type":"LineString","coordinates":[[-75.59265,45.49115],[-75.5955,45.49021]]}},{"type":"Feature","properties":{"name":"C1 Track 010 QC WB"},"geometry":{"type":"LineString","coordinates":[[-74.94998,45.64979],[-74.95513,45.64732]]}},{"type":"Feature","properties":{"name":"C1 Carling Avenue 003 WB"},"geometry":{"type":"LineString","coordinates":[[-75.91008,45.33862],[-75.91073,45.33897],[-75.91207,45.33906],[-75.92479,45.34913],[-75.92843,45.34677]]}},{"type":"Feature","properties":{"name":"C1 Terry Fox Drive 003 WB"},"geometry":{"type":"LineString","coordinates":[[-75.93613,45.34191],[-75.93874,45.34029]]}},{"type":"Feature","properties":{"name":"C1 Terry Fox Drive 006 WB"},"geometry":{"type":"LineString","coordinates":[[-75.93265,45.34407],[-75.93514,45.34255]]}},{"type":"Feature","properties":{"name":"C1 Track Ottawa to Renfrew WB"},"geometry":{"type":"LineString","coordinates":[[-75.8498,45.35476],[-75.85336,45.35536]]}},{"type":"Feature","properties":{"name":"C1 and C3 Ottawa, ON to Grenville-sur-la-Rouge, QC (proposed) W-E Connected 94.3km pt1"},"geometry":{"type":"LineString","coordinates":[[-75.71215,45.41898],[-75.71179,45.4185],[-75.7111,45.41843],[-75.71025,45.41868],[-75.71004,45.41911],[-75.71192,45.41993],[-75.71254,45.4207],[-75.71397,45.42398],[-75.71171,45.42485],[-75.70894,45.42538],[-75.70668,45.42712],[-75.70653,45.42809],[-75.70777,45.4291],[-75.70731,45.43018],[-75.70776,45.43106]]}},{"type":"Feature","properties":{"name":"C1 and C3 Renfrew, ON to Ottawa, ON (proposed) W-E Connected 89.5km pt2"},"geometry":{"type":"LineString","coordinates":[[-75.81253,45.352],[-75.81161,45.35263],[-75.80201,45.36267],[-75.79926,45.36453],[-75.79781,45.36534],[-75.79658,45.3656],[-75.7961,45.3663],[-75.78692,45.37134],[-75.78645,45.37178],[-75.7865,45.37226],[-75.78563,45.374],[-75.78162,45.37586],[-75.7805,45.37675],[-75.77954,45.3784],[-75.77767,45.38014],[-75.77705,45.38191],[-75.77642,45.38264],[-75.77476,45.38333],[-75.771,45.38374],[-75.76964,45.38452],[-75.76669,45.38709],[-75.76547,45.38868],[-75.76174,45.39184],[-75.76058,45.39549],[-75.76145,45.39695],[-75.76157,45.39875],[-75.76062,45.39984],[-75.75912,45.40071],[-75.75682,45.4038],[-75.75516,45.40454],[-75.75204,45.4046],[-75.74977,45.40648],[-75.74634,45.4073],[-75.74527,45.40833],[-75.74488,45.41006],[-75.74442,45.41053],[-75.73987,45.41079],[-75.73641,45.41211],[-75.73531,45.4131],[-75.7346,45.41285],[-75.73338,45.41128],[-75.73079,45.41058],[-75.72143,45.41237],[-75.71988,45.41351],[-75.71972,45.41433],[-75.72012,45.41635],[-75.7192,45.41733],[-75.71705,45.41823],[-75.71572,45.41826],[-75.7156,45.41858],[-75.71215,45.41898]]}},{"type":"Feature","properties":{"name":"C1 Highway 17B 001 WB"},"geometry":{"type":"LineString","coordinates":[[-79.51309,46.33382],[-79.51327,46.33419],[-79.51544,46.33416]]}},{"type":"Feature","properties":{"name":"C1 Paquette and Hwy 17 WB"},"geometry":{"type":"LineString","coordinates":[[-77.31189,45.89777],[-77.31279,45.89771],[-77.31363,45.89835]]}},{"type":"Feature","properties":{"name":"C1 Route 1 Canada - North Bay, ON to Mattawa, ON (proposed) W-E Connected UPDATED 88.2km pt4 fixed"},"geometry":{"type":"LineString","coordinates":[[-79.26157,46.20715],[-79.26289,46.21053],[-79.26501,46.21288],[-79.27274,46.22716],[-79.2185,46.24138],[-79.21684,46.23898],[-79.21535,46.2376],[-79.21435,46.23478],[-79.21368,46.23403],[-79.21049,46.2324],[-79.20632,46.22966],[-79.19652,46.22705],[-79.1925,46.22418],[-79.18994,46.21997],[-79.18368,46.21912],[-79.18056,46.21999],[-79.1751,46.22403],[-79.17272,46.22506],[-79.16992,46.22579],[-79.16209,46.22611],[-79.1571,46.22778],[-79.15559,46.22859],[-79.15327,46.2306],[-79.15047,46.23217],[-79.14774,46.23244],[-79.14695,46.23089],[-79.14317,46.23176],[-79.13792,46.22365],[-79.0685,46.24211],[-79.06672,46.24235],[-79.0643,46.24327],[-79.05829,46.24483],[-79.05352,46.24757],[-79.04663,46.24786],[-79.01516,46.25627],[-79.00098,46.23039],[-78.9961,46.23114],[-78.98082,46.23509],[-78.97663,46.23073],[-78.97229,46.22825],[-78.93576,46.23764],[-78.92886,46.23577],[-78.92764,46.2362],[-78.92664,46.23701],[-78.9264,46.23992],[-78.92569,46.2404],[-78.8546,46.25866],[-78.85167,46.25891],[-78.84382,46.26189],[-78.84176,46.26214],[-78.8279,46.26577],[-78.82602,46.26651],[-78.82065,46.26757],[-78.81886,46.26829],[-78.81691,46.26844],[-78.80772,46.25137],[-78.7925,46.25527],[-78.79134,46.25578],[-78.79047,46.2566],[-78.78799,46.25652],[-78.73312,46.27097],[-78.73586,46.27585],[-78.73627,46.27742],[-78.7377,46.27916],[-78.74533,46.29308],[-78.74526,46.29344],[-78.74242,46.2947],[-78.73632,46.29641],[-78.73482,46.29821],[-78.73167,46.30005],[-78.72987,46.30152],[-78.72764,46.30443],[-78.7256,46.30519],[-78.72543,46.30606],[-78.72107,46.30621],[-78.71102,46.30984],[-78.70505,46.31115],[-78.70459,46.31158],[-78.70263,46.31654]]}},{"type":"Feature","properties":{"name":"C1 Route 1 Canada - West Nipissing, ON to North Bay, ON (proposed) W-E Connected 41.9km fixed"},"geometry":{"type":"LineString","coordinates":[[-79.97324,46.37796],[-79.94884,46.367],[-79.94667,46.36647],[-79.94335,46.36627],[-79.89218,46.36529],[-79.71537,46.37011],[-79.70834,46.37041],[-79.70457,46.37106],[-79.70108,46.37097],[-79.69845,46.3704],[-79.6855,46.36613],[-79.67785,46.36421],[-79.66994,46.36318],[-79.65816,46.35987],[-79.63952,46.35334],[-79.63361,46.35274],[-79.62474,46.35357],[-79.62063,46.35318],[-79.56993,46.33804],[-79.56379,46.33743],[-79.54213,46.33851],[-79.53814,46.33773],[-79.52893,46.33438],[-79.52578,46.33407],[-79.51544,46.33416],[-79.51237,46.33368],[-79.50833,46.33194],[-79.4982,46.32523],[-79.49633,46.32478],[-79.49167,46.32461],[-79.48276,46.32155],[-79.48094,46.32137],[-79.46981,46.31618]]}},{"type":"Feature","properties":{"name":"C1 Route 1 Canada - Whitefish, ON to West Nipissing, ON (proposed) W-E Connected 111km fixed pt1"},"geometry":{"type":"LineString","coordinates":[[-81.28078,46.38949],[-81.27495,46.39227],[-81.27257,46.39292],[-81.25488,46.39315],[-81.21227,46.39686],[-81.20946,46.3978],[-81.20637,46.39972],[-81.20308,46.40097],[-81.17084,46.40652],[-81.12942,46.42353],[-81.12131,46.4272],[-81.11798,46.42969],[-81.08534,46.45734],[-81.07916,46.46331],[-81.07721,46.46452],[-81.07531,46.46513],[-81.06525,46.46686],[-81.05262,46.46997],[-81.05036,46.4704],[-81.04911,46.47022],[-81.04472,46.47173],[-81.04142,46.47139],[-81.03892,46.47164],[-81.03779,46.47109],[-81.03523,46.47068],[-81.03152,46.47134],[-81.00932,46.48144],[-81.00712,46.48313],[-81.00544,46.48583],[-81.00084,46.48589],[-80.99678,46.48832],[-80.99421,46.48948],[-80.9878,46.48963],[-80.98604,46.491],[-80.98598,46.49276],[-80.9852,46.49345],[-80.98196,46.49365],[-80.98029,46.49506],[-80.96787,46.49923],[-80.94246,46.50593],[-80.94026,46.50599],[-80.93785,46.50534],[-80.92012,46.49691],[-80.9149,46.49376],[-80.91209,46.49282],[-80.90918,46.49277],[-80.89087,46.49493],[-80.88314,46.4955],[-80.84581,46.49503],[-80.84077,46.49402],[-80.83692,46.49262]]}},{"type":"Feature","properties":{"name":"C1 Route 1 Canada - Whitefish, ON to West Nipissing, ON (proposed) W-E Connected 111km fixed pt2"},"geometry":{"type":"LineString","coordinates":[[-80.83692,46.49262],[-80.82804,46.48892],[-80.82399,46.48818],[-80.80611,46.48779],[-80.79467,46.48709],[-80.78511,46.48734],[-80.77763,46.48705],[-80.77054,46.48777],[-80.76746,46.48891],[-80.75363,46.49775],[-80.74957,46.49856],[-80.74599,46.50022],[-80.74349,46.50098],[-80.73521,46.50173],[-80.72654,46.50376],[-80.71197,46.50812],[-80.70894,46.5098],[-80.69914,46.51243],[-80.69374,46.51566],[-80.68297,46.51963],[-80.65619,46.52322],[-80.64363,46.52191],[-80.64052,46.52104],[-80.63024,46.51666],[-80.61599,46.51399],[-80.61086,46.51164],[-80.59209,46.51067],[-80.58967,46.51035],[-80.5873,46.5096],[-80.56068,46.49503],[-80.55261,46.4891],[-80.54638,46.4813],[-80.54356,46.47961],[-80.5,46.47144],[-80.49334,46.47106],[-80.48578,46.46963],[-80.47317,46.46603],[-80.46971,46.4642],[-80.46096,46.46152],[-80.44979,46.45904],[-80.44348,46.45812],[-80.43724,46.45657],[-80.43143,46.45629],[-80.42172,46.45512],[-80.41627,46.4549],[-80.4142,46.45416],[-80.4077,46.4507],[-80.40587,46.45019],[-80.39432,46.45006],[-80.38952,46.44861],[-80.38744,46.44835],[-80.37642,46.44923],[-80.36721,46.447],[-80.36266,46.44634],[-80.35345,46.44634],[-80.34626,46.44674],[-80.32561,46.44462],[-80.28281,46.43693],[-80.27634,46.43507],[-80.27072,46.43475],[-80.24905,46.43093],[-80.24322,46.43047],[-80.22379,46.43035],[-80.22103,46.43008],[-80.17543,46.42312],[-80.09719,46.40718],[-80.03904,46.40689],[-80.03545,46.40595],[-79.97324,46.37796]]}},{"type":"Feature","properties":{"name":"C1 Valois Drive Mattawa WB"},"geometry":{"type":"LineString","coordinates":[[-78.70082,46.31722],[-78.70226,46.31747],[-78.70253,46.31673]]}},{"type":"Feature","properties":{"name":"C1 Echo Bay Track WB"},"geometry":{"type":"LineString","coordinates":[[-84.06877,46.44151],[-84.06955,46.44177],[-84.06975,46.44249]]}},{"type":"Feature","properties":{"name":"C1 Highway 17B WB"},"geometry":{"type":"LineString","coordinates":[[-84.22921,46.54143],[-84.23118,46.54061]]}},{"type":"Feature","properties":{"name":"C1 Pine Street WB"},"geometry":{"type":"LineString","coordinates":[[-84.30764,46.53871],[-84.30832,46.53876]]}},{"type":"Feature","properties":{"name":"C1 Sault Ste Marie Track 001 WB"},"geometry":{"type":"LineString","coordinates":[[-84.31847,46.53847],[-84.31898,46.53874]]}},{"type":"Feature","properties":{"name":"C1 Trunk Road 004 to Hub Trail Sault Ste Marie WB"},"geometry":{"type":"LineString","coordinates":[[-84.27496,46.52135],[-84.27681,46.52061]]}},{"type":"Feature","properties":{"name":"C1 and C3 Shebandowan, ON to Thunder Bay, ON (proposed) W-E Connected 55.7km pt2 fixed"},"geometry":{"type":"LineString","coordinates":[[-89.64964,48.53413],[-89.64189,48.53459],[-89.63323,48.53243],[-89.63024,48.53198],[-89.61499,48.5321],[-89.61068,48.53308],[-89.60356,48.53671],[-89.59997,48.53724],[-89.59731,48.53678],[-89.58581,48.53294],[-89.58291,48.53265],[-89.56914,48.53518],[-89.56235,48.53601],[-89.55936,48.53594],[-89.55688,48.53518],[-89.53588,48.52602],[-89.5334,48.52565],[-89.52198,48.52526],[-89.51887,48.52476],[-89.51211,48.52113],[-89.50747,48.51936],[-89.50297,48.51509],[-89.50052,48.51381],[-89.49689,48.51325],[-89.48526,48.51425],[-89.48139,48.51378],[-89.47526,48.51115],[-89.46572,48.50858],[-89.44922,48.50524],[-89.43947,48.50075],[-89.43547,48.49806],[-89.43266,48.49704],[-89.42952,48.4967],[-89.42266,48.49751],[-89.41527,48.49607],[-89.40949,48.49669],[-89.40717,48.49654],[-89.39575,48.49357],[-89.39182,48.49089],[-89.38918,48.4901],[-89.38694,48.49012],[-89.38258,48.49118],[-89.37956,48.4914],[-89.34995,48.48843],[-89.34598,48.48831],[-89.34027,48.48871],[-89.33799,48.48844],[-89.33555,48.48753],[-89.32535,48.48199],[-89.31952,48.47964],[-89.31831,48.47879],[-89.31617,48.47631],[-89.31471,48.47545],[-89.30175,48.47197],[-89.29323,48.46871],[-89.28734,48.46549],[-89.26945,48.45979],[-89.263,48.45512],[-89.2519,48.45065],[-89.24861,48.44663],[-89.24582,48.44107],[-89.24224,48.44049],[-89.23015,48.43735],[-89.22802,48.4382],[-89.22603,48.43804],[-89.22204,48.43571]]}},{"type":"Feature","properties":{"name":"C1, C2 and C3 Shebandowan, ON to Thunder Bay, ON (proposed) W-E Connected 55.7km pt1"},"geometry":{"type":"LineString","coordinates":[[-89.88858,48.59329],[-89.88288,48.59155],[-89.87971,48.59092],[-89.85789,48.58854],[-89.8508,48.58684],[-89.8409,48.58658],[-89.83544,48.58422],[-89.83102,48.58361],[-89.82463,48.58217],[-89.81815,48.58166],[-89.81095,48.5788],[-89.80494,48.57511],[-89.80241,48.57456],[-89.79252,48.57435],[-89.78996,48.57385],[-89.76934,48.56641],[-89.76301,48.56495],[-89.75668,48.56158],[-89.74209,48.55608],[-89.73893,48.55564],[-89.73408,48.55581],[-89.73118,48.55552],[-89.72841,48.55474],[-89.72303,48.55212],[-89.71526,48.55116],[-89.70947,48.54925],[-89.70129,48.54824],[-89.69864,48.54693],[-89.69447,48.54347],[-89.69251,48.54272],[-89.68536,48.54283],[-89.67925,48.54527],[-89.67684,48.5458],[-89.67262,48.54545],[-89.66218,48.54052],[-89.65413,48.53886],[-89.6526,48.53825],[-89.65087,48.53696],[-89.64964,48.53413]]}},{"type":"Feature","properties":{"name":"C1 Dawson Road 004 WB"},"geometry":{"type":"LineString","coordinates":[[-89.24982,48.4482],[-89.25192,48.45083],[-89.25695,48.45268]]}},{"type":"Feature","properties":{"name":"C1 Highway 11/17 013 WB"},"geometry":{"type":"LineString","coordinates":[[-88.31709,49.01262],[-88.32138,49.01037],[-88.3234,49.0085],[-88.32439,49.00685],[-88.32853,48.9973],[-88.32969,48.99556],[-88.33456,48.9899],[-88.33539,48.98381],[-88.33646,48.96698],[-88.33693,48.96451],[-88.33807,48.96185],[-88.33975,48.95928],[-88.34174,48.95711],[-88.3471,48.95303],[-88.35213,48.95012],[-88.36221,48.94621],[-88.36396,48.94522],[-88.36608,48.94333],[-88.36698,48.94203],[-88.36779,48.93982],[-88.36784,48.92661]]}},{"type":"Feature","properties":{"name":"C1 Highway 17 Nipigon WB"},"geometry":{"type":"LineString","coordinates":[[-88.23972,49.0202],[-88.24481,49.02045],[-88.25555,49.01911],[-88.27341,49.01856]]}},{"type":"Feature","properties":{"name":"C1 Terry Fox Courage Highway 003 WB"},"geometry":{"type":"LineString","coordinates":[[-88.77015,48.6149],[-88.77545,48.60916],[-88.79829,48.58609],[-88.80266,48.58234],[-88.80665,48.58041],[-88.83527,48.56956],[-88.83966,48.56859],[-88.85275,48.56731],[-88.85264,48.56699]]}},{"type":"Feature","properties":{"name":"C1 Track Shebandowan River WB"},"geometry":{"type":"LineString","coordinates":[[-89.64828,48.53423],[-89.64931,48.5343],[-89.64987,48.53493]]}},{"type":"Feature","properties":{"name":"C1 2nd Street South WB"},"geometry":{"type":"LineString","coordinates":[[-94.48586,49.76523],[-94.48662,49.76522]]}},{"type":"Feature","properties":{"name":"C1 Highway 17 001 WB"},"geometry":{"type":"LineString","coordinates":[[-94.30095,49.73309],[-94.30405,49.73322],[-94.30432,49.73153]]}},{"type":"Feature","properties":{"name":"C1 Highway 17 002 WB"},"geometry":{"type":"LineString","coordinates":[[-94.63948,49.74532],[-94.64229,49.74486],[-94.64577,49.7462],[-94.64988,49.7424],[-94.65456,49.7397]]}},{"type":"Feature","properties":{"name":"C1 Lakeview Drive 003 WB"},"geometry":{"type":"LineString","coordinates":[[-94.54009,49.75862],[-94.54182,49.75863]]}},{"type":"Feature","properties":{"name":"C1, C2 and C3 Whiteshell, MB to Kenora, ON (proposed) W-E Connected 67.9km fix"},"geometry":{"type":"LineString","coordinates":[[-95.33179,49.69068],[-95.28321,49.70387],[-95.27312,49.70533],[-95.26905,49.70637],[-95.26716,49.70734],[-95.26539,49.70883],[-95.25404,49.72589],[-95.25117,49.72837],[-95.24813,49.72965],[-95.2283,49.73587],[-95.22386,49.73671],[-95.16657,49.73784],[-95.14664,49.7398],[-95.12483,49.74063],[-95.11062,49.74319],[-95.10336,49.74342],[-95.09742,49.74255],[-95.08405,49.73889],[-95.06451,49.73254],[-95.04788,49.73008],[-95.03428,49.72926],[-95.02704,49.73003],[-95.01146,49.73091],[-95.00654,49.73055],[-94.99852,49.7294],[-94.98612,49.72717],[-94.96488,49.72804],[-94.96116,49.72748],[-94.95365,49.72538],[-94.93058,49.72159],[-94.91579,49.72178],[-94.89838,49.72057],[-94.89509,49.72104],[-94.89118,49.72231],[-94.88782,49.72246],[-94.88433,49.72149],[-94.87565,49.71755],[-94.86322,49.71462],[-94.85815,49.71378],[-94.85233,49.71162],[-94.8491,49.71134],[-94.84143,49.71157],[-94.83938,49.71181],[-94.83725,49.71257],[-94.83382,49.71515],[-94.83238,49.71588],[-94.82551,49.71713],[-94.82192,49.71687],[-94.80641,49.71398],[-94.80339,49.71368],[-94.80123,49.71388],[-94.7958,49.71532],[-94.78178,49.71653],[-94.7786,49.7165],[-94.76961,49.71532],[-94.75125,49.71618],[-94.73024,49.71893],[-94.72769,49.71887],[-94.72111,49.71775],[-94.71812,49.71787],[-94.70065,49.72453],[-94.68721,49.72922],[-94.66994,49.73375],[-94.65137,49.74104],[-94.63948,49.74532],[-94.63546,49.74642],[-94.63209,49.74692],[-94.62261,49.74687],[-94.60905,49.74784],[-94.59024,49.7518],[-94.58127,49.75522],[-94.57784,49.75601],[-94.57399,49.75641],[-94.56984,49.75636],[-94.56497,49.75742],[-94.55252,49.7574],[-94.54798,49.75867],[-94.54042,49.75857],[-94.53804,49.75881],[-94.53442,49.76004],[-94.53045,49.76082],[-94.52483,49.76404],[-94.52048,49.76599],[-94.51446,49.7677],[-94.51229,49.76753],[-94.50834,49.76569],[-94.50578,49.76562],[-94.50244,49.76721],[-94.49792,49.77029],[-94.49633,49.77083],[-94.49443,49.77084],[-94.49111,49.77008],[-94.49043,49.76852],[-94.49162,49.76669],[-94.4909,49.7664],[-94.48647,49.76519],[-94.47757,49.76527],[-94.47762,49.76277],[-94.47634,49.76091],[-94.47433,49.76005],[-94.4709,49.75988]]}},{"type":"Feature","properties":{"name":"C1 Trans-Canada Highway Winnipeg WB"},"geometry":{"type":"LineString","coordinates":[[-95.36003,49.68295],[-95.37064,49.68],[-95.37488,49.67822],[-95.38111,49.67442],[-95.39753,49.66267],[-95.40085,49.66101],[-95.45127,49.64565],[-95.46009,49.64404],[-95.53774,49.63533],[-95.69385,49.63542],[-95.69763,49.63587],[-95.70101,49.63707],[-95.7157,49.64663],[-95.71819,49.64781],[-95.72252,49.64871],[-95.79331,49.64885],[-95.83436,49.65014],[-95.97272,49.64942],[-95.979,49.65032],[-95.99216,49.65373],[-95.99558,49.65434],[-96.01347,49.65619],[-96.0291,49.65954],[-96.07799,49.66294],[-96.09855,49.66709],[-96.10316,49.66755],[-96.10834,49.66738],[-96.11239,49.66673],[-96.1436,49.65749],[-96.14745,49.65666],[-96.15196,49.65623],[-96.16767,49.65622],[-96.22278,49.65854],[-96.24715,49.65623],[-96.2594,49.65622],[-96.28056,49.65826],[-96.32135,49.66313],[-96.54976,49.66342],[-96.55417,49.66448],[-96.75195,49.74351],[-96.90124,49.80603],[-96.94062,49.8222],[-96.9438,49.82401],[-96.94869,49.8286],[-96.95147,49.8301],[-96.96629,49.83567],[-96.97476,49.83642],[-96.98606,49.841],[-96.99016,49.84286],[-97.00632,49.85375],[-97.00846,49.85484],[-97.01111,49.85568],[-97.01455,49.85606],[-97.0258,49.85514],[-97.0332,49.85597],[-97.04934,49.85613]]}},{"type":"Feature","properties":{"name":"C1 Trans Canada Highway WB"},"geometry":{"type":"LineString","coordinates":[[-95.15436,49.73908],[-95.1789,49.73756]]}},{"type":"Feature","properties":{"name":"C1 and C3 Winnipeg (West), MB to Winnipeg (East), MB (Town and Country Campground) W-E 44.3km pt1 fixed"},"geometry":{"type":"LineString","coordinates":[[-97.50935,49.8874],[-97.50337,49.8877],[-97.50047,49.8875],[-97.49185,49.88512],[-97.47569,49.88202],[-97.42106,49.87738],[-97.41384,49.87712],[-97.40478,49.87599],[-97.39461,49.87544],[-97.38739,49.87533],[-97.36246,49.87611],[-97.30594,49.88281],[-97.30061,49.88284],[-97.27915,49.8794],[-97.26341,49.87543],[-97.26318,49.87506],[-97.2635,49.8733],[-97.26508,49.87053],[-97.26555,49.87045],[-97.26493,49.87143],[-97.26386,49.8715],[-97.26369,49.87122],[-97.26411,49.87024],[-97.26366,49.86994],[-97.26301,49.87022],[-97.25933,49.87027],[-97.2548,49.8714],[-97.25291,49.87221],[-97.25003,49.87276],[-97.24859,49.87271],[-97.2477,49.87218],[-97.24668,49.87247],[-97.24657,49.87309],[-97.24536,49.87311],[-97.24387,49.87413],[-97.23702,49.87511],[-97.22954,49.87458],[-97.2253,49.87315],[-97.22382,49.87202],[-97.22106,49.87215],[-97.21993,49.87239],[-97.21985,49.8727],[-97.2136,49.87351],[-97.21042,49.87309],[-97.20844,49.87319],[-97.20755,49.87379],[-97.2074,49.87599],[-97.20673,49.87641],[-97.20355,49.87628],[-97.19996,49.87682],[-97.19454,49.87644],[-97.18642,49.87724],[-97.18398,49.87778],[-97.18158,49.87746],[-97.17891,49.87575],[-97.1758,49.87484],[-97.17161,49.87455],[-97.16999,49.87515]]}},{"type":"Feature","properties":{"name":"C1 Portage Avenue 011 Winnipeg WB"},"geometry":{"type":"LineString","coordinates":[[-97.35559,49.87693],[-97.36319,49.87622],[-97.38524,49.87554],[-97.40505,49.87605]]}},{"type":"Feature","properties":{"name":"C1 Portage Avenue 017 Winnipeg WB"},"geometry":{"type":"LineString","coordinates":[[-97.41185,49.87694],[-97.41571,49.87758],[-97.43382,49.87929],[-97.47599,49.88269],[-97.50003,49.88763],[-97.50238,49.88788],[-97.52688,49.8868],[-97.64785,49.88708],[-97.65174,49.88733],[-97.87229,49.92839],[-98.08197,49.96699],[-98.10302,49.97239],[-98.21292,49.97504],[-98.22087,49.97608],[-98.22321,49.97589],[-98.23061,49.97438],[-98.24623,49.9733]]}},{"type":"Feature","properties":{"name":"C1 Saint Mary's Road 004 Winnig WB"},"geometry":{"type":"LineString","coordinates":[[-97.12566,49.87873],[-97.12797,49.88126],[-97.13152,49.88426],[-97.1334,49.88696],[-97.13402,49.88679]]}},{"type":"Feature","properties":{"name":"C1 Track 001 Winnipeg WB"},"geometry":{"type":"LineString","coordinates":[[-97.26403,49.87007],[-97.26459,49.87029],[-97.26306,49.87317],[-97.2627,49.87545],[-97.27924,49.87958],[-97.3005,49.88294],[-97.30594,49.88294],[-97.34011,49.8788]]}},{"type":"Feature","properties":{"name":"C1 Track 006 Winnipeg WB"},"geometry":{"type":"LineString","coordinates":[[-97.19432,49.87651],[-97.19592,49.87662]]}},{"type":"Feature","properties":{"name":"C1 Track 053 Winnipeg WB"},"geometry":{"type":"LineString","coordinates":[[-97.10378,49.85576],[-97.10421,49.85579],[-97.11092,49.86445],[-97.11072,49.86821],[-97.11094,49.86935],[-97.11577,49.8735]]}},{"type":"Feature","properties":{"name":"C1 Wellington Crescent 003 WB"},"geometry":{"type":"LineString","coordinates":[[-97.17046,49.87498],[-97.17164,49.87465]]}},{"type":"Feature","properties":{"name":"C1 Westminster Avenue 004 Winnipeg WB"},"geometry":{"type":"LineString","coordinates":[[-97.15561,49.88173],[-97.16096,49.8819],[-97.16138,49.87911],[-97.16384,49.87727]]}},{"type":"Feature","properties":{"name":"C1, C2 and C3 Winnipeg (West), MB to Winnipeg (East), MB (Town and Country Campground) W-E 44.3km pt2 fixed"},"geometry":{"type":"LineString","coordinates":[[-97.16999,49.87515],[-97.16431,49.8772],[-97.16304,49.87704],[-97.16225,49.87783],[-97.16001,49.87878],[-97.1597,49.87927],[-97.15953,49.88176],[-97.15569,49.88164],[-97.15548,49.88224],[-97.1537,49.88232],[-97.15274,49.88288],[-97.14642,49.88249],[-97.13402,49.88679],[-97.13194,49.88355],[-97.12844,49.88127],[-97.127,49.87965],[-97.12427,49.87784],[-97.11816,49.87528],[-97.11199,49.87026],[-97.11095,49.86891],[-97.11108,49.86443],[-97.10439,49.85576],[-97.10437,49.85533],[-97.10119,49.85741],[-97.09918,49.85807],[-97.09766,49.85819],[-97.0925,49.85799],[-97.08784,49.85655],[-97.08434,49.85624],[-97.0506,49.8563],[-97.04934,49.85613],[-97.04934,49.8559],[-97.03268,49.85576],[-97.02626,49.85504],[-97.01605,49.8559],[-97.01239,49.85574],[-97.00897,49.85489],[-97.00684,49.85387],[-96.99024,49.84266],[-96.98056,49.83855]]}},{"type":"Feature","properties":{"name":"C1 and C3 Sidney, MB to Portage la Prairie, MB (proposed) W-E Connected 58.3km 001 pt2 fixed"},"geometry":{"type":"LineString","coordinates":[[-98.46873,49.97491],[-98.39142,49.97485],[-98.38507,49.97518],[-98.37118,49.9752],[-98.36121,49.97514],[-98.35999,49.9748],[-98.35954,49.97425],[-98.35673,49.97488],[-98.33884,49.97472],[-98.33119,49.97393],[-98.32798,49.9733],[-98.32459,49.9722],[-98.31804,49.97118],[-98.30276,49.97343],[-98.28994,49.973]]}},{"type":"Feature","properties":{"name":"C1 Saskatchewan Avenue East WB"},"geometry":{"type":"LineString","coordinates":[[-98.27461,49.97226],[-98.30083,49.97364],[-98.30276,49.97343]]}},{"type":"Feature","properties":{"name":"C1 Saskatchewan Avenue West 001 WB"},"geometry":{"type":"LineString","coordinates":[[-98.35391,49.97515],[-98.35999,49.9748]]}},{"type":"Feature","properties":{"name":"C1 Sidney, MB to Portage la Prairie, MB (proposed) W-E Connected 58.3km 001 pt1"},"geometry":{"type":"LineString","coordinates":[[-99.06429,49.90148],[-99.05961,49.90252],[-99.02446,49.91819],[-98.99377,49.9442],[-98.99129,49.94558],[-98.98731,49.94659],[-98.96762,49.9484],[-98.96461,49.94891],[-98.92696,49.95913],[-98.92283,49.95976],[-98.8396,49.95996],[-98.81798,49.96165],[-98.81239,49.96266],[-98.77678,49.97347],[-98.77092,49.97471],[-98.76665,49.97512],[-98.67488,49.97517],[-98.6597,49.97477],[-98.46873,49.97491]]}},{"type":"Feature","properties":{"name":"C1 Trans-Canada Highway 044 WB"},"geometry":{"type":"LineString","coordinates":[[-98.47428,49.97516],[-98.48446,49.97572],[-98.5,49.9752],[-98.56039,49.97512],[-98.65199,49.97518],[-98.6682,49.97552],[-98.76665,49.97543],[-98.77188,49.97486],[-98.77604,49.974],[-98.8124,49.96304],[-98.81875,49.96194],[-98.83928,49.96032],[-98.91829,49.96032],[-98.92432,49.95992],[-98.96165,49.95007],[-98.96457,49.94956],[-98.98355,49.94784],[-98.98783,49.94711],[-98.99083,49.94618],[-98.99289,49.94524],[-98.99601,49.94315],[-99.02102,49.92168],[-99.02466,49.91923],[-99.05906,49.90396],[-99.06425,49.90252],[-99.06854,49.90194],[-99.12194,49.90191],[-99.13602,49.90307],[-99.14673,49.90337],[-99.17956,49.90146],[-99.3369,49.90151],[-99.38515,49.90183],[-99.51711,49.90166],[-99.52417,49.90192],[-99.54548,49.90364],[-99.5681,49.90154],[-99.66179,49.90158],[-99.67561,49.90124],[-99.70583,49.90126],[-99.71083,49.90063],[-99.75786,49.88772],[-99.76164,49.887],[-99.7648,49.88685],[-100.06336,49.88669],[-100.06522,49.88633],[-100.06854,49.88506],[-100.1454,49.84434],[-100.14872,49.84306],[-100.15442,49.84249],[-100.26289,49.84221],[-100.26838,49.84103],[-100.27473,49.83815],[-100.27826,49.83714],[-100.28206,49.83667],[-100.28983,49.83655],[-100.29363,49.8361],[-100.3073,49.8314],[-100.31092,49.83051],[-100.31474,49.83018],[-100.33025,49.83014],[-100.33406,49.82967],[-100.33756,49.82862],[-100.37528,49.81322],[-100.4246,49.78635],[-100.42777,49.785],[-100.43133,49.78415],[-100.4351,49.78384],[-100.46443,49.78385],[-100.46768,49.7836],[-100.47101,49.78284],[-100.47446,49.78136],[-100.48272,49.77483],[-100.48568,49.77329],[-100.4891,49.77222],[-100.49282,49.77168],[-100.5311,49.76968],[-100.60331,49.76925],[-100.60739,49.76976],[-100.62712,49.77434],[-100.6314,49.77477],[-100.63683,49.77427],[-100.64949,49.76993],[-100.65441,49.76923],[-100.7049,49.76918],[-100.7095,49.7697],[-100.73125,49.77532],[-100.76541,49.7825],[-100.78931,49.79229],[-100.8287,49.79909],[-100.83361,49.80046],[-100.83621,49.80179],[-100.90435,49.84652],[-100.91986,49.85631],[-100.92177,49.85731],[-100.92257,49.85695]]}},{"type":"Feature","properties":{"name":"C1 Provincial Trunk Highway 83 WB"},"geometry":{"type":"LineString","coordinates":[[-100.95876,49.86907],[-100.9584,49.86948],[-100.96723,49.87252],[-101.0217,49.89824],[-101.04363,49.9056],[-101.06289,49.91408],[-101.07975,49.91957],[-101.12663,49.93861],[-101.13216,49.94006],[-101.16797,49.946],[-101.18231,49.94633],[-101.18522,49.94674],[-101.18829,49.9476],[-101.20055,49.95404],[-101.2133,49.96128],[-101.23317,49.98065],[-101.23493,49.98209],[-101.23736,49.98335],[-101.24254,49.985],[-101.25714,49.98649],[-101.26018,49.98718],[-101.26461,49.98916],[-101.27918,49.9972],[-101.30496,50.00835],[-101.31011,50.00993],[-101.32515,50.01278],[-101.34455,50.01886],[-101.34589,50.01949],[-101.34897,50.02176],[-101.35506,50.0282],[-101.35682,50.02934],[-101.35914,50.03028],[-101.36448,50.03154],[-101.37998,50.03328],[-101.38311,50.034],[-101.42875,50.05245],[-101.43772,50.05475],[-101.45728,50.06182],[-101.5122,50.07684],[-101.51608,50.0782],[-101.53132,50.08468],[-101.54277,50.09028],[-101.57526,50.10793],[-101.6117,50.11925],[-101.63006,50.12601],[-101.63283,50.12755],[-101.6353,50.12951],[-101.64953,50.14407],[-101.6535,50.14713],[-101.66596,50.15329],[-101.68204,50.15786],[-101.68558,50.15923],[-101.72671,50.17985],[-101.76784,50.20344],[-101.77317,50.20587],[-101.77774,50.20717],[-101.79722,50.21119],[-101.90582,50.2466],[-101.92423,50.2534],[-101.94138,50.2565],[-101.94551,50.25757],[-101.94862,50.25871],[-101.9683,50.26767],[-101.97109,50.26866],[-101.97624,50.2696],[-101.99089,50.26973],[-101.99666,50.27078],[-102.03626,50.28418],[-102.0707,50.29535],[-102.09188,50.30178],[-102.11104,50.30502],[-102.1152,50.30637],[-102.12462,50.31073],[-102.12829,50.31176],[-102.13372,50.31251],[-102.1667,50.31392],[-102.17303,50.31447],[-102.22882,50.32522],[-102.23189,50.32606],[-102.23468,50.32728],[-102.24554,50.3345],[-102.24784,50.33554],[-102.25109,50.33643],[-102.2652,50.33788],[-102.27116,50.33822],[-102.28506,50.33835],[-102.28831,50.33882],[-102.34023,50.35396],[-102.39574,50.36161],[-102.39889,50.36224],[-102.41344,50.36707],[-102.41683,50.36793],[-102.42209,50.36835],[-102.44511,50.36839],[-102.47896,50.37258],[-102.56687,50.37953],[-102.57328,50.38096],[-102.58618,50.38455],[-102.59036,50.38519],[-102.59551,50.38478],[-102.61105,50.37937],[-102.61433,50.37858],[-102.61806,50.37825],[-102.62169,50.37848],[-102.63378,50.38048],[-102.68435,50.3818],[-102.85929,50.40392],[-102.93133,50.40409],[-102.9371,50.40527],[-102.95334,50.41102],[-102.95952,50.412],[-103.27008,50.41197],[-103.27248,50.41222],[-103.27544,50.413],[-103.27904,50.41505],[-103.28852,50.42576],[-103.29036,50.42708],[-103.29343,50.42854],[-103.42678,50.46979],[-103.43277,50.4716],[-103.44206,50.47375],[-103.45364,50.47729],[-103.46302,50.48096],[-103.50433,50.49371],[-103.56299,50.51581],[-103.57045,50.51804],[-103.63291,50.52481],[-103.64582,50.52593],[-103.65109,50.526],[-103.69068,50.52479],[-103.69401,50.52509],[-103.70706,50.52753],[-103.71227,50.5279],[-103.8714,50.52767]]}},{"type":"Feature","properties":{"name":"C1 Trans-Canada Highway WB"},"geometry":{"type":"LineString","coordinates":[[-104.75546,50.39683],[-105.13704,50.39687],[-105.13956,50.39658],[-105.15255,50.39323],[-105.16955,50.39148],[-105.17178,50.39178],[-105.17343,50.39244],[-105.17438,50.39311],[-105.17625,50.39532],[-105.17748,50.39618],[-105.17943,50.39678],[-105.18151,50.3969],[-105.43933,50.39687],[-105.44483,50.39638],[-105.46099,50.39324],[-105.46471,50.39317],[-105.48623,50.39698],[-105.49095,50.39821],[-105.49251,50.39906],[-105.49447,50.40078],[-105.50997,50.4165],[-105.51341,50.41853],[-105.54237,50.42525],[-105.54601,50.42585],[-105.55053,50.42607],[-105.72342,50.42599],[-105.72719,50.4262],[-105.73267,50.42716],[-105.81556,50.45345],[-105.82055,50.45526],[-105.82452,50.45712],[-105.85732,50.47531],[-105.86018,50.4766],[-105.88705,50.48349],[-105.89067,50.48383],[-105.89325,50.48369],[-105.90959,50.48114],[-106.01874,50.46375],[-106.02432,50.46323],[-106.14054,50.46329],[-106.17789,50.46165],[-106.33173,50.46385],[-106.38682,50.46346],[-106.40224,50.46286],[-106.43578,50.46285],[-106.44007,50.46314],[-106.44894,50.46467],[-106.45205,50.46489],[-106.46053,50.46374],[-106.47705,50.46291],[-106.49147,50.46288],[-106.49406,50.46298],[-106.50212,50.46476],[-106.51247,50.46604],[-106.52888,50.4667],[-106.57006,50.46686],[-106.58034,50.46659],[-106.59571,50.46516],[-106.62824,50.46339],[-106.63252,50.46259],[-106.65162,50.45726],[-106.67295,50.45407],[-106.67749,50.45457],[-106.74185,50.46703],[-106.74901,50.46857],[-106.77659,50.47599],[-106.79016,50.4786],[-106.80234,50.48047],[-106.84371,50.48202],[-106.84527,50.48181],[-106.84765,50.48093],[-106.86761,50.46531],[-106.88296,50.45802],[-106.89357,50.44836],[-106.9,50.44329],[-106.91066,50.43785],[-106.95268,50.41398],[-106.95738,50.41256],[-107.01949,50.41242],[-107.02459,50.41194],[-107.0359,50.40957],[-107.04207,50.40953],[-107.07003,50.41147],[-107.07364,50.41211],[-107.07615,50.41275],[-107.10586,50.42362],[-107.11042,50.42443],[-107.13716,50.42671],[-107.19076,50.42675],[-107.20389,50.42583],[-107.20909,50.42496],[-107.21918,50.42179],[-107.24105,50.41868],[-107.24361,50.41806],[-107.27488,50.40253],[-107.29398,50.39186],[-107.29836,50.39053],[-107.30042,50.39026],[-107.43682,50.39024],[-107.47213,50.38712],[-107.47605,50.38628],[-107.50252,50.3769],[-107.58099,50.36086],[-107.5915,50.35729],[-107.59513,50.35636],[-107.61397,50.35513],[-107.64084,50.35111],[-107.64507,50.35024],[-107.68384,50.33918],[-107.68892,50.33717],[-107.71052,50.32666],[-107.71489,50.3254],[-107.72241,50.3241],[-107.72586,50.32314],[-107.80522,50.29507],[-107.80812,50.29362],[-107.81396,50.28937],[-107.81892,50.28741],[-107.873,50.28667],[-107.87797,50.28734],[-107.89411,50.29125],[-107.90058,50.29196],[-107.92956,50.29146],[-107.93404,50.29108],[-107.93921,50.29011],[-107.95358,50.2865],[-107.95887,50.28477],[-107.99775,50.26438],[-108.00281,50.26183],[-108.00713,50.26008],[-108.15969,50.21399],[-108.16634,50.21175],[-108.21503,50.19285],[-108.25789,50.16844],[-108.28408,50.15739],[-108.28751,50.15644],[-108.34569,50.1445],[-108.40936,50.13897],[-108.41309,50.13835],[-108.42738,50.13432],[-108.43134,50.13286],[-108.46268,50.11756],[-108.46819,50.11388],[-108.47491,50.10829],[-108.48295,50.10221],[-108.506,50.09501],[-108.54477,50.08486],[-108.55913,50.07828],[-108.57733,50.07202],[-108.58289,50.07068],[-108.589,50.07021],[-108.78791,50.07024],[-108.81644,50.06754],[-108.85798,50.06958],[-108.86155,50.06911],[-108.8645,50.06825],[-108.88152,50.05865],[-108.88602,50.05672],[-108.91693,50.04851],[-108.92224,50.04789],[-108.96331,50.04783],[-108.96819,50.04738],[-109.02846,50.0307],[-109.04819,50.02724],[-109.0762,50.01633],[-109.12212,50.00506],[-109.12514,50.00468],[-109.20501,50.00449],[-109.21212,50.00411],[-109.34526,49.98231],[-109.46341,49.98229],[-109.49606,49.98266],[-109.50235,49.98204],[-109.53885,49.97574],[-109.54297,49.97538],[-109.57708,49.97513],[-109.66498,49.97547],[-109.66906,49.97489],[-109.70999,49.96202],[-109.71459,49.96138],[-109.82217,49.96129],[-109.82787,49.96162],[-109.85892,49.96476],[-109.86605,49.96438],[-109.89157,49.96007],[-109.89761,49.9595],[-109.93702,49.96074],[-109.98992,49.96073],[-109.99388,49.96009],[-109.99696,49.95917],[-110.01273,49.95191],[-110.05267,49.94001],[-110.05698,49.93934],[-110.12274,49.94086],[-110.1628,49.93763],[-110.22914,49.95038],[-110.29622,49.95769],[-110.3016,49.95784],[-110.33574,49.95583],[-110.33959,49.95595],[-110.3442,49.95716],[-110.38588,49.97504],[-110.41427,49.98188],[-110.4219,49.98304],[-110.44591,49.98286],[-110.51829,49.97501],[-110.56001,49.97482],[-110.56403,49.97415],[-110.57358,49.9718]]}},{"type":"Feature","properties":{"name":"C1 Trans-Canada Highway 019 WB 001 fixed"},"geometry":{"type":"LineString","coordinates":[[-110.61443,49.98054],[-110.63719,49.99683],[-110.63955,49.99822],[-110.65505,50.00313],[-110.6625,50.0043],[-110.66561,50.0051],[-110.6682,50.00614],[-110.67455,50.00961],[-110.68286,50.01243],[-110.68687,50.01435],[-110.68995,50.01654],[-110.69961,50.02572],[-110.70138,50.02767],[-110.70226,50.02939],[-110.70441,50.03064],[-110.70702,50.0331],[-110.70726,50.033]]}},{"type":"Feature","properties":{"name":"Route 1 Canada - Strathmore, AB to Bassano, AB (proposed) W-E Connected 90.4km fixed"},"geometry":{"type":"LineString","coordinates":[[-113.40134,51.03775],[-113.0927,51.03761],[-113.08897,51.03747],[-113.08052,51.03605],[-113.07768,51.03498],[-113.07574,51.03345],[-113.0749,51.03199],[-113.07459,51.03],[-113.07458,50.91147],[-113.0736,50.90911],[-113.07222,50.9075],[-113.05046,50.88825],[-113.05158,50.88694],[-113.05158,50.86372],[-113.05008,50.8634],[-113.02146,50.86338],[-113.01262,50.86306],[-113.00539,50.86309],[-113.00541,50.86349],[-112.85758,50.8633],[-112.85332,50.8622],[-112.8511,50.86105],[-112.81495,50.83584],[-112.81191,50.83468],[-112.80882,50.83413],[-112.48112,50.83379],[-112.47757,50.83357],[-112.47378,50.83277],[-112.46893,50.83062],[-112.45582,50.82187],[-112.45383,50.82012],[-112.45245,50.81815],[-112.45163,50.81535],[-112.45158,50.78601],[-112.45099,50.78447]]}},{"type":"Feature","properties":{"name":"C1 2 Street W 003 WB"},"geometry":{"type":"LineString","coordinates":[[-111.89714,50.58604],[-111.89704,50.59205],[-111.90286,50.59399],[-111.934,50.61067],[-111.93826,50.61344],[-111.9542,50.62141],[-111.98138,50.63572],[-111.98444,50.63656],[-112.0876,50.65584],[-112.19034,50.68869],[-112.30419,50.73167],[-112.30777,50.73241],[-112.31136,50.73264],[-112.34198,50.73268],[-112.34558,50.73312],[-112.34923,50.73418],[-112.35251,50.73584],[-112.39896,50.76403],[-112.4007,50.76545],[-112.40265,50.76773],[-112.40624,50.77564],[-112.40673,50.77556]]}},{"type":"Feature","properties":{"name":"C1 Highway 547 WB"},"geometry":{"type":"LineString","coordinates":[[-113.05046,50.88825],[-113.05017,50.88844],[-113.07196,50.90779],[-113.07366,50.91012],[-113.07419,50.91203],[-113.07422,51.031],[-113.07518,51.03332],[-113.07687,51.03486],[-113.07892,51.03591],[-113.0815,51.03659],[-113.08912,51.03779],[-113.09281,51.03792],[-113.74275,51.03798],[-113.79565,51.03791],[-113.79565,51.03759]]}},{"type":"Feature","properties":{"name":"C1 Track 011 WB"},"geometry":{"type":"LineString","coordinates":[[-112.45161,50.79058],[-112.44978,50.79065],[-112.44677,50.79143],[-112.44957,50.79584],[-112.4509,50.79991],[-112.45112,50.81519],[-112.45151,50.81718],[-112.45222,50.81869],[-112.45345,50.82033],[-112.45533,50.822],[-112.46881,50.83098],[-112.4724,50.83269],[-112.47703,50.83385],[-112.48134,50.83413],[-112.80805,50.83445],[-112.81229,50.8352],[-112.81529,50.83648],[-112.85114,50.86153],[-112.85419,50.86298],[-112.85771,50.86369],[-113.00543,50.86384],[-113.00541,50.86349]]}},{"type":"Feature","properties":{"name":"C1 Trans-Canada Highway 006 WB"},"geometry":{"type":"LineString","coordinates":[[-110.70726,50.033],[-110.72095,50.04565],[-110.74137,50.05655],[-110.74315,50.0588],[-110.74389,50.06375],[-110.74429,50.06473],[-110.7449,50.06568],[-110.74659,50.06696],[-110.79449,50.08816],[-110.8008,50.09127],[-110.87527,50.12294],[-110.95435,50.15754],[-110.9862,50.16751],[-111.07305,50.19041],[-111.16472,50.21752],[-111.1703,50.21944],[-111.19338,50.22932],[-111.4239,50.36356],[-111.6173,50.4753],[-111.62259,50.47748],[-111.63073,50.48028],[-111.70396,50.50492],[-111.78336,50.53019],[-111.78698,50.53181],[-111.85553,50.5686],[-111.85917,50.57096],[-111.86054,50.5723],[-111.86583,50.57124],[-111.87069,50.57212],[-111.87666,50.57209]]}},{"type":"Feature","properties":{"name":"C1 83 Street NW 001 WB"},"geometry":{"type":"LineString","coordinates":[[-114.2119,51.08687],[-114.21247,51.08577],[-114.20903,51.0847],[-114.20913,51.08383]]}},{"type":"Feature","properties":{"name":"C1 Canmore, AB to (Junction north to) Cochrane, AB (proposed) W-E Connected 75.1km sliced 1 p2 fixed"},"geometry":{"type":"LineString","coordinates":[[-115.33583,51.07553],[-115.33449,51.07704],[-115.33351,51.07693],[-115.32128,51.06047],[-115.31874,51.05797],[-115.31702,51.05679],[-115.28283,51.04178],[-115.27061,51.03849],[-115.26348,51.03857],[-115.2379,51.04057],[-115.21559,51.05059],[-115.19872,51.05484],[-115.19582,51.05472],[-115.19273,51.05375],[-115.19112,51.05263],[-115.18855,51.04994],[-115.18439,51.04791],[-115.18266,51.04746],[-115.17972,51.04741],[-115.16322,51.04948],[-115.14317,51.05479],[-115.14117,51.05607],[-115.13837,51.05954],[-115.13588,51.0614],[-115.12514,51.06649],[-115.12137,51.06868],[-115.1191,51.06949],[-115.11511,51.06972],[-115.1065,51.06804],[-115.09243,51.06643],[-115.08836,51.06643],[-115.08421,51.06733],[-115.06191,51.07534],[-115.05921,51.07662],[-115.05657,51.07881],[-115.05535,51.08106],[-115.05357,51.08828],[-115.0522,51.09014],[-115.04972,51.09196],[-114.95823,51.12806],[-114.887,51.14055],[-114.86351,51.14579],[-114.81702,51.15],[-114.81204,51.15117],[-114.79196,51.15798],[-114.78414,51.15988],[-114.77739,51.1611],[-114.76332,51.16197],[-114.75911,51.16152],[-114.75502,51.15999],[-114.73802,51.14893],[-114.7346,51.14717],[-114.64883,51.1129],[-114.58097,51.09214],[-114.57409,51.09073],[-114.57044,51.09047],[-114.56521,51.09071],[-114.55291,51.09286],[-114.55021,51.09304],[-114.54628,51.09245],[-114.536,51.08819],[-114.53219,51.08751],[-114.45787,51.0864],[-114.45195,51.08661],[-114.44198,51.08813],[-114.43795,51.08843],[-114.35662,51.08845],[-114.35356,51.08825],[-114.35075,51.08745],[-114.35045,51.08161],[-114.29085,51.08141],[-114.2906,51.08236],[-114.28971,51.08289],[-114.28236,51.08302],[-114.28029,51.08345],[-114.2774,51.08463],[-114.27431,51.08497],[-114.27155,51.08573],[-114.26472,51.08586],[-114.26329,51.08625],[-114.26048,51.08768],[-114.25853,51.08802],[-114.25519,51.08767],[-114.24855,51.08404],[-114.24729,51.08376],[-114.24507,51.08403],[-114.24219,51.08501],[-114.23422,51.0849],[-114.2308,51.08577],[-114.22921,51.08554],[-114.22583,51.08414],[-114.22556,51.08433],[-114.22366,51.08403],[-114.22282,51.08559],[-114.22132,51.08557],[-114.21471,51.08417],[-114.21339,51.08335],[-114.21275,51.08183],[-114.2101,51.08111],[-114.20979,51.08124],[-114.20973,51.08203],[-114.20842,51.08464],[-114.2117,51.08579],[-114.21207,51.08656],[-114.20802,51.09041],[-114.20502,51.08893],[-114.1879,51.0889],[-114.18383,51.08742],[-114.183,51.08815]]}},{"type":"Feature","properties":{"name":"C1 Bowness Road NW 005 WB"},"geometry":{"type":"LineString","coordinates":[[-114.19721,51.08895],[-114.2011,51.08895]]}},{"type":"Feature","properties":{"name":"C1 Crestmont Boulevard SW WB"},"geometry":{"type":"LineString","coordinates":[[-114.24585,51.08389],[-114.24622,51.08386]]}},{"type":"Feature","properties":{"name":"C1 Trans-Canada Highway 045 Calgary WB"},"geometry":{"type":"LineString","coordinates":[[-114.35589,51.08872],[-114.36546,51.08872]]}},{"type":"Feature","properties":{"name":"C1 Trans-Canada Highway 080 WB 001"},"geometry":{"type":"LineString","coordinates":[[-114.45911,51.08672],[-114.53238,51.0878],[-114.53642,51.08865],[-114.54633,51.09277],[-114.55002,51.09333],[-114.55276,51.09316],[-114.5671,51.09083],[-114.57276,51.09089],[-114.57816,51.09171],[-114.6489,51.11324],[-114.73357,51.14707],[-114.73727,51.14895],[-114.75473,51.16031],[-114.759,51.16186],[-114.76336,51.16232],[-114.77811,51.16135],[-114.78823,51.15929],[-114.79256,51.15816],[-114.81223,51.15141],[-114.81676,51.15035],[-114.86383,51.14612],[-114.88751,51.14076],[-114.95895,51.12827],[-115.0497,51.0924],[-115.05191,51.091],[-115.05381,51.08889],[-115.05446,51.08725],[-115.05585,51.08106],[-115.05647,51.07969],[-115.0589,51.0772],[-115.06194,51.0757],[-115.08466,51.06749],[-115.08826,51.06672],[-115.09209,51.06667],[-115.10654,51.06833],[-115.11541,51.07002],[-115.11972,51.06966],[-115.13632,51.06151],[-115.13894,51.05943],[-115.14161,51.05615],[-115.14349,51.05495],[-115.16331,51.04976],[-115.17956,51.04772],[-115.18275,51.04776],[-115.18484,51.04841],[-115.18831,51.05018],[-115.19091,51.05301],[-115.19276,51.05423],[-115.19561,51.05513],[-115.19928,51.05521],[-115.21605,51.05079],[-115.23556,51.04186],[-115.23856,51.04083],[-115.26264,51.0389],[-115.26826,51.03863],[-115.27161,51.03895],[-115.28187,51.04176],[-115.31714,51.05722],[-115.31888,51.05847],[-115.32065,51.0604],[-115.33179,51.07544],[-115.33237,51.07653],[-115.3322,51.07714],[-115.33128,51.07743],[-115.33007,51.07716],[-115.32828,51.07566],[-115.32872,51.07508],[-115.33023,51.07487]]}},{"type":"Feature","properties":{"name":"C1 Trans-Canada Highway 080 WB pt2"},"geometry":{"type":"LineString","coordinates":[[-115.33023,51.07487],[-115.33327,51.07488],[-115.33583,51.07553]]}},{"type":"Feature","properties":{"name":"C1 and C3 Lake Louise, AB to Canmore, AB (proposed) W-E Connected 79.2km pt1 fixed"},"geometry":{"type":"LineString","coordinates":[[-116.16295,51.42525],[-116.16158,51.42508],[-116.15969,51.42366],[-116.15421,51.41818],[-116.15083,51.41707],[-116.14491,51.41351],[-116.14324,51.41018],[-116.14173,51.408],[-116.14239,51.40514],[-116.14019,51.40196],[-116.13821,51.4013],[-116.12866,51.39983],[-116.12744,51.39945],[-116.12625,51.39853],[-116.12257,51.39397],[-116.12066,51.38999],[-116.1169,51.38571],[-116.10496,51.37521],[-116.09798,51.36999],[-116.08284,51.35633],[-116.07364,51.3506],[-116.0724,51.35014],[-116.06773,51.34939],[-116.0652,51.3482],[-116.06405,51.34709],[-116.06109,51.34295],[-116.02533,51.31773],[-116.02365,51.31706],[-116.02193,51.31683],[-116.01659,51.31715],[-116.0146,51.31654],[-116.01288,51.31457],[-116.01158,51.31383],[-116.01146,51.3132],[-116.01214,51.31236],[-116.01087,51.31088],[-116.01122,51.30975],[-116.01014,51.3082],[-116.00868,51.30692],[-116.00561,51.30643],[-116.00347,51.30748],[-115.99853,51.30715],[-115.99695,51.30596],[-115.99629,51.30307],[-115.99483,51.30121],[-115.99066,51.29827],[-115.98764,51.29782],[-115.98635,51.2973],[-115.98452,51.29515],[-115.98101,51.2933],[-115.97904,51.29269],[-115.97211,51.29234],[-115.96866,51.29136],[-115.96267,51.29043],[-115.95885,51.28856],[-115.95547,51.28773],[-115.94954,51.28569],[-115.9472,51.28387],[-115.93759,51.27967],[-115.93539,51.27775],[-115.93073,51.27463],[-115.92503,51.27192],[-115.92127,51.27087],[-115.91691,51.26837],[-115.91241,51.26767],[-115.9096,51.26687],[-115.90578,51.26439],[-115.90192,51.26241],[-115.89409,51.26086],[-115.88806,51.26072],[-115.88302,51.26014],[-115.87998,51.25945],[-115.87705,51.25825],[-115.87156,51.25674],[-115.86057,51.25631],[-115.85282,51.25394],[-115.84455,51.2498],[-115.8438,51.24894],[-115.84304,51.24684],[-115.84078,51.24497],[-115.82184,51.23447],[-115.82046,51.23311],[-115.81597,51.23301],[-115.81228,51.23131],[-115.80749,51.23039],[-115.80541,51.22944],[-115.8032,51.22931],[-115.80122,51.22825],[-115.79957,51.22825],[-115.79771,51.2287],[-115.79591,51.22681],[-115.79341,51.22612],[-115.78995,51.22611],[-115.78725,51.22571],[-115.78523,51.22473],[-115.78257,51.22277],[-115.7744,51.21905],[-115.76599,51.21544],[-115.76098,51.21424],[-115.75996,51.21347],[-115.75837,51.2111],[-115.75628,51.2092],[-115.75501,51.20824],[-115.75169,51.20661],[-115.7503,51.2043],[-115.74648,51.20115],[-115.74608,51.19906],[-115.74358,51.19551],[-115.74197,51.19457],[-115.7278,51.18914],[-115.7236,51.18526],[-115.72405,51.18285],[-115.72349,51.18158],[-115.72197,51.18054],[-115.71752,51.17927],[-115.71678,51.1784],[-115.71689,51.17677],[-115.71663,51.17611],[-115.71257,51.17378],[-115.70721,51.17222],[-115.70162,51.17113],[-115.69989,51.17011],[-115.69239,51.16802],[-115.6892,51.16801],[-115.6869,51.16868],[-115.68423,51.16846],[-115.68183,51.16898],[-115.6779,51.1681],[-115.67455,51.16809],[-115.67199,51.16885],[-115.6691,51.17101],[-115.66782,51.1714],[-115.66105,51.17125],[-115.65744,51.169],[-115.6566,51.16891],[-115.65506,51.16927],[-115.65405,51.17048],[-115.65034,51.17265],[-115.64379,51.17528],[-115.64234,51.17557],[-115.64208,51.17508],[-115.64064,51.1746],[-115.63895,51.1745],[-115.6364,51.17547],[-115.63496,51.17691],[-115.63109,51.17673],[-115.62575,51.1774],[-115.62407,51.17733],[-115.61966,51.17867],[-115.61475,51.17758],[-115.6124,51.1777],[-115.61105,51.17818],[-115.60895,51.17962],[-115.60659,51.18015],[-115.60561,51.18118],[-115.60192,51.1818],[-115.60009,51.18327],[-115.59293,51.1843],[-115.58873,51.1862],[-115.58548,51.18706],[-115.58353,51.18674],[-115.57832,51.18034],[-115.57514,51.17962],[-115.57426,51.17846],[-115.57068,51.17841],[-115.57033,51.17924],[-115.56778,51.18147],[-115.55397,51.18598],[-115.55099,51.1881],[-115.54752,51.19141],[-115.54025,51.1953],[-115.53737,51.19801],[-115.53688,51.20242],[-115.5372,51.20651],[-115.53687,51.20705],[-115.53526,51.2085],[-115.53438,51.20881],[-115.53262,51.20893],[-115.53021,51.20855],[-115.52354,51.20583],[-115.52011,51.20316],[-115.51827,51.20234],[-115.51622,51.20182],[-115.50545,51.20036],[-115.50184,51.19947],[-115.49932,51.19809],[-115.49585,51.19524],[-115.48444,51.18234],[-115.4795,51.17914],[-115.47237,51.17525],[-115.46593,51.1689],[-115.45537,51.16734],[-115.44475,51.16334],[-115.44162,51.16143],[-115.43851,51.15866],[-115.43109,51.15077],[-115.41538,51.13996],[-115.4138,51.13948],[-115.41039,51.13709],[-115.40751,51.13414],[-115.40691,51.1327],[-115.40408,51.13045],[-115.40047,51.12868],[-115.39722,51.12766],[-115.39203,51.12664],[-115.38758,51.12478],[-115.38034,51.11927],[-115.37938,51.11836],[-115.37895,51.11745],[-115.37159,51.1114],[-115.37113,51.11068],[-115.37118,51.10892],[-115.3707,51.10831],[-115.36639,51.10441],[-115.36284,51.10241],[-115.35801,51.09742],[-115.35815,51.0971],[-115.35754,51.09692],[-115.348,51.08805],[-115.34746,51.08824],[-115.34667,51.08753],[-115.34261,51.0831],[-115.33748,51.07677],[-115.33768,51.07666],[-115.33583,51.07553]]}},{"type":"Feature","properties":{"name":"C1 and C3 Lake Louise, AB to Canmore, AB (proposed) W-E Connected 79.2km pt3 westbound fixed"},"geometry":{"type":"LineString","coordinates":[[-115.698,51.16979],[-115.70038,51.17139],[-115.70624,51.17207]]}},{"type":"Feature","properties":{"name":"C1 Bow Valley Parkway 010 WB"},"geometry":{"type":"LineString","coordinates":[[-115.77372,51.21886],[-115.77513,51.21948]]}},{"type":"Feature","properties":{"name":"C1 Bow Valley Parkway WB fixed"},"geometry":{"type":"LineString","coordinates":[[-115.78759,51.2258],[-115.78877,51.22676],[-115.78799,51.22837],[-115.78836,51.22996],[-115.78914,51.23076],[-115.79025,51.23125],[-115.79508,51.23206],[-115.79734,51.23406],[-115.80144,51.23645],[-115.80585,51.23674],[-115.80649,51.23726],[-115.80699,51.23854],[-115.80812,51.23915],[-115.81149,51.23931],[-115.81627,51.24041],[-115.81992,51.23951],[-115.82211,51.23841],[-115.82666,51.23801],[-115.82905,51.23837]]}},{"type":"Feature","properties":{"name":"C1 Marmot Crescent Baff WB"},"geometry":{"type":"LineString","coordinates":[[-115.55614,51.18538],[-115.56792,51.18153],[-115.57044,51.17927],[-115.5708,51.17841]]}},{"type":"Feature","properties":{"name":"C1 Track 016 Banff WB"},"geometry":{"type":"LineString","coordinates":[[-115.57383,51.17852],[-115.57436,51.17865]]}},{"type":"Feature","properties":{"name":"C1 Track 018 Canmore WB"},"geometry":{"type":"LineString","coordinates":[[-115.34746,51.08824],[-115.34895,51.08956],[-115.3494,51.08957]]}},{"type":"Feature","properties":{"name":"C1 Track 027 Johnston Canyon WB"},"geometry":{"type":"LineString","coordinates":[[-115.84018,51.24474],[-115.84114,51.24536]]}},{"type":"Feature","properties":{"name":"C1 Bow Valley Parkway WB"},"geometry":{"type":"LineString","coordinates":[[-116.00153,51.30748],[-116.00428,51.30816],[-116.00671,51.31088],[-116.01082,51.31416],[-116.01352,51.31544]]}},{"type":"Feature","properties":{"name":"C1 Route 1 Canada - Revelstoke (Canyon Hot Springs) to Golden, BC W-E (Proposed) Connected 113km fixed"},"geometry":{"type":"LineString","coordinates":[[-117.85527,51.13979],[-117.83876,51.14525],[-117.83762,51.14628],[-117.83588,51.15083],[-117.8348,51.15181],[-117.83298,51.15246],[-117.82006,51.15421],[-117.81769,51.1561],[-117.8132,51.15809],[-117.80969,51.15925],[-117.80149,51.1612],[-117.79146,51.16577],[-117.78415,51.16866],[-117.76425,51.17926],[-117.75563,51.18572],[-117.75207,51.18686],[-117.75049,51.1877],[-117.74975,51.18884],[-117.7486,51.19234],[-117.74524,51.19695],[-117.74556,51.20092],[-117.745,51.20183],[-117.74373,51.20273],[-117.73518,51.20573],[-117.72621,51.20642],[-117.72047,51.20907],[-117.71914,51.20938],[-117.71405,51.20987],[-117.70784,51.2115],[-117.69974,51.21271],[-117.68718,51.21707],[-117.68195,51.22026],[-117.67498,51.2265],[-117.67001,51.2293],[-117.6684,51.23086],[-117.66543,51.23508],[-117.66426,51.23617],[-117.66251,51.23705],[-117.6478,51.2409],[-117.63615,51.24595],[-117.63483,51.24607],[-117.63149,51.24549],[-117.62925,51.24548],[-117.61606,51.24816],[-117.61021,51.25072],[-117.60155,51.25125],[-117.59772,51.25187],[-117.59308,51.25346],[-117.58367,51.25772],[-117.58112,51.2584],[-117.56425,51.26175],[-117.55186,51.26227],[-117.54943,51.26202],[-117.54202,51.25941],[-117.53955,51.25929],[-117.52573,51.26366],[-117.51735,51.26579],[-117.51131,51.26823],[-117.5057,51.26866],[-117.50378,51.26938],[-117.50328,51.27034],[-117.5035,51.27111],[-117.50427,51.27188],[-117.50772,51.27365],[-117.51297,51.2818],[-117.51344,51.28334],[-117.51294,51.2857],[-117.51325,51.28706],[-117.51984,51.29906],[-117.52031,51.30385],[-117.52014,51.30511],[-117.51939,51.30656],[-117.51592,51.31091],[-117.51422,51.31267],[-117.51131,51.31421],[-117.49006,51.31979],[-117.48206,51.3209],[-117.47529,51.32321],[-117.4661,51.32432],[-117.46272,51.32562],[-117.45231,51.32861],[-117.44659,51.3299],[-117.44514,51.3308],[-117.44052,51.33607],[-117.43448,51.34513],[-117.43444,51.34638],[-117.43601,51.34902],[-117.43653,51.35288],[-117.43816,51.35601],[-117.43864,51.36029],[-117.43923,51.36185],[-117.44332,51.3674],[-117.44704,51.37047],[-117.44966,51.37358],[-117.45285,51.37892],[-117.45289,51.38016],[-117.45246,51.3812],[-117.44833,51.38516],[-117.44824,51.38683],[-117.46023,51.39684],[-117.46488,51.40293],[-117.46928,51.40602],[-117.47113,51.40908],[-117.47529,51.42609],[-117.47619,51.42788],[-117.47855,51.431],[-117.47921,51.43296],[-117.47896,51.43453],[-117.47701,51.43851],[-117.47697,51.44019],[-117.47804,51.44356],[-117.4783,51.45109],[-117.47918,51.45369],[-117.47919,51.4613],[-117.48086,51.46595],[-117.48243,51.47444],[-117.48234,51.47568],[-117.48133,51.4778],[-117.47327,51.4895],[-117.46506,51.497],[-117.46122,51.50206],[-117.4591,51.50301],[-117.45166,51.5046],[-117.44957,51.50535],[-117.44833,51.5063],[-117.44456,51.51055],[-117.44278,51.51148],[-117.44035,51.5121],[-117.43616,51.51206],[-117.42465,51.50889],[-117.3987,51.49379],[-117.39559,51.49228],[-117.36203,51.47875],[-117.35997,51.47833],[-117.35776,51.47862],[-117.35406,51.48008],[-117.32134,51.48819],[-117.29947,51.49348],[-117.29661,51.49389],[-117.29375,51.49368],[-117.25993,51.48656],[-117.22963,51.47598],[-117.22562,51.47493],[-117.22241,51.47509],[-117.22006,51.47592],[-117.21834,51.47756],[-117.21798,51.47877],[-117.21817,51.48008],[-117.21907,51.4813],[-117.22708,51.48778],[-117.22808,51.4892],[-117.22807,51.49104],[-117.22612,51.49486],[-117.225,51.49567],[-117.22323,51.49613],[-117.22156,51.49614],[-117.2073,51.49265],[-117.20381,51.49127],[-117.19899,51.48875],[-117.18818,51.48485],[-117.18587,51.48431],[-117.18361,51.48409],[-117.18027,51.48436],[-117.17338,51.48613],[-117.16974,51.48646],[-117.1647,51.48598],[-117.16083,51.48472],[-117.13866,51.47302],[-117.12644,51.46741],[-117.11461,51.45985],[-117.11083,51.45787],[-117.09618,51.449],[-117.09408,51.44669],[-117.09286,51.44579],[-117.08368,51.44096],[-117.0745,51.43488],[-117.06273,51.42875],[-117.06109,51.42762],[-117.0287,51.39362],[-117.02782,51.39208],[-117.02511,51.38451],[-117.02358,51.38263],[-117.02072,51.37771],[-117.02048,51.37661],[-117.02079,51.37434],[-117.02057,51.37347],[-117.01897,51.37186],[-117.01573,51.36602],[-117.01232,51.36135],[-117.00873,51.35793],[-117.00623,51.35439],[-117.00126,51.34974],[-116.99866,51.34485],[-116.99312,51.33618],[-116.9906,51.3329],[-116.9862,51.32923],[-116.98363,51.32785],[-116.9764,51.32303],[-116.97537,51.32194],[-116.97485,51.32093],[-116.97444,51.31893],[-116.97472,51.31818],[-116.97414,51.31748],[-116.97375,51.316],[-116.97677,51.31557],[-116.97747,51.31447],[-116.97919,51.31395],[-116.97685,51.31097],[-116.97201,51.30668],[-116.97185,51.30632],[-116.97217,51.30607]]}},{"type":"Feature","properties":{"name":"C1 Route 1 Canada - Revelstoke, BC to Revelstoke, BC (Proposed) W-E Connected 34.0km fixed"},"geometry":{"type":"LineString","coordinates":[[-118.19917,51.00244],[-118.19283,50.99846],[-118.19131,50.996],[-118.1914,50.9951],[-118.19216,50.99406],[-118.19201,50.99334],[-118.18008,50.99548],[-118.17832,50.99624],[-118.17533,50.99845],[-118.17382,50.999],[-118.1719,50.99922],[-118.16705,50.99822],[-118.16472,50.99823],[-118.16061,50.99529],[-118.15259,50.99239],[-118.14708,50.99172],[-118.14091,50.99219],[-118.13473,50.99401],[-118.13307,50.99493],[-118.12959,50.99768],[-118.12199,51.00034],[-118.11483,51.00567],[-118.11268,51.00674],[-118.10999,51.00753],[-118.10097,51.00905],[-118.09596,51.01117],[-118.09011,51.01307],[-118.08182,51.01683],[-118.06833,51.01968],[-118.06363,51.02159],[-118.05541,51.02313],[-118.05097,51.02526],[-118.04715,51.02652],[-118.03526,51.0285],[-118.02055,51.0325],[-118.01405,51.03536],[-118.00256,51.0371],[-117.9915,51.04082],[-117.9894,51.04106],[-117.98279,51.04095],[-117.97496,51.04238],[-117.96986,51.04172],[-117.96762,51.04194],[-117.96625,51.04229],[-117.96088,51.04497],[-117.95095,51.04744],[-117.94292,51.05116],[-117.93757,51.0526],[-117.9363,51.05326],[-117.93557,51.05437],[-117.93582,51.05699],[-117.93467,51.05965],[-117.93455,51.06229],[-117.93215,51.06569],[-117.93134,51.06899],[-117.93086,51.06975],[-117.92807,51.07147],[-117.92648,51.07303],[-117.92648,51.0741],[-117.92805,51.07648],[-117.92857,51.07783],[-117.9282,51.08],[-117.89744,51.11319],[-117.89469,51.11526],[-117.88928,51.11783],[-117.88739,51.1194],[-117.88607,51.12175],[-117.88654,51.12474],[-117.88635,51.12566],[-117.8835,51.12777],[-117.88308,51.12859],[-117.88327,51.13109],[-117.8826,51.13275],[-117.88234,51.1348],[-117.88181,51.13582],[-117.88085,51.13674],[-117.87925,51.13753],[-117.87466,51.13838],[-117.86894,51.13911],[-117.86004,51.13878],[-117.85527,51.13979]]}},{"type":"Feature","properties":{"name":"C1 Townley Street 001 WB"},"geometry":{"type":"LineString","coordinates":[[-118.19094,50.99363],[-118.19195,50.99375],[-118.19189,50.99433]]}},{"type":"Feature","properties":{"name":"C1 Track Golden WB"},"geometry":{"type":"LineString","coordinates":[[-116.97462,51.31839],[-116.97405,51.31859],[-116.97478,51.32064]]}},{"type":"Feature","properties":{"name":"C1 Trans Canada Highway - Columbia River WB"},"geometry":{"type":"LineString","coordinates":[[-117.11166,51.45831],[-117.12763,51.46843],[-117.14223,51.4752],[-117.14395,51.47612],[-117.14788,51.47925],[-117.15452,51.48173],[-117.16262,51.48561],[-117.16722,51.4865],[-117.17113,51.48653],[-117.17476,51.48594],[-117.17879,51.4847],[-117.18349,51.4842],[-117.18628,51.48448],[-117.18923,51.48529]]}},{"type":"Feature","properties":{"name":"C1 Trans-Canada Highway 006 WB"},"geometry":{"type":"LineString","coordinates":[[-117.99635,51.03919],[-118.00355,51.03698],[-118.0148,51.03525],[-118.0206,51.0326],[-118.02838,51.03041]]}},{"type":"Feature","properties":{"name":"C1 Trans-Canada Highway 011 WB"},"geometry":{"type":"LineString","coordinates":[[-117.51682,51.29328],[-117.51331,51.28636],[-117.51365,51.28299],[-117.51294,51.28124],[-117.50785,51.27349],[-117.5045,51.27171],[-117.50374,51.27073],[-117.50411,51.26952],[-117.50522,51.26893],[-117.51131,51.26823]]}},{"type":"Feature","properties":{"name":"C1 Trans-Canada Highway 016 WB"},"geometry":{"type":"LineString","coordinates":[[-117.45306,51.32839],[-117.46275,51.32574],[-117.46618,51.32442],[-117.47532,51.32329],[-117.48347,51.32063]]}},{"type":"Feature","properties":{"name":"C1 Trans-Canada Highway 017 WB"},"geometry":{"type":"LineString","coordinates":[[-118.16472,50.99823],[-118.1654,50.9983]]}},{"type":"Feature","properties":{"name":"C1 Trans-Canada Highway 022 WB"},"geometry":{"type":"LineString","coordinates":[[-117.44629,51.36977],[-117.44278,51.36673]]}},{"type":"Feature","properties":{"name":"C1 Trans-Canada Highway 031 WB"},"geometry":{"type":"LineString","coordinates":[[-117.491,51.31954],[-117.49547,51.31836]]}},{"type":"Feature","properties":{"name":"C1 Victoria Road 001 WB"},"geometry":{"type":"LineString","coordinates":[[-118.21074,51.00838],[-118.21293,51.00841]]}},{"type":"Feature","properties":{"name":"C1 Victoria Street West 002 WB"},"geometry":{"type":"LineString","coordinates":[[-118.21386,51.0086],[-118.21519,51.00886],[-118.21669,51.0086],[-118.21844,51.00723]]}},{"type":"Feature","properties":{"name":"C1 Track 005 TCH WB fixed"},"geometry":{"type":"LineString","coordinates":[[-118.74473,50.96065],[-118.77386,50.94744],[-118.7755,50.94643],[-118.79335,50.93065],[-118.79428,50.92902],[-118.79463,50.9256],[-118.79583,50.92333],[-118.81815,50.90076],[-118.82341,50.89674],[-118.83334,50.89097],[-118.83714,50.88949],[-118.84173,50.88881],[-118.85368,50.88859]]}},{"type":"Feature","properties":{"name":"C1 Trans-Canada Highway 007 WB fix"},"geometry":{"type":"LineString","coordinates":[[-118.67972,51.00141],[-118.68171,51.00077]]}},{"type":"Feature","properties":{"name":"C1 Trans-Canada Highway 014 WB fixed"},"geometry":{"type":"LineString","coordinates":[[-118.68171,51.00077],[-118.69021,50.99758],[-118.71856,50.98333],[-118.72042,50.9817],[-118.72586,50.97354],[-118.72773,50.97186],[-118.73183,50.96908],[-118.73275,50.96746]]}},{"type":"Feature","properties":{"name":"C1 Trans-Canada Highway 025 WB fixed"},"geometry":{"type":"LineString","coordinates":[[-118.96866,50.8379],[-118.97642,50.83804],[-118.97662,50.83778]]}},{"type":"Feature","properties":{"name":"C1 Trans-Canada Highway 034 WB fixed"},"geometry":{"type":"LineString","coordinates":[[-118.33329,50.97215],[-118.33925,50.97106],[-118.34862,50.97139],[-118.35457,50.97085],[-118.35751,50.96977],[-118.36096,50.96715],[-118.36395,50.96622]]}},{"type":"Feature","properties":{"name":"C1 Vernon-Sicamous Highway 005 EB fixed"},"geometry":{"type":"LineString","coordinates":[[-118.97914,50.83559],[-118.97792,50.83692],[-118.97629,50.83792],[-118.96818,50.83792],[-118.96545,50.83854],[-118.9491,50.84881],[-118.94616,50.85133],[-118.94423,50.85455],[-118.94274,50.85601],[-118.92902,50.8646],[-118.92795,50.86599],[-118.9258,50.87132],[-118.92329,50.87458],[-118.91726,50.87928],[-118.91172,50.88261],[-118.90558,50.88436],[-118.88694,50.88738],[-118.86695,50.89179],[-118.86382,50.89146],[-118.85665,50.889],[-118.85202,50.88843],[-118.83947,50.88878],[-118.83538,50.88977],[-118.83244,50.89117],[-118.82316,50.89659],[-118.8174,50.90103],[-118.79631,50.92241],[-118.7947,50.92463],[-118.79422,50.92611],[-118.79406,50.9289],[-118.79278,50.93088],[-118.77528,50.94651],[-118.74065,50.96248],[-118.73536,50.96428],[-118.73329,50.96633],[-118.73178,50.96891],[-118.72585,50.97338],[-118.72033,50.98163],[-118.71945,50.98258],[-118.71753,50.98383],[-118.69026,50.99745],[-118.67972,51.00141],[-118.6763,51.00222],[-118.67041,51.00317],[-118.66658,51.00337],[-118.6568,51.00213],[-118.65336,51.00122],[-118.64572,50.99734],[-118.63535,50.98913],[-118.63002,50.98682],[-118.62656,50.98436],[-118.62105,50.98324],[-118.6161,50.98153],[-118.61458,50.98058],[-118.61171,50.97796],[-118.60361,50.97415],[-118.59777,50.97314],[-118.59449,50.97207],[-118.59018,50.97121],[-118.57831,50.97061],[-118.57377,50.96983],[-118.57194,50.96981],[-118.56896,50.97045],[-118.56282,50.97376],[-118.55314,50.97581],[-118.55121,50.97581],[-118.54844,50.97504],[-118.54677,50.97493],[-118.53023,50.97732],[-118.52478,50.97623],[-118.52304,50.97537],[-118.5204,50.97277],[-118.519,50.97187],[-118.51256,50.97045],[-118.50702,50.96792],[-118.50362,50.9653],[-118.50218,50.96301],[-118.49839,50.9591],[-118.49203,50.95557],[-118.49066,50.95362],[-118.48957,50.95268],[-118.48519,50.95137],[-118.48353,50.95046],[-118.48124,50.94698],[-118.48101,50.94606],[-118.48128,50.94488],[-118.48361,50.94112],[-118.48363,50.93852],[-118.48453,50.93647],[-118.48448,50.9354],[-118.48167,50.93138],[-118.47605,50.92821],[-118.47353,50.92768],[-118.46105,50.9287],[-118.45684,50.9302],[-118.44807,50.93224],[-118.44457,50.93377],[-118.43191,50.93698],[-118.42865,50.93862],[-118.42736,50.94003],[-118.42609,50.94233],[-118.42448,50.94359],[-118.42301,50.94426],[-118.41755,50.94565],[-118.41523,50.94682],[-118.41299,50.94847],[-118.40912,50.94959],[-118.40709,50.95067],[-118.40499,50.95239],[-118.40034,50.95722],[-118.38469,50.96272],[-118.38275,50.963],[-118.3761,50.96282],[-118.37326,50.96311],[-118.36638,50.96575],[-118.36143,50.96683],[-118.36017,50.96746],[-118.35741,50.96969],[-118.35453,50.97075],[-118.34862,50.97129],[-118.33921,50.97097],[-118.33408,50.97191],[-118.32893,50.97336],[-118.32066,50.97804],[-118.31335,50.97988],[-118.30726,50.97943],[-118.30399,50.97988],[-118.30131,50.98094],[-118.29567,50.9844],[-118.29324,50.98551],[-118.27275,50.99123],[-118.26852,50.99172],[-118.25948,50.99183],[-118.24545,50.994],[-118.24353,50.99498],[-118.24123,50.99823],[-118.23902,50.9998],[-118.23236,51.00261],[-118.2243,51.00376],[-118.22189,51.005],[-118.21895,51.00722],[-118.21783,51.00694],[-118.21446,51.00868],[-118.21181,51.00818],[-118.21032,51.00839],[-118.20881,51.00809],[-118.19917,51.00244]]}},{"type":"Feature","properties":{"name":"C1 Kalamalka Road Vernon WB"},"geometry":{"type":"LineString","coordinates":[[-119.26821,50.23245],[-119.26837,50.23192]]}},{"type":"Feature","properties":{"name":"C1 Vernon-Sicamous Highway 008 WB"},"geometry":{"type":"LineString","coordinates":[[-118.97706,50.83748],[-118.978,50.83732],[-118.97829,50.83644],[-118.97914,50.83559]]}},{"type":"Feature","properties":{"name":"C1 Campbell Road 003 West Kelowna WB"},"geometry":{"type":"LineString","coordinates":[[-119.5244,49.87835],[-119.52294,49.87901],[-119.52356,49.87961],[-119.52372,49.88133],[-119.52412,49.88209],[-119.52732,49.88493],[-119.52897,49.88538],[-119.53045,49.88525],[-119.53393,49.88341],[-119.53643,49.88157],[-119.54012,49.87613],[-119.54104,49.87523],[-119.54294,49.87428],[-119.5526,49.8711],[-119.56385,49.86397],[-119.56687,49.86305],[-119.56953,49.86269],[-119.58273,49.86269],[-119.58614,49.86205],[-119.58887,49.86098],[-119.59535,49.85627],[-119.59691,49.85403],[-119.5992,49.84922],[-119.60056,49.84753],[-119.62414,49.83004],[-119.62592,49.8296],[-119.63514,49.8295],[-119.63824,49.82857],[-119.64374,49.82819],[-119.64586,49.8272],[-119.64763,49.82387],[-119.65104,49.82084],[-119.65255,49.819],[-119.65422,49.81605],[-119.65725,49.8139],[-119.66496,49.80482],[-119.6669,49.80315]]}},{"type":"Feature","properties":{"name":"C1 Kaleden Highway WB"},"geometry":{"type":"LineString","coordinates":[[-119.60985,49.38426],[-119.61085,49.38336]]}},{"type":"Feature","properties":{"name":"C1 Okanagan Highway 023 WB"},"geometry":{"type":"LineString","coordinates":[[-119.6777,49.60868],[-119.67667,49.60712],[-119.67469,49.60605]]}},{"type":"Feature","properties":{"name":"C1 Okanagan Highway 029 WB"},"geometry":{"type":"LineString","coordinates":[[-119.66752,49.60365],[-119.66325,49.60123]]}},{"type":"Feature","properties":{"name":"C1 Okanagan Highway 048 WB"},"geometry":{"type":"LineString","coordinates":[[-119.6568,49.59852],[-119.65435,49.59723],[-119.65116,49.59608]]}},{"type":"Feature","properties":{"name":"C1 Okanagan Highway 063 Penticton WB"},"geometry":{"type":"LineString","coordinates":[[-119.63176,49.56701],[-119.63333,49.56523],[-119.63782,49.56158],[-119.63854,49.56029],[-119.63861,49.55881],[-119.63705,49.55587],[-119.63632,49.55344],[-119.63446,49.55085],[-119.63441,49.54794],[-119.63405,49.54676],[-119.63303,49.54574],[-119.62974,49.5437],[-119.6261,49.54025],[-119.62548,49.53914],[-119.62524,49.53715],[-119.62476,49.53601],[-119.62066,49.53238],[-119.61876,49.52951],[-119.61777,49.52593],[-119.61807,49.52168],[-119.61738,49.51038],[-119.61578,49.50572],[-119.61605,49.50435],[-119.61768,49.5003],[-119.61746,49.50026]]}},{"type":"Feature","properties":{"name":"C1 Route 1 Canada - Keremeos, BC to Penticton, BC (proposed) W-E Connected 49.3km fixed"},"geometry":{"type":"LineString","coordinates":[[-119.81822,49.20689],[-119.81618,49.20767],[-119.81529,49.20873],[-119.81511,49.21462],[-119.81603,49.21605],[-119.82216,49.219],[-119.82339,49.22043],[-119.82351,49.22151],[-119.82228,49.22493],[-119.82218,49.22709],[-119.82286,49.22895],[-119.82602,49.23387],[-119.82646,49.23514],[-119.82638,49.2366],[-119.82546,49.23912],[-119.82571,49.24355],[-119.82664,49.24735],[-119.8268,49.25414],[-119.82846,49.25755],[-119.82875,49.26268],[-119.83023,49.26832],[-119.83097,49.27396],[-119.83289,49.27973],[-119.83317,49.28359],[-119.83275,49.2866],[-119.83217,49.28768],[-119.83062,49.28912],[-119.82802,49.29045],[-119.82674,49.29153],[-119.82092,49.30001],[-119.81668,49.30684],[-119.79798,49.31552],[-119.79651,49.31724],[-119.79586,49.3203],[-119.7932,49.32278],[-119.7891,49.32804],[-119.78741,49.32911],[-119.78405,49.33016],[-119.78141,49.33235],[-119.77634,49.33313],[-119.7711,49.3351],[-119.76753,49.33506],[-119.76013,49.3365],[-119.75554,49.33636],[-119.75308,49.33665],[-119.75113,49.33718],[-119.74914,49.33838],[-119.74762,49.33882],[-119.74348,49.3384],[-119.74262,49.33894],[-119.74264,49.34076],[-119.74177,49.34128],[-119.73902,49.34129],[-119.73545,49.3408],[-119.73064,49.34151],[-119.72812,49.34266],[-119.72438,49.34247],[-119.72224,49.34283],[-119.71693,49.34547],[-119.71189,49.34657],[-119.70733,49.34923],[-119.70646,49.35007],[-119.70586,49.35122],[-119.70498,49.35514],[-119.70455,49.35587],[-119.69783,49.36048],[-119.68383,49.36496],[-119.67867,49.36613],[-119.67341,49.36795],[-119.66921,49.36869],[-119.6638,49.3708],[-119.66003,49.37124],[-119.65378,49.373],[-119.65216,49.37293],[-119.64932,49.37212],[-119.64834,49.37225],[-119.64757,49.37291],[-119.64773,49.37367],[-119.64851,49.37413],[-119.65128,49.37463],[-119.65172,49.37532],[-119.65141,49.37591],[-119.64614,49.3778],[-119.64375,49.37973],[-119.64069,49.38016],[-119.63813,49.3821],[-119.63675,49.38238],[-119.63187,49.38228],[-119.63046,49.38159],[-119.62904,49.37996],[-119.62707,49.37954],[-119.62201,49.38133],[-119.61289,49.38251],[-119.61025,49.38342],[-119.60899,49.38853],[-119.60616,49.39214],[-119.60517,49.39206],[-119.60381,49.39255],[-119.60097,49.39245],[-119.5943,49.38983],[-119.59089,49.38881],[-119.58898,49.38752],[-119.58732,49.38748],[-119.58614,49.3871],[-119.58359,49.38774],[-119.58433,49.38835],[-119.58488,49.38836],[-119.58519,49.38872],[-119.58497,49.38918],[-119.58625,49.39072],[-119.59041,49.39264],[-119.59225,49.39444],[-119.59345,49.39682],[-119.59671,49.39978],[-119.59864,49.40327],[-119.59843,49.40554],[-119.6002,49.40744],[-119.60074,49.40905],[-119.60077,49.40991],[-119.59954,49.41225],[-119.59954,49.41308],[-119.60072,49.41481],[-119.60148,49.41675],[-119.60437,49.41924],[-119.60515,49.42206],[-119.60593,49.42303],[-119.60678,49.4251],[-119.60681,49.42652],[-119.60837,49.42874],[-119.60953,49.42976],[-119.60999,49.43188],[-119.61278,49.43388],[-119.61387,49.43798],[-119.6146,49.43932],[-119.61456,49.43993],[-119.61298,49.44189],[-119.61313,49.44426],[-119.61289,49.44489],[-119.6096,49.44704],[-119.60905,49.44786],[-119.60898,49.45041],[-119.60855,49.45095],[-119.60523,49.45203],[-119.59822,49.45282],[-119.5979,49.45434],[-119.5976,49.45435],[-119.59501,49.46586],[-119.59523,49.46775],[-119.59815,49.47804],[-119.59808,49.47867],[-119.5986,49.47965],[-119.60042,49.48146],[-119.61381,49.48942],[-119.61557,49.49076],[-119.61706,49.4935],[-119.61733,49.49539],[-119.61665,49.49758],[-119.61553,49.49921],[-119.61746,49.50026]]}},{"type":"Feature","properties":{"name":"C1 Route 1 Canada - Penticton, BC to Kelowna, BC (proposed) W-E Connected 59.6km fixed 001 fixed"},"geometry":{"type":"LineString","coordinates":[[-119.61746,49.50026],[-119.61565,49.50572],[-119.61725,49.51039],[-119.61795,49.52168],[-119.61764,49.52593],[-119.61856,49.52932],[-119.62017,49.532],[-119.62465,49.53604],[-119.62511,49.53716],[-119.62537,49.53916],[-119.62598,49.54029],[-119.62959,49.54377],[-119.63293,49.54581],[-119.63389,49.54681],[-119.63422,49.54795],[-119.63426,49.55088],[-119.6362,49.55347],[-119.63693,49.5559],[-119.63848,49.55882],[-119.63841,49.56028],[-119.63771,49.56154],[-119.63276,49.56557],[-119.63134,49.56789],[-119.63101,49.5694],[-119.63097,49.57306],[-119.63241,49.5761],[-119.63326,49.57718],[-119.635,49.57816],[-119.6406,49.57917],[-119.64247,49.58009],[-119.64347,49.58103],[-119.64543,49.58611],[-119.64601,49.58918],[-119.64811,49.59182],[-119.64918,49.59453],[-119.65024,49.59555],[-119.66267,49.60091],[-119.66631,49.60329],[-119.67469,49.60605],[-119.67691,49.60759],[-119.67824,49.61012],[-119.67874,49.61697],[-119.67981,49.61842],[-119.68219,49.62014],[-119.68305,49.62194],[-119.68281,49.62641],[-119.68045,49.62953],[-119.68012,49.63026],[-119.68018,49.63125],[-119.68287,49.63413],[-119.68371,49.63631],[-119.68752,49.64056],[-119.68813,49.64209],[-119.6884,49.64523],[-119.68943,49.64635],[-119.69505,49.64944],[-119.6974,49.65173],[-119.69945,49.65555],[-119.70004,49.65813],[-119.70082,49.65941],[-119.70189,49.66026],[-119.70308,49.66264],[-119.70924,49.66857],[-119.71165,49.67318],[-119.71278,49.67437],[-119.71524,49.67612],[-119.71773,49.67978],[-119.72338,49.68244],[-119.73811,49.69406],[-119.74783,49.70352],[-119.75384,49.71079],[-119.7593,49.71588],[-119.76115,49.71883],[-119.76422,49.72725],[-119.76738,49.73225],[-119.76787,49.73439],[-119.76751,49.738],[-119.76661,49.73891],[-119.76181,49.74112],[-119.76073,49.74198],[-119.76049,49.74274],[-119.76102,49.74565],[-119.75861,49.75051],[-119.75218,49.75716],[-119.74637,49.76502],[-119.74128,49.76977],[-119.73932,49.77109],[-119.73874,49.77209],[-119.7386,49.77313],[-119.73712,49.77586],[-119.73227,49.78118],[-119.73094,49.78225],[-119.7291,49.78306],[-119.72692,49.78352],[-119.71689,49.78382],[-119.71348,49.78447],[-119.71021,49.78628],[-119.70563,49.79187],[-119.70123,49.79464],[-119.69709,49.79569],[-119.6807,49.79859],[-119.67724,49.80016],[-119.67284,49.8005],[-119.66615,49.80349],[-119.6589,49.81151],[-119.65737,49.8136],[-119.65433,49.81576],[-119.65247,49.8188],[-119.64984,49.82083],[-119.64774,49.82339],[-119.64622,49.82654],[-119.64521,49.82751],[-119.64241,49.82828],[-119.62988,49.82848],[-119.62391,49.82873],[-119.62316,49.82899],[-119.62271,49.82953],[-119.62255,49.83105],[-119.60073,49.84719],[-119.59909,49.84906],[-119.5967,49.8541],[-119.5952,49.85621],[-119.58953,49.86047],[-119.5879,49.86129],[-119.58306,49.86253],[-119.56936,49.86258],[-119.56424,49.86367],[-119.56226,49.86464],[-119.55252,49.87102],[-119.55051,49.87188],[-119.54271,49.87419],[-119.54114,49.87496],[-119.54,49.87601],[-119.5363,49.88111],[-119.53163,49.88463],[-119.53054,49.88512],[-119.52868,49.88524],[-119.52723,49.8847],[-119.52446,49.88187],[-119.52436,49.87829],[-119.5221,49.87774],[-119.52061,49.87771],[-119.50327,49.88068],[-119.5035,49.88124],[-119.50332,49.88209],[-119.50404,49.88311],[-119.50409,49.88428],[-119.50341,49.88503],[-119.49948,49.88609],[-119.49784,49.8875],[-119.49739,49.88836],[-119.49759,49.89032],[-119.49928,49.89139],[-119.50051,49.8915],[-119.5011,49.89216],[-119.50063,49.89301],[-119.49886,49.89355],[-119.49986,49.89585],[-119.49935,49.89654],[-119.49848,49.89662],[-119.49949,49.89749]]}},{"type":"Feature","properties":{"name":"C1 Bottom Wood Lake Road 008 WB update"},"geometry":{"type":"LineString","coordinates":[[-119.40175,50.02968],[-119.40211,50.02938],[-119.40154,50.02914]]}},{"type":"Feature","properties":{"name":"C1 Bottom Wood Lake Road 016 WB fix update"},"geometry":{"type":"LineString","coordinates":[[-119.40209,50.03512],[-119.40219,50.03432]]}},{"type":"Feature","properties":{"name":"C1 Bottom Wood Lake Road 018 WB fix update"},"geometry":{"type":"LineString","coordinates":[[-119.3998,50.02879],[-119.39905,50.02841]]}},{"type":"Feature","properties":{"name":"C1 Route 1 Canada - Kelowna, BC to Vernon, BC (proposed) W-E Connected 56.9km fixed 004 fixed"},"geometry":{"type":"LineString","coordinates":[[-119.49949,49.89749],[-119.48747,49.8976],[-119.47743,49.89408],[-119.47711,49.89344],[-119.47551,49.89332],[-119.46203,49.89024],[-119.45541,49.88684],[-119.45449,49.88675],[-119.45436,49.88625],[-119.45253,49.88544],[-119.44879,49.8853],[-119.43179,49.88961],[-119.41326,49.89761],[-119.41006,49.90081],[-119.40918,49.9013],[-119.40928,49.9016],[-119.40773,49.9034],[-119.40493,49.91133],[-119.40411,49.9124],[-119.40255,49.91358],[-119.39407,49.91798],[-119.39243,49.91954],[-119.38301,49.9524],[-119.38245,49.95277],[-119.38106,49.958],[-119.38104,49.95937],[-119.3825,49.96726],[-119.3841,49.97033],[-119.3857,49.97056],[-119.38908,49.9757],[-119.3953,49.98137],[-119.40324,49.99298],[-119.40414,49.99495],[-119.40413,49.99679],[-119.40291,50.00079],[-119.40286,50.0076],[-119.39137,50.00796],[-119.39168,50.00874],[-119.39178,50.02014],[-119.3955,50.02013],[-119.39539,50.02693],[-119.39906,50.02703],[-119.39902,50.02888],[-119.40108,50.02877],[-119.40174,50.02949],[-119.40273,50.03352],[-119.40165,50.03473],[-119.40209,50.03512],[-119.40223,50.03659],[-119.40301,50.03777],[-119.40304,50.04928],[-119.40981,50.04929],[-119.41042,50.05026],[-119.41143,50.05096],[-119.41173,50.05178],[-119.41149,50.05254],[-119.41044,50.05329],[-119.41135,50.05414],[-119.41134,50.05515],[-119.40909,50.0551],[-119.40831,50.05617],[-119.40821,50.05701],[-119.40858,50.05794],[-119.4076,50.05888],[-119.40728,50.06023],[-119.40773,50.06149],[-119.40804,50.06569],[-119.40668,50.06997],[-119.40508,50.07235],[-119.4025,50.07479],[-119.39788,50.08146],[-119.39809,50.0851],[-119.39751,50.0862],[-119.39713,50.08828],[-119.39767,50.09013],[-119.39744,50.09181],[-119.39674,50.09398],[-119.39532,50.09601],[-119.39291,50.10069],[-119.39216,50.10488],[-119.38811,50.10876],[-119.38729,50.11042],[-119.38387,50.11034],[-119.38494,50.11096],[-119.38537,50.1118],[-119.38491,50.11709],[-119.38512,50.11866],[-119.38469,50.11936],[-119.38154,50.12147],[-119.38104,50.12272],[-119.38148,50.12356],[-119.38511,50.12729],[-119.38625,50.12975],[-119.38626,50.13192],[-119.38553,50.13299],[-119.38331,50.13415],[-119.38237,50.13503],[-119.38031,50.14214],[-119.37698,50.14441],[-119.37409,50.14585],[-119.36893,50.15017],[-119.36875,50.15102],[-119.36935,50.15234],[-119.3694,50.15339],[-119.36922,50.15562],[-119.36835,50.15775],[-119.36892,50.1608],[-119.36847,50.1626],[-119.36758,50.16441],[-119.36279,50.16898],[-119.36038,50.1705],[-119.35831,50.17263],[-119.35484,50.1742],[-119.35212,50.17489],[-119.34954,50.17636],[-119.34576,50.17714],[-119.34164,50.18055],[-119.33974,50.18106],[-119.33628,50.18116],[-119.33491,50.18166],[-119.33135,50.18644],[-119.32692,50.19104],[-119.32489,50.19182],[-119.31914,50.19246],[-119.3173,50.19364],[-119.31436,50.19631],[-119.30973,50.19841],[-119.30693,50.20199],[-119.30272,50.20319],[-119.30161,50.20379],[-119.2996,50.20562],[-119.2983,50.20633],[-119.29573,50.20959],[-119.29299,50.21137],[-119.28982,50.21501],[-119.28713,50.21895],[-119.28415,50.2201],[-119.28337,50.22071],[-119.28313,50.22298],[-119.28112,50.22894],[-119.28093,50.22877],[-119.28033,50.2293],[-119.27661,50.23016],[-119.27297,50.23039],[-119.27065,50.2314],[-119.26791,50.23212],[-119.26819,50.23258],[-119.26724,50.23473],[-119.26744,50.23478],[-119.26625,50.23938],[-119.26528,50.24499],[-119.26441,50.24633],[-119.26279,50.24745],[-119.26245,50.24864],[-119.26249,50.25197],[-119.26563,50.25199],[-119.26596,50.25265],[-119.26689,50.25288],[-119.26669,50.25357],[-119.26697,50.25391],[-119.2665,50.25476],[-119.26679,50.25509],[-119.26637,50.25587],[-119.26792,50.25695],[-119.26783,50.25759],[-119.26876,50.25822],[-119.26967,50.25979],[-119.27156,50.26039],[-119.27051,50.2612],[-119.27066,50.26902],[-119.27103,50.26978],[-119.26993,50.27027],[-119.26991,50.27913],[-119.26955,50.27991],[-119.2699,50.28071],[-119.26988,50.28199],[-119.26652,50.282]]}},{"type":"Feature","properties":{"name":"C1 Track 016 Lake Country WB fixed"},"geometry":{"type":"LineString","coordinates":[[-119.40286,50.0076],[-119.40307,50.00077],[-119.40431,49.99662],[-119.40422,49.9946],[-119.39621,49.98225],[-119.38947,49.97593],[-119.3864,49.97165],[-119.38486,49.96772],[-119.38451,49.96398],[-119.38459,49.95974],[-119.38636,49.9548],[-119.38647,49.95204],[-119.38553,49.95196],[-119.38339,49.95087]]}},{"type":"Feature","properties":{"name":"C1 Track 012 Vernon WB update"},"geometry":{"type":"LineString","coordinates":[[-119.27103,50.26014],[-119.27156,50.25946],[-119.27155,50.25866],[-119.26791,50.25705]]}},{"type":"Feature","properties":{"name":"C1 Crowsnest Highway 010 WB"},"geometry":{"type":"LineString","coordinates":[[-120.58973,49.1531],[-120.59567,49.15322],[-120.59859,49.15275],[-120.60776,49.1473],[-120.60941,49.14559],[-120.61027,49.1432],[-120.61127,49.1416],[-120.61977,49.13494],[-120.62405,49.12971],[-120.62733,49.12415],[-120.62851,49.12277],[-120.63034,49.12171],[-120.63856,49.1188],[-120.6441,49.11562],[-120.64812,49.11281],[-120.65632,49.11006],[-120.65941,49.10727],[-120.66286,49.10545],[-120.66584,49.10146],[-120.66979,49.09937],[-120.67094,49.09751],[-120.6736,49.09488],[-120.68176,49.09077],[-120.68809,49.08806],[-120.68889,49.0872],[-120.69024,49.08454],[-120.69455,49.08213],[-120.69778,49.07789],[-120.69925,49.0765],[-120.70124,49.07554],[-120.70555,49.07426],[-120.71372,49.07256],[-120.72182,49.06828],[-120.72403,49.06668],[-120.72937,49.05988],[-120.73119,49.05849],[-120.73342,49.05783],[-120.74059,49.05693],[-120.74452,49.05698],[-120.74804,49.0564],[-120.74958,49.05658],[-120.75641,49.05952],[-120.75926,49.06029],[-120.77744,49.06149],[-120.78007,49.06203],[-120.7904,49.06647],[-120.79333,49.06858],[-120.79855,49.06992],[-120.80313,49.07194],[-120.80592,49.07436],[-120.81056,49.07622],[-120.81136,49.07697],[-120.81258,49.07933],[-120.81337,49.08006],[-120.82299,49.08692],[-120.82984,49.09124],[-120.8338,49.09551],[-120.83428,49.09687],[-120.83457,49.09983],[-120.83568,49.10187],[-120.83928,49.10578],[-120.84296,49.10695],[-120.84432,49.10778],[-120.84721,49.11116],[-120.84906,49.11189],[-120.86951,49.11679],[-120.87462,49.12022],[-120.87738,49.12341],[-120.87775,49.12474],[-120.87776,49.12683],[-120.87812,49.12765],[-120.88187,49.13089],[-120.88361,49.13505],[-120.88819,49.13835],[-120.88983,49.14037],[-120.89018,49.14169],[-120.88971,49.14451],[-120.89078,49.14558],[-120.89501,49.14674],[-120.89887,49.14832],[-120.90217,49.1504],[-120.90689,49.15237],[-120.91134,49.15489],[-120.92015,49.15767],[-120.92535,49.15839],[-120.93033,49.16033],[-120.94204,49.16375],[-120.95151,49.1681]]}},{"type":"Feature","properties":{"name":"C1 Crowsnest Highway 015 WB"},"geometry":{"type":"LineString","coordinates":[[-121.17935,49.25003],[-121.18439,49.25046],[-121.1861,49.25102],[-121.18729,49.25203],[-121.18929,49.25457],[-121.19577,49.2602],[-121.19778,49.26096],[-121.20553,49.26272],[-121.20767,49.2635],[-121.21263,49.2669],[-121.21768,49.26855],[-121.22181,49.27068],[-121.24381,49.28028],[-121.24793,49.28282],[-121.26619,49.30005],[-121.26688,49.30144],[-121.26738,49.3067],[-121.26825,49.30858],[-121.2694,49.31017],[-121.2769,49.31733],[-121.27837,49.3193],[-121.28182,49.32137],[-121.2862,49.32267],[-121.28739,49.32333],[-121.28817,49.32418],[-121.28924,49.32728],[-121.2951,49.33249],[-121.29697,49.33503],[-121.30173,49.33913],[-121.31242,49.34369],[-121.32168,49.3504],[-121.32972,49.35366],[-121.33659,49.35799],[-121.34521,49.36284],[-121.3474,49.36359],[-121.34948,49.36377],[-121.35411,49.36345],[-121.35876,49.36385],[-121.36602,49.36215],[-121.37344,49.36291],[-121.37753,49.36368],[-121.38461,49.36583],[-121.39311,49.36633],[-121.3995,49.36766],[-121.41008,49.37214]]}},{"type":"Feature","properties":{"name":"C1 and C2 Hope, BC to Manning Park, BC (proposed) W-E Connected 76.8km fixed"},"geometry":{"type":"LineString","coordinates":[[-121.44259,49.37727],[-121.44054,49.37803],[-121.44185,49.3795],[-121.43519,49.38199],[-121.43237,49.37889],[-121.42983,49.37979],[-121.42567,49.37542],[-121.41419,49.37425],[-121.4089,49.3715],[-121.40795,49.3702],[-121.40537,49.36984],[-121.40037,49.36775],[-121.39628,49.36675],[-121.39234,49.3661],[-121.38596,49.36578],[-121.37691,49.36334],[-121.36641,49.36185],[-121.36003,49.36168],[-121.35479,49.36311],[-121.34993,49.36363],[-121.34774,49.36354],[-121.34536,49.36281],[-121.33712,49.35813],[-121.33096,49.35413],[-121.32064,49.34976],[-121.31251,49.34358],[-121.30265,49.33952],[-121.30108,49.33853],[-121.29703,49.33494],[-121.29519,49.33245],[-121.28941,49.32729],[-121.28889,49.32644],[-121.28837,49.32436],[-121.28778,49.32356],[-121.28624,49.3226],[-121.28188,49.32127],[-121.27881,49.31954],[-121.27714,49.31747],[-121.26928,49.30976],[-121.26767,49.30717],[-121.26694,49.30111],[-121.26627,49.29993],[-121.24697,49.28202],[-121.24392,49.28022],[-121.22224,49.27077],[-121.21773,49.26849],[-121.21274,49.26685],[-121.20779,49.26345],[-121.20564,49.26267],[-121.19787,49.2609],[-121.19586,49.26013],[-121.18932,49.25438],[-121.18716,49.25173],[-121.18576,49.25076],[-121.1819,49.25011],[-121.17581,49.25007],[-121.17137,49.24916],[-121.16973,49.24863],[-121.16549,49.2459],[-121.16271,49.24485],[-121.16085,49.24338],[-121.1562,49.24143],[-121.14179,49.23959],[-121.13333,49.2391],[-121.13155,49.23866],[-121.12085,49.23382],[-121.11254,49.23103],[-121.10892,49.22932],[-121.09894,49.22378],[-121.09302,49.22122],[-121.08824,49.21789],[-121.0821,49.21521],[-121.07881,49.21222],[-121.07494,49.21077],[-121.07371,49.21074],[-121.07283,49.21128],[-121.0728,49.21297],[-121.07233,49.2139],[-121.06477,49.22284],[-121.06048,49.22882],[-121.0587,49.22934],[-121.05695,49.22853],[-121.05654,49.22673],[-121.05565,49.22494],[-121.05278,49.22329],[-121.05144,49.22314],[-121.04859,49.22373],[-121.04382,49.22307],[-121.04077,49.22181],[-121.03864,49.22205],[-121.0337,49.22127],[-121.03013,49.21873],[-121.02664,49.21704],[-121.02231,49.21356],[-121.01947,49.21234],[-121.01619,49.21019],[-121.01415,49.20973],[-121.01143,49.20984],[-121.00953,49.20956],[-121.0051,49.20738],[-121.00089,49.20668],[-120.99074,49.20388],[-120.98966,49.20337],[-120.98747,49.20154],[-120.98396,49.20073],[-120.98271,49.19949],[-120.98264,49.19852],[-120.9831,49.19723],[-120.9827,49.19654],[-120.98075,49.19563],[-120.97834,49.19538],[-120.97705,49.19489],[-120.97346,49.19103],[-120.97097,49.18969],[-120.9689,49.18635],[-120.96952,49.18518],[-120.96898,49.18218],[-120.96492,49.17831],[-120.96433,49.17709],[-120.96191,49.17557],[-120.95991,49.17502],[-120.95884,49.17426],[-120.95729,49.17378],[-120.95605,49.1721],[-120.95422,49.1709],[-120.95104,49.16766],[-120.94182,49.16353],[-120.92973,49.16002],[-120.92536,49.15826],[-120.92032,49.1576],[-120.91128,49.15473],[-120.90697,49.15225],[-120.90277,49.15062],[-120.89953,49.14854],[-120.89512,49.14671],[-120.89083,49.1455],[-120.88986,49.14447],[-120.89031,49.14169],[-120.88994,49.14029],[-120.88814,49.1382],[-120.88405,49.13535],[-120.88225,49.13106],[-120.87824,49.12758],[-120.87767,49.12366],[-120.8741,49.1197],[-120.87048,49.11716],[-120.86865,49.1164],[-120.84907,49.11173],[-120.8473,49.11099],[-120.84621,49.11001],[-120.84451,49.10758],[-120.84344,49.10696],[-120.83938,49.10571],[-120.83579,49.10181],[-120.83473,49.09981],[-120.83419,49.09589],[-120.82994,49.09118],[-120.82311,49.08684],[-120.813,49.07961],[-120.81149,49.07692],[-120.81061,49.07613],[-120.80596,49.07425],[-120.80344,49.07194],[-120.80237,49.07139],[-120.79859,49.06984],[-120.79334,49.06847],[-120.79007,49.06618],[-120.7807,49.06212],[-120.77716,49.06138],[-120.75859,49.06007],[-120.749,49.05635],[-120.74432,49.05692],[-120.74056,49.05685],[-120.73239,49.05796],[-120.72986,49.05921],[-120.72429,49.06621],[-120.72291,49.06749],[-120.71424,49.07224],[-120.7125,49.07287],[-120.70552,49.07418],[-120.6996,49.07619],[-120.69768,49.07784],[-120.6945,49.08208],[-120.69013,49.08445],[-120.68876,49.08718],[-120.68799,49.08799],[-120.68233,49.09041]]}},{"type":"Feature","properties":{"name":"C1 Lougheed Highway Agassiz WB"},"geometry":{"type":"LineString","coordinates":[[-121.78254,49.24729],[-121.78308,49.2473],[-121.7831,49.24688]]}},{"type":"Feature","properties":{"name":"C1 Route 1 Canada - 28 Ave to Tsawassen WB fixed"},"geometry":{"type":"LineString","coordinates":[[-123.05597,49.05376],[-123.05976,49.05379],[-123.05741,49.05376],[-123.05766,49.05158],[-123.0594,49.04843],[-123.06207,49.04624],[-123.0997,49.02784],[-123.12442,49.01054],[-123.12674,49.01001],[-123.13096,49.00702],[-123.13089,49.0066]]}},{"type":"Feature","properties":{"name":"C1 Route 1 Canada - Victoria, BC to Mission, BC (proposed) E-W Segments pt2 373m fixed"},"geometry":{"type":"LineString","coordinates":[[-122.57873,49.20099],[-122.57992,49.20338],[-122.58089,49.20335],[-122.58323,49.20437]]}},{"type":"Feature","properties":{"name":"C1 Route 1 Canada - Victoria, BC to Mission, BC (proposed) E-W Segments pt3 441m fixed"},"geometry":{"type":"LineString","coordinates":[[-122.60119,49.21141],[-122.6027,49.21208],[-122.60405,49.21333],[-122.60459,49.21295],[-122.60466,49.21224]]}},{"type":"Feature","properties":{"name":"C1 Route 1 Canada - Victoria, BC to Mission, BC (proposed) E-W Segments pt4 3.4m"},"geometry":{"type":"LineString","coordinates":[[-122.66659,49.20931],[-122.66726,49.20939],[-122.67078,49.20841],[-122.67047,49.20771],[-122.6689,49.20685],[-122.66856,49.20625],[-122.66459,49.19201],[-122.66448,49.18607],[-122.66516,49.1847],[-122.66587,49.18411],[-122.66616,49.18421],[-122.66455,49.18432]]}},{"type":"Feature","properties":{"name":"C1 Track 006 Hope TCH WB"},"geometry":{"type":"LineString","coordinates":[[-121.45973,49.39322],[-121.46223,49.39099],[-121.4666,49.38879]]}},{"type":"Feature","properties":{"name":"C1 Track 008 WB fix"},"geometry":{"type":"LineString","coordinates":[[-122.73464,49.11159],[-122.73496,49.11152],[-122.73497,49.10995],[-122.73531,49.10925],[-122.73765,49.10796],[-122.7382,49.10735],[-122.73842,49.10438],[-122.73883,49.10416],[-122.76794,49.10462],[-122.77905,49.10442]]}},{"type":"Feature","properties":{"name":"C1 20 Street 001 WB"},"geometry":{"type":"LineString","coordinates":[[-119.25812,50.28954],[-119.25822,50.2888]]}},{"type":"Feature","properties":{"name":"C1 48 Avenue 002 Vernon WB fix"},"geometry":{"type":"LineString","coordinates":[[-119.26554,50.28199],[-119.26652,50.282]]}},{"type":"Feature","properties":{"name":"C1 Route 1 Canada - Vernon, BC to Sicamous, BC (proposed) W-E Connected 73.9km fixed 001 fixed"},"geometry":{"type":"LineString","coordinates":[[-119.26652,50.282],[-119.25846,50.282],[-119.25856,50.28786],[-119.25785,50.2891],[-119.25812,50.28954],[-119.25809,50.29145],[-119.25731,50.29248],[-119.25692,50.29429],[-119.25507,50.29674],[-119.25414,50.29748],[-119.25285,50.2973],[-119.25048,50.29964],[-119.24693,50.3056],[-119.24402,50.31289],[-119.24237,50.31569],[-119.24135,50.31835],[-119.24154,50.32086],[-119.24347,50.32513],[-119.23972,50.33056],[-119.23952,50.3313],[-119.24062,50.33281],[-119.24111,50.33605],[-119.24232,50.33865],[-119.24332,50.34228],[-119.24311,50.34788],[-119.246,50.35411],[-119.24621,50.3557],[-119.24557,50.35747],[-119.24119,50.36441],[-119.23977,50.36865],[-119.2389,50.36995],[-119.23308,50.37634],[-119.22996,50.38118],[-119.2277,50.3839],[-119.22399,50.38667],[-119.2218,50.38936],[-119.21983,50.39201],[-119.21858,50.39612],[-119.21364,50.40226],[-119.21254,50.40305],[-119.20627,50.4055],[-119.20152,50.41015],[-119.18401,50.42458],[-119.18327,50.42633],[-119.18316,50.4375],[-119.18226,50.44686],[-119.1814,50.44861],[-119.17922,50.44997],[-119.1459,50.46188],[-119.14444,50.46328],[-119.13796,50.47316],[-119.1378,50.50781],[-119.13797,50.50954],[-119.13955,50.5149],[-119.13967,50.51697],[-119.13699,50.52594],[-119.1368,50.52835],[-119.14016,50.542],[-119.14018,50.55448],[-119.14144,50.55631],[-119.1416,50.55812],[-119.14932,50.56833],[-119.15007,50.57006],[-119.15233,50.57926],[-119.15359,50.58197],[-119.15516,50.58688],[-119.15425,50.597],[-119.15289,50.60082],[-119.15112,50.60793],[-119.14883,50.61206],[-119.14496,50.6137],[-119.14282,50.61518],[-119.14013,50.62308],[-119.13915,50.6241],[-119.13634,50.62529],[-119.12653,50.62539],[-119.12433,50.62768],[-119.12351,50.62811],[-119.11919,50.62687],[-119.11475,50.62688],[-119.11391,50.62759],[-119.11347,50.62967],[-119.11286,50.63075],[-119.10904,50.63561],[-119.10395,50.64144],[-119.10028,50.64465],[-119.09854,50.64546],[-119.09162,50.6469],[-119.08481,50.64768],[-119.08195,50.64916],[-119.08104,50.65002],[-119.0804,50.65145],[-119.07589,50.65639],[-119.07496,50.65835],[-119.07425,50.66154],[-119.07364,50.66271],[-119.07202,50.66371],[-119.06799,50.66506],[-119.06525,50.66681],[-119.06285,50.6699],[-119.05642,50.67564],[-119.05515,50.67739],[-119.05369,50.681],[-119.05261,50.68227],[-119.04761,50.6855],[-119.04232,50.69077],[-119.04191,50.69214],[-119.04265,50.69365],[-119.04265,50.69459],[-119.04167,50.69588],[-119.03927,50.69788],[-119.03851,50.69991],[-119.03614,50.70311],[-119.03616,50.70388],[-119.03706,50.70539],[-119.03708,50.70608],[-119.03608,50.70809],[-119.03433,50.71505],[-119.03196,50.71818],[-119.03203,50.72191],[-119.03259,50.72432],[-119.0307,50.72614],[-119.03029,50.72692],[-119.03009,50.73166],[-119.02521,50.73686],[-119.02407,50.73866],[-119.02388,50.73997],[-119.02317,50.74142],[-119.02348,50.74374],[-119.02477,50.74673],[-119.0245,50.74944],[-119.02668,50.75176],[-119.02639,50.7543],[-119.02339,50.75646],[-119.02014,50.75795],[-119.01836,50.75823],[-119.01572,50.7593],[-119.01329,50.76109],[-119.01235,50.76271],[-119.00972,50.76396],[-119.00662,50.76743],[-119.00646,50.76831],[-119.0071,50.77068],[-119.00524,50.77331],[-119.00435,50.77596],[-119.0,50.78018],[-118.9965,50.78152],[-118.9957,50.7821],[-118.99459,50.78432],[-118.99439,50.78721],[-118.99394,50.78817],[-118.99022,50.78976],[-118.97869,50.79958],[-118.97246,50.80303],[-118.97123,50.80415],[-118.971,50.80504],[-118.97175,50.81028],[-118.97384,50.81289],[-118.97229,50.81818],[-118.97261,50.82255],[-118.97361,50.82364],[-118.9808,50.82655],[-118.9816,50.82724],[-118.98119,50.83336],[-118.98043,50.83451],[-118.97914,50.83559]]}},{"type":"Feature","properties":{"name":"C1 Vernon-Sicamous Highway WB 001"},"geometry":{"type":"LineString","coordinates":[[-119.17229,50.45255],[-119.17984,50.4499],[-119.18137,50.44897],[-119.18228,50.44766],[-119.1833,50.4375],[-119.18338,50.42634],[-119.18411,50.42461],[-119.20116,50.41071],[-119.20636,50.40554],[-119.21261,50.4031],[-119.21374,50.4023],[-119.2187,50.39619],[-119.21994,50.39213],[-119.22191,50.3894],[-119.22409,50.38672],[-119.2278,50.38395],[-119.22902,50.38263],[-119.23316,50.3764],[-119.23655,50.37309],[-119.23949,50.36935],[-119.24149,50.36413],[-119.24601,50.35691],[-119.24636,50.3556],[-119.24613,50.35409],[-119.24369,50.34907],[-119.24316,50.3473],[-119.24342,50.34399],[-119.24422,50.34177],[-119.24421,50.3402],[-119.24275,50.34025]]}},{"type":"Feature","properties":{"name":"C1 Parc Maurice-Richard WB"},"geometry":{"type":"LineString","coordinates":[[-73.67326,45.55748],[-73.67337,45.55582]]}},{"type":"Feature","properties":{"name":"C1 Rue Saint-Denis 106 WB fix"},"geometry":{"type":"LineString","coordinates":[[-73.57254,45.51932],[-73.61451,45.53842],[-73.61728,45.53922],[-73.61665,45.54042],[-73.67218,45.55655]]}},{"type":"Feature","properties":{"name":"C1 WB and C3 EB and WB Montreal Track"},"geometry":{"type":"LineString","coordinates":[[-73.67218,45.55655],[-73.67326,45.55748]]}},{"type":"Feature","properties":{"name":"C1 and C3 Route Flavie-Drapeau WB 2"},"geometry":{"type":"LineString","coordinates":[[-68.23027,48.6109],[-68.23037,48.61084]]}},{"type":"Feature","properties":{"name":"C1 Route Flavie-Drapeau WB 1"},"geometry":{"type":"LineString","coordinates":[[-68.2296,48.61044],[-68.23027,48.6109]]}},{"type":"Feature","properties":{"name":"C1 Main Street 001 WB fix"},"geometry":{"type":"LineString","coordinates":[[-61.99449,45.62208],[-61.99467,45.62183]]}},{"type":"Feature","properties":{"name":"C1 Victoria, BC to Mission, BC (proposed) E-W Segments pt10 1.1km WB fixed"},"geometry":{"type":"LineString","coordinates":[[-123.41112,48.68902],[-123.41051,48.68532],[-123.41381,48.68313],[-123.41285,48.68383],[-123.41158,48.68297]]}},{"type":"Feature","properties":{"name":"C1 Kootenay-Columbia Highway 008 WB"},"geometry":{"type":"LineString","coordinates":[[-116.97217,51.30607],[-116.97153,51.30629],[-116.97201,51.30668]]}},{"type":"Feature","properties":{"name":"C1 Ryan Street WB"},"geometry":{"type":"LineString","coordinates":[[-81.22191,46.39597],[-81.23513,46.39518],[-81.24037,46.39438]]}},{"type":"Feature","properties":{"name":"C1 Grenville-sur-la-Rouge, QC to Montreal, QC (proposed) W-E Connected 116km pt2-2-2 fixed 001"},"geometry":{"type":"LineString","coordinates":[[-73.70103,45.54961],[-73.69771,45.54611],[-73.69721,45.54627],[-73.69723,45.54682],[-73.69591,45.54684],[-73.69514,45.54723],[-73.69223,45.54693],[-73.68864,45.54759],[-73.68771,45.5485],[-73.68561,45.54926],[-73.68518,45.54819],[-73.68441,45.5481],[-73.68426,45.54754],[-73.68208,45.54752],[-73.67852,45.54869],[-73.67619,45.55012],[-73.677,45.55045],[-73.67706,45.55078],[-73.67596,45.55245],[-73.67375,45.55457],[-73.67316,45.55581],[-73.63987,45.54621],[-73.63876,45.54524],[-73.61468,45.53832],[-73.57267,45.5192],[-73.57169,45.5202],[-73.5611,45.51521]]}},{"type":"Feature","properties":{"name":"C1 Grenville-sur-la-Rouge, QC to Montreal, QC (proposed) W-E Connected 116km pt2-2-2 fixed 001 pt2"},"geometry":{"type":"LineString","coordinates":[[-73.5611,45.51521],[-73.55734,45.51347]]}},{"type":"Feature","properties":{"name":"C1 Pembroke, ON to Renfrew, ON (proposed) W-E Connected 61.7km fixed"},"geometry":{"type":"LineString","coordinates":[[-77.12921,45.82498],[-77.12599,45.82473],[-77.12266,45.82513],[-77.10961,45.82916],[-77.10249,45.82992],[-77.0981,45.82991],[-77.09372,45.8289],[-77.08954,45.82725],[-77.0802,45.82241],[-77.07729,45.8204],[-77.05805,45.80041],[-77.056,45.79779],[-77.05459,45.79444],[-77.05404,45.78711],[-77.05342,45.78528],[-77.05149,45.78292],[-77.04649,45.77942],[-77.04469,45.7767],[-77.04439,45.77433],[-77.04564,45.76889],[-77.04523,45.76705],[-77.04025,45.76003],[-77.03546,45.75499],[-77.03467,45.75343],[-77.0338,45.74992],[-77.03276,45.74829],[-77.03077,45.7471],[-77.02751,45.74589],[-77.01287,45.74198],[-76.9986,45.73445],[-76.98056,45.73066],[-76.97739,45.72899],[-76.97616,45.72762],[-76.9735,45.72351],[-76.97243,45.71788],[-76.97196,45.71684],[-76.97105,45.71574],[-76.96508,45.71099],[-76.94979,45.69048],[-76.87678,45.61644],[-76.86971,45.61149],[-76.85259,45.59479],[-76.84933,45.59293],[-76.83073,45.58768],[-76.77826,45.56414],[-76.77596,45.56251],[-76.77465,45.56039],[-76.7723,45.55174],[-76.77136,45.54943],[-76.77114,45.54675],[-76.76966,45.54398],[-76.76929,45.54241],[-76.76954,45.54032],[-76.77252,45.53323],[-76.776,45.52847],[-76.77624,45.52659],[-76.77582,45.52482],[-76.77435,45.52307],[-76.77121,45.5214],[-76.76945,45.52003],[-76.76823,45.51833],[-76.7672,45.51551],[-76.76637,45.51428],[-76.7509,45.4984],[-76.74952,45.49749],[-76.70177,45.47461],[-76.69931,45.47402],[-76.69621,45.47435]]}},{"type":"Feature","properties":{"name":"C1 Renfrew, ON to Ottawa, ON (proposed) W-E Connected 89.5km pt1 fixed2"},"geometry":{"type":"LineString","coordinates":[[-76.69621,45.47435],[-76.69128,45.4753],[-76.68328,45.46897],[-76.67963,45.46863],[-76.6764,45.46767],[-76.65376,45.46358],[-76.64116,45.46334],[-76.62616,45.46036],[-76.62011,45.45961],[-76.60332,45.45527],[-76.58606,45.45427],[-76.5752,45.45448],[-76.55806,45.44932],[-76.5187,45.44421],[-76.47933,45.44429],[-76.38322,45.4414],[-76.37897,45.44113],[-76.36823,45.43863],[-76.36617,45.43998],[-76.35758,45.43519],[-76.34681,45.43425],[-76.3361,45.42985],[-76.3227,45.42579],[-76.30434,45.42263],[-76.30227,45.42205],[-76.29936,45.42051],[-76.28233,45.40768],[-76.26316,45.41969],[-76.2557,45.42507],[-76.25375,45.42372],[-76.25346,45.42241],[-76.25251,45.42176],[-76.25058,45.42109],[-76.24909,45.42117],[-76.24851,45.41945],[-76.22589,45.40192],[-76.21041,45.39952],[-76.20288,45.40049],[-76.1999,45.4004],[-76.19674,45.39803],[-76.19454,45.39497],[-76.19153,45.39403],[-76.18868,45.39179],[-76.16249,45.40793],[-76.10967,45.3669],[-76.1058,45.36527],[-76.09563,45.35681],[-76.08205,45.34476],[-76.04933,45.31785],[-76.03666,45.32623],[-76.01137,45.34225],[-75.99857,45.33894],[-75.99618,45.3393],[-75.98709,45.33939],[-75.98285,45.34083],[-75.98088,45.34105],[-75.97771,45.34033],[-75.97277,45.34189],[-75.96901,45.34398],[-75.96644,45.34443],[-75.96559,45.34492],[-75.96268,45.34517],[-75.95945,45.34727],[-75.95651,45.34743],[-75.95165,45.35047],[-75.93866,45.34021],[-75.92491,45.34875],[-75.91172,45.33859],[-75.91078,45.33888],[-75.90908,45.33818],[-75.90691,45.33806],[-75.89561,45.33924],[-75.89219,45.34003],[-75.86311,45.35252],[-75.85606,45.35522],[-75.85336,45.35536],[-75.84992,45.35448],[-75.8498,45.35476],[-75.84944,45.3547],[-75.84267,45.35256],[-75.83408,45.35234],[-75.82189,45.34898],[-75.81923,45.34919],[-75.81253,45.352]]}},{"type":"Feature","properties":{"name":"C1 Stonecliffe, ON to Pembrook, ON (proposed) W-E Connected 76.2km fixed 001"},"geometry":{"type":"LineString","coordinates":[[-77.84247,46.17932],[-77.81915,46.16978],[-77.81599,46.16915],[-77.81196,46.16898],[-77.80806,46.16938],[-77.77004,46.17693],[-77.76805,46.17752],[-77.75659,46.18253],[-77.75254,46.18341],[-77.7505,46.18342],[-77.72622,46.18086],[-77.72296,46.17976],[-77.71251,46.17436],[-77.70467,46.17181],[-77.70203,46.17143],[-77.69851,46.1715],[-77.69651,46.17189],[-77.68418,46.1778],[-77.67562,46.17999],[-77.67176,46.18011],[-77.65805,46.17896],[-77.65478,46.17847],[-77.65179,46.17749],[-77.63724,46.1706],[-77.62206,46.16862],[-77.61516,46.16655],[-77.59586,46.15755],[-77.58344,46.15255],[-77.57603,46.14831],[-77.54922,46.13152],[-77.53996,46.1241],[-77.53611,46.1164],[-77.53397,46.11464],[-77.53939,46.1132],[-77.53049,46.09707],[-77.53055,46.09631],[-77.52967,46.09558],[-77.52745,46.09176],[-77.52089,46.07967],[-77.52054,46.07889],[-77.52167,46.07827],[-77.52158,46.07741],[-77.51348,46.06266],[-77.51225,46.06156],[-77.51244,46.06074],[-77.51216,46.06011],[-77.50503,46.04717],[-77.4276,46.00282],[-77.42449,46.00184],[-77.41584,46.00074],[-77.41093,45.99935],[-77.40515,45.99654],[-77.40489,45.99676],[-77.39552,45.99132],[-77.39394,45.98981],[-77.39198,45.98723],[-77.3804,45.97707],[-77.37585,45.97106],[-77.33365,45.93118],[-77.33051,45.92892],[-77.32426,45.92564],[-77.3221,45.92399],[-77.32101,45.9226],[-77.32034,45.92079],[-77.31737,45.90545],[-77.3131,45.89743],[-77.30988,45.89836],[-77.30809,45.89928],[-77.30243,45.9036],[-77.29561,45.90592],[-77.29282,45.90406],[-77.28832,45.89935],[-77.28648,45.89813],[-77.26797,45.8914],[-77.26177,45.88844],[-77.25787,45.88572],[-77.21802,45.85489],[-77.21186,45.85138],[-77.19122,45.84199],[-77.18051,45.83469],[-77.16992,45.83135],[-77.12921,45.82498]]}},{"type":"Feature","properties":{"name":"C1 and C2 Manning Park, BC to Princeton, BC (proposed) W-E Connected 57.0km fixed"},"geometry":{"type":"LineString","coordinates":[[-120.68233,49.09041],[-120.67352,49.09482],[-120.67085,49.09743],[-120.66935,49.09962],[-120.66625,49.10102],[-120.66278,49.10537],[-120.65938,49.10713],[-120.65628,49.10999],[-120.64806,49.11274],[-120.64406,49.11554],[-120.63832,49.1188],[-120.62891,49.12236],[-120.62782,49.12326],[-120.62446,49.12884],[-120.61969,49.13487],[-120.61076,49.14204],[-120.60953,49.14511],[-120.60814,49.14687],[-120.59842,49.15272],[-120.59581,49.15315],[-120.58935,49.15313],[-120.58759,49.15374],[-120.58659,49.15553],[-120.58489,49.15643],[-120.58416,49.15727],[-120.58365,49.15923],[-120.58421,49.16184],[-120.58411,49.16262],[-120.582,49.16482],[-120.57818,49.16614],[-120.57456,49.16573],[-120.57358,49.16657],[-120.57253,49.16682],[-120.5718,49.16677],[-120.56992,49.16567],[-120.56847,49.16591],[-120.56657,49.16689],[-120.56594,49.16878],[-120.56519,49.16965],[-120.56428,49.16993],[-120.56134,49.16975],[-120.55771,49.17081],[-120.55267,49.17453],[-120.55171,49.17561],[-120.55153,49.17652],[-120.55181,49.17922],[-120.55429,49.18189],[-120.55552,49.18657],[-120.55725,49.18856],[-120.55852,49.1888],[-120.56061,49.18853],[-120.56171,49.18905],[-120.56141,49.18976],[-120.55981,49.19011],[-120.55938,49.19165],[-120.56155,49.19789],[-120.55962,49.20216],[-120.5576,49.20358],[-120.55646,49.20557],[-120.55502,49.20711],[-120.55503,49.20875],[-120.55235,49.20955],[-120.55128,49.21035],[-120.55116,49.21314],[-120.55176,49.21615],[-120.55129,49.21663],[-120.5485,49.21762],[-120.54728,49.2195],[-120.54714,49.22198],[-120.54626,49.22338],[-120.54633,49.22498],[-120.54859,49.22671],[-120.54887,49.2283],[-120.54935,49.22915],[-120.54911,49.23041],[-120.54945,49.23146],[-120.55216,49.23383],[-120.55488,49.23519],[-120.5569,49.23537],[-120.5587,49.23598],[-120.563,49.23978],[-120.56756,49.24287],[-120.57097,49.24364],[-120.57612,49.24318],[-120.57976,49.24387],[-120.5818,49.245],[-120.58277,49.2463],[-120.58342,49.2479],[-120.58276,49.25977],[-120.58358,49.26138],[-120.58507,49.26319],[-120.58552,49.26523],[-120.5844,49.26788],[-120.57754,49.27312],[-120.57706,49.27386],[-120.57689,49.27611],[-120.57758,49.27734],[-120.57978,49.2796],[-120.58023,49.2812],[-120.57985,49.28239],[-120.57855,49.28435],[-120.57774,49.289],[-120.5784,49.28973],[-120.58308,49.2906],[-120.58315,49.29128],[-120.58224,49.29231],[-120.58215,49.29284],[-120.58319,49.29445],[-120.58621,49.29606],[-120.58933,49.2966],[-120.58991,49.29727],[-120.58962,49.29769],[-120.58496,49.29966],[-120.57456,49.3002],[-120.57375,49.30055],[-120.57195,49.30331],[-120.57165,49.30466],[-120.57142,49.31134],[-120.57312,49.31454],[-120.5735,49.31644],[-120.5688,49.32705],[-120.56865,49.32853],[-120.5702,49.33839],[-120.56786,49.34354],[-120.56576,49.35153],[-120.56645,49.35657],[-120.56689,49.35732],[-120.56859,49.35875],[-120.56909,49.3598],[-120.56898,49.36033],[-120.56795,49.36137],[-120.5658,49.36181],[-120.56388,49.36127],[-120.56173,49.35865],[-120.56059,49.3582],[-120.5582,49.35802],[-120.55719,49.35825],[-120.5566,49.35867],[-120.55639,49.35932],[-120.55713,49.36113],[-120.5593,49.36205],[-120.56523,49.36586],[-120.57239,49.36758],[-120.57435,49.36737],[-120.57653,49.36762],[-120.57836,49.3671],[-120.57901,49.36744],[-120.57894,49.36801],[-120.57847,49.36842],[-120.57303,49.37028],[-120.56974,49.37049],[-120.56835,49.37095],[-120.56494,49.3741],[-120.56418,49.37519],[-120.56387,49.37644],[-120.56374,49.37929],[-120.56282,49.38357],[-120.56293,49.39053],[-120.5645,49.3947],[-120.56474,49.39657],[-120.56381,49.40461],[-120.56222,49.40801],[-120.56195,49.40998],[-120.56597,49.41766],[-120.56682,49.42154],[-120.56593,49.42357],[-120.56495,49.42468],[-120.56297,49.42581],[-120.56052,49.42624],[-120.55517,49.42601],[-120.55256,49.42726],[-120.54718,49.43213],[-120.54634,49.43347],[-120.54585,49.43533],[-120.54418,49.43722],[-120.54157,49.43863],[-120.53997,49.44017],[-120.5327,49.44253],[-120.5305,49.44375],[-120.5295,49.44468],[-120.52662,49.45146],[-120.52506,49.45281],[-120.52143,49.45397],[-120.51941,49.45385],[-120.51652,49.45419],[-120.51333,49.45371],[-120.51161,49.45389],[-120.51043,49.45441],[-120.50916,49.45564],[-120.50837,49.45552],[-120.50682,49.45633],[-120.50469,49.45797],[-120.50437,49.45862],[-120.50467,49.45891]]}},{"type":"Feature","properties":{"name":"C1 and C2 Princeton, BC to Keremeos, BC (proposed) W-E Connected 68.5km fixed"},"geometry":{"type":"LineString","coordinates":[[-120.50467,49.45891],[-120.5045,49.46093],[-120.50477,49.4632],[-120.50438,49.46414],[-120.50066,49.46639],[-120.49727,49.46732],[-120.49559,49.46746],[-120.49403,49.46684],[-120.49248,49.46675],[-120.48597,49.46755],[-120.48412,49.46751],[-120.48128,49.46526],[-120.48055,49.46501],[-120.47446,49.46459],[-120.47047,49.46351],[-120.46257,49.46256],[-120.45865,49.46278],[-120.45222,49.46617],[-120.4484,49.46721],[-120.44637,49.46709],[-120.44274,49.46576],[-120.43773,49.46277],[-120.43013,49.46169],[-120.4258,49.45985],[-120.41652,49.46044],[-120.40626,49.46024],[-120.39786,49.45872],[-120.39471,49.45762],[-120.39403,49.45801],[-120.39405,49.46028],[-120.39361,49.46073],[-120.38794,49.46064],[-120.3834,49.46161],[-120.37805,49.46388],[-120.37209,49.46452],[-120.36595,49.46348],[-120.35873,49.46309],[-120.35151,49.46191],[-120.3493,49.4612],[-120.34634,49.4596],[-120.33778,49.45789],[-120.33352,49.45602],[-120.32898,49.45287],[-120.32461,49.45047],[-120.32057,49.44725],[-120.31797,49.44613],[-120.3143,49.44511],[-120.31268,49.44351],[-120.31144,49.44314],[-120.30742,49.44065],[-120.29825,49.44054],[-120.29521,49.441],[-120.2911,49.43974],[-120.28707,49.44003],[-120.28127,49.43871],[-120.27573,49.43473],[-120.27065,49.43167],[-120.26705,49.42728],[-120.25752,49.42253],[-120.2565,49.42158],[-120.25606,49.41904],[-120.25814,49.4158],[-120.25865,49.41187],[-120.25856,49.40963],[-120.2583,49.40822],[-120.25757,49.40682],[-120.25387,49.40373],[-120.24629,49.40369],[-120.24244,49.40276],[-120.22469,49.40137],[-120.21769,49.4002],[-120.2134,49.39849],[-120.21201,49.3975],[-120.21018,49.39552],[-120.20514,49.39304],[-120.20451,49.39231],[-120.20386,49.39059],[-120.20018,49.38789],[-120.18879,49.38281],[-120.18246,49.38215],[-120.17315,49.38336],[-120.16107,49.3816],[-120.15396,49.37913],[-120.15225,49.37915],[-120.15071,49.37854],[-120.15015,49.37819],[-120.15019,49.3777],[-120.13675,49.37198],[-120.13071,49.36761],[-120.12869,49.36704],[-120.12073,49.36617],[-120.11874,49.3657],[-120.1147,49.36191],[-120.11316,49.36109],[-120.10767,49.36061],[-120.10116,49.36084],[-120.10027,49.36038],[-120.09863,49.3583],[-120.09609,49.35661],[-120.08726,49.35347],[-120.08323,49.35424],[-120.07994,49.35601],[-120.07882,49.35612],[-120.07798,49.35582],[-120.07655,49.35438],[-120.07647,49.35165],[-120.07501,49.34792],[-120.06973,49.34518],[-120.06752,49.34448],[-120.06089,49.3414],[-120.05738,49.33941],[-120.05428,49.3371],[-120.04905,49.33225],[-120.04703,49.32788],[-120.04184,49.32348],[-120.03654,49.31731],[-120.03229,49.31375],[-120.03199,49.3112],[-120.03047,49.30899],[-120.02772,49.306],[-120.02793,49.30326],[-120.02731,49.29976],[-120.02673,49.29098],[-120.02841,49.28758],[-120.02861,49.28601],[-120.02662,49.28048],[-120.02625,49.27842],[-120.0226,49.27589],[-120.01936,49.26943],[-120.01882,49.26729],[-120.016,49.26447],[-120.01458,49.2606],[-120.01492,49.25816],[-120.01426,49.25579],[-120.01333,49.25423],[-120.00469,49.24709],[-120.004,49.24628],[-120.00319,49.24355],[-119.99142,49.2351],[-119.98893,49.23417],[-119.98388,49.23298],[-119.97904,49.23053],[-119.96961,49.22834],[-119.96669,49.22688],[-119.96044,49.22518],[-119.95935,49.22451],[-119.95689,49.22185],[-119.95475,49.22088],[-119.9485,49.22031],[-119.94154,49.22069],[-119.93464,49.22023],[-119.92845,49.21802],[-119.92183,49.21815],[-119.91394,49.21685],[-119.90977,49.21502],[-119.90001,49.21264],[-119.89609,49.21108],[-119.8924,49.20919],[-119.88971,49.20601],[-119.88647,49.20463],[-119.88388,49.20446],[-119.88082,49.20472],[-119.8809,49.20454],[-119.87399,49.20501],[-119.867,49.20429],[-119.85971,49.20416],[-119.8597,49.20504],[-119.85561,49.20532],[-119.82304,49.20512],[-119.82301,49.20618],[-119.82268,49.20651],[-119.81822,49.20689]]}},{"type":"Feature","properties":{"name":"C1 and C2 Track 005 Princeton WB fixed"},"geometry":{"type":"LineString","coordinates":[[-120.50867,49.4557],[-120.50904,49.45593],[-120.5107,49.45438],[-120.51199,49.45381]]}},{"type":"Feature","properties":{"name":"C1 Hope to Maple Ridge WB Lougheed Highway 046"},"geometry":{"type":"LineString","coordinates":[[-122.33109,49.13298],[-122.3426,49.13339],[-122.34826,49.13486],[-122.3949,49.15413],[-122.39981,49.15719],[-122.40461,49.16276],[-122.40762,49.16542],[-122.41092,49.16765],[-122.41391,49.16922],[-122.41996,49.1716],[-122.42558,49.17325],[-122.42752,49.17348],[-122.43431,49.17331]]}},{"type":"Feature","properties":{"name":"C1-01-1 Victoria, BC (Mile '0' Monument at Douglas St and Dallas Rd) to Saanichton, BC (Michell's Farm Market at Lochside Dr at Island View Rd - Route C3 Connection) 20.8km"},"geometry":{"type":"LineString","coordinates":[[-123.36925,48.40876],[-123.36981,48.40864],[-123.37173,48.40914],[-123.37401,48.41022],[-123.37031,48.41364],[-123.36903,48.41568],[-123.36886,48.42064],[-123.36821,48.42277],[-123.36929,48.42324],[-123.36972,48.42407],[-123.37042,48.42707],[-123.36976,48.42855],[-123.37311,48.42828],[-123.37447,48.42853],[-123.37828,48.43244],[-123.37832,48.43313],[-123.37988,48.43433],[-123.37965,48.43544],[-123.37986,48.43583],[-123.38264,48.43735],[-123.38309,48.43818],[-123.38227,48.43967],[-123.37958,48.44266],[-123.37883,48.44582],[-123.37818,48.44635],[-123.37584,48.44722],[-123.3749,48.44833],[-123.37496,48.44932],[-123.37716,48.45358],[-123.37774,48.45657],[-123.37457,48.45957],[-123.37146,48.46073],[-123.36411,48.46612],[-123.36125,48.47035],[-123.36171,48.47202],[-123.36053,48.47177],[-123.35936,48.47355],[-123.36055,48.4955],[-123.3603,48.49936],[-123.36066,48.5002],[-123.36219,48.5015],[-123.36496,48.50258],[-123.36598,48.50358],[-123.36619,48.50438],[-123.36586,48.50728],[-123.36669,48.51302],[-123.36874,48.51746],[-123.37161,48.52179],[-123.37262,48.52504],[-123.37297,48.52835],[-123.38468,48.54524],[-123.38661,48.55703],[-123.39459,48.56901],[-123.39609,48.57244]]}},{"type":"Feature","properties":{"name":"C1-01-2 Saanichton, BC (Michell's Farm Market at Lochside Dr at Island View Rd - Route C3 Connection) to Swartz Bay, BC (Ferry Terminal) 15.8km"},"geometry":{"type":"LineString","coordinates":[[-123.39609,48.57244],[-123.39731,48.57628],[-123.40088,48.58463],[-123.40116,48.58648],[-123.40092,48.588],[-123.39861,48.59254],[-123.39728,48.59401],[-123.39466,48.59416],[-123.39469,48.5992],[-123.39619,48.60116],[-123.39613,48.60574],[-123.39671,48.60699],[-123.40012,48.61137],[-123.4,48.6126],[-123.4067,48.62116],[-123.40835,48.62417],[-123.40986,48.62504],[-123.41131,48.62849],[-123.41104,48.62858],[-123.41046,48.63109],[-123.40969,48.63216],[-123.40692,48.63434],[-123.40053,48.64101],[-123.40007,48.64441],[-123.40281,48.6445],[-123.40283,48.64564],[-123.40493,48.6457],[-123.40559,48.64734],[-123.41675,48.66286],[-123.41685,48.66628],[-123.41789,48.67017],[-123.42038,48.67089],[-123.42329,48.67219],[-123.42396,48.67307],[-123.42423,48.67494],[-123.42593,48.67584],[-123.42602,48.67618],[-123.41662,48.68071],[-123.41405,48.68229],[-123.41334,48.68249],[-123.4116,48.68224],[-123.41174,48.68331],[-123.40989,48.68448],[-123.41095,48.684],[-123.41071,48.68418],[-123.41098,48.68434],[-123.41062,48.68425],[-123.41008,48.68465],[-123.40983,48.68539],[-123.41011,48.68715],[-123.40977,48.68746],[-123.40986,48.68807],[-123.41112,48.68902],[-123.41023,48.68959]]}},{"type":"Feature","properties":{"name":"C1-01-3 Tsawwassen, BC (Ferry Terminal) to Mission, BC (Lougheed Highway at Nelson St) 77.4km"},"geometry":{"type":"LineString","coordinates":[[-123.1332,49.00694],[-123.13245,49.00735],[-123.13106,49.00653],[-123.12708,49.00746],[-123.12396,49.00965],[-123.12247,49.0118],[-123.09991,49.02765],[-123.06212,49.04603],[-123.05969,49.04791],[-123.05838,49.04962],[-123.05753,49.05151],[-123.05711,49.05388],[-123.0464,49.05372],[-123.0464,49.04967],[-123.04486,49.04978],[-123.03976,49.0492],[-123.0375,49.05088],[-123.03558,49.05306],[-123.03534,49.05532],[-123.03119,49.05523],[-123.02944,49.05699],[-123.0235,49.05978],[-123.01721,49.06189],[-123.00662,49.06442],[-122.9762,49.06845],[-122.94909,49.07317],[-122.92708,49.07916],[-122.91348,49.08396],[-122.91209,49.08381],[-122.90696,49.08522],[-122.90419,49.0854],[-122.90327,49.08597],[-122.90296,49.08685],[-122.90063,49.08788],[-122.89905,49.08931],[-122.89801,49.08985],[-122.89522,49.08989],[-122.89396,49.09029],[-122.8929,49.09087],[-122.89233,49.09169],[-122.86118,49.08975],[-122.86112,49.09003],[-122.86203,49.09096],[-122.86401,49.09227],[-122.86639,49.09324],[-122.86967,49.09369],[-122.86957,49.09425],[-122.86843,49.09455],[-122.82035,49.09766],[-122.81913,49.0977],[-122.81833,49.0972],[-122.78021,49.09947],[-122.77896,49.09962],[-122.77905,49.10442],[-122.73819,49.10401],[-122.73797,49.10738],[-122.73529,49.10904],[-122.73478,49.10995],[-122.73451,49.11833],[-122.73483,49.11889],[-122.73474,49.12722],[-122.73448,49.1274],[-122.73424,49.13646],[-122.73449,49.13818],[-122.73359,49.13789],[-122.73187,49.13965],[-122.69682,49.16435],[-122.6951,49.16644],[-122.69412,49.16903],[-122.69074,49.1716],[-122.69049,49.177],[-122.66439,49.17693],[-122.6641,49.18462],[-122.66447,49.18466],[-122.66473,49.18406],[-122.66504,49.18417],[-122.66466,49.18414],[-122.66501,49.18423],[-122.66404,49.18606],[-122.66409,49.19157],[-122.66822,49.20685],[-122.66721,49.20829],[-122.66701,49.2092],[-122.66149,49.2093],[-122.6599,49.20988],[-122.65855,49.21233],[-122.65855,49.21417],[-122.65569,49.21419],[-122.65403,49.21486],[-122.65129,49.21486],[-122.65132,49.2134],[-122.648,49.21334],[-122.63914,49.21189],[-122.62781,49.21374],[-122.61418,49.21422],[-122.61236,49.21461],[-122.61145,49.21443],[-122.60997,49.21351],[-122.60122,49.2114],[-122.5798,49.20278],[-122.57873,49.20099],[-122.57961,49.20052],[-122.5724,49.1913],[-122.56771,49.18742],[-122.56199,49.18385],[-122.55736,49.18166],[-122.55684,49.18177],[-122.55684,49.18292],[-122.55645,49.18323],[-122.55442,49.18307],[-122.55299,49.18282],[-122.54932,49.18115],[-122.54394,49.18055],[-122.53755,49.17684],[-122.53143,49.17477],[-122.52923,49.1746],[-122.52403,49.17526],[-122.52072,49.17522],[-122.51528,49.1743],[-122.51032,49.17389],[-122.50108,49.17177],[-122.48415,49.17221],[-122.46427,49.17431],[-122.44737,49.17425],[-122.4341,49.17327],[-122.42754,49.17337],[-122.42503,49.17303],[-122.41638,49.17017],[-122.41005,49.167],[-122.40476,49.1627],[-122.39998,49.15715],[-122.39498,49.154],[-122.36011,49.13964]]}},{"type":"Feature","properties":{"name":"C1 Mission to Hope Lougheed Highway 055 fixed"},"geometry":{"type":"LineString","coordinates":[[-122.36011,49.13964],[-122.3479,49.13464],[-122.34243,49.13325],[-122.33552,49.1329],[-122.31951,49.13292],[-122.31558,49.13304],[-122.30919,49.13401],[-122.29314,49.13375],[-122.29049,49.1344],[-122.28373,49.13758],[-122.27524,49.14094],[-122.26378,49.14692],[-122.25671,49.14932],[-122.25295,49.14978],[-122.23323,49.14962],[-122.20775,49.15635],[-122.20455,49.15786],[-122.19667,49.1646],[-122.19507,49.16349],[-122.19031,49.16182],[-122.16228,49.16188],[-122.15341,49.16303],[-122.12681,49.16921],[-122.09851,49.16921],[-122.09607,49.16926],[-122.09373,49.16979],[-122.08317,49.17326],[-122.07841,49.17695],[-122.07205,49.18077],[-122.06878,49.18401],[-122.0679,49.18539],[-122.06838,49.18592],[-122.07287,49.18809],[-122.07006,49.19147],[-122.06848,49.19259],[-122.05198,49.19831],[-122.03762,49.20241],[-122.03477,49.20297],[-122.03122,49.20282],[-122.02876,49.20315],[-122.02759,49.20354],[-122.02283,49.20632],[-122.01814,49.21036],[-122.01125,49.21983],[-122.01128,49.22123],[-122.01196,49.22241],[-122.01573,49.22608],[-122.01608,49.22755],[-122.01563,49.22873],[-122.01418,49.23003],[-122.00852,49.23262],[-121.99927,49.24139],[-121.99404,49.24334],[-121.97075,49.24656],[-121.96586,49.24918],[-121.95749,49.2511],[-121.95385,49.25122],[-121.95044,49.25018],[-121.94883,49.24903],[-121.94537,49.24524],[-121.94366,49.24386],[-121.94089,49.24238],[-121.93774,49.24135],[-121.9177,49.23699],[-121.91617,49.23728],[-121.91272,49.23913],[-121.91032,49.23913],[-121.90887,49.23862],[-121.90427,49.23508],[-121.90114,49.23314],[-121.89843,49.23186],[-121.89266,49.23151],[-121.88855,49.23075],[-121.88402,49.23105],[-121.88181,49.23051],[-121.87954,49.22946],[-121.87331,49.22866],[-121.87126,49.22888],[-121.86894,49.22977],[-121.86581,49.23],[-121.86317,49.2309],[-121.86193,49.23201],[-121.86062,49.23237],[-121.8586,49.2324],[-121.85659,49.23799],[-121.85503,49.24079],[-121.85419,49.24167],[-121.84953,49.24503],[-121.84749,49.24587],[-121.8453,49.24632],[-121.84229,49.24645],[-121.81906,49.24419],[-121.787,49.24423],[-121.78434,49.24506],[-121.78343,49.24593],[-121.7827,49.24724],[-121.77875,49.24725],[-121.77618,49.24639],[-121.76589,49.24011],[-121.75028,49.23876],[-121.74491,49.23935],[-121.74214,49.24039],[-121.74023,49.24174],[-121.67817,49.30524],[-121.67703,49.30723],[-121.67606,49.31098],[-121.67492,49.3125],[-121.67185,49.31421],[-121.66477,49.3162],[-121.65804,49.32003],[-121.6545,49.32099],[-121.64976,49.32329],[-121.64661,49.32426],[-121.63974,49.32789],[-121.63456,49.33115],[-121.63102,49.33405],[-121.61199,49.3535],[-121.61048,49.3544],[-121.5939,49.36139],[-121.59119,49.36214],[-121.51251,49.37527],[-121.49141,49.37718],[-121.47905,49.38189],[-121.4763,49.38422],[-121.46445,49.38975],[-121.46041,49.39097],[-121.4589,49.39232],[-121.45883,49.3931],[-121.45943,49.39353],[-121.46095,49.39145],[-121.46157,49.38885],[-121.46102,49.38754],[-121.45976,49.38665],[-121.45836,49.38626],[-121.45466,49.38602],[-121.44979,49.38658],[-121.44873,49.38628],[-121.44808,49.38552],[-121.44767,49.38259],[-121.44298,49.37714],[-121.44259,49.37727]]}},{"type":"Feature","properties":{"name":"Track 337"},"geometry":{"type":"LineString","coordinates":[[-60.24596,46.21021],[-60.2462,46.20953],[-60.24562,46.20907]]}}]}