{"type":"FeatureCollection","features":[{"type":"Feature","properties":{"name":"CN 112 Ave Track 002 002","provs":["BC"],"km":0.1},"geometry":{"type":"LineString","coordinates":[[-122.87865,49.20661],[-122.87977,49.20635]]}},{"type":"Feature","properties":{"name":"CN 115 Avenue WB 002","provs":["BC"],"km":0.8,"dir":"W"},"geometry":{"type":"LineString","coordinates":[[-122.86174,49.21123],[-122.86205,49.21123],[-122.86245,49.21032],[-122.86309,49.20979],[-122.86698,49.20806],[-122.86767,49.20609]]}},{"type":"Feature","properties":{"name":"CN 192 Street 005 002","provs":["BC"],"km":0.2},"geometry":{"type":"LineString","coordinates":[[-122.69106,49.10434],[-122.69116,49.1061]]}},{"type":"Feature","properties":{"name":"CN 56 Avenue 019 WB 002","provs":["BC"],"km":0.3,"dir":"W"},"geometry":{"type":"LineString","coordinates":[[-122.66726,49.10435],[-122.67088,49.10437]]}},{"type":"Feature","properties":{"name":"CN 56 Avenue 025 002","provs":["BC"],"km":0.1},"geometry":{"type":"LineString","coordinates":[[-122.68797,49.10446],[-122.68903,49.10448]]}},{"type":"Feature","properties":{"name":"CN 60 Avenue 002","provs":["BC"],"km":0.5},"geometry":{"type":"LineString","coordinates":[[-122.72815,49.11146],[-122.73463,49.11152]]}},{"type":"Feature","properties":{"name":"CN 60 Avenue 007 WB 002","provs":["BC"],"km":0.1,"dir":"W"},"geometry":{"type":"LineString","coordinates":[[-122.7104,49.1114],[-122.71191,49.11142]]}},{"type":"Feature","properties":{"name":"CN 81e Avenue WB fixed 002","provs":["QC"],"km":0.4},"geometry":{"type":"LineString","coordinates":[[-73.49293,45.68964],[-73.4979,45.69042]]}},{"type":"Feature","properties":{"name":"CN Airport Way 001 WB 002","provs":["BC"],"km":0.0,"dir":"W"},"geometry":{"type":"LineString","coordinates":[[-122.67074,49.20849],[-122.67136,49.20842]]}},{"type":"Feature","properties":{"name":"CN Avenue D'Amours 004 WB 002","provs":["QC"],"km":0.1},"geometry":{"type":"LineString","coordinates":[[-67.51852,48.85238],[-67.51908,48.85194]]}},{"type":"Feature","properties":{"name":"CN Avenue D'Amours 005 002","provs":["QC"],"km":0.0},"geometry":{"type":"LineString","coordinates":[[-67.51866,48.8521],[-67.51852,48.85238]]}},{"type":"Feature","properties":{"name":"CN Avenue Desjardins WB 002","provs":["QC"],"km":0.0},"geometry":{"type":"LineString","coordinates":[[-67.52827,48.84422],[-67.52807,48.84402]]}},{"type":"Feature","properties":{"name":"CN Avenue Richmond 001 SB 002","provs":["QC"],"km":0.1},"geometry":{"type":"LineString","coordinates":[[-73.56514,45.48756],[-73.56454,45.48704]]}},{"type":"Feature","properties":{"name":"CN Banff-Windermere Parkway 003 WB 002","provs":["BC"],"km":0.0,"dir":"W"},"geometry":{"type":"LineString","coordinates":[[-116.07124,50.62247],[-116.07161,50.62242]]}},{"type":"Feature","properties":{"name":"CN Battle Street 004 EB 002","provs":["BC"],"km":0.7,"dir":"E"},"geometry":{"type":"LineString","coordinates":[[-120.3067,50.67312],[-120.29952,50.6731],[-120.29736,50.67261]]}},{"type":"Feature","properties":{"name":"CN Belview Avenue 004 WB 002","provs":["ON"],"km":0.0},"geometry":{"type":"LineString","coordinates":[[-79.55738,43.8052],[-79.55777,43.80506]]}},{"type":"Feature","properties":{"name":"CN Botsford Street SB 002","provs":["NB"],"km":0.4},"geometry":{"type":"LineString","coordinates":[[-64.77698,46.09801],[-64.7777,46.09584],[-64.77573,46.09558]]}},{"type":"Feature","properties":{"name":"CN Boulevard de la Cit\u00e9-des-Jeunes 003 NB 002","provs":["QC"],"km":0.0},"geometry":{"type":"LineString","coordinates":[[-74.03762,45.4046],[-74.03759,45.40473]]}},{"type":"Feature","properties":{"name":"CN Brechin Road 001 Nanaimo WB 002","provs":["BC"],"km":0.1},"geometry":{"type":"LineString","coordinates":[[-123.95158,49.18914],[-123.9525,49.1891]]}},{"type":"Feature","properties":{"name":"CN Carleton Ave Track 067 WB 002","provs":["BC"],"km":0.0,"dir":"W"},"geometry":{"type":"LineString","coordinates":[[-123.01141,49.27925],[-123.01151,49.27925]]}},{"type":"Feature","properties":{"name":"CN Crowsnest Highway Keremous 002","provs":["BC"],"km":0.0},"geometry":{"type":"LineString","coordinates":[[-119.81796,49.20655],[-119.81822,49.20689]]}},{"type":"Feature","properties":{"name":"CN Douglas Crescent 003 WB 002","provs":["BC"],"km":0.4,"dir":"W"},"geometry":{"type":"LineString","coordinates":[[-122.65657,49.10356],[-122.65928,49.10365],[-122.66057,49.10427],[-122.66179,49.1043]]}},{"type":"Feature","properties":{"name":"CN Frances Street 009 WB 002","provs":["BC"],"km":0.0,"dir":"W"},"geometry":{"type":"LineString","coordinates":[[-123.00295,49.27919],[-123.00333,49.27918]]}},{"type":"Feature","properties":{"name":"CN Franklin's Gull Road 002 002","provs":["BC"],"km":0.0},"geometry":{"type":"LineString","coordinates":[[-124.26142,49.3055],[-124.26119,49.30567]]}},{"type":"Feature","properties":{"name":"CN Harris Road 005 NB 002","provs":["BC"],"km":1.4},"geometry":{"type":"LineString","coordinates":[[-122.68959,49.21736],[-122.68956,49.22965]]}},{"type":"Feature","properties":{"name":"CN Hastings Street 005 WB 002","provs":["BC"],"km":0.8,"dir":"W"},"geometry":{"type":"LineString","coordinates":[[-122.96603,49.28036],[-122.97555,49.28034],[-122.97557,49.27915]]}},{"type":"Feature","properties":{"name":"CN Highway 376 001 Nova Scotia WB 002","provs":["NS"],"km":0.2},"geometry":{"type":"LineString","coordinates":[[-62.73209,45.68153],[-62.72971,45.68134]]}},{"type":"Feature","properties":{"name":"CN Hogs Back Bridge fix SB 002","provs":["ON"],"km":0.4},"geometry":{"type":"LineString","coordinates":[[-75.69806,45.37],[-75.70127,45.3684],[-75.701,45.36716]]}},{"type":"Feature","properties":{"name":"CN Horseshoe Way 001 SB 002","provs":["BC"],"km":0.1},"geometry":{"type":"LineString","coordinates":[[-123.09684,49.12511],[-123.09613,49.12525]]}},{"type":"Feature","properties":{"name":"CN Islington Avenue 002 SB 002","provs":["ON"],"km":0.0},"geometry":{"type":"LineString","coordinates":[[-79.58897,43.78692],[-79.58899,43.78663]]}},{"type":"Feature","properties":{"name":"CN Kamloops off ramp Track 002","provs":["BC"],"km":0.3},"geometry":{"type":"LineString","coordinates":[[-120.30265,50.67286],[-120.30338,50.6724],[-120.30432,50.67264],[-120.30404,50.67315],[-120.30307,50.67327]]}},{"type":"Feature","properties":{"name":"CN Kootenay-Columbia Highway 003 SB 002","provs":["BC"],"km":0.1},"geometry":{"type":"LineString","coordinates":[[-115.76827,49.8111],[-115.76877,49.81047],[-115.76824,49.81018]]}},{"type":"Feature","properties":{"name":"CN Kootenay-Columbia Highway 016 NB 002","provs":["BC"],"km":0.1},"geometry":{"type":"LineString","coordinates":[[-116.07151,50.62226],[-116.07197,50.62261]]}},{"type":"Feature","properties":{"name":"CN Kootenay-Columbia Highway 021 NB 002","provs":["BC"],"km":0.0},"geometry":{"type":"LineString","coordinates":[[-116.07159,50.62195],[-116.07156,50.6222]]}},{"type":"Feature","properties":{"name":"CN Kootenay-Columbia Highway 022 SB 002","provs":["BC"],"km":0.1},"geometry":{"type":"LineString","coordinates":[[-116.07191,50.62216],[-116.07124,50.62113]]}},{"type":"Feature","properties":{"name":"CN Lakeshore Drive City of Barrie WB 002","provs":["ON"],"km":0.0},"geometry":{"type":"LineString","coordinates":[[-79.68851,44.375],[-79.68875,44.37497]]}},{"type":"Feature","properties":{"name":"CN Langstaff Road 012 SB fixed 002","provs":["ON"],"km":0.1},"geometry":{"type":"LineString","coordinates":[[-79.55835,43.80738],[-79.55772,43.80612]]}},{"type":"Feature","properties":{"name":"CN Lewis Street SB 002","provs":["NB"],"km":0.1},"geometry":{"type":"LineString","coordinates":[[-64.77336,46.09026],[-64.77317,46.08976]]}},{"type":"Feature","properties":{"name":"CN Main Street 001 Moncton 002","provs":["NB"],"km":0.1},"geometry":{"type":"LineString","coordinates":[[-64.7891,46.0851],[-64.78984,46.08495]]}},{"type":"Feature","properties":{"name":"CN Main Street Moncton WB 002","provs":["NB"],"km":0.2},"geometry":{"type":"LineString","coordinates":[[-64.78751,46.08546],[-64.7891,46.0851],[-64.78989,46.0854]]}},{"type":"Feature","properties":{"name":"CN Marriott Hotel driveway 002","provs":["NS"],"km":0.0},"geometry":{"type":"LineString","coordinates":[[-63.57381,44.65044],[-63.57416,44.65025]]}},{"type":"Feature","properties":{"name":"CN Martin Grove Road 002 SB 002","provs":["ON"],"km":0.1},"geometry":{"type":"LineString","coordinates":[[-79.60786,43.76962],[-79.60766,43.76881]]}},{"type":"Feature","properties":{"name":"CN Martin Grove Road 007 WB 002","provs":["ON"],"km":0.2},"geometry":{"type":"LineString","coordinates":[[-79.60401,43.75851],[-79.60352,43.75789],[-79.60437,43.75765]]}},{"type":"Feature","properties":{"name":"CN Moncton Track SB 002","provs":["NB"],"km":0.1},"geometry":{"type":"LineString","coordinates":[[-64.76463,46.10224],[-64.76552,46.10202]]}},{"type":"Feature","properties":{"name":"CN M\u00een\u00ee Thn\u00ee Road 009 fixed 002","provs":["AB"],"km":0.7},"geometry":{"type":"LineString","coordinates":[[-114.84335,51.14673],[-114.83813,51.14789],[-114.83422,51.14838]]}},{"type":"Feature","properties":{"name":"CN Northwest Bay Road 002","provs":["BC"],"km":1.0},"geometry":{"type":"LineString","coordinates":[[-124.25436,49.29956],[-124.25466,49.30085],[-124.25526,49.30175],[-124.25874,49.30454],[-124.25996,49.30598],[-124.26032,49.30625],[-124.26167,49.30568]]}},{"type":"Feature","properties":{"name":"CN Northwest Bay Road SB 002","provs":["BC"],"km":0.0},"geometry":{"type":"LineString","coordinates":[[-124.26063,49.30604],[-124.25996,49.30598]]}},{"type":"Feature","properties":{"name":"CN Ontario Street 007 SB 002","provs":["BC"],"km":0.1},"geometry":{"type":"LineString","coordinates":[[-123.10566,49.23344],[-123.10569,49.23293]]}},{"type":"Feature","properties":{"name":"CN Orillia Track 003 002","provs":["ON"],"km":0.2},"geometry":{"type":"LineString","coordinates":[[-79.35671,44.60223],[-79.35746,44.60147],[-79.35917,44.60181]]}},{"type":"Feature","properties":{"name":"CN Pleasant Ave - North Sydney Ferry to C1 002","provs":["NS"],"km":0.2},"geometry":{"type":"LineString","coordinates":[[-60.24671,46.21483],[-60.2477,46.21672]]}},{"type":"Feature","properties":{"name":"CN Port Hastings, NS to St. Peters, NS (Battery Provincial Park) SB 2 002","provs":["NS"],"km":0.2},"geometry":{"type":"LineString","coordinates":[[-61.40206,45.64567],[-61.40386,45.64669]]}},{"type":"Feature","properties":{"name":"CN Port Hastings, NS to St. Peters, NS (Battery Provincial Park) SB 3 002","provs":["NS"],"km":0.2},"geometry":{"type":"LineString","coordinates":[[-61.40105,45.64531],[-61.40171,45.64592],[-61.40072,45.64677]]}},{"type":"Feature","properties":{"name":"CN Port Hastings, NS to St. Peters, NS (Battery Provincial Park) SB 4 002","provs":["NS"],"km":0.1},"geometry":{"type":"LineString","coordinates":[[-61.34464,45.61221],[-61.34569,45.61234]]}},{"type":"Feature","properties":{"name":"CN Port Hastings, NS to St. Peters, NS (Battery Provincial Park) SB 5 002","provs":["NS"],"km":0.0},"geometry":{"type":"LineString","coordinates":[[-61.36096,45.6212],[-61.36114,45.62117]]}},{"type":"Feature","properties":{"name":"CN Prince Of Wales Drive 001 SN 002","provs":["ON"],"km":0.4},"geometry":{"type":"LineString","coordinates":[[-75.70078,45.33586],[-75.70066,45.33415],[-75.70098,45.33246]]}},{"type":"Feature","properties":{"name":"CN Prince Of Wales Drive 016 SB 002","provs":["ON"],"km":0.2},"geometry":{"type":"LineString","coordinates":[[-75.71115,45.2478],[-75.71134,45.24698],[-75.71055,45.24669]]}},{"type":"Feature","properties":{"name":"CN Prince Of Wales Drive SB 002","provs":["ON"],"km":1.6},"geometry":{"type":"LineString","coordinates":[[-75.70398,45.27479],[-75.70467,45.27175],[-75.70999,45.26367],[-75.71032,45.26254],[-75.71024,45.26146]]}},{"type":"Feature","properties":{"name":"CN Ramp TCH to 93 002","provs":["AB"],"km":0.4},"geometry":{"type":"LineString","coordinates":[[-116.20532,51.4425],[-116.20361,51.4421],[-116.20212,51.44096],[-116.20128,51.44088]]}},{"type":"Feature","properties":{"name":"CN Regina Road Martin Grove Rd SB 002","provs":["ON"],"km":0.1},"geometry":{"type":"LineString","coordinates":[[-79.60862,43.77312],[-79.6086,43.77262]]}},{"type":"Feature","properties":{"name":"CN River Road 029 SB 002","provs":["BC"],"km":0.1},"geometry":{"type":"LineString","coordinates":[[-123.03362,49.13548],[-123.03405,49.13538],[-123.03405,49.13509]]}},{"type":"Feature","properties":{"name":"CN River Road 037 002","provs":["BC"],"km":0.2},"geometry":{"type":"LineString","coordinates":[[-123.02621,49.13687],[-123.02924,49.13627]]}},{"type":"Feature","properties":{"name":"CN River Road 051 WB 002","provs":["BC"],"km":0.0},"geometry":{"type":"LineString","coordinates":[[-122.95607,49.15297],[-122.95667,49.15306]]}},{"type":"Feature","properties":{"name":"CN Rivers Trail Kelowna EB 002","provs":["BC"],"km":1.7,"dir":"E"},"geometry":{"type":"LineString","coordinates":[[-120.3149,50.67647],[-120.31163,50.67601],[-120.31114,50.67546],[-120.30742,50.67502],[-120.3071,50.67483],[-120.30711,50.67437],[-120.30457,50.67415],[-120.30465,50.67378],[-120.30396,50.67375],[-120.30401,50.67341],[-120.29844,50.67323],[-120.29722,50.67269],[-120.29403,50.67237]]}},{"type":"Feature","properties":{"name":"CN Rue Saint-Antoine 002","provs":["QC"],"km":0.1},"geometry":{"type":"LineString","coordinates":[[-67.52034,48.85235],[-67.51908,48.85194]]}},{"type":"Feature","properties":{"name":"CN Rue \u00c9lizabeth 003 SB 002","provs":["QC"],"km":0.2},"geometry":{"type":"LineString","coordinates":[[-73.11372,46.0476],[-73.11327,46.04613]]}},{"type":"Feature","properties":{"name":"CN St. Peters, NS Battery Provincial Park to North Sydney SB 002","provs":["NS"],"km":1.6},"geometry":{"type":"LineString","coordinates":[[-61.33,45.61779],[-61.32912,45.62015],[-61.32927,45.62171],[-61.33029,45.62325],[-61.33396,45.62634],[-61.334,45.62687],[-61.3334,45.62725],[-61.33255,45.62713],[-61.33206,45.62654],[-61.33278,45.62416]]}},{"type":"Feature","properties":{"name":"CN St. Peters, NS Battery Provincial Park to North Sydney SB 2 002","provs":["NS"],"km":1.0},"geometry":{"type":"LineString","coordinates":[[-60.22487,46.10688],[-60.22573,46.10647],[-60.2299,46.10578],[-60.23101,46.10525],[-60.23166,46.1044],[-60.23223,46.10191],[-60.23283,46.10086]]}},{"type":"Feature","properties":{"name":"CN St. Peters, NS Battery Provincial Park to North Sydney SB 3 002","provs":["NS"],"km":0.5},"geometry":{"type":"LineString","coordinates":[[-60.24495,46.2119],[-60.24465,46.21185],[-60.24453,46.21225],[-60.246,46.21347],[-60.24671,46.21483],[-60.24773,46.21442]]}},{"type":"Feature","properties":{"name":"CN Steeles Avenue West 003 SB 002","provs":["ON"],"km":0.2},"geometry":{"type":"LineString","coordinates":[[-79.61303,43.75569],[-79.61493,43.75527]]}},{"type":"Feature","properties":{"name":"CN Stewart Avenue 001 Nanaimo SB 002","provs":["BC"],"km":0.3},"geometry":{"type":"LineString","coordinates":[[-123.95223,49.18944],[-123.95039,49.18754]]}},{"type":"Feature","properties":{"name":"CN Sudbury Barry Downe Road 004 NB 002","provs":["ON"],"km":0.1},"geometry":{"type":"LineString","coordinates":[[-80.94416,46.50468],[-80.94408,46.50564]]}},{"type":"Feature","properties":{"name":"CN Sudbury Barry Downe Road SB 002","provs":["ON"],"km":0.1},"geometry":{"type":"LineString","coordinates":[[-80.9443,46.50557],[-80.94428,46.50508]]}},{"type":"Feature","properties":{"name":"CN Sudbury Second Avenue North 005 SB 002","provs":["ON"],"km":0.1},"geometry":{"type":"LineString","coordinates":[[-80.93737,46.50376],[-80.93812,46.50405]]}},{"type":"Feature","properties":{"name":"CN Sudbury Track 036 NB 002","provs":["ON"],"km":0.1},"geometry":{"type":"LineString","coordinates":[[-80.94372,46.50229],[-80.94422,46.50272]]}},{"type":"Feature","properties":{"name":"CN TCH North Sydney Ferry Terminal to CN Gannon Rd 002","provs":["NS"],"km":0.2},"geometry":{"type":"LineString","coordinates":[[-60.24765,46.21653],[-60.24796,46.21491]]}},{"type":"Feature","properties":{"name":"CN Terminal Avenue 004 Nanaimo SB 002","provs":["BC"],"km":0.1},"geometry":{"type":"LineString","coordinates":[[-123.93547,49.16407],[-123.93433,49.16346]]}},{"type":"Feature","properties":{"name":"CN Track 001 Abbotsford 002","provs":["BC"],"km":0.1},"geometry":{"type":"LineString","coordinates":[[-122.49269,49.05908],[-122.49222,49.05946]]}},{"type":"Feature","properties":{"name":"CN Track 001 Icefileds Pkwy to TCH Westbound 002","provs":["AB"],"km":0.3},"geometry":{"type":"LineString","coordinates":[[-116.20128,51.44252],[-116.2019,51.4421],[-116.20471,51.44256]]}},{"type":"Feature","properties":{"name":"CN Track 001 M\u00een\u00ee Thn\u00ee Rd fixed 002","provs":["AB"],"km":0.6},"geometry":{"type":"LineString","coordinates":[[-114.84325,51.14887],[-114.84789,51.14772],[-114.85188,51.14714]]}},{"type":"Feature","properties":{"name":"CN Track 001 Nova Scotia WB 002","provs":["NS"],"km":0.0},"geometry":{"type":"LineString","coordinates":[[-62.51576,45.5919],[-62.51606,45.59194]]}},{"type":"Feature","properties":{"name":"CN Track 001 Oromocto EB 002","provs":["NB"],"km":0.1,"dir":"E"},"geometry":{"type":"LineString","coordinates":[[-66.50858,45.84477],[-66.50882,45.84508],[-66.50845,45.84542]]}},{"type":"Feature","properties":{"name":"CN Track 001 Vancouver SB 002","provs":["BC"],"km":0.0},"geometry":{"type":"LineString","coordinates":[[-123.10611,49.2212],[-123.10612,49.2211]]}},{"type":"Feature","properties":{"name":"CN Track 002 Ch de la Traverse SB 002","provs":["QC"],"km":0.2},"geometry":{"type":"LineString","coordinates":[[-73.12846,46.06116],[-73.1278,46.06033],[-73.12666,46.05967]]}},{"type":"Feature","properties":{"name":"CN Track 002 Franklin's Gull Road 002","provs":["BC"],"km":0.0},"geometry":{"type":"LineString","coordinates":[[-124.26116,49.30536],[-124.26119,49.30567]]}},{"type":"Feature","properties":{"name":"CN Track 002 Golden new 002","provs":["BC"],"km":0.1},"geometry":{"type":"LineString","coordinates":[[-116.97258,51.30587],[-116.97086,51.30571]]}},{"type":"Feature","properties":{"name":"CN Track 002 M\u00een\u00ee Thn\u00ee Rd fixed 002","provs":["AB"],"km":0.6},"geometry":{"type":"LineString","coordinates":[[-114.83545,51.14853],[-114.83996,51.14843],[-114.84289,51.14884],[-114.84324,51.14915]]}},{"type":"Feature","properties":{"name":"CN Track 002 Nova Scotia WB 002","provs":["NS"],"km":0.0},"geometry":{"type":"LineString","coordinates":[[-62.51595,45.59351],[-62.51616,45.59334]]}},{"type":"Feature","properties":{"name":"CN Track 002 SB 002","provs":["BC"],"km":0.2},"geometry":{"type":"LineString","coordinates":[[-115.68255,49.5731],[-115.68393,49.57306],[-115.68411,49.57361],[-115.6836,49.57413]]}},{"type":"Feature","properties":{"name":"CN Track 002 Sicamous fixed 002","provs":["BC"],"km":0.1},"geometry":{"type":"LineString","coordinates":[[-118.97749,50.83836],[-118.97662,50.83778]]}},{"type":"Feature","properties":{"name":"CN Track 002 Westminster Highway SB 002","provs":["BC"],"km":3.9},"geometry":{"type":"LineString","coordinates":[[-123.12463,49.19112],[-123.12494,49.1902],[-123.12464,49.18607],[-123.12476,49.17007],[-123.10287,49.17007]]}},{"type":"Feature","properties":{"name":"CN Track 003 City of Barrie WB 002","provs":["ON"],"km":0.8},"geometry":{"type":"LineString","coordinates":[[-79.67888,44.33718],[-79.67915,44.33675],[-79.68852,44.33457]]}},{"type":"Feature","properties":{"name":"CN Track 003 Cranbrook SB 002","provs":["BC"],"km":0.8},"geometry":{"type":"LineString","coordinates":[[-115.6854,49.57794],[-115.68424,49.57561],[-115.68423,49.57487],[-115.68591,49.57251],[-115.68629,49.57108]]}},{"type":"Feature","properties":{"name":"CN Track 003 hope SB 002","provs":["BC"],"km":0.3},"geometry":{"type":"LineString","coordinates":[[-121.45754,49.39573],[-121.45943,49.39353]]}},{"type":"Feature","properties":{"name":"CN Track 003 Kelowna 002","provs":["BC"],"km":0.5},"geometry":{"type":"LineString","coordinates":[[-120.2928,50.67505],[-120.29614,50.6734],[-120.29953,50.67318]]}},{"type":"Feature","properties":{"name":"CN Track 003 Nova Scotia WB 002","provs":["NS"],"km":0.4},"geometry":{"type":"LineString","coordinates":[[-62.67752,45.57947],[-62.67374,45.57822],[-62.67384,45.5778],[-62.6744,45.57763]]}},{"type":"Feature","properties":{"name":"CN Track 003 SB 002","provs":["BC"],"km":0.3},"geometry":{"type":"LineString","coordinates":[[-123.10597,49.22576],[-123.10607,49.22291]]}},{"type":"Feature","properties":{"name":"CN Track 004 Kelowna 002","provs":["BC"],"km":0.2},"geometry":{"type":"LineString","coordinates":[[-120.30044,50.67313],[-120.29943,50.67279],[-120.29943,50.67244],[-120.29994,50.67216]]}},{"type":"Feature","properties":{"name":"CN Track 004 Nanimo to C3 002","provs":["BC"],"km":0.1},"geometry":{"type":"LineString","coordinates":[[-123.91998,49.12829],[-123.91988,49.12785]]}},{"type":"Feature","properties":{"name":"CN Track 004 Nova Scotia WB 002","provs":["NS"],"km":0.6},"geometry":{"type":"LineString","coordinates":[[-62.66837,45.57711],[-62.66948,45.57801],[-62.67483,45.5793]]}},{"type":"Feature","properties":{"name":"CN Track 004 SB fixed 002","provs":["AB"],"km":1.6},"geometry":{"type":"LineString","coordinates":[[-115.0627,51.08701],[-115.06153,51.08018],[-115.06009,51.07889],[-115.05594,51.07773],[-115.05566,51.07698],[-115.0567,51.07654],[-115.05754,51.0768],[-115.05772,51.07744],[-115.05725,51.07802]]}},{"type":"Feature","properties":{"name":"CN Track 005 Islington Ave SB 002","provs":["ON"],"km":0.1},"geometry":{"type":"LineString","coordinates":[[-79.58459,43.79215],[-79.58482,43.79158]]}},{"type":"Feature","properties":{"name":"CN Track 005 Kamloops off ramp 002","provs":["BC"],"km":0.1},"geometry":{"type":"LineString","coordinates":[[-120.30408,50.67245],[-120.30577,50.67303]]}},{"type":"Feature","properties":{"name":"CN Track 005 Kelowna 002","provs":["BC"],"km":0.2},"geometry":{"type":"LineString","coordinates":[[-120.30138,50.67163],[-120.3027,50.67172],[-120.30249,50.67283]]}},{"type":"Feature","properties":{"name":"CN Track 006 Nova Scotia WB 002","provs":["NS"],"km":0.3},"geometry":{"type":"LineString","coordinates":[[-62.66706,45.57518],[-62.66886,45.57661],[-62.66913,45.57717]]}},{"type":"Feature","properties":{"name":"CN Track 007 Cranbrook NB 002","provs":["BC"],"km":0.6},"geometry":{"type":"LineString","coordinates":[[-115.67878,49.57481],[-115.68175,49.57513],[-115.68307,49.57559],[-115.68509,49.57747]]}},{"type":"Feature","properties":{"name":"CN Track 007 Nova Scotia WB 002","provs":["NS"],"km":0.0},"geometry":{"type":"LineString","coordinates":[[-62.51599,45.59157],[-62.51571,45.59168]]}},{"type":"Feature","properties":{"name":"CN Track 007 SB 002","provs":["BC"],"km":0.0},"geometry":{"type":"LineString","coordinates":[[-123.10561,49.23466],[-123.10562,49.23455]]}},{"type":"Feature","properties":{"name":"CN Track 007 Whitbourne 002","provs":["NL"],"km":0.1},"geometry":{"type":"LineString","coordinates":[[-53.56387,47.45036],[-53.56307,47.4496]]}},{"type":"Feature","properties":{"name":"CN Track 008 Nova Scotia WB 002","provs":["NS"],"km":0.0},"geometry":{"type":"LineString","coordinates":[[-62.51608,45.59319],[-62.51576,45.59315]]}},{"type":"Feature","properties":{"name":"CN Track 008 Radium Hot Springs 002","provs":["BC"],"km":0.0},"geometry":{"type":"LineString","coordinates":[[-116.07167,50.62244],[-116.07201,50.62239]]}},{"type":"Feature","properties":{"name":"CN Track 008 SB 002","provs":["BC"],"km":0.0},"geometry":{"type":"LineString","coordinates":[[-123.1055,49.23737],[-123.1055,49.23728]]}},{"type":"Feature","properties":{"name":"CN Track 009 to Hook Greenway 002","provs":["BC"],"km":0.0},"geometry":{"type":"LineString","coordinates":[[-122.73463,49.11152],[-122.73461,49.11144]]}},{"type":"Feature","properties":{"name":"CN Track 011 Keremous 002","provs":["BC"],"km":0.0},"geometry":{"type":"LineString","coordinates":[[-119.81796,49.20655],[-119.81786,49.20696]]}},{"type":"Feature","properties":{"name":"CN Track 011 SB 002","provs":["BC"],"km":0.0},"geometry":{"type":"LineString","coordinates":[[-123.1059,49.22771],[-123.10591,49.2276]]}},{"type":"Feature","properties":{"name":"CN Track 012 Nova Scotia WB 002","provs":["NS"],"km":0.0},"geometry":{"type":"LineString","coordinates":[[-62.67118,45.57735],[-62.67151,45.57708]]}},{"type":"Feature","properties":{"name":"CN Track 013 Canmore 002","provs":["AB"],"km":0.1},"geometry":{"type":"LineString","coordinates":[[-115.32827,51.07547],[-115.32825,51.07497]]}},{"type":"Feature","properties":{"name":"CN Track 016 Nova Scotia WB 002","provs":["NS"],"km":0.1},"geometry":{"type":"LineString","coordinates":[[-62.66896,45.57672],[-62.66837,45.57711]]}},{"type":"Feature","properties":{"name":"CN Track 017 Bow River fixed 002","provs":["AB"],"km":0.6},"geometry":{"type":"LineString","coordinates":[[-115.06179,51.08104],[-115.06054,51.07705],[-115.06086,51.07639],[-115.06194,51.0757]]}},{"type":"Feature","properties":{"name":"CN Track 017 SB 002","provs":["BC"],"km":0.0},"geometry":{"type":"LineString","coordinates":[[-123.10583,49.22951],[-123.10583,49.22941]]}},{"type":"Feature","properties":{"name":"CN Track 019 Nova Scotia WB 002","provs":["NS"],"km":0.1},"geometry":{"type":"LineString","coordinates":[[-62.67374,45.57822],[-62.67363,45.57755]]}},{"type":"Feature","properties":{"name":"CN Track 020 Hastings St WB 002","provs":["BC"],"km":8.9,"dir":"W"},"geometry":{"type":"LineString","coordinates":[[-122.86635,49.27664],[-122.86672,49.27695],[-122.86684,49.27771],[-122.86654,49.27972],[-122.86715,49.28544],[-122.86779,49.28715],[-122.86916,49.2886],[-122.87072,49.28953],[-122.87343,49.29074],[-122.87626,49.2913],[-122.87866,49.29115],[-122.88338,49.29007],[-122.89256,49.29024],[-122.89459,49.28966],[-122.89909,49.28732],[-122.90256,49.28669],[-122.91124,49.28799],[-122.91602,49.28783],[-122.92259,49.28813],[-122.92586,49.28914],[-122.93427,49.2906],[-122.93946,49.29031],[-122.94349,49.28876],[-122.94864,49.2888],[-122.9516,49.28784],[-122.95399,49.28613],[-122.95803,49.28103],[-122.96073,49.28018]]}},{"type":"Feature","properties":{"name":"CN Track 021 Delta SB 001","provs":["BC"],"km":0.0},"geometry":{"type":"LineString","coordinates":[[-123.07971,49.04323],[-123.07984,49.04305]]}},{"type":"Feature","properties":{"name":"CN Track 022 SB 002","provs":["QC"],"km":1.3},"geometry":{"type":"LineString","coordinates":[[-73.57798,45.49504],[-73.56532,45.48917],[-73.56598,45.48824]]}},{"type":"Feature","properties":{"name":"CN Track 023 Nova Scotia WB 002","provs":["NS"],"km":0.4},"geometry":{"type":"LineString","coordinates":[[-62.51616,45.5933],[-62.51726,45.59292],[-62.52156,45.59281]]}},{"type":"Feature","properties":{"name":"CN Track 023 SB 002","provs":["BC"],"km":0.0},"geometry":{"type":"LineString","coordinates":[[-123.10478,49.25382],[-123.10478,49.25372]]}},{"type":"Feature","properties":{"name":"CN Track 024 Nova Scotia WB 002","provs":["NS"],"km":0.5},"geometry":{"type":"LineString","coordinates":[[-62.52233,45.5925],[-62.51721,45.59213],[-62.51623,45.59177]]}},{"type":"Feature","properties":{"name":"CN Track 024 SB 002","provs":["BC"],"km":0.0},"geometry":{"type":"LineString","coordinates":[[-123.10483,49.25282],[-123.10483,49.25272]]}},{"type":"Feature","properties":{"name":"CN Track 025 Kamloops SB 002","provs":["BC"],"km":0.8},"geometry":{"type":"LineString","coordinates":[[-120.30223,50.67417],[-120.30199,50.67389],[-120.30422,50.67052],[-120.30748,50.66862]]}},{"type":"Feature","properties":{"name":"CN Track 025 Nova Scotia WB 002","provs":["NS"],"km":0.5},"geometry":{"type":"LineString","coordinates":[[-62.50934,45.5925],[-62.5156,45.5933]]}},{"type":"Feature","properties":{"name":"CN Track 026 Nova Scotia WB 002","provs":["NS"],"km":0.4},"geometry":{"type":"LineString","coordinates":[[-62.51568,45.59174],[-62.5136,45.59215],[-62.51022,45.59228]]}},{"type":"Feature","properties":{"name":"CN Track 029 002","provs":["BC"],"km":0.1},"geometry":{"type":"LineString","coordinates":[[-122.86635,49.2081],[-122.86734,49.20869]]}},{"type":"Feature","properties":{"name":"CN Track 029 Nova Scotia WB 002","provs":["NS"],"km":0.0},"geometry":{"type":"LineString","coordinates":[[-62.66913,45.57717],[-62.66898,45.57748]]}},{"type":"Feature","properties":{"name":"CN Track 029 SB 002","provs":["BC"],"km":0.0},"geometry":{"type":"LineString","coordinates":[[-123.10495,49.26213],[-123.10495,49.26204]]}},{"type":"Feature","properties":{"name":"CN Track 034 Nova Scotia WB 002","provs":["NS"],"km":0.1},"geometry":{"type":"LineString","coordinates":[[-62.72915,45.68295],[-62.7301,45.68324]]}},{"type":"Feature","properties":{"name":"CN Track 038 Cycle track calgary (future connection) 002","provs":["AB"],"km":0.4},"geometry":{"type":"LineString","coordinates":[[-114.22826,51.08513],[-114.2306,51.08583],[-114.23368,51.08525]]}},{"type":"Feature","properties":{"name":"CN Track 039 Nova Scotia WB 002","provs":["NS"],"km":0.6},"geometry":{"type":"LineString","coordinates":[[-62.67221,45.57744],[-62.66614,45.5742]]}},{"type":"Feature","properties":{"name":"CN Track 044 SB 002","provs":["BC"],"km":0.0},"geometry":{"type":"LineString","coordinates":[[-123.10486,49.25192],[-123.10487,49.25183]]}},{"type":"Feature","properties":{"name":"CN Track 044 WB 002","provs":["BC"],"km":7.6,"dir":"W"},"geometry":{"type":"LineString","coordinates":[[-122.74194,49.25325],[-122.77015,49.26491],[-122.79737,49.2766],[-122.80433,49.27771],[-122.81224,49.27794],[-122.82129,49.27794],[-122.82665,49.27759],[-122.82977,49.27646],[-122.83495,49.2767]]}},{"type":"Feature","properties":{"name":"CN Track 064 SB 002","provs":["BC"],"km":0.0},"geometry":{"type":"LineString","coordinates":[[-123.10506,49.25941],[-123.10506,49.25932]]}},{"type":"Feature","properties":{"name":"CN Track 065 SB 002","provs":["BC"],"km":0.0},"geometry":{"type":"LineString","coordinates":[[-123.10514,49.25762],[-123.10514,49.25752]]}},{"type":"Feature","properties":{"name":"CN Track 066 SB 002","provs":["BC"],"km":0.0},"geometry":{"type":"LineString","coordinates":[[-123.1051,49.25853],[-123.1051,49.25842]]}},{"type":"Feature","properties":{"name":"CN Track 068 SB 002","provs":["BC"],"km":0.0},"geometry":{"type":"LineString","coordinates":[[-123.10512,49.24609],[-123.10512,49.24602]]}},{"type":"Feature","properties":{"name":"CN Track 074 SB 002","provs":["BC"],"km":0.0},"geometry":{"type":"LineString","coordinates":[[-123.10506,49.25473],[-123.10505,49.25464]]}},{"type":"Feature","properties":{"name":"CN Track 077 SB 002","provs":["BC"],"km":0.0},"geometry":{"type":"LineString","coordinates":[[-123.11465,49.21323],[-123.11473,49.21318]]}},{"type":"Feature","properties":{"name":"CN Track Abbotsford 002","provs":["BC"],"km":0.1},"geometry":{"type":"LineString","coordinates":[[-122.28767,49.05041],[-122.28829,49.05015]]}},{"type":"Feature","properties":{"name":"CN Track C1 to C3 002","provs":["AB"],"km":0.7},"geometry":{"type":"LineString","coordinates":[[-115.0562,51.08025],[-115.0575,51.0794],[-115.05963,51.0797],[-115.06104,51.08073],[-115.062,51.08274]]}},{"type":"Feature","properties":{"name":"CN Track Montreal fixed 002","provs":["QC"],"km":0.1},"geometry":{"type":"LineString","coordinates":[[-73.55266,45.49588],[-73.553,45.49606],[-73.5528,45.49643]]}},{"type":"Feature","properties":{"name":"CN Track Nanaimo SB 002","provs":["BC"],"km":0.1},"geometry":{"type":"LineString","coordinates":[[-123.94065,49.17152],[-123.9401,49.17109]]}},{"type":"Feature","properties":{"name":"CN Track Oromocto WB 002","provs":["NB"],"km":0.1,"dir":"W"},"geometry":{"type":"LineString","coordinates":[[-66.50845,45.84542],[-66.51002,45.84531]]}},{"type":"Feature","properties":{"name":"CN Track Ottawa Rideau Canal 002","provs":["ON"],"km":0.1},"geometry":{"type":"LineString","coordinates":[[-75.68376,45.42036],[-75.68294,45.42002]]}},{"type":"Feature","properties":{"name":"CN Track Weston Road SB fixed 002","provs":["ON"],"km":0.5},"geometry":{"type":"LineString","coordinates":[[-79.55372,43.81566],[-79.55279,43.81139],[-79.55338,43.81127]]}},{"type":"Feature","properties":{"name":"CN Trans-Canada Highway 001 Nanaimo SB 002","provs":["BC"],"km":2.0},"geometry":{"type":"LineString","coordinates":[[-123.93015,49.14454],[-123.92816,49.14297],[-123.92737,49.1406],[-123.92672,49.13959],[-123.92361,49.13709],[-123.92248,49.13575],[-123.92201,49.13443],[-123.92144,49.13046],[-123.91969,49.12797]]}},{"type":"Feature","properties":{"name":"CN Trans-Canada Highway 001 Salmon Arm WB 002","provs":["BC"],"km":11.2,"dir":"W"},"geometry":{"type":"LineString","coordinates":[[-119.32378,50.80422],[-119.32143,50.80633],[-119.31994,50.80904],[-119.31987,50.82654],[-119.32037,50.82804],[-119.32676,50.83944],[-119.32999,50.84358],[-119.33273,50.84523],[-119.34523,50.85003],[-119.36703,50.85607],[-119.36868,50.85734],[-119.37248,50.86185],[-119.37469,50.86352],[-119.37988,50.86653],[-119.38189,50.86848],[-119.38409,50.86991],[-119.38505,50.87089],[-119.38672,50.87367],[-119.39173,50.87745],[-119.39372,50.87845],[-119.39562,50.87896],[-119.40007,50.879]]}},{"type":"Feature","properties":{"name":"CN Trans-Canada Highway 002 002","provs":["BC"],"km":0.1},"geometry":{"type":"LineString","coordinates":[[-123.91969,49.12797],[-123.9193,49.12754]]}},{"type":"Feature","properties":{"name":"CN Trans-Canada Highway 004 WB 002","provs":["BC"],"km":0.7,"dir":"W"},"geometry":{"type":"LineString","coordinates":[[-120.2928,50.67505],[-120.29594,50.67326],[-120.30138,50.67163]]}},{"type":"Feature","properties":{"name":"CN Trans-Canada Highway 007 Salmon Arm WB 002","provs":["BC"],"km":2.4,"dir":"W"},"geometry":{"type":"LineString","coordinates":[[-119.30628,50.69393],[-119.30871,50.69303],[-119.3113,50.69265],[-119.3232,50.69265],[-119.32603,50.69304],[-119.32844,50.69402],[-119.33006,50.69543],[-119.33117,50.69745],[-119.33125,50.70057]]}},{"type":"Feature","properties":{"name":"CN Trans-Canada Highway 008 SB 002","provs":["BC"],"km":0.4},"geometry":{"type":"LineString","coordinates":[[-121.44352,49.41097],[-121.44731,49.40873]]}},{"type":"Feature","properties":{"name":"CN Trans-Canada Highway 010 EB 002","provs":["BC"],"km":41.3},"geometry":{"type":"LineString","coordinates":[[-119.75398,50.74634],[-119.75783,50.74061],[-119.7592,50.7394],[-119.76202,50.73774],[-119.76281,50.73683],[-119.76372,50.73349],[-119.76534,50.73009],[-119.76617,50.72719],[-119.76743,50.72535],[-119.77208,50.72269],[-119.78876,50.71184],[-119.79061,50.70985],[-119.7928,50.70561],[-119.79573,50.70199],[-119.79912,50.69949],[-119.80729,50.6956],[-119.81093,50.69304],[-119.81359,50.69075],[-119.81584,50.6867],[-119.81834,50.68443],[-119.82738,50.67992],[-119.83263,50.67595],[-119.83515,50.67451],[-119.83925,50.67306],[-119.85069,50.67035],[-119.85443,50.66892],[-119.8802,50.6535],[-119.89609,50.64925],[-119.90498,50.64589],[-119.90774,50.64521],[-119.91818,50.64451],[-119.92647,50.6464],[-119.95263,50.6491],[-119.96125,50.65068],[-119.96413,50.65067],[-119.97761,50.64909],[-119.98584,50.64749],[-119.99763,50.64733],[-120.00072,50.64783],[-120.008,50.65035],[-120.02726,50.6532],[-120.05716,50.6543],[-120.06608,50.65351],[-120.08174,50.65627],[-120.10617,50.65962],[-120.11066,50.65975],[-120.1167,50.65923],[-120.12038,50.65954],[-120.12334,50.66032],[-120.12917,50.66268],[-120.15284,50.66755],[-120.17704,50.66976],[-120.19615,50.66915],[-120.20049,50.66932],[-120.2133,50.67194],[-120.22178,50.67107],[-120.251,50.6772],[-120.25118,50.67686]]}},{"type":"Feature","properties":{"name":"CN Trans-Canada Highway 011 Cache Creek SB 002","provs":["BC"],"km":0.1},"geometry":{"type":"LineString","coordinates":[[-121.32486,50.8092],[-121.32538,50.80883],[-121.32536,50.80834]]}},{"type":"Feature","properties":{"name":"CN Trans-Canada Highway 024 WB 002","provs":["BC"],"km":0.4,"dir":"W"},"geometry":{"type":"LineString","coordinates":[[-118.98165,50.83974],[-118.98473,50.83971],[-118.98729,50.83886]]}},{"type":"Feature","properties":{"name":"CN Trans-Canada Highway 031 WB 002","provs":["BC"],"km":0.2,"dir":"W"},"geometry":{"type":"LineString","coordinates":[[-119.69742,50.8072],[-119.69943,50.80562]]}},{"type":"Feature","properties":{"name":"CN Trans-Canada Highway 044 Kamloops WB 002","provs":["BC"],"km":12.7},"geometry":{"type":"LineString","coordinates":[[-120.30138,50.67163],[-120.30527,50.66951],[-120.31026,50.66752],[-120.31492,50.66418],[-120.31933,50.66257],[-120.32413,50.6619],[-120.33523,50.66184],[-120.34692,50.66231],[-120.35454,50.66168],[-120.3579,50.66053],[-120.36081,50.65909],[-120.36193,50.65802],[-120.36334,50.65565],[-120.36453,50.65478],[-120.3758,50.65264],[-120.37875,50.65301],[-120.38362,50.65483],[-120.38907,50.65613],[-120.39074,50.65709],[-120.39318,50.65919],[-120.39515,50.66003],[-120.41791,50.66559],[-120.42207,50.66609],[-120.43224,50.66586],[-120.44744,50.66675],[-120.45579,50.66636],[-120.45876,50.66677],[-120.46291,50.66811]]}},{"type":"Feature","properties":{"name":"CN Trans-Canada Highway 048 WB 002","provs":["BC"],"km":3.2},"geometry":{"type":"LineString","coordinates":[[-120.251,50.6772],[-120.26583,50.68026],[-120.27232,50.68059],[-120.2868,50.67789],[-120.29029,50.67659],[-120.2928,50.67505]]}},{"type":"Feature","properties":{"name":"CN Trans-Canada Highway fixed 002","provs":["BC"],"km":0.3},"geometry":{"type":"LineString","coordinates":[[-118.97476,50.83794],[-118.97859,50.83886]]}},{"type":"Feature","properties":{"name":"CN Trans-Canada Highway Salmon Arm WB 002","provs":["BC"],"km":6.6,"dir":"W"},"geometry":{"type":"LineString","coordinates":[[-119.2273,50.71897],[-119.22741,50.71355],[-119.22797,50.712],[-119.2315,50.70904],[-119.23454,50.7076],[-119.2375,50.70725],[-119.26402,50.70707],[-119.26607,50.7063],[-119.26872,50.70343],[-119.27039,50.70255],[-119.2784,50.70225],[-119.28513,50.69987],[-119.29247,50.69955],[-119.30073,50.69623]]}},{"type":"Feature","properties":{"name":"CN Union Street 002 WB 002","provs":["BC"],"km":0.1,"dir":"W"},"geometry":{"type":"LineString","coordinates":[[-123.02313,49.27757],[-123.02381,49.27743]]}},{"type":"Feature","properties":{"name":"CN Valleyview Drive 004 WB 002","provs":["BC"],"km":0.7,"dir":"W"},"geometry":{"type":"LineString","coordinates":[[-120.29693,50.67256],[-120.29953,50.67318],[-120.30664,50.67312]]}},{"type":"Feature","properties":{"name":"CN Vaughan Harvey Boulevard 001 WB 002","provs":["NB"],"km":0.3},"geometry":{"type":"LineString","coordinates":[[-64.7897,46.08498],[-64.79042,46.08593],[-64.79247,46.08701]]}},{"type":"Feature","properties":{"name":"CN Vernon-Sicamous Highway 001 fixed 002","provs":["BC"],"km":0.0},"geometry":{"type":"LineString","coordinates":[[-118.97642,50.83804],[-118.97637,50.83815]]}},{"type":"Feature","properties":{"name":"CN Weston Road 022 SB 002","provs":["ON"],"km":0.5},"geometry":{"type":"LineString","coordinates":[[-79.55677,43.82842],[-79.55573,43.82411]]}},{"type":"Feature","properties":{"name":"CN Weston Road 034 SB 002","provs":["ON"],"km":0.2},"geometry":{"type":"LineString","coordinates":[[-79.55837,43.83496],[-79.55808,43.83357]]}},{"type":"Feature","properties":{"name":"CN Weston Road 037 SB 002","provs":["ON"],"km":0.4},"geometry":{"type":"LineString","coordinates":[[-79.5633,43.85672],[-79.56257,43.85339]]}},{"type":"Feature","properties":{"name":"CN Weston Road 044 SB 002","provs":["ON"],"km":0.1},"geometry":{"type":"LineString","coordinates":[[-79.56488,43.86364],[-79.56459,43.86251]]}},{"type":"Feature","properties":{"name":"CN Weston Road 048 SB 002","provs":["ON"],"km":0.2},"geometry":{"type":"LineString","coordinates":[[-79.56035,43.8437],[-79.56002,43.84224]]}},{"type":"Feature","properties":{"name":"CN Weston Road 053 SB 002","provs":["ON"],"km":0.1},"geometry":{"type":"LineString","coordinates":[[-79.55512,43.82146],[-79.55484,43.82022]]}},{"type":"Feature","properties":{"name":"CN Weston Road 055 SB 002","provs":["ON"],"km":0.1},"geometry":{"type":"LineString","coordinates":[[-79.56075,43.8454],[-79.56046,43.84415]]}},{"type":"Feature","properties":{"name":"CN Weston Road 073 SB 002","provs":["ON"],"km":0.1},"geometry":{"type":"LineString","coordinates":[[-79.5574,43.83094],[-79.55709,43.82975]]}},{"type":"Feature","properties":{"name":"CN Weston Road 092 SB 002","provs":["ON"],"km":0.5},"geometry":{"type":"LineString","coordinates":[[-79.55976,43.84119],[-79.55881,43.83709]]}},{"type":"Feature","properties":{"name":"CN Weston Road 101 SB 002","provs":["ON"],"km":0.1},"geometry":{"type":"LineString","coordinates":[[-79.56175,43.84987],[-79.56151,43.84856]]}},{"type":"Feature","properties":{"name":"[CN EB] (Gagetown-Jemseg Ferry 5mins) to Coles Island, NB (River Run Campground 78m) pt2of2 002","provs":["NB"],"km":54.5},"geometry":{"type":"LineString","coordinates":[[-66.133,45.76855],[-66.12732,45.76983],[-66.12264,45.76839],[-66.12198,45.76845],[-66.12156,45.76884],[-66.12155,45.77035],[-66.12102,45.77104],[-66.11579,45.77222],[-66.11089,45.77376],[-66.10262,45.77963],[-66.10154,45.78064],[-66.1006,45.78263],[-66.09952,45.78399],[-66.09771,45.78505],[-66.09617,45.78522],[-66.09247,45.79351],[-66.08937,45.79731],[-66.08488,45.80169],[-66.08195,45.80672],[-66.08229,45.80782],[-66.08326,45.80862],[-66.08557,45.80944],[-66.08943,45.81173],[-66.0912,45.81193],[-66.09495,45.81143],[-66.09672,45.81182],[-66.0983,45.81294],[-66.10155,45.81641],[-66.10606,45.82801],[-66.10749,45.82907],[-66.11137,45.83065],[-66.11181,45.83123],[-66.10449,45.83255],[-66.10712,45.83585],[-66.10982,45.83705],[-66.11235,45.83734],[-66.11246,45.83923],[-66.11305,45.84026],[-66.11828,45.84329],[-66.11988,45.84484],[-66.12261,45.84795],[-66.12335,45.8493],[-66.1233,45.85084],[-66.12233,45.85238],[-66.10139,45.86357],[-66.09656,45.86518],[-66.09524,45.86506],[-66.09336,45.86412],[-66.08434,45.85333],[-66.08312,45.85226],[-66.08073,45.85171],[-66.07518,45.8519],[-66.07385,45.85228],[-66.06323,45.85782],[-66.05517,45.8694],[-66.05336,45.87067],[-66.04865,45.87215],[-66.03734,45.87251],[-66.02307,45.87412],[-66.0151,45.87617],[-66.01395,45.87585],[-66.01234,45.8768],[-66.00834,45.8779],[-66.00596,45.87908],[-66.0048,45.88044],[-66.00501,45.88213],[-66.01758,45.90191],[-66.01785,45.90292],[-66.01758,45.90417],[-66.01653,45.90599],[-66.01558,45.90672],[-65.99878,45.91247],[-65.99158,45.91577],[-65.98499,45.92103],[-65.9845,45.9223],[-65.98477,45.92454],[-65.98587,45.92585],[-65.98766,45.92714],[-65.98821,45.92797],[-65.98849,45.93164],[-65.98294,45.9403],[-65.97984,45.94256],[-65.95848,45.94926],[-65.93896,45.95072],[-65.93611,45.95063],[-65.87053,45.94546],[-65.83044,45.94168],[-65.82584,45.94053],[-65.82167,45.93899],[-65.79758,45.9295],[-65.79482,45.93297],[-65.79335,45.93401],[-65.78143,45.93833],[-65.77619,45.93975],[-65.77296,45.94114],[-65.76366,45.9436],[-65.7618,45.94544],[-65.76091,45.94826],[-65.75591,45.95386],[-65.75362,45.9553],[-65.74569,45.95852]]}},{"type":"Feature","properties":{"name":"[CN EB] Bancroft to Renfrew, ON [C1] (Renfrew Ottawa West KOA 9.9km) 002","provs":["ON"],"km":126.8},"geometry":{"type":"LineString","coordinates":[[-77.85988,45.05773],[-77.85601,45.05583],[-77.85312,45.05616],[-77.84617,45.05853],[-77.84437,45.05885],[-77.83785,45.06156],[-77.83353,45.06286],[-77.82625,45.06377],[-77.82316,45.06497],[-77.81743,45.06884],[-77.80806,45.07166],[-77.80382,45.07465],[-77.80227,45.07503],[-77.80041,45.07487],[-77.79895,45.07405],[-77.79632,45.0714],[-77.79268,45.06635],[-77.79051,45.06518],[-77.78716,45.06532],[-77.77977,45.0691],[-77.77763,45.06951],[-77.77568,45.06892],[-77.76971,45.06604],[-77.75892,45.06506],[-77.74842,45.06593],[-77.74528,45.06659],[-77.73991,45.06665],[-77.73172,45.06759],[-77.7194,45.07052],[-77.70894,45.07381],[-77.70323,45.07438],[-77.68925,45.07751],[-77.68441,45.07789],[-77.68162,45.0786],[-77.6691,45.08371],[-77.66343,45.08784],[-77.65897,45.08985],[-77.65783,45.0907],[-77.65609,45.09331],[-77.65178,45.09673],[-77.64759,45.1011],[-77.64575,45.10239],[-77.63789,45.10491],[-77.63249,45.10759],[-77.62584,45.10944],[-77.62155,45.11204],[-77.61941,45.1126],[-77.61378,45.11264],[-77.61176,45.11322],[-77.6099,45.11439],[-77.60721,45.1173],[-77.60504,45.11845],[-77.58422,45.12409],[-77.5765,45.12657],[-77.57476,45.12796],[-77.56644,45.137],[-77.56388,45.1382],[-77.55041,45.14283],[-77.54665,45.14637],[-77.54477,45.15096],[-77.54393,45.15229],[-77.54168,45.15397],[-77.53849,45.15516],[-77.53296,45.15493],[-77.52724,45.15719],[-77.52006,45.15638],[-77.51117,45.15771],[-77.50205,45.16408],[-77.49562,45.16615],[-77.49027,45.16643],[-77.48606,45.16823],[-77.48169,45.17206],[-77.47436,45.17705],[-77.47097,45.17845],[-77.46735,45.17949],[-77.46117,45.18406],[-77.45666,45.18636],[-77.4484,45.18901],[-77.44591,45.19069],[-77.44517,45.19158],[-77.44332,45.19644],[-77.43905,45.20134],[-77.43858,45.20228],[-77.43841,45.20347],[-77.44021,45.20764],[-77.44048,45.21054],[-77.4403,45.21258],[-77.43856,45.21287],[-77.43735,45.21256],[-77.43569,45.21026],[-77.43259,45.20889],[-77.42919,45.20643],[-77.4284,45.20619],[-77.42417,45.20647],[-77.42112,45.20489],[-77.41647,45.20118],[-77.41531,45.19866],[-77.41421,45.19774],[-77.41311,45.19613],[-77.41165,45.19512],[-77.4,45.19269],[-77.3948,45.19332],[-77.39038,45.19217],[-77.38199,45.19185],[-77.37852,45.19132],[-77.37497,45.19126],[-77.36894,45.19245],[-77.36013,45.18985],[-77.35814,45.18845],[-77.35634,45.18451],[-77.35504,45.18248],[-77.34748,45.17456],[-77.34474,45.16884],[-77.34322,45.16694],[-77.33306,45.15963],[-77.32693,45.1565],[-77.3239,45.15277],[-77.31656,45.14784],[-77.31493,45.1473],[-77.30928,45.14676],[-77.30675,45.14576],[-77.30258,45.1429],[-77.30096,45.13971],[-77.29624,45.13747],[-77.29411,45.13545],[-77.29267,45.13513],[-77.28751,45.13555],[-77.2835,45.13493],[-77.27987,45.13531],[-77.27819,45.13647],[-77.27629,45.13924],[-77.27355,45.14009],[-77.27156,45.14183],[-77.26618,45.14276],[-77.26489,45.14272],[-77.26326,45.1452],[-77.25793,45.14935],[-77.25616,45.14993],[-77.25208,45.15055],[-77.24912,45.15277],[-77.24271,45.15416],[-77.24068,45.15541],[-77.22841,45.18596],[-77.2277,45.19145],[-77.22694,45.1925],[-77.22388,45.19456],[-77.22302,45.19623],[-77.22337,45.1976],[-77.22519,45.19968],[-77.22535,45.20102],[-77.22481,45.20335],[-77.22496,45.20437],[-77.22702,45.20676],[-77.22748,45.20803],[-77.22734,45.21668],[-77.2254,45.22024],[-77.22528,45.22139],[-77.22607,45.2263],[-77.22593,45.22724],[-77.22536,45.22794],[-77.19765,45.24551],[-77.19592,45.24598],[-77.19357,45.24593],[-77.18549,45.24248],[-77.18143,45.24181],[-77.15532,45.24633],[-77.15285,45.24722],[-77.14194,45.25277],[-77.1383,45.25426],[-77.13448,45.25559],[-77.12576,45.25714],[-77.12358,45.25788],[-77.11806,45.26108],[-77.10422,45.2661],[-77.10028,45.26876],[-77.09277,45.27015],[-77.08729,45.27437],[-77.07856,45.27862],[-77.07455,45.2802],[-77.07374,45.28083],[-77.07309,45.28191],[-77.07315,45.28395],[-77.07284,45.28499],[-77.06882,45.29097],[-77.06352,45.29432],[-77.0626,45.29525],[-77.06134,45.30078],[-77.05985,45.30285],[-77.05262,45.30723],[-77.05058,45.30768],[-77.04519,45.30801],[-77.04116,45.31002],[-77.0362,45.31166],[-77.03529,45.31234],[-77.03451,45.31336],[-77.03441,45.31505],[-77.03905,45.32155],[-77.03903,45.32351],[-77.03817,45.32464],[-77.02781,45.33297],[-77.0263,45.33673],[-77.02063,45.34311],[-77.01814,45.35367],[-77.01649,45.3559],[-77.01147,45.35979],[-77.00814,45.36323],[-77.00455,45.36456],[-76.99919,45.36788],[-76.99585,45.36893],[-76.96992,45.37127],[-76.96808,45.371],[-76.96147,45.36906],[-76.95563,45.36811],[-76.95314,45.36721],[-76.94734,45.3664],[-76.94436,45.36543],[-76.94195,45.36507],[-76.93923,45.3634],[-76.93805,45.36344],[-76.92929,45.36618],[-76.92594,45.36782],[-76.92099,45.37097],[-76.91881,45.37093],[-76.91595,45.36969],[-76.91082,45.369],[-76.90832,45.36934],[-76.90115,45.37124],[-76.89198,45.37417],[-76.88931,45.3758],[-76.88488,45.37757],[-76.88106,45.37832],[-76.87473,45.37901],[-76.86883,45.38108],[-76.86477,45.38349],[-76.85786,45.38673],[-76.85499,45.38739],[-76.84903,45.39023],[-76.83519,45.39439],[-76.81817,45.39794],[-76.81013,45.40028],[-76.80457,45.40333],[-76.79544,45.40708],[-76.79184,45.40818],[-76.78871,45.40956],[-76.78484,45.41047],[-76.77062,45.41805],[-76.76665,45.4193],[-76.76183,45.42182],[-76.7584,45.42457],[-76.75765,45.4261],[-76.75711,45.43125],[-76.75491,45.43515],[-76.75066,45.45092],[-76.7493,45.45271],[-76.74348,45.45468],[-76.73908,45.45665],[-76.73251,45.45799],[-76.72618,45.4587],[-76.72238,45.45987],[-76.71297,45.46422],[-76.70611,45.46881],[-76.70629,45.46895],[-76.70279,45.47041],[-76.69863,45.47338],[-76.69621,45.47435]]}},{"type":"Feature","properties":{"name":"[CN EB] Coles Island to Lutes Mountain (Moncton), NB (Stonehurst Campground & Golf Course 578m) 002","provs":["NB"],"km":73.0},"geometry":{"type":"LineString","coordinates":[[-65.74569,45.95852],[-65.74299,45.9591],[-65.73841,45.95929],[-65.73355,45.96045],[-65.7307,45.9621],[-65.72608,45.9663],[-65.723,45.9676],[-65.71492,45.96811],[-65.69694,45.971],[-65.68755,45.97404],[-65.68261,45.97517],[-65.68043,45.97612],[-65.67546,45.97987],[-65.6723,45.98362],[-65.66432,45.98847],[-65.661,45.99145],[-65.65692,45.99398],[-65.65107,45.99648],[-65.64052,46.00313],[-65.6383,46.00555],[-65.63274,46.01387],[-65.62864,46.01721],[-65.625,46.02074],[-65.61977,46.02729],[-65.61693,46.02858],[-65.60885,46.02889],[-65.60401,46.03066],[-65.60189,46.03241],[-65.59668,46.03868],[-65.59501,46.03986],[-65.58797,46.04159],[-65.58609,46.04151],[-65.58153,46.04046],[-65.57684,46.04074],[-65.57138,46.04161],[-65.56706,46.04332],[-65.55753,46.04995],[-65.55489,46.05123],[-65.54547,46.05357],[-65.53697,46.054],[-65.52382,46.05818],[-65.51877,46.05937],[-65.50883,46.06111],[-65.5031,46.06081],[-65.5,46.06114],[-65.49815,46.06175],[-65.48976,46.06662],[-65.48656,46.06759],[-65.48298,46.06763],[-65.47535,46.06625],[-65.47161,46.06658],[-65.46121,46.07054],[-65.45587,46.07375],[-65.45428,46.07437],[-65.4522,46.07455],[-65.44088,46.07284],[-65.43664,46.07261],[-65.43131,46.07447],[-65.42663,46.0776],[-65.42336,46.07937],[-65.411,46.08219],[-65.40369,46.08325],[-65.4014,46.08327],[-65.38692,46.08106],[-65.36851,46.0746],[-65.36662,46.07346],[-65.36453,46.07148],[-65.36032,46.07195],[-65.35138,46.07216],[-65.33145,46.0712],[-65.32078,46.07208],[-65.31613,46.07139],[-65.30989,46.06999],[-65.30075,46.06945],[-65.28514,46.06764],[-65.27236,46.06705],[-65.25883,46.0674],[-65.24373,46.06663],[-65.22689,46.06746],[-65.16729,46.06778],[-65.15416,46.06713],[-65.13882,46.06515],[-65.13415,46.06482],[-65.11616,46.06472],[-65.11073,46.06407],[-65.09171,46.06435],[-65.086,46.06479],[-65.07712,46.0635],[-65.07271,46.06079],[-65.06755,46.05657],[-65.06207,46.05956],[-65.05889,46.06029],[-65.03984,46.05879],[-65.03676,46.05988],[-65.0328,46.06334],[-65.02074,46.07188],[-65.00889,46.07614],[-65.0042,46.07911],[-64.99936,46.0814],[-64.99538,46.0839],[-64.99026,46.08624],[-64.98678,46.0872],[-64.97348,46.08929],[-64.96031,46.09212],[-64.95724,46.09322],[-64.95477,46.09491],[-64.94856,46.10138],[-64.94491,46.10375],[-64.94039,46.10582],[-64.9391,46.10686],[-64.93733,46.10878],[-64.93644,46.11171],[-64.93515,46.11362],[-64.92765,46.12062],[-64.92315,46.1231]]}},{"type":"Feature","properties":{"name":"[CN EB] Kamloops [CN] (Rivers Trail at River St) to Salmon Arm, BC (Pierre's Point Campground 460m) 002","provs":["BC"],"km":100.4},"geometry":{"type":"LineString","coordinates":[[-120.30915,50.67521],[-120.31475,50.67607],[-120.31638,50.67432],[-120.31266,50.67312],[-120.30279,50.67326],[-120.29906,50.67305],[-120.29483,50.67233],[-120.29302,50.67255],[-120.29049,50.67463],[-120.28955,50.67506],[-120.28012,50.67618],[-120.27051,50.67563],[-120.26338,50.67644],[-120.25998,50.67598],[-120.24928,50.67368],[-120.23618,50.67239],[-120.2333,50.6718],[-120.23174,50.67088],[-120.22886,50.66998],[-120.22747,50.67021],[-120.22678,50.67156],[-120.22628,50.67177],[-120.22102,50.67088],[-120.21536,50.6717],[-120.21332,50.67172],[-120.20053,50.66914],[-120.19623,50.66897],[-120.18857,50.66925],[-120.1878,50.66913],[-120.18719,50.66807],[-120.18668,50.66796],[-120.17627,50.66797],[-120.17156,50.66603],[-120.16412,50.66478],[-120.15945,50.66458],[-120.14748,50.66607],[-120.12922,50.66229],[-120.12528,50.65963],[-120.11934,50.6578],[-120.10949,50.65747],[-120.10399,50.65577],[-120.10214,50.6555],[-120.09333,50.65546],[-120.09053,50.65586],[-120.08537,50.65546],[-120.08051,50.65555],[-120.07339,50.65446],[-120.07108,50.65317],[-120.06964,50.65286],[-120.06381,50.65308],[-120.05726,50.65393],[-120.0529,50.6538],[-120.05077,50.65322],[-120.04537,50.65278],[-120.04121,50.65271],[-120.03757,50.65325],[-120.02723,50.65279],[-120.00897,50.65013],[-120.00737,50.64955],[-120.0034,50.64695],[-119.99747,50.64598],[-119.99151,50.64442],[-119.98744,50.64453],[-119.98489,50.64509],[-119.98354,50.64565],[-119.98416,50.64623],[-119.98421,50.6467],[-119.97938,50.64862],[-119.96254,50.65054],[-119.95972,50.65036],[-119.95282,50.64891],[-119.92518,50.64598],[-119.91825,50.64433],[-119.91508,50.64436],[-119.90623,50.64531],[-119.89643,50.64901],[-119.87986,50.65344],[-119.85433,50.66875],[-119.85049,50.67024],[-119.83891,50.673],[-119.83505,50.67442],[-119.83252,50.67588],[-119.82721,50.67983],[-119.81806,50.68442],[-119.81566,50.68664],[-119.81346,50.6906],[-119.81149,50.69244],[-119.80766,50.69525],[-119.79882,50.69954],[-119.79496,50.70254],[-119.79263,50.70557],[-119.7904,50.70979],[-119.78851,50.71179],[-119.77469,50.72085],[-119.76726,50.72529],[-119.76597,50.72721],[-119.7651,50.73009],[-119.76349,50.73347],[-119.76261,50.73678],[-119.76182,50.73766],[-119.75847,50.73979],[-119.75688,50.7415],[-119.7543,50.74568],[-119.75038,50.75353],[-119.74194,50.76294],[-119.74037,50.76385],[-119.73148,50.76689],[-119.72765,50.76879],[-119.71607,50.77844],[-119.71387,50.78101],[-119.71039,50.78651],[-119.70886,50.78773],[-119.70479,50.78933],[-119.70289,50.79141],[-119.70134,50.79771],[-119.7002,50.80069],[-119.69998,50.80407],[-119.69943,50.80562],[-119.67393,50.82323],[-119.67012,50.82677],[-119.6686,50.82739],[-119.65553,50.83011],[-119.64913,50.83089],[-119.64357,50.83324],[-119.63913,50.83613],[-119.63522,50.83769],[-119.62907,50.84147],[-119.62527,50.84295],[-119.61968,50.84581],[-119.6112,50.85093],[-119.60518,50.85355],[-119.60298,50.85533],[-119.59732,50.86256],[-119.5963,50.86328],[-119.58977,50.8654],[-119.58459,50.86866],[-119.57864,50.87089],[-119.57664,50.87208],[-119.57146,50.87286],[-119.57051,50.8735],[-119.56891,50.87565],[-119.56655,50.87718],[-119.56478,50.87801],[-119.56197,50.87873],[-119.55855,50.88052],[-119.55476,50.88166],[-119.5498,50.88252],[-119.5425,50.88469],[-119.53902,50.88694],[-119.5365,50.88742],[-119.53477,50.88829],[-119.53384,50.88933],[-119.53323,50.8914],[-119.53173,50.89218],[-119.5286,50.89205],[-119.51969,50.89273],[-119.51769,50.89249],[-119.51087,50.88942],[-119.50483,50.88476],[-119.50212,50.88351],[-119.49857,50.88263],[-119.4873,50.88076],[-119.47137,50.87692],[-119.43418,50.87703],[-119.42784,50.87749],[-119.42079,50.87847],[-119.41388,50.87825],[-119.407,50.8795],[-119.40329,50.8789],[-119.39764,50.87907],[-119.39484,50.87871],[-119.39193,50.87741],[-119.38729,50.87395],[-119.38437,50.86994],[-119.38186,50.8683],[-119.37975,50.86627],[-119.37305,50.86216],[-119.37086,50.85997],[-119.36891,50.85736],[-119.36733,50.85608],[-119.36466,50.85513],[-119.34622,50.85027],[-119.33266,50.8451],[-119.3303,50.84368],[-119.32723,50.83993],[-119.32027,50.82746],[-119.31998,50.82602],[-119.32001,50.80956],[-119.32119,50.80684],[-119.32519,50.80259],[-119.32552,50.79883],[-119.32666,50.79602],[-119.32668,50.79334],[-119.32926,50.7875],[-119.33931,50.77817],[-119.34039,50.77639],[-119.34055,50.77426],[-119.34006,50.77278],[-119.33795,50.76897],[-119.33781,50.7671],[-119.33726,50.76592],[-119.33495,50.76443],[-119.33107,50.76115],[-119.32694,50.75897],[-119.32537,50.75736],[-119.32496,50.75416],[-119.32545,50.75049],[-119.32312,50.74685],[-119.32255,50.74084],[-119.32169,50.73905],[-119.32014,50.73701]]}},{"type":"Feature","properties":{"name":"[CN EB] Moncton [CN] (Main St at Lewis St) to Memramcook, NB [C3] (Route la Vall\u00e9e at Old Shediac Rd) 002","provs":["NB"],"km":19.7},"geometry":{"type":"LineString","coordinates":[[-64.77307,46.0898],[-64.7659,46.09253],[-64.75111,46.09499],[-64.74985,46.09488],[-64.73608,46.08832],[-64.73259,46.0839],[-64.73114,46.08099],[-64.72895,46.07787],[-64.72589,46.07455],[-64.72114,46.07057],[-64.71932,46.06725],[-64.71804,46.06589],[-64.71042,46.06324],[-64.70521,46.0625],[-64.69149,46.05508],[-64.68979,46.05472],[-64.68367,46.0548],[-64.67793,46.05315],[-64.6683,46.0481],[-64.65681,46.04446],[-64.6528,46.04281],[-64.64466,46.03891],[-64.64107,46.03584],[-64.63587,46.03316],[-64.63397,46.03138],[-64.63137,46.02965],[-64.62923,46.02879],[-64.62591,46.02678],[-64.62035,46.02486],[-64.6151,46.02358],[-64.60461,46.01834],[-64.59705,46.0087],[-64.59253,46.00559],[-64.57573,45.99987]]}},{"type":"Feature","properties":{"name":"[CN EB] New Westminster [CN] (Paullo Bridge at Central Valley Greenway) to Surrey, BC [C2] (Blackbird Cres at Wren Cres) 002","provs":["BC"],"km":8.9},"geometry":{"type":"LineString","coordinates":[[-122.90086,49.20728],[-122.90072,49.20817],[-122.89996,49.2088],[-122.8987,49.2091],[-122.88849,49.20552],[-122.88172,49.2058],[-122.87916,49.20555],[-122.87864,49.2051],[-122.87866,49.20334],[-122.8778,49.20273],[-122.87223,49.20264],[-122.87221,49.20574],[-122.8709,49.20604],[-122.86721,49.20609],[-122.86719,49.20704],[-122.86675,49.20783],[-122.86266,49.20978],[-122.86203,49.21039],[-122.86174,49.21123],[-122.84566,49.2115],[-122.84534,49.21171],[-122.84529,49.21261],[-122.84491,49.21288],[-122.83511,49.21431],[-122.82634,49.21334],[-122.82221,49.21352],[-122.82137,49.21375],[-122.82112,49.21418],[-122.81746,49.21434],[-122.81488,49.21241],[-122.81401,49.2111],[-122.81405,49.20926],[-122.81557,49.20798],[-122.81514,49.20716],[-122.81278,49.20525],[-122.81222,49.2055],[-122.81026,49.2044]]}},{"type":"Feature","properties":{"name":"[CN EB] Orillia (Hammock Harbour 487m) to Bancroft, ON (River Bend Cabins Tent Trailer Park 3.9km) 002","provs":["ON"],"km":148.7},"geometry":{"type":"LineString","coordinates":[[-79.35741,44.61089],[-79.35327,44.6171],[-79.35231,44.6194],[-79.35196,44.62491],[-79.30506,44.63531],[-79.30386,44.63586],[-79.29742,44.64131],[-79.28356,44.652],[-79.28173,44.65279],[-79.25907,44.65794],[-79.25696,44.65935],[-79.25135,44.66402],[-79.24549,44.66778],[-79.24324,44.66818],[-79.23067,44.66715],[-79.22865,44.66773],[-79.22623,44.66951],[-79.2253,44.66986],[-79.21286,44.67259],[-79.21178,44.6726],[-79.2078,44.67164],[-79.20631,44.67185],[-79.20546,44.67216],[-79.19391,44.68035],[-79.19242,44.68085],[-79.18386,44.68177],[-79.17787,44.68441],[-79.17693,44.6851],[-79.17457,44.68823],[-79.16457,44.69534],[-79.16208,44.69652],[-79.15427,44.69855],[-79.15282,44.69949],[-79.15247,44.70095],[-79.15326,44.70315],[-79.15277,44.70458],[-79.14777,44.71497],[-79.14703,44.71578],[-79.14564,44.71653],[-79.14394,44.71682],[-79.13837,44.71629],[-79.13202,44.71695],[-79.11139,44.72258],[-79.10639,44.72532],[-79.10196,44.72674],[-79.10039,44.72687],[-79.0896,44.72555],[-79.08827,44.72567],[-79.08682,44.72616],[-79.08474,44.72781],[-79.08068,44.72972],[-79.07269,44.73168],[-79.06965,44.73138],[-79.05997,44.72665],[-79.0569,44.72584],[-79.03841,44.72342],[-79.03446,44.72349],[-79.02529,44.72722],[-79.02418,44.72819],[-79.02356,44.72929],[-79.02301,44.73366],[-79.02157,44.73575],[-79.00781,44.74135],[-79.00613,44.74264],[-79.00442,44.74579],[-79.00324,44.74666],[-78.99371,44.75201],[-78.99211,44.7524],[-78.97832,44.75462],[-78.9731,44.75639],[-78.97143,44.75651],[-78.95202,44.75289],[-78.95032,44.75202],[-78.94918,44.75105],[-78.94607,44.74582],[-78.94468,44.7448],[-78.93602,44.74106],[-78.93487,44.74011],[-78.93339,44.73758],[-78.93095,44.73219],[-78.93107,44.73112],[-78.93247,44.72748],[-78.93251,44.72657],[-78.93124,44.72388],[-78.92464,44.71886],[-78.92206,44.71758],[-78.91936,44.71746],[-78.91096,44.71929],[-78.90056,44.71904],[-78.89168,44.71772],[-78.88133,44.71732],[-78.87288,44.71532],[-78.85728,44.71557],[-78.81295,44.72639],[-78.81122,44.72803],[-78.80983,44.73162],[-78.80708,44.73362],[-78.80454,44.73797],[-78.80298,44.73861],[-78.79583,44.73971],[-78.78866,44.74244],[-78.78421,44.74302],[-78.76927,44.74379],[-78.76387,44.74457],[-78.76191,44.74464],[-78.7573,44.7437],[-78.75556,44.74392],[-78.68314,44.76123],[-78.67993,44.76272],[-78.67573,44.76372],[-78.67087,44.76425],[-78.66297,44.76602],[-78.66054,44.76781],[-78.65828,44.77255],[-78.65714,44.77413],[-78.65695,44.77547],[-78.65623,44.777],[-78.65312,44.78049],[-78.65307,44.78178],[-78.65348,44.78299],[-78.65253,44.7833],[-78.65146,44.78162],[-78.64813,44.78233],[-78.64708,44.78287],[-78.64554,44.78662],[-78.63688,44.79741],[-78.63444,44.7994],[-78.62592,44.80249],[-78.61865,44.80258],[-78.60078,44.80705],[-78.58893,44.80963],[-78.58453,44.81011],[-78.58184,44.81168],[-78.57794,44.81503],[-78.57368,44.81657],[-78.57218,44.81753],[-78.56426,44.82427],[-78.56281,44.82703],[-78.55975,44.8316],[-78.5545,44.83827],[-78.55414,44.84239],[-78.54719,44.85237],[-78.54585,44.85802],[-78.53972,44.868],[-78.53788,44.86949],[-78.53039,44.87363],[-78.52802,44.87469],[-78.52432,44.87579],[-78.51119,44.87789],[-78.5087,44.87853],[-78.50406,44.88101],[-78.49632,44.88416],[-78.48922,44.88896],[-78.48256,44.89194],[-78.46817,44.89407],[-78.46517,44.89514],[-78.46106,44.8972],[-78.45942,44.89763],[-78.44027,44.8995],[-78.42478,44.90515],[-78.41106,44.90645],[-78.40348,44.90801],[-78.39319,44.90853],[-78.39091,44.90839],[-78.38145,44.90642],[-78.379,44.90635],[-78.37452,44.9074],[-78.3703,44.90777],[-78.36592,44.90886],[-78.35975,44.912],[-78.35217,44.91665],[-78.34636,44.91949],[-78.34232,44.92342],[-78.34032,44.9238],[-78.33623,44.92282],[-78.33383,44.92348],[-78.33302,44.92428],[-78.33019,44.92954],[-78.3265,44.93194],[-78.3172,44.93328],[-78.3121,44.9348],[-78.30678,44.93487],[-78.30467,44.93546],[-78.30358,44.9364],[-78.30203,44.93965],[-78.29643,44.94535],[-78.28111,44.96699],[-78.27929,44.96907],[-78.2747,44.97274],[-78.26267,44.97551],[-78.25331,44.97858],[-78.2509,44.97878],[-78.24583,44.97804],[-78.24278,44.97856],[-78.23712,44.98133],[-78.23551,44.98266],[-78.23327,44.98572],[-78.22836,44.9839],[-78.22513,44.98324],[-78.22083,44.98347],[-78.21718,44.98459],[-78.21445,44.98505],[-78.20965,44.98451],[-78.20655,44.98457],[-78.19395,44.98729],[-78.18413,44.99101],[-78.16873,44.99286],[-78.16398,44.99316],[-78.15445,44.99294],[-78.15182,44.99253],[-78.14451,44.99041],[-78.14214,44.9901],[-78.13252,44.99081],[-78.12398,44.98971],[-78.10583,44.99279],[-78.0885,44.99242],[-78.08405,44.99132],[-78.08253,44.99148],[-78.08044,44.99243],[-78.07784,44.99467],[-78.07627,44.99542],[-78.07254,44.99591],[-78.06744,44.99551],[-78.05243,45.00047],[-78.04673,45.004],[-78.04515,45.00455],[-78.03584,45.0058],[-78.0343,45.00573],[-78.03265,45.00523],[-78.03179,45.00456],[-78.02299,44.99465],[-78.02037,44.99287],[-78.00938,44.99142],[-78.00731,44.99146],[-78.00469,44.99195],[-77.99559,44.99504],[-77.9909,44.99604],[-77.98794,44.99602],[-77.98626,44.99558],[-77.97786,44.99145],[-77.97488,44.98763],[-77.97249,44.98636],[-77.97105,44.98813],[-77.96964,44.98921],[-77.95833,44.99718],[-77.95291,45.00055],[-77.94991,45.00146],[-77.93498,45.004],[-77.93278,45.00475],[-77.93118,45.00571],[-77.9256,45.01077],[-77.91102,45.02073],[-77.90759,45.02408],[-77.90203,45.02801],[-77.90034,45.02955],[-77.8904,45.04024],[-77.88958,45.04192],[-77.8886,45.04645],[-77.88627,45.04911],[-77.88449,45.0504],[-77.8806,45.05192],[-77.87467,45.05268],[-77.8712,45.05361],[-77.8654,45.05708],[-77.85988,45.05773]]}},{"type":"Feature","properties":{"name":"[CN EB] Oromocto [C2] to Gagetown, NB pt1of2 002","provs":["NB"],"km":42.2},"geometry":{"type":"LineString","coordinates":[[-66.50931,45.84509],[-66.50725,45.84567],[-66.50318,45.84576],[-66.49471,45.8492],[-66.493,45.84957],[-66.4914,45.84939],[-66.48673,45.84776],[-66.48189,45.84706],[-66.47821,45.8473],[-66.47219,45.84715],[-66.46865,45.84851],[-66.46207,45.8535],[-66.45644,45.85611],[-66.44663,45.86285],[-66.44386,45.8643],[-66.44227,45.8647],[-66.44037,45.86478],[-66.43665,45.86408],[-66.43308,45.86192],[-66.42936,45.86099],[-66.42611,45.86066],[-66.42458,45.86098],[-66.42115,45.86358],[-66.41597,45.86513],[-66.41081,45.86466],[-66.40686,45.86468],[-66.40209,45.86373],[-66.39483,45.86419],[-66.38579,45.86725],[-66.38072,45.87258],[-66.37598,45.87515],[-66.37303,45.87559],[-66.3681,45.8756],[-66.35524,45.87476],[-66.3381,45.86978],[-66.33765,45.86923],[-66.33772,45.86852],[-66.34142,45.8638],[-66.34455,45.86096],[-66.34488,45.86013],[-66.345,45.85772],[-66.34471,45.85647],[-66.34297,45.85526],[-66.32667,45.85226],[-66.32326,45.85239],[-66.30666,45.85756],[-66.30169,45.85857],[-66.30046,45.85928],[-66.29698,45.86278],[-66.29489,45.86382],[-66.29352,45.8641],[-66.28086,45.86174],[-66.2731,45.85936],[-66.26676,45.85835],[-66.26071,45.85827],[-66.25733,45.85691],[-66.25549,45.85516],[-66.25078,45.85193],[-66.24916,45.84871],[-66.2482,45.84784],[-66.24423,45.8469],[-66.24015,45.84531],[-66.23572,45.8446],[-66.23269,45.84374],[-66.22664,45.83825],[-66.22237,45.83569],[-66.21815,45.83501],[-66.21131,45.83458],[-66.20934,45.83381],[-66.20759,45.83225],[-66.20701,45.83087],[-66.20749,45.82957],[-66.21723,45.81857],[-66.21774,45.8172],[-66.21758,45.81616],[-66.21698,45.81517],[-66.21569,45.8142],[-66.21358,45.81358],[-66.21135,45.81365],[-66.20779,45.8144],[-66.19572,45.81519],[-66.19399,45.81482],[-66.19228,45.81357],[-66.19173,45.8116],[-66.19298,45.80857],[-66.19331,45.8059],[-66.19274,45.80327],[-66.19339,45.80176],[-66.19507,45.79924],[-66.19479,45.79693],[-66.19502,45.79406],[-66.19356,45.78762],[-66.19179,45.78433],[-66.19001,45.78244],[-66.18828,45.7817],[-66.16696,45.77855],[-66.1649,45.77859],[-66.16137,45.77978],[-66.15353,45.78066],[-66.15281,45.78018],[-66.1525,45.77902],[-66.15204,45.77582],[-66.15208,45.77371],[-66.14792,45.76708],[-66.13977,45.76852]]}},{"type":"Feature","properties":{"name":"[CN EB] Port Hastings to St. Peters, NS (Battery Provincial Park 2.5km) 002","provs":["NS"],"km":49.5},"geometry":{"type":"LineString","coordinates":[[-61.4039,45.64621],[-61.39964,45.64485],[-61.39644,45.64427],[-61.38514,45.6394],[-61.38031,45.63597],[-61.37712,45.63181],[-61.37248,45.62696],[-61.36966,45.62563],[-61.36598,45.62486],[-61.36352,45.62186],[-61.36229,45.62135],[-61.36052,45.62125],[-61.36012,45.62055],[-61.35935,45.62037],[-61.35918,45.61944],[-61.35632,45.61676],[-61.35636,45.61649],[-61.34734,45.61332],[-61.34505,45.61191],[-61.34105,45.61487],[-61.33718,45.61607],[-61.33622,45.6167],[-61.33362,45.62099],[-61.33278,45.62416],[-61.33078,45.62314],[-61.32959,45.62137],[-61.3295,45.61929],[-61.33132,45.61453],[-61.33152,45.61299],[-61.33116,45.61165],[-61.33035,45.61042],[-61.3281,45.60889],[-61.31847,45.6049],[-61.31591,45.60423],[-61.31318,45.60418],[-61.30107,45.60528],[-61.29762,45.60498],[-61.27904,45.59795],[-61.2775,45.59747],[-61.27493,45.59723],[-61.27265,45.59755],[-61.27021,45.59858],[-61.25773,45.60707],[-61.25511,45.60823],[-61.2459,45.61017],[-61.24026,45.61272],[-61.23661,45.6139],[-61.22191,45.61579],[-61.21697,45.61563],[-61.20349,45.61272],[-61.19778,45.61192],[-61.16092,45.61281],[-61.14776,45.61227],[-61.14522,45.61281],[-61.14297,45.61378],[-61.12693,45.62134],[-61.12494,45.6219],[-61.1225,45.62213],[-61.11964,45.62177],[-61.09795,45.61565],[-61.0742,45.61165],[-61.06909,45.61128],[-61.06088,45.61204],[-61.05822,45.61283],[-61.05618,45.61401],[-61.04626,45.6248],[-61.04356,45.6265],[-60.99936,45.64323],[-60.98506,45.64457],[-60.96592,45.64182],[-60.95633,45.64175],[-60.953,45.64254],[-60.91978,45.65614],[-60.91668,45.65692],[-60.91302,45.65705],[-60.9078,45.6563],[-60.90037,45.65427],[-60.89916,45.65454],[-60.89779,45.65534],[-60.89626,45.65563],[-60.89173,45.65423],[-60.88658,45.65568],[-60.88068,45.65588],[-60.87854,45.65518],[-60.87588,45.65569],[-60.87252,45.65696],[-60.86894,45.65744],[-60.86767,45.65723],[-60.86591,45.65631]]}},{"type":"Feature","properties":{"name":"[CN EB] Radium Hot Springs, BC [CN] (Banff-Windermere Parkway at Kootenay-Columbia Highway) to Castle Junction (Banff National Park), AB [C1] (Banff-Windermere Parkway at Bow Valley Parkway) 002","provs":["BC"],"km":96.5},"geometry":{"type":"LineString","coordinates":[[-116.07191,50.62216],[-116.0709,50.62265],[-116.06669,50.62614],[-116.06627,50.62677],[-116.06607,50.62815],[-116.06414,50.63004],[-116.05933,50.63169],[-116.05745,50.63191],[-116.05667,50.63255],[-116.0541,50.6333],[-116.04916,50.63322],[-116.04547,50.63386],[-116.04318,50.63463],[-116.04043,50.63474],[-116.03848,50.63558],[-116.03637,50.63524],[-116.03075,50.63551],[-116.02796,50.63635],[-116.0238,50.63704],[-116.02114,50.63923],[-116.01947,50.64002],[-116.0155,50.64107],[-116.0096,50.64092],[-116.00621,50.64118],[-116.00127,50.64176],[-115.99902,50.64264],[-115.99709,50.64298],[-115.98891,50.64275],[-115.98164,50.64311],[-115.97762,50.64412],[-115.97571,50.64506],[-115.97104,50.64566],[-115.96713,50.64843],[-115.96235,50.65425],[-115.96155,50.65641],[-115.9605,50.66133],[-115.95979,50.66255],[-115.95522,50.66665],[-115.94902,50.66965],[-115.9481,50.67077],[-115.94758,50.67236],[-115.94649,50.67296],[-115.94093,50.67304],[-115.93711,50.67358],[-115.93342,50.67476],[-115.9269,50.67517],[-115.92284,50.67444],[-115.91791,50.67255],[-115.91331,50.67173],[-115.91194,50.67178],[-115.90851,50.67309],[-115.90396,50.6721],[-115.90042,50.67206],[-115.89769,50.67283],[-115.89381,50.67259],[-115.88995,50.67345],[-115.88842,50.67427],[-115.88812,50.67532],[-115.89003,50.67839],[-115.89248,50.68122],[-115.8939,50.68446],[-115.894,50.68641],[-115.89456,50.68828],[-115.89666,50.69053],[-115.89669,50.69216],[-115.89812,50.69469],[-115.89928,50.69879],[-115.89819,50.7027],[-115.89857,50.70439],[-115.9043,50.71019],[-115.90508,50.71152],[-115.90486,50.71538],[-115.90606,50.71989],[-115.90735,50.72276],[-115.90626,50.7257],[-115.9063,50.72699],[-115.9105,50.73325],[-115.91926,50.73903],[-115.92089,50.74096],[-115.92177,50.74435],[-115.92529,50.7495],[-115.92999,50.75289],[-115.93464,50.75521],[-115.94887,50.76952],[-115.97642,50.78542],[-115.98696,50.78979],[-115.99294,50.79473],[-115.99586,50.79829],[-115.99915,50.80031],[-116.0002,50.80194],[-116.00118,50.80537],[-116.01213,50.8164],[-116.01281,50.81748],[-116.01294,50.81885],[-116.01202,50.8211],[-116.012,50.82265],[-116.01494,50.8284],[-116.01532,50.82981],[-116.01711,50.84992],[-116.01749,50.85144],[-116.02258,50.85726],[-116.02614,50.8623],[-116.02801,50.86419],[-116.03758,50.8708],[-116.04103,50.87378],[-116.04657,50.87711],[-116.04951,50.88271],[-116.04908,50.88417],[-116.04612,50.88599],[-116.04459,50.8885],[-116.04013,50.89118],[-116.04004,50.89219],[-116.04148,50.89395],[-116.04103,50.89502],[-116.0341,50.8982],[-116.03281,50.89897],[-116.03221,50.89974],[-116.03189,50.90232],[-116.03022,50.90487],[-116.03011,50.90584],[-116.03073,50.90698],[-116.03519,50.91094],[-116.03522,50.91236],[-116.03391,50.91408],[-116.03288,50.91472],[-116.03133,50.91509],[-116.02335,50.91552],[-116.01981,50.91826],[-116.01309,50.92124],[-116.00985,50.92414],[-116.00777,50.92541],[-116.00509,50.92822],[-116.00052,50.93064],[-115.99797,50.93388],[-115.98743,50.94137],[-115.98541,50.94429],[-115.98397,50.94566],[-115.98264,50.94644],[-115.98073,50.94697],[-115.97445,50.94734],[-115.97005,50.94938],[-115.96552,50.95086],[-115.96187,50.95315],[-115.9614,50.95395],[-115.96114,50.95605],[-115.96046,50.95714],[-115.95844,50.95858],[-115.95511,50.9603],[-115.95376,50.96283],[-115.9531,50.96601],[-115.94793,50.9718],[-115.94718,50.97216],[-115.94745,50.9724],[-115.94709,50.97409],[-115.94739,50.97506],[-115.94975,50.98051],[-115.95329,50.98718],[-115.95902,50.99626],[-115.96443,51.00169],[-115.96694,51.00506],[-115.97052,51.00748],[-115.9729,51.01077],[-115.9755,51.01474],[-115.98039,51.02495],[-115.98116,51.02538],[-115.98161,51.02527],[-115.98664,51.02789],[-115.99,51.02894],[-115.99333,51.03064],[-116.00455,51.03825],[-116.00721,51.04057],[-116.00992,51.04227],[-116.02058,51.05029],[-116.0217,51.0519],[-116.02314,51.05806],[-116.02427,51.05958],[-116.03262,51.06619],[-116.04442,51.07441],[-116.04991,51.07973],[-116.05695,51.08334],[-116.06573,51.0913],[-116.07064,51.09735],[-116.07897,51.10254],[-116.09262,51.11226],[-116.09704,51.11582],[-116.10201,51.11722],[-116.10547,51.11902],[-116.10918,51.12044],[-116.11246,51.12217],[-116.11519,51.12449],[-116.12072,51.12707],[-116.12293,51.12945],[-116.12396,51.13009],[-116.13366,51.13359],[-116.13918,51.13685],[-116.1451,51.14241],[-116.15122,51.14629],[-116.1521,51.14739],[-116.15441,51.15181],[-116.15469,51.15357],[-116.15171,51.1655],[-116.15047,51.16728],[-116.14471,51.17071],[-116.14102,51.17241],[-116.13847,51.17457],[-116.13499,51.17661],[-116.12939,51.18082],[-116.12688,51.18228],[-116.12362,51.18537],[-116.11667,51.18713],[-116.10929,51.19118],[-116.10352,51.19352],[-116.09262,51.20069],[-116.08826,51.20187],[-116.08148,51.20537],[-116.07852,51.20841],[-116.0738,51.21056],[-116.06734,51.21502],[-116.06242,51.21938],[-116.05052,51.22826],[-116.04994,51.2291],[-116.04882,51.23225],[-116.04775,51.23324],[-116.0415,51.23753],[-116.03882,51.24004],[-116.03612,51.24135],[-116.02853,51.24613]]}},{"type":"Feature","properties":{"name":"[CN EB] Radium Hot Springs, BC [CN] (Banff-Windermere Parkway at Kootenay-Columbia Highway) to Castle Junction (Banff National Park), AB [C1] (Banff-Windermere Parkway at Bow Valley Parkway) 002","provs":["AB"],"km":12.9},"geometry":{"type":"LineString","coordinates":[[-116.06639,51.21586],[-116.06242,51.21938],[-116.05052,51.22826],[-116.04994,51.2291],[-116.04882,51.23225],[-116.04775,51.23324],[-116.0415,51.23753],[-116.03882,51.24004],[-116.03612,51.24135],[-116.02829,51.24629],[-116.02022,51.24976],[-116.00925,51.25047],[-116.00387,51.25195],[-115.99936,51.25219],[-115.99829,51.25251],[-115.9952,51.25463],[-115.99221,51.25577],[-115.97039,51.26086],[-115.96887,51.2618],[-115.96739,51.2644],[-115.96595,51.2651],[-115.95087,51.26478],[-115.94256,51.26343],[-115.93752,51.26296],[-115.93321,51.2642],[-115.92581,51.26718],[-115.91982,51.26836],[-115.91826,51.26913]]}},{"type":"Feature","properties":{"name":"[CN EB] Salmon Arm to Sicamous, BC [C1] (Hwy 1 to 97A) 002","provs":["BC"],"km":39.4},"geometry":{"type":"LineString","coordinates":[[-119.32014,50.73701],[-119.31627,50.73202],[-119.31575,50.73086],[-119.31568,50.72949],[-119.31861,50.71455],[-119.32968,50.70331],[-119.33119,50.70081],[-119.33149,50.69786],[-119.33101,50.69659],[-119.32941,50.69452],[-119.32723,50.69323],[-119.32327,50.69253],[-119.30944,50.69276],[-119.29281,50.69936],[-119.28513,50.69976],[-119.27823,50.70217],[-119.2717,50.70223],[-119.27015,50.7025],[-119.26858,50.70335],[-119.26607,50.70617],[-119.26378,50.70702],[-119.23712,50.70716],[-119.23447,50.70752],[-119.23242,50.70835],[-119.22976,50.71011],[-119.22801,50.71167],[-119.22735,50.71297],[-119.22732,50.74472],[-119.22716,50.74574],[-119.22634,50.74705],[-119.21919,50.75174],[-119.21346,50.75502],[-119.21033,50.75799],[-119.20793,50.7594],[-119.20175,50.76513],[-119.18387,50.77214],[-119.17918,50.7747],[-119.17432,50.77829],[-119.17104,50.78146],[-119.1652,50.78448],[-119.15077,50.78749],[-119.14525,50.78921],[-119.13981,50.78976],[-119.13824,50.79021],[-119.1336,50.79],[-119.13195,50.7909],[-119.12981,50.79391],[-119.12865,50.79455],[-119.12623,50.79497],[-119.12261,50.79447],[-119.12059,50.7929],[-119.11898,50.79215],[-119.11474,50.7908],[-119.10895,50.7909],[-119.10345,50.78977],[-119.09612,50.78967],[-119.08606,50.78873],[-119.08202,50.78899],[-119.07991,50.78943],[-119.07333,50.79292],[-119.07065,50.79762],[-119.06701,50.8009],[-119.06408,50.80274],[-119.06176,50.80529],[-119.06074,50.80582],[-119.05683,50.80625],[-119.04941,50.81058],[-119.04292,50.81561],[-119.04176,50.81703],[-119.03802,50.81886],[-119.03318,50.82262],[-119.03085,50.824],[-119.0226,50.82709],[-119.01685,50.83025],[-119.01504,50.83066],[-119.00795,50.83103],[-119.00537,50.83213],[-119.00085,50.83326],[-118.99852,50.83448],[-118.99556,50.83528],[-118.98569,50.83941],[-118.98165,50.83974],[-118.97592,50.83794]]}},{"type":"Feature","properties":{"name":"[CN EB] St. Peters to North Sydney, NS 002","provs":["NS"],"km":99.7},"geometry":{"type":"LineString","coordinates":[[-60.86591,45.65631],[-60.86517,45.65553],[-60.86183,45.65369],[-60.85694,45.65158],[-60.85418,45.65131],[-60.85175,45.65057],[-60.84882,45.65045],[-60.84608,45.6494],[-60.84377,45.64952],[-60.83304,45.65199],[-60.82498,45.65478],[-60.81483,45.65947],[-60.8137,45.66056],[-60.81316,45.66454],[-60.81121,45.66617],[-60.7933,45.67376],[-60.78504,45.67843],[-60.77962,45.68061],[-60.77157,45.68298],[-60.75598,45.68497],[-60.75452,45.68589],[-60.75226,45.68989],[-60.75096,45.69085],[-60.73858,45.69411],[-60.73713,45.69475],[-60.73624,45.69576],[-60.73606,45.69669],[-60.73742,45.70148],[-60.74522,45.70705],[-60.7458,45.70787],[-60.74578,45.70886],[-60.7442,45.71172],[-60.74398,45.71638],[-60.742,45.72098],[-60.73968,45.72533],[-60.72757,45.72792],[-60.7254,45.72981],[-60.72271,45.73117],[-60.72145,45.73323],[-60.72212,45.73557],[-60.72546,45.73928],[-60.73048,45.74048],[-60.73156,45.74132],[-60.73335,45.74594],[-60.73297,45.74803],[-60.73356,45.7492],[-60.7361,45.75081],[-60.73852,45.75314],[-60.7421,45.75454],[-60.74381,45.7566],[-60.74373,45.75957],[-60.74179,45.76313],[-60.74219,45.76406],[-60.74449,45.76603],[-60.74535,45.76743],[-60.74559,45.77518],[-60.74455,45.77673],[-60.74243,45.77796],[-60.74108,45.77942],[-60.73953,45.78225],[-60.73988,45.78393],[-60.73977,45.78613],[-60.74063,45.78882],[-60.74038,45.79012],[-60.73957,45.79114],[-60.73742,45.7924],[-60.73673,45.79493],[-60.73257,45.79872],[-60.72745,45.80211],[-60.72466,45.80334],[-60.72304,45.80474],[-60.71746,45.80703],[-60.71591,45.80801],[-60.71484,45.8082],[-60.71311,45.80774],[-60.71076,45.80765],[-60.70898,45.80791],[-60.70649,45.81101],[-60.70385,45.81229],[-60.68994,45.81545],[-60.67555,45.81328],[-60.67393,45.8134],[-60.67244,45.814],[-60.67135,45.81546],[-60.67015,45.82365],[-60.66447,45.82871],[-60.65713,45.83966],[-60.65576,45.84077],[-60.64997,45.84398],[-60.64655,45.84862],[-60.64566,45.84935],[-60.64364,45.84994],[-60.63933,45.84984],[-60.6343,45.85211],[-60.63127,45.85414],[-60.63002,45.85551],[-60.62499,45.86369],[-60.62285,45.86475],[-60.6218,45.86588],[-60.61834,45.86745],[-60.61591,45.86713],[-60.61453,45.86732],[-60.60752,45.87129],[-60.60199,45.87624],[-60.59751,45.8787],[-60.58925,45.88269],[-60.58302,45.88455],[-60.57956,45.88652],[-60.57314,45.88825],[-60.57218,45.88887],[-60.56949,45.89167],[-60.55956,45.89614],[-60.54804,45.90353],[-60.53642,45.90967],[-60.53144,45.91318],[-60.52492,45.91517],[-60.52196,45.91773],[-60.52188,45.919],[-60.52275,45.92057],[-60.52226,45.92189],[-60.51589,45.92474],[-60.511,45.92982],[-60.50715,45.9356],[-60.48918,45.94544],[-60.48412,45.94888],[-60.483,45.94997],[-60.4801,45.9553],[-60.47907,45.95627],[-60.47325,45.95823],[-60.46647,45.95958],[-60.46109,45.96246],[-60.45587,45.96722],[-60.45144,45.96986],[-60.44743,45.97139],[-60.4338,45.97759],[-60.42884,45.97942],[-60.41425,45.98927],[-60.40935,45.99346],[-60.40457,45.99694],[-60.4037,45.99804],[-60.40258,46.00081],[-60.40178,46.00165],[-60.38975,46.00724],[-60.38221,46.01344],[-60.37315,46.0186],[-60.36946,46.01992],[-60.36378,46.02089],[-60.36174,46.02178],[-60.35847,46.02432],[-60.35484,46.02803],[-60.35422,46.03177],[-60.3533,46.03307],[-60.34838,46.03519],[-60.34446,46.03764],[-60.33853,46.03916],[-60.33324,46.04113],[-60.32537,46.0465],[-60.32,46.05155],[-60.29069,46.0677],[-60.28888,46.06827],[-60.28203,46.06928],[-60.27085,46.07349],[-60.26512,46.07788],[-60.26008,46.08316],[-60.24725,46.09042],[-60.23657,46.09746],[-60.23215,46.10151],[-60.22843,46.10378],[-60.22612,46.10609],[-60.22491,46.10678],[-60.22221,46.10941],[-60.2245,46.1106],[-60.22783,46.11459],[-60.22974,46.11588],[-60.25634,46.12964],[-60.26619,46.13261],[-60.27197,46.13542],[-60.27741,46.13583],[-60.27933,46.13648],[-60.28154,46.13878],[-60.2824,46.14166],[-60.28422,46.1436],[-60.29425,46.14873],[-60.29573,46.14919],[-60.30133,46.14961],[-60.30754,46.14959],[-60.30804,46.15012],[-60.30927,46.1534],[-60.30801,46.15608],[-60.30795,46.16652],[-60.31022,46.16865],[-60.31074,46.17068],[-60.30237,46.17374],[-60.2985,46.177],[-60.29689,46.17917],[-60.2957,46.17991],[-60.29393,46.18026],[-60.28648,46.18057],[-60.28149,46.18217],[-60.27967,46.18307],[-60.27405,46.18872],[-60.27066,46.19055],[-60.26776,46.19281],[-60.26195,46.19581],[-60.25945,46.19806],[-60.25601,46.20256],[-60.25234,46.2065],[-60.24903,46.2087],[-60.24726,46.21057],[-60.24948,46.21174],[-60.24773,46.21442],[-60.24796,46.21491],[-60.24762,46.21504],[-60.24724,46.21473]]}},{"type":"Feature","properties":{"name":"[CN EB] Surrey [C1] (Hwy 15 at 60 Ave) to Langley, BC [C2] (204 St at Hwy 1A) 002","provs":["BC"],"km":6.7},"geometry":{"type":"LineString","coordinates":[[-122.73478,49.11145],[-122.6912,49.11131],[-122.69123,49.10434],[-122.69039,49.10397],[-122.68939,49.10448],[-122.66179,49.1043],[-122.6607,49.1042],[-122.65922,49.10352],[-122.65671,49.10346],[-122.6563,49.10467]]}},{"type":"Feature","properties":{"name":"[CN EB] Vancouver [C2] (Adanac St at Cassiar St) to Maple Ridge, BC [C1] (113b Ave at Ramp Roundabout) 002","provs":["BC"],"km":33.1,"dir":"E"},"geometry":{"type":"LineString","coordinates":[[-123.03079,49.27745],[-123.01866,49.27752],[-123.01866,49.2793],[-122.97557,49.27915],[-122.97538,49.28],[-122.97441,49.28025],[-122.95992,49.28019],[-122.95851,49.28059],[-122.95755,49.28123],[-122.9539,49.28609],[-122.95152,49.28777],[-122.94829,49.28873],[-122.94343,49.28866],[-122.94008,49.29006],[-122.93661,49.29049],[-122.93313,49.29035],[-122.92623,49.28911],[-122.92262,49.28805],[-122.91604,49.2877],[-122.91125,49.2879],[-122.90295,49.2866],[-122.89858,49.28731],[-122.89451,49.28959],[-122.89253,49.29015],[-122.88427,49.28993],[-122.87845,49.29103],[-122.87482,49.29099],[-122.87037,49.28922],[-122.86808,49.28709],[-122.86754,49.28554],[-122.86709,49.282],[-122.86697,49.27663],[-122.83495,49.2767],[-122.82971,49.27634],[-122.82591,49.27755],[-122.81185,49.27783],[-122.80459,49.27761],[-122.79763,49.27626],[-122.74216,49.25304],[-122.74144,49.25313],[-122.73667,49.25117],[-122.73435,49.25121],[-122.73373,49.25042],[-122.73135,49.24904],[-122.72274,49.24537],[-122.71954,49.24342],[-122.71919,49.24306],[-122.71974,49.2425],[-122.6955,49.23305],[-122.69521,49.23265],[-122.69519,49.23022],[-122.69469,49.22973],[-122.68956,49.22965],[-122.68976,49.20809],[-122.67062,49.20828],[-122.6671,49.20914]]}},{"type":"Feature","properties":{"name":"[CN NB] (McLure Reaction Ferry 5mins) to McLure, BC (Pinegrove Campground & RV Park 2.5km) pt2of2 001","provs":["BC"],"km":2.0},"geometry":{"type":"LineString","coordinates":[[-120.24049,51.0411],[-120.23981,51.04098],[-120.24087,51.03931],[-120.24078,51.03561],[-120.23557,51.03212],[-120.23416,51.03177],[-120.23097,51.03171],[-120.22607,51.03247],[-120.22395,51.03218]]}},{"type":"Feature","properties":{"name":"[CN NB] (Navette fluviale B\u00e9cancour - Trois-Rivi\u00e8res ferry) to Trois-Rivi\u00e8res, QC [C3] (Rue Du Fleuve at Route Verte) pt2of2 002","provs":["QC"],"km":0.0},"geometry":{"type":"LineString","coordinates":[[-72.53817,46.34109],[-72.5386,46.34143]]}},{"type":"Feature","properties":{"name":"[CN NB] Antigonish, NS [C1] (Highway 7 at TCH) to [C3] (Main St at Hawthorne St) 002","provs":["NS"],"km":1.9},"geometry":{"type":"LineString","coordinates":[[-62.00472,45.6105],[-62.00166,45.61114],[-61.99999,45.61115],[-61.99905,45.61078],[-61.99919,45.61192],[-61.99858,45.61457],[-61.99899,45.61704],[-61.9972,45.62014],[-61.99513,45.62079],[-61.99449,45.62208]]}},{"type":"Feature","properties":{"name":"[CN NB] Birch Island to Blue River, BC (Blue River Campground & RV Park 355m) 002","provs":["BC"],"km":95.4},"geometry":{"type":"LineString","coordinates":[[-119.9005,51.60512],[-119.88695,51.60056],[-119.88194,51.59712],[-119.87504,51.59449],[-119.86695,51.59323],[-119.85879,51.58999],[-119.85102,51.58808],[-119.84744,51.58757],[-119.82492,51.5862],[-119.81746,51.58378],[-119.81557,51.58376],[-119.81362,51.58425],[-119.81033,51.58666],[-119.80752,51.58766],[-119.78617,51.58942],[-119.77775,51.59166],[-119.773,51.59242],[-119.76817,51.59229],[-119.7512,51.58932],[-119.73783,51.58752],[-119.73489,51.58755],[-119.73202,51.58854],[-119.72081,51.59583],[-119.71271,51.59756],[-119.70567,51.59958],[-119.70485,51.60008],[-119.70276,51.60255],[-119.69923,51.6051],[-119.6941,51.61162],[-119.69335,51.61312],[-119.69342,51.61454],[-119.69492,51.61697],[-119.69542,51.61858],[-119.69528,51.63003],[-119.69698,51.63402],[-119.69718,51.6355],[-119.69696,51.63672],[-119.69247,51.64651],[-119.6892,51.64952],[-119.68305,51.65267],[-119.67992,51.6559],[-119.67432,51.65849],[-119.67217,51.66179],[-119.66951,51.66415],[-119.6563,51.67157],[-119.65419,51.67192],[-119.64582,51.67226],[-119.63977,51.67415],[-119.63806,51.67435],[-119.63644,51.67412],[-119.63152,51.6715],[-119.62784,51.67085],[-119.62535,51.67101],[-119.6174,51.67259],[-119.60766,51.67297],[-119.6035,51.67245],[-119.59778,51.67023],[-119.59443,51.6696],[-119.57856,51.67009],[-119.561,51.66972],[-119.55616,51.67033],[-119.54972,51.67343],[-119.5467,51.67425],[-119.5434,51.67456],[-119.54048,51.67423],[-119.53103,51.6713],[-119.52584,51.67044],[-119.48137,51.66924],[-119.47956,51.66964],[-119.47543,51.67144],[-119.47332,51.67185],[-119.4675,51.67199],[-119.4624,51.67329],[-119.44991,51.67492],[-119.43683,51.67534],[-119.43387,51.67595],[-119.42954,51.67859],[-119.42309,51.68316],[-119.41713,51.6903],[-119.41583,51.69121],[-119.4011,51.69553],[-119.38756,51.69795],[-119.37809,51.70355],[-119.37674,51.70506],[-119.3744,51.70863],[-119.3671,51.71567],[-119.34532,51.73238],[-119.34266,51.73497],[-119.33734,51.74269],[-119.3344,51.75051],[-119.33021,51.75814],[-119.32739,51.76237],[-119.32408,51.76857],[-119.32406,51.7702],[-119.32546,51.77309],[-119.32584,51.77538],[-119.32636,51.78123],[-119.32585,51.78313],[-119.32392,51.78485],[-119.31673,51.78732],[-119.31509,51.78862],[-119.31081,51.79622],[-119.31048,51.79752],[-119.31033,51.8014],[-119.30937,51.80377],[-119.30758,51.80532],[-119.30324,51.80797],[-119.29907,51.81287],[-119.28977,51.81927],[-119.28877,51.82036],[-119.28542,51.82603],[-119.28565,51.82805],[-119.29472,51.84776],[-119.29512,51.84911],[-119.29525,51.85282],[-119.29572,51.8545],[-119.30239,51.86592],[-119.30708,51.8765],[-119.30759,51.8789],[-119.30728,51.88386],[-119.30834,51.88775],[-119.32205,51.91297],[-119.32385,51.91459],[-119.33001,51.91761],[-119.33173,51.91935],[-119.33186,51.92116],[-119.32886,51.92585],[-119.32883,51.92712],[-119.32951,51.92847],[-119.33359,51.93243],[-119.33962,51.93486],[-119.34354,51.94074],[-119.34596,51.94359],[-119.34616,51.94735],[-119.34715,51.94931],[-119.34732,51.95043],[-119.34582,51.95353],[-119.34588,51.95594],[-119.345,51.96015],[-119.34627,51.96331],[-119.34828,51.96578],[-119.34903,51.96867],[-119.34893,51.9701],[-119.3475,51.97322],[-119.34636,51.97441],[-119.34228,51.9775],[-119.34089,51.97906],[-119.3384,51.98853],[-119.33531,51.99287],[-119.33447,52.00007],[-119.33465,52.00213],[-119.3383,52.01683],[-119.33921,52.01831],[-119.3437,52.02229],[-119.34522,52.02431],[-119.34589,52.02661],[-119.34555,52.02915],[-119.34388,52.03183],[-119.33619,52.03669],[-119.33062,52.04246],[-119.329,52.04964],[-119.32909,52.05344],[-119.32777,52.06151],[-119.32616,52.06316],[-119.32125,52.06501],[-119.31926,52.06658],[-119.31142,52.08224],[-119.31073,52.08459],[-119.31126,52.10416],[-119.31085,52.10586],[-119.30915,52.10898],[-119.30528,52.1133]]}},{"type":"Feature","properties":{"name":"[CN NB] Blue River to T\u00eate Jaune Cache, BC [C3] (Yellowhead Hwy 5 at YH Hwy 16) 002","provs":["BC"],"km":108.2},"geometry":{"type":"LineString","coordinates":[[-119.30528,52.1133],[-119.28478,52.13544],[-119.26725,52.16487],[-119.26511,52.16671],[-119.26099,52.16911],[-119.25662,52.17341],[-119.24913,52.17804],[-119.24335,52.18238],[-119.24231,52.18356],[-119.23998,52.18751],[-119.23602,52.19121],[-119.23518,52.19273],[-119.23384,52.19699],[-119.22938,52.20282],[-119.22797,52.20431],[-119.22253,52.20873],[-119.22162,52.21085],[-119.22219,52.21446],[-119.22173,52.21639],[-119.21255,52.231],[-119.20973,52.23472],[-119.20894,52.23663],[-119.20777,52.24208],[-119.20672,52.24445],[-119.19846,52.25536],[-119.19673,52.25927],[-119.19244,52.26274],[-119.18785,52.26776],[-119.18718,52.26886],[-119.18591,52.28302],[-119.1815,52.29263],[-119.1811,52.29451],[-119.18259,52.30429],[-119.18259,52.30586],[-119.17786,52.3173],[-119.178,52.31891],[-119.17881,52.32173],[-119.17876,52.32305],[-119.17669,52.32816],[-119.17687,52.3297],[-119.1779,52.33155],[-119.17826,52.33314],[-119.17718,52.33857],[-119.17721,52.34118],[-119.1796,52.34842],[-119.17977,52.35439],[-119.18208,52.35996],[-119.1819,52.36377],[-119.1852,52.37215],[-119.18522,52.37399],[-119.17807,52.38925],[-119.17417,52.39294],[-119.16929,52.39844],[-119.16696,52.40211],[-119.16243,52.40502],[-119.16142,52.40619],[-119.15698,52.41602],[-119.15628,52.41996],[-119.15621,52.42438],[-119.15359,52.43371],[-119.14767,52.43995],[-119.14331,52.44315],[-119.14255,52.44444],[-119.1422,52.4467],[-119.14163,52.4477],[-119.13512,52.45147],[-119.13248,52.45417],[-119.13194,52.456],[-119.13484,52.47422],[-119.13484,52.47558],[-119.13439,52.47654],[-119.11638,52.49267],[-119.10838,52.50513],[-119.10683,52.50819],[-119.1063,52.50993],[-119.106,52.51362],[-119.10688,52.5175],[-119.10777,52.51944],[-119.10982,52.52249],[-119.1153,52.52798],[-119.11674,52.53084],[-119.11695,52.53329],[-119.10952,52.56133],[-119.10779,52.56395],[-119.10216,52.5682],[-119.10072,52.57002],[-119.09559,52.58112],[-119.09521,52.58411],[-119.09618,52.587],[-119.10094,52.59372],[-119.10916,52.60145],[-119.11322,52.6042],[-119.12517,52.61052],[-119.12987,52.61374],[-119.13377,52.61722],[-119.13854,52.6227],[-119.14048,52.62394],[-119.1447,52.62553],[-119.14691,52.62709],[-119.15996,52.63789],[-119.16771,52.64555],[-119.17903,52.65205],[-119.18662,52.65458],[-119.19634,52.65903],[-119.19855,52.66109],[-119.20239,52.66722],[-119.20926,52.67349],[-119.21372,52.67577],[-119.22342,52.67775],[-119.22818,52.67947],[-119.23031,52.6807],[-119.23204,52.68194],[-119.24241,52.69192],[-119.24952,52.69652],[-119.25153,52.69847],[-119.26663,52.72186],[-119.26767,52.72367],[-119.26817,52.72594],[-119.26421,52.75914],[-119.26382,52.76067],[-119.25331,52.78117],[-119.25295,52.78272],[-119.25309,52.78414],[-119.25389,52.78604],[-119.30917,52.8838],[-119.31218,52.88696],[-119.3986,52.95198],[-119.40207,52.95406],[-119.41879,52.96211],[-119.42299,52.9645],[-119.42485,52.96671],[-119.42546,52.96872],[-119.42515,52.97403],[-119.42455,52.975],[-119.4232,52.97579]]}},{"type":"Feature","properties":{"name":"[CN NB] Boston Bar (Trans-Canada Highway at Pfenniger Rd) to Spences Bridge, BC (Acacia Grove RV Park and Cabins 88m) 002","provs":["BC"],"km":75.1},"geometry":{"type":"LineString","coordinates":[[-121.44592,49.91326],[-121.4491,49.91693],[-121.45422,49.92499],[-121.45749,49.92827],[-121.46148,49.93405],[-121.4639,49.93653],[-121.46667,49.94125],[-121.47251,49.94608],[-121.47318,49.94782],[-121.47408,49.95305],[-121.47598,49.95462],[-121.47916,49.95993],[-121.47935,49.96094],[-121.48041,49.96268],[-121.4826,49.96443],[-121.4912,49.96972],[-121.4923,49.97093],[-121.50258,49.98735],[-121.5034,49.98938],[-121.50327,49.99255],[-121.50366,49.99409],[-121.50838,50.001],[-121.5145,50.00557],[-121.51642,50.00922],[-121.52406,50.01606],[-121.52504,50.01768],[-121.5285,50.02793],[-121.54116,50.05033],[-121.54417,50.06155],[-121.54473,50.06594],[-121.54556,50.06833],[-121.54714,50.07531],[-121.55014,50.07757],[-121.55224,50.08312],[-121.55553,50.08756],[-121.5562,50.09141],[-121.55563,50.09369],[-121.55586,50.09568],[-121.55518,50.09738],[-121.55751,50.10087],[-121.55841,50.10541],[-121.55881,50.10618],[-121.56062,50.10763],[-121.56137,50.10945],[-121.56112,50.11141],[-121.56171,50.114],[-121.5579,50.11946],[-121.55737,50.12203],[-121.55758,50.12345],[-121.55957,50.12617],[-121.56024,50.12849],[-121.56108,50.12969],[-121.56288,50.13092],[-121.56695,50.13266],[-121.57126,50.13711],[-121.57199,50.13966],[-121.57195,50.14197],[-121.57129,50.14425],[-121.57145,50.14494],[-121.57264,50.14673],[-121.57385,50.14939],[-121.57663,50.15137],[-121.57755,50.15241],[-121.57833,50.15512],[-121.57873,50.16183],[-121.57586,50.16954],[-121.57506,50.17253],[-121.57514,50.17582],[-121.57228,50.17903],[-121.57246,50.18096],[-121.57212,50.18235],[-121.57338,50.18788],[-121.57294,50.19009],[-121.57353,50.2034],[-121.57425,50.20548],[-121.57449,50.20735],[-121.57545,50.20949],[-121.57511,50.21144],[-121.57504,50.21606],[-121.5745,50.21872],[-121.57534,50.22132],[-121.57697,50.22429],[-121.57731,50.22616],[-121.57869,50.22895],[-121.57869,50.23006],[-121.57694,50.23447],[-121.57342,50.24062],[-121.57203,50.24391],[-121.56913,50.24667],[-121.56658,50.24819],[-121.56332,50.24918],[-121.55579,50.24963],[-121.5505,50.25083],[-121.54903,50.25143],[-121.54293,50.25553],[-121.54193,50.25672],[-121.54126,50.25871],[-121.53984,50.25975],[-121.53777,50.25983],[-121.52716,50.25803],[-121.51708,50.25409],[-121.51306,50.25461],[-121.51068,50.25449],[-121.49799,50.24756],[-121.49237,50.24629],[-121.48697,50.24607],[-121.47725,50.24858],[-121.47543,50.25008],[-121.4751,50.25104],[-121.47397,50.25252],[-121.47391,50.25294],[-121.47455,50.25406],[-121.47446,50.25466],[-121.47342,50.25606],[-121.4713,50.25687],[-121.46121,50.25797],[-121.45228,50.25561],[-121.44764,50.25499],[-121.44404,50.25526],[-121.43569,50.2569],[-121.43294,50.25825],[-121.42217,50.26089],[-121.41642,50.26299],[-121.40721,50.26333],[-121.40482,50.26459],[-121.40365,50.2659],[-121.40309,50.26708],[-121.40139,50.26816],[-121.40107,50.26893],[-121.40201,50.27354],[-121.40505,50.27683],[-121.40648,50.27945],[-121.4065,50.28011],[-121.40595,50.28091],[-121.40369,50.28261],[-121.4015,50.28619],[-121.39482,50.29143],[-121.39234,50.29444],[-121.39198,50.29552],[-121.39289,50.3063],[-121.39343,50.30784],[-121.39628,50.31178],[-121.39653,50.31274],[-121.39409,50.3167],[-121.39156,50.31988],[-121.39135,50.32129],[-121.39339,50.32514],[-121.39561,50.32745],[-121.39637,50.32867],[-121.39893,50.3338],[-121.3958,50.34002],[-121.39429,50.3416],[-121.39072,50.34391],[-121.38975,50.34497],[-121.38908,50.34688],[-121.38924,50.34995],[-121.39194,50.3547],[-121.39227,50.36808],[-121.39307,50.37134],[-121.39368,50.37267],[-121.39472,50.37376],[-121.39774,50.37524],[-121.39904,50.37621],[-121.39967,50.37767],[-121.39932,50.37901],[-121.39701,50.3824],[-121.39588,50.38881],[-121.39434,50.3904],[-121.3898,50.3932],[-121.38573,50.3952],[-121.3829,50.39765],[-121.38175,50.40019],[-121.3803,50.40183],[-121.37614,50.40419],[-121.37318,50.40665],[-121.36457,50.40954],[-121.36098,50.41156],[-121.3588,50.4138],[-121.3538,50.42052],[-121.35275,50.42132],[-121.34167,50.42481],[-121.33407,50.42561]]}},{"type":"Feature","properties":{"name":"[CN NB] Brampton [C2] (Steinway Blvd at Albion Rd) to Barrie, ON [C3] (Centennial Park at Centennial Park Trail) 002","provs":["ON"],"km":81.1},"geometry":{"type":"LineString","coordinates":[[-79.62863,43.74803],[-79.62766,43.74964],[-79.62284,43.75072],[-79.62005,43.75211],[-79.61954,43.75285],[-79.61983,43.75417],[-79.60323,43.75783],[-79.60508,43.75981],[-79.60609,43.76252],[-79.60862,43.77312],[-79.60381,43.77444],[-79.60395,43.77492],[-79.60514,43.77591],[-79.60559,43.77738],[-79.60478,43.77761],[-79.60483,43.77821],[-79.60426,43.779],[-79.60311,43.77931],[-79.60318,43.78044],[-79.60124,43.78135],[-79.5992,43.78157],[-79.59918,43.78199],[-79.59808,43.78214],[-79.59844,43.78364],[-79.59228,43.78498],[-79.59026,43.78627],[-79.58884,43.78664],[-79.58898,43.78741],[-79.58868,43.78813],[-79.58565,43.79009],[-79.58459,43.79215],[-79.58348,43.79245],[-79.58088,43.79405],[-79.57141,43.79524],[-79.5725,43.79819],[-79.57208,43.79934],[-79.56802,43.80215],[-79.56338,43.80291],[-79.56219,43.80331],[-79.56059,43.80446],[-79.55734,43.80509],[-79.55949,43.81],[-79.55262,43.81142],[-79.55808,43.83357],[-79.57027,43.88727],[-79.57585,43.9088],[-79.58225,43.9363],[-79.60427,44.02695],[-79.6191,44.0238],[-79.62286,44.03856],[-79.62682,44.05017],[-79.62969,44.0607],[-79.62794,44.0615],[-79.62237,44.06277],[-79.62402,44.06907],[-79.62476,44.07011],[-79.62676,44.07083],[-79.63109,44.07062],[-79.6323,44.07118],[-79.63305,44.0721],[-79.63341,44.07528],[-79.63566,44.08542],[-79.6399,44.1023],[-79.64093,44.10476],[-79.64943,44.14004],[-79.65273,44.1522],[-79.65387,44.15486],[-79.65408,44.15801],[-79.65527,44.16248],[-79.6557,44.16539],[-79.66163,44.18813],[-79.66946,44.2163],[-79.68028,44.25946],[-79.68691,44.28343],[-79.68834,44.28912],[-79.68852,44.29169],[-79.69827,44.32947],[-79.6989,44.33225],[-79.67873,44.3367],[-79.6792,44.33913],[-79.67816,44.34216],[-79.67822,44.34338],[-79.68473,44.36691],[-79.68502,44.3685],[-79.6847,44.36964],[-79.68536,44.37218],[-79.68523,44.37302],[-79.69093,44.37367],[-79.69032,44.37467],[-79.68848,44.37509],[-79.68925,44.37634],[-79.69003,44.37867],[-79.68958,44.37924],[-79.69013,44.38059],[-79.6905,44.38517],[-79.69013,44.38623],[-79.69038,44.38648]]}},{"type":"Feature","properties":{"name":"[CN NB] Brockville to Ottawa, ON (Rideau Canal Eern Pathway) 002","provs":["ON"],"km":113.8},"geometry":{"type":"LineString","coordinates":[[-75.67783,44.59363],[-75.6784,44.59328],[-75.68508,44.5988],[-75.68958,44.60419],[-75.68984,44.6058],[-75.69253,44.60905],[-75.691,44.61012],[-75.69557,44.61574],[-75.69636,44.62073],[-75.69723,44.62325],[-75.69934,44.62603],[-75.70126,44.62762],[-75.69362,44.63274],[-75.7051,44.64573],[-75.70861,44.64918],[-75.72119,44.66399],[-75.722,44.6654],[-75.73478,44.68182],[-75.73623,44.68445],[-75.74536,44.69609],[-75.74898,44.70063],[-75.75185,44.70301],[-75.7608,44.71423],[-75.76087,44.7159],[-75.75856,44.71834],[-75.75839,44.71989],[-75.76602,44.72933],[-75.76651,44.73057],[-75.76628,44.73179],[-75.75834,44.74389],[-75.75269,44.7496],[-75.75057,44.75234],[-75.73883,44.76131],[-75.73896,44.76185],[-75.75354,44.77925],[-75.77363,44.78843],[-75.78879,44.79631],[-75.78987,44.79737],[-75.7939,44.80336],[-75.80106,44.8103],[-75.80476,44.81213],[-75.8135,44.81946],[-75.81514,44.82454],[-75.81725,44.84063],[-75.80816,44.86365],[-75.80801,44.86509],[-75.81992,44.88823],[-75.83505,44.90872],[-75.83693,44.91606],[-75.83123,44.91675],[-75.82866,44.91874],[-75.82787,44.92359],[-75.82635,44.92883],[-75.82554,44.92984],[-75.82587,44.93049],[-75.82229,44.94265],[-75.82164,44.94369],[-75.8174,44.94793],[-75.81289,44.95622],[-75.81292,44.9566],[-75.81399,44.9576],[-75.812,44.96084],[-75.81032,44.96262],[-75.80885,44.96529],[-75.80879,44.97101],[-75.80797,44.97251],[-75.80355,44.97558],[-75.79321,44.98053],[-75.79084,44.98098],[-75.79005,44.98067],[-75.78416,44.98274],[-75.76791,44.98979],[-75.765,44.99179],[-75.7614,44.99543],[-75.74456,45.00694],[-75.73724,45.00998],[-75.73559,45.00984],[-75.73448,45.00914],[-75.72581,45.01487],[-75.70853,45.02098],[-75.70557,45.02242],[-75.69491,45.02875],[-75.69066,45.03331],[-75.68762,45.03821],[-75.68504,45.04132],[-75.68404,45.04379],[-75.68229,45.04511],[-75.6784,45.0457],[-75.68216,45.04967],[-75.68304,45.05108],[-75.68297,45.05301],[-75.68171,45.05462],[-75.66889,45.06242],[-75.64978,45.07013],[-75.64836,45.07103],[-75.64748,45.07213],[-75.64723,45.07411],[-75.64826,45.0769],[-75.649,45.07795],[-75.66299,45.08911],[-75.64629,45.09581],[-75.64048,45.09916],[-75.62292,45.10636],[-75.62251,45.10678],[-75.62772,45.1161],[-75.63159,45.11956],[-75.63188,45.12052],[-75.63185,45.12248],[-75.63275,45.12467],[-75.6364,45.12793],[-75.63801,45.12985],[-75.63877,45.13279],[-75.6394,45.13392],[-75.64175,45.13763],[-75.64482,45.14087],[-75.64633,45.14416],[-75.64651,45.14752],[-75.64875,45.1542],[-75.65172,45.15853],[-75.64249,45.16219],[-75.64277,45.16314],[-75.64101,45.16684],[-75.64009,45.17158],[-75.6399,45.17546],[-75.63868,45.17964],[-75.63795,45.18423],[-75.63907,45.19012],[-75.64112,45.19392],[-75.64346,45.19693],[-75.65143,45.20413],[-75.65427,45.20599],[-75.65831,45.20761],[-75.66042,45.20904],[-75.66168,45.21],[-75.66655,45.21513],[-75.67012,45.21647],[-75.67365,45.21886],[-75.67876,45.22144],[-75.68553,45.22604],[-75.68866,45.22767],[-75.69063,45.22928],[-75.69971,45.23472],[-75.70161,45.23664],[-75.70319,45.24053],[-75.70421,45.24209],[-75.71055,45.24669],[-75.7111,45.24741],[-75.71028,45.25209],[-75.70852,45.2565],[-75.70876,45.25799],[-75.7102,45.26123],[-75.71008,45.26296],[-75.70936,45.26451],[-75.70435,45.27207],[-75.70126,45.29432],[-75.70105,45.30663],[-75.70212,45.31375],[-75.70181,45.31542],[-75.70043,45.31858],[-75.7003,45.32026],[-75.70211,45.32811],[-75.70046,45.3343],[-75.70138,45.33888],[-75.70109,45.33998],[-75.69989,45.34192],[-75.69975,45.34291],[-75.70096,45.3462],[-75.70362,45.35052],[-75.70411,45.35274],[-75.70357,45.35534],[-75.69985,45.35888],[-75.7011,45.36829],[-75.69785,45.36997],[-75.69825,45.36981],[-75.69978,45.37107],[-75.70208,45.3751],[-75.70153,45.37657],[-75.70168,45.38094],[-75.69964,45.38386],[-75.69955,45.38533],[-75.70049,45.38929],[-75.70042,45.39104],[-75.69673,45.39371],[-75.69166,45.39386],[-75.69004,45.39438],[-75.68775,45.39584],[-75.6812,45.3966],[-75.67885,45.39892],[-75.6784,45.40124],[-75.68011,45.40401],[-75.68104,45.40632],[-75.68123,45.40917],[-75.68309,45.41219],[-75.68289,45.41362],[-75.67998,45.41813],[-75.68045,45.41899],[-75.68294,45.42002],[-75.68317,45.42039]]}},{"type":"Feature","properties":{"name":"[CN NB] B\u00e9cancour, QC [C2] (Avenue Des N\u00e9nuphars at Boulevard B\u00e9cancour) to (Navette Fluviale B\u00e9cancour - Trois-Rivi\u00e8res ferry) pt1of2 002","provs":["QC"],"km":0.7},"geometry":{"type":"LineString","coordinates":[[-72.51279,46.33153],[-72.518,46.33626],[-72.51784,46.33644]]}},{"type":"Feature","properties":{"name":"[CN NB] Cache Creek to Kamloops, BC (Silver Sage Rv Park & Campgrounds 2.7km) 002","provs":["BC"],"km":83.4},"geometry":{"type":"LineString","coordinates":[[-121.30707,50.80946],[-121.27858,50.80429],[-121.27404,50.80323],[-121.23647,50.79065],[-121.2292,50.78865],[-121.22027,50.78697],[-121.20878,50.78583],[-121.18831,50.78553],[-121.18592,50.78576],[-121.18195,50.78698],[-121.17672,50.78982],[-121.1735,50.79082],[-121.17147,50.79095],[-121.15222,50.78963],[-121.14813,50.78972],[-121.14619,50.79022],[-121.13865,50.79374],[-121.12787,50.79664],[-121.12359,50.79711],[-121.11256,50.79677],[-121.11018,50.79713],[-121.10631,50.79863],[-121.10332,50.79853],[-121.09827,50.79596],[-121.09165,50.7946],[-121.08623,50.79187],[-121.08303,50.79102],[-121.07802,50.7902],[-121.06828,50.78671],[-121.06203,50.78296],[-121.05514,50.78054],[-121.05134,50.77755],[-121.04973,50.77677],[-121.02998,50.77309],[-121.01794,50.77019],[-121.0109,50.76912],[-120.99928,50.76416],[-120.99648,50.76342],[-120.99299,50.76355],[-120.96619,50.76802],[-120.96102,50.76917],[-120.95496,50.77099],[-120.95115,50.77169],[-120.94469,50.77178],[-120.94173,50.77136],[-120.93516,50.76977],[-120.93239,50.76992],[-120.93,50.77085],[-120.9256,50.77505],[-120.92458,50.77565],[-120.92205,50.77592],[-120.92005,50.77522],[-120.91948,50.77466],[-120.91828,50.77192],[-120.91362,50.769],[-120.91203,50.76476],[-120.91073,50.76336],[-120.90664,50.76118],[-120.90344,50.75818],[-120.90082,50.75693],[-120.8972,50.75616],[-120.89396,50.75603],[-120.88211,50.75808],[-120.87756,50.75804],[-120.86794,50.75487],[-120.85814,50.75083],[-120.85007,50.74997],[-120.84772,50.75025],[-120.84513,50.75146],[-120.84121,50.75218],[-120.83829,50.75344],[-120.82495,50.75635],[-120.81494,50.75909],[-120.7984,50.76026],[-120.79493,50.76145],[-120.79093,50.76412],[-120.79007,50.76436],[-120.77925,50.76445],[-120.77437,50.766],[-120.76816,50.76505],[-120.76407,50.7661],[-120.7562,50.76594],[-120.75389,50.76643],[-120.75228,50.76636],[-120.75097,50.76569],[-120.74962,50.76418],[-120.74774,50.76299],[-120.74447,50.75931],[-120.73735,50.75646],[-120.73443,50.75448],[-120.73056,50.75335],[-120.7287,50.75234],[-120.72675,50.75023],[-120.72615,50.74723],[-120.72557,50.74636],[-120.72207,50.74411],[-120.71993,50.74145],[-120.7176,50.73967],[-120.70403,50.736],[-120.69823,50.73345],[-120.68954,50.73153],[-120.68405,50.72921],[-120.67201,50.72488],[-120.66761,50.72401],[-120.65248,50.71908],[-120.64286,50.7177],[-120.633,50.71683],[-120.62621,50.71462],[-120.61943,50.7113],[-120.61209,50.70922],[-120.60322,50.7038],[-120.59668,50.70288],[-120.59478,50.70227],[-120.59174,50.69985],[-120.5901,50.69812],[-120.58406,50.68772],[-120.58296,50.68673],[-120.5772,50.68342],[-120.57555,50.67879],[-120.57554,50.67709],[-120.57429,50.6749],[-120.57244,50.67266],[-120.56371,50.66799],[-120.56042,50.66574],[-120.5555,50.66345],[-120.55205,50.66262],[-120.54101,50.66186],[-120.53519,50.66074],[-120.53256,50.66089],[-120.53081,50.66136],[-120.52895,50.66239],[-120.52188,50.66775],[-120.52046,50.66836],[-120.51794,50.66886],[-120.51505,50.66881],[-120.50099,50.66583],[-120.49873,50.66572],[-120.49643,50.66595],[-120.48322,50.66932],[-120.47547,50.66879],[-120.46837,50.66912],[-120.46291,50.66811],[-120.45649,50.6652],[-120.45146,50.66414],[-120.44866,50.66442],[-120.44558,50.66587],[-120.44391,50.66623],[-120.43219,50.66573],[-120.42231,50.66597],[-120.4179,50.66544],[-120.39599,50.66012],[-120.39369,50.65925],[-120.39078,50.6569],[-120.38911,50.656],[-120.38403,50.65483],[-120.37904,50.65295],[-120.37477,50.65255],[-120.36456,50.65464],[-120.36318,50.65556],[-120.36174,50.65794],[-120.36069,50.65897],[-120.35856,50.6601],[-120.3553,50.66121],[-120.34742,50.66222],[-120.33461,50.66174],[-120.32412,50.66182],[-120.32048,50.66223],[-120.3175,50.663],[-120.31437,50.66437],[-120.31015,50.66744],[-120.30434,50.66944],[-120.3034,50.6702],[-120.30287,50.67212],[-120.30187,50.67408],[-120.30457,50.67499],[-120.30915,50.67521]]}},{"type":"Feature","properties":{"name":"[CN NB] Delta, BC [C1] (52 St. at Hwy 17) to South End George Massey Tunnel (Free Bike Shuttle 2mins) pt1of2 002","provs":["BC"],"km":11.3},"geometry":{"type":"LineString","coordinates":[[-123.07996,49.03735],[-123.0797,49.05387],[-123.0769,49.05388],[-123.07671,49.06439],[-123.07706,49.06527],[-123.07554,49.06609],[-123.04638,49.06598],[-123.04618,49.10299],[-123.048,49.10397],[-123.04756,49.10439],[-123.04609,49.1038],[-123.0461,49.11196],[-123.05022,49.11189],[-123.05008,49.11242]]}},{"type":"Feature","properties":{"name":"[CN NB] East Kootenay to Skookumchuck, BC (Springbrook Resort Motel & RV Park 157m) 002","provs":["BC"],"km":44.5},"geometry":{"type":"LineString","coordinates":[[-115.6836,49.57413],[-115.68411,49.57361],[-115.68393,49.57306],[-115.68255,49.5731],[-115.68244,49.57403],[-115.68509,49.57747],[-115.68682,49.58045],[-115.68765,49.58352],[-115.6877,49.58537],[-115.68748,49.58689],[-115.68624,49.59004],[-115.68406,49.59293],[-115.68281,49.59403],[-115.67929,49.59651],[-115.6752,49.59834],[-115.64577,49.60685],[-115.64221,49.60855],[-115.63082,49.61469],[-115.62915,49.61615],[-115.62664,49.61975],[-115.62613,49.62183],[-115.6261,49.62351],[-115.62718,49.62679],[-115.62909,49.62926],[-115.65728,49.65556],[-115.71824,49.73082],[-115.75315,49.79869],[-115.75513,49.80141],[-115.75811,49.80399],[-115.76877,49.81047],[-115.75311,49.82989],[-115.73895,49.84139],[-115.73393,49.84634],[-115.72565,49.86199],[-115.72524,49.86422],[-115.72672,49.87467],[-115.73103,49.89301],[-115.73219,49.89544],[-115.73672,49.90044],[-115.73736,49.9014],[-115.73861,49.90473],[-115.74148,49.90868],[-115.7412,49.90975],[-115.74007,49.91057],[-115.73543,49.9111],[-115.73457,49.91149],[-115.73374,49.91267],[-115.73416,49.91376]]}},{"type":"Feature","properties":{"name":"[CN NB] Fairmont Hot Spings to Radium Hot Springs, BC (Redstreak Campground 2.3km) 002","provs":["BC"],"km":43.8},"geometry":{"type":"LineString","coordinates":[[-115.88272,50.31273],[-115.88291,50.31648],[-115.88315,50.31739],[-115.88434,50.31863],[-115.88418,50.32038],[-115.88865,50.32973],[-115.88855,50.33137],[-115.8871,50.3341],[-115.8871,50.33481],[-115.88974,50.3377],[-115.89776,50.34929],[-115.90077,50.35116],[-115.90869,50.35287],[-115.91259,50.35626],[-115.9175,50.35848],[-115.91881,50.36121],[-115.9214,50.36309],[-115.92617,50.36867],[-115.92805,50.37362],[-115.92683,50.37541],[-115.92712,50.37678],[-115.92759,50.37738],[-115.92976,50.37883],[-115.93004,50.38032],[-115.93236,50.38202],[-115.93304,50.38239],[-115.93475,50.38253],[-115.93545,50.3831],[-115.93693,50.38356],[-115.93828,50.38529],[-115.93983,50.38662],[-115.94051,50.38882],[-115.94711,50.39727],[-115.94942,50.39925],[-115.95135,50.40013],[-115.95289,50.4029],[-115.95444,50.40431],[-115.95797,50.40656],[-115.96828,50.41442],[-115.96887,50.41454],[-115.9677,50.41364],[-115.96809,50.4133],[-115.97189,50.41566],[-115.97443,50.419],[-115.97625,50.42027],[-115.98112,50.42283],[-115.98248,50.42294],[-115.9857,50.42611],[-115.98555,50.42635],[-115.98644,50.42805],[-115.98917,50.42983],[-115.9927,50.43444],[-115.99644,50.43663],[-115.9964,50.43685],[-115.99568,50.43678],[-115.99677,50.43713],[-115.99603,50.43717],[-115.9956,50.43779],[-115.99608,50.43854],[-116.00045,50.44165],[-116.00301,50.44304],[-116.00651,50.44666],[-116.00684,50.44767],[-116.01097,50.44971],[-116.0137,50.45032],[-116.01467,50.45003],[-116.01907,50.45167],[-116.02138,50.45163],[-116.0211,50.45371],[-116.02182,50.45534],[-116.02168,50.45625],[-116.02215,50.45685],[-116.02189,50.4577],[-116.02244,50.45888],[-116.02469,50.46097],[-116.02766,50.46234],[-116.02672,50.46216],[-116.02867,50.46369],[-116.02893,50.46431],[-116.02923,50.47018],[-116.02952,50.47081],[-116.02929,50.47208],[-116.02988,50.47352],[-116.02944,50.47409],[-116.02866,50.47417],[-116.02753,50.47729],[-116.02746,50.47838],[-116.02965,50.48179],[-116.03537,50.48538],[-116.03667,50.48664],[-116.03655,50.48871],[-116.03711,50.49017],[-116.0381,50.49137],[-116.03778,50.50389],[-116.02711,50.50345],[-116.02912,50.50629],[-116.02918,50.50749],[-116.0303,50.50853],[-116.03031,50.5103],[-116.02417,50.51491],[-116.02082,50.51574],[-116.0194,50.51563],[-116.01825,50.51496],[-116.01679,50.51299],[-116.01494,50.5125],[-116.01369,50.51305],[-116.01318,50.51494],[-116.01212,50.51553],[-116.00057,50.51543],[-115.99992,50.51596],[-116.0018,50.51794],[-116.00259,50.5194],[-116.00643,50.53365],[-116.00909,50.54085],[-116.01049,50.5421],[-116.01545,50.5448],[-116.02151,50.54981],[-116.02706,50.5592],[-116.02848,50.56492],[-116.02963,50.56755],[-116.03617,50.57834],[-116.04611,50.5931],[-116.04724,50.59428],[-116.04874,50.5952],[-116.05433,50.5969],[-116.05667,50.59812],[-116.05898,50.6029],[-116.06355,50.60912],[-116.06718,50.61295],[-116.06995,50.61905]]}},{"type":"Feature","properties":{"name":"[CN NB] Hope [C1] (Hwy 7 at Hwy 1) to Boston Bar, BC (Canyon Alpine RV Park and Campground 42m) 002","provs":["BC"],"km":67.9},"geometry":{"type":"LineString","coordinates":[[-121.45875,49.39287],[-121.45837,49.39432],[-121.45673,49.39741],[-121.45405,49.40644],[-121.45345,49.40736],[-121.45176,49.40826],[-121.44781,49.40862],[-121.44635,49.40905],[-121.43846,49.41446],[-121.4375,49.41574],[-121.43674,49.42002],[-121.43844,49.4238],[-121.43853,49.42541],[-121.43774,49.42921],[-121.43943,49.43377],[-121.43918,49.43505],[-121.43728,49.4389],[-121.43636,49.4417],[-121.43752,49.44963],[-121.43623,49.45639],[-121.43466,49.46216],[-121.43122,49.46653],[-121.4234,49.47996],[-121.42131,49.48624],[-121.41958,49.50298],[-121.41912,49.50458],[-121.4172,49.50769],[-121.41836,49.51276],[-121.41975,49.51529],[-121.42268,49.52812],[-121.42385,49.5307],[-121.42551,49.53262],[-121.42887,49.53538],[-121.4306,49.53725],[-121.43581,49.5406],[-121.43747,49.54221],[-121.44152,49.54916],[-121.44378,49.55111],[-121.44445,49.55328],[-121.44492,49.5565],[-121.44387,49.55811],[-121.44184,49.55979],[-121.43762,49.56202],[-121.43369,49.56326],[-121.42809,49.56272],[-121.42536,49.56369],[-121.42343,49.56389],[-121.41843,49.56307],[-121.40673,49.56288],[-121.40152,49.5641],[-121.40061,49.56479],[-121.40028,49.56546],[-121.4004,49.56609],[-121.40317,49.56904],[-121.40393,49.57209],[-121.40291,49.57583],[-121.40289,49.57803],[-121.40236,49.57937],[-121.4024,49.5808],[-121.40541,49.58722],[-121.40788,49.58944],[-121.40864,49.59052],[-121.40974,49.5926],[-121.41021,49.59428],[-121.41096,49.5953],[-121.41322,49.59668],[-121.41401,49.59753],[-121.41574,49.60092],[-121.41592,49.60215],[-121.41522,49.60857],[-121.41442,49.61037],[-121.4103,49.61517],[-121.40657,49.61711],[-121.40462,49.61901],[-121.39966,49.62075],[-121.39825,49.62231],[-121.39599,49.62354],[-121.39328,49.62784],[-121.39289,49.62918],[-121.39345,49.63131],[-121.39512,49.63294],[-121.40219,49.63666],[-121.40811,49.63932],[-121.40988,49.64086],[-121.41079,49.64383],[-121.41083,49.64545],[-121.4061,49.65311],[-121.4057,49.65513],[-121.40607,49.6564],[-121.40688,49.65767],[-121.40845,49.659],[-121.4179,49.6634],[-121.42019,49.66682],[-121.42013,49.66781],[-121.41851,49.67135],[-121.41863,49.67624],[-121.41596,49.6844],[-121.41547,49.68875],[-121.41494,49.69007],[-121.41196,49.69478],[-121.41146,49.6966],[-121.41146,49.69872],[-121.40903,49.70353],[-121.40884,49.70478],[-121.40969,49.70623],[-121.41481,49.70968],[-121.41828,49.71316],[-121.42108,49.72004],[-121.42196,49.72298],[-121.42925,49.72863],[-121.43102,49.73104],[-121.43126,49.73208],[-121.43096,49.73296],[-121.42887,49.7348],[-121.42293,49.73739],[-121.42168,49.73936],[-121.41791,49.7431],[-121.41609,49.74677],[-121.41631,49.74883],[-121.41492,49.75337],[-121.41503,49.75418],[-121.41868,49.75811],[-121.42029,49.75878],[-121.42365,49.75919],[-121.42531,49.75975],[-121.43723,49.76691],[-121.43783,49.76837],[-121.43749,49.76962],[-121.43649,49.77075],[-121.4363,49.77186],[-121.43663,49.77294],[-121.44102,49.77678],[-121.44667,49.78244],[-121.44723,49.78442],[-121.44646,49.78886],[-121.44707,49.79313],[-121.44793,49.79451],[-121.4526,49.8],[-121.45582,49.80268],[-121.45631,49.80439],[-121.45618,49.8055],[-121.4549,49.8076],[-121.45116,49.81058],[-121.44929,49.81276],[-121.44729,49.81404],[-121.44471,49.81502],[-121.44231,49.81549],[-121.43597,49.8154],[-121.43415,49.81569],[-121.43283,49.81637],[-121.42971,49.82069],[-121.4285,49.82412],[-121.42956,49.83062],[-121.43148,49.83427],[-121.43126,49.83562],[-121.43011,49.83704],[-121.42963,49.8384],[-121.42985,49.84089],[-121.43051,49.84204],[-121.43282,49.84426],[-121.43311,49.84829],[-121.43413,49.85187],[-121.43486,49.8535],[-121.4396,49.8605],[-121.44168,49.86478],[-121.44223,49.86985],[-121.44148,49.87408],[-121.44013,49.87666],[-121.44024,49.88071],[-121.4427,49.88635],[-121.44474,49.88863],[-121.44681,49.89271],[-121.44697,49.89374],[-121.44624,49.89603],[-121.44627,49.89864],[-121.44222,49.90634],[-121.44195,49.90797],[-121.44246,49.90923],[-121.44592,49.91326]]}},{"type":"Feature","properties":{"name":"[CN NB] Kamloops to McLure, BC (McLure Reaction Ferry 5mins) pt1of2 002","provs":["BC"],"km":46.5},"geometry":{"type":"LineString","coordinates":[[-120.30915,50.67521],[-120.31114,50.67546],[-120.31122,50.67585],[-120.3117,50.67602],[-120.3172,50.67654],[-120.31798,50.67693],[-120.31857,50.67637],[-120.3201,50.67706],[-120.31957,50.67825],[-120.32211,50.67935],[-120.32271,50.67875],[-120.32584,50.67957],[-120.32723,50.67927],[-120.33507,50.67973],[-120.3361,50.67924],[-120.33954,50.67904],[-120.34158,50.67857],[-120.34192,50.67819],[-120.3433,50.6783],[-120.34387,50.67801],[-120.34854,50.67902],[-120.35108,50.67994],[-120.34888,50.68279],[-120.34677,50.68393],[-120.3467,50.68443],[-120.34723,50.685],[-120.34712,50.68566],[-120.34489,50.68865],[-120.34978,50.69332],[-120.35159,50.69705],[-120.35551,50.70265],[-120.35607,50.70657],[-120.35585,50.70923],[-120.35689,50.71368],[-120.35745,50.7186],[-120.35944,50.71877],[-120.35976,50.71974],[-120.3597,50.72147],[-120.35818,50.72684],[-120.35913,50.72943],[-120.35812,50.73481],[-120.35829,50.73724],[-120.35782,50.74043],[-120.35696,50.74218],[-120.35715,50.74479],[-120.35825,50.74666],[-120.35826,50.74745],[-120.35761,50.74855],[-120.35567,50.75015],[-120.34908,50.75709],[-120.34881,50.75781],[-120.34864,50.76211],[-120.34005,50.77514],[-120.33986,50.77764],[-120.33776,50.78145],[-120.33485,50.78583],[-120.33097,50.7897],[-120.32946,50.79189],[-120.32927,50.79331],[-120.3286,50.79489],[-120.32849,50.79653],[-120.32938,50.79957],[-120.32929,50.80389],[-120.32832,50.80601],[-120.32757,50.8097],[-120.32759,50.811],[-120.32722,50.81163],[-120.32702,50.81438],[-120.32592,50.81552],[-120.32453,50.81779],[-120.32045,50.82141],[-120.31754,50.82555],[-120.31255,50.83051],[-120.31044,50.83331],[-120.30938,50.83545],[-120.30777,50.8377],[-120.30325,50.84055],[-120.30292,50.84125],[-120.30295,50.84277],[-120.30182,50.84403],[-120.30054,50.84654],[-120.29943,50.8501],[-120.29603,50.85352],[-120.2924,50.85897],[-120.2922,50.8611],[-120.2907,50.86652],[-120.28879,50.87008],[-120.28363,50.87584],[-120.27781,50.87962],[-120.27485,50.88329],[-120.27433,50.88439],[-120.27427,50.88554],[-120.27528,50.8907],[-120.27448,50.89296],[-120.27056,50.89876],[-120.27052,50.90043],[-120.26901,50.90486],[-120.26895,50.90834],[-120.26951,50.90963],[-120.26945,50.91139],[-120.26784,50.9124],[-120.26665,50.91391],[-120.26676,50.91577],[-120.26528,50.91746],[-120.26487,50.91915],[-120.2607,50.9236],[-120.2577,50.92486],[-120.25685,50.92607],[-120.25675,50.92846],[-120.25832,50.93054],[-120.25848,50.93134],[-120.25723,50.93466],[-120.25737,50.9364],[-120.25648,50.93792],[-120.25602,50.94012],[-120.25542,50.94097],[-120.25499,50.94365],[-120.25364,50.94484],[-120.25323,50.94603],[-120.25322,50.94922],[-120.25283,50.95085],[-120.25373,50.95215],[-120.25334,50.95376],[-120.25345,50.95456],[-120.25201,50.95568],[-120.2515,50.95736],[-120.25191,50.95917],[-120.25135,50.96123],[-120.25125,50.96342],[-120.25177,50.96599],[-120.25132,50.9692],[-120.25144,50.97077],[-120.25227,50.972],[-120.25206,50.97522],[-120.24817,50.98195],[-120.24597,50.98787],[-120.24582,50.99147],[-120.24512,50.99581],[-120.24432,50.99965],[-120.24311,51.00258],[-120.24336,51.00764],[-120.24407,51.00892],[-120.24469,51.01138],[-120.24457,51.01324],[-120.24486,51.01482],[-120.24449,51.01637],[-120.2454,51.0215],[-120.24327,51.02546],[-120.24334,51.02674],[-120.24475,51.02852],[-120.24383,51.03144],[-120.24452,51.03303],[-120.24425,51.03449],[-120.2431,51.03651],[-120.24328,51.03973],[-120.24261,51.04137],[-120.24222,51.04134]]}},{"type":"Feature","properties":{"name":"[CN NB] McLure (Southern Yellowhead Highway at McLure Ferry Rd) to Birch Island, BC (Birch Island Campground 533m) 002","provs":["BC"],"km":90.9},"geometry":{"type":"LineString","coordinates":[[-120.22395,51.03218],[-120.22353,51.04055],[-120.21874,51.06053],[-120.2121,51.06827],[-120.20799,51.07378],[-120.20613,51.07515],[-120.20124,51.0777],[-120.1926,51.07942],[-120.19021,51.08037],[-120.18651,51.08248],[-120.1819,51.08625],[-120.17664,51.08768],[-120.17526,51.08853],[-120.17274,51.0911],[-120.16856,51.09271],[-120.16442,51.09498],[-120.1545,51.09766],[-120.14774,51.09878],[-120.14339,51.10037],[-120.14123,51.10166],[-120.13935,51.10397],[-120.13859,51.10621],[-120.13848,51.1083],[-120.13661,51.11182],[-120.12863,51.11641],[-120.12416,51.12096],[-120.12316,51.12243],[-120.12252,51.12386],[-120.12222,51.12592],[-120.12452,51.13761],[-120.12444,51.1392],[-120.12371,51.14082],[-120.12227,51.14243],[-120.117,51.1451],[-120.11625,51.14591],[-120.11602,51.14668],[-120.11704,51.15063],[-120.12011,51.15669],[-120.12122,51.1607],[-120.12634,51.16777],[-120.12666,51.17092],[-120.12727,51.17202],[-120.13814,51.18228],[-120.15565,51.19334],[-120.15691,51.19456],[-120.15761,51.19593],[-120.15762,51.20329],[-120.15678,51.20643],[-120.15707,51.21012],[-120.16186,51.21737],[-120.16263,51.21923],[-120.16304,51.22173],[-120.16305,51.22421],[-120.16266,51.22539],[-120.15965,51.22894],[-120.15967,51.22988],[-120.16104,51.23365],[-120.16094,51.23673],[-120.16196,51.23777],[-120.16626,51.23957],[-120.16771,51.24068],[-120.17289,51.2487],[-120.17587,51.25236],[-120.17634,51.25337],[-120.17644,51.25642],[-120.17882,51.2606],[-120.17874,51.26181],[-120.17765,51.26441],[-120.17786,51.2665],[-120.17697,51.26994],[-120.17841,51.2749],[-120.178,51.28128],[-120.17867,51.28747],[-120.18179,51.29818],[-120.18194,51.3001],[-120.1804,51.31309],[-120.18038,51.31531],[-120.18098,51.31932],[-120.1782,51.3253],[-120.17692,51.32977],[-120.17554,51.33255],[-120.17574,51.33726],[-120.17952,51.34509],[-120.18239,51.34767],[-120.18861,51.35772],[-120.19187,51.36018],[-120.19496,51.36408],[-120.19544,51.36619],[-120.19383,51.37133],[-120.19724,51.37792],[-120.19871,51.38414],[-120.20095,51.38712],[-120.20077,51.39698],[-120.20165,51.39826],[-120.20542,51.40154],[-120.20692,51.40337],[-120.20922,51.40796],[-120.21153,51.41057],[-120.2132,51.41412],[-120.21308,51.41502],[-120.2126,51.41572],[-120.20664,51.42143],[-120.20458,51.42576],[-120.20394,51.42645],[-120.19764,51.42937],[-120.19598,51.43039],[-120.19468,51.43167],[-120.19369,51.43351],[-120.19167,51.43884],[-120.185,51.44749],[-120.18113,51.45791],[-120.17773,51.46179],[-120.17708,51.46303],[-120.17724,51.46552],[-120.17834,51.47016],[-120.17832,51.47317],[-120.17934,51.47464],[-120.1826,51.47794],[-120.18375,51.48023],[-120.18394,51.48157],[-120.18349,51.48333],[-120.18039,51.48812],[-120.17713,51.49677],[-120.16879,51.53664],[-120.16877,51.53791],[-120.17423,51.55497],[-120.1738,51.55664],[-120.1699,51.56044],[-120.16249,51.56659],[-120.15978,51.56796],[-120.15156,51.57122],[-120.13619,51.5796],[-120.13481,51.58065],[-120.08981,51.63309],[-120.08852,51.63422],[-120.08596,51.63574],[-120.08289,51.63689],[-120.05802,51.64383],[-120.0488,51.64832],[-120.04603,51.65011],[-120.04318,51.65095],[-120.02408,51.65062],[-120.00809,51.65199],[-120.00137,51.65205],[-119.99853,51.65157],[-119.98639,51.64642],[-119.97833,51.64025],[-119.95398,51.62869],[-119.93053,51.61541],[-119.92705,51.61408],[-119.91656,51.61115],[-119.9005,51.60512]]}},{"type":"Feature","properties":{"name":"[CN NB] Montreal, QC [C2] (Route Verte 1 at Rue Riversie) to [C1] (Rue Berri at Boulevard Ren\u00e9-L\u00e9vesque Est) 002","provs":["QC"],"km":3.1},"geometry":{"type":"LineString","coordinates":[[-73.55231,45.49081],[-73.55158,45.49564],[-73.55097,45.49559],[-73.55285,45.49652],[-73.55275,45.49916],[-73.55357,45.50156],[-73.55363,45.50353],[-73.55289,45.50602],[-73.54986,45.51091],[-73.554,45.51206],[-73.55734,45.51347]]}},{"type":"Feature","properties":{"name":"[CN NB] Montr\u00e9al, QC [C2] (Parc Du Canal-de-Lachine) to [C1] (Rue Berri) 002","provs":["QC"],"km":4.5},"geometry":{"type":"LineString","coordinates":[[-73.56595,45.48583],[-73.56403,45.48683],[-73.56598,45.48824],[-73.56511,45.4891],[-73.56527,45.48924],[-73.5748,45.49381],[-73.57927,45.4956],[-73.5791,45.49619],[-73.57687,45.4987],[-73.57101,45.50462],[-73.5666,45.51036],[-73.56572,45.51003],[-73.5611,45.51521]]}},{"type":"Feature","properties":{"name":"[CN NB] M\u00een\u00ee Thn\u00ee, AB [C1] (M\u00een\u00ee Thn\u00ee Rd at Trans-Canada Highway) to [C3] (M\u00een\u00ee Thn\u00ee Rd at 1A) 002","provs":["AB"],"km":4.4},"geometry":{"type":"LineString","coordinates":[[-114.85081,51.14696],[-114.84335,51.14673],[-114.84323,51.15122],[-114.8446,51.15807],[-114.84573,51.15953],[-114.85011,51.16325],[-114.85079,51.16452],[-114.84981,51.16834],[-114.85078,51.17122],[-114.85007,51.17398],[-114.84899,51.17528],[-114.8451,51.17845],[-114.84483,51.17895],[-114.84495,51.17957]]}},{"type":"Feature","properties":{"name":"[CN NB] Nanaimo, BC [C3] (TCH at Cranberry Ave) to [C2] (Stewart Ave at Brechin Rd) 002","provs":["BC"],"km":7.6},"geometry":{"type":"LineString","coordinates":[[-123.91953,49.12802],[-123.92125,49.13047],[-123.92184,49.13449],[-123.92246,49.13599],[-123.92686,49.13998],[-123.92802,49.143],[-123.93189,49.14583],[-123.93347,49.14772],[-123.93431,49.1636],[-123.93757,49.16482],[-123.93952,49.16726],[-123.93913,49.16743],[-123.93962,49.17098],[-123.94145,49.1719],[-123.94105,49.17356],[-123.94212,49.17702],[-123.94325,49.17828],[-123.94345,49.17898],[-123.94459,49.17999],[-123.94565,49.18007],[-123.94587,49.18209],[-123.94722,49.1835],[-123.94783,49.18597],[-123.95031,49.18744],[-123.95151,49.18905]]}},{"type":"Feature","properties":{"name":"[CN NB] Parson to Golden, BC (Golden Municipal Campground 2.2km) 002","provs":["BC"],"km":44.7},"geometry":{"type":"LineString","coordinates":[[-116.54423,51.02873],[-116.55016,51.02973],[-116.55586,51.03287],[-116.56498,51.03497],[-116.56857,51.03643],[-116.57848,51.04184],[-116.5876,51.04407],[-116.59179,51.04761],[-116.61084,51.056],[-116.62146,51.06246],[-116.62459,51.06523],[-116.62674,51.06658],[-116.6318,51.06909],[-116.63676,51.0708],[-116.64155,51.07387],[-116.6477,51.07625],[-116.66197,51.08353],[-116.66656,51.08525],[-116.67268,51.08932],[-116.67511,51.09012],[-116.68259,51.09087],[-116.69598,51.09977],[-116.70068,51.10466],[-116.70214,51.1058],[-116.71096,51.11001],[-116.71748,51.11376],[-116.72652,51.1214],[-116.73038,51.12299],[-116.73617,51.12614],[-116.74613,51.13254],[-116.74868,51.13471],[-116.75819,51.1402],[-116.76031,51.14101],[-116.77126,51.14363],[-116.77862,51.14794],[-116.78493,51.15003],[-116.79686,51.15464],[-116.79965,51.15601],[-116.80943,51.16196],[-116.82662,51.17007],[-116.83312,51.17359],[-116.84765,51.17929],[-116.85059,51.18097],[-116.86028,51.18831],[-116.87063,51.19421],[-116.89251,51.21071],[-116.89391,51.21243],[-116.89464,51.21464],[-116.89447,51.21644],[-116.89322,51.22041],[-116.89316,51.22217],[-116.8935,51.22352],[-116.9008,51.23455],[-116.90309,51.2418],[-116.91451,51.25637],[-116.92075,51.2607],[-116.93262,51.27373],[-116.93393,51.27478],[-116.94176,51.27869],[-116.95152,51.2856],[-116.95732,51.28783],[-116.96036,51.29014],[-116.96315,51.29141],[-116.96311,51.29738],[-116.96402,51.298],[-116.96407,51.29929],[-116.97153,51.30629]]}},{"type":"Feature","properties":{"name":"[CN NB] Radium Hot Spings to Parson, BC (Quinn Creek Campground 91m) 002","provs":["BC"],"km":60.1},"geometry":{"type":"LineString","coordinates":[[-116.06995,50.61905],[-116.07206,50.62229],[-116.0747,50.63047],[-116.07491,50.63226],[-116.0744,50.635],[-116.07526,50.63719],[-116.07545,50.64008],[-116.08202,50.65266],[-116.08362,50.6545],[-116.08699,50.65667],[-116.08882,50.65839],[-116.09289,50.66628],[-116.09369,50.66731],[-116.09633,50.66931],[-116.10103,50.67384],[-116.10794,50.67809],[-116.11083,50.68045],[-116.11798,50.68538],[-116.11871,50.68652],[-116.11901,50.68779],[-116.11804,50.69259],[-116.11817,50.69493],[-116.11978,50.69815],[-116.12212,50.70036],[-116.12499,50.70246],[-116.1315,50.706],[-116.13186,50.7068],[-116.1315,50.70873],[-116.13238,50.71102],[-116.13502,50.7127],[-116.13787,50.71521],[-116.14759,50.72559],[-116.14922,50.72634],[-116.15285,50.72727],[-116.15525,50.72907],[-116.17493,50.73729],[-116.17662,50.73866],[-116.18508,50.74778],[-116.19641,50.75681],[-116.19716,50.7581],[-116.19748,50.75965],[-116.19585,50.76529],[-116.19638,50.76686],[-116.20226,50.77396],[-116.20413,50.77523],[-116.20866,50.77713],[-116.21201,50.78113],[-116.21344,50.78377],[-116.21398,50.78767],[-116.21456,50.7887],[-116.21649,50.7905],[-116.21793,50.79334],[-116.21979,50.79428],[-116.22383,50.79501],[-116.22552,50.79563],[-116.23284,50.80085],[-116.23924,50.80411],[-116.25102,50.81196],[-116.25348,50.81284],[-116.25711,50.81353],[-116.25885,50.81447],[-116.26571,50.81979],[-116.26668,50.82147],[-116.26668,50.82363],[-116.26739,50.82458],[-116.27101,50.82801],[-116.27335,50.83089],[-116.27606,50.83271],[-116.27885,50.83664],[-116.2817,50.83874],[-116.28301,50.8393],[-116.28458,50.84151],[-116.28481,50.84385],[-116.28524,50.84522],[-116.28576,50.8458],[-116.29387,50.8502],[-116.30095,50.85269],[-116.30384,50.85464],[-116.30923,50.85917],[-116.3161,50.86179],[-116.31863,50.86324],[-116.32043,50.86475],[-116.33037,50.87588],[-116.33867,50.88133],[-116.33951,50.8826],[-116.34024,50.88475],[-116.34155,50.88644],[-116.35167,50.89159],[-116.35652,50.89504],[-116.36088,50.90103],[-116.37895,50.92034],[-116.38517,50.92837],[-116.38744,50.92974],[-116.39766,50.93388],[-116.39841,50.93502],[-116.39736,50.94111],[-116.39779,50.94232],[-116.40646,50.9479],[-116.40783,50.95006],[-116.41407,50.95603],[-116.41442,50.95925],[-116.41472,50.95995],[-116.41609,50.9612],[-116.42298,50.9651],[-116.42497,50.96555],[-116.43094,50.96555],[-116.43898,50.96783],[-116.44008,50.96892],[-116.44014,50.97315],[-116.44111,50.9745],[-116.44257,50.97525],[-116.45212,50.97836],[-116.45441,50.97957],[-116.45572,50.98058],[-116.45873,50.98418],[-116.46684,50.99115],[-116.4678,50.99233],[-116.46982,50.99658],[-116.47066,50.99755],[-116.47207,50.99841],[-116.47712,50.99997],[-116.49377,51.0113],[-116.49731,51.0119],[-116.50533,51.01132],[-116.50941,51.01205],[-116.51207,51.01366],[-116.51653,51.01913],[-116.51786,51.01976],[-116.52306,51.02012],[-116.52595,51.021],[-116.52788,51.02248],[-116.53039,51.02576],[-116.53145,51.0266],[-116.54423,51.02873]]}},{"type":"Feature","properties":{"name":"[CN NB] Richmond (North End George Massey Tunnel) to Vancouver, BC [C2] (Main Street at Union St) pt2of2 002","provs":["BC"],"km":22.2},"geometry":{"type":"LineString","coordinates":[[-123.0807,49.1267],[-123.07997,49.12607],[-123.09222,49.12616],[-123.09222,49.12429],[-123.0941,49.12428],[-123.09624,49.12532],[-123.10056,49.1251],[-123.10057,49.12727],[-123.1033,49.12728],[-123.10286,49.14071],[-123.10277,49.17002],[-123.114,49.17023],[-123.1144,49.17047],[-123.12432,49.17037],[-123.12412,49.17699],[-123.12446,49.17717],[-123.12442,49.18605],[-123.12468,49.1896],[-123.12439,49.1911],[-123.12473,49.19125],[-123.12464,49.19375],[-123.12503,49.1947],[-123.119,49.19697],[-123.11899,49.19891],[-123.11853,49.19903],[-123.11893,49.19916],[-123.11804,49.20028],[-123.11761,49.20433],[-123.11772,49.20569],[-123.11906,49.20571],[-123.11721,49.20612],[-123.11676,49.2132],[-123.11463,49.21313],[-123.11461,49.21408],[-123.11274,49.21405],[-123.11261,49.21689],[-123.11106,49.21688],[-123.11102,49.21769],[-123.10622,49.21771],[-123.1047,49.25377],[-123.10505,49.25458],[-123.10494,49.25648],[-123.10517,49.25684],[-123.10461,49.27036],[-123.10432,49.27199],[-123.10278,49.27238],[-123.10231,49.27304],[-123.10253,49.27456],[-123.10318,49.27562],[-123.10239,49.27566],[-123.10286,49.2762],[-123.10217,49.27666],[-123.10208,49.27762],[-123.09992,49.27768]]}},{"type":"Feature","properties":{"name":"[CN NB] Saint-Ignace-de-Loyola (Sorel-Tracy ferry) to Berthierville, QC [C1] (Rue de Bienville at Rue Notre-Dame) pt2of2 002","provs":["QC"],"km":5.6},"geometry":{"type":"LineString","coordinates":[[-73.12603,46.05956],[-73.12666,46.05967],[-73.12946,46.06228],[-73.12968,46.06308],[-73.12953,46.06683],[-73.12998,46.06786],[-73.13342,46.06962],[-73.13692,46.07257],[-73.1529,46.0795],[-73.17791,46.09155]]}},{"type":"Feature","properties":{"name":"[CN NB] Seebe, AB [C1] (TCH at 1x) to [C3] (1x at 1A) 002","provs":["AB"],"km":5.0},"geometry":{"type":"LineString","coordinates":[[-115.06191,51.07534],[-115.05877,51.07622],[-115.056,51.07643],[-115.05429,51.07743],[-115.05933,51.07866],[-115.06071,51.07942],[-115.06146,51.08031],[-115.06448,51.09804],[-115.06549,51.09975],[-115.06698,51.10073],[-115.06982,51.10145],[-115.08715,51.10259]]}},{"type":"Feature","properties":{"name":"[CN NB] Skookumchuck to Fairmont Hot Springs, BC (Spruce Grove RV Park and Campground 1.7km) 002","provs":["BC"],"km":50.1},"geometry":{"type":"LineString","coordinates":[[-115.73416,49.91376],[-115.73805,49.91782],[-115.7411,49.9196],[-115.742,49.92059],[-115.74225,49.92344],[-115.74277,49.92492],[-115.7427,49.92737],[-115.74307,49.92911],[-115.75086,49.9393],[-115.7523,49.94243],[-115.75451,49.95121],[-115.7553,49.95286],[-115.76062,49.96028],[-115.76129,49.96222],[-115.76082,49.96415],[-115.75785,49.96818],[-115.7574,49.97063],[-115.76058,49.98159],[-115.76116,49.98275],[-115.76354,49.9856],[-115.76403,49.98702],[-115.76408,49.98827],[-115.75358,50.0112],[-115.75275,50.01444],[-115.75249,50.01811],[-115.75251,50.04897],[-115.75736,50.09899],[-115.75792,50.10115],[-115.75897,50.10356],[-115.76163,50.10723],[-115.80249,50.14935],[-115.80414,50.15036],[-115.80643,50.15091],[-115.82199,50.15059],[-115.82506,50.15089],[-115.82869,50.15192],[-115.83034,50.15276],[-115.85265,50.16892],[-115.85489,50.17123],[-115.85551,50.17256],[-115.85568,50.17381],[-115.85555,50.18447],[-115.85581,50.1857],[-115.85699,50.18786],[-115.86186,50.19445],[-115.86557,50.20692],[-115.87373,50.23202],[-115.87486,50.24157],[-115.88265,50.25342],[-115.88291,50.25436],[-115.88237,50.25848],[-115.88246,50.26005],[-115.88596,50.26726],[-115.89076,50.28251],[-115.89033,50.28419],[-115.88842,50.28696],[-115.88819,50.28835],[-115.88845,50.28977],[-115.89036,50.2949],[-115.89323,50.29938],[-115.89432,50.30069],[-115.90078,50.30646],[-115.90171,50.30837],[-115.90151,50.30923],[-115.9007,50.31026],[-115.89739,50.31168],[-115.89525,50.31172],[-115.89199,50.31086],[-115.88272,50.31273]]}},{"type":"Feature","properties":{"name":"[CN NB] Sorel-Tracy, QC [C2] (Rue \u00c9lizabeth at Avenue de L'H\u00f4tel-Dieu) to (Sorel\u2013Saint-Ignace-de-Loyola ferry) pt1of2 002","provs":["QC"],"km":0.9},"geometry":{"type":"LineString","coordinates":[[-73.11179,46.04255],[-73.11327,46.04613],[-73.11146,46.0465],[-73.11191,46.04739],[-73.11372,46.0476],[-73.11378,46.04802]]}},{"type":"Feature","properties":{"name":"[CN NB] Spences Bridge (Trans-Canada Highway at Riverview Ave) to Cache Creek, BC (Brookside Campside 43m) 002","provs":["BC"],"km":48.3},"geometry":{"type":"LineString","coordinates":[[-121.33407,50.42561],[-121.31993,50.42852],[-121.31555,50.43059],[-121.31372,50.4321],[-121.31161,50.44011],[-121.31122,50.44421],[-121.31234,50.44716],[-121.31238,50.44813],[-121.31096,50.45003],[-121.30089,50.45922],[-121.30031,50.46037],[-121.30002,50.46336],[-121.29833,50.46775],[-121.29855,50.46923],[-121.30081,50.47447],[-121.30167,50.47566],[-121.30349,50.47956],[-121.30373,50.48106],[-121.30323,50.4836],[-121.2989,50.48981],[-121.29734,50.49145],[-121.29583,50.49398],[-121.29361,50.49541],[-121.28793,50.49745],[-121.2856,50.49943],[-121.28517,50.50019],[-121.28529,50.50106],[-121.2849,50.5024],[-121.28568,50.50527],[-121.28653,50.50676],[-121.28637,50.50789],[-121.28492,50.50939],[-121.28155,50.51122],[-121.28097,50.51267],[-121.28193,50.51648],[-121.28402,50.51883],[-121.28526,50.52213],[-121.28556,50.52412],[-121.28551,50.53378],[-121.28674,50.53778],[-121.28815,50.53944],[-121.29428,50.54953],[-121.29983,50.55472],[-121.30118,50.55651],[-121.30367,50.565],[-121.30755,50.57088],[-121.30887,50.57471],[-121.31902,50.58698],[-121.3215,50.59076],[-121.32828,50.59831],[-121.33092,50.60303],[-121.33505,50.60811],[-121.33548,50.61012],[-121.33465,50.62031],[-121.33483,50.62157],[-121.33683,50.6248],[-121.34304,50.62881],[-121.34428,50.62988],[-121.34525,50.63129],[-121.34552,50.63403],[-121.34356,50.64037],[-121.34349,50.64177],[-121.34386,50.64311],[-121.34541,50.64508],[-121.3531,50.65029],[-121.35506,50.65218],[-121.3561,50.65439],[-121.35744,50.66375],[-121.35731,50.66632],[-121.35654,50.66877],[-121.35176,50.67734],[-121.34275,50.68815],[-121.33537,50.70571],[-121.3245,50.72688],[-121.31189,50.74387],[-121.31137,50.74514],[-121.3111,50.74818],[-121.31445,50.76233],[-121.31363,50.76659],[-121.31141,50.77151],[-121.31111,50.77308],[-121.3111,50.77568],[-121.31205,50.78303],[-121.31318,50.78549],[-121.32307,50.797],[-121.32367,50.79841],[-121.32415,50.80236],[-121.32541,50.80607],[-121.32538,50.80815],[-121.32486,50.8092],[-121.32245,50.8107],[-121.3214,50.81132],[-121.31953,50.81175],[-121.30707,50.80946]]}},{"type":"Feature","properties":{"name":"[CN NB] Winnipeg, MB [C3] (Harte Trl at Elmhurst Rd) to [C1] (Elmhurst Rd at Eldridge Ave) 002","provs":["MB"],"km":0.9},"geometry":{"type":"LineString","coordinates":[[-97.2578,49.84463],[-97.25708,49.85229]]}},{"type":"Feature","properties":{"name":"[CN NE] Delta [CN] (Massey Tunnel Sounth end) to Surrey (Bridgeview), BC [CN] (Pattullo Bridge) 002","provs":["BC"],"km":20.7},"geometry":{"type":"LineString","coordinates":[[-123.0461,49.11196],[-123.03538,49.11194],[-123.03497,49.11223],[-123.03495,49.12542],[-123.03436,49.12679],[-123.03428,49.1345],[-123.03362,49.13548],[-123.02669,49.13659],[-123.02358,49.13765],[-123.01422,49.13993],[-123.00944,49.14164],[-123.00442,49.14427],[-123.00261,49.146],[-122.99895,49.14808],[-122.99524,49.14979],[-122.99035,49.15119],[-122.975,49.15427],[-122.97132,49.15471],[-122.96794,49.15474],[-122.96201,49.15361],[-122.95237,49.15236],[-122.94675,49.15385],[-122.94394,49.15516],[-122.94359,49.15492],[-122.93891,49.15805],[-122.93638,49.16022],[-122.93468,49.16087],[-122.92828,49.1649],[-122.92389,49.16572],[-122.91983,49.16597],[-122.91754,49.16658],[-122.91508,49.16889],[-122.91602,49.17315],[-122.91578,49.17422],[-122.91341,49.17684],[-122.90724,49.18227],[-122.90078,49.18473],[-122.89799,49.18525],[-122.89499,49.1864],[-122.89177,49.18679],[-122.89065,49.18802],[-122.89048,49.19193],[-122.8892,49.19388],[-122.87842,49.20301],[-122.87866,49.20334],[-122.87864,49.2051],[-122.87895,49.20546],[-122.88349,49.20561],[-122.88378,49.20577],[-122.88368,49.20611],[-122.87887,49.20628],[-122.87865,49.20711],[-122.87085,49.20713],[-122.87084,49.20767],[-122.86746,49.20768],[-122.8674,49.20884],[-122.86662,49.20792]]}},{"type":"Feature","properties":{"name":"[CN SB] Antigonish NS Southbound 17m 002","provs":["NS"],"km":0.0},"geometry":{"type":"LineString","coordinates":[[-61.99468,45.62198],[-61.99467,45.62183]]}},{"type":"Feature","properties":{"name":"[CN SB] Antigonish NS Southbound 588m 002","provs":["NS"],"km":0.6},"geometry":{"type":"LineString","coordinates":[[-61.99886,45.61305],[-61.99926,45.61246],[-62.00526,45.61066]]}},{"type":"Feature","properties":{"name":"[CN SB] Brookfield [C3] (Main St at Pictou Rd) to Halifax, NS [C2] (Bedford Highway at Fort Sackville Walkway) 003","provs":["NS"],"km":87.7},"geometry":{"type":"LineString","coordinates":[[-63.27047,45.37204],[-63.27,45.37132],[-63.27006,45.37045],[-63.27289,45.36877],[-63.27259,45.36624],[-63.27314,45.36366],[-63.27886,45.36224],[-63.28978,45.36031],[-63.29388,45.35585],[-63.29357,45.34973],[-63.29377,45.34368],[-63.29386,45.34291],[-63.29466,45.34146],[-63.29459,45.33923],[-63.29441,45.33819],[-63.2895,45.32819],[-63.29044,45.32117],[-63.29242,45.31382],[-63.29307,45.30577],[-63.29204,45.30133],[-63.29278,45.29545],[-63.29139,45.29235],[-63.28944,45.28987],[-63.28945,45.27927],[-63.28718,45.26938],[-63.28342,45.26202],[-63.28265,45.25927],[-63.27985,45.25489],[-63.27854,45.25013],[-63.27895,45.24888],[-63.28221,45.24449],[-63.2829,45.23954],[-63.28594,45.23454],[-63.28749,45.22878],[-63.292,45.2167],[-63.2944,45.20914],[-63.29554,45.20805],[-63.3013,45.20471],[-63.30606,45.19925],[-63.30693,45.19753],[-63.31019,45.18517],[-63.31142,45.18314],[-63.33755,45.1577],[-63.34122,45.15236],[-63.35327,45.14187],[-63.35656,45.13361],[-63.35748,45.13284],[-63.36384,45.12975],[-63.36632,45.12817],[-63.37425,45.12017],[-63.38191,45.11409],[-63.38814,45.10828],[-63.39957,45.09496],[-63.40108,45.0921],[-63.40208,45.08897],[-63.40208,45.08747],[-63.4031,45.08748],[-63.4033,45.08856],[-63.40581,45.08866],[-63.40831,45.08653],[-63.41284,45.08031],[-63.41699,45.07073],[-63.42081,45.06612],[-63.42198,45.06397],[-63.42553,45.0605],[-63.4269,45.05854],[-63.43184,45.05557],[-63.43299,45.05427],[-63.43354,45.05281],[-63.43385,45.0478],[-63.43445,45.04705],[-63.43701,45.04554],[-63.43782,45.04464],[-63.43813,45.0438],[-63.43824,45.04135],[-63.43968,45.03966],[-63.44127,45.0351],[-63.44357,45.02321],[-63.44454,45.0204],[-63.45122,45.00888],[-63.45524,45.0055],[-63.45965,45.00282],[-63.46357,44.99915],[-63.46816,44.99576],[-63.46921,44.99458],[-63.47165,44.99031],[-63.47243,44.98957],[-63.47451,44.98852],[-63.48329,44.98635],[-63.48685,44.98455],[-63.5045,44.96754],[-63.50901,44.96496],[-63.51397,44.96114],[-63.51668,44.95986],[-63.52207,44.95651],[-63.52352,44.95259],[-63.52734,44.94963],[-63.53043,44.94785],[-63.53626,44.94321],[-63.53463,44.93909],[-63.53388,44.93512],[-63.53446,44.93149],[-63.53589,44.92914],[-63.53604,44.92619],[-63.53647,44.9254],[-63.53728,44.9248],[-63.54088,44.92375],[-63.54591,44.92448],[-63.54773,44.92405],[-63.54956,44.9223],[-63.55333,44.91643],[-63.5561,44.9148],[-63.55755,44.91153],[-63.55822,44.91084],[-63.56293,44.90843],[-63.56603,44.90785],[-63.5688,44.90595],[-63.57271,44.90445],[-63.5782,44.89965],[-63.5825,44.89725],[-63.58426,44.89474],[-63.58805,44.89317],[-63.59102,44.89245],[-63.59396,44.89056],[-63.59435,44.88994],[-63.59433,44.88859],[-63.59321,44.88534],[-63.59346,44.88433],[-63.60062,44.88074],[-63.60149,44.87867],[-63.60502,44.87643],[-63.60763,44.87271],[-63.61071,44.86998],[-63.61238,44.86616],[-63.61744,44.8621],[-63.61817,44.86005],[-63.61804,44.85909],[-63.61594,44.85753],[-63.61268,44.85644],[-63.61041,44.85392],[-63.60899,44.84941],[-63.60764,44.84658],[-63.60863,44.84322],[-63.60782,44.83978],[-63.60763,44.83679],[-63.6108,44.8327],[-63.61167,44.83039],[-63.61164,44.82797],[-63.61065,44.82418],[-63.6117,44.82245],[-63.61248,44.81987],[-63.61201,44.81806],[-63.61457,44.81752],[-63.61614,44.81621],[-63.61669,44.81362],[-63.61671,44.81088],[-63.61717,44.80769],[-63.61675,44.80674],[-63.61242,44.80635],[-63.61083,44.80414],[-63.61026,44.80388],[-63.60955,44.80419],[-63.60927,44.80391],[-63.61152,44.80165],[-63.61122,44.80084],[-63.61256,44.79766],[-63.61223,44.79629],[-63.61252,44.79609],[-63.61257,44.79524],[-63.61343,44.79447],[-63.61348,44.79332],[-63.61118,44.79171],[-63.61031,44.79212],[-63.61072,44.79134],[-63.61052,44.79075],[-63.60971,44.78978],[-63.60852,44.78942],[-63.60855,44.78763],[-63.60767,44.78588],[-63.6068,44.78494],[-63.60685,44.78418],[-63.59987,44.78253],[-63.60125,44.78203],[-63.60206,44.78075],[-63.6034,44.77982],[-63.6051,44.77767],[-63.6064,44.7737],[-63.60788,44.76701],[-63.60872,44.76635],[-63.6114,44.76526],[-63.61343,44.76303],[-63.61725,44.75991],[-63.62259,44.75299],[-63.62591,44.75065],[-63.62699,44.74921],[-63.63205,44.74679],[-63.63358,44.7466],[-63.63583,44.7456],[-63.63784,44.74384],[-63.64247,44.741],[-63.6465,44.73798],[-63.64807,44.73761],[-63.65226,44.7374],[-63.65353,44.73694],[-63.65428,44.73618],[-63.65476,44.73466],[-63.65515,44.73421],[-63.65553,44.73433],[-63.65604,44.73305],[-63.65684,44.73218],[-63.65783,44.73162],[-63.66106,44.73099],[-63.66244,44.73039]]}},{"type":"Feature","properties":{"name":"[CN SB] Hudson [C3] (Rue Main at Rue Sanderson) to Dorion, QC [C2] (Boulevard Harwood at Avenue Saint-Jean-Baptiste) 002","provs":["QC"],"km":12.0},"geometry":{"type":"LineString","coordinates":[[-74.10475,45.4423],[-74.1025,45.44092],[-74.09546,45.44063],[-74.08853,45.43874],[-74.08546,45.43995],[-74.07986,45.43996],[-74.0749,45.44102],[-74.0715,45.44125],[-74.07058,45.44101],[-74.07014,45.44021],[-74.07025,45.43647],[-74.06967,45.43528],[-74.06664,45.43106],[-74.06127,45.42582],[-74.06068,45.4249],[-74.05515,45.42103],[-74.04893,45.41869],[-74.04829,45.41739],[-74.04537,45.41736],[-74.04366,45.41635],[-74.03563,45.40823],[-74.03748,45.40618],[-74.03795,45.40479],[-74.03759,45.40473],[-74.03767,45.40438],[-74.03674,45.40427],[-74.03338,45.40605],[-74.03165,45.40656],[-74.02975,45.40494],[-74.02958,45.40456],[-74.02998,45.40387],[-74.02944,45.40309],[-74.02452,45.39908],[-74.02576,45.39828],[-74.02394,45.39515],[-74.02109,45.39288],[-74.01796,45.39139],[-74.01496,45.38916],[-74.01101,45.38518],[-74.01158,45.38419],[-74.01079,45.38343],[-74.01055,45.38356]]}},{"type":"Feature","properties":{"name":"[CN SB] Laval, QC [C3] (Cycletrack at Boulevard Sainte-Rose E) to [C1] (Route Verte 1 at Perry Island Bridge) 002","provs":["QC"],"km":10.6},"geometry":{"type":"LineString","coordinates":[[-73.76367,45.62707],[-73.76318,45.62707],[-73.76241,45.62444],[-73.76138,45.62397],[-73.76001,45.62156],[-73.75408,45.61558],[-73.75372,45.61554],[-73.75174,45.61317],[-73.7512,45.613],[-73.75099,45.61247],[-73.74679,45.60851],[-73.74651,45.60791],[-73.74589,45.60755],[-73.74395,45.60853],[-73.74212,45.60683],[-73.74315,45.60448],[-73.72748,45.58864],[-73.72632,45.58794],[-73.72461,45.58574],[-73.72412,45.58569],[-73.72195,45.58364],[-73.72214,45.5834],[-73.71981,45.58064],[-73.71855,45.57795],[-73.71517,45.57519],[-73.71662,45.57435],[-73.71664,45.57407],[-73.71461,45.57067],[-73.71468,45.57023],[-73.71319,45.56729],[-73.71262,45.56691],[-73.71244,45.56579],[-73.71149,45.56392],[-73.70971,45.56211],[-73.71047,45.5617],[-73.70919,45.55913],[-73.70597,45.55554],[-73.70544,45.55538],[-73.70024,45.55013],[-73.70103,45.54961]]}},{"type":"Feature","properties":{"name":"[CN SB] Mission [C1] (Hwy 7 at Hwy 11) to Abbotsford, BC [C2] (Gladys Ave at George Ferguson Way) 003","provs":["BC"],"km":11.0},"geometry":{"type":"LineString","coordinates":[[-122.3268,49.13287],[-122.32618,49.13241],[-122.32565,49.12898],[-122.32474,49.12806],[-122.32298,49.12775],[-122.31697,49.12845],[-122.31379,49.12787],[-122.29878,49.11953],[-122.29443,49.11655],[-122.29416,49.10376],[-122.29128,49.10378],[-122.28986,49.10347],[-122.28489,49.07993],[-122.28619,49.07077],[-122.28663,49.0549],[-122.28752,49.05222],[-122.28766,49.05015]]}},{"type":"Feature","properties":{"name":"[CN SB] Pictou [C1] (Highway 376 at TCH) to Central West River (Pictou), NS [C3] (Highway 376 at Pictou Rd) 002","provs":["NS"],"km":16.2},"geometry":{"type":"LineString","coordinates":[[-62.73123,45.68209],[-62.73467,45.67995],[-62.74007,45.67766],[-62.76074,45.67714],[-62.7662,45.6752],[-62.77318,45.67327],[-62.78111,45.67023],[-62.78576,45.66941],[-62.78756,45.66843],[-62.79027,45.66398],[-62.79389,45.66009],[-62.79521,45.65742],[-62.79605,45.65194],[-62.797,45.64863],[-62.79656,45.64545],[-62.79712,45.64195],[-62.79827,45.63856],[-62.8014,45.63474],[-62.80165,45.63065],[-62.80257,45.62812],[-62.80523,45.62535],[-62.81129,45.61777],[-62.81667,45.6123],[-62.82163,45.60597],[-62.82435,45.6044],[-62.83012,45.60222],[-62.8319,45.60109],[-62.83547,45.59615],[-62.83718,45.59161],[-62.83963,45.58829],[-62.84244,45.58338],[-62.8444,45.57821],[-62.84381,45.57687]]}},{"type":"Feature","properties":{"name":"[CN SB] Vancouver, BC (Ontario St at E 56th Ave) 001","provs":["BC"],"km":0.0},"geometry":{"type":"LineString","coordinates":[[-123.10619,49.21944],[-123.10619,49.21934]]}},{"type":"Feature","properties":{"name":"[CN SB]\u00a0Kamloops, BC (Westsyde Rd) 001","provs":["BC"],"km":0.1},"geometry":{"type":"LineString","coordinates":[[-120.33998,50.7763],[-120.33998,50.77551]]}},{"type":"Feature","properties":{"name":"[CN WB]\u00a0Clearwater, BC (Southern Yellowhead Highway 5 Westbound) 001","provs":["BC"],"km":0.5},"geometry":{"type":"LineString","coordinates":[[-120.03427,51.65089],[-120.03836,51.65122],[-120.04201,51.65107]]}},{"type":"Feature","properties":{"name":"[CN WB]\u00a0T\u00eate Jaune Cache, BC (McBride Hwy 16E ramp) 001","provs":["BC"],"km":0.1},"geometry":{"type":"LineString","coordinates":[[-119.4232,52.97579],[-119.42256,52.97555],[-119.4232,52.97511]]}},{"type":"Feature","properties":{"name":"[CN] 2023 addition - Red Coat Trail  - Highway 21 021 Track 002 EB - Trans-Canada Highway (1) 001","provs":["SK"],"km":0.6},"geometry":{"type":"LineString","coordinates":[[-109.46339,49.97856],[-109.46271,49.97987],[-109.4615,49.98087],[-109.45994,49.98153],[-109.4578,49.98183]]}},{"type":"Feature","properties":{"name":"[CN] Abbotsford-Mission Highway 023 001","provs":["BC"],"km":5.2},"geometry":{"type":"LineString","coordinates":[[-122.28647,49.05865],[-122.28595,49.07171],[-122.28477,49.07856],[-122.28475,49.08025],[-122.28977,49.10379],[-122.29128,49.10378]]}},{"type":"Feature","properties":{"name":"[CN] Abbotsford-Mission Highway 024 001","provs":["BC"],"km":0.1},"geometry":{"type":"LineString","coordinates":[[-122.32623,49.13286],[-122.32618,49.13241]]}},{"type":"Feature","properties":{"name":"[CN] Abbotsford-Mission Highway 025 001","provs":["BC"],"km":0.0},"geometry":{"type":"LineString","coordinates":[[-122.32625,49.13298],[-122.32623,49.13286]]}},{"type":"Feature","properties":{"name":"[CN] Abbotsford-Mission Highway 026 001","provs":["BC"],"km":0.1},"geometry":{"type":"LineString","coordinates":[[-122.32602,49.13241],[-122.32609,49.13286]]}},{"type":"Feature","properties":{"name":"[CN] Abbotsford-Mission Highway 051 001","provs":["BC"],"km":0.3},"geometry":{"type":"LineString","coordinates":[[-122.32569,49.12997],[-122.32602,49.13241]]}},{"type":"Feature","properties":{"name":"[CN] Access to Purple Route 001","provs":["MB"],"km":0.2},"geometry":{"type":"LineString","coordinates":[[-98.46873,49.97612],[-98.46902,49.97546],[-98.47013,49.97518]]}},{"type":"Feature","properties":{"name":"[CN] C3 Track WB fix 002","provs":["NS"],"km":0.0,"dir":"W"},"geometry":{"type":"LineString","coordinates":[[-61.4051,45.64715],[-61.40499,45.64675]]}},{"type":"Feature","properties":{"name":"[CN] Cedar Valley Connector 001 001","provs":["BC"],"km":0.0},"geometry":{"type":"LineString","coordinates":[[-122.32609,49.13286],[-122.3261,49.13298]]}},{"type":"Feature","properties":{"name":"[CN] Espanola ON Centre St at Barber St (C1) <> Centre St at Queensway Ave (C2) 1.8km 001","provs":["ON"],"km":1.8},"geometry":{"type":"LineString","coordinates":[[-81.77016,46.2648],[-81.76599,46.2615],[-81.76528,46.26045],[-81.76425,46.25719],[-81.76412,46.25194],[-81.76314,46.2501]]}},{"type":"Feature","properties":{"name":"[CN] Kootenay-Columbia Highway to Athalmer Road 006 001","provs":["BC"],"km":0.1},"geometry":{"type":"LineString","coordinates":[[-116.00012,50.51633],[-115.99995,50.51577],[-116.00057,50.51543]]}},{"type":"Feature","properties":{"name":"[CN] Laval QC Des Prairies / Du Pacifique (CN) <> Parcours Gouin (C1) 3km 001","provs":["QC"],"km":2.7},"geometry":{"type":"LineString","coordinates":[[-73.70022,45.55009],[-73.6969,45.55151],[-73.69049,45.55184],[-73.68808,45.55226],[-73.67946,45.55618],[-73.67767,45.55778],[-73.67737,45.55821],[-73.67778,45.55852],[-73.6781,45.55817],[-73.67218,45.55655]]}},{"type":"Feature","properties":{"name":"[CN] Markin - MacPhail Westside Legacy Trail to Westside Rd 001","provs":["BC"],"km":0.0},"geometry":{"type":"LineString","coordinates":[[-115.96829,50.41443],[-115.96818,50.41472]]}},{"type":"Feature","properties":{"name":"[CN] Moncton to Sh\u00e9diac, NB [C1] (South Cove Camping and Golf 5.1km) 002","provs":["NB"],"km":39.5},"geometry":{"type":"LineString","coordinates":[[-64.92315,46.1231],[-64.91294,46.12817],[-64.90632,46.13263],[-64.90438,46.13348],[-64.90213,46.13387],[-64.90008,46.1338],[-64.88986,46.13216],[-64.88795,46.1325],[-64.88638,46.13344],[-64.88261,46.13122],[-64.88727,46.12934],[-64.88525,46.12836],[-64.87967,46.12354],[-64.86119,46.10877],[-64.85374,46.10227],[-64.85134,46.1014],[-64.85006,46.09998],[-64.84774,46.0987],[-64.84695,46.09753],[-64.8441,46.09666],[-64.84515,46.09589],[-64.84635,46.09599],[-64.84612,46.09572],[-64.8402,46.09409],[-64.83582,46.09438],[-64.83038,46.09401],[-64.83024,46.09353],[-64.82945,46.09308],[-64.81624,46.09147],[-64.81608,46.09055],[-64.81489,46.08997],[-64.8144,46.08909],[-64.80789,46.08755],[-64.80122,46.08731],[-64.80091,46.08705],[-64.79906,46.08734],[-64.79247,46.08701],[-64.79027,46.08561],[-64.7898,46.08485],[-64.78028,46.0879],[-64.77549,46.08896],[-64.77307,46.0898],[-64.77698,46.09783],[-64.77661,46.09892],[-64.77585,46.09953],[-64.76926,46.10242],[-64.76764,46.10254],[-64.76494,46.10185],[-64.76117,46.10453],[-64.7573,46.10675],[-64.73954,46.11011],[-64.73027,46.11291],[-64.72843,46.11375],[-64.72657,46.1152],[-64.72224,46.11771],[-64.71347,46.11951],[-64.69406,46.13072],[-64.6895,46.13753],[-64.68105,46.14353],[-64.67384,46.14743],[-64.67108,46.14939],[-64.66476,46.15769],[-64.66141,46.16081],[-64.65297,46.16643],[-64.64981,46.16922],[-64.64666,46.17134],[-64.64323,46.1747],[-64.63914,46.17792],[-64.63241,46.18123],[-64.62742,46.18264],[-64.62194,46.1869],[-64.62039,46.18914],[-64.61785,46.19466],[-64.59912,46.20986],[-64.5952,46.21422],[-64.59102,46.21745],[-64.5849,46.22434],[-64.5834,46.22565],[-64.57976,46.22795],[-64.57605,46.22942],[-64.57141,46.23052],[-64.56627,46.2312]]}},{"type":"Feature","properties":{"name":"[CN] Montreal QC Ave Christophe-Colomb (C1) <> Montreal (Rivi\u00e8re-des-Prairies - Pointe-aux-Trembles) QC 81e Avenue / Victoria (Montr\u00e9al) (C1) 24km 001","provs":["QC"],"km":24.7},"geometry":{"type":"LineString","coordinates":[[-73.67326,45.55748],[-73.67283,45.55852],[-73.6705,45.56111],[-73.66687,45.56336],[-73.66616,45.56356],[-73.66532,45.56318],[-73.66483,45.56376],[-73.66241,45.56506],[-73.66049,45.56856],[-73.66036,45.57067],[-73.65932,45.57385],[-73.65749,45.57645],[-73.65665,45.57672],[-73.65615,45.57743],[-73.6559,45.57808],[-73.6573,45.57899],[-73.65683,45.58061],[-73.65477,45.58178],[-73.65339,45.5845],[-73.65225,45.59002],[-73.64927,45.59351],[-73.64834,45.59312],[-73.64796,45.59438],[-73.64493,45.59684],[-73.64434,45.59774],[-73.64473,45.59818],[-73.64424,45.59938],[-73.64371,45.6003],[-73.64299,45.60073],[-73.64326,45.60126],[-73.64298,45.60239],[-73.64177,45.60432],[-73.64115,45.6067],[-73.6396,45.60901],[-73.63837,45.6085],[-73.63468,45.61692],[-73.63249,45.61974],[-73.62997,45.62205],[-73.62598,45.62432],[-73.61644,45.63111],[-73.6117,45.63361],[-73.60767,45.63622],[-73.60062,45.64135],[-73.60051,45.64185],[-73.59939,45.64244],[-73.59887,45.64352],[-73.59734,45.64396],[-73.59623,45.64486],[-73.59568,45.64463],[-73.59498,45.64509],[-73.59164,45.64794],[-73.58382,45.65258],[-73.58112,45.65512],[-73.57896,45.65585],[-73.5754,45.65782],[-73.57346,45.65853],[-73.57373,45.65879],[-73.57143,45.66038],[-73.56873,45.66096],[-73.56706,45.66089],[-73.5616,45.66344],[-73.55571,45.66685],[-73.55169,45.67024],[-73.55031,45.67067],[-73.54654,45.67079],[-73.54396,45.67151],[-73.54333,45.67224],[-73.53841,45.67492],[-73.53604,45.67658],[-73.53267,45.68131],[-73.53092,45.68281],[-73.52861,45.68403],[-73.52575,45.68758],[-73.52489,45.68743],[-73.5233,45.688],[-73.52253,45.6895],[-73.52185,45.68933],[-73.52059,45.68797],[-73.51903,45.68761],[-73.51742,45.68774],[-73.51668,45.68851],[-73.51657,45.68979],[-73.51601,45.6902],[-73.51515,45.69185],[-73.51505,45.69263],[-73.51572,45.69466],[-73.5155,45.69528],[-73.51094,45.69717],[-73.51159,45.69821],[-73.50761,45.69914],[-73.50652,45.69897],[-73.50541,45.69743],[-73.50436,45.69727],[-73.50354,45.69622],[-73.50156,45.69558],[-73.50071,45.69496],[-73.50005,45.69486],[-73.49888,45.69549],[-73.49698,45.69591],[-73.49591,45.69472],[-73.49684,45.69346],[-73.49794,45.6903],[-73.49252,45.68946]]}},{"type":"Feature","properties":{"name":"[CN] Montreal QC Piste Multifonctionnelle - Parcs Canada at Bridge (C2) <> Piste Multifonctionnelle - Parcs Canada at Passerelle Hall Bridge (CN) 223m 001","provs":["QC"],"km":0.2},"geometry":{"type":"LineString","coordinates":[[-73.56595,45.48583],[-73.56406,45.48679],[-73.56414,45.48714]]}},{"type":"Feature","properties":{"name":"[CN] Montreal QC R de la Commune O at Rue McGill (CN) <> R de la Commune O at pathway (CN) 374m 001","provs":["QC"],"km":0.4},"geometry":{"type":"LineString","coordinates":[[-73.55266,45.49588],[-73.5522,45.49616],[-73.55287,45.49658],[-73.55274,45.49873]]}},{"type":"Feature","properties":{"name":"[CN] Riverside Street 002 001","provs":["BC"],"km":3.0},"geometry":{"type":"LineString","coordinates":[[-122.29433,49.11627],[-122.29431,49.11751],[-122.29889,49.11971],[-122.31297,49.12762],[-122.31609,49.1285],[-122.32391,49.12826],[-122.32516,49.12887],[-122.32569,49.12997]]}},{"type":"Feature","properties":{"name":"[CN] Route Connector Canada - 2023 Addition - Mates Corner, NB (west of Confederation Bridge) to Pictou, NS - Sunrise Trail 001 Pictou NS WB 002","provs":["NS"],"km":0.1},"geometry":{"type":"LineString","coordinates":[[-62.7301,45.68324],[-62.73126,45.68371]]}},{"type":"Feature","properties":{"name":"[CN] Route Connector Canada - Vancouver, BC to Mission, BC (proposed) W-E Connected 33.4km pt2 002","provs":["BC"],"km":0.0},"geometry":{"type":"LineString","coordinates":[[-122.66773,49.20914],[-122.6671,49.20914]]}},{"type":"Feature","properties":{"name":"[CN] Track 036 001","provs":["BC"],"km":0.1},"geometry":{"type":"LineString","coordinates":[[-122.32602,49.13241],[-122.32552,49.13287]]}},{"type":"Feature","properties":{"name":"[CN] Track 038 001","provs":["BC"],"km":0.1},"geometry":{"type":"LineString","coordinates":[[-122.3268,49.13287],[-122.32618,49.13241]]}},{"type":"Feature","properties":{"name":"[CN] Track 056 001","provs":["BC"],"km":0.0},"geometry":{"type":"LineString","coordinates":[[-122.29378,49.10376],[-122.29417,49.10401]]}},{"type":"Feature","properties":{"name":"[CN] T\u00eate Jaune Cache, BC (Southern Yellowhead Highway ramp) 001","provs":["BC"],"km":0.0},"geometry":{"type":"LineString","coordinates":[[-119.42281,52.97586],[-119.4232,52.97579]]}},{"type":"Feature","properties":{"name":"[CN] Vancouver BC Quebec Street Bike Path at Seaside Bike Route (CN) <> Union Street Cycleway at Main Street (C2) 466m 001","provs":["BC"],"km":0.3},"geometry":{"type":"LineString","coordinates":[[-123.09987,49.27772],[-123.10215,49.27768],[-123.10226,49.27678],[-123.10286,49.2762]]}},{"type":"Feature","properties":{"name":"[CN]\u00a0T\u00eate Jaune Cache, BC (Yellowhead Highway 5 ramp) 001","provs":["BC"],"km":0.1},"geometry":{"type":"LineString","coordinates":[[-119.42281,52.9752],[-119.42225,52.97588]]}}]}