{"type":"FeatureCollection","features":[{"type":"Feature","properties":{"name":"2023 addition - Red Coat Trail  - John Bracken Highway WB"},"geometry":{"type":"LineString","coordinates":[[-99.96166,49.62392],[-99.96166,49.62457],[-99.96271,49.62457]]}},{"type":"Feature","properties":{"name":"2023 addition - Red Coat Trail  - Track 001 WB - Provincial Trunk Highway 3 toRed Coat Trail 171 WB"},"geometry":{"type":"LineString","coordinates":[[-97.32736,49.76922],[-97.32914,49.76853],[-97.33188,49.76835]]}},{"type":"Feature","properties":{"name":"2023 addition - Red Coat Trail  - Track 004 WB - Red Coat Trail 001 to John Bracken Highway 001"},"geometry":{"type":"LineString","coordinates":[[-99.961,49.58655],[-99.96169,49.58708]]}},{"type":"Feature","properties":{"name":"2023 addition - Red Coat Trail  - Track 029 WB Track - McGillivray Trail to Track 033 - McGillivray Trail"},"geometry":{"type":"LineString","coordinates":[[-97.20636,49.8198],[-97.20665,49.8197],[-97.20642,49.81935]]}},{"type":"Feature","properties":{"name":"2023 addition - Red Coat Trail - Highway 21 021 Track 043 WB Trans-Canada Highway"},"geometry":{"type":"LineString","coordinates":[[-109.46341,49.98187],[-109.46341,49.98229]]}},{"type":"Feature","properties":{"name":"Route 2 Canada - Blairmore, AB to Pincher Creek, AB (proposed) W-E Connected 43.7km"},"geometry":{"type":"LineString","coordinates":[[-114.46431,49.6217],[-114.45633,49.61679],[-114.44968,49.61498],[-114.44245,49.61207],[-114.43304,49.6105],[-114.42372,49.60548],[-114.42088,49.605],[-114.41445,49.60497],[-114.41102,49.60422],[-114.40932,49.60338],[-114.39921,49.59632],[-114.38523,49.59024],[-114.37717,49.58539],[-114.37142,49.57968],[-114.36673,49.5775],[-114.36454,49.57609],[-114.36327,49.57476],[-114.354,49.56075],[-114.35271,49.55924],[-114.34986,49.55758],[-114.34396,49.55597],[-114.33874,49.55573],[-114.31981,49.55805],[-114.30165,49.5559],[-114.29742,49.55595],[-114.29367,49.55659],[-114.28677,49.55918],[-114.26658,49.56782],[-114.24649,49.5802],[-114.24452,49.58107],[-114.2402,49.58194],[-114.22771,49.58178],[-114.22426,49.58219],[-114.19197,49.59199],[-114.18773,49.59248],[-114.1699,49.59011],[-114.15769,49.58764],[-114.13064,49.58579],[-114.11288,49.58253],[-114.10273,49.58243],[-114.09873,49.58178],[-114.09547,49.58039],[-114.05766,49.55705],[-114.05457,49.55549],[-114.03609,49.54967],[-114.02478,49.5453],[-114.00268,49.53972],[-113.96482,49.52557],[-113.95093,49.52218]]}},{"type":"Feature","properties":{"name":"Route 2 Canada - Bow Island, AB to Medicine Hat, AB (proposed) W-E Connected 57.6km"},"geometry":{"type":"LineString","coordinates":[[-111.37938,49.86738],[-111.37536,49.86758],[-111.36657,49.86989],[-111.34453,49.8731],[-111.34027,49.8734],[-110.93024,49.87345],[-110.9246,49.87358],[-110.91961,49.87433],[-110.91331,49.87646],[-110.89004,49.88752],[-110.88533,49.89044],[-110.8815,49.89405],[-110.84919,49.92858],[-110.84548,49.93159],[-110.84134,49.93405],[-110.80067,49.95366],[-110.73852,49.99365],[-110.73665,49.9952],[-110.7347,49.99741],[-110.73351,49.99942],[-110.73276,50.00148],[-110.73243,50.00363],[-110.73241,50.01675],[-110.73222,50.0188],[-110.73169,50.01984],[-110.72735,50.02246],[-110.72044,50.02535],[-110.70974,50.02566],[-110.70972,50.03248],[-110.70776,50.03279]]}},{"type":"Feature","properties":{"name":"Route 2 Canada - Castlegar, BC to Crawford Bay, BC (proposed) W-E Connected pt1 75km"},"geometry":{"type":"LineString","coordinates":[[-117.66116,49.33386],[-117.65442,49.33409],[-117.65205,49.33354],[-117.6511,49.33273],[-117.64753,49.32789],[-117.64073,49.32173],[-117.63689,49.31975],[-117.63192,49.31812],[-117.63053,49.31809],[-117.62398,49.32198],[-117.62192,49.32549],[-117.61916,49.32783],[-117.6175,49.33045],[-117.61307,49.3339],[-117.60952,49.33551],[-117.59985,49.33776],[-117.59552,49.34113],[-117.59201,49.34252],[-117.59009,49.34445],[-117.57797,49.35405],[-117.57599,49.35601],[-117.56664,49.36992],[-117.56368,49.37229],[-117.55794,49.37776],[-117.55002,49.39481],[-117.54784,49.39857],[-117.5401,49.40961],[-117.53968,49.41119],[-117.53637,49.41599],[-117.53307,49.41759],[-117.53163,49.41892],[-117.52962,49.42413],[-117.53181,49.43043],[-117.53492,49.43393],[-117.53565,49.43552],[-117.53555,49.44502],[-117.53371,49.44856],[-117.53229,49.45048],[-117.52814,49.45342],[-117.52356,49.4577],[-117.5204,49.45859],[-117.51345,49.46167],[-117.50386,49.46308],[-117.49971,49.46273],[-117.4966,49.4633],[-117.48984,49.46345],[-117.48433,49.46215],[-117.48263,49.46204],[-117.47812,49.4626],[-117.47615,49.46314],[-117.47471,49.46411],[-117.47428,49.46476],[-117.4712,49.47069],[-117.46135,49.48254],[-117.44739,49.48898],[-117.445,49.48967],[-117.4421,49.48956],[-117.43685,49.48843],[-117.43369,49.48742],[-117.42948,49.48721],[-117.42572,49.48606],[-117.42337,49.48603],[-117.42128,49.48681],[-117.41898,49.48873],[-117.41583,49.48971],[-117.41211,49.49139],[-117.40858,49.4917],[-117.40061,49.49093],[-117.39181,49.49141],[-117.38451,49.49391],[-117.37611,49.49481],[-117.36832,49.49797],[-117.36467,49.49831],[-117.35088,49.49662],[-117.34499,49.4944],[-117.3367,49.49239],[-117.3348,49.49129],[-117.33188,49.48894],[-117.31865,49.48556],[-117.31282,49.48546],[-117.30769,49.48578],[-117.30613,49.48658],[-117.30317,49.48699],[-117.29831,49.48836],[-117.29904,49.48914],[-117.30044,49.48957],[-117.28866,49.494],[-117.28961,49.49541],[-117.28875,49.49615],[-117.28889,49.49708],[-117.28551,49.49826],[-117.2825,49.49835],[-117.27938,49.49995],[-117.27935,49.50579],[-117.27898,49.50721],[-117.28444,49.51243],[-117.28432,49.51543],[-117.28077,49.51824],[-117.28041,49.51885],[-117.28015,49.52087],[-117.27976,49.52138],[-117.27735,49.52262],[-117.27571,49.52405],[-117.2733,49.52477],[-117.27045,49.52651],[-117.26585,49.53031],[-117.26498,49.53231],[-117.26456,49.53605],[-117.26302,49.53952],[-117.26232,49.53996],[-117.25947,49.54063],[-117.2586,49.54141],[-117.25918,49.54617],[-117.25838,49.54734],[-117.25825,49.54927],[-117.25534,49.55237],[-117.25305,49.55358],[-117.25148,49.55483],[-117.24995,49.55736],[-117.24659,49.55871],[-117.24633,49.55953],[-117.24517,49.56055],[-117.24482,49.56148],[-117.24342,49.56206],[-117.24214,49.56345],[-117.24035,49.56667],[-117.23931,49.56747],[-117.23673,49.56863],[-117.23578,49.57105],[-117.23018,49.57161],[-117.2296,49.572],[-117.22881,49.57329],[-117.22263,49.57875],[-117.21874,49.57944],[-117.21656,49.58073],[-117.21406,49.58136],[-117.21263,49.58301],[-117.20758,49.58526],[-117.20133,49.58645],[-117.19705,49.59096],[-117.19548,49.59191],[-117.18096,49.5972],[-117.17594,49.59844],[-117.1733,49.60063],[-117.1687,49.6035],[-117.16175,49.60532],[-117.15724,49.60774],[-117.15511,49.60809],[-117.14169,49.60791],[-117.1386,49.60728],[-117.13647,49.60604],[-117.13505,49.60568],[-117.12733,49.605],[-117.12455,49.60507],[-117.12343,49.60535],[-117.1192,49.60754],[-117.11835,49.60948],[-117.11732,49.61072],[-117.11527,49.61163],[-117.11245,49.61199],[-117.10378,49.61211],[-117.09713,49.61284],[-117.09435,49.6126],[-117.09092,49.61178],[-117.0868,49.61275],[-117.08487,49.6127],[-117.06807,49.61424],[-117.06193,49.61363],[-117.05651,49.61371],[-117.03522,49.61597],[-117.02811,49.6162],[-117.01705,49.61794],[-117.01179,49.61799],[-117.00678,49.6188],[-117.00388,49.61871],[-117.0002,49.61904],[-116.99721,49.61973],[-116.99095,49.6221],[-116.97212,49.62299],[-116.95944,49.62569],[-116.95937,49.62397],[-116.95997,49.62349]]}},{"type":"Feature","properties":{"name":"Route 2 Canada - Castlegar, BC to Crawford Bay, BC (proposed) W-E Connected pt3 5.9km"},"geometry":{"type":"LineString","coordinates":[[-116.87334,49.6748],[-116.87194,49.67606],[-116.86971,49.68025],[-116.86884,49.68309],[-116.86775,49.68439],[-116.86667,49.68465],[-116.86484,49.68439],[-116.86336,49.68627],[-116.86285,49.68653],[-116.85977,49.68477],[-116.85903,49.68497],[-116.85734,49.68624],[-116.85668,49.68624],[-116.85366,49.68558],[-116.85039,49.68385],[-116.84813,49.68314],[-116.84664,49.68312],[-116.84451,49.68386],[-116.83759,49.68352],[-116.83363,49.68053],[-116.83267,49.68059],[-116.82964,49.68182],[-116.82519,49.6817],[-116.82461,49.68097],[-116.82474,49.67239]]}},{"type":"Feature","properties":{"name":"Route 2 Canada - Crawford Bay, BC to Creston, BC (proposed) W-E Connected 74.8km"},"geometry":{"type":"LineString","coordinates":[[-116.82474,49.67239],[-116.82428,49.67216],[-116.81534,49.67196],[-116.81123,49.6695],[-116.8097,49.66602],[-116.80964,49.66436],[-116.80734,49.66298],[-116.80527,49.66103],[-116.80486,49.65883],[-116.80411,49.65753],[-116.80414,49.65679],[-116.8032,49.65545],[-116.80319,49.65443],[-116.80048,49.65057],[-116.79952,49.64983],[-116.79957,49.6482],[-116.79815,49.64719],[-116.79693,49.64578],[-116.79663,49.64465],[-116.79221,49.6418],[-116.79164,49.64027],[-116.78999,49.63892],[-116.78861,49.63838],[-116.78719,49.63667],[-116.7871,49.63531],[-116.78806,49.63359],[-116.78797,49.63246],[-116.78837,49.63096],[-116.78821,49.6294],[-116.78696,49.62787],[-116.78701,49.62644],[-116.7879,49.62542],[-116.78897,49.62212],[-116.7876,49.62041],[-116.78743,49.61963],[-116.78755,49.61844],[-116.78837,49.61692],[-116.78873,49.61388],[-116.78927,49.61218],[-116.78891,49.61079],[-116.78901,49.60932],[-116.7906,49.60572],[-116.79432,49.60345],[-116.79391,49.60174],[-116.79463,49.59875],[-116.79516,49.59801],[-116.79674,49.59703],[-116.79834,49.59486],[-116.7996,49.5917],[-116.79979,49.59009],[-116.79886,49.58774],[-116.79876,49.58645],[-116.79971,49.58332],[-116.79839,49.58092],[-116.79705,49.57619],[-116.7984,49.57327],[-116.79853,49.57194],[-116.79739,49.57006],[-116.79574,49.56878],[-116.79477,49.56047],[-116.79258,49.55817],[-116.79197,49.55574],[-116.79129,49.55479],[-116.78853,49.55272],[-116.7895,49.55025],[-116.78919,49.54935],[-116.78746,49.54729],[-116.7879,49.54449],[-116.78573,49.54042],[-116.7845,49.53617],[-116.7826,49.53259],[-116.78276,49.52923],[-116.78378,49.52699],[-116.78362,49.52649],[-116.78156,49.52456],[-116.78085,49.5209],[-116.7835,49.51569],[-116.78466,49.51095],[-116.78668,49.50875],[-116.78572,49.5074],[-116.78592,49.50416],[-116.78376,49.50332],[-116.7833,49.50222],[-116.78226,49.50131],[-116.78225,49.49937],[-116.78185,49.49771],[-116.78042,49.49611],[-116.77988,49.49285],[-116.77648,49.49116],[-116.77606,49.49043],[-116.77581,49.48814],[-116.7742,49.48629],[-116.77124,49.47923],[-116.77082,49.47687],[-116.76933,49.47507],[-116.76722,49.47346],[-116.76773,49.46975],[-116.76586,49.46472],[-116.76572,49.46102],[-116.76624,49.45942],[-116.76531,49.45761],[-116.76506,49.45565],[-116.7645,49.4548],[-116.76336,49.45397],[-116.76009,49.45269],[-116.75808,49.44933],[-116.75617,49.44429],[-116.75684,49.44223],[-116.75523,49.44055],[-116.75512,49.44],[-116.75519,49.43601],[-116.75628,49.42964],[-116.75546,49.4284],[-116.75367,49.42753],[-116.7529,49.42519],[-116.75303,49.42472],[-116.75436,49.42358],[-116.75498,49.42125],[-116.75454,49.41872],[-116.7552,49.41497],[-116.75419,49.41436],[-116.74772,49.41374],[-116.74714,49.41208],[-116.74629,49.41099],[-116.7438,49.409],[-116.74317,49.40777],[-116.74326,49.40639],[-116.74291,49.40569],[-116.73914,49.40404],[-116.73682,49.40054],[-116.7367,49.39808],[-116.73552,49.39485],[-116.73612,49.39175],[-116.73573,49.39034],[-116.73528,49.38983],[-116.7335,49.38898],[-116.7327,49.38732],[-116.73073,49.38612],[-116.72668,49.38004],[-116.72605,49.37826],[-116.72612,49.37716],[-116.72835,49.37277],[-116.72732,49.37091],[-116.72717,49.36733],[-116.72731,49.35911],[-116.72897,49.35586],[-116.72809,49.35231],[-116.72481,49.34673],[-116.72202,49.34545],[-116.721,49.3437],[-116.71717,49.3417],[-116.71226,49.33808],[-116.71166,49.33646],[-116.71031,49.33537],[-116.71037,49.33421],[-116.71005,49.33373],[-116.70677,49.33068],[-116.70566,49.33018],[-116.70355,49.33089],[-116.70231,49.33061],[-116.69814,49.32679],[-116.69189,49.32324],[-116.68803,49.32059],[-116.68489,49.31923],[-116.68358,49.31776],[-116.68092,49.31612],[-116.67896,49.31412],[-116.67453,49.31191],[-116.66338,49.30339],[-116.66215,49.30177],[-116.66149,49.30018],[-116.65929,49.29866],[-116.6581,49.29718],[-116.65746,49.29548],[-116.65339,49.29156],[-116.65238,49.2899],[-116.65242,49.28725],[-116.65389,49.28531],[-116.65414,49.28447],[-116.65336,49.28166],[-116.65216,49.27972],[-116.65203,49.27804],[-116.65146,49.27678],[-116.65228,49.27455],[-116.65188,49.27372],[-116.65,49.27196],[-116.64968,49.2702],[-116.64803,49.26674],[-116.64817,49.26507],[-116.64579,49.26063],[-116.6439,49.25914],[-116.64084,49.25792],[-116.63887,49.25665],[-116.63645,49.25597],[-116.63446,49.25492],[-116.63213,49.25433],[-116.62702,49.25191],[-116.62414,49.24727],[-116.61967,49.24164],[-116.61715,49.24003],[-116.61124,49.23534],[-116.60924,49.23191],[-116.60839,49.23107],[-116.60694,49.22772],[-116.60431,49.22454],[-116.60291,49.22141],[-116.60105,49.21948],[-116.60032,49.21638],[-116.59649,49.21446],[-116.59596,49.21228],[-116.59116,49.20924],[-116.59001,49.20698],[-116.58967,49.2056],[-116.58476,49.20099],[-116.57965,49.19707],[-116.57962,49.19528],[-116.57912,49.19383],[-116.5792,49.19127],[-116.57846,49.19015],[-116.57596,49.18905],[-116.57157,49.18774],[-116.56835,49.18511],[-116.56307,49.18237],[-116.55836,49.18183],[-116.5514,49.1797],[-116.54939,49.17824],[-116.54511,49.17713],[-116.54091,49.17652],[-116.53979,49.17583],[-116.53954,49.17509],[-116.54005,49.16985],[-116.5401,49.16505],[-116.53897,49.16012],[-116.53942,49.15577],[-116.53928,49.15468],[-116.53623,49.1498],[-116.53414,49.14753],[-116.53317,49.14547],[-116.53249,49.14199],[-116.53011,49.13697],[-116.52665,49.13172],[-116.52521,49.13019],[-116.52381,49.1271],[-116.52356,49.12581],[-116.52344,49.10817],[-116.5199,49.10518],[-116.51939,49.10425],[-116.51881,49.10152],[-116.51689,49.09805],[-116.5153,49.09649]]}},{"type":"Feature","properties":{"name":"Route 2 Canada - Creston, BC to Cranbrook, BC (proposed) W-E Connected 105km"},"geometry":{"type":"LineString","coordinates":[[-116.5153,49.09649],[-116.51352,49.09552],[-116.5014,49.09554],[-116.49705,49.09491],[-116.49184,49.09547],[-116.47596,49.09548],[-116.47538,49.09518],[-116.47534,49.09258],[-116.47468,49.09197],[-116.46711,49.09185],[-116.46557,49.09062],[-116.46394,49.09054],[-116.45819,49.0935],[-116.45418,49.09697],[-116.45379,49.09775],[-116.45453,49.10047],[-116.45466,49.10456],[-116.45416,49.10498],[-116.45162,49.10573],[-116.45057,49.10835],[-116.44758,49.11167],[-116.44525,49.11361],[-116.44293,49.11467],[-116.44203,49.11556],[-116.44176,49.1167],[-116.442,49.11803],[-116.443,49.12017],[-116.44493,49.12291],[-116.44495,49.12371],[-116.44436,49.125],[-116.43849,49.13068],[-116.43658,49.13201],[-116.43214,49.13403],[-116.41489,49.13807],[-116.39934,49.14122],[-116.3948,49.14161],[-116.39294,49.1424],[-116.38745,49.1461],[-116.38249,49.149],[-116.38013,49.14953],[-116.37039,49.14906],[-116.35886,49.15187],[-116.35138,49.15453],[-116.34416,49.15607],[-116.33051,49.16036],[-116.29923,49.16215],[-116.26225,49.16143],[-116.25758,49.16058],[-116.24464,49.15423],[-116.23457,49.14758],[-116.23052,49.14565],[-116.1945,49.13244],[-116.19207,49.13125],[-116.18652,49.12622],[-116.18282,49.12396],[-116.18237,49.12268],[-116.1838,49.11966],[-116.18315,49.11813],[-116.17491,49.11259],[-116.1681,49.10869],[-116.15988,49.10189],[-116.15926,49.10086],[-116.15941,49.09891],[-116.15873,49.09696],[-116.15522,49.09516],[-116.15315,49.09485],[-116.15081,49.09397],[-116.14927,49.09277],[-116.14853,49.09151],[-116.14842,49.09058],[-116.14849,49.08438],[-116.14821,49.08347],[-116.1469,49.0821],[-116.14262,49.07991],[-116.14062,49.07499],[-116.13063,49.07746],[-116.12267,49.07753],[-116.11327,49.08098],[-116.10624,49.08076],[-116.09759,49.08151],[-116.09424,49.08269],[-116.08886,49.08666],[-116.08506,49.0868],[-116.08392,49.08713],[-116.08339,49.08753],[-116.08219,49.09093],[-116.08071,49.09275],[-116.07442,49.09617],[-116.06859,49.1015],[-116.0524,49.11183],[-116.05094,49.11304],[-116.04628,49.1193],[-116.04447,49.12094],[-116.03776,49.12386],[-116.03256,49.13379],[-116.01071,49.15587],[-116.00988,49.15758],[-116.00721,49.168],[-116.00714,49.16924],[-116.00788,49.17075],[-116.01334,49.17642],[-116.01466,49.18034],[-116.01449,49.18269],[-116.01277,49.18539],[-116.00814,49.18923],[-116.00539,49.19194],[-116.00167,49.19775],[-115.99679,49.20323],[-115.99449,49.20428],[-115.98764,49.20532],[-115.97262,49.20645],[-115.96925,49.20712],[-115.96179,49.21059],[-115.93561,49.219],[-115.92875,49.21988],[-115.92283,49.22192],[-115.9107,49.22484],[-115.90711,49.22615],[-115.902,49.2269],[-115.89247,49.23255],[-115.88813,49.23433],[-115.87424,49.23683],[-115.86744,49.23897],[-115.8631,49.24231],[-115.86027,49.24398],[-115.85819,49.24601],[-115.8567,49.25659],[-115.85594,49.25782],[-115.85397,49.25859],[-115.84801,49.25922],[-115.84279,49.26212],[-115.84144,49.26343],[-115.83666,49.27066],[-115.8358,49.27313],[-115.83317,49.27785],[-115.83132,49.28322],[-115.83156,49.2848],[-115.83332,49.28719],[-115.83346,49.28957],[-115.83318,49.29042],[-115.83085,49.29257],[-115.82863,49.29736],[-115.82943,49.30943],[-115.82789,49.31754],[-115.82834,49.32107],[-115.82932,49.32445],[-115.82905,49.32541],[-115.82816,49.32637],[-115.82495,49.32781],[-115.82326,49.32922],[-115.82186,49.33347],[-115.82192,49.33456],[-115.82445,49.34088],[-115.82439,49.3461],[-115.82352,49.34828],[-115.82305,49.35053],[-115.82089,49.35368],[-115.82063,49.3552],[-115.8219,49.35779],[-115.82208,49.36052],[-115.82429,49.36273],[-115.82475,49.36389],[-115.82465,49.36736],[-115.82384,49.36931],[-115.82375,49.3705],[-115.8242,49.37228],[-115.82528,49.37363],[-115.8314,49.37875],[-115.8333,49.37973],[-115.83778,49.38102],[-115.84651,49.38086],[-115.85002,49.38195],[-115.85517,49.38799],[-115.86042,49.39274],[-115.86163,49.39598],[-115.86099,49.3978],[-115.85985,49.39863],[-115.85555,49.40026],[-115.85232,49.40079],[-115.85103,49.40133],[-115.84911,49.40323],[-115.84876,49.40541],[-115.84972,49.40715],[-115.85433,49.41224],[-115.86087,49.4158],[-115.87409,49.42706],[-115.87469,49.42838],[-115.8753,49.43322],[-115.87594,49.43854],[-115.87572,49.44038],[-115.87432,49.44264],[-115.87329,49.44353],[-115.86567,49.44744],[-115.85811,49.45276],[-115.85261,49.45718],[-115.84883,49.45931],[-115.84094,49.46253],[-115.83145,49.46475],[-115.82918,49.4657],[-115.81085,49.48023],[-115.80893,49.48284],[-115.80247,49.48957],[-115.7979,49.49598],[-115.78723,49.50425],[-115.78528,49.50516],[-115.78021,49.50673],[-115.77715,49.50853]]}},{"type":"Feature","properties":{"name":"Route 2 Canada - Fernie, BC to Blairmore, AB (proposed) W-E Connected 67.5km"},"geometry":{"type":"LineString","coordinates":[[-115.0638,49.50868],[-115.059,49.5137],[-115.05906,49.51497],[-115.06104,49.51713],[-115.06155,49.51832],[-115.06119,49.52036],[-115.06024,49.52186],[-115.05874,49.52289],[-115.05532,49.52408],[-115.0446,49.52694],[-115.04066,49.52904],[-115.02398,49.54309],[-115.00449,49.55563],[-114.99105,49.56843],[-114.97585,49.58416],[-114.9738,49.58514],[-114.96587,49.58706],[-114.96107,49.5905],[-114.95888,49.59306],[-114.95038,49.60638],[-114.94873,49.60851],[-114.91802,49.63784],[-114.90806,49.65361],[-114.90671,49.6585],[-114.90526,49.65976],[-114.90041,49.66202],[-114.89449,49.66744],[-114.89338,49.66912],[-114.89234,49.67242],[-114.89005,49.67631],[-114.88916,49.67956],[-114.88911,49.68273],[-114.89379,49.69689],[-114.89419,49.69893],[-114.89333,49.71626],[-114.89221,49.71959],[-114.88603,49.7296],[-114.88252,49.73195],[-114.87883,49.73307],[-114.87357,49.73315],[-114.86313,49.72978],[-114.86082,49.7296],[-114.85687,49.73],[-114.85497,49.72961],[-114.85308,49.72874],[-114.83408,49.7119],[-114.82648,49.70049],[-114.82199,49.69589],[-114.82104,49.69277],[-114.82043,49.6919],[-114.81658,49.69044],[-114.8121,49.68762],[-114.8035,49.68591],[-114.79607,49.68518],[-114.79439,49.68464],[-114.79305,49.68335],[-114.78886,49.67721],[-114.78312,49.67283],[-114.77554,49.67028],[-114.76455,49.6678],[-114.75933,49.66727],[-114.74912,49.66481],[-114.74514,49.66334],[-114.74126,49.66235],[-114.73883,49.66076],[-114.73757,49.6579],[-114.73689,49.65706],[-114.73246,49.65428],[-114.72964,49.65186],[-114.7277,49.65103],[-114.72286,49.64988],[-114.71872,49.64956],[-114.70496,49.65095],[-114.70348,49.65087],[-114.70185,49.65031],[-114.69754,49.64787],[-114.69642,49.64682],[-114.69164,49.63187],[-114.69001,49.63],[-114.68724,49.62871],[-114.68473,49.62827],[-114.67765,49.62813],[-114.66466,49.62479],[-114.65495,49.62376],[-114.65197,49.6243],[-114.64123,49.6291],[-114.63383,49.63138],[-114.63077,49.63181],[-114.62811,49.63168],[-114.62161,49.63023],[-114.61951,49.63003],[-114.61248,49.6311],[-114.60497,49.63169],[-114.59448,49.63327],[-114.57953,49.63158],[-114.57633,49.6315],[-114.57305,49.63215],[-114.56444,49.63543],[-114.5578,49.63549],[-114.54506,49.63758],[-114.54236,49.63711],[-114.53865,49.63519],[-114.53473,49.63476],[-114.52522,49.6357],[-114.51957,49.63506],[-114.51369,49.63687],[-114.51243,49.6367],[-114.5101,49.63545],[-114.50906,49.63524],[-114.50295,49.63614],[-114.49444,49.63644],[-114.48503,49.63366],[-114.47508,49.62938],[-114.47262,49.62791],[-114.46671,49.6231],[-114.46431,49.6217]]}},{"type":"Feature","properties":{"name":"Route 2 Canada - Lethbridge, AB to Bow Island, AB (proposed) W-E Connected 112km"},"geometry":{"type":"LineString","coordinates":[[-112.87364,49.71039],[-112.86969,49.70851],[-112.85708,49.70645],[-112.85381,49.70539],[-112.84992,49.70339],[-112.84265,49.70122],[-112.83433,49.69938],[-112.8341,49.6992],[-112.83427,49.69799],[-112.83396,49.69607],[-112.81457,49.69648],[-112.81441,49.69747],[-112.81359,49.6978],[-112.8094,49.69753],[-112.79638,49.69814],[-112.78455,49.69817],[-112.78284,49.69859],[-112.77644,49.70128],[-112.76751,49.70306],[-112.62554,49.72764],[-112.61181,49.72974],[-112.60743,49.73078],[-112.59143,49.73318],[-112.55156,49.74005],[-112.52304,49.7465],[-112.49973,49.75274],[-112.48319,49.75635],[-112.42057,49.75679],[-112.36024,49.75679],[-112.34413,49.75599],[-112.28605,49.7559],[-112.28025,49.75528],[-112.27199,49.75372],[-112.2678,49.75358],[-112.26236,49.75399],[-112.25798,49.7548],[-112.25245,49.75651],[-112.2476,49.75884],[-112.24272,49.76195],[-112.24044,49.76305],[-112.2366,49.76456],[-112.23101,49.76597],[-112.19463,49.77277],[-112.15144,49.7815],[-112.12711,49.7858],[-112.11869,49.78777],[-111.97389,49.81482],[-111.96895,49.81506],[-111.88993,49.81502],[-111.85796,49.81386],[-111.85462,49.81414],[-111.84271,49.81608],[-111.82445,49.81611],[-111.77242,49.82364],[-111.71457,49.82409],[-111.67399,49.82822],[-111.60118,49.82731],[-111.56395,49.82716],[-111.53852,49.82877],[-111.4914,49.8289],[-111.48563,49.83014],[-111.47652,49.83476],[-111.47311,49.83589],[-111.46988,49.83645],[-111.4566,49.83728],[-111.4525,49.83831],[-111.44872,49.84035],[-111.43384,49.84969],[-111.42688,49.85305],[-111.38421,49.86687],[-111.38193,49.86734],[-111.37938,49.86738]]}},{"type":"Feature","properties":{"name":"Route 2 Canada - Midway, BC to Christina Lake, BC (proposed) W-E Connected 76.0km"},"geometry":{"type":"LineString","coordinates":[[-118.77613,49.01062],[-118.77198,49.01025],[-118.76875,49.00942],[-118.76611,49.00798],[-118.76335,49.00513],[-118.76139,49.00475],[-118.75996,49.00506],[-118.75642,49.00731],[-118.75136,49.01218],[-118.75051,49.01421],[-118.74976,49.01515],[-118.74722,49.01708],[-118.74408,49.01831],[-118.74079,49.0217],[-118.73648,49.02487],[-118.73361,49.02863],[-118.72584,49.03393],[-118.71891,49.03782],[-118.71581,49.03901],[-118.71244,49.03959],[-118.7016,49.03962],[-118.69924,49.04023],[-118.69787,49.04115],[-118.69407,49.04599],[-118.69299,49.04906],[-118.69315,49.05064],[-118.69287,49.05221],[-118.69494,49.05504],[-118.69523,49.05598],[-118.69508,49.057],[-118.69123,49.06176],[-118.69017,49.06393],[-118.68755,49.06722],[-118.68573,49.07405],[-118.68572,49.07793],[-118.6852,49.07886],[-118.68396,49.08],[-118.68035,49.08146],[-118.67973,49.08516],[-118.67736,49.08668],[-118.67746,49.09577],[-118.67628,49.09722],[-118.67631,49.10313],[-118.67641,49.10598],[-118.67797,49.10844],[-118.6781,49.10977],[-118.67663,49.11165],[-118.67306,49.11468],[-118.6725,49.1168],[-118.67174,49.11781],[-118.66066,49.12616],[-118.65887,49.12705],[-118.65676,49.12758],[-118.65136,49.12753],[-118.62992,49.13199],[-118.62044,49.13226],[-118.60987,49.13472],[-118.60036,49.13456],[-118.59758,49.13491],[-118.59237,49.13714],[-118.58974,49.13934],[-118.588,49.14013],[-118.58148,49.14121],[-118.57235,49.14134],[-118.57014,49.14187],[-118.56503,49.14467],[-118.56181,49.14776],[-118.55775,49.14949],[-118.55145,49.15342],[-118.54842,49.15415],[-118.54532,49.15402],[-118.5384,49.15185],[-118.53183,49.152],[-118.53029,49.15124],[-118.52971,49.15004],[-118.53101,49.14669],[-118.53203,49.14599],[-118.53534,49.14501],[-118.53659,49.14309],[-118.53823,49.14147],[-118.53846,49.14031],[-118.53705,49.13803],[-118.53714,49.13731],[-118.54051,49.13105],[-118.54142,49.13017],[-118.5444,49.12854],[-118.54519,49.12724],[-118.54539,49.12596],[-118.54482,49.12479],[-118.54423,49.1243],[-118.53736,49.12026],[-118.53527,49.1179],[-118.53343,49.1131],[-118.53253,49.10923],[-118.52962,49.10544],[-118.52865,49.10345],[-118.52831,49.10135],[-118.52854,49.09691],[-118.52934,49.09541],[-118.53042,49.09453],[-118.54265,49.08963],[-118.5446,49.08843],[-118.54591,49.08696],[-118.54638,49.08536],[-118.54624,49.08379],[-118.544,49.07821],[-118.54357,49.07415],[-118.54588,49.0708],[-118.54609,49.06807],[-118.54736,49.06504],[-118.5477,49.06288],[-118.54698,49.05588],[-118.54582,49.05237],[-118.54391,49.04905],[-118.54332,49.0464],[-118.53936,49.04283],[-118.53862,49.04108],[-118.5411,49.02186],[-118.54101,49.02044],[-118.53969,49.01289],[-118.53904,49.00712],[-118.53626,49.00331],[-118.53488,49.00238],[-118.53238,49.00198],[-118.53046,49.0024],[-118.52916,49.00325],[-118.52732,49.00633],[-118.52572,49.00761],[-118.51875,49.01046],[-118.51632,49.0109],[-118.50462,49.01114],[-118.50337,49.01184],[-118.49952,49.01567],[-118.49829,49.01636],[-118.49201,49.01753],[-118.48598,49.01941],[-118.4753,49.02204],[-118.45856,49.02912],[-118.45261,49.02994],[-118.43483,49.03451],[-118.43396,49.03407],[-118.43144,49.03107],[-118.42734,49.02829],[-118.42564,49.02672],[-118.41371,49.02336],[-118.41064,49.02211],[-118.40155,49.02197],[-118.39849,49.02231],[-118.39606,49.02323],[-118.38839,49.0281],[-118.3858,49.02894],[-118.37285,49.02914],[-118.3709,49.02869],[-118.36948,49.02788],[-118.36716,49.02514],[-118.36298,49.02211],[-118.35716,49.02046],[-118.35148,49.01779],[-118.3479,49.01684],[-118.34334,49.01435],[-118.33708,49.01391],[-118.3319,49.01252],[-118.32179,49.01279],[-118.30825,49.01038],[-118.29323,49.00612],[-118.29127,49.00585],[-118.26599,49.00753],[-118.26313,49.00813],[-118.26065,49.00913],[-118.25364,49.01368],[-118.25156,49.01467],[-118.24126,49.01774],[-118.2349,49.01816],[-118.22714,49.01751],[-118.22422,49.01822],[-118.22094,49.02058],[-118.2203,49.02187],[-118.22007,49.02446],[-118.20859,49.0397]]}},{"type":"Feature","properties":{"name":"Route 2 Canada - Nanaimo, BC to Vancouver, BC (proposed) W-E Connected pt1 647m"},"geometry":{"type":"LineString","coordinates":[[-123.95151,49.18905],[-123.95329,49.19016],[-123.95315,49.19065],[-123.95493,49.19209],[-123.95515,49.19273],[-123.95474,49.19365]]}},{"type":"Feature","properties":{"name":"Route 2 Canada - Osoyoos, BC to Midway, BC (proposed) W-E Connected 67.2km"},"geometry":{"type":"LineString","coordinates":[[-119.43681,49.02793],[-119.43267,49.02783],[-119.43163,49.02834],[-119.43011,49.03594],[-119.4294,49.03699],[-119.42704,49.03781],[-119.42565,49.03769],[-119.42417,49.03702],[-119.42134,49.03275],[-119.41717,49.02836],[-119.41687,49.0275],[-119.41695,49.02539],[-119.41637,49.02425],[-119.41024,49.01981],[-119.40947,49.01895],[-119.40943,49.01798],[-119.4112,49.0154],[-119.41206,49.01211],[-119.41176,49.01056],[-119.41093,49.00955],[-119.41034,49.00937],[-119.40941,49.00979],[-119.40941,49.01097],[-119.40904,49.01153],[-119.40351,49.01496],[-119.40323,49.01611],[-119.40399,49.01769],[-119.40362,49.01797],[-119.40301,49.0178],[-119.40274,49.01665],[-119.40141,49.01502],[-119.40123,49.01417],[-119.40175,49.01339],[-119.40313,49.01238],[-119.40512,49.01139],[-119.40501,49.01094],[-119.40407,49.01107],[-119.40051,49.01288],[-119.39367,49.01238],[-119.39258,49.01253],[-119.39141,49.01324],[-119.3911,49.01386],[-119.39121,49.01456],[-119.3931,49.01666],[-119.3925,49.01825],[-119.3925,49.01956],[-119.3918,49.02254],[-119.39272,49.02537],[-119.39141,49.0276],[-119.39207,49.03135],[-119.3914,49.03196],[-119.38632,49.02957],[-119.38093,49.02766],[-119.37919,49.02659],[-119.37787,49.02479],[-119.37737,49.02262],[-119.3753,49.02055],[-119.3751,49.01798],[-119.37235,49.01497],[-119.37038,49.0143],[-119.3688,49.01322],[-119.36781,49.0132],[-119.36725,49.0135],[-119.36704,49.01406],[-119.36797,49.02032],[-119.36744,49.0208],[-119.36675,49.02077],[-119.36414,49.01719],[-119.36308,49.01627],[-119.3619,49.0158],[-119.35879,49.01536],[-119.3556,49.01354],[-119.35009,49.01128],[-119.34876,49.01034],[-119.34768,49.00856],[-119.34679,49.00774],[-119.34362,49.00656],[-119.34062,49.00647],[-119.33807,49.00735],[-119.33622,49.00757],[-119.33215,49.00665],[-119.32482,49.00596],[-119.32207,49.00454],[-119.31807,49.00429],[-119.31419,49.00525],[-119.31208,49.0067],[-119.30952,49.00913],[-119.30277,49.01193],[-119.30105,49.01189],[-119.29884,49.0103],[-119.29736,49.00989],[-119.28899,49.01104],[-119.2797,49.00994],[-119.25307,49.01435],[-119.24468,49.01377],[-119.24232,49.01295],[-119.23944,49.01093],[-119.23705,49.01065],[-119.23107,49.01176],[-119.21745,49.01637],[-119.21136,49.01623],[-119.19454,49.01764],[-119.18886,49.01864],[-119.18543,49.01873],[-119.18076,49.02003],[-119.17968,49.02061],[-119.17838,49.02303],[-119.17074,49.03128],[-119.16703,49.03376],[-119.16341,49.03505],[-119.15395,49.03695],[-119.14413,49.03717],[-119.1416,49.0377],[-119.12371,49.04549],[-119.12002,49.04756],[-119.1176,49.04932],[-119.11354,49.05104],[-119.10416,49.05106],[-119.08932,49.04894],[-119.08625,49.04904],[-119.0799,49.04992],[-119.07829,49.04925],[-119.07642,49.04753],[-119.07523,49.04717],[-119.07016,49.04782],[-119.06409,49.04763],[-119.06283,49.04706],[-119.06153,49.04524],[-119.06048,49.04451],[-119.05767,49.04396],[-119.05507,49.04465],[-119.0513,49.04781],[-119.04994,49.04787],[-119.04764,49.0471],[-119.04606,49.04708],[-119.02728,49.05391],[-119.02524,49.05407],[-119.02123,49.05366],[-119.01857,49.05393],[-119.01644,49.05498],[-119.01337,49.05918],[-119.01224,49.0623],[-119.01192,49.06794],[-119.00957,49.07047],[-119.00945,49.07181],[-119.00894,49.07207],[-119.00845,49.07177],[-119.00976,49.06897],[-119.00974,49.06584],[-119.00705,49.06155],[-119.00003,49.0573],[-118.99458,49.05446],[-118.99181,49.0522],[-118.988,49.05027],[-118.98449,49.04917],[-118.98207,49.04881],[-118.98007,49.04891],[-118.97383,49.0495],[-118.96199,49.05159],[-118.94364,49.05282],[-118.92174,49.04908],[-118.90166,49.0481],[-118.89118,49.04487],[-118.87641,49.04243],[-118.87447,49.04172],[-118.86916,49.03742],[-118.86867,49.03658],[-118.86786,49.03283],[-118.86669,49.03081],[-118.86312,49.02793],[-118.85909,49.02682],[-118.858,49.02616],[-118.85734,49.02526],[-118.85651,49.02278],[-118.8536,49.02061],[-118.85075,49.01587],[-118.84921,49.01498],[-118.84204,49.0131],[-118.82733,49.0127],[-118.81514,49.01506],[-118.80956,49.01577],[-118.80583,49.01586],[-118.80037,49.01553],[-118.79835,49.01507],[-118.79409,49.01222],[-118.79198,49.01153],[-118.77613,49.01062]]}},{"type":"Feature","properties":{"name":"Route 2 Canada - Pacific Rim National Park, BC to Port Alberni, BC (proposed) W-E Connected 92.3km pt2"},"geometry":{"type":"LineString","coordinates":[[-125.58603,48.9933],[-125.58449,48.99453],[-125.58246,48.99524],[-125.58167,48.99665],[-125.57454,49.00289],[-125.57162,49.00471],[-125.57103,49.00616],[-125.56856,49.00889],[-125.56838,49.00961],[-125.57047,49.01256],[-125.57183,49.0134],[-125.57175,49.01391],[-125.57058,49.01511],[-125.55494,49.01827],[-125.55105,49.02069],[-125.54679,49.02108],[-125.54234,49.02415],[-125.53943,49.02849],[-125.53867,49.03115],[-125.53885,49.03191],[-125.54103,49.03481],[-125.5406,49.03548],[-125.53435,49.03826],[-125.53111,49.03898],[-125.52894,49.04044],[-125.51939,49.0415],[-125.5146,49.04288],[-125.50706,49.04438],[-125.5025,49.04646],[-125.49893,49.04726],[-125.49179,49.0478],[-125.48921,49.04866],[-125.48771,49.04998],[-125.4824,49.05192],[-125.48106,49.05373],[-125.47905,49.05468],[-125.47685,49.05809],[-125.47596,49.06078],[-125.47446,49.06235],[-125.46915,49.06426],[-125.46801,49.06496],[-125.46735,49.06623],[-125.4672,49.06957],[-125.46797,49.07125],[-125.46782,49.07242],[-125.46866,49.07362],[-125.46859,49.07522],[-125.46932,49.07646],[-125.46736,49.07746],[-125.46667,49.07852],[-125.46523,49.07925],[-125.46464,49.08283],[-125.46404,49.08293],[-125.46089,49.08158],[-125.45912,49.08232],[-125.45794,49.08231],[-125.45721,49.08264],[-125.45693,49.08357],[-125.45795,49.08577],[-125.45659,49.09013],[-125.456,49.09055],[-125.45385,49.09003],[-125.45283,49.09052],[-125.45276,49.09161],[-125.45204,49.09333],[-125.45229,49.09481],[-125.45111,49.0961],[-125.45095,49.09683],[-125.45359,49.10362],[-125.45709,49.10644],[-125.45432,49.10862],[-125.45415,49.10951],[-125.45291,49.11077],[-125.45303,49.11209],[-125.45245,49.11246],[-125.45061,49.11236],[-125.44974,49.11261],[-125.44946,49.11304],[-125.44998,49.11379],[-125.44973,49.11418],[-125.44503,49.11503],[-125.43804,49.11295],[-125.43724,49.11304],[-125.43694,49.11362],[-125.43747,49.11432],[-125.4401,49.11521],[-125.44021,49.11593],[-125.43626,49.11717],[-125.43562,49.11846],[-125.43575,49.11948],[-125.43375,49.12041],[-125.43239,49.12094],[-125.42869,49.12079],[-125.42554,49.12228],[-125.42503,49.12466],[-125.42602,49.12659],[-125.42782,49.12818],[-125.42761,49.12867],[-125.42689,49.129],[-125.41914,49.12964],[-125.41666,49.13119],[-125.41626,49.13268],[-125.41624,49.13452],[-125.41825,49.13785],[-125.41864,49.13903],[-125.41784,49.14488],[-125.41835,49.14577],[-125.42141,49.14854],[-125.42251,49.15032],[-125.42158,49.15136],[-125.42126,49.15308],[-125.42151,49.15575],[-125.42084,49.15659],[-125.41988,49.15904],[-125.41458,49.16112],[-125.41211,49.16175],[-125.4071,49.16526],[-125.40438,49.16611],[-125.40292,49.1669],[-125.40051,49.16874],[-125.39951,49.17011],[-125.39564,49.17826],[-125.39719,49.18003],[-125.39716,49.18251],[-125.39742,49.1833],[-125.40012,49.1851],[-125.40225,49.18703],[-125.40283,49.19008],[-125.4025,49.19084],[-125.40096,49.19203],[-125.3985,49.19296],[-125.39647,49.19331],[-125.39333,49.19325],[-125.39105,49.19389],[-125.38399,49.19863],[-125.38067,49.19977],[-125.37882,49.20114],[-125.37765,49.20303],[-125.37513,49.20494],[-125.37576,49.20773],[-125.37371,49.20886],[-125.37219,49.21053],[-125.36952,49.21241],[-125.36723,49.21456],[-125.36745,49.21554],[-125.36957,49.21673],[-125.37012,49.21737],[-125.37004,49.21876],[-125.36853,49.22071],[-125.36627,49.22166],[-125.36499,49.22258],[-125.36365,49.22712],[-125.36268,49.22816],[-125.35948,49.23047],[-125.35893,49.23189],[-125.35876,49.2338],[-125.35581,49.238],[-125.35613,49.23875],[-125.35933,49.24218],[-125.36551,49.24311],[-125.36887,49.24482],[-125.37059,49.24631],[-125.37089,49.24831],[-125.36998,49.24942],[-125.36959,49.25051],[-125.37105,49.25378],[-125.37121,49.25592],[-125.37008,49.25991],[-125.37084,49.26294],[-125.37006,49.26397],[-125.36809,49.26484],[-125.36702,49.2658],[-125.36577,49.26932],[-125.36451,49.27133],[-125.36461,49.27351],[-125.36426,49.27456],[-125.36282,49.27537],[-125.36045,49.27573],[-125.35785,49.27874],[-125.35102,49.28157],[-125.34789,49.28319],[-125.34763,49.28374],[-125.34816,49.28482],[-125.34803,49.2854],[-125.34586,49.2866],[-125.34487,49.28856],[-125.34291,49.29048],[-125.3355,49.29109],[-125.32881,49.29235],[-125.31263,49.29123],[-125.30179,49.29245],[-125.30025,49.29294],[-125.29668,49.29496],[-125.29454,49.29826],[-125.29342,49.29881],[-125.29189,49.29898],[-125.28499,49.29731],[-125.28224,49.29709],[-125.27209,49.29508],[-125.26636,49.29459],[-125.26353,49.29365],[-125.26061,49.29352],[-125.25056,49.29189],[-125.23383,49.28874],[-125.2319,49.28882],[-125.22202,49.29079],[-125.21582,49.28988],[-125.21018,49.29],[-125.20403,49.28881],[-125.19215,49.28887],[-125.18325,49.28515],[-125.18198,49.28424],[-125.17985,49.28189],[-125.17833,49.28095],[-125.1694,49.27856],[-125.16492,49.27832],[-125.15803,49.27871],[-125.15126,49.27924],[-125.14628,49.28025],[-125.13898,49.27892],[-125.13599,49.27884],[-125.13178,49.27813],[-125.12684,49.27914],[-125.12321,49.27881],[-125.12005,49.27917],[-125.11626,49.27878],[-125.11366,49.27955],[-125.11097,49.28172],[-125.10586,49.28328],[-125.09893,49.28354],[-125.09692,49.28333],[-125.0868,49.28051],[-125.0817,49.27971],[-125.07678,49.27933],[-125.07054,49.27995],[-125.06186,49.27853],[-125.05199,49.27497],[-125.04197,49.274],[-125.03942,49.27465],[-125.03323,49.27925],[-125.03153,49.27964],[-125.02579,49.27959],[-125.02309,49.27999],[-125.02097,49.28094],[-125.01847,49.2831],[-125.01686,49.28361],[-125.00818,49.28378],[-125.00148,49.28272],[-124.99789,49.28145],[-124.98897,49.27978],[-124.97956,49.28396],[-124.97655,49.28606],[-124.97508,49.28646],[-124.96953,49.28671],[-124.96788,49.28714],[-124.95731,49.29079],[-124.95045,49.29444],[-124.9483,49.29527],[-124.9445,49.29578],[-124.93317,49.29506]]}},{"type":"Feature","properties":{"name":"Route 2 Canada - Pincher Creek, AB to Lethbridge, AB (proposed) W-E Connected 93.0km"},"geometry":{"type":"LineString","coordinates":[[-113.95093,49.52218],[-113.93392,49.51837],[-113.92945,49.51803],[-113.92431,49.51832],[-113.9179,49.51977],[-113.88104,49.53342],[-113.87793,49.5342],[-113.86961,49.53541],[-113.86399,49.53823],[-113.8611,49.53909],[-113.82013,49.54577],[-113.77905,49.54695],[-113.75851,49.54926],[-113.75711,49.54964],[-113.74822,49.55345],[-113.63568,49.60471],[-113.62376,49.61232],[-113.61704,49.61476],[-113.61321,49.61813],[-113.60171,49.62506],[-113.58719,49.63665],[-113.57482,49.64517],[-113.54861,49.6611],[-113.52523,49.67482],[-113.5129,49.68282],[-113.47003,49.70527],[-113.46735,49.70606],[-113.45949,49.70673],[-113.45255,49.70802],[-113.41907,49.72076],[-113.41586,49.72163],[-113.41207,49.72439],[-113.41097,49.72475],[-113.39604,49.72477],[-113.39422,49.72453],[-113.39234,49.72337],[-113.38553,49.71641],[-113.38369,49.71578],[-113.38124,49.71609],[-113.37647,49.71924],[-113.36985,49.72613],[-113.3655,49.7292],[-113.31177,49.75086],[-113.26931,49.78255],[-113.26633,49.78414],[-113.26241,49.78532],[-113.25712,49.78577],[-113.19017,49.78564],[-113.18729,49.78535],[-113.18049,49.78394],[-113.1778,49.78376],[-113.1644,49.78531],[-113.15939,49.78556],[-113.15517,49.78542],[-113.13792,49.7838],[-113.12846,49.78369],[-113.1184,49.78461],[-113.09508,49.78936],[-113.08767,49.79018],[-113.08092,49.7905],[-113.06952,49.78992],[-113.04419,49.78637],[-113.00427,49.78609],[-112.99869,49.78543],[-112.99439,49.78427],[-112.9829,49.77969],[-112.97758,49.77671],[-112.97565,49.77504],[-112.95828,49.75679],[-112.95569,49.755],[-112.94836,49.75157],[-112.94453,49.74917],[-112.92665,49.73427],[-112.92102,49.72771],[-112.9155,49.72302],[-112.91291,49.7219],[-112.89166,49.71633],[-112.88204,49.71457],[-112.8785,49.71317],[-112.87364,49.71039]]}},{"type":"Feature","properties":{"name":"Route 2 Canada - Atikokan, ON to Kashabowie, ON (proposed) W-E Connected 93.0km"},"geometry":{"type":"LineString","coordinates":[[-91.59899,48.72503],[-91.58289,48.72404],[-91.55595,48.71613],[-91.51227,48.7124],[-91.50963,48.71242],[-91.4988,48.71365],[-91.49631,48.71419],[-91.49394,48.71501],[-91.48535,48.71913],[-91.45218,48.72797],[-91.42822,48.72751],[-91.42514,48.72774],[-91.4215,48.72878],[-91.41059,48.73379],[-91.40559,48.73527],[-91.36578,48.74139],[-91.36122,48.74169],[-91.35723,48.74145],[-91.34531,48.73978],[-91.34284,48.73909],[-91.33923,48.73698],[-91.33384,48.73159],[-91.33234,48.73052],[-91.31983,48.72526],[-91.31455,48.72379],[-91.31187,48.72359],[-91.30205,48.72417],[-91.27639,48.72429],[-91.2678,48.72348],[-91.25579,48.72351],[-91.25143,48.72267],[-91.25011,48.72221],[-91.23659,48.71498],[-91.23036,48.71033],[-91.22444,48.70812],[-91.2185,48.70508],[-91.21576,48.70429],[-91.21131,48.70357],[-91.20872,48.70259],[-91.20671,48.70109],[-91.20432,48.69794],[-91.20211,48.69595],[-91.19169,48.69096],[-91.1889,48.69017],[-91.17501,48.68764],[-91.16632,48.68449],[-91.15806,48.68376],[-91.13985,48.68049],[-91.11813,48.67296],[-91.09075,48.66706],[-91.08284,48.66267],[-91.07988,48.66191],[-91.07685,48.66222],[-91.06901,48.66571],[-91.0585,48.66884],[-91.04318,48.67309],[-91.03583,48.67451],[-91.02864,48.67781],[-91.02481,48.67856],[-91.01452,48.67769],[-91.00572,48.67777],[-90.99525,48.67537],[-90.9913,48.67504],[-90.97861,48.67598],[-90.97203,48.67777],[-90.96975,48.67808],[-90.96739,48.67798],[-90.96052,48.67652],[-90.95735,48.67636],[-90.94621,48.67667],[-90.93574,48.67795],[-90.88586,48.67996],[-90.86041,48.67907],[-90.85487,48.6796],[-90.83064,48.68477],[-90.82745,48.68508],[-90.82508,48.68492],[-90.82209,48.68427],[-90.7967,48.67671],[-90.75563,48.66655],[-90.72524,48.65955],[-90.71331,48.65488],[-90.70959,48.65392],[-90.70587,48.6534],[-90.70056,48.65336],[-90.6621,48.65666],[-90.65985,48.65645],[-90.63736,48.65188],[-90.611,48.64966],[-90.59891,48.65014],[-90.59517,48.65],[-90.57585,48.64721],[-90.53344,48.64799],[-90.51952,48.6497],[-90.50914,48.65256],[-90.50673,48.65281],[-90.50356,48.65236],[-90.49274,48.6487],[-90.4762,48.64644],[-90.46821,48.64554],[-90.44809,48.64505],[-90.44559,48.64526],[-90.44272,48.64595],[-90.42259,48.65334],[-90.412,48.65507]]}},{"type":"Feature","properties":{"name":"Route 2 Canada - Carters Point, NB to Digby, NS (proposed) W-E Connected pt3 4.0km"},"geometry":{"type":"LineString","coordinates":[[-65.75774,44.66152],[-65.75816,44.6617],[-65.75872,44.66136],[-65.75831,44.65779],[-65.75858,44.65355],[-65.75841,44.64997],[-65.7581,44.64785],[-65.75653,44.64316],[-65.75632,44.64151],[-65.7575,44.63587],[-65.75822,44.63467],[-65.75923,44.63382],[-65.76053,44.63321],[-65.76536,44.63197],[-65.76672,44.63026]]}},{"type":"Feature","properties":{"name":"Route 2 Canada - Cobourg, ON to Adolphustown, ON (proposed) W-E Connected 3.9km"},"geometry":{"type":"LineString","coordinates":[[-77.05064,44.04791],[-77.04976,44.04856],[-77.03466,44.05408],[-77.0179,44.05947],[-77.00667,44.06366]]}},{"type":"Feature","properties":{"name":"Route 2 Canada - Edmundston, NB to Grand Falls, NB (proposed) W-E Connected 71.4km"},"geometry":{"type":"LineString","coordinates":[[-68.39579,47.44014],[-68.39187,47.43793],[-68.3907,47.43698],[-68.39098,47.43682],[-68.38827,47.43467],[-68.3848,47.42736],[-68.38192,47.42514],[-68.37919,47.42151],[-68.37744,47.41793],[-68.37578,47.41632],[-68.37613,47.41544],[-68.37587,47.41494],[-68.37124,47.41207],[-68.35676,47.39976],[-68.34967,47.39068],[-68.34468,47.38809],[-68.33952,47.38685],[-68.33776,47.38452],[-68.33648,47.3819],[-68.33481,47.37994],[-68.32199,47.36762],[-68.32217,47.36603],[-68.32099,47.36516],[-68.31674,47.36363],[-68.31776,47.36241],[-68.30493,47.36142],[-68.30092,47.36261],[-68.29658,47.36266],[-68.28853,47.36362],[-68.28304,47.36588],[-68.27756,47.36693],[-68.27606,47.36655],[-68.27054,47.36345],[-68.25551,47.36008],[-68.25218,47.35901],[-68.24895,47.35861],[-68.23911,47.35837],[-68.23095,47.35663],[-68.2201,47.35483],[-68.21779,47.35384],[-68.2167,47.35244],[-68.21519,47.35238],[-68.21184,47.34734],[-68.20583,47.34236],[-68.20433,47.34159],[-68.18536,47.33562],[-68.16708,47.33142],[-68.16111,47.3309],[-68.15327,47.32839],[-68.14875,47.32635],[-68.14459,47.32344],[-68.14163,47.32005],[-68.14038,47.31794],[-68.13815,47.31155],[-68.13648,47.3093],[-68.11369,47.28932],[-68.11107,47.28756],[-68.10592,47.28528],[-68.10133,47.28151],[-68.08991,47.2767],[-68.05017,47.25636],[-68.04241,47.25426],[-68.03926,47.253],[-68.03675,47.25141],[-68.02889,47.24507],[-68.02612,47.24366],[-68.02067,47.24153],[-68.01869,47.24037],[-68.0056,47.22849],[-68.0,47.22507],[-67.98936,47.21988],[-67.9828,47.21709],[-67.97357,47.21429],[-67.96253,47.21206],[-67.95812,47.21066],[-67.94838,47.20623],[-67.93748,47.20074],[-67.93576,47.19915],[-67.93478,47.19727],[-67.9337,47.19121],[-67.93492,47.18589],[-67.93487,47.18472],[-67.92756,47.16901],[-67.92379,47.16189],[-67.92098,47.15914],[-67.90897,47.15022],[-67.90845,47.14931],[-67.90813,47.14756],[-67.89871,47.13794],[-67.89503,47.13542],[-67.88304,47.11958],[-67.87093,47.1073],[-67.86766,47.10474],[-67.864,47.10256],[-67.86067,47.10102],[-67.84536,47.09521],[-67.83647,47.09135],[-67.83027,47.08729],[-67.82035,47.08501],[-67.81306,47.08196],[-67.80397,47.07893],[-67.79336,47.0741],[-67.78395,47.06877],[-67.78117,47.06761],[-67.76926,47.06518],[-67.7647,47.0639],[-67.74913,47.05658],[-67.74251,47.05272],[-67.74012,47.05294],[-67.73814,47.05267],[-67.73614,47.05101],[-67.73677,47.04973],[-67.73793,47.04915]]}},{"type":"Feature","properties":{"name":"Route 2 Canada - Espanola, ON to South Baymouth, ON (proposed) W-E Connected 112km"},"geometry":{"type":"LineString","coordinates":[[-81.77016,46.2648],[-81.76599,46.2615],[-81.76528,46.26045],[-81.76425,46.25719],[-81.76412,46.25194],[-81.76314,46.2501],[-81.76123,46.24883],[-81.75293,46.24531],[-81.74741,46.23984],[-81.7378,46.23405],[-81.73657,46.23287],[-81.73635,46.23138],[-81.73737,46.22833],[-81.73745,46.22627],[-81.73708,46.22491],[-81.73343,46.21734],[-81.733,46.21314],[-81.73166,46.21176],[-81.72703,46.20913],[-81.72595,46.20756],[-81.72616,46.20594],[-81.72828,46.20313],[-81.7284,46.20242],[-81.728,46.20117],[-81.72624,46.19977],[-81.72186,46.19767],[-81.71993,46.19751],[-81.7161,46.19779],[-81.71387,46.19722],[-81.71246,46.19625],[-81.71155,46.19435],[-81.71098,46.19213],[-81.71121,46.191],[-81.71862,46.18336],[-81.71921,46.18236],[-81.71946,46.18009],[-81.71869,46.17534],[-81.71888,46.17428],[-81.72085,46.17084],[-81.72668,46.16526],[-81.73228,46.16156],[-81.73982,46.15244],[-81.74864,46.14804],[-81.75031,46.14619],[-81.75109,46.14431],[-81.75057,46.14247],[-81.74908,46.1413],[-81.74243,46.14007],[-81.74101,46.13929],[-81.74034,46.13855],[-81.73944,46.13576],[-81.73942,46.13469],[-81.74124,46.13198],[-81.74114,46.13037],[-81.73961,46.12875],[-81.73409,46.12716],[-81.73274,46.12607],[-81.73244,46.12476],[-81.73315,46.12219],[-81.73229,46.11998],[-81.73226,46.11768],[-81.73155,46.11655],[-81.72525,46.11262],[-81.72229,46.10906],[-81.72114,46.10858],[-81.71758,46.10812],[-81.71577,46.10685],[-81.71364,46.1022],[-81.71344,46.10092],[-81.71371,46.09958],[-81.71509,46.09663],[-81.71505,46.09014],[-81.71542,46.08856],[-81.71977,46.08147],[-81.72083,46.08025],[-81.72209,46.07947],[-81.7426,46.07382],[-81.75609,46.0726],[-81.75799,46.07211],[-81.76337,46.0698],[-81.77197,46.0685],[-81.77324,46.06795],[-81.7737,46.0671],[-81.77366,46.06635],[-81.77146,46.06299],[-81.77089,46.06157],[-81.77064,46.05927],[-81.77115,46.05697],[-81.77473,46.04987],[-81.77509,46.04842],[-81.77557,46.0395],[-81.77477,46.03758],[-81.77015,46.0317],[-81.76942,46.03002],[-81.77008,46.0194],[-81.77061,46.01834],[-81.77189,46.01721],[-81.77423,46.01636],[-81.77983,46.01564],[-81.78813,46.01616],[-81.79409,46.01577],[-81.82211,46.00838],[-81.83995,46.00557],[-81.85945,46.00474],[-81.86479,46.00374],[-81.87834,45.99928],[-81.89292,45.99503],[-81.89494,45.99354],[-81.90367,45.98381],[-81.90538,45.98286],[-81.91283,45.98172],[-81.91481,45.97923],[-81.91809,45.97825],[-81.92044,45.97785],[-81.92484,45.97857],[-81.90761,45.94441],[-81.90739,45.9379],[-81.90742,45.92228],[-81.90766,45.92118],[-81.90909,45.91881],[-81.92271,45.90387],[-81.92471,45.90125],[-81.92531,45.89888],[-81.92524,45.89572],[-81.92471,45.89397],[-81.92353,45.89217],[-81.91484,45.88181],[-81.91252,45.88012],[-81.90906,45.87887],[-81.90452,45.87849],[-81.8575,45.87857],[-81.85389,45.8776],[-81.85224,45.87653],[-81.85116,45.8753],[-81.85041,45.8728],[-81.85053,45.85191],[-81.85089,45.85058],[-81.8528,45.84762],[-81.85315,45.84579],[-81.85282,45.84441],[-81.85098,45.84083],[-81.85073,45.83949],[-81.85062,45.807],[-81.85094,45.8055],[-81.85296,45.80185],[-81.85334,45.79947],[-81.85283,45.79752],[-81.85107,45.79459],[-81.85065,45.79309],[-81.85028,45.76923],[-81.85048,45.76777],[-81.85245,45.76432],[-81.85239,45.75759],[-81.85106,45.75572],[-81.84394,45.75234],[-81.84065,45.75119],[-81.82954,45.74884],[-81.82206,45.74894],[-81.8188,45.74797],[-81.81702,45.74667],[-81.81606,45.7452],[-81.81497,45.73964],[-81.81525,45.7378],[-81.82077,45.72894],[-81.82367,45.72572],[-81.84031,45.70268],[-81.84786,45.69617],[-81.85204,45.691],[-81.85365,45.68969],[-81.86196,45.68757],[-81.86735,45.68569],[-81.87107,45.68375],[-81.87779,45.67852],[-81.87953,45.67755],[-81.88162,45.67704],[-81.89029,45.67623],[-81.89773,45.67714],[-81.90149,45.67702],[-81.90354,45.67658],[-81.91549,45.67231],[-81.91821,45.67171],[-81.95,45.6688],[-81.95321,45.66822],[-81.95742,45.66688],[-81.95969,45.6658],[-81.97316,45.65862],[-81.97419,45.6576],[-81.97473,45.65639],[-81.97476,45.65542],[-81.9719,45.6506],[-81.97174,45.64965],[-81.97207,45.64838],[-81.97351,45.64687],[-81.98731,45.63937],[-81.9882,45.63813],[-81.98843,45.63684],[-81.98842,45.62368],[-81.98919,45.62201],[-81.99083,45.62076],[-81.99863,45.61868],[-82.00013,45.61788],[-82.00118,45.61679],[-82.00163,45.61551],[-82.00168,45.60562],[-82.0028,45.6025],[-82.00345,45.60182],[-82.00518,45.60124],[-82.00971,45.60132],[-82.01186,45.60104],[-82.01384,45.59994],[-82.01463,45.59888],[-82.01488,45.59774],[-82.01488,45.58866],[-82.01412,45.58071],[-82.01484,45.57487],[-82.01425,45.57223],[-82.01245,45.5686]]}},{"type":"Feature","properties":{"name":"Route 2 Canada - Fort Frances, ON to Mine Centre, ON (proposed) W-E Connected 64.6km"},"geometry":{"type":"LineString","coordinates":[[-93.36622,48.61557],[-93.36406,48.61944],[-93.36401,48.63169],[-93.36302,48.63262],[-93.35636,48.63694],[-93.33896,48.64432],[-93.33744,48.64548],[-93.3224,48.65162],[-93.29288,48.65313],[-93.29029,48.65362],[-93.28818,48.65485],[-93.28442,48.65981],[-93.28304,48.66202],[-93.2818,48.66593],[-93.27907,48.67144],[-93.27786,48.67266],[-93.26814,48.67702],[-93.26659,48.67815],[-93.26396,48.68094],[-93.26207,48.68198],[-93.24768,48.68637],[-93.23232,48.68969],[-93.22119,48.69065],[-93.20183,48.68806],[-93.18778,48.68786],[-93.18416,48.68817],[-93.14845,48.69534],[-93.14447,48.69745],[-93.13974,48.70232],[-93.13718,48.70395],[-93.13376,48.70477],[-93.11724,48.70742],[-93.11525,48.70832],[-93.1102,48.7118],[-93.10665,48.71317],[-93.07779,48.71806],[-93.0679,48.71894],[-93.04058,48.71777],[-93.03778,48.71708],[-93.03574,48.71541],[-93.03472,48.71194],[-93.03389,48.71054],[-93.03034,48.70712],[-93.02952,48.70577],[-93.02802,48.69308],[-93.02769,48.69207],[-93.02666,48.69069],[-93.02443,48.68927],[-93.02231,48.68864],[-93.00629,48.68733],[-93.00374,48.68792],[-92.99698,48.69053],[-92.99349,48.69409],[-92.99122,48.69544],[-92.97648,48.69807],[-92.97272,48.69907],[-92.95381,48.70622],[-92.93529,48.71571],[-92.92278,48.71931],[-92.91962,48.71975],[-92.90823,48.71974],[-92.90594,48.72023],[-92.90185,48.72186],[-92.89954,48.72232],[-92.88977,48.7223],[-92.88658,48.72267],[-92.85089,48.73382],[-92.83497,48.73767],[-92.7965,48.74598],[-92.79247,48.74632],[-92.77977,48.74511],[-92.76896,48.74719],[-92.76417,48.74773],[-92.72216,48.74783],[-92.71672,48.74886],[-92.69417,48.75599],[-92.67698,48.75904],[-92.65353,48.75967],[-92.63835,48.761],[-92.62105,48.75926]]}},{"type":"Feature","properties":{"name":"Route 2 Canada - Kashabowie, ON to Shebandowan, ON (proposed) W-E Connected 42.1km"},"geometry":{"type":"LineString","coordinates":[[-90.412,48.65507],[-90.38754,48.65858],[-90.38107,48.66029],[-90.37296,48.66331],[-90.36956,48.66408],[-90.35648,48.66563],[-90.34568,48.66523],[-90.33945,48.66553],[-90.32338,48.66884],[-90.31446,48.66978],[-90.30352,48.6726],[-90.30037,48.6727],[-90.29061,48.6705],[-90.28855,48.66961],[-90.2838,48.66675],[-90.27523,48.66458],[-90.2602,48.65466],[-90.25372,48.65334],[-90.24744,48.65044],[-90.24508,48.64989],[-90.23581,48.64889],[-90.22816,48.64996],[-90.22579,48.64981],[-90.21869,48.64756],[-90.21492,48.64693],[-90.21302,48.64625],[-90.20637,48.643],[-90.20043,48.6382],[-90.19683,48.63655],[-90.19342,48.63592],[-90.18187,48.63575],[-90.18007,48.63546],[-90.17109,48.63022],[-90.16624,48.62871],[-90.16491,48.62803],[-90.16354,48.62704],[-90.15858,48.62177],[-90.15491,48.62036],[-90.14646,48.62015],[-90.13635,48.62292],[-90.13329,48.62448],[-90.12868,48.62824],[-90.12677,48.62938],[-90.11236,48.63471],[-90.10908,48.63537],[-90.0983,48.63559],[-90.09602,48.63502],[-90.09183,48.63175],[-90.08916,48.63075],[-90.05224,48.62463],[-90.04944,48.62446],[-90.03521,48.62521],[-90.03346,48.62498],[-90.03167,48.6243],[-90.02619,48.62058],[-90.02398,48.6199],[-89.99939,48.61959],[-89.97892,48.61602],[-89.97474,48.61508],[-89.95079,48.60755],[-89.9464,48.6049],[-89.94426,48.6041],[-89.94247,48.60382],[-89.92943,48.60384],[-89.91241,48.59918],[-89.90964,48.59876],[-89.9049,48.59907],[-89.89927,48.60114],[-89.89744,48.6011],[-89.89672,48.59978]]}},{"type":"Feature","properties":{"name":"Route 2 Canada - Kenora, ON to Sioux Narrows, ON (proposed) W-E Connected 50.2km"},"geometry":{"type":"LineString","coordinates":[[-94.25108,49.72639],[-94.24897,49.72592],[-94.24836,49.72483],[-94.24827,49.724],[-94.24959,49.72125],[-94.25214,49.71831],[-94.25224,49.7147],[-94.25196,49.71291],[-94.24781,49.70583],[-94.24643,49.70472],[-94.23947,49.70075],[-94.23827,49.69959],[-94.23752,49.69832],[-94.23721,49.69702],[-94.23734,49.69568],[-94.24118,49.68721],[-94.2412,49.68551],[-94.24008,49.68405],[-94.23452,49.68067],[-94.23329,49.67956],[-94.23293,49.67875],[-94.23202,49.67214],[-94.23102,49.67068],[-94.22968,49.66974],[-94.22318,49.66725],[-94.21904,49.66519],[-94.19086,49.65985],[-94.16855,49.65221],[-94.16514,49.65171],[-94.15425,49.65158],[-94.15145,49.65118],[-94.13731,49.64358],[-94.13408,49.64237],[-94.10959,49.6395],[-94.10729,49.6385],[-94.10452,49.63617],[-94.10242,49.63571],[-94.10075,49.6359],[-94.09312,49.63845],[-94.07697,49.63919],[-94.07475,49.63858],[-94.07291,49.63745],[-94.06909,49.63274],[-94.06865,49.63163],[-94.06874,49.63056],[-94.07177,49.62502],[-94.07351,49.61747],[-94.07714,49.60905],[-94.07692,49.60676],[-94.07512,49.60259],[-94.07178,49.59865],[-94.07103,49.59653],[-94.07147,49.59475],[-94.07378,49.59103],[-94.07414,49.5872],[-94.07658,49.58213],[-94.07651,49.57674],[-94.07592,49.57536],[-94.07238,49.5711],[-94.07228,49.56794],[-94.07181,49.56659],[-94.06893,49.56379],[-94.06734,49.56164],[-94.06523,49.56043],[-94.05572,49.55721],[-94.05425,49.55606],[-94.05363,49.55455],[-94.05356,49.55033],[-94.05391,49.54914],[-94.05731,49.54596],[-94.05864,49.54344],[-94.0615,49.54035],[-94.06235,49.53678],[-94.06276,49.53213],[-94.06376,49.5309],[-94.06756,49.52818],[-94.06979,49.52307],[-94.06961,49.52166],[-94.06749,49.51576],[-94.0643,49.51122],[-94.06252,49.50994],[-94.05313,49.50552],[-94.05183,49.5037],[-94.0519,49.50241],[-94.05265,49.50125],[-94.06073,49.49333],[-94.06134,49.49212],[-94.06125,49.49087],[-94.05328,49.47719],[-94.05166,49.47587],[-94.04864,49.47511],[-94.01894,49.47141],[-94.01669,49.47074],[-94.01479,49.46964],[-94.00281,49.45779],[-94.00201,49.45662],[-94.00172,49.45547],[-94.00181,49.45421],[-94.00349,49.44965],[-94.00004,49.44029],[-94.00011,49.43912],[-94.00073,49.43794],[-94.00195,49.43656],[-94.00319,49.43574],[-94.00569,49.4348],[-94.01583,49.4324],[-94.01726,49.43165],[-94.0194,49.42987],[-94.02134,49.42912],[-94.02325,49.42896],[-94.03882,49.43011],[-94.04763,49.4293]]}},{"type":"Feature","properties":{"name":"Route 2 Canada - Mine Centre, ON to Atikokan, ON (proposed) W-E Connected 78.9km"},"geometry":{"type":"LineString","coordinates":[[-92.62105,48.75926],[-92.59379,48.75601],[-92.56679,48.74745],[-92.56368,48.7469],[-92.56047,48.74691],[-92.54555,48.74921],[-92.54312,48.74919],[-92.53568,48.74714],[-92.5317,48.74707],[-92.52148,48.74872],[-92.51908,48.74882],[-92.51675,48.74845],[-92.50199,48.7441],[-92.49638,48.74352],[-92.45905,48.74782],[-92.45581,48.74783],[-92.45267,48.74726],[-92.45057,48.74648],[-92.43988,48.74039],[-92.43636,48.73906],[-92.40564,48.73663],[-92.40081,48.73678],[-92.38794,48.73839],[-92.33164,48.74138],[-92.3218,48.7429],[-92.31098,48.74217],[-92.30073,48.74258],[-92.29879,48.74234],[-92.29725,48.74164],[-92.29635,48.74081],[-92.29461,48.7368],[-92.29385,48.73597],[-92.29209,48.73509],[-92.28995,48.73483],[-92.274,48.73532],[-92.24934,48.74099],[-92.2269,48.74194],[-92.22194,48.74143],[-92.21224,48.73817],[-92.20937,48.73781],[-92.19507,48.73931],[-92.18162,48.74111],[-92.17595,48.7409],[-92.15044,48.73677],[-92.1476,48.73697],[-92.13867,48.73898],[-92.13362,48.73927],[-92.10976,48.73557],[-92.10814,48.73464],[-92.10475,48.73041],[-92.10229,48.72945],[-92.06764,48.72677],[-92.04911,48.72374],[-92.04048,48.72383],[-92.02901,48.72324],[-92.0269,48.72359],[-92.02056,48.72571],[-92.00813,48.72498],[-91.9941,48.72761],[-91.98199,48.72793],[-91.97915,48.72771],[-91.965,48.72487],[-91.95832,48.72468],[-91.94659,48.72612],[-91.94228,48.72759],[-91.93994,48.72786],[-91.93412,48.7261],[-91.92765,48.72593],[-91.92612,48.72561],[-91.92198,48.72302],[-91.91991,48.72229],[-91.89844,48.71927],[-91.8954,48.71912],[-91.86684,48.72443],[-91.86264,48.7249],[-91.85863,48.72459],[-91.84972,48.72195],[-91.84596,48.72149],[-91.82959,48.7233],[-91.82385,48.72454],[-91.81709,48.72465],[-91.81434,48.7255],[-91.80281,48.73032],[-91.78816,48.73442],[-91.783,48.73533],[-91.77855,48.73551],[-91.76349,48.73465],[-91.75445,48.73201],[-91.74456,48.73216],[-91.74171,48.73281],[-91.73314,48.73608],[-91.72878,48.73679],[-91.72344,48.73873],[-91.72051,48.73915],[-91.71142,48.73868],[-91.70925,48.73827],[-91.7073,48.73745],[-91.69886,48.73254],[-91.69467,48.73139],[-91.69085,48.73128],[-91.68491,48.73204],[-91.68193,48.73205],[-91.67899,48.73154],[-91.67068,48.72903],[-91.66847,48.72868],[-91.6503,48.72889],[-91.62617,48.72669],[-91.6125,48.72628],[-91.59899,48.72503]]}},{"type":"Feature","properties":{"name":"Route 2 Canada - Nestor Falls, ON to Fort Frances, ON (proposed) W-E Connected 91.7km"},"geometry":{"type":"LineString","coordinates":[[-93.90405,49.06904],[-93.90022,49.06503],[-93.89853,49.06433],[-93.89603,49.06382],[-93.89431,49.06252],[-93.89403,49.06124],[-93.89509,49.05561],[-93.89793,49.04955],[-93.90566,49.03631],[-93.91236,49.01802],[-93.91353,49.01681],[-93.91954,49.01275],[-93.92704,49.00654],[-93.92859,49.00469],[-93.92934,49.00263],[-93.9291,49.00006],[-93.92551,48.99408],[-93.92495,48.99193],[-93.92966,48.94855],[-93.92884,48.94588],[-93.92598,48.94202],[-93.92503,48.94008],[-93.92475,48.93009],[-93.92525,48.92758],[-93.92633,48.92516],[-93.93156,48.91795],[-93.93249,48.90929],[-93.93193,48.9061],[-93.92676,48.89452],[-93.92387,48.88506],[-93.92211,48.88293],[-93.91708,48.87959],[-93.91619,48.87831],[-93.91584,48.87694],[-93.91602,48.83451],[-93.91805,48.80564],[-93.91597,48.64334],[-93.90055,48.64077],[-93.87644,48.63801],[-93.85133,48.63456],[-93.84331,48.63385],[-93.83691,48.63209],[-93.83319,48.63222],[-93.82797,48.63378],[-93.82464,48.6341],[-93.69034,48.63398],[-93.68637,48.63301],[-93.6836,48.63151],[-93.67586,48.62311],[-93.67334,48.62121],[-93.6697,48.61988],[-93.66663,48.61944],[-93.53153,48.61929],[-93.52813,48.61847],[-93.5258,48.61741],[-93.50863,48.60622],[-93.50618,48.60533],[-93.50289,48.60479],[-93.45645,48.60464],[-93.45339,48.60508],[-93.44847,48.60672],[-93.44583,48.60718],[-93.4239,48.60726],[-93.42057,48.60794],[-93.41444,48.61086],[-93.40798,48.61253],[-93.40167,48.61233],[-93.40027,48.6102],[-93.39921,48.61002],[-93.36986,48.61001],[-93.36622,48.61557]]}},{"type":"Feature","properties":{"name":"Route 2 Canada - Owen Sound, ON to Orangeville, ON (proposed) W-E Connected 111km"},"geometry":{"type":"LineString","coordinates":[[-80.94615,44.56734],[-80.94569,44.56546],[-80.94281,44.5658],[-80.94197,44.56204],[-80.93829,44.56247],[-80.93786,44.56057],[-80.92732,44.56177],[-80.92673,44.56169],[-80.92644,44.56123],[-80.90694,44.4745],[-80.90516,44.46807],[-80.90029,44.45934],[-80.89832,44.45684],[-80.89811,44.45617],[-80.89345,44.4536],[-80.8906,44.45089],[-80.88752,44.44969],[-80.8811,44.44595],[-80.87575,44.44426],[-80.87122,44.44216],[-80.86968,44.44078],[-80.86809,44.43768],[-80.86659,44.43627],[-80.79186,44.39187],[-80.78957,44.39117],[-80.78345,44.39063],[-80.77407,44.38922],[-80.76844,44.38628],[-80.76294,44.38416],[-80.74531,44.37366],[-80.73804,44.37249],[-80.73597,44.37162],[-80.59205,44.28486],[-80.59019,44.28403],[-80.58347,44.28236],[-80.58149,44.28147],[-80.55268,44.26446],[-80.54955,44.26102],[-80.5148,44.24071],[-80.50923,44.23819],[-80.50104,44.23375],[-80.49359,44.23235],[-80.48456,44.22865],[-80.48299,44.22764],[-80.4798,44.22467],[-80.46741,44.21744],[-80.46065,44.2161],[-80.45092,44.21098],[-80.44037,44.20958],[-80.43819,44.20897],[-80.42032,44.19862],[-80.41758,44.19753],[-80.40891,44.19502],[-80.40544,44.19345],[-80.34712,44.1592],[-80.34139,44.15454],[-80.32091,44.14234],[-80.31434,44.13716],[-80.24962,44.09876],[-80.24722,44.09794],[-80.21448,44.09321],[-80.20959,44.09215],[-80.20839,44.09135],[-80.20739,44.08991],[-80.20474,44.07828],[-80.17178,44.08492],[-80.13714,43.93895],[-80.12084,43.94249],[-80.11448,43.9155],[-80.08782,43.92133],[-80.08456,43.92169]]}},{"type":"Feature","properties":{"name":"Route 2 Canada - Shebandowan, ON to Thunder Bay, ON via Kakabeka Falls (proposed) W-E Connected 52.7km"},"geometry":{"type":"LineString","coordinates":[[-89.64964,48.53413],[-89.64824,48.52954],[-89.64807,48.52847],[-89.64829,48.52756],[-89.64952,48.52586],[-89.65452,48.52091],[-89.65522,48.51938],[-89.65519,48.51721],[-89.65174,48.51079],[-89.65073,48.50953],[-89.64083,48.50134],[-89.63636,48.49882],[-89.63507,48.49728],[-89.63459,48.49572],[-89.63491,48.49414],[-89.63795,48.48837],[-89.63856,48.48627],[-89.63832,48.48427],[-89.63644,48.47984],[-89.63572,48.47633],[-89.63566,48.4316],[-89.63307,48.42537],[-89.63273,48.42367],[-89.6334,48.42161],[-89.63667,48.41622],[-89.63699,48.41405],[-89.63642,48.41168],[-89.63475,48.40772],[-89.63371,48.40671],[-89.63222,48.40595],[-89.62586,48.4049],[-89.62001,48.40225],[-89.60761,48.40117],[-89.60458,48.40015],[-89.60049,48.39578],[-89.59511,48.38425],[-89.59376,48.38217],[-89.59221,48.38122],[-89.59082,48.3808],[-89.56322,48.38051],[-89.50619,48.38066],[-89.50097,48.37999],[-89.495,48.38063],[-89.44961,48.38068],[-89.4425,48.38178],[-89.4396,48.38069],[-89.39726,48.38084],[-89.39073,48.38011],[-89.38319,48.38085],[-89.36267,48.38085],[-89.35428,48.38178],[-89.34843,48.38082],[-89.31162,48.38085],[-89.31159,48.38279],[-89.31205,48.38525],[-89.3118,48.38534],[-89.30994,48.38546],[-89.30962,48.38468],[-89.30874,48.38413],[-89.30907,48.38374],[-89.30711,48.38334],[-89.30596,48.38373],[-89.30061,48.38391],[-89.29945,48.38446],[-89.29703,48.38491],[-89.29679,48.38526],[-89.29731,48.3857],[-89.2969,48.38731],[-89.29562,48.38721],[-89.2952,48.38627],[-89.29036,48.38716],[-89.28938,48.38695],[-89.28773,48.38758],[-89.27832,48.38777],[-89.2729,48.38846],[-89.27261,48.38954],[-89.27249,48.39577],[-89.27253,48.39892],[-89.27298,48.39919],[-89.27301,48.40035],[-89.27207,48.40103],[-89.27205,48.40156],[-89.27094,48.40182],[-89.27039,48.40236],[-89.27045,48.40503],[-89.27167,48.40786],[-89.27174,48.40923],[-89.27105,48.4105],[-89.27115,48.41195],[-89.27046,48.41284],[-89.27064,48.41361],[-89.26982,48.41445],[-89.26881,48.41703],[-89.26375,48.41701],[-89.26292,48.41915],[-89.26119,48.41998],[-89.25931,48.42215],[-89.25658,48.4231],[-89.2549,48.42546],[-89.24597,48.42854],[-89.24337,48.42902],[-89.23706,48.42921],[-89.23051,48.42749],[-89.22204,48.43571]]}},{"type":"Feature","properties":{"name":"Route 2 Canada - Sioux Narrows, ON to Nestor Falls, ON (proposed) W-E Connected 55.2km"},"geometry":{"type":"LineString","coordinates":[[-94.04763,49.4293],[-94.04969,49.42878],[-94.05327,49.42729],[-94.05964,49.42674],[-94.06209,49.42716],[-94.06739,49.42916],[-94.07156,49.42934],[-94.08937,49.42467],[-94.09133,49.4236],[-94.09786,49.41726],[-94.0982,49.41609],[-94.09769,49.41129],[-94.09664,49.40903],[-94.09582,49.40827],[-94.08862,49.4049],[-94.08137,49.39902],[-94.07933,49.39812],[-94.06238,49.3975],[-94.05466,49.39895],[-94.05266,49.39864],[-94.04202,49.39446],[-94.03944,49.3939],[-94.02665,49.39537],[-94.02377,49.39544],[-94.01175,49.39041],[-93.99111,49.37297],[-93.9903,49.37185],[-93.98996,49.3706],[-93.99005,49.36564],[-93.98982,49.36436],[-93.98654,49.35825],[-93.98072,49.35267],[-93.97459,49.3484],[-93.97355,49.34729],[-93.97313,49.34605],[-93.97331,49.34482],[-93.97767,49.33919],[-93.97998,49.33692],[-93.98553,49.33273],[-93.98715,49.33116],[-93.99268,49.32445],[-93.99415,49.32212],[-93.99755,49.31446],[-93.99841,49.31323],[-94.00118,49.31111],[-94.00979,49.30725],[-94.01147,49.30623],[-94.01611,49.30077],[-94.02149,49.29541],[-94.02208,49.29389],[-94.02207,49.29225],[-94.01891,49.28302],[-94.01886,49.28059],[-94.01987,49.27838],[-94.02369,49.27453],[-94.02477,49.27295],[-94.02752,49.26401],[-94.03059,49.25756],[-94.03222,49.2501],[-94.03213,49.24945],[-94.03119,49.24781],[-94.02401,49.24115],[-94.02222,49.23959],[-94.02049,49.23874],[-94.01873,49.23836],[-94.01624,49.23845],[-94.00913,49.24046],[-94.00642,49.24024],[-94.00466,49.23954],[-94.00292,49.23775],[-94.001,49.23076],[-94.00036,49.22965],[-93.99778,49.2279],[-93.99351,49.22689],[-93.99154,49.22579],[-93.99054,49.22444],[-93.98991,49.22171],[-93.98799,49.21765],[-93.9872,49.21653],[-93.98463,49.21445],[-93.98127,49.21312],[-93.96514,49.2091],[-93.96342,49.20771],[-93.96212,49.20491],[-93.96028,49.20321],[-93.95207,49.20009],[-93.94352,49.19537],[-93.94167,49.19363],[-93.94101,49.1917],[-93.93934,49.18242],[-93.93828,49.1808],[-93.9316,49.17413],[-93.93035,49.17211],[-93.93001,49.16958],[-93.92999,49.16105],[-93.92575,49.15447],[-93.92436,49.15101],[-93.92398,49.14755],[-93.92493,49.14048],[-93.93055,49.12662],[-93.9304,49.12568],[-93.92994,49.12505],[-93.92594,49.12187],[-93.92473,49.12007],[-93.92472,49.1188],[-93.92626,49.11458],[-93.92642,49.11245],[-93.92617,49.1107],[-93.92487,49.10891],[-93.92152,49.10609],[-93.9201,49.10321],[-93.91951,49.1008],[-93.92041,49.09685],[-93.91995,49.0952],[-93.90936,49.08735],[-93.90845,49.0863],[-93.90815,49.08359],[-93.90632,49.08079],[-93.90551,49.07629],[-93.90578,49.0734],[-93.90405,49.06904]]}},{"type":"Feature","properties":{"name":"Route 2 Canada - South Baymouth, ON to Owen Sound, ON (proposed) W-E Connected pt1 1.5km"},"geometry":{"type":"LineString","coordinates":[[-82.01245,45.5686],[-82.01094,45.56511],[-82.011,45.5586],[-82.01188,45.55806],[-82.01152,45.5578],[-82.0101,45.55802],[-82.0087,45.55887]]}},{"type":"Feature","properties":{"name":"Route 2 Canada - Woodstock, NB to Upper Kingsclear, NB (proposed) W-E Connected 75.8km"},"geometry":{"type":"LineString","coordinates":[[-67.57485,46.16405],[-67.57248,46.15437],[-67.57259,46.15311],[-67.57351,46.14977],[-67.57488,46.14822],[-67.5742,46.1464],[-67.5744,46.14561],[-67.57996,46.14209],[-67.58101,46.13982],[-67.58136,46.13804],[-67.58119,46.13756],[-67.58037,46.13661],[-67.57814,46.13518],[-67.57738,46.13367],[-67.57761,46.13251],[-67.57935,46.12955],[-67.58017,46.12661],[-67.58023,46.12536],[-67.5797,46.1232],[-67.5774,46.12003],[-67.57527,46.11596],[-67.5739,46.11402],[-67.56739,46.10704],[-67.56512,46.10373],[-67.55956,46.09788],[-67.55868,46.0959],[-67.55818,46.093],[-67.55825,46.08981],[-67.56115,46.08011],[-67.56101,46.07756],[-67.55961,46.07183],[-67.56156,46.06279],[-67.56184,46.05822],[-67.56166,46.05694],[-67.56017,46.05335],[-67.55906,46.04859],[-67.55273,46.04003],[-67.53259,46.0182],[-67.52436,46.01304],[-67.51752,46.00643],[-67.51403,46.00433],[-67.49529,45.9966],[-67.48985,45.99515],[-67.48948,45.99603],[-67.4824,45.99651],[-67.48004,45.99595],[-67.47558,45.99381],[-67.46986,45.99318],[-67.46309,45.99288],[-67.45896,45.99388],[-67.44706,45.99399],[-67.44593,45.99378],[-67.44413,45.993],[-67.44171,45.99092],[-67.43747,45.98848],[-67.43049,45.98214],[-67.4279,45.98039],[-67.42801,45.98016],[-67.41887,45.97785],[-67.40909,45.97295],[-67.40275,45.96918],[-67.39637,45.96667],[-67.38007,45.96353],[-67.3759,45.96222],[-67.37179,45.96201],[-67.3687,45.96134],[-67.3658,45.96114],[-67.35893,45.95945],[-67.35582,45.95941],[-67.35176,45.96007],[-67.3458,45.95974],[-67.33983,45.95784],[-67.33136,45.95611],[-67.32969,45.95631],[-67.32412,45.95551],[-67.31421,45.95519],[-67.3106,45.95389],[-67.30677,45.95339],[-67.30195,45.95161],[-67.2675,45.95478],[-67.25195,45.95721],[-67.24695,45.95874],[-67.24091,45.96234],[-67.23816,45.96477],[-67.23641,45.9668],[-67.23492,45.96921],[-67.22836,45.98396],[-67.22696,45.98507],[-67.22509,45.98581],[-67.22323,45.98607],[-67.22085,45.98586],[-67.219,45.98515],[-67.20702,45.97871],[-67.18518,45.96957],[-67.18106,45.96872],[-67.15895,45.96796],[-67.15458,45.96706],[-67.15018,45.96539],[-67.12298,45.95123],[-67.10766,45.94062],[-67.08466,45.92584],[-67.05107,45.91373],[-67.0314,45.9044],[-67.01652,45.89901],[-67.01493,45.89789],[-67.00167,45.8846],[-66.99935,45.88275],[-66.99015,45.87772],[-66.98214,45.87577],[-66.98033,45.87467],[-66.97846,45.87196],[-66.97551,45.87085],[-66.97164,45.86777],[-66.968,45.86626],[-66.94625,45.85946],[-66.9416,45.8587],[-66.93849,45.8588],[-66.93453,45.85958],[-66.92496,45.86245],[-66.92263,45.86346],[-66.92048,45.86509],[-66.91594,45.86971],[-66.91363,45.8729]]}},{"type":"Feature","properties":{"name":"Route 2 Canada - 2023 addition - Red Coat Trail - pt01 Maple Creek to East End, SK 124km"},"geometry":{"type":"LineString","coordinates":[[-109.46341,49.98187],[-109.46332,49.92728],[-109.46383,49.92408],[-109.4651,49.92099],[-109.47039,49.91294],[-109.47268,49.90828],[-109.48609,49.91098],[-109.48605,49.88751],[-109.48579,49.88534],[-109.48377,49.87893],[-109.48348,49.87678],[-109.48339,49.86088],[-109.48218,49.85088],[-109.48289,49.84706],[-109.48753,49.83835],[-109.4881,49.8363],[-109.48816,49.83476],[-109.48379,49.81871],[-109.47928,49.81103],[-109.47847,49.80909],[-109.47818,49.80741],[-109.47825,49.80586],[-109.48333,49.78645],[-109.48403,49.78272],[-109.48295,49.7522],[-109.48229,49.75002],[-109.48016,49.74709],[-109.45564,49.72213],[-109.45361,49.71918],[-109.45271,49.71518],[-109.45809,49.68066],[-109.45759,49.6772],[-109.45611,49.67409],[-109.45256,49.66833],[-109.45093,49.66668],[-109.44001,49.66098],[-109.43773,49.6595],[-109.43539,49.65747],[-109.42595,49.64763],[-109.41625,49.63605],[-109.41091,49.63074],[-109.41001,49.62896],[-109.40979,49.62714],[-109.41032,49.62072],[-109.40803,49.59871],[-109.39936,49.53742],[-109.39808,49.53452],[-109.38377,49.51263],[-109.38042,49.50153],[-109.37883,49.49982],[-109.37199,49.49576],[-109.36974,49.49317],[-109.36762,49.48551],[-109.36796,49.4802],[-109.36979,49.47415],[-109.36981,49.47194],[-109.36905,49.47001],[-109.36414,49.46291],[-109.36357,49.46131],[-109.364,49.45874],[-109.36818,49.45113],[-109.36895,49.44856],[-109.36893,49.37816],[-109.17777,49.37816],[-109.17264,49.3776],[-109.15577,49.37347],[-109.15141,49.37304],[-109.12567,49.37517],[-109.10343,49.37356],[-109.09818,49.37361],[-109.06051,49.37884],[-109.05703,49.38047],[-109.05613,49.38131],[-109.05518,49.38324],[-109.055,49.43235],[-109.05455,49.43374],[-109.05319,49.43534],[-109.04999,49.4369],[-109.04569,49.43734],[-108.96537,49.43639],[-108.87119,49.43637],[-108.85802,49.43772],[-108.85528,49.43884],[-108.85388,49.44018],[-108.85334,49.44163],[-108.85331,49.45582],[-108.8527,49.45904],[-108.85145,49.4614],[-108.84402,49.47008],[-108.84295,49.47184],[-108.84255,49.47321],[-108.84254,49.475],[-108.84297,49.47658],[-108.84814,49.49217],[-108.84727,49.50006],[-108.84645,49.50166],[-108.84443,49.50351],[-108.83272,49.50927],[-108.83142,49.51079],[-108.83076,49.51258],[-108.82993,49.51335],[-108.82802,49.51412],[-108.82554,49.5144]]}},{"type":"Feature","properties":{"name":"Route 2 Canada - 2023 addition - Red Coat Trail - pt02 East End, SK to Shaunavon, SK 33.8km"},"geometry":{"type":"LineString","coordinates":[[-108.82554,49.5144],[-108.80143,49.5129],[-108.78842,49.51291],[-108.78389,49.51337],[-108.77896,49.51498],[-108.75722,49.52572],[-108.75153,49.52916],[-108.74884,49.53156],[-108.73385,49.5468],[-108.73143,49.54869],[-108.72816,49.5505],[-108.70206,49.5614],[-108.67759,49.57607],[-108.67152,49.57919],[-108.63388,49.59197],[-108.60236,49.60593],[-108.59558,49.60754],[-108.58097,49.60885],[-108.57623,49.60976],[-108.57185,49.61109],[-108.55244,49.61842],[-108.54897,49.61923],[-108.53462,49.62065],[-108.47622,49.62963],[-108.47256,49.63077],[-108.45601,49.63887],[-108.45274,49.63992],[-108.44939,49.64029],[-108.43293,49.64039],[-108.42924,49.64096],[-108.42156,49.64292]]}},{"type":"Feature","properties":{"name":"Route 2 Canada - 2023 addition - Red Coat Trail - pt03 Shaunavon, SK to Cadillac, SK 59km"},"geometry":{"type":"LineString","coordinates":[[-108.42156,49.64292],[-108.42151,49.72756],[-108.00333,49.72751],[-108.00002,49.72737],[-107.98838,49.72541],[-107.98562,49.7252],[-107.98258,49.72544],[-107.97469,49.72711],[-107.96955,49.72746],[-107.92438,49.72743],[-107.90956,49.727],[-107.90467,49.7275],[-107.89277,49.72948],[-107.88775,49.72992],[-107.88239,49.72963],[-107.87861,49.72895],[-107.86471,49.72431],[-107.86003,49.72375],[-107.85728,49.72413],[-107.84762,49.72671],[-107.84125,49.72749],[-107.73657,49.72754]]}},{"type":"Feature","properties":{"name":"Route 2 Canada - 2023 addition - Red Coat Trail - pt04 Cadillac, SK to Assiniboia, SK 130km"},"geometry":{"type":"LineString","coordinates":[[-107.73657,49.72754],[-107.50163,49.72744],[-107.48984,49.7281],[-107.47502,49.72743],[-107.39734,49.7273],[-107.39302,49.72604],[-107.37365,49.71451],[-107.3713,49.71351],[-107.3694,49.7131],[-107.29157,49.71288],[-107.28389,49.71243],[-107.15971,49.6924],[-107.15093,49.69062],[-107.1334,49.68782],[-107.12535,49.68685],[-107.05493,49.67541],[-107.04769,49.67399],[-107.03619,49.67081],[-107.03161,49.67027],[-107.02505,49.6708],[-106.99319,49.67494],[-106.98827,49.67648],[-106.97768,49.68224],[-106.97486,49.68307],[-106.97189,49.68346],[-106.83156,49.68362],[-106.82772,49.68441],[-106.82473,49.6857],[-106.80647,49.69657],[-106.8032,49.69769],[-106.79982,49.69822],[-106.47832,49.69809],[-106.47438,49.69763],[-106.46338,49.69554],[-106.3987,49.68606],[-106.39595,49.68505],[-106.39272,49.68317],[-106.38441,49.67527],[-106.38245,49.67381],[-106.38017,49.67264],[-106.37372,49.67017],[-106.36948,49.66925],[-106.29486,49.66902],[-106.29209,49.66872],[-106.28839,49.6676],[-106.25188,49.65168],[-106.2479,49.65048],[-106.24271,49.64962],[-106.1734,49.64081],[-106.16457,49.63995],[-106.05885,49.64015],[-106.05375,49.64056],[-106.03683,49.64323],[-106.03278,49.64337],[-106.02092,49.64033],[-106.00416,49.64017],[-106.00415,49.63568],[-106.00375,49.63512],[-105.99182,49.63361]]}},{"type":"Feature","properties":{"name":"Route 2 Canada - 2023 addition - Red Coat Trail - pt05 Assiniboia, SK to Pangman, SK 103km"},"geometry":{"type":"LineString","coordinates":[[-105.99182,49.63361],[-105.97885,49.63202],[-105.9738,49.63089],[-105.92371,49.61157],[-105.92034,49.61061],[-105.91632,49.61014],[-105.88679,49.61011],[-105.88297,49.60975],[-105.88052,49.60909],[-105.76026,49.5485],[-105.69523,49.52402],[-105.69225,49.52333],[-105.68755,49.52298],[-105.64275,49.52184],[-105.61994,49.52282],[-105.27698,49.5228],[-105.27205,49.52348],[-105.2671,49.52539],[-105.25962,49.52927],[-105.25156,49.5349],[-105.24811,49.53654],[-105.22105,49.5443],[-105.20911,49.55015],[-105.20372,49.55167],[-105.19991,49.55193],[-105.18088,49.55185],[-105.16804,49.54958],[-105.16496,49.54942],[-105.14768,49.55167],[-105.144,49.55188],[-105.07301,49.55189],[-105.04999,49.54969],[-105.04551,49.54968],[-105.03257,49.55079],[-104.92922,49.56991],[-104.92323,49.5705],[-104.91429,49.57038],[-104.9123,49.5706],[-104.90939,49.5715],[-104.90192,49.57508],[-104.82067,49.60165],[-104.73386,49.62169],[-104.72903,49.62384],[-104.70412,49.63755],[-104.70081,49.63872],[-104.69754,49.63916],[-104.66378,49.63917]]}},{"type":"Feature","properties":{"name":"Route 2 Canada - 2023 addition - Red Coat Trail - pt06 Pangman, SK to Weyburn, SK 59.2km"},"geometry":{"type":"LineString","coordinates":[[-104.66378,49.63917],[-104.29499,49.6391],[-104.2703,49.64138],[-104.25751,49.63948],[-104.23453,49.63926],[-104.23128,49.63963],[-104.2284,49.64053],[-104.20893,49.65007],[-104.1948,49.65593],[-104.17955,49.66635],[-104.17567,49.66781],[-104.17262,49.66821],[-103.85818,49.6683]]}},{"type":"Feature","properties":{"name":"Route 2 Canada - 2023 addition - Red Coat Trail - pt07 Weyburn, SK to Stoughton, SK 60.4km"},"geometry":{"type":"LineString","coordinates":[[-103.85818,49.6683],[-103.57588,49.66824],[-103.57115,49.66754],[-103.56054,49.66373],[-103.55662,49.66314],[-103.55413,49.66332],[-103.5446,49.66506],[-103.53895,49.66562],[-103.45168,49.6682],[-103.02254,49.66826]]}},{"type":"Feature","properties":{"name":"Route 2 Canada - 2023 addition - Red Coat Trail - pt08 Stoughton, SK to Carlyle, SK 55.3km"},"geometry":{"type":"LineString","coordinates":[[-103.02254,49.66826],[-102.72962,49.66834],[-102.7257,49.6678],[-102.67667,49.65476],[-102.6725,49.65394],[-102.66857,49.65365],[-102.61258,49.65358],[-102.6088,49.65277],[-102.59196,49.64707],[-102.58868,49.64663],[-102.30636,49.64655],[-102.30193,49.64597],[-102.26539,49.63657]]}},{"type":"Feature","properties":{"name":"Route 2 Canada - 2023 addition - Red Coat Trail - pt09 Carlyle, SK to Redvers, SK 42.2km"},"geometry":{"type":"LineString","coordinates":[[-102.26539,49.63657],[-102.24796,49.6315],[-102.17053,49.61069],[-102.16698,49.61007],[-102.01529,49.60985],[-102.01245,49.60938],[-102.01053,49.60867],[-102.00255,49.60384],[-102.0,49.60312],[-101.99729,49.60291],[-101.91531,49.60458],[-101.91268,49.60413],[-101.91028,49.60331],[-101.89339,49.59352],[-101.88891,49.59181],[-101.81836,49.57755],[-101.81455,49.57721],[-101.70334,49.57718]]}},{"type":"Feature","properties":{"name":"Route 2 Canada - 2023 addition - Red Coat Trail - pt10 Redvers, SK to Reston, MB 44.8km"},"geometry":{"type":"LineString","coordinates":[[-101.70334,49.57718],[-101.19728,49.57704],[-101.19334,49.57602],[-101.19081,49.57399],[-101.19011,49.57205],[-101.18999,49.56528],[-101.18882,49.56377],[-101.18603,49.56244],[-101.09928,49.56228]]}},{"type":"Feature","properties":{"name":"Route 2 Canada - 2023 addition - Red Coat Trail - pt11 Reston, MB to Deleau, MB 38.8km"},"geometry":{"type":"LineString","coordinates":[[-101.09928,49.56228],[-100.91553,49.5623],[-100.91355,49.56252],[-100.90994,49.56356],[-100.88144,49.57576],[-100.87944,49.57645],[-100.87507,49.57704],[-100.63597,49.57692],[-100.58464,49.58097],[-100.56824,49.58258]]}},{"type":"Feature","properties":{"name":"Route 2 Canada - 2023 addition - Red Coat Trail - pt12 Deleau, MB to Wawanesa, MB 72.3km"},"geometry":{"type":"LineString","coordinates":[[-100.56824,49.58258],[-100.53732,49.58482],[-100.53455,49.58553],[-100.53325,49.58625],[-100.53157,49.58775],[-100.53081,49.58989],[-100.5308,49.61029],[-100.53023,49.61237],[-100.52881,49.61431],[-100.5277,49.61524],[-100.52165,49.61914],[-100.51863,49.6204],[-100.51513,49.62102],[-100.30754,49.62093],[-100.29193,49.61928],[-100.28958,49.61951],[-100.28498,49.62078],[-100.28328,49.62094],[-100.19377,49.62075],[-99.98529,49.621],[-99.98118,49.62165],[-99.97269,49.62418],[-99.97016,49.62453],[-99.96447,49.62458],[-99.96271,49.62457],[-99.96166,49.62392],[-99.96167,49.58656],[-99.95834,49.58671],[-99.93552,49.59085],[-99.9301,49.59138],[-99.76199,49.59105],[-99.75863,49.59073],[-99.75651,49.59018],[-99.73578,49.58161],[-99.73272,49.5806],[-99.71535,49.57724],[-99.71172,49.57674],[-99.70739,49.5766],[-99.6761,49.57682]]}},{"type":"Feature","properties":{"name":"Route 2 Canada - 2023 addition - Red Coat Trail - pt13 Wawanesa, MB to Holland, MB 59.3km"},"geometry":{"type":"LineString","coordinates":[[-99.6761,49.57682],[-99.65184,49.57692],[-99.64787,49.57617],[-99.64536,49.57462],[-99.64421,49.57292],[-99.64395,49.56714],[-99.64297,49.5649],[-99.64171,49.56379],[-99.64004,49.56292],[-99.63611,49.56218],[-99.58804,49.56183],[-99.21143,49.56205],[-99.03078,49.56152],[-99.02513,49.56206],[-99.0038,49.56629],[-98.9838,49.57214],[-98.97417,49.57527],[-98.95934,49.57899],[-98.92324,49.5892],[-98.89036,49.59663],[-98.88237,49.59986]]}},{"type":"Feature","properties":{"name":"Route 2 Canada - 2023 addition - Red Coat Trail - pt14 Holland, MB to St. Claude, MB 40.3km"},"geometry":{"type":"LineString","coordinates":[[-98.88237,49.59986],[-98.86184,49.60296],[-98.76662,49.62407],[-98.71328,49.62966],[-98.71079,49.63063],[-98.7048,49.63461],[-98.70151,49.63559],[-98.6696,49.6358],[-98.65246,49.63991],[-98.62233,49.64188],[-98.61894,49.64327],[-98.61106,49.64935],[-98.60716,49.65051],[-98.46848,49.65066],[-98.39417,49.65491],[-98.39197,49.65541],[-98.39026,49.65622],[-98.38022,49.66343],[-98.37857,49.66438],[-98.37669,49.66498],[-98.37352,49.66526],[-98.34651,49.66527]]}},{"type":"Feature","properties":{"name":"Union Street Cycleway WB"},"geometry":{"type":"LineString","coordinates":[[-123.09554,49.2776],[-123.09987,49.27772]]}},{"type":"Feature","properties":{"name":"Ontario Street Union Street Cycleway Connection"},"geometry":{"type":"LineString","coordinates":[[-123.09987,49.27772],[-123.09992,49.27768]]}},{"type":"Feature","properties":{"name":"Across Lions Gate Bridge NB downloaded from OSM"},"geometry":{"type":"LineString","coordinates":[[-123.1359,49.29524],[-123.13625,49.29538],[-123.13587,49.29609],[-123.13599,49.29646],[-123.13698,49.29765],[-123.14161,49.29975],[-123.14405,49.30182],[-123.14512,49.30391],[-123.14511,49.3063],[-123.14432,49.30854],[-123.14308,49.31039],[-123.13081,49.32376],[-123.12943,49.32517],[-123.12855,49.32549],[-123.13062,49.32356],[-123.13134,49.32369]]}},{"type":"Feature","properties":{"name":"C2 Hope to Bridal Falls SB TCH"},"geometry":{"type":"LineString","coordinates":[[-121.44172,49.37414],[-121.44225,49.37345],[-121.4458,49.37236],[-121.44796,49.37127],[-121.45408,49.36709],[-121.4573,49.36608],[-121.47184,49.3651],[-121.48716,49.36475],[-121.51336,49.36152],[-121.51687,49.36212],[-121.52133,49.36435],[-121.52387,49.36504],[-121.53501,49.36413],[-121.54036,49.36399],[-121.5463,49.36431],[-121.55292,49.36338],[-121.56133,49.36276],[-121.56433,49.36218],[-121.56687,49.3613],[-121.57883,49.35554],[-121.60811,49.33373],[-121.62742,49.31843],[-121.63122,49.31519],[-121.63593,49.30939],[-121.64538,49.30191],[-121.64797,49.30072],[-121.6523,49.29935],[-121.65857,49.2941],[-121.66141,49.2928],[-121.66639,49.29114],[-121.66834,49.28962],[-121.66904,49.28805],[-121.6694,49.28427],[-121.67118,49.28149],[-121.67149,49.2804],[-121.67198,49.27604],[-121.67282,49.27477],[-121.67538,49.2721],[-121.67612,49.27072],[-121.67647,49.26519],[-121.67602,49.26263],[-121.67625,49.26082],[-121.67715,49.25922],[-121.68088,49.25463],[-121.68119,49.25384],[-121.68109,49.25243],[-121.67922,49.24803],[-121.67839,49.24245],[-121.6785,49.24099],[-121.68088,49.23799],[-121.68185,49.23416],[-121.69037,49.22001],[-121.69316,49.21692],[-121.69412,49.21632],[-121.70189,49.21426],[-121.70391,49.21324],[-121.7058,49.21179],[-121.71056,49.20741],[-121.71846,49.20444],[-121.72572,49.20025],[-121.72976,49.1985]]}},{"type":"Feature","properties":{"name":"C2 Mainland Vancouver WB 188 Street"},"geometry":{"type":"LineString","coordinates":[[-122.7017,49.12254],[-122.70181,49.12358]]}},{"type":"Feature","properties":{"name":"C2 Mainland Vancouver WB Adanac Street 012"},"geometry":{"type":"LineString","coordinates":[[-123.06523,49.27753],[-123.06568,49.27753]]}},{"type":"Feature","properties":{"name":"C2 Mainland Vancouver WB Fraser Highway 022"},"geometry":{"type":"LineString","coordinates":[[-122.47405,49.05821],[-122.48361,49.05877]]}},{"type":"Feature","properties":{"name":"C2 Mainland Vancouver WB Fraser Highway 024"},"geometry":{"type":"LineString","coordinates":[[-122.48945,49.05928],[-122.49582,49.05999]]}},{"type":"Feature","properties":{"name":"C2 Mainland Vancouver WB Fraser Highway 036"},"geometry":{"type":"LineString","coordinates":[[-122.67393,49.11122],[-122.69148,49.11906],[-122.69265,49.11874],[-122.6949,49.11917],[-122.70173,49.11906]]}},{"type":"Feature","properties":{"name":"C2 Mainland Vancouver WB Fraser Highway 067"},"geometry":{"type":"LineString","coordinates":[[-122.46229,49.0577],[-122.46351,49.05774]]}},{"type":"Feature","properties":{"name":"C2 Mainland Vancouver WB Fraser Highway 082"},"geometry":{"type":"LineString","coordinates":[[-122.57454,49.07982],[-122.60585,49.09103],[-122.64392,49.10123],[-122.64918,49.10312],[-122.65115,49.10353],[-122.65108,49.10475],[-122.65414,49.10481],[-122.6548,49.10523],[-122.6563,49.10467],[-122.66207,49.10599],[-122.67279,49.11071]]}},{"type":"Feature","properties":{"name":"C2 Mainland Vancouver WB George Ferguson Way"},"geometry":{"type":"LineString","coordinates":[[-122.28829,49.05015],[-122.28873,49.05015]]}},{"type":"Feature","properties":{"name":"C2 Mainland Vancouver WB Gladwin Road 001"},"geometry":{"type":"LineString","coordinates":[[-122.31598,49.05963],[-122.31605,49.06015],[-122.34322,49.06018],[-122.34924,49.0584],[-122.3521,49.05474],[-122.35302,49.05419],[-122.35481,49.05377],[-122.37128,49.05534],[-122.37473,49.0564],[-122.37696,49.05669],[-122.37992,49.05586],[-122.38522,49.05619]]}},{"type":"Feature","properties":{"name":"C2 Mainland Vancouver WB Gladwin Road 003"},"geometry":{"type":"LineString","coordinates":[[-122.31552,49.05696],[-122.31559,49.0574]]}},{"type":"Feature","properties":{"name":"C2 Mainland Vancouver WB Track"},"geometry":{"type":"LineString","coordinates":[[-123.05619,49.27747],[-123.05659,49.2775]]}},{"type":"Feature","properties":{"name":"C2 Mainland Vancouver WB Track 002"},"geometry":{"type":"LineString","coordinates":[[-122.75643,49.14779],[-122.76172,49.1507],[-122.81227,49.17035]]}},{"type":"Feature","properties":{"name":"C2 Mainland Vancouver WB Track 003"},"geometry":{"type":"LineString","coordinates":[[-123.04927,49.27746],[-123.04943,49.27746]]}},{"type":"Feature","properties":{"name":"C2 Mainland Vancouver WB Track 022"},"geometry":{"type":"LineString","coordinates":[[-122.96218,49.25626],[-122.96435,49.25824],[-122.96443,49.25966],[-122.98015,49.26482],[-122.99106,49.26512],[-122.99674,49.26625],[-123.00148,49.2666],[-123.00706,49.26659],[-123.02347,49.26567],[-123.02344,49.2703],[-123.02372,49.2703]]}},{"type":"Feature","properties":{"name":"C2 Mainland Vancouver WB Track 024"},"geometry":{"type":"LineString","coordinates":[[-123.08731,49.27744],[-123.08776,49.27746]]}},{"type":"Feature","properties":{"name":"C2 Mainland Vancouver WB Track 052"},"geometry":{"type":"LineString","coordinates":[[-123.07002,49.27757],[-123.07049,49.27758]]}},{"type":"Feature","properties":{"name":"C2 Mainland Vancouver WB United Boulevard 008"},"geometry":{"type":"LineString","coordinates":[[-122.83393,49.22868],[-122.83607,49.22888],[-122.83802,49.22822],[-122.83947,49.22809],[-122.85625,49.22985]]}},{"type":"Feature","properties":{"name":"C2 Mainland Vancouver WB United Boulevard 013"},"geometry":{"type":"LineString","coordinates":[[-122.86156,49.2305],[-122.86296,49.23046]]}},{"type":"Feature","properties":{"name":"C2 Mainland Vancouver WB Vedder Mountain Road 002"},"geometry":{"type":"LineString","coordinates":[[-121.97207,49.09516],[-121.97288,49.09475]]}},{"type":"Feature","properties":{"name":"C2 Mainland Vancouver WB Vedder Road 007"},"geometry":{"type":"LineString","coordinates":[[-121.95767,49.11267],[-121.95812,49.11053]]}},{"type":"Feature","properties":{"name":"C2 Mainland Vancouver WB Whatcom Road 007"},"geometry":{"type":"LineString","coordinates":[[-122.22085,49.03998],[-122.2235,49.04247],[-122.2243,49.04222]]}},{"type":"Feature","properties":{"name":"C2 Mainland Vancouver WB Yale Road 001"},"geometry":{"type":"LineString","coordinates":[[-121.76425,49.18534],[-121.76562,49.18511]]}},{"type":"Feature","properties":{"name":"C2 Mainland Vancouver WB Yale Road 003"},"geometry":{"type":"LineString","coordinates":[[-121.96425,49.15011],[-121.96425,49.14926],[-121.96312,49.14655],[-121.95887,49.13821],[-121.95911,49.13598],[-121.95991,49.13447],[-121.96006,49.13205],[-121.96044,49.13118]]}},{"type":"Feature","properties":{"name":"C2 Mainland Vancouver WB Yale Road 004"},"geometry":{"type":"LineString","coordinates":[[-121.96141,49.155],[-121.96308,49.1535],[-121.96386,49.15201]]}},{"type":"Feature","properties":{"name":"C2 Mainland Vancouver WB Yale Road 009"},"geometry":{"type":"LineString","coordinates":[[-121.9571,49.16844],[-121.95866,49.16692],[-121.95888,49.16539]]}},{"type":"Feature","properties":{"name":"C2 Fanny Bay, BC <> Nanaimo, BC "},"geometry":{"type":"LineString","coordinates":[[-124.07928,49.24354],[-124.07897,49.24424],[-124.09668,49.25005],[-124.10425,49.25074],[-124.11273,49.25219],[-124.13051,49.25172],[-124.13888,49.24936],[-124.14076,49.24953],[-124.14477,49.25097],[-124.15041,49.25174],[-124.15473,49.25276],[-124.15926,49.25258],[-124.16991,49.25323],[-124.182,49.25653],[-124.19012,49.2603],[-124.19568,49.2613],[-124.19948,49.26383]]}},{"type":"Feature","properties":{"name":"C2 Nanaimo, BC <> Fanny Bay\n"},"geometry":{"type":"LineString","coordinates":[[-124.05274,49.23411],[-124.05232,49.23424],[-124.05564,49.23445]]}},{"type":"Feature","properties":{"name":"Route Connector Canada - Harmony_SSMarie_BruceMine_jun11 pt1"},"geometry":{"type":"LineString","coordinates":[[-84.37687,46.78152],[-84.37637,46.78176],[-84.36473,46.78126],[-84.36431,46.78097],[-84.36417,46.77896],[-84.3586,46.77898],[-84.35736,46.77826],[-84.35712,46.7774],[-84.35802,46.77348],[-84.35572,46.76456],[-84.35622,46.76316],[-84.35924,46.76214]]}},{"type":"Feature","properties":{"name":"Route Connector Canada - Harmony_SSMarie_BruceMine_jun11 pt2"},"geometry":{"type":"LineString","coordinates":[[-84.35519,46.7432],[-84.34123,46.74302],[-84.31732,46.72942],[-84.31514,46.72911],[-84.29889,46.72906],[-84.29714,46.72868],[-84.29615,46.728],[-84.29312,46.72456],[-84.28941,46.72224],[-84.28782,46.72078],[-84.28632,46.71653],[-84.28592,46.71067],[-84.28481,46.70947],[-84.28203,46.70823],[-84.28121,46.70733],[-84.28088,46.70577],[-84.28221,46.70119],[-84.28334,46.69881],[-84.28393,46.69518],[-84.2838,46.69396],[-84.28086,46.69038],[-84.28062,46.68784],[-84.2787,46.68433],[-84.27618,46.68121],[-84.27362,46.67883],[-84.26874,46.67117],[-84.27839,46.66505],[-84.2823,46.66105],[-84.29155,46.65708],[-84.29374,46.65529],[-84.29739,46.653],[-84.29838,46.65198],[-84.30173,46.64702],[-84.30493,46.64399],[-84.30765,46.64288]]}},{"type":"Feature","properties":{"name":"Route Connector Canada - Harmony_SSMarie_BruceMine_jun11 pt3"},"geometry":{"type":"LineString","coordinates":[[-84.30795,46.62961],[-84.30672,46.62928],[-84.3071,46.62588],[-84.30382,46.62087],[-84.30397,46.61757],[-84.30514,46.617]]}},{"type":"Feature","properties":{"name":"Route Connector Canada - Harmony_SSMarie_BruceMine_jun11 pt4"},"geometry":{"type":"LineString","coordinates":[[-84.29479,46.59782],[-84.2924,46.59709],[-84.29005,46.59552],[-84.28874,46.59525],[-84.28763,46.59536],[-84.28508,46.59666],[-84.28369,46.59691],[-84.28123,46.59694],[-84.28061,46.5963],[-84.28019,46.59497],[-84.27971,46.58702],[-84.28001,46.5866],[-84.2827,46.58568],[-84.2818,46.58411],[-84.28058,46.58283],[-84.28068,46.57875],[-84.28166,46.57678],[-84.28178,46.57576],[-84.281,46.57423],[-84.27876,46.57174],[-84.27784,46.56788],[-84.27764,46.5647],[-84.27858,46.56375],[-84.28278,46.56238],[-84.28618,46.55978],[-84.28711,46.55858],[-84.28823,46.55593],[-84.29583,46.54782],[-84.29681,46.5474],[-84.30221,46.54666],[-84.30394,46.54613],[-84.31644,46.53658],[-84.31596,46.53634],[-84.31592,46.53491],[-84.31541,46.53411],[-84.30756,46.53413]]}},{"type":"Feature","properties":{"name":"Route Connector Canada - Harmony_SSMarie_BruceMine_jun11 pt5"},"geometry":{"type":"LineString","coordinates":[[-84.2766,46.52052],[-84.27526,46.51919],[-84.2748,46.51741],[-84.27716,46.51617],[-84.27761,46.51463],[-84.27814,46.51428],[-84.27758,46.51327],[-84.27811,46.51243],[-84.27805,46.51199],[-84.27661,46.51151],[-84.27452,46.51159],[-84.27215,46.51212],[-84.27183,46.51162],[-84.27088,46.51156],[-84.27087,46.51018],[-84.27023,46.51021],[-84.26873,46.51167],[-84.26381,46.50899],[-84.26223,46.50845],[-84.26148,46.50921],[-84.25884,46.50796],[-84.23995,46.53375],[-84.24313,46.53534]]}},{"type":"Feature","properties":{"name":"Route Connector Canada - Harmony_SSMarie_BruceMine_jun11 pt6"},"geometry":{"type":"LineString","coordinates":[[-83.92298,46.35175],[-83.89967,46.35259],[-83.89696,46.35174],[-83.88236,46.35174],[-83.88228,46.35029],[-83.88177,46.34914],[-83.88233,46.34806],[-83.88233,46.34206],[-83.88313,46.34056]]}},{"type":"Feature","properties":{"name":"C2 Tofino MUP extention \u0294aps\u010diik t\u0313a\u0161ii Highway 4 junction fixed"},"geometry":{"type":"LineString","coordinates":[[-125.86757,49.10649],[-125.86406,49.10234],[-125.86383,49.10154],[-125.86409,49.10029],[-125.86343,49.09966],[-125.86166,49.09894],[-125.85898,49.09884],[-125.85478,49.09587],[-125.84433,49.09185],[-125.84201,49.09193],[-125.83853,49.09309],[-125.83665,49.09309],[-125.83204,49.09092],[-125.832,49.09029],[-125.82962,49.08897],[-125.82824,49.08876],[-125.82693,49.08941],[-125.82547,49.0894],[-125.82131,49.08843],[-125.81754,49.08815],[-125.81218,49.0864],[-125.80819,49.08591],[-125.80644,49.08486],[-125.80579,49.0838],[-125.80169,49.08154],[-125.79758,49.08197],[-125.7968,49.08231],[-125.79101,49.0823],[-125.78988,49.08185],[-125.78922,49.08112],[-125.78856,49.07795],[-125.78707,49.07697],[-125.78608,49.07569],[-125.78098,49.0724],[-125.77344,49.073],[-125.76915,49.07291],[-125.76719,49.07239],[-125.76494,49.07238],[-125.76448,49.07274],[-125.76109,49.07262],[-125.75867,49.07139],[-125.75674,49.07088],[-125.75351,49.07059],[-125.74838,49.06884],[-125.73792,49.064],[-125.73746,49.06399],[-125.73756,49.06433],[-125.7305,49.06374],[-125.72888,49.06329],[-125.7192,49.05734],[-125.71809,49.05648],[-125.71796,49.05602],[-125.7169,49.05559],[-125.71091,49.05153],[-125.6996,49.04546],[-125.69776,49.04382],[-125.69415,49.04236],[-125.67719,49.0426],[-125.67431,49.04206],[-125.67084,49.03975],[-125.67051,49.03921],[-125.668,49.03827],[-125.6663,49.03729],[-125.66584,49.03666],[-125.66379,49.03584],[-125.66114,49.03395],[-125.65871,49.03292],[-125.65647,49.03137],[-125.65411,49.0304],[-125.65103,49.0284],[-125.6506,49.02784],[-125.6495,49.02762],[-125.64822,49.02669],[-125.64632,49.02595],[-125.64464,49.02448],[-125.64019,49.0217],[-125.63974,49.02099],[-125.63676,49.0201],[-125.63037,49.01554],[-125.62681,49.01368],[-125.6255,49.01261],[-125.62336,49.01186],[-125.62315,49.01164],[-125.62348,49.01111],[-125.62266,49.01023],[-125.61994,49.01012],[-125.61752,49.0083],[-125.61473,49.00728],[-125.61328,49.00622],[-125.61072,49.00512],[-125.60879,49.00342],[-125.60374,49.00055],[-125.60278,48.9997],[-125.60072,48.9992],[-125.58846,48.99205],[-125.58814,48.99198],[-125.58603,48.9933]]}},{"type":"Feature","properties":{"name":"C2 Tofino, BC to extention \u0294aps\u010diik t\u0313a\u0161ii 7.2km fixed"},"geometry":{"type":"LineString","coordinates":[[-125.9096,49.15411],[-125.90856,49.15269],[-125.90713,49.15307],[-125.90165,49.15228],[-125.89593,49.14979],[-125.89347,49.14915],[-125.89236,49.1483],[-125.89152,49.14715],[-125.89117,49.14463],[-125.89033,49.14348],[-125.88985,49.14043],[-125.89044,49.138],[-125.8905,49.13596],[-125.89167,49.13435],[-125.89586,49.13059],[-125.89474,49.12855],[-125.89402,49.12597],[-125.88804,49.12036],[-125.88684,49.11861],[-125.88071,49.11394],[-125.88022,49.1129],[-125.87785,49.11084],[-125.8749,49.10969],[-125.87041,49.10876],[-125.86757,49.10649]]}},{"type":"Feature","properties":{"name":"C2 Highway 11 WB"},"geometry":{"type":"LineString","coordinates":[[-89.89679,48.60144],[-89.89927,48.60114]]}},{"type":"Feature","properties":{"name":"C2 Highway 71 WB"},"geometry":{"type":"LineString","coordinates":[[-94.24836,49.72483],[-94.24886,49.72645]]}},{"type":"Feature","properties":{"name":"C2 Highway 21 WB"},"geometry":{"type":"LineString","coordinates":[[-109.46341,49.98187],[-109.46341,49.98229]]}},{"type":"Feature","properties":{"name":"C2 6 Street Southwest EB fixed"},"geometry":{"type":"LineString","coordinates":[[-110.70742,50.03293],[-110.70726,50.033]]}},{"type":"Feature","properties":{"name":"C2 Route 2 Canada - Chilliwack, BC to Hope, BC (proposed) W-E Connected 68.3km 001 fixed"},"geometry":{"type":"LineString","coordinates":[[-122.06495,49.08211],[-122.03743,49.0821],[-122.03011,49.08367],[-122.02626,49.08606],[-122.01789,49.08922],[-122.01327,49.08974],[-122.00868,49.08938],[-122.00322,49.09052],[-121.99886,49.09088],[-121.99282,49.09263],[-121.99019,49.09286],[-121.98648,49.09424],[-121.97876,49.09593],[-121.97714,49.09575],[-121.97643,49.0948],[-121.97569,49.09442],[-121.97401,49.09435],[-121.97227,49.09479],[-121.97207,49.09516],[-121.96993,49.09579],[-121.96821,49.09674],[-121.96545,49.09681],[-121.96406,49.09806],[-121.96316,49.09822],[-121.96269,49.09898],[-121.9625,49.10424],[-121.96037,49.10652],[-121.95831,49.10997],[-121.95743,49.11464],[-121.95745,49.11563],[-121.95968,49.12104],[-121.96046,49.12521],[-121.96002,49.12838],[-121.96048,49.13104],[-121.95993,49.132],[-121.95982,49.13445],[-121.95898,49.13598],[-121.95877,49.13842],[-121.96275,49.14621],[-121.96425,49.15011],[-121.96337,49.15293],[-121.95959,49.15687],[-121.95868,49.1582],[-121.95904,49.1642],[-121.95851,49.16689],[-121.9571,49.16844],[-121.95207,49.17119],[-121.94959,49.17181],[-121.93336,49.1783],[-121.92564,49.18061],[-121.91839,49.18055],[-121.90164,49.18244],[-121.89765,49.18176],[-121.89317,49.18282],[-121.88883,49.18285],[-121.87393,49.17993],[-121.87117,49.17851],[-121.8697,49.17689],[-121.86823,49.17604],[-121.86234,49.17481],[-121.85789,49.175],[-121.85383,49.17639],[-121.84904,49.17732],[-121.84789,49.17727],[-121.84343,49.17594],[-121.83788,49.17476],[-121.83626,49.1739],[-121.83502,49.17247],[-121.83382,49.17178],[-121.83018,49.17032],[-121.82827,49.17073],[-121.82712,49.17208],[-121.82441,49.17395],[-121.81739,49.17546],[-121.80968,49.17868],[-121.80698,49.18146],[-121.80506,49.18235],[-121.80115,49.18252],[-121.79849,49.18381],[-121.7736,49.18387],[-121.76102,49.18586],[-121.75064,49.18588],[-121.74564,49.18798],[-121.74189,49.1905],[-121.74018,49.19126],[-121.7389,49.19219],[-121.73851,49.19331],[-121.7371,49.19369],[-121.73539,49.19519],[-121.73226,49.19701],[-121.73118,49.19833],[-121.73025,49.1989],[-121.72828,49.19732],[-121.72831,49.19778],[-121.72447,49.2004],[-121.71882,49.20376],[-121.71153,49.20645],[-121.71003,49.2073],[-121.70606,49.21117],[-121.70383,49.21285],[-121.70101,49.21408],[-121.69518,49.21551],[-121.693,49.21664],[-121.68952,49.22076],[-121.68695,49.22503],[-121.68346,49.22836],[-121.68277,49.2297],[-121.68154,49.23384],[-121.68086,49.23732],[-121.678,49.24113],[-121.67752,49.24245],[-121.67733,49.24814],[-121.67876,49.25386],[-121.67839,49.25549],[-121.67552,49.26162],[-121.67548,49.26448],[-121.67506,49.26673],[-121.67574,49.26942],[-121.67561,49.27076],[-121.67479,49.27208],[-121.67227,49.27483],[-121.67152,49.27616],[-121.67119,49.28054],[-121.66905,49.2844],[-121.66877,49.28794],[-121.66809,49.28952],[-121.66564,49.29124],[-121.65832,49.29398],[-121.6525,49.299],[-121.64685,49.30094],[-121.64465,49.30215],[-121.63571,49.3093],[-121.63101,49.31508],[-121.62715,49.31835],[-121.61392,49.32878],[-121.57716,49.35613],[-121.56517,49.36169],[-121.5629,49.36227],[-121.5529,49.36311],[-121.54628,49.36406],[-121.54042,49.36376],[-121.5349,49.36389],[-121.52391,49.36481],[-121.52139,49.36421],[-121.51591,49.36148],[-121.51325,49.36115],[-121.48697,49.36426],[-121.47141,49.36469],[-121.45721,49.36569],[-121.45446,49.36655],[-121.44801,49.371],[-121.44632,49.37168],[-121.44472,49.37138],[-121.44211,49.37264],[-121.44163,49.37346],[-121.44218,49.37599],[-121.44187,49.37628],[-121.44259,49.37727]]}},{"type":"Feature","properties":{"name":"C2 Port Alberni, BC to Nanaimo, BC (proposed) W-E Connected 96km pt1 fixed"},"geometry":{"type":"LineString","coordinates":[[-124.93317,49.29506],[-124.92693,49.29632],[-124.92587,49.29589],[-124.92366,49.29381],[-124.9219,49.29321],[-124.91937,49.29297],[-124.916,49.29344],[-124.90938,49.29338],[-124.90816,49.29286],[-124.90376,49.28963],[-124.90121,49.28877],[-124.90209,49.2883],[-124.90272,49.28892],[-124.90508,49.28978],[-124.90352,49.28991],[-124.89504,49.28776],[-124.89324,49.28795],[-124.89066,49.28963],[-124.88916,49.28985],[-124.88609,49.2896],[-124.88612,49.28869],[-124.88583,49.28849],[-124.87696,49.28859],[-124.87505,49.28757],[-124.87228,49.28666],[-124.86813,49.28301],[-124.86801,49.28223],[-124.86878,49.27941],[-124.8684,49.2785],[-124.86439,49.27789],[-124.86029,49.27491],[-124.85962,49.27373],[-124.8587,49.27308],[-124.85887,49.27152],[-124.85383,49.26676],[-124.85139,49.26667],[-124.8485,49.26814],[-124.84569,49.26794],[-124.84418,49.26744],[-124.84201,49.2658],[-124.83832,49.26391],[-124.83532,49.26278],[-124.82767,49.26104],[-124.8165,49.25955],[-124.81529,49.259],[-124.81357,49.25747],[-124.80101,49.26224],[-124.78859,49.26578],[-124.78655,49.26602],[-124.781,49.26611],[-124.77731,49.26655],[-124.76638,49.26642],[-124.7575,49.26431],[-124.74815,49.26575],[-124.74684,49.2657],[-124.74411,49.2648],[-124.73379,49.26666],[-124.73237,49.26632],[-124.731,49.26485],[-124.72844,49.2637],[-124.72618,49.26388],[-124.7227,49.26512],[-124.71495,49.26472],[-124.71204,49.26014],[-124.71152,49.25714],[-124.7086,49.25302],[-124.70729,49.25175],[-124.70546,49.251],[-124.69512,49.24934],[-124.68713,49.24597],[-124.68564,49.24571],[-124.67932,49.2474],[-124.67661,49.24747],[-124.67105,49.24885],[-124.66737,49.24885],[-124.66195,49.24762],[-124.66123,49.24789],[-124.66055,49.24882],[-124.66046,49.25109],[-124.66196,49.25204],[-124.66253,49.25306],[-124.66495,49.25451],[-124.66683,49.25691],[-124.67106,49.26036],[-124.67361,49.26487],[-124.67379,49.26554],[-124.67335,49.2679],[-124.67489,49.26964],[-124.67557,49.27121],[-124.67473,49.274],[-124.67478,49.27776],[-124.67547,49.28108],[-124.67522,49.28275],[-124.67223,49.28491],[-124.66815,49.28919],[-124.66623,49.29019],[-124.66307,49.29116],[-124.65989,49.29154],[-124.65514,49.29098],[-124.65335,49.29041],[-124.64464,49.28989],[-124.64128,49.2891],[-124.63364,49.28848],[-124.63084,49.28788],[-124.62857,49.28807],[-124.62297,49.28955],[-124.62064,49.28969],[-124.6187,49.28947],[-124.61623,49.28799],[-124.61053,49.28898],[-124.60376,49.28773],[-124.60143,49.28693],[-124.59632,49.28747],[-124.59287,49.28574],[-124.59051,49.28548],[-124.58787,49.28616],[-124.58425,49.28859],[-124.58206,49.28882],[-124.57951,49.2886],[-124.5782,49.28891],[-124.57505,49.29171],[-124.57334,49.29276],[-124.57116,49.2933],[-124.56625,49.29382],[-124.56261,49.29533],[-124.55974,49.29745],[-124.55818,49.30001],[-124.55602,49.30126],[-124.55457,49.30273],[-124.55092,49.3046],[-124.54722,49.30601],[-124.54444,49.30773],[-124.54091,49.30855],[-124.53786,49.30973],[-124.53017,49.31117],[-124.52443,49.3108],[-124.5104,49.31247],[-124.49692,49.31008],[-124.48799,49.30654],[-124.47835,49.30658],[-124.47201,49.30609],[-124.4661,49.30465],[-124.45827,49.30342],[-124.4552,49.30348],[-124.45354,49.30266],[-124.448,49.3019],[-124.43638,49.30274],[-124.42974,49.30519],[-124.42733,49.30569],[-124.42038,49.30536],[-124.37871,49.30706],[-124.35637,49.30576],[-124.34761,49.30466],[-124.33472,49.30455],[-124.33465,49.30226],[-124.33305,49.30246],[-124.33182,49.30377],[-124.33074,49.30417],[-124.32224,49.30354],[-124.30993,49.30133],[-124.30807,49.30067],[-124.30162,49.29698],[-124.29971,49.29643],[-124.29388,49.29649],[-124.29105,49.29703],[-124.28149,49.29704],[-124.27862,49.29759],[-124.27353,49.29786],[-124.27071,49.29883],[-124.26793,49.29832],[-124.26731,49.29787],[-124.26574,49.29778],[-124.26438,49.29842],[-124.26404,49.29915],[-124.26252,49.2993],[-124.25794,49.29899],[-124.25808,49.29798],[-124.25757,49.2964],[-124.25715,49.29621],[-124.25546,49.29868],[-124.25515,49.29989]]}},{"type":"Feature","properties":{"name":"C2 and C3 Port Alberni, BC to Nanaimo, BC (proposed) W-E Connected 96km pt1-1 001"},"geometry":{"type":"LineString","coordinates":[[-124.25515,49.29989],[-124.25314,49.29873],[-124.24677,49.29901],[-124.23947,49.30113],[-124.23721,49.30292],[-124.23274,49.30309],[-124.23147,49.30235],[-124.23058,49.30024],[-124.22953,49.29893],[-124.22489,49.2972],[-124.21978,49.29221],[-124.21491,49.28998],[-124.21338,49.28973],[-124.20578,49.28967],[-124.19368,49.28703],[-124.18967,49.28686],[-124.18821,49.28476],[-124.18821,49.28403],[-124.18912,49.28163],[-124.18907,49.2802],[-124.1901,49.27911],[-124.19292,49.27246],[-124.19259,49.27068],[-124.19308,49.27029],[-124.19724,49.26987],[-124.19809,49.26938],[-124.19826,49.26908],[-124.19781,49.26688],[-124.19968,49.26348],[-124.19845,49.26304],[-124.19582,49.26123],[-124.18988,49.26016],[-124.18263,49.25666],[-124.16929,49.25303],[-124.159,49.25238],[-124.15424,49.25259],[-124.15005,49.25159],[-124.14504,49.25092],[-124.14118,49.24951],[-124.13965,49.24926],[-124.13694,49.24958],[-124.13079,49.25161],[-124.1146,49.25214],[-124.11163,49.25198],[-124.10445,49.25067],[-124.09874,49.25032],[-124.09593,49.24968],[-124.07958,49.24408],[-124.07936,49.24338],[-124.08074,49.24232],[-124.07254,49.23962],[-124.06081,49.23412],[-124.05964,49.23394],[-124.05564,49.23445]]}},{"type":"Feature","properties":{"name":"C2 and C3 Port Alberni, BC to Nanaimo, BC (proposed) W-E Connected 96km pt1-3 fixed"},"geometry":{"type":"LineString","coordinates":[[-124.05274,49.23411],[-124.05195,49.23237],[-124.05191,49.23108],[-124.05213,49.22844],[-124.05282,49.22789],[-124.05099,49.22358],[-124.04979,49.22328],[-124.04741,49.22192],[-124.0453,49.21993],[-124.04471,49.21866],[-124.04448,49.21462],[-124.04427,49.21413],[-124.04291,49.21412],[-124.04279,49.21141],[-124.04145,49.20902],[-124.03963,49.2078],[-124.03672,49.20732],[-124.03604,49.20661],[-124.03495,49.20611]]}},{"type":"Feature","properties":{"name":"C2 Track Nanaimo fixed EB"},"geometry":{"type":"LineString","coordinates":[[-124.03495,49.20611],[-124.03482,49.20699],[-124.03523,49.20829],[-124.03499,49.21229],[-124.03435,49.21294],[-124.03253,49.21357],[-124.0226,49.20873],[-124.01755,49.20709],[-124.01762,49.20659],[-124.01601,49.20672],[-124.00837,49.20496],[-124.00134,49.20426],[-123.99594,49.20274],[-123.9805,49.19634],[-123.97011,49.19108],[-123.96446,49.18949],[-123.96278,49.18849],[-123.96274,49.18806],[-123.96192,49.18837],[-123.9612,49.18798],[-123.95908,49.18798],[-123.95975,49.18846],[-123.95972,49.19017],[-123.95664,49.19019],[-123.95252,49.18901],[-123.95151,49.18905]]}},{"type":"Feature","properties":{"name":"C2 Track 001 Nanaimo WB"},"geometry":{"type":"LineString","coordinates":[[-124.03254,49.21357],[-124.03411,49.21321],[-124.03505,49.21249],[-124.03533,49.20845],[-124.03495,49.20668],[-124.03536,49.20639]]}},{"type":"Feature","properties":{"name":"C2 Alberni Highway 002 WB"},"geometry":{"type":"LineString","coordinates":[[-124.4545,49.30318],[-124.45466,49.30356],[-124.4552,49.30348]]}},{"type":"Feature","properties":{"name":"C2 Alberni Highway 003 WB"},"geometry":{"type":"LineString","coordinates":[[-124.75323,49.26496],[-124.7569,49.26442],[-124.75912,49.26454]]}},{"type":"Feature","properties":{"name":"C2 Berth 3 WB"},"geometry":{"type":"LineString","coordinates":[[-123.95484,49.19317],[-123.95531,49.19271],[-123.95484,49.19094],[-123.9538,49.18996],[-123.95206,49.18924],[-123.95295,49.18918]]}},{"type":"Feature","properties":{"name":"C2 Faber Road WB"},"geometry":{"type":"LineString","coordinates":[[-124.90124,49.28857],[-124.90086,49.28882],[-124.90136,49.2889]]}},{"type":"Feature","properties":{"name":"C2 Johnston Road 001 WB"},"geometry":{"type":"LineString","coordinates":[[-124.78344,49.26615],[-124.78658,49.26614],[-124.78859,49.26578]]}},{"type":"Feature","properties":{"name":"Route 2 Canada - Falmouth, NS to Halifax, NS (proposed) W-E Connected 75.2km fixed"},"geometry":{"type":"LineString","coordinates":[[-64.14808,44.99378],[-64.14431,44.99169],[-64.14308,44.99187],[-64.14079,44.99316],[-64.13736,44.99048],[-64.13579,44.99048],[-64.13499,44.98679],[-64.13321,44.98544],[-64.13129,44.98568],[-64.1298,44.98095],[-64.12815,44.97894],[-64.12288,44.97776],[-64.11811,44.97526],[-64.1136,44.97636],[-64.11144,44.97581],[-64.10978,44.97457],[-64.10863,44.97269],[-64.10708,44.9714],[-64.10625,44.96958],[-64.10435,44.96763],[-64.10154,44.96554],[-64.09772,44.96463],[-64.09159,44.96397],[-64.08901,44.96407],[-64.08662,44.96361],[-64.08388,44.96398],[-64.08131,44.96359],[-64.07499,44.96497],[-64.07007,44.96453],[-64.06456,44.96278],[-64.06124,44.96291],[-64.05962,44.96352],[-64.05438,44.96337],[-64.04883,44.96402],[-64.04799,44.96372],[-64.04649,44.96236],[-64.0408,44.96295],[-64.03437,44.9619],[-64.03185,44.96194],[-64.0289,44.96281],[-64.02412,44.96207],[-64.01719,44.96292],[-64.01592,44.96257],[-64.01437,44.96112],[-64.01144,44.95989],[-64.00992,44.95991],[-64.00459,44.96104],[-63.99827,44.95972],[-63.99594,44.96011],[-63.99182,44.9602],[-63.98832,44.96176],[-63.98276,44.96235],[-63.98176,44.96289],[-63.97988,44.96513],[-63.97803,44.96554],[-63.97561,44.96483],[-63.96998,44.9619],[-63.96868,44.96178],[-63.96559,44.9623],[-63.9553,44.95907],[-63.9542,44.95923],[-63.95251,44.96056],[-63.95161,44.96086],[-63.94648,44.96064],[-63.94398,44.96125],[-63.94106,44.96099],[-63.93914,44.96145],[-63.93778,44.96134],[-63.93511,44.9603],[-63.93011,44.95662],[-63.92723,44.95322],[-63.92557,44.94988],[-63.92565,44.94915],[-63.92684,44.9469],[-63.9266,44.94519],[-63.92347,44.94407],[-63.92221,44.94144],[-63.92133,44.94056],[-63.91727,44.9382],[-63.91408,44.93696],[-63.9103,44.93501],[-63.90863,44.93326],[-63.90622,44.93146],[-63.90535,44.92958],[-63.90501,44.92729],[-63.90364,44.92569],[-63.89798,44.92365],[-63.88964,44.92244],[-63.88485,44.92282],[-63.88207,44.9223],[-63.88103,44.92181],[-63.87917,44.92018],[-63.87626,44.9191],[-63.8584,44.91536],[-63.85744,44.91477],[-63.85576,44.91274],[-63.85493,44.91222],[-63.84938,44.91045],[-63.84671,44.91001],[-63.845,44.90838],[-63.844,44.90602],[-63.84115,44.90244],[-63.835,44.89693],[-63.83198,44.89382],[-63.82947,44.89226],[-63.82883,44.89112],[-63.82408,44.88753],[-63.82308,44.88619],[-63.82189,44.88367],[-63.81901,44.88189],[-63.81738,44.87954],[-63.81536,44.87748],[-63.81215,44.87543],[-63.80953,44.87307],[-63.80498,44.86789],[-63.80416,44.86651],[-63.80342,44.86426],[-63.80354,44.85097],[-63.80294,44.84682],[-63.80087,44.84449],[-63.797,44.84216],[-63.79427,44.83942],[-63.79181,44.83796],[-63.78894,44.83489],[-63.78131,44.83123],[-63.77906,44.82838],[-63.77811,44.82598],[-63.77619,44.82362],[-63.77596,44.82278],[-63.77623,44.8213],[-63.77585,44.82065],[-63.77104,44.81745],[-63.76781,44.81669],[-63.76527,44.81541],[-63.75943,44.80941],[-63.75686,44.80793],[-63.75311,44.80741],[-63.74959,44.80517],[-63.74215,44.80265],[-63.7389,44.80056],[-63.7353,44.79918],[-63.73091,44.79614],[-63.71996,44.79437],[-63.71909,44.79377],[-63.71794,44.79369],[-63.71704,44.79296],[-63.71568,44.79052],[-63.71391,44.78848],[-63.71258,44.78405],[-63.71058,44.782],[-63.70853,44.78145],[-63.70574,44.78136],[-63.70222,44.78202],[-63.70068,44.7815],[-63.69854,44.77952],[-63.69705,44.77742],[-63.69296,44.77391],[-63.68979,44.77026],[-63.68097,44.76575],[-63.67736,44.76464],[-63.67516,44.76352],[-63.67232,44.76077],[-63.66917,44.75889],[-63.66802,44.75769],[-63.6675,44.75607],[-63.66462,44.75235],[-63.66516,44.75233],[-63.66683,44.75327],[-63.67059,44.7539],[-63.66808,44.75296],[-63.66513,44.75121],[-63.66527,44.75093],[-63.66493,44.7505],[-63.66355,44.74979],[-63.66141,44.74788],[-63.65989,44.7474],[-63.6588,44.74768],[-63.65768,44.7468],[-63.65751,44.74612],[-63.65834,44.74441],[-63.6581,44.74372],[-63.65924,44.74225],[-63.65838,44.74151],[-63.65843,44.74085],[-63.65614,44.73959],[-63.65504,44.73821],[-63.65552,44.73791],[-63.65515,44.73744],[-63.65529,44.73609],[-63.65583,44.73586],[-63.6556,44.73565],[-63.65615,44.73435],[-63.65847,44.73225],[-63.65996,44.73291],[-63.66028,44.73269],[-63.66244,44.73061],[-63.66376,44.72851],[-63.66518,44.72768],[-63.66711,44.72583],[-63.6695,44.72452],[-63.67221,44.72009],[-63.67511,44.71799],[-63.67768,44.7169],[-63.67815,44.716],[-63.67804,44.71467],[-63.67689,44.71341],[-63.67364,44.71233],[-63.66505,44.70727],[-63.66164,44.70263],[-63.66101,44.70062],[-63.66073,44.69622],[-63.66097,44.69436],[-63.65909,44.68753],[-63.65944,44.68603],[-63.66094,44.6838],[-63.66091,44.68291],[-63.66037,44.68216],[-63.65613,44.68038],[-63.65281,44.67993],[-63.65138,44.67941],[-63.64952,44.67777],[-63.64712,44.67476],[-63.64497,44.67341],[-63.63454,44.66449],[-63.63282,44.66351],[-63.62995,44.6625],[-63.62332,44.66251],[-63.62212,44.66278],[-63.62073,44.66377],[-63.61569,44.66518],[-63.60914,44.66547],[-63.6061,44.66742],[-63.60071,44.66743],[-63.5981,44.66557],[-63.59296,44.66358],[-63.58914,44.65988],[-63.58631,44.65823],[-63.58576,44.65749],[-63.58373,44.65628],[-63.58052,44.65342],[-63.57944,44.65287],[-63.57692,44.65292],[-63.57433,44.65055],[-63.56929,44.64067],[-63.56668,44.64128]]}},{"type":"Feature","properties":{"name":"C2 Lady Hammond Road 001 WB"},"geometry":{"type":"LineString","coordinates":[[-63.61973,44.66408],[-63.62102,44.66372],[-63.62228,44.66284],[-63.62559,44.66259]]}},{"type":"Feature","properties":{"name":"C2 Track 001 Halifax WB"},"geometry":{"type":"LineString","coordinates":[[-63.56767,44.64105],[-63.56815,44.64119],[-63.57081,44.64557],[-63.57117,44.64719],[-63.57189,44.64855],[-63.5754,44.65157]]}},{"type":"Feature","properties":{"name":"C2 Track 001 Halifax2 WB"},"geometry":{"type":"LineString","coordinates":[[-63.5936,44.66386],[-63.59802,44.66563],[-63.60076,44.66754],[-63.6061,44.66742]]}},{"type":"Feature","properties":{"name":"C2 Track Halifax WB"},"geometry":{"type":"LineString","coordinates":[[-63.67397,44.71247],[-63.67601,44.71309]]}},{"type":"Feature","properties":{"name":"C2 Highway 1 Avonport NS WB"},"geometry":{"type":"LineString","coordinates":[[-64.25645,45.09975],[-64.25744,45.10041],[-64.25794,45.09978]]}},{"type":"Feature","properties":{"name":"C2 Route 2 Canada - Digby, NS to Wilmot, NS (proposed) W-E Connected 82.1km fixed up"},"geometry":{"type":"LineString","coordinates":[[-65.76672,44.63026],[-65.76209,44.62881],[-65.76065,44.62881],[-65.75849,44.62809],[-65.75785,44.6262],[-65.75892,44.62602],[-65.75628,44.61801],[-65.76284,44.61677],[-65.76594,44.61534],[-65.76729,44.61403],[-65.76975,44.60933],[-65.77165,44.60687],[-65.76994,44.60086],[-65.77136,44.5968],[-65.77216,44.59629],[-65.77185,44.59599],[-65.77078,44.59647],[-65.76833,44.59658],[-65.76176,44.59603],[-65.75887,44.59616],[-65.75626,44.5968],[-65.74563,44.60067],[-65.71916,44.60374],[-65.69985,44.60898],[-65.69741,44.61013],[-65.69364,44.61274],[-65.6908,44.61427],[-65.68733,44.61515],[-65.67975,44.61579],[-65.67721,44.61643],[-65.67579,44.61752],[-65.67468,44.61977],[-65.67424,44.62535],[-65.67386,44.62613],[-65.66665,44.63157],[-65.66173,44.6332],[-65.65885,44.63488],[-65.64768,44.64018],[-65.64515,44.64262],[-65.64116,44.6452],[-65.63444,44.6504],[-65.62653,44.65271],[-65.62363,44.65405],[-65.61871,44.6552],[-65.61318,44.65915],[-65.61165,44.65986],[-65.60653,44.65998],[-65.60424,44.66064],[-65.60391,44.66141],[-65.60446,44.66188],[-65.60936,44.66339],[-65.61074,44.66664],[-65.60839,44.67171],[-65.60434,44.675],[-65.60108,44.68264],[-65.60016,44.68609],[-65.59783,44.68888],[-65.59415,44.69141],[-65.58776,44.6948],[-65.57903,44.69824],[-65.56941,44.70081],[-65.56136,44.70521],[-65.55657,44.70726],[-65.55374,44.70989],[-65.55249,44.71248],[-65.55096,44.7143],[-65.54907,44.71587],[-65.54349,44.71953],[-65.53971,44.72267],[-65.53743,44.72378],[-65.53537,44.72707],[-65.53141,44.72877],[-65.52695,44.7293],[-65.52356,44.73037],[-65.521,44.73482],[-65.51836,44.73767],[-65.51264,44.74779],[-65.51174,44.75211],[-65.51433,44.75504],[-65.51451,44.75583],[-65.51402,44.75638],[-65.50919,44.75918],[-65.50137,44.76268],[-65.49722,44.76398],[-65.49339,44.76424],[-65.48342,44.76319],[-65.48045,44.76351],[-65.47782,44.76446],[-65.47195,44.76807],[-65.45933,44.77662],[-65.45519,44.77976],[-65.45171,44.78321],[-65.44936,44.78405],[-65.44178,44.78481],[-65.43928,44.78578],[-65.43511,44.78805],[-65.43365,44.78946],[-65.43131,44.7961],[-65.43037,44.79728],[-65.42011,44.80224],[-65.41704,44.8029],[-65.40978,44.80341],[-65.4078,44.80323],[-65.40323,44.80202],[-65.40101,44.80199],[-65.39121,44.80504],[-65.38992,44.80593],[-65.38706,44.80897],[-65.38276,44.81074],[-65.3794,44.81081],[-65.37367,44.80962],[-65.36699,44.81048],[-65.3624,44.81318],[-65.35739,44.81927],[-65.3559,44.82067],[-65.35233,44.82324],[-65.34833,44.8252],[-65.34298,44.82676],[-65.32921,44.8321],[-65.31548,44.83352],[-65.3136,44.83464],[-65.31162,44.83649],[-65.31037,44.83988],[-65.30825,44.84095],[-65.30401,44.8412],[-65.29683,44.84252],[-65.2909,44.84154],[-65.28686,44.84144],[-65.27895,44.84246],[-65.27301,44.84429],[-65.27147,44.84499],[-65.26667,44.84899],[-65.26464,44.85013],[-65.25393,44.85339],[-65.24923,44.85412],[-65.24417,44.8561],[-65.23767,44.86094],[-65.22815,44.86587],[-65.2222,44.86765],[-65.21611,44.86894],[-65.20056,44.87065],[-65.18841,44.87864],[-65.1847,44.88231],[-65.18274,44.88351],[-65.17478,44.88371],[-65.15993,44.88192],[-65.15613,44.88316],[-65.15147,44.88537],[-65.15095,44.88729],[-65.15024,44.88845],[-65.14776,44.89116],[-65.13727,44.90181],[-65.13153,44.90619],[-65.12795,44.90797],[-65.12462,44.90882],[-65.12162,44.91011],[-65.11566,44.914],[-65.11169,44.91583],[-65.09781,44.92503],[-65.09488,44.92902],[-65.0931,44.93053],[-65.09149,44.93152],[-65.07657,44.93834],[-65.06203,44.94599],[-65.05974,44.94769],[-65.05672,44.95115],[-65.05549,44.95199],[-65.04821,44.95354],[-65.04299,44.95406]]}},{"type":"Feature","properties":{"name":"C2 Route 2 Canada - Wilmot, NS to Falmouth, NS (proposed) W-E Connected 88.3km fixed up"},"geometry":{"type":"LineString","coordinates":[[-65.04299,44.95406],[-65.03676,44.95484],[-65.02672,44.95542],[-65.02248,44.95632],[-65.01811,44.95669],[-65.01269,44.95614],[-65.00876,44.95664],[-64.99307,44.96399],[-64.97588,44.97385],[-64.97021,44.97747],[-64.96442,44.97985],[-64.95705,44.98479],[-64.93883,44.99081],[-64.93934,44.99165],[-64.92969,44.99579],[-64.92366,44.99795],[-64.92036,44.99972],[-64.91717,45.001],[-64.91049,45.00588],[-64.89772,45.01246],[-64.887,45.01606],[-64.87629,45.01798],[-64.86498,45.01752],[-64.86205,45.01712],[-64.85938,45.01598],[-64.85728,45.01603],[-64.85454,45.01694],[-64.84337,45.0234],[-64.83985,45.02508],[-64.83724,45.02794],[-64.83359,45.0288],[-64.82642,45.02789],[-64.82229,45.02843],[-64.81524,45.03007],[-64.81403,45.03004],[-64.81118,45.02925],[-64.80352,45.02939],[-64.79038,45.03161],[-64.77711,45.03195],[-64.76314,45.02945],[-64.75951,45.02922],[-64.7465,45.03184],[-64.7406,45.0327],[-64.73426,45.03271],[-64.71919,45.03461],[-64.70961,45.03396],[-64.68796,45.03846],[-64.68617,45.03956],[-64.68343,45.04233],[-64.68113,45.04604],[-64.67999,45.04706],[-64.66846,45.05186],[-64.6608,45.05403],[-64.63915,45.05636],[-64.63216,45.05759],[-64.6177,45.05893],[-64.60925,45.05936],[-64.59667,45.06206],[-64.59156,45.06217],[-64.5822,45.06607],[-64.58005,45.06664],[-64.56936,45.06737],[-64.54925,45.07043],[-64.54003,45.07534],[-64.53507,45.07679],[-64.52992,45.07693],[-64.51058,45.07651],[-64.50413,45.07795],[-64.49446,45.07703],[-64.49416,45.07803],[-64.4924,45.0776],[-64.49221,45.07793],[-64.4874,45.07613],[-64.48408,45.07388],[-64.48259,45.07336],[-64.47952,45.07317],[-64.47522,45.07239],[-64.46891,45.07201],[-64.46696,45.07239],[-64.46254,45.07447],[-64.45862,45.07509],[-64.45333,45.07569],[-64.4473,45.07542],[-64.43852,45.07734],[-64.43144,45.0768],[-64.42834,45.07718],[-64.42671,45.07786],[-64.42352,45.08016],[-64.42054,45.08108],[-64.41886,45.08182],[-64.41846,45.08245],[-64.41741,45.083],[-64.41328,45.08452],[-64.41042,45.08516],[-64.40147,45.08551],[-64.39812,45.08634],[-64.39336,45.08844],[-64.38586,45.08892],[-64.36975,45.09295],[-64.36708,45.09311],[-64.3599,45.09248],[-64.35973,45.09171],[-64.3532,45.09239],[-64.34883,45.09203],[-64.34531,45.09324],[-64.34007,45.09415],[-64.33414,45.09452],[-64.33279,45.09495],[-64.32982,45.09679],[-64.32614,45.09736],[-64.32354,45.09923],[-64.31779,45.10102],[-64.31471,45.10119],[-64.30953,45.10084],[-64.30668,45.1014],[-64.30541,45.10242],[-64.30461,45.10097],[-64.30454,45.09939],[-64.30359,45.09659],[-64.30304,45.08616],[-64.29985,45.08216],[-64.2989,45.08291],[-64.29601,45.08402],[-64.29052,45.08687],[-64.28628,45.08845],[-64.28187,45.08924],[-64.27407,45.09286],[-64.27187,45.09569],[-64.27114,45.09783],[-64.26886,45.09953],[-64.26635,45.09966],[-64.25874,45.09823],[-64.25794,45.09978],[-64.25696,45.1],[-64.25365,45.09853],[-64.24897,45.09712],[-64.24825,45.0966],[-64.24717,45.09486],[-64.24435,45.09307],[-64.23828,45.09138],[-64.23798,45.09093],[-64.23793,45.08922],[-64.23569,45.08587],[-64.23197,45.0837],[-64.23096,45.08252],[-64.23038,45.08101],[-64.22846,45.07987],[-64.22736,45.07783],[-64.22443,45.07623],[-64.22337,45.0748],[-64.22104,45.07429],[-64.21847,45.07427],[-64.21574,45.07338],[-64.21094,45.07323],[-64.20891,45.0722],[-64.20586,45.07195],[-64.20138,45.07005],[-64.19902,45.0684],[-64.1926,45.06598],[-64.18694,45.06641],[-64.18441,45.06509],[-64.1753,45.06205],[-64.17422,45.06103],[-64.16886,45.05343],[-64.16771,45.0508],[-64.16482,45.04819],[-64.16133,45.0467],[-64.15741,45.04588],[-64.15268,45.04396],[-64.15198,45.04329],[-64.15235,45.04082],[-64.15297,45.03912],[-64.15454,45.03761],[-64.15698,45.03345],[-64.1575,45.03231],[-64.15807,45.02943],[-64.159,45.02797],[-64.15863,45.02679],[-64.15776,45.0258],[-64.15753,45.0248],[-64.15852,45.01938],[-64.16187,45.01528],[-64.16348,45.01183],[-64.1648,45.01039],[-64.16775,45.00806],[-64.16839,45.00687],[-64.16744,45.0041],[-64.16603,45.00181],[-64.1652,45.00092],[-64.1603,44.99752],[-64.15901,44.99703],[-64.15471,44.99636],[-64.14808,44.99378]]}},{"type":"Feature","properties":{"name":"C2 Webster Street Kentville NS WB"},"geometry":{"type":"LineString","coordinates":[[-64.49416,45.07803],[-64.49991,45.07868],[-64.51322,45.07797],[-64.51935,45.07821],[-64.51983,45.0767]]}},{"type":"Feature","properties":{"name":"C2 Sackville Drive 001 NS WB"},"geometry":{"type":"LineString","coordinates":[[-63.71828,44.79382],[-63.71963,44.79429]]}},{"type":"Feature","properties":{"name":"C2 Sackville Drive 005 WB"},"geometry":{"type":"LineString","coordinates":[[-63.68965,44.77023],[-63.69216,44.77299]]}},{"type":"Feature","properties":{"name":"C2 Sackville Drive WB"},"geometry":{"type":"LineString","coordinates":[[-63.69496,44.77556],[-63.69587,44.77629]]}},{"type":"Feature","properties":{"name":"C2 Shore Road Digby WB"},"geometry":{"type":"LineString","coordinates":[[-65.75842,44.65959],[-65.75759,44.66039],[-65.75814,44.66153],[-65.75774,44.66152]]}},{"type":"Feature","properties":{"name":"C2 Track 003 Deep Brook NS WB"},"geometry":{"type":"LineString","coordinates":[[-65.66807,44.63066],[-65.66683,44.62899],[-65.66694,44.6278],[-65.67151,44.62602],[-65.67405,44.62407],[-65.67525,44.62173],[-65.6755,44.61808]]}},{"type":"Feature","properties":{"name":"C2 Track Conway NS WB"},"geometry":{"type":"LineString","coordinates":[[-65.76539,44.59645],[-65.77105,44.59774]]}},{"type":"Feature","properties":{"name":"C2 Route 2 Canada - Carters Point, NB to Digby, NS (proposed) W-E Connected pt1 22.1km fixed"},"geometry":{"type":"LineString","coordinates":[[-66.22513,45.34682],[-66.22447,45.34472],[-66.2218,45.34156],[-66.22082,45.33944],[-66.21752,45.33764],[-66.21445,45.33291],[-66.21251,45.33166],[-66.20621,45.33006],[-66.20463,45.32932],[-66.19935,45.32496],[-66.19614,45.32125],[-66.19487,45.3153],[-66.19368,45.31181],[-66.19515,45.30684],[-66.19499,45.30349],[-66.19556,45.29481],[-66.19465,45.29311],[-66.19225,45.29108],[-66.19192,45.28932],[-66.18825,45.28986],[-66.18083,45.28902],[-66.17605,45.28903],[-66.16858,45.28841],[-66.16593,45.28871],[-66.16324,45.2872],[-66.16257,45.2865],[-66.16201,45.28401],[-66.16211,45.28301],[-66.16171,45.28236],[-66.15834,45.2799],[-66.1539,45.27847],[-66.15206,45.27681],[-66.15166,45.27603],[-66.15183,45.27458],[-66.15489,45.27375],[-66.15561,45.27287],[-66.15546,45.26504],[-66.1549,45.26097],[-66.15366,45.25975],[-66.14552,45.25543],[-66.14278,45.2529],[-66.13439,45.25186],[-66.13217,45.25227],[-66.1301,45.25355],[-66.12821,45.25377],[-66.12593,45.25319],[-66.12391,45.25217],[-66.12114,45.25235],[-66.11998,45.25208],[-66.11148,45.24864],[-66.10423,45.25248],[-66.10091,45.25644],[-66.09923,45.25705],[-66.09056,45.25592],[-66.08322,45.25355],[-66.08155,45.25346],[-66.07979,45.25407],[-66.07837,45.254],[-66.07461,45.25197],[-66.07224,45.25395],[-66.0704,45.25305],[-66.06982,45.25363],[-66.06661,45.25299],[-66.06575,45.25321],[-66.06411,45.25477],[-66.06212,45.25483]]}},{"type":"Feature","properties":{"name":"C2 Broad Road WB"},"geometry":{"type":"LineString","coordinates":[[-66.46586,45.82985],[-66.46597,45.83013],[-66.46631,45.83004]]}},{"type":"Feature","properties":{"name":"C2 Lancaster Avenue 001 WB"},"geometry":{"type":"LineString","coordinates":[[-66.09228,45.25625],[-66.09312,45.25642]]}},{"type":"Feature","properties":{"name":"C2 Restigouche Road 002 WB"},"geometry":{"type":"LineString","coordinates":[[-66.48233,45.83558],[-66.4829,45.83612],[-66.48396,45.83629]]}},{"type":"Feature","properties":{"name":"C2 Track 003 Fredericton WB"},"geometry":{"type":"LineString","coordinates":[[-66.63566,45.94602],[-66.63541,45.94622]]}},{"type":"Feature","properties":{"name":"C2 Upper Kingsclear, NB to Carters Point, NB via Fredericton, NB (proposed) W-E Connected 123km fixed"},"geometry":{"type":"LineString","coordinates":[[-66.91363,45.8729],[-66.9063,45.88807],[-66.9051,45.8898],[-66.89887,45.89682],[-66.89118,45.90772],[-66.88039,45.92125],[-66.87879,45.92404],[-66.87438,45.9345],[-66.87217,45.93759],[-66.87056,45.93924],[-66.86722,45.94174],[-66.863,45.94386],[-66.85462,45.94706],[-66.84331,45.95202],[-66.82871,45.95622],[-66.82083,45.96086],[-66.81137,45.96456],[-66.80799,45.96708],[-66.80452,45.96829],[-66.80296,45.96844],[-66.78606,45.96811],[-66.77868,45.96731],[-66.76754,45.96546],[-66.74964,45.96448],[-66.74799,45.96454],[-66.73766,45.96686],[-66.72859,45.96756],[-66.71968,45.96729],[-66.71424,45.96647],[-66.71016,45.96668],[-66.70538,45.96645],[-66.70239,45.96522],[-66.6941,45.96583],[-66.68477,45.96516],[-66.67752,45.96336],[-66.6733,45.96172],[-66.67061,45.96186],[-66.66709,45.96327],[-66.65905,45.96488],[-66.6594,45.96615],[-66.65734,45.96631],[-66.65334,45.96601],[-66.64722,45.96639],[-66.6432,45.96562],[-66.6382,45.96279],[-66.63505,45.95986],[-66.63489,45.95909],[-66.63302,45.95617],[-66.63239,45.95318],[-66.63336,45.94902],[-66.63495,45.94653],[-66.63575,45.94607],[-66.63388,45.94425],[-66.63191,45.94112],[-66.6291,45.93809],[-66.62158,45.92851],[-66.6203,45.9279],[-66.61642,45.92736],[-66.61288,45.92628],[-66.60755,45.92658],[-66.60415,45.92567],[-66.59958,45.92284],[-66.59509,45.92054],[-66.58914,45.91547],[-66.58599,45.91252],[-66.58395,45.90823],[-66.57975,45.90563],[-66.57601,45.90248],[-66.57464,45.89977],[-66.57325,45.89855],[-66.57079,45.89749],[-66.56219,45.89584],[-66.56002,45.89497],[-66.55033,45.88589],[-66.54021,45.88018],[-66.53569,45.87664],[-66.53113,45.87525],[-66.52688,45.87443],[-66.52035,45.87118],[-66.51416,45.86981],[-66.5126,45.86913],[-66.51175,45.86818],[-66.51156,45.86704],[-66.51396,45.86085],[-66.51519,45.85881],[-66.51818,45.8554],[-66.5187,45.8539],[-66.51813,45.85201],[-66.5136,45.84839],[-66.51226,45.84574],[-66.51139,45.84534],[-66.50973,45.84526],[-66.49844,45.84072],[-66.49112,45.8393],[-66.48396,45.83629],[-66.48337,45.83573],[-66.48129,45.8352],[-66.46869,45.83003],[-66.46595,45.82993],[-66.465,45.82852],[-66.46272,45.82676],[-66.46225,45.82586],[-66.46284,45.82498],[-66.46606,45.82366],[-66.46676,45.82307],[-66.47021,45.81628],[-66.47254,45.80976],[-66.47343,45.80031],[-66.47421,45.7981],[-66.47568,45.79578],[-66.47637,45.79365],[-66.47797,45.79067],[-66.47968,45.78531],[-66.47798,45.77752],[-66.47671,45.77382],[-66.47698,45.76871],[-66.47674,45.76492],[-66.47511,45.76035],[-66.47746,45.75564],[-66.47822,45.75212],[-66.48554,45.7459],[-66.4877,45.73996],[-66.49055,45.73599],[-66.49203,45.73457],[-66.49547,45.73285],[-66.51007,45.72801],[-66.51357,45.72589],[-66.51454,45.72455],[-66.51506,45.72188],[-66.51586,45.72031],[-66.51731,45.71868],[-66.52072,45.71615],[-66.52175,45.71505],[-66.52424,45.71035],[-66.52861,45.70401],[-66.53335,45.70051],[-66.54572,45.68905],[-66.54931,45.68425],[-66.54991,45.68307],[-66.55027,45.68125],[-66.54878,45.67463],[-66.5485,45.66714],[-66.54781,45.6633],[-66.54814,45.66154],[-66.54926,45.66],[-66.55212,45.65775],[-66.56054,45.65509],[-66.56195,45.65433],[-66.56348,45.65274],[-66.56566,45.64884],[-66.5658,45.64715],[-66.56514,45.64313],[-66.56267,45.6362],[-66.56286,45.63533],[-66.5646,45.63219],[-66.56468,45.6306],[-66.56186,45.62666],[-66.56118,45.625],[-66.56103,45.61658],[-66.56222,45.60433],[-66.56152,45.60294],[-66.55634,45.599],[-66.55325,45.59411],[-66.553,45.59256],[-66.55392,45.58901],[-66.55378,45.58777],[-66.55173,45.58432],[-66.54839,45.58089],[-66.54695,45.57868],[-66.54439,45.57706],[-66.53483,45.56966],[-66.53381,45.56849],[-66.53075,45.56092],[-66.53066,45.55994],[-66.53096,45.55906],[-66.53307,45.55717],[-66.5341,45.5556],[-66.53499,45.54798],[-66.535,45.54653],[-66.53464,45.54535],[-66.5323,45.54176],[-66.5222,45.5338],[-66.51467,45.53098],[-66.51236,45.52821],[-66.50666,45.52484],[-66.50499,45.52229],[-66.50264,45.52039],[-66.49735,45.51819],[-66.48972,45.51317],[-66.48507,45.51081],[-66.4821,45.50589],[-66.47878,45.50299],[-66.47319,45.50155],[-66.46797,45.4989],[-66.46332,45.49597],[-66.45177,45.49111],[-66.44872,45.48887],[-66.43664,45.48413],[-66.43235,45.48207],[-66.42402,45.48045],[-66.41902,45.48072],[-66.4159,45.48144],[-66.41206,45.48281],[-66.40862,45.48331],[-66.39781,45.48144],[-66.38794,45.47777],[-66.38315,45.4751],[-66.38193,45.4741],[-66.38073,45.47215],[-66.37816,45.46906],[-66.37736,45.46849],[-66.37341,45.46703],[-66.36899,45.46235],[-66.36762,45.46136],[-66.36203,45.4593],[-66.35725,45.45846],[-66.35162,45.45646],[-66.3468,45.45756],[-66.34156,45.45606],[-66.34087,45.45412],[-66.33931,45.45282],[-66.33392,45.44493],[-66.323,45.43702],[-66.31523,45.43323],[-66.31389,45.43201],[-66.31308,45.4302],[-66.31301,45.42931],[-66.31573,45.42484],[-66.31553,45.42232],[-66.31647,45.41948],[-66.31532,45.41107],[-66.31474,45.40952],[-66.31324,45.40777],[-66.30798,45.40317],[-66.30712,45.3998],[-66.30484,45.39825],[-66.30043,45.39661],[-66.29789,45.39612],[-66.29176,45.39617],[-66.2902,45.39568],[-66.28791,45.3938],[-66.2867,45.39157],[-66.28266,45.3864],[-66.27575,45.38137],[-66.26935,45.37823],[-66.26588,45.37787],[-66.2616,45.37658],[-66.26068,45.37606],[-66.25611,45.37151],[-66.24892,45.36908],[-66.24789,45.36819],[-66.24611,45.36537],[-66.24258,45.36277],[-66.23906,45.35935],[-66.23732,45.35745],[-66.23544,45.3547],[-66.2312,45.35046],[-66.23012,45.34976],[-66.22697,45.34881],[-66.22513,45.34682]]}},{"type":"Feature","properties":{"name":"C2 Grand Falls, NB to Woodstock, NB (proposed) W-E Connected 117km fixed"},"geometry":{"type":"LineString","coordinates":[[-67.73793,47.04915],[-67.74488,47.04549],[-67.74408,47.04441],[-67.74411,47.04064],[-67.75292,47.02172],[-67.75318,47.01836],[-67.75728,47.01441],[-67.75798,47.01414],[-67.74256,46.98338],[-67.73776,46.9801],[-67.72782,46.97448],[-67.72648,46.97318],[-67.72572,46.97143],[-67.72679,46.96003],[-67.72898,46.95427],[-67.73055,46.94884],[-67.73106,46.9469],[-67.73107,46.94527],[-67.72903,46.94009],[-67.72385,46.93005],[-67.72278,46.926],[-67.71973,46.91755],[-67.72009,46.91577],[-67.72733,46.90133],[-67.72767,46.90014],[-67.72991,46.88594],[-67.73409,46.87294],[-67.73519,46.86501],[-67.73767,46.85511],[-67.73788,46.85305],[-67.73745,46.84998],[-67.73485,46.84457],[-67.73441,46.84295],[-67.73458,46.84139],[-67.73658,46.83669],[-67.73692,46.83488],[-67.73394,46.81859],[-67.73435,46.81803],[-67.73554,46.81786],[-67.73571,46.82054],[-67.73312,46.82016],[-67.7308,46.81929],[-67.72497,46.81597],[-67.722,46.8119],[-67.72163,46.81098],[-67.72133,46.8063],[-67.72505,46.79771],[-67.72807,46.78671],[-67.72724,46.78375],[-67.72504,46.77983],[-67.723,46.77702],[-67.71926,46.77414],[-67.71552,46.77064],[-67.71249,46.76924],[-67.70345,46.7633],[-67.69979,46.75878],[-67.69883,46.75714],[-67.69703,46.75338],[-67.69655,46.75021],[-67.6968,46.74821],[-67.69753,46.74601],[-67.69879,46.74381],[-67.69999,46.74251],[-67.70269,46.7404],[-67.71243,46.73425],[-67.7162,46.72971],[-67.71936,46.72665],[-67.72209,46.72459],[-67.72276,46.72346],[-67.72322,46.72334],[-67.72883,46.70466],[-67.72871,46.70303],[-67.72717,46.69747],[-67.72757,46.67715],[-67.72552,46.6651],[-67.7242,46.65402],[-67.72334,46.64919],[-67.7221,46.64667],[-67.71709,46.64093],[-67.71601,46.63922],[-67.71496,46.63095],[-67.71496,46.62892],[-67.71561,46.62711],[-67.72003,46.62063],[-67.72087,46.61852],[-67.72142,46.61136],[-67.72616,46.59333],[-67.72634,46.59143],[-67.72059,46.56747],[-67.71894,46.56477],[-67.71172,46.55878],[-67.70263,46.55321],[-67.69005,46.54846],[-67.68142,46.54329],[-67.67776,46.54166],[-67.66431,46.53819],[-67.66103,46.53706],[-67.6534,46.53298],[-67.61572,46.51502],[-67.61257,46.51249],[-67.60824,46.50715],[-67.6066,46.50558],[-67.58869,46.49205],[-67.58694,46.49019],[-67.58201,46.48078],[-67.58189,46.4794],[-67.58261,46.47727],[-67.58407,46.47566],[-67.59333,46.46896],[-67.60199,46.46368],[-67.61803,46.45249],[-67.61925,46.45028],[-67.61901,46.44783],[-67.61816,46.44647],[-67.61512,46.44385],[-67.61541,46.44351],[-67.61588,46.44354],[-67.61673,46.44449],[-67.61798,46.44489],[-67.61904,46.44242],[-67.61973,46.44029],[-67.61983,46.43816],[-67.61882,46.43392],[-67.61049,46.41555],[-67.6091,46.41156],[-67.60516,46.40558],[-67.59705,46.39842],[-67.59344,46.39462],[-67.58666,46.39076],[-67.57419,46.38668],[-67.57144,46.38531],[-67.56697,46.38173],[-67.56441,46.37858],[-67.56124,46.3735],[-67.56004,46.37058],[-67.55925,46.36713],[-67.55663,46.36012],[-67.55496,46.35443],[-67.55407,46.34851],[-67.54934,46.33679],[-67.5467,46.33211],[-67.54397,46.32416],[-67.54066,46.31787],[-67.53875,46.31495],[-67.53098,46.306],[-67.52857,46.30247],[-67.52866,46.29885],[-67.52702,46.29703],[-67.52144,46.29259],[-67.51528,46.28838],[-67.51169,46.28655],[-67.50847,46.28425],[-67.50558,46.28275],[-67.50341,46.28095],[-67.49772,46.275],[-67.49729,46.27401],[-67.5031,46.2641],[-67.50359,46.26229],[-67.50183,46.25682],[-67.50149,46.25391],[-67.50069,46.2523],[-67.49966,46.24464],[-67.50052,46.24163],[-67.50109,46.23217],[-67.50202,46.22842],[-67.5033,46.22048],[-67.50313,46.21964],[-67.50185,46.21766],[-67.50212,46.21643],[-67.50379,46.21527],[-67.50822,46.21465],[-67.51296,46.21058],[-67.51647,46.20997],[-67.5174,46.20947],[-67.51968,46.2065],[-67.52574,46.20006],[-67.52785,46.19853],[-67.53081,46.19556],[-67.54159,46.18911],[-67.54422,46.18631],[-67.54909,46.18505],[-67.55191,46.18398],[-67.55962,46.17958],[-67.56088,46.17796],[-67.56123,46.17569],[-67.56192,46.17391],[-67.56252,46.1679],[-67.56447,46.16448],[-67.57206,46.16641],[-67.57465,46.16845],[-67.57535,46.16715],[-67.57485,46.16405]]}},{"type":"Feature","properties":{"name":"C2 Main Street 002 New Brunswick WB"},"geometry":{"type":"LineString","coordinates":[[-67.61798,46.44489],[-67.61764,46.44556],[-67.61683,46.44574],[-67.61485,46.44495],[-67.61491,46.44446],[-67.61553,46.44437]]}},{"type":"Feature","properties":{"name":"C2 Main Street 003 Hartland NB WB"},"geometry":{"type":"LineString","coordinates":[[-67.52814,46.29841],[-67.52882,46.30012]]}},{"type":"Feature","properties":{"name":"C2 Route 102 001 New Brunswick WB"},"geometry":{"type":"LineString","coordinates":[[-66.9051,45.8898],[-66.90696,45.8872],[-66.90878,45.88311]]}},{"type":"Feature","properties":{"name":"C2 Route 102 New Brunswick WB"},"geometry":{"type":"LineString","coordinates":[[-66.97835,45.87193],[-66.98021,45.87472],[-66.98221,45.87588],[-66.98365,45.87616]]}},{"type":"Feature","properties":{"name":"C2 Track 007 Meductic NB WB"},"geometry":{"type":"LineString","coordinates":[[-67.48963,45.99568],[-67.49033,45.99526]]}},{"type":"Feature","properties":{"name":"C2 Track 008 Woodstock NB WB"},"geometry":{"type":"LineString","coordinates":[[-67.57483,46.16816],[-67.57422,46.16831]]}},{"type":"Feature","properties":{"name":"C2 Track 009 Perth-Andover NB WB"},"geometry":{"type":"LineString","coordinates":[[-67.72365,46.72197],[-67.72276,46.72346]]}},{"type":"Feature","properties":{"name":"C2 Track Main Street Temple Rd NB WB"},"geometry":{"type":"LineString","coordinates":[[-67.4271,45.97995],[-67.4279,45.98039]]}},{"type":"Feature","properties":{"name":"C2 Boulevard Broadway WB"},"geometry":{"type":"LineString","coordinates":[[-67.74472,47.04536],[-67.73677,47.04973]]}},{"type":"Feature","properties":{"name":"C2 Broadway Boulevard 001 WB"},"geometry":{"type":"LineString","coordinates":[[-67.73614,47.05101],[-67.73598,47.05152],[-67.73689,47.05186]]}},{"type":"Feature","properties":{"name":"C2 Riviere-du-Loup, QC to Temiscouata, QC (proposed) W-E Connected 70.8km fixed"},"geometry":{"type":"LineString","coordinates":[[-69.53716,47.83586],[-69.53711,47.83335],[-69.53635,47.83143],[-69.53156,47.82847],[-69.52943,47.82812],[-69.52835,47.82726],[-69.52801,47.82611],[-69.52656,47.82595],[-69.52468,47.82458],[-69.52158,47.8236],[-69.51501,47.8225],[-69.50998,47.82226],[-69.50479,47.8209],[-69.4684,47.79805],[-69.46375,47.79956],[-69.46035,47.79945],[-69.44607,47.79362],[-69.44205,47.79145],[-69.43949,47.79108],[-69.43727,47.79155],[-69.43281,47.79408],[-69.42575,47.80018],[-69.42445,47.80077],[-69.42264,47.80086],[-69.41988,47.80034],[-69.41366,47.79868],[-69.41276,47.79819],[-69.40937,47.79466],[-69.40595,47.78938],[-69.40613,47.78814],[-69.40716,47.78648],[-69.40809,47.78221],[-69.40618,47.776],[-69.40612,47.77067],[-69.40652,47.7687],[-69.40761,47.76635],[-69.40804,47.76347],[-69.40766,47.76258],[-69.4058,47.76042],[-69.40374,47.75972],[-69.40049,47.75998],[-69.39888,47.75975],[-69.39759,47.75899],[-69.39647,47.7572],[-69.39459,47.75586],[-69.39157,47.75498],[-69.38123,47.75572],[-69.37875,47.75636],[-69.37685,47.75593],[-69.37382,47.75465],[-69.36321,47.74411],[-69.3566,47.73701],[-69.35403,47.73372],[-69.35218,47.73244],[-69.34793,47.73061],[-69.33852,47.72796],[-69.33473,47.72655],[-69.3217,47.72001],[-69.3167,47.71824],[-69.31158,47.71542],[-69.30727,47.71387],[-69.30422,47.71135],[-69.30274,47.71063],[-69.30097,47.71023],[-69.2961,47.71003],[-69.28974,47.71072],[-69.28868,47.71128],[-69.28747,47.71276],[-69.28684,47.71524],[-69.28709,47.71698],[-69.28633,47.71827],[-69.28395,47.71912],[-69.28167,47.71863],[-69.28057,47.71755],[-69.28052,47.71554],[-69.28004,47.71434],[-69.27743,47.71275],[-69.27626,47.7115],[-69.27526,47.70734],[-69.27309,47.70433],[-69.27241,47.70229],[-69.27133,47.70045],[-69.27086,47.69775],[-69.26942,47.69605],[-69.26748,47.69454],[-69.26489,47.69348],[-69.25963,47.69258],[-69.25715,47.69123],[-69.25033,47.69003],[-69.24944,47.68933],[-69.24859,47.68728],[-69.2468,47.68632],[-69.24261,47.68581],[-69.23998,47.685],[-69.23791,47.6852],[-69.2332,47.68484],[-69.22991,47.68576],[-69.22856,47.68676],[-69.227,47.69003],[-69.22497,47.69313],[-69.22387,47.69392],[-69.2212,47.6946],[-69.22021,47.69539],[-69.2193,47.69836],[-69.21731,47.69976],[-69.21535,47.70268],[-69.21433,47.70338],[-69.21056,47.70491],[-69.20821,47.70476],[-69.2042,47.70256],[-69.20198,47.70249],[-69.20005,47.70352],[-69.19906,47.70457],[-69.19225,47.70862],[-69.19031,47.70933],[-69.18854,47.70953],[-69.18226,47.70924],[-69.16799,47.70789],[-69.15555,47.70816],[-69.15425,47.70854],[-69.14565,47.7144],[-69.13175,47.71959],[-69.12928,47.71986],[-69.12702,47.7195],[-69.12423,47.7184],[-69.12204,47.71645],[-69.11568,47.7133],[-69.10832,47.71283],[-69.10543,47.71215],[-69.10108,47.71046],[-69.09685,47.71032],[-69.09395,47.71076],[-69.09131,47.71042],[-69.08868,47.71052],[-69.08534,47.70941],[-69.08285,47.70766],[-69.08063,47.70723],[-69.0779,47.70731],[-69.07613,47.70682],[-69.07507,47.70575],[-69.07385,47.70317],[-69.07385,47.70214],[-69.07448,47.70121],[-69.07739,47.69904],[-69.07881,47.69349],[-69.0772,47.6899],[-69.07475,47.68828],[-69.07326,47.6865],[-69.07286,47.68545],[-69.07308,47.68385],[-69.07179,47.68204],[-69.07125,47.68061],[-69.06691,47.67715],[-69.06626,47.67628],[-69.06517,47.67329],[-69.06235,47.67143],[-69.06093,47.66933],[-69.05779,47.66783],[-69.05295,47.66714],[-69.05029,47.66542],[-69.0469,47.66159],[-69.045,47.66081],[-69.04367,47.6608],[-69.04207,47.66134],[-69.03987,47.66378],[-69.03525,47.66695],[-69.03395,47.66866],[-69.02731,47.67255],[-69.02288,47.6767],[-69.0211,47.67741],[-69.01966,47.67743],[-69.01837,47.67704],[-69.01551,47.67482],[-69.00726,47.67126],[-69.00204,47.67082],[-68.99686,47.66912],[-68.99248,47.66895],[-68.99032,47.66847],[-68.98843,47.66734],[-68.98667,47.66508],[-68.98363,47.6633],[-68.98168,47.66076],[-68.97951,47.66013],[-68.97797,47.66033],[-68.97383,47.66182],[-68.96592,47.66208],[-68.96363,47.6628],[-68.96241,47.66484],[-68.96011,47.66702],[-68.95894,47.66887],[-68.95818,47.66953],[-68.95563,47.67057],[-68.95237,47.67469],[-68.94605,47.67879],[-68.94197,47.68022],[-68.93892,47.68297],[-68.93575,47.68403],[-68.93476,47.68475],[-68.93432,47.68585],[-68.93384,47.68618],[-68.9319,47.68641],[-68.92792,47.68752],[-68.92297,47.68805],[-68.91314,47.68647],[-68.90442,47.68372],[-68.89602,47.68568],[-68.88688,47.68473]]}},{"type":"Feature","properties":{"name":"C2 Route 2 Canada - Temiscouata, QC to Edmundston, NB (proposed) W-E Connected 50.9km fixed"},"geometry":{"type":"LineString","coordinates":[[-68.88688,47.68473],[-68.87768,47.68373],[-68.87632,47.68279],[-68.87591,47.68103],[-68.87531,47.68063],[-68.87536,47.68025],[-68.87606,47.67973],[-68.87587,47.67863],[-68.87504,47.67775],[-68.87349,47.67689],[-68.86171,47.67152],[-68.85989,47.67142],[-68.85633,47.67216],[-68.85376,47.67177],[-68.85279,47.67122],[-68.85151,47.66953],[-68.8508,47.66907],[-68.8449,47.66735],[-68.83312,47.66155],[-68.82882,47.66018],[-68.82171,47.65664],[-68.8208,47.65483],[-68.82203,47.65205],[-68.82227,47.64835],[-68.82184,47.64763],[-68.81861,47.64502],[-68.81825,47.64336],[-68.8174,47.64184],[-68.81671,47.63582],[-68.8143,47.63217],[-68.81368,47.63056],[-68.81202,47.62787],[-68.81056,47.62636],[-68.80829,47.62547],[-68.80498,47.62339],[-68.7992,47.62234],[-68.7978,47.62178],[-68.79617,47.62011],[-68.79619,47.61927],[-68.79702,47.61711],[-68.79673,47.6162],[-68.79599,47.61548],[-68.78897,47.61241],[-68.78574,47.61136],[-68.78337,47.60933],[-68.77953,47.60847],[-68.77769,47.60677],[-68.77473,47.60591],[-68.77129,47.60375],[-68.76755,47.60216],[-68.76611,47.60121],[-68.76508,47.59966],[-68.76323,47.59823],[-68.76172,47.59626],[-68.75845,47.59436],[-68.75716,47.59378],[-68.75269,47.5928],[-68.74987,47.59292],[-68.73978,47.5914],[-68.73192,47.59162],[-68.72466,47.59352],[-68.71867,47.59462],[-68.71445,47.59416],[-68.71328,47.5943],[-68.70763,47.59729],[-68.69849,47.59724],[-68.68835,47.59556],[-68.68571,47.59371],[-68.6832,47.59306],[-68.68102,47.59175],[-68.67817,47.59063],[-68.6739,47.59018],[-68.67252,47.58926],[-68.67127,47.58785],[-68.66682,47.58559],[-68.66611,47.58349],[-68.66452,47.58187],[-68.65736,47.58016],[-68.65607,47.57959],[-68.65539,47.57883],[-68.65488,47.57735],[-68.65266,47.5757],[-68.65175,47.57465],[-68.64972,47.57009],[-68.6494,47.56864],[-68.64985,47.55683],[-68.6495,47.55549],[-68.6482,47.55386],[-68.6198,47.53743],[-68.61558,47.53572],[-68.6113,47.53469],[-68.5547,47.52743],[-68.54979,47.52625],[-68.54786,47.52493],[-68.54501,47.52192],[-68.53883,47.51838],[-68.51933,47.5099],[-68.51349,47.50584],[-68.51191,47.5051],[-68.49986,47.50068],[-68.4806,47.48698],[-68.45814,47.47256],[-68.44804,47.46902],[-68.44336,47.46801],[-68.43482,47.4643],[-68.42992,47.46256],[-68.42727,47.46121],[-68.42643,47.46062],[-68.42631,47.46014],[-68.42389,47.45849],[-68.41606,47.45202],[-68.41333,47.44917],[-68.41202,47.4484],[-68.40896,47.44799],[-68.40635,47.44679],[-68.39579,47.44014]]}},{"type":"Feature","properties":{"name":"C2 Track Grand Falls Portage NB WB"},"geometry":{"type":"LineString","coordinates":[[-67.75757,47.01328],[-67.75728,47.01441]]}},{"type":"Feature","properties":{"name":"C2 Leclercville, QC to Quebec City, QC (proposed) W-E Connected 67.5km fixed"},"geometry":{"type":"LineString","coordinates":[[-71.99559,46.57172],[-71.99421,46.57193],[-71.9917,46.57428],[-71.99058,46.57796],[-71.98481,46.58643],[-71.98329,46.58748],[-71.97846,46.58942],[-71.97708,46.59028],[-71.97374,46.59462],[-71.97013,46.59742],[-71.96792,46.60075],[-71.96427,46.6027],[-71.95897,46.60444],[-71.95698,46.60769],[-71.95343,46.61089],[-71.949,46.61267],[-71.93972,46.61545],[-71.93477,46.61638],[-71.92566,46.61721],[-71.91926,46.61851],[-71.91149,46.62257],[-71.90787,46.62371],[-71.90683,46.62432],[-71.90347,46.62832],[-71.90234,46.63218],[-71.89827,46.63523],[-71.89583,46.63937],[-71.89289,46.64186],[-71.89255,46.64433],[-71.89189,46.64538],[-71.88335,46.65177],[-71.88058,46.6554],[-71.87143,46.66084],[-71.86945,46.66278],[-71.86375,46.6651],[-71.85623,46.66591],[-71.85308,46.66516],[-71.82603,46.6458],[-71.81359,46.63868],[-71.80764,46.63653],[-71.79706,46.63173],[-71.79267,46.63121],[-71.77702,46.62741],[-71.76587,46.62646],[-71.75718,46.62495],[-71.74668,46.62433],[-71.7408,46.62268],[-71.73699,46.62282],[-71.73277,46.62371],[-71.71997,46.6222],[-71.71551,46.62257],[-71.70858,46.62249],[-71.7035,46.6233],[-71.69744,46.62322],[-71.69601,46.62367],[-71.69195,46.62603],[-71.68789,46.62719],[-71.67815,46.6282],[-71.66712,46.63061],[-71.65308,46.63111],[-71.64571,46.63338],[-71.63832,46.6351],[-71.63399,46.63548],[-71.62711,46.63924],[-71.62224,46.64334],[-71.62027,46.64614],[-71.6171,46.64883],[-71.61128,46.65222],[-71.60694,46.65431],[-71.60388,46.65646],[-71.60191,46.65731],[-71.58857,46.66171],[-71.58599,46.66227],[-71.58297,46.66237],[-71.57294,46.66163],[-71.5701,46.66174],[-71.5598,46.66466],[-71.55196,46.66584],[-71.54351,46.66757],[-71.53974,46.66863],[-71.53249,46.67177],[-71.52755,46.67341],[-71.51074,46.67712],[-71.50586,46.67907],[-71.50151,46.68159],[-71.49906,46.6825],[-71.48605,46.68506],[-71.47581,46.68812],[-71.46834,46.68765],[-71.46646,46.68789],[-71.45917,46.69079],[-71.45313,46.69361],[-71.448,46.69435],[-71.44661,46.69534],[-71.44574,46.69827],[-71.44488,46.69958],[-71.44213,46.70103],[-71.43844,46.70134],[-71.43379,46.70109],[-71.42472,46.69972],[-71.42093,46.69978],[-71.41221,46.70077],[-71.39516,46.70091],[-71.3879,46.70284],[-71.3827,46.70513],[-71.37859,46.70653],[-71.37387,46.70718],[-71.36624,46.70908],[-71.35837,46.71258],[-71.33487,46.71949],[-71.33118,46.72191],[-71.32634,46.72415],[-71.31714,46.7262],[-71.30044,46.7314],[-71.29947,46.73196],[-71.29192,46.73881],[-71.29023,46.73932],[-71.28719,46.73929],[-71.28413,46.74016],[-71.28405,46.74078],[-71.28537,46.74152],[-71.29183,46.75257],[-71.29058,46.75335],[-71.29013,46.75322],[-71.28919,46.75374],[-71.28929,46.75416],[-71.28864,46.75457],[-71.28698,46.75473]]}},{"type":"Feature","properties":{"name":"C2 Route Marie-Victorin WB"},"geometry":{"type":"LineString","coordinates":[[-71.30631,46.72948],[-71.3136,46.72742]]}},{"type":"Feature","properties":{"name":"C2 Route Verte 001 WB"},"geometry":{"type":"LineString","coordinates":[[-72.3347,46.38281],[-72.33594,46.38277],[-72.33597,46.38249]]}},{"type":"Feature","properties":{"name":"C2 Track 006 Nicolet QC WB"},"geometry":{"type":"LineString","coordinates":[[-72.62436,46.22446],[-72.62551,46.22455]]}},{"type":"Feature","properties":{"name":"C2 Track Nicolet QC WB"},"geometry":{"type":"LineString","coordinates":[[-72.62032,46.22754],[-72.61999,46.2274],[-72.62011,46.22708]]}},{"type":"Feature","properties":{"name":"C2 Lancaster, ON to Montreal, QC (proposed) W-E Connected 100km pt2 fixed"},"geometry":{"type":"LineString","coordinates":[[-73.73958,45.43895],[-73.73752,45.43903],[-73.73516,45.4401],[-73.73028,45.44078],[-73.72334,45.44071],[-73.72223,45.44036],[-73.72,45.43873],[-73.71828,45.43878],[-73.71727,45.43828],[-73.71478,45.43801],[-73.71291,45.43652],[-73.71004,45.43619],[-73.70854,45.43644],[-73.7054,45.43528],[-73.69977,45.43505],[-73.69349,45.43303],[-73.68956,45.43298],[-73.68899,45.43328],[-73.68923,45.43359],[-73.68785,45.43394],[-73.68514,45.43383],[-73.68392,45.43353],[-73.68366,45.43303],[-73.68388,45.43273],[-73.68354,45.4325],[-73.68138,45.43246],[-73.67493,45.43104],[-73.67116,45.4312],[-73.67062,45.43095],[-73.66667,45.43199],[-73.66585,45.43107],[-73.66099,45.43307],[-73.65999,45.43394],[-73.65775,45.43498],[-73.65372,45.43652],[-73.64553,45.4408],[-73.64609,45.44126],[-73.63111,45.44721],[-73.62941,45.44836],[-73.6265,45.4512],[-73.62195,45.4543],[-73.61764,45.45655],[-73.61173,45.45889],[-73.60355,45.46145],[-73.59933,45.46324],[-73.59603,45.46523],[-73.5954,45.46476],[-73.59275,45.46609],[-73.58886,45.46697],[-73.58454,45.4688],[-73.58219,45.47038],[-73.57765,45.47541],[-73.57278,45.47958],[-73.5728,45.48004],[-73.57176,45.48048],[-73.56607,45.48492],[-73.56674,45.48548],[-73.56511,45.48612]]}},{"type":"Feature","properties":{"name":"C2 Piste multifonctionnelle 003 WB"},"geometry":{"type":"LineString","coordinates":[[-73.58065,45.47209],[-73.58077,45.47182]]}},{"type":"Feature","properties":{"name":"C2 Track 005 Piste Cyclable Des Berges WB"},"geometry":{"type":"LineString","coordinates":[[-73.72002,45.43893],[-73.7201,45.43897]]}},{"type":"Feature","properties":{"name":"C2 Brockville, ON to Lancaster, ON (proposed) W-E Connected 135km fixed"},"geometry":{"type":"LineString","coordinates":[[-75.70191,44.57793],[-75.70069,44.57896],[-75.69779,44.5824],[-75.69188,44.58492],[-75.69012,44.58644],[-75.68936,44.58599],[-75.68628,44.58662],[-75.68321,44.58864],[-75.68305,44.58905],[-75.67711,44.59276],[-75.67783,44.59363],[-75.67172,44.59754],[-75.65928,44.6064],[-75.65174,44.6111],[-75.64555,44.61717],[-75.6383,44.62105],[-75.62628,44.62633],[-75.613,44.63526],[-75.60471,44.64125],[-75.60215,44.64383],[-75.5989,44.6483],[-75.59635,44.65049],[-75.59126,44.65238],[-75.57884,44.65952],[-75.57288,44.66485],[-75.571,44.66763],[-75.56809,44.67071],[-75.56547,44.67471],[-75.56226,44.67818],[-75.55764,44.68181],[-75.55022,44.68841],[-75.53767,44.69795],[-75.53615,44.69871],[-75.53148,44.69972],[-75.52881,44.70137],[-75.52684,44.70334],[-75.52225,44.70477],[-75.51154,44.71114],[-75.50732,44.71257],[-75.49983,44.71719],[-75.48001,44.72751],[-75.47865,44.7286],[-75.47733,44.73029],[-75.47453,44.73684],[-75.4736,44.73801],[-75.46022,44.74856],[-75.4548,44.7501],[-75.45283,44.75127],[-75.4519,44.75217],[-75.44712,44.75914],[-75.44579,44.76045],[-75.444,44.76141],[-75.4351,44.76348],[-75.43356,44.76431],[-75.42982,44.77139],[-75.4286,44.77547],[-75.42624,44.77793],[-75.4224,44.78001],[-75.41627,44.7815],[-75.40549,44.78043],[-75.40006,44.78097],[-75.38718,44.7857],[-75.37566,44.79359],[-75.37359,44.79642],[-75.37254,44.79729],[-75.36093,44.8026],[-75.35199,44.81],[-75.34766,44.81227],[-75.34368,44.81523],[-75.33362,44.81908],[-75.33195,44.82046],[-75.33084,44.82222],[-75.32255,44.8465],[-75.32205,44.84668],[-75.32121,44.84774],[-75.30693,44.85705],[-75.30335,44.85783],[-75.29331,44.85669],[-75.29053,44.85682],[-75.28781,44.85746],[-75.27732,44.86324],[-75.27291,44.86529],[-75.15333,44.91346],[-75.15004,44.91556],[-75.14433,44.92282],[-75.14226,44.92457],[-75.13114,44.93146],[-75.11631,44.93742],[-75.11069,44.93874],[-75.09316,44.94068],[-75.09275,44.93958],[-75.09129,44.93918],[-75.08896,44.94033],[-75.08662,44.94073],[-75.08572,44.94053],[-75.08469,44.9397],[-75.08236,44.93942],[-75.08102,44.94028],[-75.08122,44.94201],[-75.08088,44.9425],[-75.07301,44.94625],[-75.06548,44.94922],[-75.06128,44.95014],[-75.05935,44.94991],[-75.05668,44.94861],[-75.05599,44.94907],[-75.05415,44.94941],[-75.05284,44.95076],[-75.05256,44.95185],[-75.04971,44.95278],[-75.04923,44.95417],[-75.0462,44.95677],[-75.03652,44.95802],[-75.02862,44.96236],[-75.02663,44.96309],[-75.02644,44.96338],[-75.02697,44.96452],[-75.0245,44.96673],[-75.02459,44.96752],[-75.02403,44.96843],[-75.02448,44.96945],[-75.02562,44.96994],[-75.02587,44.97049],[-75.00667,44.98347],[-75.0013,44.98618],[-74.99616,44.98827],[-74.99448,44.99024],[-74.99492,44.9908],[-74.99376,44.99042],[-74.98288,44.99329],[-74.97935,44.99456],[-74.97846,44.99655],[-74.97643,44.99776],[-74.97389,44.998],[-74.97405,44.99656],[-74.97337,44.99539],[-74.9696,44.99195],[-74.96804,44.99124],[-74.96676,44.99106],[-74.96071,44.99158],[-74.95237,44.99418],[-74.94701,44.99464],[-74.94229,44.99548],[-74.93017,44.99393],[-74.92308,44.99573],[-74.91326,44.9969],[-74.9043,44.99708],[-74.90117,44.99782],[-74.8995,44.9988],[-74.89529,45.00245],[-74.89406,45.00476],[-74.89411,45.00637],[-74.89607,45.01327],[-74.89569,45.01486],[-74.89357,45.01767],[-74.89304,45.01871],[-74.89298,45.01962],[-74.89562,45.02491],[-74.89596,45.02709],[-74.89053,45.02897],[-74.88522,45.02907],[-74.88052,45.02853],[-74.87491,45.02871],[-74.87061,45.0284],[-74.86498,45.02992],[-74.86373,45.02996],[-74.86214,45.03091],[-74.8584,45.03205],[-74.85741,45.03194],[-74.85361,45.03265],[-74.85172,45.03235],[-74.84996,45.03259],[-74.84829,45.0338],[-74.84093,45.03487],[-74.83651,45.03464],[-74.83494,45.03407],[-74.82676,45.03332],[-74.79079,45.03187],[-74.7897,45.03173],[-74.78907,45.03103],[-74.78296,45.02303],[-74.78416,45.02174],[-74.78443,45.01608],[-74.78582,45.01497],[-74.7864,45.0136],[-74.78589,45.01307],[-74.78652,45.01169],[-74.78566,45.01127],[-74.78537,45.01054],[-74.78473,45.0101],[-74.77737,45.00914],[-74.76337,45.0096],[-74.75615,45.00921],[-74.75061,45.0105],[-74.74217,45.0108],[-74.74,45.01005],[-74.7396,45.00964],[-74.73688,45.00959],[-74.7341,45.01137],[-74.73216,45.01194],[-74.73213,45.0127],[-74.73027,45.0128],[-74.72927,45.01319],[-74.72598,45.01331],[-74.72489,45.01367],[-74.72386,45.01342],[-74.72146,45.01375],[-74.72112,45.01406],[-74.72118,45.01483],[-74.71799,45.01455],[-74.71735,45.01526],[-74.71623,45.01491],[-74.71562,45.01607],[-74.7114,45.01504],[-74.7085,45.01575],[-74.70686,45.01676],[-74.70545,45.01692],[-74.70442,45.01777],[-74.70272,45.01783],[-74.70078,45.01731],[-74.70003,45.01763],[-74.69946,45.01705],[-74.69894,45.01708],[-74.69572,45.01927],[-74.696,45.02005],[-74.69198,45.02093],[-74.68854,45.02213],[-74.68591,45.02333],[-74.68245,45.02568],[-74.67953,45.02685],[-74.67302,45.02851],[-74.66662,45.03183],[-74.66476,45.03317],[-74.66321,45.03327],[-74.65899,45.03168],[-74.65695,45.03158],[-74.65486,45.03202],[-74.65104,45.03349],[-74.64759,45.0356],[-74.64457,45.03596],[-74.64348,45.03584],[-74.63966,45.03364],[-74.63847,45.03326],[-74.6286,45.03404],[-74.62252,45.037],[-74.61734,45.04116],[-74.61488,45.04266],[-74.61038,45.04471],[-74.60796,45.04533],[-74.60094,45.04616],[-74.59693,45.04537],[-74.59571,45.04542],[-74.59414,45.04599],[-74.5925,45.04724],[-74.59045,45.04811],[-74.5869,45.04898],[-74.58338,45.05046],[-74.57944,45.05119],[-74.5625,45.0579],[-74.54827,45.0621],[-74.54586,45.06404],[-74.54507,45.0659],[-74.54455,45.06838],[-74.54042,45.07472],[-74.53922,45.07978],[-74.53493,45.08437],[-74.53192,45.0889],[-74.53196,45.09156],[-74.52686,45.09609],[-74.52593,45.09967],[-74.5248,45.10714],[-74.52173,45.11072],[-74.51922,45.11539],[-74.5154,45.11897],[-74.50763,45.12159],[-74.50263,45.12521],[-74.49844,45.1263],[-74.49176,45.12897],[-74.49136,45.12973],[-74.49162,45.1304],[-74.49515,45.13469],[-74.49394,45.13545],[-74.4937,45.13725],[-74.482,45.1467],[-74.47048,45.15173]]}},{"type":"Feature","properties":{"name":"C2 County Road 2 002 WB"},"geometry":{"type":"LineString","coordinates":[[-75.32121,44.84774],[-75.3225,44.84694],[-75.32287,44.84594]]}},{"type":"Feature","properties":{"name":"C2 County Road 2 WB"},"geometry":{"type":"LineString","coordinates":[[-74.66476,45.03317],[-74.66545,45.03295],[-74.66575,45.03329],[-74.6649,45.03358],[-74.66422,45.03337],[-74.66567,45.03248]]}},{"type":"Feature","properties":{"name":"C2 Adolphustown, ON to Brockville, ON (proposed) W-E Connected 131km pt2 fixed"},"geometry":{"type":"LineString","coordinates":[[-76.49942,44.22252],[-76.49496,44.22297],[-76.49041,44.22277],[-76.48626,44.22485],[-76.48575,44.22422],[-76.48526,44.22425],[-76.47973,44.2302],[-76.47875,44.23346],[-76.47808,44.23425],[-76.47223,44.23495],[-76.46914,44.23565],[-76.4577,44.23982],[-76.43314,44.24149],[-76.4222,44.24407],[-76.40994,44.25012],[-76.38533,44.26004],[-76.37048,44.26812],[-76.3671,44.26935],[-76.35499,44.27632],[-76.34756,44.27983],[-76.33664,44.28435],[-76.31556,44.29643],[-76.31443,44.29734],[-76.3124,44.30072],[-76.30856,44.30457],[-76.30699,44.30541],[-76.30309,44.30658],[-76.29868,44.30733],[-76.28428,44.30825],[-76.2742,44.30978],[-76.24716,44.31789],[-76.24387,44.31859],[-76.23025,44.31989],[-76.21896,44.32332],[-76.20797,44.32374],[-76.20299,44.32274],[-76.19794,44.32265],[-76.19264,44.32119],[-76.19008,44.32099],[-76.18839,44.32144],[-76.17806,44.3257],[-76.16471,44.32631],[-76.16436,44.32844],[-76.14868,44.33833],[-76.14334,44.33863],[-76.14117,44.33967],[-76.13826,44.33784],[-76.13343,44.33641],[-76.12659,44.33601],[-76.12247,44.33647],[-76.11443,44.33874],[-76.1011,44.34687],[-76.09592,44.34929],[-76.09267,44.35041],[-76.08076,44.35321],[-76.07735,44.35325],[-76.0606,44.35028],[-76.05311,44.34962],[-76.04944,44.34989],[-76.04619,44.35081],[-76.0363,44.35461],[-76.03026,44.35855],[-76.01947,44.36131],[-76.01083,44.3654],[-76.00328,44.36658],[-75.98981,44.36974],[-75.97122,44.36846],[-75.96405,44.36942],[-75.9615,44.37018],[-75.95155,44.37463],[-75.94134,44.37702],[-75.93943,44.37778],[-75.93676,44.37971],[-75.90978,44.40789],[-75.89728,44.41713],[-75.89262,44.42156],[-75.88801,44.42917],[-75.88651,44.43088],[-75.88214,44.43442],[-75.87702,44.43735],[-75.87573,44.43855],[-75.87238,44.44291],[-75.86798,44.44558],[-75.86604,44.44715],[-75.85933,44.45496],[-75.83757,44.47203],[-75.83596,44.47414],[-75.83259,44.48189],[-75.82999,44.48476],[-75.82701,44.48654],[-75.81808,44.49039],[-75.81617,44.49169],[-75.80463,44.50501],[-75.80329,44.50613],[-75.80132,44.50722],[-75.78951,44.5121],[-75.78776,44.51339],[-75.787,44.51441],[-75.78614,44.51444],[-75.78533,44.51815],[-75.78369,44.52004],[-75.77339,44.52467],[-75.76985,44.52683],[-75.76614,44.53041],[-75.76321,44.53402],[-75.76318,44.53449],[-75.7639,44.5348],[-75.76317,44.53607],[-75.75749,44.54174],[-75.75564,44.54289],[-75.74845,44.546],[-75.74631,44.54768],[-75.74386,44.55077],[-75.74245,44.55198],[-75.72971,44.5579],[-75.72805,44.55899],[-75.72673,44.56034],[-75.72139,44.56792],[-75.72014,44.56912],[-75.71415,44.57276],[-75.70639,44.57525],[-75.70191,44.57793]]}},{"type":"Feature","properties":{"name":"C2 County Road 2 004 WB"},"geometry":{"type":"LineString","coordinates":[[-75.71914,44.56978],[-75.7213,44.56827],[-75.72711,44.56011],[-75.72819,44.55906],[-75.72965,44.55808],[-75.74216,44.55231],[-75.74352,44.55135],[-75.7458,44.54842],[-75.74789,44.5465],[-75.74984,44.54536],[-75.75678,44.54242],[-75.76298,44.53652],[-75.7639,44.5348]]}},{"type":"Feature","properties":{"name":"C2 King Street East 001 WB"},"geometry":{"type":"LineString","coordinates":[[-76.16453,44.32675],[-76.16489,44.32631]]}},{"type":"Feature","properties":{"name":"C2 Ontario Street 002 WB"},"geometry":{"type":"LineString","coordinates":[[-76.47808,44.23425],[-76.47858,44.23403],[-76.47875,44.23346]]}},{"type":"Feature","properties":{"name":"C2 and C3 Adolphustown, ON to Brockville, ON (proposed) W-E Connected 131km pt1 fixed"},"geometry":{"type":"LineString","coordinates":[[-77.00667,44.06366],[-77.00254,44.06538],[-76.99201,44.07059],[-76.97269,44.07874],[-76.95936,44.08494],[-76.95222,44.08955],[-76.94979,44.09159],[-76.94691,44.0949],[-76.93747,44.10138],[-76.92413,44.10858],[-76.91768,44.11123],[-76.91071,44.11599],[-76.89255,44.12513],[-76.88871,44.12676],[-76.88282,44.12848],[-76.87522,44.12836],[-76.87111,44.12951],[-76.86694,44.1315],[-76.85657,44.13778],[-76.8418,44.14593],[-76.8404,44.14703],[-76.83814,44.1496],[-76.83604,44.15099],[-76.83338,44.15194],[-76.82904,44.15256],[-76.82723,44.15311],[-76.81993,44.15703],[-76.81074,44.16046],[-76.79827,44.16634],[-76.7936,44.16781],[-76.79153,44.16961],[-76.78717,44.17518],[-76.78102,44.17992],[-76.77792,44.18192],[-76.77049,44.18472],[-76.75723,44.18376],[-76.75575,44.18403],[-76.74532,44.19005],[-76.74018,44.19394],[-76.73403,44.19615],[-76.73064,44.19782],[-76.72959,44.19872],[-76.72655,44.20268],[-76.72479,44.20392],[-76.72253,44.20448],[-76.71356,44.20487],[-76.71104,44.20528],[-76.7076,44.20713],[-76.70349,44.21047],[-76.68878,44.21666],[-76.6868,44.21657],[-76.68208,44.21464],[-76.66813,44.21307],[-76.66395,44.2147],[-76.65899,44.21484],[-76.6572,44.2152],[-76.65398,44.21734],[-76.65255,44.21785],[-76.6465,44.21793],[-76.63968,44.21969],[-76.63681,44.22089],[-76.6326,44.22181],[-76.631,44.22262],[-76.62974,44.22372],[-76.62859,44.22615],[-76.6248,44.2322],[-76.62292,44.2345],[-76.61673,44.23818],[-76.60786,44.24224],[-76.6067,44.24237],[-76.60394,44.24196],[-76.59491,44.23931],[-76.59493,44.2385],[-76.59533,44.23804],[-76.59359,44.23756],[-76.59283,44.23067],[-76.59137,44.22946],[-76.58757,44.22882],[-76.5862,44.22808],[-76.58556,44.22688],[-76.585,44.22059],[-76.58553,44.2194],[-76.58173,44.21783],[-76.55056,44.21932],[-76.5433,44.22017],[-76.53575,44.21987],[-76.52486,44.22031],[-76.50638,44.22159],[-76.49942,44.22252]]}},{"type":"Feature","properties":{"name":"C2 Bayridge Drive 003 WB"},"geometry":{"type":"LineString","coordinates":[[-76.59356,44.23704],[-76.59359,44.23756]]}},{"type":"Feature","properties":{"name":"C2 King Street West 006 WB"},"geometry":{"type":"LineString","coordinates":[[-76.52451,44.22046],[-76.54068,44.22015]]}},{"type":"Feature","properties":{"name":"C2 Loyalist Parkway WB"},"geometry":{"type":"LineString","coordinates":[[-77.17736,43.99478],[-77.1799,43.99411]]}},{"type":"Feature","properties":{"name":"Route 2 Canada - Scarborough, ON to Cobourg, ON (proposed) W-E Connected 104km fixed"},"geometry":{"type":"LineString","coordinates":[[-79.11636,43.79684],[-79.11165,43.79761],[-79.11059,43.79861],[-79.10962,43.79888],[-79.10895,43.80019],[-79.10834,43.80038],[-79.10817,43.80124],[-79.10676,43.80192],[-79.1046,43.80396],[-79.10368,43.80539],[-79.10103,43.80679],[-79.10183,43.80869],[-79.10043,43.809],[-79.10006,43.80804],[-79.0998,43.80808],[-79.09995,43.80847],[-79.09925,43.809],[-79.0987,43.809],[-79.09638,43.81045],[-79.09702,43.811],[-79.09708,43.81195],[-79.09657,43.8124],[-79.0978,43.81504],[-79.09751,43.81575],[-79.09819,43.81709],[-79.09781,43.81778],[-79.09823,43.81858],[-79.09807,43.81919],[-79.09884,43.81943],[-79.09847,43.82057],[-79.09876,43.82138],[-79.09923,43.82145],[-79.09978,43.82225],[-79.0997,43.8228],[-79.09935,43.82319],[-79.09926,43.82409],[-79.09225,43.8273],[-79.09126,43.82544],[-79.09003,43.82571],[-79.08848,43.82536],[-79.08727,43.82556],[-79.08712,43.825],[-79.08804,43.82319],[-79.08655,43.81972],[-79.08693,43.8196],[-79.08583,43.81752],[-79.08425,43.81621],[-79.08209,43.81683],[-79.08016,43.81267],[-79.07535,43.81165],[-79.07465,43.81172],[-79.07415,43.81316],[-79.0724,43.81305],[-79.07079,43.81407],[-79.07017,43.81351],[-79.06951,43.81355],[-79.06225,43.8153],[-79.06023,43.81565],[-79.06014,43.81542],[-79.05586,43.81638],[-79.05522,43.81608],[-79.05397,43.81325],[-79.05244,43.81327],[-79.05178,43.81218],[-79.04807,43.81401],[-79.0477,43.81453],[-79.0466,43.81471],[-79.04535,43.81591],[-79.04244,43.81661],[-79.04115,43.8163],[-79.03801,43.81638],[-79.03685,43.81709],[-79.03555,43.81654],[-79.03469,43.81706],[-79.03385,43.81675],[-79.02836,43.81658],[-79.02424,43.81599],[-79.0203,43.81798],[-79.01623,43.81949],[-79.01361,43.82011],[-79.012,43.81981],[-79.01079,43.82022],[-79.00055,43.82555],[-78.99593,43.82747],[-78.99476,43.82744],[-78.99385,43.8278],[-78.99325,43.82757],[-78.98981,43.82779],[-78.98977,43.82954],[-78.99049,43.83012],[-78.99144,43.83195],[-78.99104,43.83284],[-78.98927,43.83267],[-78.98764,43.83148],[-78.98445,43.83075],[-78.98171,43.8289],[-78.98033,43.82922],[-78.9798,43.82883],[-78.97838,43.82921],[-78.97535,43.83082],[-78.97091,43.8338],[-78.97004,43.83447],[-78.96924,43.83575],[-78.96848,43.83619],[-78.96807,43.83754],[-78.96883,43.83832],[-78.96772,43.83927],[-78.97138,43.84788],[-78.97103,43.84831],[-78.97166,43.84983],[-78.97128,43.85041],[-78.97019,43.85095],[-78.966,43.85141],[-78.96609,43.85227],[-78.96532,43.85266],[-78.96515,43.85371],[-78.966,43.85414],[-78.96667,43.85529],[-78.95734,43.85731],[-78.95651,43.85579],[-78.95592,43.85545],[-78.95479,43.85602],[-78.94365,43.85846],[-78.94254,43.85584],[-78.9403,43.85656],[-78.94028,43.85827],[-78.93809,43.85915],[-78.937,43.85889],[-78.93533,43.85927],[-78.93445,43.85723],[-78.93257,43.85717],[-78.93126,43.85404],[-78.92995,43.85299],[-78.92855,43.85259],[-78.92762,43.8519],[-78.92693,43.8519],[-78.9264,43.85133],[-78.92436,43.85083],[-78.92277,43.85123],[-78.92171,43.85102],[-78.9191,43.84977],[-78.91629,43.85014],[-78.91577,43.84883],[-78.90675,43.84683],[-78.90541,43.84717],[-78.90374,43.84691],[-78.90322,43.84711],[-78.90221,43.84815],[-78.90152,43.84838],[-78.90111,43.84924],[-78.90002,43.84972],[-78.8999,43.8502],[-78.89856,43.85143],[-78.89861,43.85346],[-78.89518,43.85434],[-78.89463,43.85553],[-78.89415,43.85586],[-78.8947,43.85732],[-78.8906,43.85824],[-78.89033,43.85724],[-78.88812,43.8576],[-78.88724,43.85557],[-78.88455,43.85539],[-78.88232,43.85477],[-78.88134,43.85288],[-78.87997,43.85242],[-78.87334,43.85161],[-78.86954,43.85271],[-78.86813,43.85197],[-78.8665,43.85196],[-78.86473,43.85295],[-78.85636,43.85477],[-78.85594,43.85523],[-78.85257,43.85525],[-78.84535,43.85728],[-78.84349,43.85724],[-78.84213,43.85932],[-78.84222,43.85985],[-78.84062,43.86057],[-78.83844,43.86012],[-78.83684,43.86042],[-78.83637,43.85958],[-78.83548,43.85932],[-78.83468,43.85948],[-78.83412,43.85893],[-78.83166,43.85911],[-78.83109,43.86109],[-78.83209,43.86268],[-78.82898,43.86352],[-78.82884,43.86405],[-78.82952,43.86488],[-78.82927,43.86573],[-78.83476,43.86869],[-78.83019,43.87107],[-78.81875,43.87368],[-78.81883,43.87402],[-78.82147,43.87576],[-78.82244,43.87812],[-78.8218,43.8793],[-78.82247,43.88052],[-78.81347,43.88261],[-78.81158,43.88263],[-78.80962,43.88168],[-78.80832,43.8791],[-78.80593,43.8767],[-78.80423,43.87658],[-78.80294,43.87759],[-78.80021,43.87597],[-78.79558,43.87441],[-78.7906,43.8738],[-78.7876,43.87431],[-78.78424,43.87429],[-78.78378,43.87486],[-78.78051,43.87483],[-78.77745,43.87567],[-78.77393,43.8759],[-78.77126,43.87685],[-78.76746,43.87762],[-78.76623,43.87737],[-78.76359,43.87574],[-78.76137,43.87515],[-78.75994,43.8774],[-78.75732,43.8785],[-78.74541,43.87944],[-78.74251,43.88008],[-78.74238,43.87975],[-78.7316,43.88164],[-78.72957,43.881],[-78.72716,43.88119],[-78.72665,43.88158],[-78.72263,43.88071],[-78.72125,43.88086],[-78.72025,43.88155],[-78.7195,43.88318],[-78.71837,43.88393],[-78.70974,43.88523],[-78.70603,43.88625],[-78.69222,43.89261],[-78.69049,43.89258],[-78.68881,43.89319],[-78.68805,43.89159],[-78.68754,43.89173],[-78.68601,43.89301],[-78.68554,43.89405],[-78.68254,43.89507],[-78.67853,43.89552],[-78.67542,43.89397],[-78.6749,43.89501],[-78.67156,43.89524],[-78.67158,43.8947],[-78.67089,43.89471],[-78.67025,43.894],[-78.66908,43.89438],[-78.66703,43.89422],[-78.66533,43.89112],[-78.66443,43.89096],[-78.664,43.89007],[-78.66352,43.88993],[-78.65942,43.89088],[-78.65764,43.8917],[-78.65291,43.89247],[-78.65283,43.89317],[-78.65175,43.89366],[-78.64993,43.89323],[-78.649,43.89254],[-78.64459,43.89308],[-78.64125,43.89288],[-78.64052,43.8938],[-78.64113,43.8953],[-78.63912,43.89585],[-78.63396,43.89819],[-78.6315,43.89872],[-78.63065,43.89943],[-78.62907,43.89936],[-78.62601,43.9002],[-78.62409,43.90031],[-78.62306,43.90113],[-78.62215,43.90142],[-78.62226,43.90189],[-78.6219,43.90228],[-78.61942,43.9028],[-78.60725,43.90446],[-78.60652,43.90268],[-78.60122,43.90229],[-78.59964,43.90186],[-78.5996,43.90117],[-78.60011,43.90071],[-78.59966,43.89975],[-78.59705,43.89981],[-78.59582,43.90034],[-78.59573,43.90099],[-78.59519,43.90147],[-78.59418,43.89982],[-78.58683,43.90158],[-78.58679,43.90238],[-78.58352,43.90618],[-78.58125,43.90559],[-78.58045,43.90493],[-78.57689,43.89727],[-78.57207,43.89831],[-78.57151,43.89738],[-78.56731,43.89667],[-78.55075,43.89746],[-78.55032,43.89808],[-78.55142,43.90074],[-78.54809,43.89991],[-78.53786,43.90028],[-78.52517,43.90223],[-78.52006,43.90331],[-78.51686,43.90306],[-78.50801,43.90405],[-78.49842,43.90704],[-78.49477,43.90203],[-78.48885,43.89843],[-78.48416,43.89782],[-78.46572,43.90445],[-78.45949,43.90504],[-78.45831,43.90585],[-78.45762,43.90795],[-78.45702,43.90847],[-78.45195,43.91134],[-78.45015,43.91273],[-78.44093,43.91453],[-78.43918,43.91588],[-78.43923,43.91707],[-78.43667,43.91806],[-78.42432,43.9216],[-78.41585,43.92532],[-78.41009,43.92579],[-78.4059,43.92735],[-78.40214,43.92818],[-78.39585,43.92846],[-78.38895,43.92943],[-78.38461,43.92965],[-78.38207,43.93077],[-78.37597,43.93539],[-78.37316,43.93637],[-78.37151,43.93656],[-78.36716,43.93609],[-78.35654,43.93804],[-78.34839,43.93772],[-78.33921,43.93889],[-78.33443,43.94047],[-78.32715,43.94192],[-78.32425,43.94188],[-78.32389,43.94288],[-78.32084,43.94602],[-78.31233,43.94926],[-78.30774,43.95037],[-78.30636,43.94735],[-78.2998,43.94939],[-78.29937,43.94897],[-78.29665,43.94965],[-78.29289,43.94929],[-78.29277,43.9479],[-78.29146,43.94787],[-78.27847,43.95131],[-78.27235,43.95421],[-78.20276,43.97057],[-78.20147,43.96768],[-78.19708,43.968],[-78.19589,43.96836],[-78.19427,43.96956],[-78.19175,43.97015],[-78.18634,43.95831],[-78.17598,43.95916]]}},{"type":"Feature","properties":{"name":"C2 Colonel Sam Drive Oshawa WB"},"geometry":{"type":"LineString","coordinates":[[-78.80294,43.87759],[-78.80448,43.87664],[-78.80616,43.87694],[-78.80803,43.87892],[-78.80962,43.88168]]}},{"type":"Feature","properties":{"name":"C2 and C3 Cobourg, ON (proposed) W-E Connected 849m fixed"},"geometry":{"type":"LineString","coordinates":[[-78.17598,43.95916],[-78.17088,43.95931],[-78.16546,43.9599]]}},{"type":"Feature","properties":{"name":"C2 and C3 Cobourg, ON to Adolphustown, ON (proposed) W-E Connected pt1 109km pt2"},"geometry":{"type":"LineString","coordinates":[[-78.16546,43.9599],[-78.08716,43.97828],[-78.06761,43.98258],[-78.06416,43.97507],[-78.06261,43.97037],[-78.05907,43.96996],[-78.05519,43.96905],[-78.03194,43.9716],[-78.02566,43.97201],[-77.99506,43.97883],[-77.97869,43.98323],[-77.97118,43.98425],[-77.96838,43.97856],[-77.96761,43.9776],[-77.95934,43.97543],[-77.94904,43.97715],[-77.94112,43.9781],[-77.92566,43.97938],[-77.91975,43.98061],[-77.91504,43.98209],[-77.88786,43.99186],[-77.88771,43.99232],[-77.88963,43.99659],[-77.88471,43.99768],[-77.88805,44.00506],[-77.83095,44.01898],[-77.82224,44.01828],[-77.80833,44.0186],[-77.80261,44.02022],[-77.79281,44.02207],[-77.78806,44.02343],[-77.78231,44.01128],[-77.77628,44.0115],[-77.77115,44.01067],[-77.76312,44.011],[-77.747,44.01283],[-77.74541,44.01154],[-77.74471,44.01143],[-77.74433,44.01185],[-77.7411,44.01283],[-77.73585,44.01592],[-77.73544,44.0153],[-77.73103,44.01704],[-77.72942,44.01799],[-77.73022,44.01901],[-77.73003,44.02035],[-77.7283,44.02364],[-77.72397,44.02838],[-77.72392,44.02957],[-77.72271,44.03001],[-77.7208,44.03209],[-77.71494,44.03517],[-77.70747,44.037],[-77.69617,44.03749],[-77.69195,44.03848],[-77.67462,44.04111],[-77.66857,44.04096],[-77.66145,44.03995],[-77.65983,44.03919],[-77.65836,44.03724],[-77.65789,44.03702],[-77.65379,44.03822],[-77.63234,44.03999],[-77.61665,44.04069],[-77.60528,44.04029],[-77.60182,44.04142],[-77.60009,44.04155],[-77.57803,44.03268],[-77.56883,44.03184],[-77.56335,44.02868],[-77.55414,44.03327],[-77.5347,44.01215],[-77.53044,44.00835],[-77.52787,44.00672],[-77.52098,44.00383],[-77.51985,44.00284],[-77.51939,44.00195],[-77.51673,43.98844],[-77.51617,43.98679],[-77.51489,43.98494],[-77.5051,43.9745],[-77.50286,43.97053],[-77.49981,43.96402],[-77.49818,43.96248],[-77.49651,43.96198],[-77.49468,43.96199],[-77.48146,43.96532],[-77.46014,43.97456],[-77.45871,43.97484],[-77.45712,43.97471],[-77.45194,43.97201],[-77.44442,43.97127],[-77.44244,43.97054],[-77.44115,43.96966],[-77.44013,43.96848],[-77.43581,43.96037],[-77.43433,43.95891],[-77.42889,43.95508],[-77.42728,43.95354],[-77.42323,43.94654],[-77.42011,43.93981],[-77.41849,43.9382],[-77.4162,43.93713],[-77.4142,43.93684],[-77.40093,43.93712],[-77.39863,43.93746],[-77.3925,43.93965],[-77.38019,43.94299],[-77.37499,43.94548],[-77.36695,43.94826],[-77.35364,43.95148],[-77.33844,43.95216],[-77.33586,43.95273],[-77.32116,43.95797],[-77.31481,43.95964],[-77.29856,43.9604],[-77.29404,43.96129],[-77.28722,43.96371],[-77.28389,43.96668],[-77.27555,43.97164],[-77.26326,43.97654],[-77.25805,43.9798],[-77.25257,43.98136],[-77.24202,43.98519],[-77.23818,43.98621],[-77.23292,43.98554],[-77.21953,43.99039],[-77.21608,43.98986],[-77.21141,43.9883],[-77.20922,43.98811],[-77.1888,43.99184],[-77.17822,43.99436],[-77.17066,43.99684],[-77.1462,44.00517],[-77.13907,44.00867],[-77.13604,44.00862],[-77.13478,44.00894],[-77.13251,44.01001],[-77.12766,44.01442],[-77.12527,44.0175],[-77.12338,44.02067],[-77.12044,44.02419],[-77.11978,44.02522],[-77.11893,44.02784],[-77.11847,44.02995],[-77.1187,44.03261],[-77.11813,44.03401],[-77.11534,44.0358],[-77.10649,44.04042],[-77.10027,44.04212],[-77.09384,44.04276],[-77.08842,44.04462],[-77.07868,44.04417],[-77.07424,44.04434],[-77.07004,44.04333],[-77.06406,44.04271],[-77.05919,44.0416]]}},{"type":"Feature","properties":{"name":"C2 Brampton, ON to Scarborough, ON via Toronto, ON (proposed) W-E Connected 70.2km fixed"},"geometry":{"type":"LineString","coordinates":[[-79.63649,43.74775],[-79.63687,43.74695],[-79.63606,43.74596],[-79.62999,43.74226],[-79.62917,43.7394],[-79.63046,43.73648],[-79.63037,43.73572],[-79.62974,43.73595],[-79.62947,43.73647],[-79.62854,43.73668],[-79.62372,43.73513],[-79.62283,43.7329],[-79.62172,43.73146],[-79.61867,43.73048],[-79.61821,43.73072],[-79.61602,43.72888],[-79.61362,43.72738],[-79.61184,43.72347],[-79.61121,43.72315],[-79.6098,43.72305],[-79.60574,43.72379],[-79.60346,43.72656],[-79.60276,43.72637],[-79.60187,43.72665],[-79.60078,43.72764],[-79.59953,43.72797],[-79.59834,43.72749],[-79.59732,43.72557],[-79.59452,43.72572],[-79.59378,43.72535],[-79.5924,43.72614],[-79.59061,43.72654],[-79.58976,43.72598],[-79.58828,43.72691],[-79.58766,43.72785],[-79.58618,43.72859],[-79.58113,43.72808],[-79.58027,43.72824],[-79.57922,43.72874],[-79.57896,43.72948],[-79.58028,43.73174],[-79.57973,43.73286],[-79.57588,43.73412],[-79.57422,43.73528],[-79.57105,43.73584],[-79.57049,43.73564],[-79.5696,43.73449],[-79.56838,43.73412],[-79.56789,43.73247],[-79.56731,43.73195],[-79.56023,43.729],[-79.55859,43.72764],[-79.55626,43.72714],[-79.55444,43.72762],[-79.55347,43.72644],[-79.55206,43.72675],[-79.54715,43.72224],[-79.54389,43.72014],[-79.5437,43.71907],[-79.54424,43.71883],[-79.5446,43.71802],[-79.54411,43.71717],[-79.54059,43.71469],[-79.5395,43.71458],[-79.53846,43.71402],[-79.53829,43.71363],[-79.53868,43.71206],[-79.53904,43.71183],[-79.53862,43.71126],[-79.53902,43.71036],[-79.5383,43.7093],[-79.53748,43.70895],[-79.53671,43.70928],[-79.53556,43.70862],[-79.53419,43.7089],[-79.53222,43.70564],[-79.53162,43.70378],[-79.53241,43.7024],[-79.53434,43.70049],[-79.53425,43.69976],[-79.5276,43.70123],[-79.52638,43.70097],[-79.51968,43.69503],[-79.51446,43.68929],[-79.51137,43.68378],[-79.51072,43.68367],[-79.50953,43.68233],[-79.50696,43.68135],[-79.5075,43.67907],[-79.50819,43.67855],[-79.50871,43.67708],[-79.50982,43.67602],[-79.51218,43.67474],[-79.51297,43.67351],[-79.51292,43.67186],[-79.51234,43.67124],[-79.5124,43.67014],[-79.5118,43.66857],[-79.51336,43.6669],[-79.51374,43.66451],[-79.51323,43.6639],[-79.5133,43.66308],[-79.51214,43.66222],[-79.51137,43.66262],[-79.50999,43.66241],[-79.5075,43.66325],[-79.50629,43.66335],[-79.50389,43.66245],[-79.50346,43.66291],[-79.50298,43.66268],[-79.5028,43.66153],[-79.49885,43.65894],[-79.49915,43.65734],[-79.50008,43.65637],[-79.50157,43.65573],[-79.50223,43.65501],[-79.50229,43.65422],[-79.50124,43.65311],[-79.49949,43.65254],[-79.49598,43.65308],[-79.49488,43.65275],[-79.4928,43.65273],[-79.49029,43.65178],[-79.49233,43.65116],[-79.49179,43.65052],[-79.4919,43.65011],[-79.49297,43.64968],[-79.49428,43.64831],[-79.49556,43.64801],[-79.49599,43.64653],[-79.49389,43.6459],[-79.49269,43.64494],[-79.4926,43.64404],[-79.49299,43.64263],[-79.49233,43.6413],[-79.49044,43.64066],[-79.49022,43.6401],[-79.48952,43.63971],[-79.48812,43.63958],[-79.48625,43.6351],[-79.48515,43.63502],[-79.48354,43.6361],[-79.48219,43.63652],[-79.47888,43.63656],[-79.47753,43.6355],[-79.47632,43.63345],[-79.47479,43.63339],[-79.47178,43.63158],[-79.47096,43.63093],[-79.4711,43.63072],[-79.47208,43.63097],[-79.47076,43.63248],[-79.46957,43.63295],[-79.46888,43.63399],[-79.4665,43.63511],[-79.46617,43.63561],[-79.46429,43.63623],[-79.46223,43.63642],[-79.45784,43.63779],[-79.45358,43.63787],[-79.44773,43.63692],[-79.44538,43.63686],[-79.43865,43.63419],[-79.43604,43.63238],[-79.43242,43.63131],[-79.4297,43.63123],[-79.4253,43.62986],[-79.42,43.63026],[-79.41478,43.63106],[-79.41062,43.63234],[-79.40907,43.63207],[-79.40845,43.63436],[-79.4047,43.63393],[-79.40403,43.63427],[-79.40365,43.635],[-79.40279,43.63522],[-79.40125,43.63421],[-79.39705,43.63645],[-79.39526,43.63704],[-79.38016,43.63988],[-79.36166,43.64637],[-79.36094,43.64764],[-79.35922,43.64822],[-79.35688,43.64888],[-79.35475,43.64792],[-79.35457,43.64812],[-79.35499,43.64862],[-79.3541,43.64859],[-79.35386,43.64938],[-79.35436,43.65016],[-79.3517,43.65092],[-79.35014,43.6508],[-79.34864,43.65141],[-79.34692,43.65134],[-79.32909,43.65915],[-79.32865,43.65925],[-79.32844,43.65885],[-79.31497,43.66207],[-79.314,43.66171],[-79.31304,43.66186],[-79.31263,43.66156],[-79.31165,43.66156],[-79.30865,43.66272],[-79.30708,43.66383],[-79.30393,43.66491],[-79.29719,43.66638],[-79.29618,43.66704],[-79.28858,43.66922],[-79.28648,43.67027],[-79.28414,43.67033],[-79.28524,43.67314],[-79.27641,43.67541],[-79.2792,43.68226],[-79.2686,43.68932],[-79.26336,43.6923],[-79.25789,43.69636],[-79.25655,43.69775],[-79.25385,43.69948],[-79.25067,43.70042],[-79.24801,43.70042],[-79.24438,43.70195],[-79.24513,43.70387],[-79.24403,43.70415],[-79.24426,43.70473],[-79.24086,43.70636],[-79.24207,43.70825],[-79.23973,43.70888],[-79.23988,43.70987],[-79.23886,43.71237],[-79.2393,43.71463],[-79.23895,43.71488],[-79.23909,43.71523],[-79.23433,43.7163],[-79.23307,43.71745],[-79.23129,43.71743],[-79.23239,43.72001],[-79.23036,43.72048],[-79.22716,43.72066],[-79.22789,43.72243],[-79.22674,43.72285],[-79.22811,43.72605],[-79.22507,43.72672],[-79.22647,43.72982],[-79.22462,43.73178],[-79.22391,43.73078],[-79.2197,43.73041],[-79.21886,43.72974],[-79.21821,43.72976],[-79.21744,43.72905],[-79.21593,43.72972],[-79.21521,43.72956],[-79.21395,43.7305],[-79.21376,43.73116],[-79.21243,43.73171],[-79.20573,43.73782],[-79.20354,43.73867],[-79.20093,43.7406],[-79.19819,43.7432],[-79.19754,43.74345],[-79.19923,43.74746],[-79.18374,43.7509],[-79.17976,43.75318],[-79.17708,43.75428],[-79.17634,43.75519],[-79.17352,43.75612],[-79.17425,43.75693],[-79.17595,43.75733],[-79.1756,43.75789],[-79.17624,43.75904],[-79.16273,43.76148],[-79.16116,43.76147],[-79.15941,43.76233],[-79.15451,43.76364],[-79.15147,43.76361],[-79.14859,43.76423],[-79.14534,43.76687],[-79.13899,43.77071],[-79.13513,43.77445],[-79.13425,43.77484],[-79.13384,43.77615],[-79.12946,43.78077],[-79.128,43.78176],[-79.12626,43.78377],[-79.1253,43.78425],[-79.12301,43.78726],[-79.12232,43.78773],[-79.12055,43.79017],[-79.12034,43.79106],[-79.11803,43.79417],[-79.11858,43.79438],[-79.11894,43.79416],[-79.11836,43.79489],[-79.1177,43.79462],[-79.11636,43.79684]]}},{"type":"Feature","properties":{"name":"C2 Glen Everest Road 003 WB"},"geometry":{"type":"LineString","coordinates":[[-79.25655,43.69775],[-79.26126,43.69386]]}},{"type":"Feature","properties":{"name":"C2 Guildwood Parkway 004 WB"},"geometry":{"type":"LineString","coordinates":[[-79.19794,43.74782],[-79.19923,43.74746]]}},{"type":"Feature","properties":{"name":"C2 Lake Shore Boulevard Recreational Trail WB"},"geometry":{"type":"LineString","coordinates":[[-79.31721,43.66153],[-79.31725,43.66197],[-79.32865,43.65925]]}},{"type":"Feature","properties":{"name":"C2 Track 007 Humber River WB"},"geometry":{"type":"LineString","coordinates":[[-79.51104,43.68382],[-79.51194,43.68461]]}},{"type":"Feature","properties":{"name":"C2 Albion Road 003 WB"},"geometry":{"type":"LineString","coordinates":[[-79.63853,43.74914],[-79.64092,43.75184]]}},{"type":"Feature","properties":{"name":"C2 Broadway 001 WB"},"geometry":{"type":"LineString","coordinates":[[-80.09343,43.92011],[-80.09816,43.91908]]}},{"type":"Feature","properties":{"name":"C2 Broadway 006 WB"},"geometry":{"type":"LineString","coordinates":[[-80.08636,43.92161],[-80.08782,43.92133]]}},{"type":"Feature","properties":{"name":"C2 Broadway 007 WB"},"geometry":{"type":"LineString","coordinates":[[-80.1033,43.91797],[-80.10493,43.9176]]}},{"type":"Feature","properties":{"name":"C2 Highway 50 001 Claireville Conservation Area WB"},"geometry":{"type":"LineString","coordinates":[[-79.64294,43.75718],[-79.64319,43.75815],[-79.64351,43.75808],[-79.64343,43.75784]]}},{"type":"Feature","properties":{"name":"C2 Highway 50 005 WB"},"geometry":{"type":"LineString","coordinates":[[-79.64201,43.75461],[-79.6424,43.75578]]}},{"type":"Feature","properties":{"name":"C2 Highway 9 WB"},"geometry":{"type":"LineString","coordinates":[[-80.0711,43.92458],[-80.07715,43.91961],[-80.07824,43.91975],[-80.0829,43.92201],[-80.08432,43.92204],[-80.08527,43.92168]]}},{"type":"Feature","properties":{"name":"C2 McVean Trail WB"},"geometry":{"type":"LineString","coordinates":[[-79.69991,43.7818],[-79.70053,43.782]]}},{"type":"Feature","properties":{"name":"C2 Olde Baseline Road WB"},"geometry":{"type":"LineString","coordinates":[[-79.88244,43.83026],[-79.88302,43.82993],[-79.88362,43.83021]]}},{"type":"Feature","properties":{"name":"C2 Orangeville, ON to Brampton, ON (proposed) W-E Connected 50.6km fixed"},"geometry":{"type":"LineString","coordinates":[[-80.08456,43.92169],[-80.08195,43.92131],[-80.07722,43.91915],[-80.07224,43.92369],[-80.06952,43.92532],[-80.02583,43.9352],[-79.97509,43.89794],[-79.88314,43.82965],[-79.85114,43.85831],[-79.84033,43.85031],[-79.83631,43.8537],[-79.83371,43.85437],[-79.82844,43.85902],[-79.74978,43.80115],[-79.74624,43.79888],[-79.7385,43.79302],[-79.73822,43.79253],[-79.73163,43.78804],[-79.7109,43.77272],[-79.70777,43.77586],[-79.7016,43.78117],[-79.70026,43.782],[-79.67269,43.76162],[-79.66927,43.76308],[-79.66498,43.76428],[-79.65571,43.76576],[-79.65521,43.76531],[-79.65381,43.76518],[-79.64444,43.75792],[-79.64398,43.7577],[-79.64329,43.75788],[-79.64077,43.75139],[-79.63863,43.74916],[-79.63649,43.74775]]}},{"type":"Feature","properties":{"name":"C2 Track 005 Goreway Drive WB"},"geometry":{"type":"LineString","coordinates":[[-79.73814,43.79267],[-79.7385,43.79302]]}},{"type":"Feature","properties":{"name":"C2 Track 020 Brampton WB"},"geometry":{"type":"LineString","coordinates":[[-79.65381,43.76518],[-79.65571,43.76576]]}},{"type":"Feature","properties":{"name":"C2 10th Street West 004 Owen Sound WB"},"geometry":{"type":"LineString","coordinates":[[-80.95189,44.56681],[-80.95347,44.56701]]}},{"type":"Feature","properties":{"name":"C2 9th Avenue East WB"},"geometry":{"type":"LineString","coordinates":[[-80.92644,44.56123],[-80.92657,44.56183],[-80.92732,44.56177]]}},{"type":"Feature","properties":{"name":"C2 Highway 10 & 89 Shelburne ON WB"},"geometry":{"type":"LineString","coordinates":[[-80.1867,44.08188],[-80.18877,44.08146]]}},{"type":"Feature","properties":{"name":"C2 Highway 10 Chatsworth WB"},"geometry":{"type":"LineString","coordinates":[[-80.89769,44.45612],[-80.89832,44.45684]]}},{"type":"Feature","properties":{"name":"C2 and C3 South Baymouth, ON to Owen Sound, ON (proposed) W-E Connected pt3 107km 001 fixed"},"geometry":{"type":"LineString","coordinates":[[-81.6634,45.25799],[-81.66304,45.25768],[-81.66335,45.25741],[-81.6683,45.25655],[-81.65074,45.24178],[-81.52841,45.17851],[-81.44264,45.13315],[-81.43861,45.12888],[-81.43781,45.12732],[-81.43749,45.12535],[-81.44304,45.10366],[-81.44301,45.10171],[-81.4425,45.10024],[-81.44164,45.0989],[-81.42968,45.08553],[-81.41595,45.07061],[-81.4144,45.06927],[-81.4116,45.06786],[-81.36318,45.04846],[-81.35217,45.04246],[-81.32039,45.03131],[-81.31827,45.03016],[-81.31673,45.02883],[-81.31575,45.02747],[-81.30535,45.00615],[-81.28756,44.97183],[-81.27074,44.93717],[-81.22821,44.85339],[-81.21889,44.83336],[-81.18712,44.77416],[-81.18504,44.77225],[-81.18194,44.77118],[-81.17958,44.77107],[-81.14647,44.77238],[-81.14471,44.77175],[-81.14253,44.76948],[-81.13348,44.63606],[-81.12899,44.63405],[-81.129,44.6338],[-81.12749,44.63339],[-81.08507,44.6145],[-81.08175,44.61444],[-81.07875,44.61171],[-80.9946,44.57353],[-80.99373,44.57225],[-80.99079,44.55886],[-80.98786,44.55864],[-80.98043,44.55727],[-80.97781,44.55744],[-80.96647,44.56177],[-80.96518,44.56263],[-80.96187,44.56603],[-80.95399,44.56705],[-80.95237,44.56679],[-80.94615,44.56734]]}},{"type":"Feature","properties":{"name":"C2 Eliza Street WB"},"geometry":{"type":"LineString","coordinates":[[-81.66481,45.25725],[-81.66422,45.25673],[-81.66388,45.25678],[-81.66303,45.25767]]}},{"type":"Feature","properties":{"name":"C2 Track 001 South Baymouth WB"},"geometry":{"type":"LineString","coordinates":[[-82.00895,45.55871],[-82.01025,45.55822],[-82.011,45.5586]]}},{"type":"Feature","properties":{"name":"C2 Track Little Current WB"},"geometry":{"type":"LineString","coordinates":[[-81.92478,45.97819],[-81.9242,45.97853]]}},{"type":"Feature","properties":{"name":"C2 Arthur Street West WB"},"geometry":{"type":"LineString","coordinates":[[-89.4411,48.38111],[-89.44233,48.38213],[-89.44455,48.3814]]}},{"type":"Feature","properties":{"name":"C2 Central Avenue Fort Frances ON WB"},"geometry":{"type":"LineString","coordinates":[[-93.4012,48.61138],[-93.40112,48.61218],[-93.40254,48.61251]]}},{"type":"Feature","properties":{"name":"C2 Gershaw Drive Southwest 003 WB"},"geometry":{"type":"LineString","coordinates":[[-110.7097,50.02577],[-110.71916,50.02566],[-110.72179,50.02502],[-110.72746,50.02254],[-110.73135,50.02037],[-110.73236,50.01896],[-110.73241,50.01675]]}},{"type":"Feature","properties":{"name":"C2 Red Coat Trail - pt15 St. Claude, MB to Winnipeg, MB 92.4km fixed"},"geometry":{"type":"LineString","coordinates":[[-98.34651,49.66527],[-98.21323,49.66533],[-98.21011,49.66604],[-98.20755,49.66773],[-98.2018,49.67681],[-98.2007,49.67805],[-98.198,49.6795],[-98.19477,49.68007],[-97.97809,49.68019],[-97.97436,49.68102],[-97.97067,49.6829],[-97.9649,49.6891],[-97.9624,49.69082],[-97.92273,49.70954],[-97.83484,49.7385],[-97.83151,49.73895],[-97.78382,49.73905],[-97.78044,49.74001],[-97.77503,49.74356],[-97.77339,49.74425],[-97.734,49.75515],[-97.72713,49.75586],[-97.672,49.75607],[-97.64123,49.76028],[-97.62259,49.76766],[-97.61918,49.7685],[-97.60854,49.76864],[-97.60253,49.7681],[-97.59273,49.7687],[-97.32892,49.76836],[-97.32815,49.76813],[-97.32312,49.77328],[-97.32191,49.774],[-97.21933,49.81513],[-97.20646,49.81926],[-97.20609,49.81946],[-97.20626,49.81994],[-97.18368,49.8277],[-97.18009,49.83042],[-97.18064,49.83277],[-97.17925,49.8367],[-97.17912,49.8454],[-97.17842,49.85121],[-97.17619,49.85126],[-97.17027,49.85224],[-97.15532,49.85721],[-97.16999,49.87515]]}},{"type":"Feature","properties":{"name":"C2 Track Fort Frances WB"},"geometry":{"type":"LineString","coordinates":[[-93.36958,48.61055],[-93.37086,48.61004]]}},{"type":"Feature","properties":{"name":"C2 Columbia Avenue 021 Castlegar WB"},"geometry":{"type":"LineString","coordinates":[[-117.6583,49.3019],[-117.65706,49.29961],[-117.6576,49.29731]]}},{"type":"Feature","properties":{"name":"C2 Crowsnest Highway 011 Lethbridge WB"},"geometry":{"type":"LineString","coordinates":[[-112.11869,49.78777],[-112.12699,49.78599],[-112.16111,49.77982],[-112.23387,49.76597],[-112.24086,49.76364],[-112.24783,49.75944],[-112.25322,49.75684],[-112.25825,49.75534],[-112.26439,49.75437],[-112.27206,49.75429],[-112.28623,49.75627],[-112.34456,49.75632],[-112.36215,49.75719],[-112.48331,49.75694],[-112.51454,49.7494],[-112.52333,49.74679],[-112.55181,49.74039],[-112.77328,49.70222],[-112.77769,49.70109],[-112.78288,49.69879],[-112.78462,49.69834],[-112.7964,49.69825],[-112.80953,49.69764],[-112.82707,49.69884],[-112.84226,49.70125],[-112.85035,49.70364],[-112.85275,49.70538],[-112.8548,49.70626],[-112.86943,49.70859],[-112.87167,49.70951],[-112.87863,49.71348],[-112.88187,49.71472],[-112.89096,49.71635],[-112.91423,49.72263],[-112.91589,49.72368],[-112.92068,49.72788],[-112.92634,49.73446],[-112.9445,49.7496],[-112.94793,49.7517],[-112.95432,49.75461],[-112.95814,49.75712],[-112.97478,49.77467],[-112.9773,49.77693],[-112.98039,49.77887],[-112.98355,49.78027],[-112.9943,49.78457],[-112.99904,49.7858],[-113.005,49.78639],[-113.04011,49.78658],[-113.04652,49.78724],[-113.06395,49.79012],[-113.07694,49.79088],[-113.08667,49.79065],[-113.09301,49.79009],[-113.10001,49.78889],[-113.11759,49.78511],[-113.12833,49.78405],[-113.13776,49.78415],[-113.1554,49.78578],[-113.16032,49.78595],[-113.16806,49.78584],[-113.17533,49.78445],[-113.17837,49.7842],[-113.19019,49.786],[-113.25954,49.78607],[-113.26459,49.78517],[-113.26935,49.78301],[-113.3128,49.75073],[-113.36972,49.72813],[-113.38397,49.71943],[-113.3859,49.71907],[-113.38816,49.7195],[-113.39389,49.72517],[-113.39575,49.72613],[-113.40872,49.72618],[-113.4114,49.72517],[-113.41587,49.72179],[-113.41986,49.7207],[-113.45224,49.70829],[-113.45633,49.70726]]}},{"type":"Feature","properties":{"name":"C2 Crowsnest Highway 013 Fernie WB"},"geometry":{"type":"LineString","coordinates":[[-115.07347,49.46384],[-115.07161,49.45925]]}},{"type":"Feature","properties":{"name":"C2 Crowsnest Highway 042 Cranbrook WB"},"geometry":{"type":"LineString","coordinates":[[-115.73885,49.5388],[-115.73929,49.53821],[-115.73951,49.53647],[-115.74039,49.5356],[-115.76313,49.5169],[-115.76396,49.51634],[-115.7659,49.51587],[-115.76676,49.51521]]}},{"type":"Feature","properties":{"name":"C2 Main Street Osoyoos WB"},"geometry":{"type":"LineString","coordinates":[[-119.47453,49.03514],[-119.47609,49.03578],[-119.4785,49.03571],[-119.48083,49.03488]]}},{"type":"Feature","properties":{"name":"C2 Route 2 Canada - Christina Lake, BC to Castlegar, BC (proposed) W-E Connected 78.3km fixed"},"geometry":{"type":"LineString","coordinates":[[-118.20859,49.0397],[-118.20639,49.04265],[-118.20569,49.0441],[-118.20544,49.04561],[-118.20571,49.04723],[-118.20688,49.04934],[-118.20948,49.0519],[-118.21274,49.0545],[-118.2136,49.05625],[-118.21295,49.06063],[-118.212,49.06434],[-118.21318,49.06714],[-118.21344,49.06945],[-118.21232,49.07404],[-118.21083,49.07681],[-118.21078,49.07785],[-118.2115,49.08074],[-118.21393,49.08545],[-118.21895,49.09161],[-118.22011,49.09622],[-118.21958,49.09854],[-118.21996,49.09958],[-118.22103,49.1004],[-118.22891,49.1026],[-118.22999,49.10392],[-118.22977,49.10507],[-118.22899,49.10581],[-118.22357,49.10847],[-118.21881,49.113],[-118.21665,49.11584],[-118.21502,49.1196],[-118.21271,49.12271],[-118.21024,49.12479],[-118.19561,49.1335],[-118.19316,49.13378],[-118.19046,49.13322],[-118.18507,49.13381],[-118.17705,49.1369],[-118.17599,49.13697],[-118.17227,49.13577],[-118.16639,49.13583],[-118.16319,49.13495],[-118.15985,49.13468],[-118.15473,49.13603],[-118.14627,49.13645],[-118.14395,49.13746],[-118.14142,49.13724],[-118.13529,49.13886],[-118.12984,49.13952],[-118.12818,49.1401],[-118.1252,49.14201],[-118.12054,49.14413],[-118.11791,49.14596],[-118.1066,49.15096],[-118.10341,49.15268],[-118.10115,49.15467],[-118.09969,49.15715],[-118.09932,49.15884],[-118.09965,49.16199],[-118.10638,49.17653],[-118.10801,49.17808],[-118.10895,49.17965],[-118.11039,49.18119],[-118.1119,49.18461],[-118.11446,49.18578],[-118.11485,49.1862],[-118.11517,49.18746],[-118.11478,49.18839],[-118.10939,49.19232],[-118.10942,49.19315],[-118.11061,49.19419],[-118.11087,49.19644],[-118.11236,49.1976],[-118.11324,49.19892],[-118.11339,49.19993],[-118.11288,49.20132],[-118.11124,49.20282],[-118.11031,49.2046],[-118.11072,49.20689],[-118.10929,49.21106],[-118.10744,49.21276],[-118.10376,49.21524],[-118.09864,49.21607],[-118.09568,49.21767],[-118.09518,49.21902],[-118.09602,49.22477],[-118.09646,49.2263],[-118.09805,49.22867],[-118.09708,49.2298],[-118.09535,49.22989],[-118.09426,49.22935],[-118.09168,49.22648],[-118.08976,49.22501],[-118.08148,49.21926],[-118.07905,49.21844],[-118.07743,49.21839],[-118.07534,49.21893],[-118.07241,49.22101],[-118.07061,49.22187],[-118.06011,49.22511],[-118.05864,49.22623],[-118.05793,49.22828],[-118.05819,49.2294],[-118.06092,49.23492],[-118.06097,49.23684],[-118.0599,49.23814],[-118.05505,49.23979],[-118.05392,49.24072],[-118.04657,49.25201],[-118.04493,49.25649],[-118.04388,49.25752],[-118.04176,49.25816],[-118.04022,49.2581],[-118.03756,49.25696],[-118.0353,49.25655],[-118.02037,49.25785],[-118.01765,49.25741],[-118.01585,49.25621],[-118.01532,49.25507],[-118.01602,49.25094],[-118.01545,49.24885],[-118.01337,49.24547],[-118.01145,49.24425],[-118.00925,49.24394],[-117.99421,49.24472],[-117.99159,49.24546],[-117.98833,49.24713],[-117.98664,49.24733],[-117.98416,49.24666],[-117.97725,49.24232],[-117.97428,49.24215],[-117.97259,49.2428],[-117.96903,49.24494],[-117.96334,49.24685],[-117.94621,49.25647],[-117.94387,49.25836],[-117.93797,49.26524],[-117.93365,49.26789],[-117.91846,49.27528],[-117.9151,49.27812],[-117.91136,49.28242],[-117.90793,49.28452],[-117.9019,49.28948],[-117.89832,49.29044],[-117.89394,49.29044],[-117.89254,49.29096],[-117.88907,49.29433],[-117.88616,49.29551],[-117.88433,49.29583],[-117.87403,49.29587],[-117.8631,49.29754],[-117.84823,49.29854],[-117.84059,49.29813],[-117.82736,49.29609],[-117.81839,49.29565],[-117.81482,49.29601],[-117.80367,49.29845],[-117.80124,49.29851],[-117.79618,49.29741],[-117.79334,49.29785],[-117.78944,49.29931],[-117.78728,49.29943],[-117.77207,49.29737],[-117.76676,49.29615],[-117.762,49.29461],[-117.74314,49.28639],[-117.73229,49.27964],[-117.72923,49.27836],[-117.72295,49.27777],[-117.71974,49.27649],[-117.71825,49.27624],[-117.71597,49.27633],[-117.70646,49.27539],[-117.69809,49.272],[-117.69363,49.2723],[-117.69081,49.27181],[-117.68804,49.27225],[-117.68415,49.27113],[-117.68256,49.27101],[-117.67201,49.27328],[-117.67057,49.27399],[-117.66861,49.27642],[-117.66618,49.27864],[-117.66592,49.27947],[-117.66687,49.28327],[-117.66651,49.28436],[-117.6643,49.28774],[-117.66363,49.28832],[-117.66179,49.289],[-117.65788,49.28951],[-117.65696,49.29028],[-117.65608,49.29389],[-117.65753,49.2967],[-117.6576,49.29731],[-117.65724,49.29798],[-117.65654,49.29856],[-117.65517,49.29892],[-117.65417,49.29888],[-117.65363,49.29833],[-117.65412,49.29784],[-117.65536,49.29773],[-117.6583,49.3019],[-117.65843,49.30575],[-117.65887,49.30728],[-117.66395,49.31573],[-117.66544,49.32138],[-117.66678,49.32351],[-117.66554,49.32623],[-117.6655,49.32723],[-117.6676,49.32843],[-117.67161,49.32953],[-117.66896,49.33019],[-117.66325,49.33327],[-117.66116,49.33386]]}},{"type":"Feature","properties":{"name":"C2 Route 2 Canada - Keremeos, BC to Osoyoos, BC (proposed) W-E Connected 49.6km fixed"},"geometry":{"type":"LineString","coordinates":[[-119.81903,49.20682],[-119.81491,49.20522],[-119.789,49.20516],[-119.78708,49.20457],[-119.78095,49.20124],[-119.75124,49.17346],[-119.74867,49.17151],[-119.74791,49.17033],[-119.74594,49.16847],[-119.74444,49.16751],[-119.74373,49.16638],[-119.73897,49.16159],[-119.73794,49.15944],[-119.73504,49.14614],[-119.73522,49.13727],[-119.7324,49.1233],[-119.73069,49.12106],[-119.7303,49.11872],[-119.72977,49.11774],[-119.71825,49.10797],[-119.71677,49.10593],[-119.71471,49.09714],[-119.71147,49.09204],[-119.71084,49.0876],[-119.7083,49.07954],[-119.70714,49.07139],[-119.70722,49.06966],[-119.70606,49.06636],[-119.70595,49.0637],[-119.70377,49.05065],[-119.70177,49.04691],[-119.6986,49.0375],[-119.69428,49.03281],[-119.69264,49.02992],[-119.68749,49.0244],[-119.6858,49.02327],[-119.68394,49.02273],[-119.67678,49.02179],[-119.67172,49.01991],[-119.66959,49.0201],[-119.668,49.02088],[-119.65798,49.02847],[-119.6438,49.04661],[-119.62317,49.0574],[-119.62055,49.05954],[-119.61727,49.06326],[-119.61107,49.0671],[-119.60859,49.06997],[-119.6056,49.07265],[-119.5987,49.07793],[-119.59793,49.07901],[-119.59727,49.08136],[-119.59632,49.08246],[-119.58982,49.08716],[-119.58704,49.08784],[-119.58406,49.08733],[-119.5685,49.08242],[-119.56576,49.08127],[-119.55734,49.07682],[-119.55587,49.07593],[-119.54161,49.06412],[-119.53653,49.06028],[-119.5329,49.05857],[-119.53039,49.05498],[-119.52951,49.05419],[-119.50972,49.04665],[-119.48788,49.03402],[-119.48608,49.03356],[-119.48429,49.03357],[-119.47928,49.03552],[-119.47611,49.0357],[-119.47391,49.03487],[-119.47238,49.03342],[-119.47079,49.03277],[-119.46349,49.03302],[-119.46283,49.03037],[-119.46008,49.0286],[-119.45887,49.02823],[-119.44749,49.02902],[-119.44258,49.0281],[-119.43681,49.02793]]}},{"type":"Feature","properties":{"name":"C2 Track 001 Moyie River BC WB"},"geometry":{"type":"LineString","coordinates":[[-116.13976,49.07517],[-116.1405,49.07517],[-116.14094,49.07574]]}},{"type":"Feature","properties":{"name":"C2 Nanaimo, BC to Vancouver, BC (proposed) W-E Connected pt3 26.1km 001 pt1 fixed"},"geometry":{"type":"LineString","coordinates":[[-123.27102,49.37627],[-123.2712,49.37564],[-123.27199,49.37503],[-123.27196,49.37322],[-123.27236,49.37258],[-123.2731,49.37288],[-123.27285,49.37432],[-123.2742,49.37446],[-123.27766,49.37098],[-123.27583,49.37054],[-123.27558,49.36994],[-123.27591,49.36925],[-123.27628,49.36917],[-123.27666,49.36796],[-123.27682,49.36591],[-123.27743,49.36425],[-123.27727,49.36187],[-123.27788,49.36099],[-123.2791,49.35677],[-123.27833,49.35602],[-123.27619,49.35556],[-123.27246,49.35748],[-123.26768,49.35886],[-123.26696,49.35856],[-123.26677,49.35751],[-123.26282,49.35608],[-123.26318,49.3544],[-123.26226,49.35373],[-123.26096,49.35336],[-123.26067,49.35303],[-123.26069,49.35224],[-123.26129,49.35175],[-123.26364,49.3525],[-123.26564,49.35206],[-123.26631,49.35098],[-123.26646,49.34959],[-123.26749,49.34863],[-123.26783,49.34787],[-123.26608,49.34628],[-123.26586,49.34545],[-123.26604,49.34447],[-123.26537,49.34222],[-123.2651,49.3416],[-123.26414,49.34088],[-123.26035,49.34031],[-123.25826,49.34088],[-123.2561,49.34025],[-123.25175,49.34108],[-123.24956,49.34123],[-123.24636,49.34096],[-123.24469,49.34134],[-123.23672,49.34053],[-123.23411,49.34148],[-123.22843,49.34198],[-123.22203,49.33951],[-123.22091,49.33867],[-123.21939,49.33841],[-123.21645,49.33913],[-123.21425,49.34042],[-123.21382,49.34116],[-123.21276,49.34196],[-123.21214,49.34206],[-123.20061,49.33985],[-123.19684,49.33839],[-123.17494,49.33316],[-123.17184,49.33105],[-123.16449,49.32877],[-123.15866,49.32864],[-123.15163,49.32761],[-123.15226,49.32677],[-123.15202,49.32655],[-123.15031,49.32621],[-123.14035,49.32182],[-123.13989,49.322],[-123.13937,49.32376],[-123.13674,49.32375],[-123.13445,49.32456],[-123.13453,49.32476],[-123.13366,49.32468],[-123.13134,49.32369],[-123.13028,49.32493],[-123.13078,49.32401],[-123.14372,49.30995],[-123.14528,49.3063],[-123.14523,49.30371],[-123.1448,49.30257],[-123.14348,49.30093],[-123.14158,49.29956],[-123.13784,49.29804],[-123.13679,49.29723],[-123.13637,49.29642],[-123.1369,49.29505],[-123.13674,49.2944],[-123.13725,49.29404],[-123.13741,49.29425],[-123.13704,49.2947],[-123.1359,49.29519],[-123.13416,49.2947],[-123.13063,49.2927],[-123.1292,49.29333],[-123.12777,49.29273],[-123.12864,49.29196],[-123.12632,49.29058],[-123.12457,49.29056],[-123.12321,49.29125],[-123.12018,49.28992],[-123.11888,49.2898],[-123.11765,49.29033],[-123.1143,49.28939],[-123.11534,49.28817],[-123.11704,49.28724],[-123.11577,49.28661],[-123.1183,49.28489]]}},{"type":"Feature","properties":{"name":"C2 Nanaimo, BC to Vancouver, BC (proposed) W-E Connected pt3 26.1km 001 pt2 fixed"},"geometry":{"type":"LineString","coordinates":[[-123.1183,49.28489],[-123.11053,49.27993]]}},{"type":"Feature","properties":{"name":"C2 Vancouver, BC to Chilliwack, BC (proposed) W-E Connected 97km 001 fixed pt1"},"geometry":{"type":"LineString","coordinates":[[-123.11053,49.27993],[-123.10714,49.27795],[-123.10353,49.27746],[-123.09993,49.27767],[-123.07944,49.27732],[-123.07914,49.27769],[-123.03078,49.27744],[-123.03071,49.27502],[-123.0302,49.27415],[-123.02984,49.27412],[-123.02982,49.27369],[-123.0279,49.2734],[-123.02676,49.27029],[-123.02372,49.2703],[-123.02372,49.26548],[-123.00875,49.26637],[-123.00326,49.26636],[-122.99759,49.26619],[-122.99252,49.26509],[-122.98263,49.26495],[-122.97931,49.26456],[-122.96687,49.25998],[-122.95476,49.25014],[-122.94949,49.24997],[-122.94588,49.24854],[-122.94015,49.24822],[-122.92572,49.24821],[-122.91629,49.25052],[-122.91407,49.25068],[-122.91425,49.24939],[-122.91319,49.24821],[-122.91117,49.24772],[-122.90963,49.24774],[-122.90841,49.24676],[-122.90835,49.24577],[-122.90675,49.24477],[-122.8988,49.24331],[-122.89703,49.24254],[-122.89645,49.24185],[-122.89458,49.24121],[-122.89261,49.23867],[-122.89263,49.23729],[-122.89228,49.23711],[-122.89196,49.23552],[-122.8896,49.23487],[-122.88809,49.23555],[-122.883,49.23467],[-122.88163,49.23302],[-122.88242,49.23127],[-122.88021,49.23062],[-122.87679,49.22903],[-122.86634,49.22967],[-122.86297,49.23055],[-122.85927,49.23051],[-122.85517,49.22958],[-122.83972,49.22799],[-122.83826,49.22805],[-122.83583,49.22877],[-122.83384,49.22873],[-122.8313,49.22766],[-122.82699,49.22738],[-122.82522,49.22684],[-122.82418,49.22758],[-122.82055,49.2268],[-122.81982,49.22773]]}},{"type":"Feature","properties":{"name":"C2 Vancouver, BC to Chilliwack, BC (proposed) W-E Connected 97km 001 fixed pt2"},"geometry":{"type":"LineString","coordinates":[[-122.81982,49.22773],[-122.82197,49.22799],[-122.81734,49.22603],[-122.81484,49.22393],[-122.81342,49.22145],[-122.81027,49.21363],[-122.80936,49.21223],[-122.80637,49.21003],[-122.80203,49.20617],[-122.80104,49.20605],[-122.80123,49.20579],[-122.80374,49.20617],[-122.80631,49.20604],[-122.80632,49.20518],[-122.80822,49.2052],[-122.80839,49.20405],[-122.81026,49.2044],[-122.81069,49.20381],[-122.8106,49.2025],[-122.81258,49.20243],[-122.81244,49.191],[-122.81196,49.18983],[-122.81229,49.17025],[-122.76139,49.15044],[-122.75348,49.14629],[-122.72791,49.13499],[-122.72332,49.13218],[-122.7196,49.13119],[-122.71095,49.12795],[-122.70181,49.12358],[-122.70174,49.11886],[-122.69503,49.11898],[-122.69251,49.11852],[-122.69104,49.11875],[-122.66257,49.10607],[-122.6492,49.10305],[-122.64414,49.10119],[-122.60634,49.09103],[-122.55874,49.07423],[-122.51917,49.06559],[-122.50665,49.06211],[-122.49555,49.05991],[-122.47743,49.05822],[-122.46249,49.05767],[-122.42986,49.05692],[-122.40133,49.05757],[-122.37863,49.05558],[-122.37427,49.05599],[-122.37102,49.05519],[-122.35494,49.05367],[-122.35323,49.05399],[-122.35201,49.05467],[-122.34913,49.05833],[-122.34356,49.06003],[-122.31663,49.06006],[-122.31598,49.05963],[-122.31525,49.05539],[-122.30835,49.05419],[-122.29382,49.0501],[-122.27598,49.05009],[-122.27319,49.04929],[-122.27158,49.04929],[-122.27155,49.04689],[-122.27185,49.04616],[-122.26832,49.04699],[-122.26677,49.04806],[-122.26467,49.04878],[-122.26027,49.04863],[-122.25319,49.04732],[-122.24748,49.0435],[-122.24447,49.04072],[-122.23663,49.03822],[-122.23128,49.03884],[-122.22669,49.04138],[-122.22374,49.04228],[-122.22233,49.04131],[-122.2193,49.03831],[-122.21664,49.03982],[-122.1776,49.05729],[-122.1718,49.06024],[-122.1257,49.08834],[-122.12439,49.08883],[-122.12151,49.0891],[-122.1211,49.08948],[-122.11625,49.08948],[-122.11504,49.09071],[-122.11417,49.09093],[-122.10972,49.09033],[-122.09522,49.09025],[-122.0952,49.08932],[-122.06689,49.08931],[-122.06563,49.08885],[-122.06503,49.0881],[-122.06495,49.08211]]}},{"type":"Feature","properties":{"name":"C2 Cranbrook, BC to Fernie, BC (proposed) W-E Connected 97.2km fixed"},"geometry":{"type":"LineString","coordinates":[[-115.77715,49.50853],[-115.76949,49.51302],[-115.76625,49.51553],[-115.76331,49.5166],[-115.73986,49.53589],[-115.73932,49.53662],[-115.73918,49.53825],[-115.73742,49.54066],[-115.73632,49.54304],[-115.73374,49.54651],[-115.73239,49.54761],[-115.7235,49.55101],[-115.7134,49.55713],[-115.71077,49.55805],[-115.70304,49.55985],[-115.68982,49.56553],[-115.68831,49.56664],[-115.68761,49.56758],[-115.68591,49.57205],[-115.68484,49.57338],[-115.68314,49.57431],[-115.68138,49.57471],[-115.67878,49.57481],[-115.67743,49.5745],[-115.66948,49.5701],[-115.65748,49.56123],[-115.65402,49.55794],[-115.64765,49.55091],[-115.6251,49.53123],[-115.62206,49.52889],[-115.59867,49.51653],[-115.58064,49.50465],[-115.5641,49.4955],[-115.54933,49.48443],[-115.54527,49.48202],[-115.54181,49.48044],[-115.5238,49.4742],[-115.51754,49.47284],[-115.51236,49.47306],[-115.51045,49.47285],[-115.50724,49.472],[-115.50287,49.46998],[-115.49938,49.46905],[-115.49003,49.46803],[-115.48372,49.46844],[-115.47356,49.46817],[-115.47004,49.46723],[-115.46472,49.46388],[-115.44178,49.44804],[-115.44016,49.44631],[-115.43545,49.4399],[-115.4341,49.43877],[-115.43139,49.43734],[-115.41652,49.431],[-115.38965,49.41365],[-115.38351,49.40887],[-115.37112,49.40157],[-115.3621,49.3979],[-115.35827,49.39677],[-115.34835,49.39513],[-115.34148,49.39493],[-115.33655,49.39358],[-115.32746,49.38947],[-115.32143,49.38748],[-115.31894,49.38635],[-115.30795,49.37789],[-115.30438,49.37642],[-115.30199,49.37611],[-115.29977,49.37621],[-115.29094,49.37827],[-115.27857,49.37972],[-115.27606,49.37935],[-115.27389,49.37845],[-115.26508,49.37203],[-115.25852,49.36995],[-115.25546,49.3698],[-115.24881,49.37061],[-115.24484,49.37066],[-115.24057,49.37197],[-115.23294,49.37278],[-115.2288,49.37248],[-115.22488,49.37117],[-115.22184,49.36903],[-115.19855,49.34898],[-115.16178,49.30143],[-115.15885,49.29818],[-115.15089,49.29241],[-115.14836,49.29103],[-115.14587,49.29042],[-115.13687,49.2903],[-115.1353,49.29057],[-115.13255,49.29215],[-115.13022,49.29301],[-115.11609,49.29516],[-115.11523,49.29579],[-115.11491,49.29652],[-115.11592,49.29997],[-115.11532,49.30146],[-115.11401,49.30233],[-115.10739,49.30379],[-115.10214,49.30659],[-115.09548,49.3072],[-115.09168,49.30821],[-115.08618,49.30914],[-115.08046,49.3107],[-115.07595,49.31283],[-115.06689,49.31326],[-115.06166,49.31145],[-115.06036,49.31134],[-115.05805,49.31198],[-115.05428,49.31199],[-115.05119,49.31312],[-115.04459,49.31394],[-115.03697,49.31679],[-115.03557,49.31762],[-115.03203,49.32124],[-115.02642,49.32415],[-115.02318,49.32716],[-115.01925,49.33004],[-115.01763,49.33233],[-115.01626,49.33768],[-115.01351,49.34083],[-115.01322,49.34165],[-115.01337,49.34411],[-115.01298,49.34538],[-115.01029,49.34854],[-115.01045,49.34939],[-115.0118,49.35113],[-115.01188,49.35328],[-115.01102,49.35498],[-115.01097,49.35572],[-115.01227,49.35751],[-115.01356,49.36213],[-115.01386,49.36691],[-115.01455,49.36824],[-115.01695,49.37049],[-115.01735,49.37132],[-115.01672,49.37759],[-115.01716,49.37853],[-115.02016,49.38187],[-115.02164,49.38466],[-115.02384,49.39715],[-115.02485,49.40005],[-115.02697,49.40297],[-115.02851,49.40439],[-115.03863,49.41162],[-115.04023,49.4141],[-115.04114,49.418],[-115.04163,49.41894],[-115.04266,49.41998],[-115.04757,49.42274],[-115.0515,49.42697],[-115.05365,49.43015],[-115.0545,49.43357],[-115.06192,49.44727],[-115.06265,49.44825],[-115.06695,49.45195],[-115.07085,49.45701],[-115.07179,49.46001],[-115.07564,49.46932],[-115.0758,49.47028],[-115.0755,49.47144],[-115.07275,49.47536],[-115.07259,49.47686],[-115.07338,49.47861],[-115.08103,49.49093],[-115.0813,49.4927],[-115.08082,49.49696],[-115.07929,49.49887],[-115.06683,49.50585],[-115.0638,49.50868]]}},{"type":"Feature","properties":{"name":"C2 Lancaster, ON to Montreal, QC (proposed) W-E Connected 100km fixed pt1"},"geometry":{"type":"LineString","coordinates":[[-74.47048,45.15173],[-74.44652,45.16123],[-74.44531,45.16135],[-74.44322,45.1609],[-74.44264,45.16128],[-74.44223,45.16269],[-74.44152,45.16322],[-74.41164,45.17495],[-74.41025,45.17515],[-74.40846,45.17452],[-74.40752,45.17463],[-74.40692,45.17511],[-74.40681,45.17637],[-74.40598,45.17712],[-74.38675,45.18437],[-74.38523,45.18555],[-74.38349,45.18827],[-74.3823,45.18914],[-74.37927,45.19008],[-74.3791,45.1905],[-74.3642,45.19538],[-74.3434,45.20596],[-74.33314,45.20814],[-74.31949,45.21589],[-74.30157,45.22365],[-74.28071,45.23149],[-74.25591,45.23801],[-74.24966,45.24103],[-74.25009,45.24152],[-74.24903,45.24199],[-74.24972,45.24284],[-74.24928,45.24309],[-74.25026,45.24441],[-74.24982,45.2449],[-74.24809,45.24559],[-74.25057,45.2488],[-74.24609,45.25055],[-74.24765,45.25275],[-74.24674,45.25332],[-74.24558,45.25311],[-74.24471,45.2535],[-74.24452,45.25385],[-74.24543,45.25552],[-74.24525,45.25608],[-74.22926,45.26299],[-74.22553,45.26444],[-74.22248,45.26471],[-74.22014,45.26576],[-74.21982,45.26553],[-74.2195,45.2657],[-74.21983,45.26648],[-74.21214,45.26815],[-74.19928,45.26301],[-74.20005,45.26211],[-74.1985,45.26175],[-74.19293,45.27489],[-74.19189,45.27482],[-74.19156,45.27511],[-74.18799,45.28345],[-74.187,45.28467],[-74.18616,45.28646],[-74.18332,45.29004],[-74.18403,45.29041],[-74.18368,45.29083],[-74.18291,45.29063],[-74.17974,45.29372],[-74.17396,45.29822],[-74.16652,45.3023],[-74.16266,45.30392],[-74.15206,45.30706],[-74.14503,45.30817],[-74.03141,45.32097],[-74.0302,45.31993],[-74.02933,45.3203],[-74.02968,45.32117],[-74.01716,45.32228],[-74.01638,45.32268],[-73.98381,45.32649],[-73.97581,45.32833],[-73.97101,45.32975],[-73.96965,45.33052],[-73.97012,45.33116],[-73.97103,45.3309],[-73.97223,45.33238],[-73.97278,45.3322],[-73.97362,45.33538],[-73.97736,45.3398],[-73.97989,45.34362],[-73.98125,45.34498],[-73.98599,45.3477],[-73.98764,45.34945],[-73.98984,45.35093],[-73.99614,45.35365],[-74.00326,45.36036],[-74.00658,45.36503],[-74.00748,45.36859],[-74.01041,45.37536],[-74.01006,45.37612],[-74.01009,45.38277],[-74.01055,45.38356]]}},{"type":"Feature","properties":{"name":"C2 Lancaster, ON to Montreal, QC (proposed) W-E Connected 100km fixed pt2"},"geometry":{"type":"LineString","coordinates":[[-74.01055,45.38356],[-74.00615,45.38568],[-73.99821,45.38613],[-73.99772,45.38497],[-73.99876,45.38136],[-73.99853,45.3809],[-73.99756,45.38058],[-73.96539,45.38825],[-73.95787,45.39462],[-73.95775,45.39599],[-73.95921,45.39789],[-73.95797,45.39899],[-73.958,45.39937],[-73.9591,45.39918],[-73.95457,45.40429],[-73.95428,45.4042],[-73.95497,45.40439],[-73.94832,45.40281],[-73.94508,45.40265],[-73.93575,45.40522],[-73.93185,45.40511],[-73.92959,45.40549],[-73.92198,45.40537],[-73.92083,45.40591],[-73.91984,45.40732],[-73.91903,45.40792],[-73.9164,45.40826],[-73.91079,45.41052],[-73.90597,45.41202],[-73.89551,45.41455],[-73.88964,45.41537],[-73.88604,45.41541],[-73.87829,45.41741],[-73.87462,45.4197],[-73.87485,45.42028],[-73.87413,45.42086],[-73.87422,45.4214],[-73.87286,45.42217],[-73.86638,45.42375],[-73.86386,45.42518],[-73.85756,45.42671],[-73.84591,45.43113],[-73.84534,45.42985],[-73.84342,45.4295],[-73.83957,45.42801],[-73.83529,45.42686],[-73.83436,45.42732],[-73.83419,45.42817],[-73.83319,45.42842],[-73.83054,45.42889],[-73.8271,45.42874],[-73.81956,45.43053],[-73.81864,45.43207],[-73.81756,45.43277],[-73.81615,45.43321],[-73.81114,45.43348],[-73.80633,45.43673],[-73.80437,45.43744],[-73.80394,45.43848],[-73.80415,45.43983],[-73.80335,45.44073],[-73.80272,45.44293],[-73.79947,45.44454],[-73.799,45.44508],[-73.79887,45.44642],[-73.79859,45.44668],[-73.79376,45.44832],[-73.7905,45.44833],[-73.7876,45.44788],[-73.7865,45.44809],[-73.78106,45.44663],[-73.77573,45.44359],[-73.77494,45.44295],[-73.7743,45.44159],[-73.77211,45.4407],[-73.76935,45.44099],[-73.76728,45.44024],[-73.7625,45.44063],[-73.75747,45.43893],[-73.75293,45.43908],[-73.7489,45.4398],[-73.74431,45.43877],[-73.73958,45.43895]]}},{"type":"Feature","properties":{"name":"C2 Montreal, QC to Pierreville, QC (proposed) W-E Connected 114km fixed"},"geometry":{"type":"LineString","coordinates":[[-73.56519,45.48619],[-73.56507,45.48556],[-73.55944,45.48877],[-73.55521,45.49077],[-73.5512,45.4908],[-73.54907,45.48994],[-73.54436,45.48969],[-73.5453,45.4928],[-73.54397,45.50425],[-73.53284,45.50846],[-73.52916,45.50801],[-73.52884,45.50832],[-73.52902,45.50806],[-73.52857,45.50787],[-73.52904,45.50476],[-73.52823,45.50474],[-73.52826,45.50374],[-73.52755,45.50296],[-73.52778,45.50262],[-73.52921,45.5023],[-73.52894,45.50157],[-73.52698,45.49923],[-73.5254,45.49813],[-73.52303,45.49681],[-73.52006,45.49613],[-73.51942,45.49568],[-73.51868,45.49455],[-73.51761,45.49166],[-73.51744,45.49222],[-73.51389,45.49264],[-73.51394,45.49307],[-73.51336,45.4933],[-73.51258,45.49254],[-73.51405,45.49658],[-73.51586,45.49955],[-73.51785,45.50469],[-73.51843,45.50497],[-73.51936,45.50489],[-73.52028,45.50643],[-73.52522,45.52253],[-73.52646,45.53045],[-73.52448,45.53074],[-73.52461,45.53177],[-73.52431,45.53222],[-73.52343,45.5321],[-73.52053,45.53321],[-73.51604,45.53801],[-73.50874,45.54361],[-73.50809,45.54454],[-73.50809,45.54528],[-73.50659,45.54576],[-73.50499,45.54757],[-73.50387,45.55025],[-73.50191,45.55081],[-73.49336,45.56133],[-73.48947,45.5668],[-73.48685,45.56973],[-73.47513,45.57994],[-73.47336,45.58088],[-73.46971,45.58617],[-73.46295,45.59217],[-73.46121,45.59456],[-73.45896,45.59917],[-73.45678,45.60585],[-73.45666,45.61166],[-73.45524,45.62434],[-73.45281,45.63128],[-73.45184,45.63287],[-73.44787,45.63736],[-73.44384,45.64384],[-73.44459,45.64526],[-73.44442,45.64586],[-73.44282,45.64621],[-73.44146,45.64781],[-73.44111,45.64956],[-73.44191,45.65321],[-73.44175,45.65383],[-73.44018,45.6561],[-73.43674,45.65814],[-73.43561,45.65923],[-73.43459,45.66115],[-73.43431,45.66511],[-73.43815,45.66518],[-73.43848,45.66661],[-73.43942,45.66685],[-73.44021,45.66823],[-73.44184,45.6688],[-73.44209,45.67008],[-73.44184,45.67177],[-73.44015,45.67195],[-73.44058,45.67252],[-73.44051,45.67465],[-73.44133,45.67756],[-73.43968,45.67798],[-73.44025,45.67884],[-73.43997,45.67935],[-73.44238,45.68246],[-73.44247,45.68274],[-73.44211,45.68288],[-73.44283,45.68329],[-73.44304,45.6839],[-73.44132,45.68678],[-73.43897,45.68965],[-73.43778,45.69027],[-73.43017,45.69255],[-73.42923,45.69311],[-73.42749,45.6956],[-73.42712,45.69858],[-73.42489,45.70133],[-73.42458,45.70274],[-73.42471,45.70497],[-73.42572,45.70745],[-73.43076,45.71181],[-73.43065,45.71251],[-73.42935,45.7146],[-73.42185,45.72154],[-73.42109,45.72179],[-73.40893,45.73388],[-73.39818,45.74251],[-73.39414,45.74644],[-73.3914,45.74972],[-73.38415,45.75601],[-73.37957,45.75834],[-73.37754,45.7599],[-73.37409,45.76349],[-73.36878,45.76817],[-73.36463,45.77303],[-73.36174,45.77443],[-73.35827,45.77555],[-73.34182,45.78366],[-73.33846,45.78634],[-73.33091,45.79145],[-73.32658,45.7959],[-73.31843,45.80186],[-73.31488,45.80389],[-73.31119,45.80661],[-73.30557,45.80973],[-73.30144,45.81283],[-73.29974,45.81344],[-73.29772,45.81369],[-73.28868,45.81348],[-73.28636,45.81397],[-73.28421,45.81501],[-73.27059,45.82809],[-73.25482,45.84499],[-73.24864,45.84848],[-73.23777,45.85834],[-73.23483,45.86013],[-73.23003,45.86374],[-73.22738,45.86625],[-73.22479,45.86885],[-73.22227,45.87245],[-73.21931,45.87559],[-73.21427,45.8839],[-73.20965,45.88778],[-73.20665,45.89533],[-73.2071,45.90184],[-73.2063,45.90665],[-73.2072,45.9188],[-73.20811,45.9214],[-73.20821,45.92337],[-73.20665,45.92967],[-73.20639,45.93436],[-73.20456,45.94043],[-73.20396,45.94485],[-73.19839,45.95643],[-73.19421,45.9614],[-73.18495,45.97036],[-73.1802,45.97698],[-73.17503,45.98898],[-73.16278,46.01215],[-73.15077,46.03726],[-73.14916,46.03903],[-73.14791,46.03962],[-73.14675,46.03975],[-73.12256,46.04008],[-73.11642,46.04187],[-73.11179,46.04255],[-73.10987,46.03842],[-73.10849,46.03876],[-73.09347,46.03607],[-73.08496,46.03352],[-73.06144,46.02916],[-73.03444,46.01838],[-73.00572,46.01254],[-72.98191,46.00823],[-72.98209,46.00768],[-72.97875,46.00719],[-72.97734,46.00729],[-72.96849,46.01005],[-72.96022,46.01115],[-72.95227,46.01326],[-72.94761,46.01378],[-72.93794,46.01682],[-72.93352,46.01719],[-72.92396,46.01658],[-72.92159,46.01554],[-72.92063,46.01436],[-72.91882,46.00556],[-72.91839,46.00484],[-72.91713,46.00428],[-72.91418,46.00442],[-72.90819,46.00531],[-72.90629,46.00589],[-72.90605,46.00551],[-72.90637,46.0041],[-72.90531,46.00201],[-72.90446,46.00137],[-72.90325,46.00123],[-72.89061,46.00667],[-72.85974,46.02075],[-72.84568,46.02999],[-72.84404,46.03186],[-72.84219,46.0426],[-72.84117,46.0448],[-72.83973,46.04608],[-72.82642,46.05486],[-72.8144,46.06914]]}},{"type":"Feature","properties":{"name":"C2 Pierreville, QC to Leclercville, QC (proposed) W-E Connected 102km fixed"},"geometry":{"type":"LineString","coordinates":[[-72.8144,46.06914],[-72.81059,46.0718],[-72.81042,46.07247],[-72.81083,46.07503],[-72.80982,46.07649],[-72.79859,46.08342],[-72.78057,46.09407],[-72.77212,46.0961],[-72.76173,46.1013],[-72.76125,46.10262],[-72.76184,46.10365],[-72.77007,46.10993],[-72.77038,46.11122],[-72.77007,46.11224],[-72.76949,46.1129],[-72.76465,46.1154],[-72.7588,46.11933],[-72.74417,46.12598],[-72.73415,46.1316],[-72.7221,46.13773],[-72.71622,46.14139],[-72.70894,46.1445],[-72.68398,46.16166],[-72.68115,46.16408],[-72.67716,46.16639],[-72.66898,46.17321],[-72.66077,46.18097],[-72.65339,46.19067],[-72.64953,46.19249],[-72.64844,46.19335],[-72.64765,46.19445],[-72.64538,46.1996],[-72.64361,46.20237],[-72.6432,46.20392],[-72.64368,46.21131],[-72.6467,46.22043],[-72.64646,46.22218],[-72.64534,46.22393],[-72.64366,46.2252],[-72.64022,46.22685],[-72.63576,46.22747],[-72.63204,46.22699],[-72.62641,46.22511],[-72.62494,46.2241],[-72.61948,46.22736],[-72.62151,46.2276],[-72.62415,46.22967],[-72.62761,46.23099],[-72.63199,46.23315],[-72.63647,46.23399],[-72.63917,46.23494],[-72.64504,46.23962],[-72.64905,46.2435],[-72.65023,46.24559],[-72.64987,46.24727],[-72.64882,46.24935],[-72.6454,46.24843],[-72.63918,46.25151],[-72.63312,46.25554],[-72.62812,46.25926],[-72.62731,46.26092],[-72.61842,46.27061],[-72.6172,46.27081],[-72.61524,46.2694],[-72.61223,46.27111],[-72.61026,46.27158],[-72.60559,46.27446],[-72.6031,46.27516],[-72.6012,46.27378],[-72.59717,46.27523],[-72.58976,46.27951],[-72.57775,46.28462],[-72.56585,46.28738],[-72.55155,46.29682],[-72.54704,46.30032],[-72.5453,46.3009],[-72.5369,46.30247],[-72.53035,46.30519],[-72.52936,46.30586],[-72.52866,46.30707],[-72.52674,46.31669],[-72.52593,46.3186],[-72.52267,46.32292],[-72.52069,46.32435],[-72.51722,46.32611],[-72.51559,46.32824],[-72.51331,46.33031],[-72.51212,46.33329],[-72.50415,46.33737],[-72.4995,46.34225],[-72.48801,46.34778],[-72.48532,46.34945],[-72.4814,46.35312],[-72.47648,46.35652],[-72.46984,46.35975],[-72.46674,46.36014],[-72.44801,46.35684],[-72.44163,46.35499],[-72.44031,46.35422],[-72.43766,46.35158],[-72.43433,46.35024],[-72.42957,46.34485],[-72.42437,46.34716],[-72.41926,46.34569],[-72.40983,46.35555],[-72.39976,46.35994],[-72.39128,46.36233],[-72.39201,46.36316],[-72.38036,46.36852],[-72.37903,46.36884],[-72.37673,46.3686],[-72.37522,46.36882],[-72.37229,46.37022],[-72.37073,46.37269],[-72.35998,46.37752],[-72.3561,46.37841],[-72.35225,46.38016],[-72.33671,46.38183],[-72.33648,46.38243],[-72.33484,46.38272],[-72.32911,46.38502],[-72.3182,46.3902],[-72.31037,46.39257],[-72.30762,46.39299],[-72.29845,46.3934],[-72.28779,46.39603],[-72.286,46.39673],[-72.28211,46.39907],[-72.27022,46.40521],[-72.26311,46.40738],[-72.25363,46.40957],[-72.25038,46.41232],[-72.24495,46.41494],[-72.23432,46.42412],[-72.23144,46.43115],[-72.22765,46.43568],[-72.21835,46.45632],[-72.21608,46.46745],[-72.21342,46.47234],[-72.20993,46.48049],[-72.20854,46.48715],[-72.20517,46.49163],[-72.20237,46.49458],[-72.20183,46.49579],[-72.20191,46.49943],[-72.20273,46.50167],[-72.20345,46.50249],[-72.20398,46.50415],[-72.20564,46.5054],[-72.20502,46.50672],[-72.20346,46.50782],[-72.19096,46.51083],[-72.18754,46.51226],[-72.18482,46.51392],[-72.17249,46.52542],[-72.1653,46.53606],[-72.16157,46.53825],[-72.15509,46.54013],[-72.14685,46.5436],[-72.13957,46.54538],[-72.13213,46.54778],[-72.12472,46.55158],[-72.12284,46.55347],[-72.12068,46.5547],[-72.11527,46.55636],[-72.11235,46.55819],[-72.10719,46.55925],[-72.10563,46.55926],[-72.09942,46.55827],[-72.09465,46.55678],[-72.08667,46.55634],[-72.07867,46.55524],[-72.07689,46.5556],[-72.06868,46.55882],[-72.06768,46.55893],[-72.06187,46.55808],[-72.05545,46.55929],[-72.05023,46.56],[-72.04831,46.55998],[-72.04603,46.55936],[-72.04449,46.55856],[-72.04199,46.55519],[-72.03554,46.55052],[-72.03381,46.55019],[-72.0326,46.55033],[-72.03133,46.55091],[-72.0275,46.55438],[-72.02298,46.55596],[-72.01573,46.56133],[-72.0056,46.5673],[-72.002,46.56876],[-71.99968,46.57093],[-71.997,46.57207],[-71.99559,46.57172]]}},{"type":"Feature","properties":{"name":"C2 - part of route C1 from Hope, BC to Keremeos, BC 202km"},"geometry":{"type":"LineString","coordinates":[[-121.44259,49.37727],[-121.44054,49.37803],[-121.44185,49.3795],[-121.43519,49.38199],[-121.43237,49.37889],[-121.42983,49.37979],[-121.42567,49.37542],[-121.41419,49.37425],[-121.4089,49.3715],[-121.40795,49.3702],[-121.40537,49.36984],[-121.40037,49.36775],[-121.39628,49.36675],[-121.39234,49.3661],[-121.38596,49.36578],[-121.37691,49.36334],[-121.36641,49.36185],[-121.36003,49.36168],[-121.35479,49.36311],[-121.34993,49.36363],[-121.34774,49.36354],[-121.34536,49.36281],[-121.33712,49.35813],[-121.33096,49.35413],[-121.32064,49.34976],[-121.31251,49.34358],[-121.30265,49.33952],[-121.30108,49.33853],[-121.29703,49.33494],[-121.29519,49.33245],[-121.28941,49.32729],[-121.28889,49.32644],[-121.28837,49.32436],[-121.28778,49.32356],[-121.28624,49.3226],[-121.28188,49.32127],[-121.27881,49.31954],[-121.27714,49.31747],[-121.26928,49.30976],[-121.26767,49.30717],[-121.26694,49.30111],[-121.26627,49.29993],[-121.24697,49.28202],[-121.24392,49.28022],[-121.22224,49.27077],[-121.21773,49.26849],[-121.21274,49.26685],[-121.20779,49.26345],[-121.20564,49.26267],[-121.19787,49.2609],[-121.19586,49.26013],[-121.18932,49.25438],[-121.18716,49.25173],[-121.18576,49.25076],[-121.1819,49.25011],[-121.17581,49.25007],[-121.17137,49.24916],[-121.16973,49.24863],[-121.16549,49.2459],[-121.16271,49.24485],[-121.16085,49.24338],[-121.1562,49.24143],[-121.14179,49.23959],[-121.13333,49.2391],[-121.13155,49.23866],[-121.12085,49.23382],[-121.11254,49.23103],[-121.10892,49.22932],[-121.09894,49.22378],[-121.09302,49.22122],[-121.08824,49.21789],[-121.0821,49.21521],[-121.07881,49.21222],[-121.07494,49.21077],[-121.07371,49.21074],[-121.07283,49.21128],[-121.0728,49.21297],[-121.07233,49.2139],[-121.06477,49.22284],[-121.06048,49.22882],[-121.0587,49.22934],[-121.05695,49.22853],[-121.05654,49.22673],[-121.05565,49.22494],[-121.05278,49.22329],[-121.05144,49.22314],[-121.04859,49.22373],[-121.04382,49.22307],[-121.04077,49.22181],[-121.03895,49.22207],[-121.03386,49.22132],[-121.03013,49.21873],[-121.02664,49.21704],[-121.02231,49.21356],[-121.01947,49.21234],[-121.01619,49.21019],[-121.01415,49.20973],[-121.01143,49.20984],[-121.00953,49.20956],[-121.0051,49.20738],[-121.00089,49.20668],[-120.99013,49.20365],[-120.98747,49.20154],[-120.98447,49.20093],[-120.98325,49.20026],[-120.98261,49.19908],[-120.9831,49.19723],[-120.9827,49.19654],[-120.98075,49.19563],[-120.97834,49.19538],[-120.97705,49.19489],[-120.97346,49.19103],[-120.97104,49.18976],[-120.9689,49.18635],[-120.96952,49.18518],[-120.96898,49.18218],[-120.96492,49.17831],[-120.9641,49.17686],[-120.96191,49.17557],[-120.95991,49.17502],[-120.95884,49.17426],[-120.95729,49.17378],[-120.95605,49.1721],[-120.95422,49.1709],[-120.95061,49.16739],[-120.94182,49.16353],[-120.92973,49.16002],[-120.92536,49.15826],[-120.92032,49.1576],[-120.91128,49.15473],[-120.90697,49.15225],[-120.90277,49.15062],[-120.89953,49.14854],[-120.89512,49.14671],[-120.89083,49.1455],[-120.88986,49.14447],[-120.89031,49.14169],[-120.88994,49.14029],[-120.88814,49.1382],[-120.88405,49.13535],[-120.88225,49.13106],[-120.87824,49.12758],[-120.87767,49.12366],[-120.87463,49.12014],[-120.86952,49.11668],[-120.84783,49.11131],[-120.84621,49.11001],[-120.84451,49.10758],[-120.84344,49.10696],[-120.83938,49.10571],[-120.83551,49.10145],[-120.83473,49.09981],[-120.83419,49.09589],[-120.83058,49.09181],[-120.813,49.07961],[-120.81149,49.07692],[-120.81061,49.07613],[-120.80596,49.07425],[-120.80344,49.07194],[-120.80237,49.07139],[-120.79859,49.06984],[-120.79334,49.06847],[-120.79007,49.06618],[-120.7807,49.06212],[-120.77716,49.06138],[-120.75859,49.06007],[-120.749,49.05635],[-120.74432,49.05692],[-120.74056,49.05685],[-120.73176,49.05817],[-120.72986,49.05921],[-120.72429,49.06621],[-120.72291,49.06749],[-120.72122,49.06849],[-120.71424,49.07224],[-120.7125,49.07287],[-120.70552,49.07418],[-120.6996,49.07619],[-120.69768,49.07784],[-120.6945,49.08208],[-120.69013,49.08445],[-120.68876,49.08718],[-120.68799,49.08799],[-120.68233,49.09041],[-120.67352,49.09482],[-120.67085,49.09743],[-120.66935,49.09962],[-120.66625,49.10102],[-120.66278,49.10537],[-120.65938,49.10713],[-120.65628,49.10999],[-120.64806,49.11274],[-120.64406,49.11554],[-120.63832,49.1188],[-120.62891,49.12236],[-120.62782,49.12326],[-120.62446,49.12884],[-120.61969,49.13487],[-120.61076,49.14204],[-120.60953,49.14511],[-120.60814,49.14687],[-120.59842,49.15272],[-120.59581,49.15315],[-120.58935,49.15313],[-120.58759,49.15374],[-120.58659,49.15553],[-120.58489,49.15643],[-120.58416,49.15727],[-120.58365,49.15923],[-120.58421,49.16184],[-120.58411,49.16262],[-120.582,49.16482],[-120.57818,49.16614],[-120.57456,49.16573],[-120.57358,49.16657],[-120.57253,49.16682],[-120.5718,49.16677],[-120.56992,49.16567],[-120.56847,49.16591],[-120.56657,49.16689],[-120.56594,49.16878],[-120.56519,49.16965],[-120.56428,49.16993],[-120.56134,49.16975],[-120.55771,49.17081],[-120.5518,49.17545],[-120.55153,49.17633],[-120.55181,49.17922],[-120.55429,49.18189],[-120.55552,49.18657],[-120.55725,49.18856],[-120.55852,49.1888],[-120.56061,49.18853],[-120.56171,49.18905],[-120.56141,49.18976],[-120.55981,49.19011],[-120.55938,49.19165],[-120.56155,49.19789],[-120.55962,49.20216],[-120.5576,49.20358],[-120.55646,49.20557],[-120.55502,49.20711],[-120.55503,49.20875],[-120.55235,49.20955],[-120.55128,49.21035],[-120.55116,49.21314],[-120.55176,49.21615],[-120.55129,49.21663],[-120.5485,49.21762],[-120.54728,49.2195],[-120.54714,49.22198],[-120.54626,49.22338],[-120.54633,49.22498],[-120.54859,49.22671],[-120.54887,49.2283],[-120.54935,49.22915],[-120.54911,49.23041],[-120.54945,49.23146],[-120.55216,49.23383],[-120.55488,49.23519],[-120.5569,49.23537],[-120.5587,49.23598],[-120.563,49.23978],[-120.56756,49.24287],[-120.57097,49.24364],[-120.57612,49.24318],[-120.57976,49.24387],[-120.5818,49.245],[-120.58277,49.2463],[-120.58342,49.2479],[-120.58276,49.25977],[-120.58358,49.26138],[-120.58507,49.26319],[-120.58552,49.26523],[-120.5844,49.26788],[-120.57754,49.27312],[-120.57706,49.27386],[-120.57689,49.27611],[-120.57758,49.27734],[-120.57978,49.2796],[-120.58023,49.2812],[-120.57985,49.28239],[-120.57855,49.28435],[-120.57774,49.289],[-120.5784,49.28973],[-120.58308,49.2906],[-120.58315,49.29128],[-120.58224,49.29231],[-120.58215,49.29284],[-120.58319,49.29445],[-120.58621,49.29606],[-120.58933,49.2966],[-120.58991,49.29727],[-120.58962,49.29769],[-120.58496,49.29966],[-120.57456,49.3002],[-120.57375,49.30055],[-120.57195,49.30331],[-120.57165,49.30466],[-120.57142,49.31134],[-120.57312,49.31454],[-120.5735,49.31644],[-120.5688,49.32705],[-120.56865,49.32853],[-120.5702,49.33839],[-120.56786,49.34354],[-120.56576,49.35153],[-120.56645,49.35657],[-120.56689,49.35732],[-120.56859,49.35875],[-120.56909,49.3598],[-120.56898,49.36033],[-120.56795,49.36137],[-120.5658,49.36181],[-120.56388,49.36127],[-120.56173,49.35865],[-120.56059,49.3582],[-120.5582,49.35802],[-120.55719,49.35825],[-120.5566,49.35867],[-120.55639,49.35932],[-120.55713,49.36113],[-120.5593,49.36205],[-120.56523,49.36586],[-120.57239,49.36758],[-120.57435,49.36737],[-120.57653,49.36762],[-120.57836,49.3671],[-120.57901,49.36744],[-120.57894,49.36801],[-120.57847,49.36842],[-120.57303,49.37028],[-120.56974,49.37049],[-120.56835,49.37095],[-120.56494,49.3741],[-120.56418,49.37519],[-120.56387,49.37644],[-120.56374,49.37929],[-120.56282,49.38357],[-120.56293,49.39053],[-120.5645,49.3947],[-120.56474,49.39657],[-120.56381,49.40461],[-120.56222,49.40801],[-120.56195,49.40998],[-120.56597,49.41766],[-120.56682,49.42154],[-120.56593,49.42357],[-120.56495,49.42468],[-120.56297,49.42581],[-120.56052,49.42624],[-120.5564,49.42588],[-120.55517,49.42601],[-120.55327,49.42675],[-120.54718,49.43213],[-120.54634,49.43347],[-120.54585,49.43533],[-120.54418,49.43722],[-120.54157,49.43863],[-120.53997,49.44017],[-120.5327,49.44253],[-120.5305,49.44375],[-120.5295,49.44468],[-120.52689,49.45101],[-120.52589,49.45228],[-120.52325,49.45354],[-120.52143,49.45397],[-120.51941,49.45385],[-120.51652,49.45419],[-120.51284,49.45371],[-120.5109,49.45415],[-120.50916,49.45564],[-120.50837,49.45552],[-120.50682,49.45633],[-120.50443,49.45835],[-120.50477,49.4632],[-120.50438,49.46414],[-120.50127,49.46615],[-120.49691,49.46738],[-120.49559,49.46746],[-120.49403,49.46684],[-120.49226,49.46675],[-120.48597,49.46755],[-120.48412,49.46751],[-120.48128,49.46526],[-120.48055,49.46501],[-120.47446,49.46459],[-120.47047,49.46351],[-120.46257,49.46256],[-120.45865,49.46278],[-120.45222,49.46617],[-120.4484,49.46721],[-120.44637,49.46709],[-120.44274,49.46576],[-120.43773,49.46277],[-120.43013,49.46169],[-120.4258,49.45985],[-120.41652,49.46044],[-120.40626,49.46024],[-120.39786,49.45872],[-120.39471,49.45762],[-120.39403,49.45801],[-120.39405,49.46028],[-120.39361,49.46073],[-120.38794,49.46064],[-120.3834,49.46161],[-120.3775,49.46401],[-120.37209,49.46452],[-120.36595,49.46348],[-120.35873,49.46309],[-120.35151,49.46191],[-120.3493,49.4612],[-120.34634,49.4596],[-120.33778,49.45789],[-120.33581,49.45716],[-120.32461,49.45047],[-120.32057,49.44725],[-120.31797,49.44613],[-120.3143,49.44511],[-120.31268,49.44351],[-120.31144,49.44314],[-120.30742,49.44065],[-120.29825,49.44054],[-120.29521,49.441],[-120.2911,49.43974],[-120.28707,49.44003],[-120.28061,49.43846],[-120.27855,49.43661],[-120.27065,49.43167],[-120.26705,49.42728],[-120.25752,49.42253],[-120.2565,49.42158],[-120.25606,49.41904],[-120.25814,49.4158],[-120.25865,49.41187],[-120.25856,49.40963],[-120.2583,49.40822],[-120.25757,49.40682],[-120.25387,49.40373],[-120.24629,49.40369],[-120.24244,49.40276],[-120.22469,49.40137],[-120.21769,49.4002],[-120.2134,49.39849],[-120.21201,49.3975],[-120.21018,49.39552],[-120.20514,49.39304],[-120.20451,49.39231],[-120.20386,49.39059],[-120.20018,49.38789],[-120.18879,49.38281],[-120.18246,49.38215],[-120.17315,49.38336],[-120.16107,49.3816],[-120.15396,49.37913],[-120.15225,49.37915],[-120.15071,49.37854],[-120.15015,49.37819],[-120.15019,49.3777],[-120.13675,49.37198],[-120.13071,49.36761],[-120.12869,49.36704],[-120.12073,49.36617],[-120.11874,49.3657],[-120.1147,49.36191],[-120.11316,49.36109],[-120.10767,49.36061],[-120.10116,49.36084],[-120.10027,49.36038],[-120.09863,49.3583],[-120.09609,49.35661],[-120.08726,49.35347],[-120.08323,49.35424],[-120.07994,49.35601],[-120.07882,49.35612],[-120.07798,49.35582],[-120.07655,49.35438],[-120.07647,49.35165],[-120.07501,49.34792],[-120.06973,49.34518],[-120.06752,49.34448],[-120.06089,49.3414],[-120.05738,49.33941],[-120.05428,49.3371],[-120.04905,49.33225],[-120.04703,49.32788],[-120.04184,49.32348],[-120.03654,49.31731],[-120.03229,49.31375],[-120.03199,49.3112],[-120.03047,49.30899],[-120.02772,49.306],[-120.02793,49.30326],[-120.02731,49.29976],[-120.02673,49.29098],[-120.02841,49.28758],[-120.02861,49.28601],[-120.02662,49.28048],[-120.02625,49.27842],[-120.0226,49.27589],[-120.01936,49.26943],[-120.01882,49.26729],[-120.016,49.26447],[-120.01458,49.2606],[-120.01492,49.25816],[-120.01426,49.25579],[-120.01333,49.25423],[-120.00469,49.24709],[-120.004,49.24628],[-120.00319,49.24355],[-119.99142,49.2351],[-119.98893,49.23417],[-119.98388,49.23298],[-119.97904,49.23053],[-119.96961,49.22834],[-119.96669,49.22688],[-119.96044,49.22518],[-119.95935,49.22451],[-119.95689,49.22185],[-119.95475,49.22088],[-119.9485,49.22031],[-119.94154,49.22069],[-119.93464,49.22023],[-119.92845,49.21802],[-119.92183,49.21815],[-119.91394,49.21685],[-119.90977,49.21502],[-119.90001,49.21264],[-119.89609,49.21108],[-119.8924,49.20919],[-119.88971,49.20601],[-119.88647,49.20463],[-119.88388,49.20446],[-119.88082,49.20472],[-119.8809,49.20454],[-119.87399,49.20501],[-119.867,49.20429],[-119.85971,49.20416],[-119.8597,49.20504],[-119.85561,49.20532],[-119.82304,49.20512],[-119.82301,49.20618],[-119.82268,49.20651],[-119.81903,49.20682]]}},{"type":"Feature","properties":{"name":"C2 - Part of C1 from Maple Creek, SK to Medicine Hat, AB WB 95km"},"geometry":{"type":"LineString","coordinates":[[-109.46341,49.98229],[-109.481,49.98266],[-109.49863,49.98251],[-109.53885,49.97574],[-109.54297,49.97538],[-109.57708,49.97513],[-109.6225,49.97548],[-109.66592,49.9754],[-109.66906,49.97489],[-109.70999,49.96202],[-109.71459,49.96138],[-109.82217,49.96129],[-109.82787,49.96162],[-109.85892,49.96476],[-109.86605,49.96438],[-109.89157,49.96007],[-109.89761,49.9595],[-109.93702,49.96074],[-109.98992,49.96073],[-109.99388,49.96009],[-109.99696,49.95917],[-110.01273,49.95191],[-110.05481,49.93953],[-110.05698,49.93934],[-110.12274,49.94086],[-110.1628,49.93763],[-110.22914,49.95038],[-110.29622,49.95769],[-110.3016,49.95784],[-110.33574,49.95583],[-110.34022,49.95604],[-110.3442,49.95716],[-110.38588,49.97504],[-110.41427,49.98188],[-110.4219,49.98304],[-110.44591,49.98286],[-110.51829,49.97501],[-110.56001,49.97482],[-110.56403,49.97415],[-110.57358,49.9718],[-110.57356,49.97291],[-110.59297,49.96812],[-110.59697,49.96809],[-110.59954,49.96886],[-110.60092,49.96968],[-110.60956,49.97747],[-110.61412,49.98072],[-110.61443,49.98054],[-110.6384,49.99763],[-110.64146,49.99899],[-110.65416,50.0029],[-110.66561,50.0051],[-110.6682,50.00614],[-110.67455,50.00961],[-110.68286,50.01243],[-110.68687,50.01435],[-110.68995,50.01654],[-110.69961,50.02572],[-110.70138,50.02767],[-110.70226,50.02939],[-110.70472,50.03088],[-110.70702,50.0331],[-110.70776,50.03279]]}},{"type":"Feature","properties":{"name":"C2 - Part of C1 from Medicine Hat, AB to Maple Creek, SK 95km"},"geometry":{"type":"LineString","coordinates":[[-110.70776,50.03279],[-110.70563,50.03072],[-110.70526,50.02955],[-110.70452,50.0295],[-110.7037,50.02836],[-110.70113,50.02668],[-110.68968,50.01609],[-110.68729,50.01438],[-110.68292,50.01226],[-110.67468,50.00946],[-110.66832,50.006],[-110.66575,50.00495],[-110.65426,50.00274],[-110.6426,49.99917],[-110.6394,49.99785],[-110.61481,49.98031],[-110.61521,49.98007],[-110.60926,49.97568],[-110.60187,49.96881],[-110.59986,49.96761],[-110.59743,49.96674],[-110.59437,49.96651],[-110.59126,49.96684],[-110.57359,49.97118],[-110.5736,49.97151],[-110.56391,49.97388],[-110.55997,49.97453],[-110.51822,49.97471],[-110.44588,49.98246],[-110.42075,49.98271],[-110.41705,49.98215],[-110.38737,49.97512],[-110.34452,49.95684],[-110.33973,49.95557],[-110.33565,49.95546],[-110.30155,49.95746],[-110.29631,49.9573],[-110.22932,49.94997],[-110.16282,49.93732],[-110.15931,49.93738],[-110.12228,49.94046],[-110.05548,49.93907],[-110.05194,49.93975],[-110.01429,49.95095],[-110.01053,49.95234],[-109.99569,49.95917],[-109.98995,49.96036],[-109.94128,49.96039],[-109.8959,49.95897],[-109.8925,49.95931],[-109.86925,49.96337],[-109.85855,49.96437],[-109.82792,49.96126],[-109.82221,49.96093],[-109.71333,49.96101],[-109.70831,49.96191],[-109.67094,49.97387],[-109.66759,49.9748],[-109.66496,49.9751],[-109.54169,49.97499],[-109.53597,49.97572],[-109.49805,49.98222],[-109.48113,49.98229],[-109.46341,49.98187]]}},{"type":"Feature","properties":{"name":"C2 - Part of Route C1 from Winnipeg to Kenora"},"geometry":{"type":"LineString","coordinates":[[-97.16999,49.87515],[-97.16431,49.8772],[-97.16304,49.87704],[-97.16225,49.87783],[-97.16001,49.87878],[-97.1597,49.87927],[-97.15953,49.88176],[-97.15569,49.88164],[-97.15548,49.88224],[-97.1537,49.88232],[-97.15274,49.88288],[-97.14642,49.88249],[-97.13402,49.88679],[-97.13194,49.88355],[-97.12844,49.88127],[-97.127,49.87965],[-97.12427,49.87784],[-97.11816,49.87528],[-97.11199,49.87026],[-97.11095,49.86891],[-97.11108,49.86443],[-97.10439,49.85576],[-97.10437,49.85533],[-97.10119,49.85741],[-97.09918,49.85807],[-97.09766,49.85819],[-97.0925,49.85799],[-97.08784,49.85655],[-97.08434,49.85624],[-97.0506,49.8563],[-97.04934,49.85613],[-97.04934,49.8559],[-97.03268,49.85576],[-97.02626,49.85504],[-97.01447,49.85593],[-97.01239,49.85574],[-97.00897,49.85489],[-97.00684,49.85387],[-96.98942,49.84226],[-96.97506,49.83635],[-96.97216,49.83588],[-96.9683,49.83589],[-96.96526,49.83521],[-96.9626,49.83412],[-96.9506,49.82837],[-96.94645,49.8249],[-96.94338,49.82315],[-96.75281,49.74342],[-96.55817,49.66561],[-96.55251,49.66351],[-96.54893,49.66295],[-96.32175,49.66277],[-96.26489,49.65596],[-96.25125,49.65581],[-96.13728,49.65586],[-96.13088,49.65667],[-96.11146,49.66184],[-96.10737,49.66264],[-96.1028,49.66293],[-96.08672,49.66291],[-96.08253,49.66251],[-96.04958,49.6569],[-95.97267,49.64841],[-95.94812,49.64811],[-95.93718,49.64926],[-95.86509,49.64961],[-95.8569,49.64923],[-95.83435,49.64929],[-95.80882,49.64852],[-95.80077,49.64861],[-95.78088,49.64788],[-95.7745,49.64676],[-95.77061,49.64654],[-95.7393,49.64654],[-95.73019,49.64818],[-95.72381,49.64823],[-95.71986,49.64768],[-95.71636,49.64631],[-95.69806,49.63421],[-95.69327,49.62958],[-95.69004,49.62733],[-95.6806,49.62298],[-95.67481,49.62153],[-95.66873,49.6211],[-95.66389,49.62148],[-95.61007,49.6309],[-95.60203,49.63327],[-95.5967,49.63413],[-95.5748,49.6342],[-95.56356,49.6331],[-95.55704,49.63287],[-95.53274,49.63439],[-95.52412,49.6341],[-95.51427,49.63266],[-95.50926,49.63302],[-95.49807,49.63516],[-95.47021,49.6353],[-95.46507,49.63592],[-95.46125,49.63719],[-95.45482,49.64145],[-95.45054,49.64348],[-95.40306,49.65782],[-95.39984,49.65911],[-95.39504,49.6621],[-95.38574,49.66936],[-95.36442,49.68122],[-95.36003,49.68295],[-95.28321,49.70387],[-95.27312,49.70533],[-95.26905,49.70637],[-95.26716,49.70734],[-95.26539,49.70883],[-95.25404,49.72589],[-95.25117,49.72837],[-95.24813,49.72965],[-95.2283,49.73587],[-95.22386,49.73671],[-95.16657,49.73784],[-95.14664,49.7398],[-95.12483,49.74063],[-95.11062,49.74319],[-95.10336,49.74342],[-95.09742,49.74255],[-95.08405,49.73889],[-95.06451,49.73254],[-95.04788,49.73008],[-95.03428,49.72926],[-95.02704,49.73003],[-95.01146,49.73091],[-95.00654,49.73055],[-94.99852,49.7294],[-94.98612,49.72717],[-94.96488,49.72804],[-94.96116,49.72748],[-94.95365,49.72538],[-94.93058,49.72159],[-94.91579,49.72178],[-94.89838,49.72057],[-94.89509,49.72104],[-94.89118,49.72231],[-94.88782,49.72246],[-94.88433,49.72149],[-94.87565,49.71755],[-94.86322,49.71462],[-94.85815,49.71378],[-94.85233,49.71162],[-94.8491,49.71134],[-94.84143,49.71157],[-94.83938,49.71181],[-94.83725,49.71257],[-94.83382,49.71515],[-94.83238,49.71588],[-94.82551,49.71713],[-94.82192,49.71687],[-94.80641,49.71398],[-94.80339,49.71368],[-94.80123,49.71388],[-94.7958,49.71532],[-94.78178,49.71653],[-94.7786,49.7165],[-94.76961,49.71532],[-94.75125,49.71618],[-94.73024,49.71893],[-94.72769,49.71887],[-94.72111,49.71775],[-94.71812,49.71787],[-94.70065,49.72453],[-94.68721,49.72922],[-94.66994,49.73375],[-94.65137,49.74104],[-94.63948,49.74532],[-94.63546,49.74642],[-94.63209,49.74692],[-94.62261,49.74687],[-94.60905,49.74784],[-94.59024,49.7518],[-94.58127,49.75522],[-94.57784,49.75601],[-94.57399,49.75641],[-94.56984,49.75636],[-94.56497,49.75742],[-94.55252,49.7574],[-94.54798,49.75867],[-94.54042,49.75857],[-94.53804,49.75881],[-94.53442,49.76004],[-94.53045,49.76082],[-94.5246,49.76416],[-94.51899,49.76653],[-94.51343,49.76774],[-94.51197,49.7674],[-94.50869,49.76578],[-94.50603,49.76556],[-94.50244,49.76721],[-94.49792,49.77029],[-94.49512,49.77091],[-94.49093,49.76992],[-94.49043,49.76852],[-94.49162,49.76669],[-94.4909,49.7664],[-94.48647,49.76519],[-94.47757,49.76527],[-94.47766,49.76298],[-94.47742,49.76227],[-94.47634,49.76091],[-94.47504,49.76021],[-94.46421,49.75962],[-94.45918,49.76014],[-94.45724,49.75981],[-94.45528,49.7586],[-94.45025,49.75262],[-94.44896,49.75161],[-94.43747,49.74742],[-94.43371,49.74706],[-94.43106,49.74728],[-94.42799,49.74804],[-94.42307,49.75005],[-94.41674,49.75117],[-94.41411,49.75134],[-94.3864,49.74711],[-94.37446,49.74651],[-94.36893,49.74438],[-94.36699,49.74396],[-94.36441,49.74391],[-94.35855,49.74473],[-94.35468,49.74437],[-94.34599,49.74132],[-94.3432,49.73949],[-94.34236,49.73817],[-94.34208,49.73675],[-94.34349,49.73141],[-94.34304,49.7301],[-94.34202,49.72895],[-94.3396,49.7277],[-94.33143,49.72589],[-94.32781,49.72588],[-94.30829,49.72881],[-94.3059,49.72999],[-94.30326,49.73281],[-94.30095,49.73309],[-94.28285,49.73233],[-94.27587,49.73047],[-94.25934,49.72901],[-94.25347,49.72685],[-94.25108,49.72639]]}},{"type":"Feature","properties":{"name":"C1 2nd Street South WB"},"geometry":{"type":"LineString","coordinates":[[-94.48586,49.76523],[-94.48662,49.76522]]}},{"type":"Feature","properties":{"name":"C1 and C2 Highway 17 001 WB"},"geometry":{"type":"LineString","coordinates":[[-94.30095,49.73309],[-94.30405,49.73322],[-94.30432,49.73153]]}},{"type":"Feature","properties":{"name":"C1 and C2 Highway 17 002 WB"},"geometry":{"type":"LineString","coordinates":[[-94.63948,49.74532],[-94.64229,49.74486],[-94.64577,49.7462],[-94.64988,49.7424],[-94.65456,49.7397]]}},{"type":"Feature","properties":{"name":"C1 and C2 Lakeview Drive 003 WB"},"geometry":{"type":"LineString","coordinates":[[-94.54009,49.75862],[-94.54182,49.75863]]}},{"type":"Feature","properties":{"name":"C1 and C2 Saint Mary's Road 004 Winnipeg WB"},"geometry":{"type":"LineString","coordinates":[[-97.12566,49.87873],[-97.12797,49.88126],[-97.13152,49.88426],[-97.1334,49.88696],[-97.13402,49.88679]]}},{"type":"Feature","properties":{"name":"C1 and C2 Track 053 Winnipeg WB"},"geometry":{"type":"LineString","coordinates":[[-97.10378,49.85576],[-97.10421,49.85579],[-97.11092,49.86445],[-97.11072,49.86821],[-97.11094,49.86935],[-97.11577,49.8735]]}},{"type":"Feature","properties":{"name":"C1 and C2 Trans Canada Highway WB"},"geometry":{"type":"LineString","coordinates":[[-95.15436,49.73908],[-95.1789,49.73756]]}},{"type":"Feature","properties":{"name":"C1 and C2 Trans-Canada Highway Winnipeg WB"},"geometry":{"type":"LineString","coordinates":[[-95.36003,49.68295],[-95.37064,49.68],[-95.37488,49.67822],[-95.38111,49.67442],[-95.39753,49.66267],[-95.40085,49.66101],[-95.45127,49.64565],[-95.46009,49.64404],[-95.53774,49.63533],[-95.69385,49.63542],[-95.69763,49.63587],[-95.70101,49.63707],[-95.7157,49.64663],[-95.71819,49.64781],[-95.72252,49.64871],[-95.79331,49.64885],[-95.83436,49.65014],[-95.97272,49.64942],[-95.979,49.65032],[-95.99216,49.65373],[-95.99558,49.65434],[-96.01347,49.65619],[-96.0291,49.65954],[-96.07799,49.66294],[-96.09855,49.66709],[-96.10316,49.66755],[-96.10834,49.66738],[-96.11239,49.66673],[-96.1436,49.65749],[-96.14745,49.65666],[-96.15196,49.65623],[-96.16767,49.65622],[-96.22278,49.65854],[-96.24715,49.65623],[-96.2594,49.65622],[-96.28056,49.65826],[-96.32135,49.66313],[-96.54976,49.66342],[-96.55417,49.66448],[-96.75195,49.74351],[-96.90124,49.80603],[-96.94062,49.8222],[-96.9438,49.82401],[-96.94869,49.8286],[-96.95147,49.8301],[-96.96629,49.83567],[-96.97476,49.83642],[-96.98606,49.841],[-96.99016,49.84286],[-97.00632,49.85375],[-97.00846,49.85484],[-97.01111,49.85568],[-97.01455,49.85606],[-97.0258,49.85514],[-97.0332,49.85597],[-97.04934,49.85613]]}},{"type":"Feature","properties":{"name":"C1 and C2 Westminster Avenue 004 Winnipeg WB"},"geometry":{"type":"LineString","coordinates":[[-97.15561,49.88173],[-97.16096,49.8819],[-97.16138,49.87911],[-97.16384,49.87727]]}},{"type":"Feature","properties":{"name":"C1 C2 and C3 Kenora, ON WB"},"geometry":{"type":"LineString","coordinates":[[-94.25108,49.72639],[-94.24886,49.72645]]}},{"type":"Feature","properties":{"name":"C2 - Part of C1 from Shabaqua, ON to Kaministiquia, ON"},"geometry":{"type":"LineString","coordinates":[[-89.89679,48.60144],[-89.89653,48.59802],[-89.89562,48.59639],[-89.89452,48.59545],[-89.89314,48.59475],[-89.88288,48.59155],[-89.87971,48.59092],[-89.85789,48.58854],[-89.8508,48.58684],[-89.84141,48.58666],[-89.83952,48.58617],[-89.83544,48.58422],[-89.83102,48.58361],[-89.82463,48.58217],[-89.81815,48.58166],[-89.81095,48.5788],[-89.80494,48.57511],[-89.80241,48.57456],[-89.79252,48.57435],[-89.78996,48.57385],[-89.76934,48.56641],[-89.76301,48.56495],[-89.75668,48.56158],[-89.74209,48.55608],[-89.73893,48.55564],[-89.73408,48.55581],[-89.73118,48.55552],[-89.72841,48.55474],[-89.72303,48.55212],[-89.71526,48.55116],[-89.70947,48.54925],[-89.70129,48.54824],[-89.69864,48.54693],[-89.69447,48.54347],[-89.69251,48.54272],[-89.68536,48.54283],[-89.67925,48.54527],[-89.67684,48.5458],[-89.67262,48.54545],[-89.66218,48.54052],[-89.65413,48.53886],[-89.6526,48.53825],[-89.65087,48.53696],[-89.64964,48.53413]]}},{"type":"Feature","properties":{"name":"C2 - follows C1 Thunder Bay, ON to Goulais River, ON 659km"},"geometry":{"type":"LineString","coordinates":[[-89.22204,48.43571],[-89.21552,48.4419],[-89.21037,48.44594],[-89.20743,48.44739],[-89.19987,48.45003],[-89.19525,48.45252],[-89.19352,48.45116],[-89.18327,48.45661],[-89.18228,48.45807],[-89.18221,48.46429],[-89.18084,48.46427],[-89.17952,48.46672],[-89.17775,48.46882],[-89.17654,48.46921],[-89.17311,48.4723],[-89.16845,48.47443],[-89.16715,48.4746],[-89.16556,48.47417],[-89.16436,48.47433],[-89.13992,48.48468],[-89.13604,48.48555],[-89.12064,48.48786],[-89.10927,48.49029],[-89.09643,48.49118],[-89.08512,48.49091],[-89.06852,48.49271],[-89.05955,48.49549],[-89.0546,48.49779],[-89.04882,48.50113],[-89.04675,48.50185],[-89.03888,48.50336],[-89.03341,48.50342],[-89.02705,48.50419],[-89.0236,48.50529],[-89.0203,48.50696],[-89.01664,48.50826],[-89.01263,48.51101],[-89.00961,48.51191],[-89.00503,48.51234],[-88.99234,48.51708],[-88.98375,48.5191],[-88.95059,48.53126],[-88.94995,48.53157],[-88.94946,48.5327],[-88.9476,48.53251],[-88.94602,48.5328],[-88.92269,48.54173],[-88.87344,48.55496],[-88.85358,48.56269],[-88.85225,48.56462],[-88.85224,48.56582],[-88.85264,48.56699],[-88.83954,48.56825],[-88.83569,48.56907],[-88.80588,48.58033],[-88.80263,48.58184],[-88.79987,48.58381],[-88.77602,48.60792],[-88.77015,48.6149],[-88.76412,48.62092],[-88.75196,48.62909],[-88.74569,48.63433],[-88.73986,48.64016],[-88.73802,48.64143],[-88.73133,48.64469],[-88.72824,48.64561],[-88.71517,48.6469],[-88.70524,48.64992],[-88.70268,48.65039],[-88.69825,48.65035],[-88.69322,48.64969],[-88.69119,48.64979],[-88.68218,48.65236],[-88.6715,48.65685],[-88.64705,48.67056],[-88.64399,48.67302],[-88.64192,48.67682],[-88.63463,48.68457],[-88.62752,48.70619],[-88.62093,48.71665],[-88.61812,48.71882],[-88.61456,48.72026],[-88.60466,48.72151],[-88.60036,48.72276],[-88.59631,48.72496],[-88.59309,48.72779],[-88.58493,48.73581],[-88.58376,48.73739],[-88.58084,48.74363],[-88.58122,48.7493],[-88.58032,48.75154],[-88.57504,48.75579],[-88.57385,48.75716],[-88.5716,48.76086],[-88.56834,48.76438],[-88.56289,48.76938],[-88.55955,48.77439],[-88.5408,48.79454],[-88.53976,48.79734],[-88.53941,48.80521],[-88.53969,48.80953],[-88.53932,48.81121],[-88.52908,48.82661],[-88.52178,48.83989],[-88.52138,48.84132],[-88.52115,48.84957],[-88.51947,48.85235],[-88.51773,48.85376],[-88.4788,48.87823],[-88.47628,48.87942],[-88.47128,48.88037],[-88.45535,48.88041],[-88.42933,48.88445],[-88.42671,48.88553],[-88.42061,48.89015],[-88.40932,48.89518],[-88.38187,48.90288],[-88.37661,48.90462],[-88.37508,48.90547],[-88.36897,48.91343],[-88.36808,48.91533],[-88.36784,48.92661],[-88.36728,48.93263],[-88.36739,48.93911],[-88.36658,48.9418],[-88.36469,48.94409],[-88.36219,48.94578],[-88.35125,48.95024],[-88.34774,48.95207],[-88.3436,48.95489],[-88.3401,48.95802],[-88.33758,48.96154],[-88.33645,48.96392],[-88.33595,48.96608],[-88.33432,48.98878],[-88.33327,48.99089],[-88.3294,48.9952],[-88.3275,48.99809],[-88.32314,49.00808],[-88.32067,49.01043],[-88.30282,49.02106],[-88.30052,49.02198],[-88.29808,49.02235],[-88.28775,49.02128],[-88.27679,49.01896],[-88.27265,49.01849],[-88.25534,49.01895],[-88.24494,49.02033],[-88.23972,49.0202],[-88.22072,49.01775],[-88.20132,49.0133],[-88.19844,49.01299],[-88.18308,49.01489],[-88.18099,49.01487],[-88.17285,49.01315],[-88.14757,49.00549],[-88.13898,49.00558],[-88.13628,49.0052],[-88.13445,49.00452],[-88.13133,49.00271],[-88.12954,49.00221],[-88.12754,49.00212],[-88.12557,49.00248],[-88.11727,49.00644],[-88.11537,49.00706],[-88.11021,49.00727],[-88.10579,49.00655],[-88.09376,49.00212],[-88.09032,49.00153],[-88.08795,49.00171],[-88.08201,49.00329],[-88.08034,49.00405],[-88.07897,49.00515],[-88.07657,49.0098],[-88.07506,49.01967],[-88.07377,49.02144],[-88.07157,49.02279],[-88.06952,49.02337],[-88.06731,49.02356],[-88.05265,49.02194],[-88.03704,49.02201],[-88.03517,49.02179],[-88.03237,49.02045],[-88.02841,49.01639],[-88.01786,49.01122],[-88.01645,49.01031],[-88.01548,49.00896],[-88.01538,49.00749],[-88.01595,49.00624],[-88.02191,49.00106],[-88.02327,48.99819],[-88.02267,48.99067],[-88.022,48.98924],[-88.0207,48.98798],[-88.00851,48.9802],[-87.99592,48.97527],[-87.99398,48.97373],[-87.99102,48.9703],[-87.98969,48.96936],[-87.98732,48.96856],[-87.98281,48.96806],[-87.98006,48.96703],[-87.97847,48.96576],[-87.97401,48.96095],[-87.97261,48.95999],[-87.97033,48.95921],[-87.96556,48.95832],[-87.96295,48.95728],[-87.95066,48.95013],[-87.94431,48.94682],[-87.943,48.94573],[-87.94099,48.94318],[-87.93776,48.94084],[-87.93049,48.93779],[-87.91862,48.93574],[-87.91463,48.93574],[-87.89115,48.94225],[-87.88684,48.94236],[-87.88448,48.94169],[-87.87093,48.93601],[-87.86072,48.93219],[-87.85789,48.93158],[-87.85106,48.93095],[-87.84828,48.93024],[-87.84604,48.92886],[-87.83836,48.92199],[-87.8357,48.9208],[-87.83306,48.92038],[-87.82604,48.92005],[-87.82184,48.92039],[-87.79727,48.92743],[-87.78946,48.92829],[-87.78726,48.92811],[-87.78159,48.92659],[-87.77251,48.92155],[-87.77023,48.92058],[-87.76145,48.91901],[-87.75375,48.91846],[-87.75155,48.91803],[-87.73429,48.91096],[-87.71722,48.90755],[-87.70634,48.90375],[-87.70355,48.90319],[-87.70036,48.9031],[-87.6919,48.90407],[-87.68948,48.90406],[-87.68631,48.90351],[-87.67919,48.90121],[-87.67514,48.90103],[-87.67269,48.90162],[-87.67115,48.90243],[-87.66564,48.90702],[-87.66361,48.90811],[-87.66049,48.90876],[-87.65755,48.90855],[-87.65546,48.90795],[-87.6537,48.90689],[-87.65067,48.90315],[-87.6492,48.90236],[-87.64372,48.90158],[-87.63449,48.89905],[-87.63234,48.89786],[-87.62985,48.89453],[-87.62777,48.89308],[-87.60569,48.88669],[-87.60134,48.88433],[-87.59717,48.88107],[-87.59475,48.87999],[-87.59046,48.87958],[-87.58158,48.88108],[-87.55332,48.88258],[-87.54964,48.88221],[-87.54205,48.88053],[-87.54009,48.87983],[-87.5383,48.87849],[-87.5377,48.87752],[-87.53749,48.87647],[-87.53793,48.87388],[-87.53771,48.87291],[-87.5369,48.87171],[-87.52859,48.86629],[-87.52531,48.86252],[-87.52081,48.85954],[-87.51991,48.85842],[-87.51975,48.85722],[-87.52042,48.85499],[-87.5208,48.85396],[-87.52274,48.85113],[-87.52321,48.8483],[-87.52285,48.8464],[-87.52075,48.84228],[-87.51965,48.84105],[-87.51693,48.83933],[-87.50933,48.83686],[-87.50717,48.83646],[-87.50439,48.83653],[-87.48841,48.83861],[-87.48317,48.84006],[-87.47494,48.84083],[-87.43393,48.83921],[-87.43189,48.83939],[-87.4274,48.84052],[-87.41936,48.84053],[-87.41689,48.8401],[-87.41335,48.83858],[-87.41115,48.8382],[-87.40907,48.8385],[-87.40471,48.84028],[-87.40227,48.84063],[-87.40009,48.84051],[-87.39832,48.83997],[-87.39681,48.83896],[-87.39584,48.83771],[-87.39164,48.82983],[-87.39024,48.82859],[-87.38834,48.82785],[-87.37836,48.82705],[-87.37526,48.82598],[-87.37144,48.82402],[-87.3698,48.82357],[-87.36727,48.82339],[-87.35956,48.82401],[-87.35066,48.82763],[-87.34675,48.82805],[-87.33887,48.82627],[-87.32863,48.82515],[-87.31336,48.8211],[-87.2981,48.81862],[-87.28996,48.81627],[-87.28756,48.81629],[-87.2836,48.81796],[-87.28098,48.81805],[-87.27265,48.81584],[-87.26221,48.81128],[-87.26044,48.80959],[-87.2587,48.80454],[-87.25775,48.80301],[-87.25724,48.80007],[-87.25546,48.79868],[-87.25291,48.79839],[-87.23603,48.80174],[-87.2322,48.8017],[-87.23007,48.80115],[-87.22771,48.79988],[-87.22659,48.7989],[-87.22414,48.7956],[-87.22277,48.79458],[-87.22075,48.79363],[-87.21765,48.79299],[-87.15698,48.78956],[-87.12922,48.7859],[-87.11726,48.78634],[-87.11528,48.78588],[-87.10508,48.782],[-87.10271,48.78164],[-87.0999,48.78191],[-87.09816,48.78264],[-87.09706,48.78354],[-87.08485,48.79829],[-87.0832,48.80081],[-87.08221,48.80375],[-87.08203,48.80579],[-87.08301,48.81558],[-87.08255,48.81851],[-87.08152,48.8209],[-87.08027,48.82275],[-87.07695,48.82613],[-87.07366,48.83122],[-87.07208,48.83251],[-87.05336,48.84042],[-87.05004,48.84093],[-87.0444,48.84061],[-87.04149,48.84135],[-87.03933,48.84284],[-87.03558,48.84791],[-87.03456,48.84884],[-87.03259,48.84984],[-87.02755,48.85144],[-87.0235,48.85167],[-87.01675,48.84986],[-87.00617,48.8494],[-86.98453,48.85279],[-86.9774,48.85437],[-86.97203,48.85671],[-86.9684,48.85716],[-86.96518,48.85645],[-86.96067,48.85456],[-86.95533,48.85401],[-86.9529,48.85346],[-86.94805,48.85067],[-86.94462,48.84758],[-86.94267,48.84455],[-86.94172,48.84136],[-86.94175,48.83846],[-86.94326,48.83452],[-86.94334,48.83308],[-86.9425,48.8272],[-86.94241,48.81505],[-86.94144,48.81229],[-86.93897,48.80861],[-86.93373,48.80362],[-86.91812,48.78429],[-86.91653,48.78322],[-86.91135,48.78089],[-86.90585,48.77716],[-86.90317,48.77598],[-86.89444,48.7748],[-86.88702,48.77682],[-86.88103,48.77631],[-86.86666,48.77769],[-86.86154,48.77915],[-86.85656,48.78169],[-86.85196,48.78269],[-86.84831,48.78389],[-86.83541,48.78469],[-86.83307,48.78522],[-86.83135,48.78639],[-86.83,48.78837],[-86.82863,48.78972],[-86.82552,48.79215],[-86.82308,48.79324],[-86.81971,48.79368],[-86.80897,48.79331],[-86.80648,48.79356],[-86.79137,48.79905],[-86.77803,48.8033],[-86.77389,48.80411],[-86.76881,48.80483],[-86.76619,48.80466],[-86.76447,48.8039],[-86.75935,48.79973],[-86.757,48.79889],[-86.75277,48.79895],[-86.74736,48.79986],[-86.74438,48.80073],[-86.74094,48.80313],[-86.73394,48.80514],[-86.72336,48.81071],[-86.71682,48.81365],[-86.71188,48.81508],[-86.70811,48.81707],[-86.70596,48.81743],[-86.68663,48.81783],[-86.6758,48.81584],[-86.67179,48.81331],[-86.66735,48.81224],[-86.65943,48.80603],[-86.65378,48.80343],[-86.65252,48.80212],[-86.65126,48.79758],[-86.65034,48.79679],[-86.64835,48.79613],[-86.64562,48.79634],[-86.62876,48.80209],[-86.62708,48.80231],[-86.62524,48.80207],[-86.6231,48.80089],[-86.62131,48.79798],[-86.61419,48.79051],[-86.61258,48.78947],[-86.60768,48.78908],[-86.60276,48.78797],[-86.60141,48.78735],[-86.59777,48.78446],[-86.59133,48.7815],[-86.58697,48.7804],[-86.57772,48.77932],[-86.57655,48.77876],[-86.57422,48.77654],[-86.5731,48.77598],[-86.56486,48.77416],[-86.55265,48.77087],[-86.54296,48.76762],[-86.53862,48.76471],[-86.53262,48.76294],[-86.53025,48.76317],[-86.51879,48.76715],[-86.51074,48.77337],[-86.50629,48.78157],[-86.50398,48.78797],[-86.50247,48.78994],[-86.50081,48.79324],[-86.49857,48.79488],[-86.49627,48.79535],[-86.49386,48.79511],[-86.49024,48.79391],[-86.48683,48.79171],[-86.48303,48.78995],[-86.48001,48.78954],[-86.46981,48.79118],[-86.46324,48.79364],[-86.45848,48.79411],[-86.45314,48.7959],[-86.44697,48.79626],[-86.44168,48.7973],[-86.43938,48.79726],[-86.43729,48.79658],[-86.43513,48.79507],[-86.42991,48.78643],[-86.42578,48.78265],[-86.42328,48.78115],[-86.41633,48.77854],[-86.41121,48.77767],[-86.40378,48.77504],[-86.39455,48.77264],[-86.39238,48.77248],[-86.38763,48.77309],[-86.38557,48.77279],[-86.38204,48.77103],[-86.37663,48.76963],[-86.36705,48.76386],[-86.35373,48.75964],[-86.35145,48.75854],[-86.3374,48.74692],[-86.33561,48.74512],[-86.33142,48.73476],[-86.32777,48.72748],[-86.32414,48.71501],[-86.32281,48.71315],[-86.32072,48.71187],[-86.30335,48.7076],[-86.29372,48.7082],[-86.28614,48.70728],[-86.26476,48.70689],[-86.25714,48.70575],[-86.23358,48.69618],[-86.22547,48.69126],[-86.22273,48.69014],[-86.18847,48.68277],[-86.18342,48.68206],[-86.13926,48.68166],[-86.10779,48.68625],[-86.0972,48.6846],[-86.09411,48.6845],[-86.0487,48.68938],[-86.04575,48.68995],[-86.03599,48.69307],[-86.03117,48.69362],[-86.02629,48.69306],[-86.02027,48.6909],[-86.01737,48.69042],[-86.00775,48.69114],[-86.00226,48.69203],[-85.98286,48.68952],[-85.97508,48.69059],[-85.96832,48.6906],[-85.96296,48.6912],[-85.95166,48.69114],[-85.94629,48.69154],[-85.93944,48.69108],[-85.92966,48.69207],[-85.92226,48.69215],[-85.91631,48.69145],[-85.89638,48.69113],[-85.89177,48.692],[-85.86565,48.70209],[-85.85098,48.70505],[-85.84068,48.70907],[-85.79138,48.71684],[-85.78655,48.71718],[-85.76659,48.71453],[-85.72762,48.7123],[-85.72356,48.71314],[-85.71188,48.71844],[-85.70851,48.71911],[-85.69357,48.72022],[-85.69075,48.71979],[-85.68444,48.71719],[-85.6818,48.71656],[-85.67727,48.71634],[-85.67032,48.71706],[-85.66864,48.71761],[-85.65669,48.72347],[-85.65173,48.72451],[-85.63174,48.72436],[-85.62914,48.72396],[-85.627,48.72278],[-85.62399,48.72013],[-85.62142,48.71602],[-85.61977,48.71466],[-85.61765,48.71399],[-85.61171,48.71368],[-85.60121,48.71005],[-85.59797,48.71017],[-85.58671,48.71413],[-85.58218,48.71496],[-85.57976,48.71489],[-85.57733,48.71437],[-85.5721,48.71249],[-85.56499,48.71173],[-85.56178,48.71098],[-85.5579,48.70927],[-85.55085,48.704],[-85.54815,48.7027],[-85.50882,48.69277],[-85.5,48.68938],[-85.49445,48.68681],[-85.49074,48.68459],[-85.45834,48.66199],[-85.45644,48.66013],[-85.45495,48.65701],[-85.45339,48.65562],[-85.44506,48.65245],[-85.4435,48.6516],[-85.4417,48.64941],[-85.44119,48.64601],[-85.44054,48.64448],[-85.43931,48.64323],[-85.43707,48.64206],[-85.42887,48.64031],[-85.42135,48.6392],[-85.41831,48.63828],[-85.40948,48.63449],[-85.40775,48.63411],[-85.40179,48.63375],[-85.39273,48.63087],[-85.39025,48.63039],[-85.38816,48.63043],[-85.38162,48.6314],[-85.36977,48.6308],[-85.35284,48.6317],[-85.34954,48.63113],[-85.34607,48.62811],[-85.3294,48.61588],[-85.3282,48.61434],[-85.31956,48.59866],[-85.31788,48.59703],[-85.31691,48.5965],[-85.31516,48.59585],[-85.31274,48.59545],[-85.29318,48.59734],[-85.28839,48.59727],[-85.28469,48.5965],[-85.26739,48.59087],[-85.26542,48.58961],[-85.26467,48.58813],[-85.26467,48.57724],[-85.26407,48.57491],[-85.26186,48.5722],[-85.25343,48.56544],[-85.25175,48.56464],[-85.24869,48.56382],[-85.22337,48.55976],[-85.22106,48.55913],[-85.18976,48.54301],[-85.16709,48.53536],[-85.16171,48.53278],[-85.15822,48.52985],[-85.15322,48.52304],[-85.15279,48.52151],[-85.15268,48.51765],[-85.15219,48.51596],[-85.14667,48.50909],[-85.14623,48.50819],[-85.1443,48.4974],[-85.13618,48.4821],[-85.13498,48.4806],[-85.13255,48.4789],[-85.12499,48.4761],[-85.12302,48.47509],[-85.12148,48.4739],[-85.12022,48.47235],[-85.11385,48.45816],[-85.10886,48.44949],[-85.10861,48.44679],[-85.10999,48.44214],[-85.1093,48.43908],[-85.10766,48.43706],[-85.10652,48.43618],[-85.09858,48.43095],[-85.09657,48.42855],[-85.09544,48.42522],[-85.09605,48.41802],[-85.09528,48.41557],[-85.08481,48.4034],[-85.07902,48.39392],[-85.07884,48.39291],[-85.07911,48.39133],[-85.08644,48.38159],[-85.08747,48.37965],[-85.0876,48.37696],[-85.08677,48.37492],[-85.08562,48.37355],[-85.08384,48.3722],[-85.07617,48.3685],[-85.07301,48.3663],[-85.07096,48.36367],[-85.06879,48.3585],[-85.0672,48.3563],[-85.062,48.3526],[-85.05523,48.34874],[-85.05117,48.34471],[-85.01003,48.32148],[-85.0078,48.31899],[-85.00548,48.31068],[-85.00469,48.3092],[-85.0034,48.30778],[-84.99988,48.30575],[-84.99056,48.30294],[-84.98918,48.30202],[-84.98645,48.29907],[-84.9844,48.29789],[-84.97814,48.29652],[-84.97451,48.29642],[-84.97218,48.29676],[-84.96046,48.29993],[-84.9569,48.29997],[-84.9402,48.29605],[-84.92227,48.29526],[-84.91781,48.29457],[-84.90064,48.29112],[-84.89421,48.29032],[-84.89218,48.28969],[-84.88971,48.28798],[-84.88898,48.28676],[-84.88161,48.26478],[-84.88162,48.26214],[-84.88394,48.25012],[-84.8836,48.24835],[-84.88301,48.24727],[-84.88216,48.2461],[-84.84701,48.21008],[-84.84512,48.20479],[-84.84602,48.19918],[-84.84376,48.18803],[-84.84296,48.18675],[-84.84132,48.18515],[-84.83026,48.17653],[-84.82919,48.17528],[-84.82473,48.16641],[-84.8234,48.16483],[-84.80978,48.15494],[-84.80815,48.15329],[-84.80716,48.1513],[-84.807,48.14921],[-84.81322,48.13154],[-84.81337,48.13007],[-84.81304,48.12848],[-84.80878,48.12047],[-84.80852,48.11928],[-84.80921,48.11012],[-84.80981,48.10783],[-84.81166,48.1037],[-84.81199,48.10125],[-84.81152,48.0996],[-84.80544,48.08844],[-84.80494,48.08683],[-84.80784,48.06785],[-84.80958,48.06505],[-84.81527,48.05944],[-84.8162,48.05739],[-84.81668,48.0543],[-84.818,48.05209],[-84.8195,48.05073],[-84.82126,48.0497],[-84.83144,48.04543],[-84.83277,48.04459],[-84.83434,48.04263],[-84.83617,48.03693],[-84.83533,48.03465],[-84.82474,48.02428],[-84.82344,48.02213],[-84.82318,48.01965],[-84.82543,48.01114],[-84.82547,48.00861],[-84.82047,47.99597],[-84.8196,47.99455],[-84.81655,47.99217],[-84.78641,47.97635],[-84.78461,47.97453],[-84.78409,47.97261],[-84.78434,47.97124],[-84.78523,47.96987],[-84.79599,47.96003],[-84.79976,47.9535],[-84.80906,47.94544],[-84.80968,47.94442],[-84.81123,47.93334],[-84.81029,47.93132],[-84.8052,47.926],[-84.80468,47.92408],[-84.80521,47.92048],[-84.8061,47.91832],[-84.80738,47.91686],[-84.8168,47.90958],[-84.81754,47.90783],[-84.81781,47.90411],[-84.81948,47.90143],[-84.82211,47.89957],[-84.82441,47.89868],[-84.82707,47.8981],[-84.83969,47.89807],[-84.84216,47.89759],[-84.85019,47.89418],[-84.86499,47.88661],[-84.86681,47.88545],[-84.8686,47.88354],[-84.87123,47.87732],[-84.87422,47.87318],[-84.87458,47.87222],[-84.87467,47.8711],[-84.87355,47.8649],[-84.87418,47.86269],[-84.87598,47.86075],[-84.88264,47.85599],[-84.88385,47.85431],[-84.88499,47.85138],[-84.88657,47.84656],[-84.88588,47.84115],[-84.88768,47.83204],[-84.88744,47.82677],[-84.88788,47.8252],[-84.89036,47.82028],[-84.89187,47.81471],[-84.89216,47.81041],[-84.89304,47.80892],[-84.89592,47.80611],[-84.90146,47.79577],[-84.90111,47.79445],[-84.90004,47.79339],[-84.88541,47.78677],[-84.86437,47.77403],[-84.85702,47.76688],[-84.85577,47.76599],[-84.85346,47.76509],[-84.85183,47.76482],[-84.8402,47.76402],[-84.83377,47.76046],[-84.82887,47.75506],[-84.82361,47.75155],[-84.82263,47.75046],[-84.82194,47.74889],[-84.82193,47.74777],[-84.82332,47.741],[-84.82336,47.73946],[-84.82288,47.73819],[-84.82133,47.73655],[-84.81502,47.73266],[-84.81333,47.7307],[-84.81248,47.72898],[-84.81278,47.71274],[-84.81175,47.70698],[-84.81184,47.70514],[-84.81244,47.70327],[-84.81607,47.69547],[-84.81673,47.69265],[-84.81654,47.69074],[-84.81323,47.6819],[-84.81305,47.68044],[-84.81333,47.67871],[-84.8175,47.67074],[-84.81818,47.669],[-84.81815,47.66775],[-84.81762,47.66644],[-84.81178,47.65911],[-84.81113,47.65747],[-84.81052,47.65326],[-84.8113,47.65076],[-84.81728,47.64036],[-84.82282,47.63486],[-84.82444,47.63015],[-84.82466,47.62891],[-84.8244,47.62754],[-84.82209,47.62193],[-84.82354,47.61492],[-84.82197,47.61098],[-84.82164,47.60934],[-84.82227,47.6073],[-84.82519,47.60304],[-84.82562,47.60079],[-84.8248,47.59803],[-84.82133,47.59421],[-84.82056,47.59268],[-84.81944,47.58327],[-84.81565,47.56946],[-84.81489,47.568],[-84.8097,47.56208],[-84.80885,47.56024],[-84.80883,47.55762],[-84.80984,47.55259],[-84.80941,47.54769],[-84.8097,47.54553],[-84.81105,47.54331],[-84.81477,47.53912],[-84.81568,47.53764],[-84.81589,47.5362],[-84.81557,47.53489],[-84.81469,47.53359],[-84.81329,47.53246],[-84.80396,47.527],[-84.80237,47.52531],[-84.80172,47.52333],[-84.80206,47.52125],[-84.80618,47.51568],[-84.80759,47.51267],[-84.81344,47.4977],[-84.81368,47.49636],[-84.81327,47.49402],[-84.81263,47.49282],[-84.80807,47.4878],[-84.80717,47.48621],[-84.80637,47.48329],[-84.80534,47.48132],[-84.80244,47.47847],[-84.79948,47.47686],[-84.79222,47.47413],[-84.7811,47.46697],[-84.77149,47.46321],[-84.76816,47.46142],[-84.76047,47.45559],[-84.74595,47.44062],[-84.74345,47.43848],[-84.72804,47.43035],[-84.71388,47.42462],[-84.71133,47.42266],[-84.70684,47.4178],[-84.70496,47.41529],[-84.70375,47.4126],[-84.70182,47.4036],[-84.70126,47.40213],[-84.69474,47.39279],[-84.6942,47.39134],[-84.6942,47.38883],[-84.69687,47.38172],[-84.69678,47.38049],[-84.69627,47.37935],[-84.69501,47.37798],[-84.68824,47.37257],[-84.68238,47.36476],[-84.67972,47.36358],[-84.67539,47.36338],[-84.66919,47.36207],[-84.66721,47.36222],[-84.6597,47.36384],[-84.65643,47.36377],[-84.64086,47.36041],[-84.63789,47.35903],[-84.62352,47.3436],[-84.61734,47.33795],[-84.61073,47.3276],[-84.60806,47.32126],[-84.60713,47.32005],[-84.60476,47.31857],[-84.59564,47.31498],[-84.58767,47.31298],[-84.57307,47.30208],[-84.57119,47.29973],[-84.56832,47.29163],[-84.56744,47.2905],[-84.56392,47.28776],[-84.56258,47.28628],[-84.56188,47.28458],[-84.56173,47.2828],[-84.56112,47.27077],[-84.56155,47.26906],[-84.56417,47.26293],[-84.56527,47.26162],[-84.56665,47.2607],[-84.57221,47.25917],[-84.57349,47.25861],[-84.57636,47.25644],[-84.5778,47.25462],[-84.58273,47.24552],[-84.584,47.24449],[-84.5897,47.24118],[-84.59263,47.23679],[-84.59404,47.2357],[-84.59661,47.23514],[-84.59796,47.23527],[-84.60671,47.23717],[-84.61267,47.23956],[-84.61469,47.23998],[-84.61774,47.23958],[-84.622,47.23741],[-84.62471,47.2373],[-84.6267,47.23795],[-84.63623,47.24369],[-84.63899,47.2442],[-84.64073,47.24379],[-84.64175,47.24321],[-84.6426,47.2421],[-84.6435,47.23966],[-84.6449,47.23842],[-84.64856,47.23609],[-84.65072,47.23386],[-84.65151,47.23262],[-84.65176,47.23155],[-84.65057,47.22189],[-84.65173,47.21052],[-84.65169,47.20884],[-84.65047,47.20241],[-84.65081,47.20104],[-84.65177,47.19963],[-84.65365,47.19836],[-84.668,47.19154],[-84.67161,47.18904],[-84.69129,47.16429],[-84.69312,47.16283],[-84.69716,47.16056],[-84.69978,47.15769],[-84.70808,47.15179],[-84.70931,47.15013],[-84.70963,47.14869],[-84.70964,47.14076],[-84.70954,47.13833],[-84.70912,47.13727],[-84.70829,47.1363],[-84.69431,47.12638],[-84.69311,47.1251],[-84.69278,47.12421],[-84.69318,47.1221],[-84.69454,47.12089],[-84.70447,47.11544],[-84.70658,47.11375],[-84.70998,47.10857],[-84.71056,47.10182],[-84.71155,47.09971],[-84.71567,47.09572],[-84.72044,47.08913],[-84.72151,47.08811],[-84.72575,47.08559],[-84.72975,47.08223],[-84.7397,47.06962],[-84.74191,47.06819],[-84.75075,47.06513],[-84.75802,47.06083],[-84.75991,47.0592],[-84.76249,47.05598],[-84.76365,47.055],[-84.77776,47.04529],[-84.78147,47.04009],[-84.78212,47.03861],[-84.78237,47.03685],[-84.78211,47.03557],[-84.77883,47.0291],[-84.77782,47.02794],[-84.76842,47.0211],[-84.76758,47.01977],[-84.76739,47.0177],[-84.76804,47.01627],[-84.76926,47.01501],[-84.77562,47.01072],[-84.78005,47.00842],[-84.78614,47.00231],[-84.78671,47.00117],[-84.78754,46.99551],[-84.78746,46.99229],[-84.78459,46.98694],[-84.77434,46.97851],[-84.77028,46.9763],[-84.76068,46.97239],[-84.74996,46.96751],[-84.74696,46.96654],[-84.74445,46.96644],[-84.6972,46.97028],[-84.68728,46.97022],[-84.68428,46.96964],[-84.65343,46.96026],[-84.64222,46.95832],[-84.63802,46.95721],[-84.61151,46.94577],[-84.60812,46.94466],[-84.58967,46.94489],[-84.57564,46.94591],[-84.56026,46.94584],[-84.55734,46.94557],[-84.54884,46.94384],[-84.54195,46.94149],[-84.53821,46.9393],[-84.53254,46.93431],[-84.53128,46.93357],[-84.52913,46.93303],[-84.51916,46.93172],[-84.51603,46.93188],[-84.50039,46.93493],[-84.48667,46.93937],[-84.4819,46.94009],[-84.47589,46.94008],[-84.47226,46.93938],[-84.46448,46.93662],[-84.45418,46.93467],[-84.44949,46.9343],[-84.43412,46.93096],[-84.42204,46.92648],[-84.41636,46.92164],[-84.40969,46.91859],[-84.40532,46.91589],[-84.3978,46.91342],[-84.39324,46.9107],[-84.38574,46.90737],[-84.38397,46.90593],[-84.37818,46.89909],[-84.36871,46.8955],[-84.36357,46.89252],[-84.3621,46.8909],[-84.35924,46.88521],[-84.35834,46.87929],[-84.35746,46.87818],[-84.3549,46.87629],[-84.35407,46.87494],[-84.35308,46.87117],[-84.35352,46.86945],[-84.35476,46.86789],[-84.3565,46.86679],[-84.37131,46.85977],[-84.37289,46.85854],[-84.3735,46.85741],[-84.3736,46.85632],[-84.37327,46.85522],[-84.37262,46.85437],[-84.36753,46.8505],[-84.36692,46.84896],[-84.36706,46.84798],[-84.36783,46.84673],[-84.3838,46.83703],[-84.39208,46.8315],[-84.39924,46.82547],[-84.39996,46.82429],[-84.4,46.82319],[-84.39839,46.81794],[-84.3998,46.81314],[-84.39998,46.81111],[-84.39861,46.80196],[-84.398,46.8003],[-84.3965,46.79844],[-84.39146,46.79396],[-84.38924,46.78997],[-84.38589,46.78626],[-84.37689,46.78149]]}},{"type":"Feature","properties":{"name":"C1, C2 and C3 Goulais River, ON to Garden River, ON (proposed) W-E Connected 50.2km pt3 001"},"geometry":{"type":"LineString","coordinates":[[-84.3592,46.76219],[-84.36002,46.75949],[-84.36207,46.75497],[-84.36208,46.75285],[-84.36123,46.75119],[-84.35515,46.7432]]}},{"type":"Feature","properties":{"name":"C1, C2 and C3 Goulais River, ON to Garden River, ON (proposed) W-E Connected 50.2km pt3 c 001"},"geometry":{"type":"LineString","coordinates":[[-84.30768,46.64285],[-84.30519,46.63966],[-84.30459,46.63704],[-84.30526,46.6341],[-84.30791,46.62959]]}},{"type":"Feature","properties":{"name":"C1, C2 and C3 Goulais River, ON to Garden River, ON (proposed) W-E Connected 50.2km pt3 c 1 a"},"geometry":{"type":"LineString","coordinates":[[-84.30515,46.61695],[-84.30272,46.6141],[-84.29609,46.608],[-84.29527,46.60684],[-84.29415,46.60007],[-84.29423,46.59901],[-84.29475,46.59784]]}},{"type":"Feature","properties":{"name":"C1, C2 and C3 Goulais River, ON to Garden River, ON (proposed) W-E Connected 50.2km pt3 c 1 b1"},"geometry":{"type":"LineString","coordinates":[[-84.30758,46.53422],[-84.30162,46.5342],[-84.2997,46.53331],[-84.29893,46.53417],[-84.29717,46.53415],[-84.29308,46.5312],[-84.29162,46.5287],[-84.28919,46.52591],[-84.28834,46.52347],[-84.28781,46.52327],[-84.28775,46.5218],[-84.28337,46.52175],[-84.27894,46.52221],[-84.27774,46.52178],[-84.27671,46.52052]]}},{"type":"Feature","properties":{"name":"C1 Echo Bay Track WB"},"geometry":{"type":"LineString","coordinates":[[-84.06877,46.44151],[-84.06955,46.44177],[-84.06975,46.44249]]}},{"type":"Feature","properties":{"name":"C1 Highway 17B WB"},"geometry":{"type":"LineString","coordinates":[[-84.22921,46.54143],[-84.23118,46.54061]]}},{"type":"Feature","properties":{"name":"C1, C2 and C3 Garden River, ON to Thessalon, ON (proposed) W-E Connected 74.6km 001"},"geometry":{"type":"LineString","coordinates":[[-84.22118,46.54497],[-84.20953,46.54978],[-84.20182,46.55167],[-84.19205,46.55266],[-84.18699,46.55261],[-84.18047,46.55191],[-84.17339,46.55031],[-84.164,46.5468],[-84.15958,46.54434],[-84.15278,46.53853],[-84.1511,46.53765],[-84.11824,46.52981],[-84.11147,46.5275],[-84.1091,46.52647],[-84.10685,46.52485],[-84.07308,46.48864],[-84.06958,46.48437],[-84.06811,46.48181],[-84.06784,46.48062],[-84.06778,46.44919],[-84.06973,46.4426],[-84.06978,46.44151],[-84.04667,46.44158],[-84.04671,46.41654],[-84.04496,46.41341],[-84.04227,46.41126],[-84.04318,46.41036],[-84.04676,46.40884],[-84.04679,46.40793],[-84.04618,46.40695],[-84.04627,46.40491],[-84.04684,46.40304],[-84.04683,46.39821],[-84.04459,46.39803],[-84.04381,46.39228],[-84.045,46.38373],[-84.04686,46.38373],[-84.04699,46.35253],[-83.96465,46.35191],[-83.96252,46.35222],[-83.96082,46.3519],[-83.95601,46.35185],[-83.9521,46.35253],[-83.94925,46.35417],[-83.94581,46.35378],[-83.94129,46.35419],[-83.9388,46.35355],[-83.93657,46.35405],[-83.93338,46.35422],[-83.9301,46.35367],[-83.92595,46.3517],[-83.92387,46.35171]]}},{"type":"Feature","properties":{"name":"C1, C2 and C3 Goulais River, ON to Garden River, ON (proposed) W-E Connected 50.2km pt3 c 1 b2a"},"geometry":{"type":"LineString","coordinates":[[-84.24317,46.5353],[-84.22118,46.54497]]}},{"type":"Feature","properties":{"name":"C1, C2 and C3 Garden River, ON to Thessalon, ON (proposed) W-E Connected 74.6km 2b"},"geometry":{"type":"LineString","coordinates":[[-83.88303,46.34053],[-83.87774,46.33803],[-83.87429,46.33507],[-83.87287,46.33282],[-83.86831,46.32123],[-83.86701,46.3194],[-83.86485,46.31771],[-83.86099,46.31627],[-83.83513,46.31193],[-83.83339,46.31115],[-83.83082,46.30871],[-83.82848,46.3078],[-83.81175,46.30776],[-83.80957,46.30751],[-83.80741,46.30655],[-83.80402,46.30298],[-83.79498,46.30029],[-83.79033,46.30031],[-83.7815,46.3017],[-83.75883,46.30115],[-83.75451,46.29994],[-83.74056,46.29293],[-83.73662,46.29149],[-83.73449,46.29121],[-83.71428,46.29112],[-83.7005,46.28735],[-83.69753,46.28689],[-83.67252,46.28796],[-83.66757,46.28734],[-83.61713,46.28853],[-83.60565,46.2878],[-83.60125,46.28657],[-83.59932,46.28537],[-83.59313,46.28035],[-83.58244,46.27559],[-83.57996,46.27363],[-83.57548,46.26846],[-83.57282,46.26668],[-83.57022,46.26574],[-83.56809,46.26535],[-83.55768,46.26525]]}},{"type":"Feature","properties":{"name":"C1, C2 and C3 Spragge, ON to Espanola, ON (proposed) W-E Connected 69.7km"},"geometry":{"type":"LineString","coordinates":[[-82.60141,46.21128],[-82.5982,46.21131],[-82.59333,46.21203],[-82.58893,46.21335],[-82.5856,46.21372],[-82.57934,46.21324],[-82.56649,46.21137],[-82.55502,46.21256],[-82.55014,46.2124],[-82.54095,46.21372],[-82.52344,46.21362],[-82.52069,46.21333],[-82.51362,46.21133],[-82.50206,46.21101],[-82.49202,46.20906],[-82.48654,46.20923],[-82.4845,46.20902],[-82.47274,46.20514],[-82.47048,46.20473],[-82.46206,46.2046],[-82.45454,46.20362],[-82.45259,46.20363],[-82.44366,46.20481],[-82.41081,46.20538],[-82.39234,46.20437],[-82.37543,46.20436],[-82.3666,46.20358],[-82.36459,46.20304],[-82.35637,46.20027],[-82.3501,46.19732],[-82.33774,46.193],[-82.33512,46.19253],[-82.33253,46.19306],[-82.32677,46.1972],[-82.32407,46.19853],[-82.30169,46.2045],[-82.27853,46.20519],[-82.24463,46.20527],[-82.23118,46.20804],[-82.22847,46.20789],[-82.22597,46.20736],[-82.22084,46.20569],[-82.2185,46.20529],[-82.18184,46.20554],[-82.17889,46.20528],[-82.16857,46.20318],[-82.16557,46.20296],[-82.11214,46.20748],[-82.08395,46.21193],[-82.07728,46.21245],[-82.07797,46.20759],[-82.0756,46.20614],[-82.0739,46.20377],[-82.07068,46.20445],[-82.06539,46.20638],[-82.04957,46.20645],[-82.03224,46.20813],[-82.02322,46.20731],[-82.01773,46.20605],[-82.01496,46.2064],[-81.98314,46.20639],[-81.98008,46.20693],[-81.97698,46.20643],[-81.96353,46.20639],[-81.95575,46.20705],[-81.95069,46.20639],[-81.9348,46.20635],[-81.93403,46.20608],[-81.93335,46.2051],[-81.93235,46.20493],[-81.92589,46.20628],[-81.92023,46.20644],[-81.91787,46.20789],[-81.9155,46.20811],[-81.91031,46.21025],[-81.90978,46.21105],[-81.90979,46.21895],[-81.90924,46.22012],[-81.90773,46.22085],[-81.90156,46.22094],[-81.90048,46.22119],[-81.89973,46.22178],[-81.89943,46.22337],[-81.89868,46.22447],[-81.89512,46.22603],[-81.8929,46.2285],[-81.89195,46.22913],[-81.88887,46.23019],[-81.88395,46.23097],[-81.87985,46.23247],[-81.87881,46.23354],[-81.87858,46.23628],[-81.8778,46.23701],[-81.85678,46.23895],[-81.84413,46.24477],[-81.8385,46.24802],[-81.83735,46.24834],[-81.82495,46.24863],[-81.81378,46.24849],[-81.81028,46.2499],[-81.79438,46.25011],[-81.78994,46.25152],[-81.78836,46.25322],[-81.78127,46.25892],[-81.77862,46.25914],[-81.77734,46.25963],[-81.77448,46.26141],[-81.77383,46.26253],[-81.77016,46.2648]]}},{"type":"Feature","properties":{"name":"C1, C2 and C3 Thessalon, ON to Spragge, ON (proposed) W-E Connected 81.9km"},"geometry":{"type":"LineString","coordinates":[[-83.55768,46.26525],[-83.54874,46.26525],[-83.54478,46.2657],[-83.52935,46.27229],[-83.52633,46.27285],[-83.52301,46.27245],[-83.51792,46.27014],[-83.51532,46.26935],[-83.50392,46.26748],[-83.45342,46.26747],[-83.44907,46.26775],[-83.44547,46.26893],[-83.42437,46.28105],[-83.42219,46.2817],[-83.41442,46.2821],[-83.41217,46.28259],[-83.40888,46.28415],[-83.3952,46.29316],[-83.38941,46.29545],[-83.38224,46.29686],[-83.36292,46.29713],[-83.35977,46.29666],[-83.3469,46.29346],[-83.32717,46.29344],[-83.29385,46.29109],[-83.29069,46.29129],[-83.28424,46.29263],[-83.27398,46.29249],[-83.26961,46.29102],[-83.25531,46.2808],[-83.25303,46.27959],[-83.25096,46.27894],[-83.24804,46.27853],[-83.21921,46.27861],[-83.21583,46.27811],[-83.21252,46.27706],[-83.20936,46.27525],[-83.20719,46.27315],[-83.19956,46.26054],[-83.19784,46.25867],[-83.19622,46.25762],[-83.19312,46.25645],[-83.18749,46.25509],[-83.18437,46.25469],[-83.1758,46.25454],[-83.16723,46.25299],[-83.16403,46.25208],[-83.1622,46.25111],[-83.16002,46.24926],[-83.15526,46.24647],[-83.14727,46.23994],[-83.14533,46.23888],[-83.13765,46.23666],[-83.13252,46.23436],[-83.12165,46.2323],[-83.11724,46.23097],[-83.11386,46.2289],[-83.10979,46.22569],[-83.10919,46.22475],[-83.10782,46.22069],[-83.10672,46.21927],[-83.10382,46.21703],[-83.07957,46.20692],[-83.07706,46.20638],[-83.07411,46.20628],[-83.06304,46.2076],[-83.05371,46.20653],[-83.04594,46.20697],[-83.03424,46.20828],[-83.02716,46.20771],[-83.02498,46.20682],[-83.02364,46.2052],[-83.02352,46.20317],[-83.02526,46.20042],[-83.02547,46.19944],[-83.02466,46.19717],[-83.02266,46.19588],[-83.00528,46.1934],[-82.99921,46.19396],[-82.99705,46.19382],[-82.98281,46.1911],[-82.98012,46.19136],[-82.97468,46.19306],[-82.97118,46.19294],[-82.96853,46.192],[-82.96095,46.18797],[-82.95732,46.18637],[-82.94723,46.18243],[-82.9429,46.1816],[-82.94038,46.18166],[-82.93791,46.18215],[-82.93112,46.18507],[-82.92729,46.18576],[-82.91765,46.18617],[-82.90003,46.18599],[-82.87988,46.1837],[-82.8762,46.18426],[-82.86515,46.18742],[-82.86177,46.18774],[-82.85904,46.18751],[-82.84424,46.18449],[-82.83018,46.18411],[-82.8259,46.1844],[-82.81773,46.18513],[-82.81525,46.18568],[-82.80953,46.18841],[-82.8054,46.18977],[-82.7991,46.19335],[-82.79468,46.19456],[-82.78806,46.19479],[-82.78176,46.19382],[-82.77514,46.19443],[-82.76403,46.19319],[-82.75578,46.193],[-82.74543,46.19462],[-82.72993,46.19537],[-82.71059,46.19921],[-82.69356,46.203],[-82.68746,46.20392],[-82.68217,46.20603],[-82.67944,46.2066],[-82.66728,46.20644],[-82.65588,46.20872],[-82.64597,46.20885],[-82.63465,46.21069],[-82.62786,46.2103],[-82.61811,46.21072],[-82.61172,46.21148],[-82.60141,46.21128]]}},{"type":"Feature","properties":{"name":"C1 Boulevard de l'H\u00f4tel-de-Ville 005 WB"},"geometry":{"type":"LineString","coordinates":[[-69.54001,47.83403],[-69.55786,47.82126],[-69.56076,47.81989],[-69.56234,47.81971],[-69.56433,47.81877],[-69.57168,47.81453]]}},{"type":"Feature","properties":{"name":"C1, C2 and C3 Portneuf, QC to Quebec City, QC (proposed) W-E Connected 64.7km fixed 001 pt2 001"},"geometry":{"type":"LineString","coordinates":[[-71.28698,46.75473],[-71.27995,46.75533],[-71.27181,46.75936],[-71.27083,46.75821],[-71.27287,46.75629],[-71.27228,46.75562],[-71.2716,46.75605],[-71.27014,46.75792],[-71.26737,46.75914],[-71.26627,46.75995],[-71.263,46.76334],[-71.26109,46.7648],[-71.25349,46.76933],[-71.24992,46.77062],[-71.24496,46.77154],[-71.24325,46.77247],[-71.2425,46.77326],[-71.24219,46.77423],[-71.24338,46.77651],[-71.24331,46.77777],[-71.24039,46.78061],[-71.23866,46.78475],[-71.23573,46.78646],[-71.23225,46.79043],[-71.22881,46.79305],[-71.22574,46.7943],[-71.21985,46.79771],[-71.21691,46.79845],[-71.21262,46.80127],[-71.21001,46.80179],[-71.20784,46.80282],[-71.20552,46.80482],[-71.20418,46.80696],[-71.20328,46.80883],[-71.20305,46.81116],[-71.20234,46.81127],[-71.20212,46.81188],[-71.2016,46.81182]]}},{"type":"Feature","properties":{"name":"C1, C2 and C3 Quebec City, QC to Saint-Jean-Port-Joli, QC (proposed) W-E Connected pt3 92.3km fixed 001"},"geometry":{"type":"LineString","coordinates":[[-71.18832,46.81066],[-71.18784,46.81043],[-71.18857,46.80998],[-71.18869,46.80922],[-71.18761,46.809],[-71.18734,46.80996],[-71.18687,46.80994],[-71.18615,46.81227],[-71.18511,46.81414],[-71.18477,46.81733],[-71.18384,46.81924],[-71.1728,46.82581],[-71.17049,46.82677],[-71.16661,46.82778],[-71.16395,46.82774],[-71.15811,46.8267],[-71.15687,46.82632],[-71.1545,46.82491],[-71.15225,46.8242],[-71.14291,46.82437],[-71.13546,46.82391],[-71.13154,46.82464],[-71.12212,46.82451],[-71.11696,46.82359],[-71.11513,46.82291],[-71.10587,46.82287],[-71.10231,46.82305],[-71.08525,46.8257],[-71.07771,46.82726],[-71.06619,46.82815],[-71.06008,46.82827],[-71.04721,46.83028],[-71.01172,46.82886],[-71.00354,46.83029],[-70.99198,46.83108],[-70.98897,46.83159],[-70.98143,46.83503],[-70.9753,46.83718],[-70.96738,46.84102],[-70.95156,46.85356],[-70.94018,46.8607],[-70.92674,46.87029],[-70.92468,46.87124],[-70.92112,46.8722],[-70.91335,46.87145],[-70.91128,46.8716],[-70.9095,46.8722],[-70.89731,46.88171],[-70.89399,46.88355],[-70.88674,46.88607],[-70.88366,46.88644],[-70.86444,46.88471],[-70.84792,46.88404],[-70.83911,46.88432],[-70.83718,46.88487],[-70.83181,46.88782],[-70.82234,46.89096],[-70.82051,46.89209],[-70.81788,46.89471],[-70.81629,46.89585],[-70.8009,46.90393],[-70.79824,46.90434],[-70.78962,46.90367],[-70.7812,46.90355],[-70.77104,46.90406],[-70.76495,46.90811],[-70.765,46.90854],[-70.76418,46.90922],[-70.74733,46.92029],[-70.73496,46.92573],[-70.72735,46.92855],[-70.72578,46.92903],[-70.7254,46.92876],[-70.71699,46.93294],[-70.70983,46.93572],[-70.69752,46.94206],[-70.68361,46.94977],[-70.67631,46.95169],[-70.67184,46.95385],[-70.6699,46.95422],[-70.66746,46.95393],[-70.65922,46.95118],[-70.65523,46.95161],[-70.63385,46.96118],[-70.62171,46.96751],[-70.61142,46.97231],[-70.60711,46.97417],[-70.59442,46.97854],[-70.59149,46.97858],[-70.58243,46.97628],[-70.57982,46.97622],[-70.5771,46.97684],[-70.55419,46.98498],[-70.55106,46.98519],[-70.54375,46.98497],[-70.54147,46.98528],[-70.52426,46.99105],[-70.51479,46.99706],[-70.50943,47.00006],[-70.49803,47.00551],[-70.4889,47.01168],[-70.4851,47.01495],[-70.48357,47.01662],[-70.48131,47.02111],[-70.47999,47.02246],[-70.47633,47.02478],[-70.46885,47.03043],[-70.4659,47.03312],[-70.46009,47.0369],[-70.45831,47.03845],[-70.4563,47.04199],[-70.45551,47.04425],[-70.45421,47.05131],[-70.45192,47.05785],[-70.45196,47.06354],[-70.45112,47.06506],[-70.4484,47.06695],[-70.44331,47.07179],[-70.43984,47.07383],[-70.43696,47.07622],[-70.43238,47.07862],[-70.42409,47.08366],[-70.41753,47.0904],[-70.41049,47.09422],[-70.40135,47.1002],[-70.39615,47.10499],[-70.38451,47.11096],[-70.38051,47.116],[-70.37902,47.11868],[-70.3743,47.1256],[-70.36875,47.13024],[-70.36615,47.13146],[-70.36365,47.13215],[-70.36171,47.13356],[-70.3569,47.13584],[-70.34929,47.1403],[-70.34451,47.1437],[-70.34021,47.1463],[-70.3343,47.15155],[-70.32338,47.1586],[-70.32199,47.15905],[-70.31807,47.15946],[-70.31648,47.16019],[-70.31471,47.16244],[-70.31463,47.16518],[-70.31404,47.16619],[-70.30774,47.17051],[-70.30514,47.17342],[-70.30402,47.1789],[-70.29921,47.18542],[-70.29212,47.19078],[-70.28029,47.19782],[-70.27289,47.2013],[-70.2702,47.20294],[-70.26953,47.20435],[-70.26997,47.21104],[-70.26937,47.2156],[-70.26834,47.2165],[-70.26155,47.21993],[-70.25034,47.22718],[-70.24727,47.22949],[-70.23811,47.23728],[-70.23439,47.24364],[-70.22665,47.25014],[-70.22606,47.25132],[-70.22517,47.25632],[-70.22537,47.25954],[-70.21888,47.26706],[-70.21818,47.27243],[-70.21562,47.28145],[-70.21484,47.28302],[-70.21167,47.28654],[-70.20894,47.29046],[-70.20649,47.29314],[-70.20225,47.29615],[-70.19677,47.30178],[-70.19523,47.30288],[-70.19244,47.3042],[-70.18573,47.30646],[-70.18135,47.30951],[-70.17812,47.31099],[-70.16849,47.31058],[-70.16042,47.31082],[-70.15561,47.31272],[-70.1513,47.31568],[-70.14966,47.31625],[-70.14449,47.31566],[-70.1435,47.31585],[-70.13886,47.31802],[-70.13789,47.31871],[-70.13829,47.31932],[-70.13653,47.32037],[-70.13264,47.32114],[-70.12606,47.32594],[-70.10888,47.33263],[-70.08488,47.34905],[-70.08189,47.35206],[-70.08176,47.35258],[-70.08222,47.3542],[-70.08184,47.35505],[-70.07908,47.356],[-70.07536,47.35782],[-70.07003,47.36257],[-70.06103,47.36865],[-70.05545,47.37383],[-70.05453,47.37504],[-70.05311,47.37609],[-70.05287,47.37717],[-70.05373,47.37781],[-70.0528,47.37799],[-70.05175,47.37912],[-70.04945,47.37982],[-70.04799,47.38157],[-70.0436,47.38893],[-70.04198,47.39076],[-70.0329,47.40562],[-70.03178,47.40684],[-70.02832,47.40899],[-70.02234,47.41079],[-70.02144,47.41261],[-70.02025,47.41355],[-70.01876,47.41399],[-70.01714,47.41401],[-70.01718,47.41489],[-70.01657,47.415],[-70.01618,47.42018],[-70.01672,47.4264],[-70.01566,47.43083],[-70.01698,47.43266],[-70.02144,47.4358],[-70.02219,47.43666],[-70.02239,47.43811],[-70.02134,47.43964],[-70.01266,47.44417],[-70.00725,47.44623],[-70.0035,47.44839],[-70.00187,47.45005],[-70.00079,47.45298],[-69.99876,47.45484],[-69.99457,47.45713],[-69.98969,47.46087],[-69.98515,47.46276],[-69.98007,47.46703],[-69.97805,47.46788],[-69.9733,47.47078],[-69.96778,47.47446],[-69.9663,47.47596],[-69.96361,47.47738],[-69.95385,47.48568],[-69.9441,47.49468],[-69.93941,47.50005],[-69.93478,47.50706],[-69.9288,47.51284],[-69.92643,47.51403],[-69.92161,47.51757],[-69.91961,47.51837],[-69.9166,47.51857],[-69.90987,47.51791],[-69.90183,47.51985],[-69.89901,47.52178],[-69.89148,47.52788],[-69.88958,47.5298],[-69.88231,47.54015],[-69.88201,47.54187],[-69.88218,47.54792],[-69.87933,47.55242],[-69.87752,47.55655],[-69.87207,47.56166],[-69.87158,47.56292],[-69.86907,47.56609],[-69.86629,47.56639],[-69.86003,47.56865],[-69.84467,47.57669],[-69.84317,47.57706],[-69.83393,47.57771],[-69.82604,47.58241],[-69.81683,47.58714],[-69.80455,47.59562],[-69.79735,47.6017],[-69.79021,47.60632],[-69.78693,47.61044],[-69.78208,47.61495],[-69.77627,47.62201],[-69.76958,47.62874],[-69.76514,47.6326],[-69.76132,47.63789],[-69.75864,47.63992],[-69.75626,47.64443],[-69.75207,47.64686],[-69.74908,47.64801],[-69.74747,47.6491],[-69.74522,47.65185],[-69.74225,47.65457],[-69.73683,47.66222],[-69.7366,47.66342],[-69.73677,47.66717],[-69.7363,47.6682],[-69.73507,47.66955],[-69.72934,47.67386],[-69.72651,47.67491],[-69.72494,47.67596],[-69.712,47.68818],[-69.70633,47.68991],[-69.70121,47.69091],[-69.69752,47.69288],[-69.69187,47.69941],[-69.68798,47.70277],[-69.68408,47.70782],[-69.67395,47.71592],[-69.66775,47.72178],[-69.66482,47.72333],[-69.65493,47.72587],[-69.6534,47.72651],[-69.65159,47.72761],[-69.64702,47.73192],[-69.6386,47.73872],[-69.6326,47.74203],[-69.62925,47.74593],[-69.62313,47.75183],[-69.61608,47.7603],[-69.60931,47.76662],[-69.6051,47.77129],[-69.59066,47.78548],[-69.5893,47.7878],[-69.58635,47.8021],[-69.5856,47.80351],[-69.58099,47.80912],[-69.56416,47.8187],[-69.56176,47.81921],[-69.55791,47.82108],[-69.53717,47.83587]]}}]}