<?xml version="1.0" encoding="utf-8"?><kml xmlns="http://www.opengis.net/kml/2.2" xmlns:xsi="http://www.w3.org/2001/XMLSchema-instance" xmlns:kmlx="http://www.google.com/kml/ext/2.2" xmlns:atom="http://www.w3.org/2005/Atom" xmlns:gpxx="http://www.garmin.com/xmlschemas/GpxExtensions/v3"><Document><Style id="point"><IconStyle><scale>0.9</scale><Icon><href>http://maps.google.com/mapfiles/kml/shapes/placemark_circle.png</href></Icon></IconStyle></Style><Folder><name>Tracks</name><Folder><name>[C1 EB] One-way - St. John's NL (TCH to Blackhead Rd via Petty Harbour Maddox Cove)</name><Folder><name>Points</name><Style><ListStyle><listItemType>checkHideChildren</listItemType></ListStyle></Style><Placemark><Style><IconStyle><scale>0.9</scale><Icon><href>http://connect.garmin.com/image/main/icons/kml/grn-play.png</href></Icon></IconStyle></Style><Point><altitudeMode>clampToGround</altitudeMode><coordinates>-52.866026787087321,47.491351822391152,0</coordinates></Point></Placemark><Placemark><styleUrl>#point</styleUrl><Point><altitudeMode>clampToGround</altitudeMode><coordinates>-52.865570560097694,47.491967473179102,0</coordinates></Point></Placemark><Placemark><styleUrl>#point</styleUrl><Point><altitudeMode>clampToGround</altitudeMode><coordinates>-52.865486573427916,47.492093285545707,0</coordinates></Point></Placemark><Placemark><styleUrl>#point</styleUrl><Point><altitudeMode>clampToGround</altitudeMode><coordinates>-52.865019533783197,47.492792503908277,0</coordinates></Point></Placemark><Placemark><styleUrl>#point</styleUrl><Point><altitudeMode>clampToGround</altitudeMode><coordinates>-52.864847201853991,47.493006410077214,0</coordinates></Point></Placemark><Placemark><styleUrl>#point</styleUrl><Point><altitudeMode>clampToGround</altitudeMode><coordinates>-52.864726670086384,47.49314739368856,0</coordinates></Point></Placemark><Placemark><styleUrl>#point</styleUrl><Point><altitudeMode>clampToGround</altitudeMode><coordinates>-52.864558612927794,47.493305979296565,0</coordinates></Point></Placemark><Placemark><styleUrl>#point</styleUrl><Point><altitudeMode>clampToGround</altitudeMode><coordinates>-52.864278741180897,47.493517035618424,0</coordinates></Point></Placemark><Placemark><styleUrl>#point</styleUrl><Point><altitudeMode>clampToGround</altitudeMode><coordinates>-52.86406341008842,47.493642177432775,0</coordinates></Point></Placemark><Placemark><styleUrl>#point</styleUrl><Point><altitudeMode>clampToGround</altitudeMode><coordinates>-52.863804996013641,47.493757009506226,0</coordinates></Point></Placemark><Placemark><styleUrl>#point</styleUrl><Point><altitudeMode>clampToGround</altitudeMode><coordinates>-52.863531159237027,47.493850886821747,0</coordinates></Point></Placemark><Placemark><styleUrl>#point</styleUrl><Point><altitudeMode>clampToGround</altitudeMode><coordinates>-52.863153303042054,47.493975274264812,0</coordinates></Point></Placemark><Placemark><styleUrl>#point</styleUrl><Point><altitudeMode>clampToGround</altitudeMode><coordinates>-52.862986838445067,47.494053393602371,0</coordinates></Point></Placemark><Placemark><styleUrl>#point</styleUrl><Point><altitudeMode>clampToGround</altitudeMode><coordinates>-52.862814506515861,47.494193539023399,0</coordinates></Point></Placemark><Placemark><styleUrl>#point</styleUrl><Point><altitudeMode>clampToGround</altitudeMode><coordinates>-52.862642174586654,47.494295295327902,0</coordinates></Point></Placemark><Placemark><styleUrl>#point</styleUrl><Point><altitudeMode>clampToGround</altitudeMode><coordinates>-52.862545279785991,47.494322117418051,0</coordinates></Point></Placemark><Placemark><styleUrl>#point</styleUrl><Point><altitudeMode>clampToGround</altitudeMode><coordinates>-52.862448468804359,47.494332259520888,0</coordinates></Point></Placemark><Placemark><styleUrl>#point</styleUrl><Point><altitudeMode>clampToGround</altitudeMode><coordinates>-52.862320309504867,47.494324380531907,0</coordinates></Point></Placemark><Placemark><styleUrl>#point</styleUrl><Point><altitudeMode>clampToGround</altitudeMode><coordinates>-52.862104475498199,47.494289595633745,0</coordinates></Point></Placemark><Placemark><styleUrl>#point</styleUrl><Point><altitudeMode>clampToGround</altitudeMode><coordinates>-52.862068014219403,47.494270987808704,0</coordinates></Point></Placemark><Placemark><styleUrl>#point</styleUrl><Point><altitudeMode>clampToGround</altitudeMode><coordinates>-52.861978327855468,47.494243159890175,0</coordinates></Point></Placemark><Placemark><styleUrl>#point</styleUrl><Point><altitudeMode>clampToGround</altitudeMode><coordinates>-52.861880511045456,47.494234191253781,0</coordinates></Point></Placemark><Placemark><styleUrl>#point</styleUrl><Point><altitudeMode>clampToGround</altitudeMode><coordinates>-52.861783029511571,47.494244920089841,0</coordinates></Point></Placemark><Placemark><styleUrl>#point</styleUrl><Point><altitudeMode>clampToGround</altitudeMode><coordinates>-52.861694432795048,47.49427417293191,0</coordinates></Point></Placemark><Placemark><styleUrl>#point</styleUrl><Point><altitudeMode>clampToGround</altitudeMode><coordinates>-52.861638190224767,47.494307113811374,0</coordinates></Point></Placemark><Placemark><styleUrl>#point</styleUrl><Point><altitudeMode>clampToGround</altitudeMode><coordinates>-52.861594101414084,47.494347514584661,0</coordinates></Point></Placemark><Placemark><styleUrl>#point</styleUrl><Point><altitudeMode>clampToGround</altitudeMode><coordinates>-52.86145118996501,47.494434770196676,0</coordinates></Point></Placemark><Placemark><styleUrl>#point</styleUrl><Point><altitudeMode>clampToGround</altitudeMode><coordinates>-52.861290676519275,47.494507106021047,0</coordinates></Point></Placemark><Placemark><styleUrl>#point</styleUrl><Point><altitudeMode>clampToGround</altitudeMode><coordinates>-52.861146004870534,47.49457080848515,0</coordinates></Point></Placemark><Placemark><styleUrl>#point</styleUrl><Point><altitudeMode>clampToGround</altitudeMode><coordinates>-52.860976187512279,47.494681281968951,0</coordinates></Point></Placemark><Placemark><styleUrl>#point</styleUrl><Point><altitudeMode>clampToGround</altitudeMode><coordinates>-52.860856577754021,47.494779098778963,0</coordinates></Point></Placemark><Placemark><styleUrl>#point</styleUrl><Point><altitudeMode>clampToGround</altitudeMode><coordinates>-52.860699333250523,47.494974732398987,0</coordinates></Point></Placemark><Placemark><styleUrl>#point</styleUrl><Point><altitudeMode>clampToGround</altitudeMode><coordinates>-52.860655328258872,47.49512979760766,0</coordinates></Point></Placemark><Placemark><styleUrl>#point</styleUrl><Point><altitudeMode>clampToGround</altitudeMode><coordinates>-52.859503906220198,47.49689863063395,0</coordinates></Point></Placemark><Placemark><styleUrl>#point</styleUrl><Point><altitudeMode>clampToGround</altitudeMode><coordinates>-52.858892865478992,47.497837068513036,0</coordinates></Point></Placemark><Placemark><styleUrl>#point</styleUrl><Point><altitudeMode>clampToGround</altitudeMode><coordinates>-52.858856236562133,47.49789347872138,0</coordinates></Point></Placemark><Placemark><styleUrl>#point</styleUrl><Point><altitudeMode>clampToGround</altitudeMode><coordinates>-52.858659597113729,47.498198915272951,0</coordinates></Point></Placemark><Placemark><styleUrl>#point</styleUrl><Point><altitudeMode>clampToGround</altitudeMode><coordinates>-52.858577370643616,47.498379712924361,0</coordinates></Point></Placemark><Placemark><styleUrl>#point</styleUrl><Point><altitudeMode>clampToGround</altitudeMode><coordinates>-52.85847058519721,47.498615914955735,0</coordinates></Point></Placemark><Placemark><styleUrl>#point</styleUrl><Point><altitudeMode>clampToGround</altitudeMode><coordinates>-52.858037995174527,47.499572290107608,0</coordinates></Point></Placemark><Placemark><styleUrl>#point</styleUrl><Point><altitudeMode>clampToGround</altitudeMode><coordinates>-52.857953840866685,47.49973607249558,0</coordinates></Point></Placemark><Placemark><styleUrl>#point</styleUrl><Point><altitudeMode>clampToGround</altitudeMode><coordinates>-52.856785571202636,47.501478167250752,0</coordinates></Point></Placemark><Placemark><styleUrl>#point</styleUrl><Point><altitudeMode>clampToGround</altitudeMode><coordinates>-52.856587003916502,47.50171503983438,0</coordinates></Point></Placemark><Placemark><styleUrl>#point</styleUrl><Point><altitudeMode>clampToGround</altitudeMode><coordinates>-52.856345940381289,47.50195006839931,0</coordinates></Point></Placemark><Placemark><styleUrl>#point</styleUrl><Point><altitudeMode>clampToGround</altitudeMode><coordinates>-52.856084005907178,47.502147629857063,0</coordinates></Point></Placemark><Placemark><styleUrl>#point</styleUrl><Point><altitudeMode>clampToGround</altitudeMode><coordinates>-52.854867791756988,47.502890517935157,0</coordinates></Point></Placemark><Placemark><styleUrl>#point</styleUrl><Point><altitudeMode>clampToGround</altitudeMode><coordinates>-52.854567216709256,47.503086067736149,0</coordinates></Point></Placemark><Placemark><styleUrl>#point</styleUrl><Point><altitudeMode>clampToGround</altitudeMode><coordinates>-52.854288937523961,47.503301315009594,0</coordinates></Point></Placemark><Placemark><styleUrl>#point</styleUrl><Point><altitudeMode>clampToGround</altitudeMode><coordinates>-52.853846373036504,47.503689397126436,0</coordinates></Point></Placemark><Placemark><styleUrl>#point</styleUrl><Point><altitudeMode>clampToGround</altitudeMode><coordinates>-52.853755513206124,47.503751087933779,0</coordinates></Point></Placemark><Placemark><styleUrl>#point</styleUrl><Point><altitudeMode>clampToGround</altitudeMode><coordinates>-52.853649565950036,47.503797607496381,0</coordinates></Point></Placemark><Placemark><styleUrl>#point</styleUrl><Point><altitudeMode>clampToGround</altitudeMode><coordinates>-52.853543115779757,47.503826860338449,0</coordinates></Point></Placemark><Placemark><styleUrl>#point</styleUrl><Point><altitudeMode>clampToGround</altitudeMode><coordinates>-52.851978214457631,47.504234472289681,0</coordinates></Point></Placemark><Placemark><styleUrl>#point</styleUrl><Point><altitudeMode>clampToGround</altitudeMode><coordinates>-52.851853827014565,47.504254085943103,0</coordinates></Point></Placemark><Placemark><styleUrl>#point</styleUrl><Point><altitudeMode>clampToGround</altitudeMode><coordinates>-52.851743437349796,47.504261964932084,0</coordinates></Point></Placemark><Placemark><styleUrl>#point</styleUrl><Point><altitudeMode>clampToGround</altitudeMode><coordinates>-52.851652912795544,47.504258779808879,0</coordinates></Point></Placemark><Placemark><styleUrl>#point</styleUrl><Point><altitudeMode>clampToGround</altitudeMode><coordinates>-52.85153791308403,47.504249224439263,0</coordinates></Point></Placemark><Placemark><styleUrl>#point</styleUrl><Point><altitudeMode>clampToGround</altitudeMode><coordinates>-52.851421488448977,47.504229275509715,0</coordinates></Point></Placemark><Placemark><styleUrl>#point</styleUrl><Point><altitudeMode>clampToGround</altitudeMode><coordinates>-52.851272793486714,47.504189880564809,0</coordinates></Point></Placemark><Placemark><styleUrl>#point</styleUrl><Point><altitudeMode>clampToGround</altitudeMode><coordinates>-52.847886001691222,47.503175502642989,0</coordinates></Point></Placemark><Placemark><styleUrl>#point</styleUrl><Point><altitudeMode>clampToGround</altitudeMode><coordinates>-52.847780473530293,47.503150524571538,0</coordinates></Point></Placemark><Placemark><styleUrl>#point</styleUrl><Point><altitudeMode>clampToGround</altitudeMode><coordinates>-52.847686177119613,47.503133425489068,0</coordinates></Point></Placemark><Placemark><styleUrl>#point</styleUrl><Point><altitudeMode>clampToGround</altitudeMode><coordinates>-52.847549971193075,47.503134766593575,0</coordinates></Point></Placemark><Placemark><styleUrl>#point</styleUrl><Point><altitudeMode>clampToGround</altitudeMode><coordinates>-52.847419381141663,47.503150021657348,0</coordinates></Point></Placemark><Placemark><styleUrl>#point</styleUrl><Point><altitudeMode>clampToGround</altitudeMode><coordinates>-52.847310584038496,47.503171227872372,0</coordinates></Point></Placemark><Placemark><styleUrl>#point</styleUrl><Point><altitudeMode>clampToGround</altitudeMode><coordinates>-52.8420140594244,47.50421829521656,0</coordinates></Point></Placemark><Placemark><styleUrl>#point</styleUrl><Point><altitudeMode>clampToGround</altitudeMode><coordinates>-52.84189629368484,47.503928700461984,0</coordinates></Point></Placemark><Placemark><styleUrl>#point</styleUrl><Point><altitudeMode>clampToGround</altitudeMode><coordinates>-52.832099189981818,47.50586693175137,0</coordinates></Point></Placemark><Placemark><styleUrl>#point</styleUrl><Point><altitudeMode>clampToGround</altitudeMode><coordinates>-52.83196977339685,47.505887718871236,0</coordinates></Point></Placemark><Placemark><styleUrl>#point</styleUrl><Point><altitudeMode>clampToGround</altitudeMode><coordinates>-52.831892827525735,47.505896100774407,0</coordinates></Point></Placemark><Placemark><styleUrl>#point</styleUrl><Point><altitudeMode>clampToGround</altitudeMode><coordinates>-52.831797273829579,47.505891909822822,0</coordinates></Point></Placemark><Placemark><styleUrl>#point</styleUrl><Point><altitudeMode>clampToGround</altitudeMode><coordinates>-52.831686297431588,47.505877325311303,0</coordinates></Point></Placemark><Placemark><styleUrl>#point</styleUrl><Point><altitudeMode>clampToGround</altitudeMode><coordinates>-52.830013269558549,47.505575576797128,0</coordinates></Point></Placemark><Placemark><styleUrl>#point</styleUrl><Point><altitudeMode>clampToGround</altitudeMode><coordinates>-52.829856192693114,47.505552694201469,0</coordinates></Point></Placemark><Placemark><styleUrl>#point</styleUrl><Point><altitudeMode>clampToGround</altitudeMode><coordinates>-52.829800704494119,47.505540205165744,0</coordinates></Point></Placemark><Placemark><styleUrl>#point</styleUrl><Point><altitudeMode>clampToGround</altitudeMode><coordinates>-52.829739097505808,47.505529811605811,0</coordinates></Point></Placemark><Placemark><styleUrl>#point</styleUrl><Point><altitudeMode>clampToGround</altitudeMode><coordinates>-52.829665169119835,47.50552142970264,0</coordinates></Point></Placemark><Placemark><styleUrl>#point</styleUrl><Point><altitudeMode>clampToGround</altitudeMode><coordinates>-52.829464925453067,47.505519418045878,0</coordinates></Point></Placemark><Placemark><styleUrl>#point</styleUrl><Point><altitudeMode>clampToGround</altitudeMode><coordinates>-52.829360067844391,47.505527716130018,0</coordinates></Point></Placemark><Placemark><styleUrl>#point</styleUrl><Point><altitudeMode>clampToGround</altitudeMode><coordinates>-52.829267699271441,47.505540205165744,0</coordinates></Point></Placemark><Placemark><styleUrl>#point</styleUrl><Point><altitudeMode>clampToGround</altitudeMode><coordinates>-52.82917533069849,47.505554705858231,0</coordinates></Point></Placemark><Placemark><styleUrl>#point</styleUrl><Point><altitudeMode>clampToGround</altitudeMode><coordinates>-52.829079777002335,47.505579683929682,0</coordinates></Point></Placemark><Placemark><styleUrl>#point</styleUrl><Point><altitudeMode>clampToGround</altitudeMode><coordinates>-52.829002663493156,47.50560256652534,0</coordinates></Point></Placemark><Placemark><styleUrl>#point</styleUrl><Point><altitudeMode>clampToGround</altitudeMode><coordinates>-52.828925717622042,47.505623437464237,0</coordinates></Point></Placemark><Placemark><styleUrl>#point</styleUrl><Point><altitudeMode>clampToGround</altitudeMode><coordinates>-52.828851789236069,47.505635926499963,0</coordinates></Point></Placemark><Placemark><styleUrl>#point</styleUrl><Point><altitudeMode>clampToGround</altitudeMode><coordinates>-52.828755732625723,47.505648583173752,0</coordinates></Point></Placemark><Placemark><styleUrl>#point</styleUrl><Point><altitudeMode>clampToGround</altitudeMode><coordinates>-52.828757660463452,47.505684290081263,0</coordinates></Point></Placemark><Placemark><styleUrl>#point</styleUrl><Point><altitudeMode>clampToGround</altitudeMode><coordinates>-52.828759923577309,47.505729636177421,0</coordinates></Point></Placemark><Placemark><styleUrl>#point</styleUrl><Point><altitudeMode>clampToGround</altitudeMode><coordinates>-52.82871994189918,47.505730977281928,0</coordinates></Point></Placemark><Placemark><styleUrl>#point</styleUrl><Point><altitudeMode>clampToGround</altitudeMode><coordinates>-52.828652383759618,47.505727875977755,0</coordinates></Point></Placemark><Placemark><styleUrl>#point</styleUrl><Point><altitudeMode>clampToGround</altitudeMode><coordinates>-52.828587675467134,47.505718404427171,0</coordinates></Point></Placemark><Placemark><styleUrl>#point</styleUrl><Point><altitudeMode>clampToGround</altitudeMode><coordinates>-52.828522967174649,47.505710273981094,0</coordinates></Point></Placemark><Placemark><styleUrl>#point</styleUrl><Point><altitudeMode>clampToGround</altitudeMode><coordinates>-52.828488601371646,47.50569342635572,0</coordinates></Point></Placemark><Placemark><styleUrl>#point</styleUrl><Point><altitudeMode>clampToGround</altitudeMode><coordinates>-52.828414337709546,47.505674986168742,0</coordinates></Point></Placemark><Placemark><styleUrl>#point</styleUrl><Point><altitudeMode>clampToGround</altitudeMode><coordinates>-52.828333703801036,47.505666604265571,0</coordinates></Point></Placemark><Placemark><styleUrl>#point</styleUrl><Point><altitudeMode>clampToGround</altitudeMode><coordinates>-52.828241167590022,47.505664424970746,0</coordinates></Point></Placemark><Placemark><styleUrl>#point</styleUrl><Point><altitudeMode>clampToGround</altitudeMode><coordinates>-52.828144859522581,47.505674064159393,0</coordinates></Point></Placemark><Placemark><styleUrl>#point</styleUrl><Point><altitudeMode>clampToGround</altitudeMode><coordinates>-52.828050730749965,47.505705412477255,0</coordinates></Point></Placemark><Placemark><styleUrl>#point</styleUrl><Point><altitudeMode>clampToGround</altitudeMode><coordinates>-52.827991470694542,47.505742041394114,0</coordinates></Point></Placemark><Placemark><styleUrl>#point</styleUrl><Point><altitudeMode>clampToGround</altitudeMode><coordinates>-52.827950902283192,47.505777832120657,0</coordinates></Point></Placemark><Placemark><styleUrl>#point</styleUrl><Point><altitudeMode>clampToGround</altitudeMode><coordinates>-52.827912177890539,47.50582586042583,0</coordinates></Point></Placemark><Placemark><styleUrl>#point</styleUrl><Point><altitudeMode>clampToGround</altitudeMode><coordinates>-52.827886026352644,47.505886293947697,0</coordinates></Point></Placemark><Placemark><styleUrl>#point</styleUrl><Point><altitudeMode>clampToGround</altitudeMode><coordinates>-52.827823162078857,47.505971202626824,0</coordinates></Point></Placemark><Placemark><styleUrl>#point</styleUrl><Point><altitudeMode>clampToGround</altitudeMode><coordinates>-52.827762393280864,47.50603741966188,0</coordinates></Point></Placemark><Placemark><styleUrl>#point</styleUrl><Point><altitudeMode>clampToGround</altitudeMode><coordinates>-52.827738923951983,47.506061224266887,0</coordinates></Point></Placemark><Placemark><styleUrl>#point</styleUrl><Point><altitudeMode>clampToGround</altitudeMode><coordinates>-52.82771922647953,47.506081340834498,0</coordinates></Point></Placemark><Placemark><styleUrl>#point</styleUrl><Point><altitudeMode>clampToGround</altitudeMode><coordinates>-52.827661139890552,47.506129536777735,0</coordinates></Point></Placemark><Placemark><styleUrl>#point</styleUrl><Point><altitudeMode>clampToGround</altitudeMode><coordinates>-52.827579081058502,47.506179912015796,0</coordinates></Point></Placemark><Placemark><styleUrl>#point</styleUrl><Point><altitudeMode>clampToGround</altitudeMode><coordinates>-52.82749492675066,47.50623238272965,0</coordinates></Point></Placemark><Placemark><styleUrl>#point</styleUrl><Point><altitudeMode>clampToGround</altitudeMode><coordinates>-52.826708117499948,47.506713503971696,0</coordinates></Point></Placemark><Placemark><styleUrl>#point</styleUrl><Point><altitudeMode>clampToGround</altitudeMode><coordinates>-52.826637541875243,47.506757760420442,0</coordinates></Point></Placemark><Placemark><styleUrl>#point</styleUrl><Point><altitudeMode>clampToGround</altitudeMode><coordinates>-52.82652891241014,47.506824396550655,0</coordinates></Point></Placemark><Placemark><styleUrl>#point</styleUrl><Point><altitudeMode>clampToGround</altitudeMode><coordinates>-52.826403938233852,47.506893631070852,0</coordinates></Point></Placemark><Placemark><styleUrl>#point</styleUrl><Point><altitudeMode>clampToGround</altitudeMode><coordinates>-52.826324226334691,47.506937719881535,0</coordinates></Point></Placemark><Placemark><styleUrl>#point</styleUrl><Point><altitudeMode>clampToGround</altitudeMode><coordinates>-52.826276114210486,47.506964290514588,0</coordinates></Point></Placemark><Placemark><styleUrl>#point</styleUrl><Point><altitudeMode>clampToGround</altitudeMode><coordinates>-52.826008228585124,47.507111392915249,0</coordinates></Point></Placemark><Placemark><styleUrl>#point</styleUrl><Point><altitudeMode>clampToGround</altitudeMode><coordinates>-52.825572034344077,47.507369136437774,0</coordinates></Point></Placemark><Placemark><styleUrl>#point</styleUrl><Point><altitudeMode>clampToGround</altitudeMode><coordinates>-52.82546466216445,47.507423032075167,0</coordinates></Point></Placemark><Placemark><styleUrl>#point</styleUrl><Point><altitudeMode>clampToGround</altitudeMode><coordinates>-52.825404731556773,47.507447004318237,0</coordinates></Point></Placemark><Placemark><styleUrl>#point</styleUrl><Point><altitudeMode>clampToGround</altitudeMode><coordinates>-52.8253532666713,47.507468210533261,0</coordinates></Point></Placemark><Placemark><styleUrl>#point</styleUrl><Point><altitudeMode>clampToGround</altitudeMode><coordinates>-52.825287887826562,47.507484890520573,0</coordinates></Point></Placemark><Placemark><styleUrl>#point</styleUrl><Point><altitudeMode>clampToGround</altitudeMode><coordinates>-52.825260562822223,47.507491763681173,0</coordinates></Point></Placemark><Placemark><styleUrl>#point</styleUrl><Point><altitudeMode>clampToGround</altitudeMode><coordinates>-52.825195686891675,47.507502408698201,0</coordinates></Point></Placemark><Placemark><styleUrl>#point</styleUrl><Point><altitudeMode>clampToGround</altitudeMode><coordinates>-52.825132235884666,47.50750626437366,0</coordinates></Point></Placemark><Placemark><styleUrl>#point</styleUrl><Point><altitudeMode>clampToGround</altitudeMode><coordinates>-52.825007680803537,47.507495284080505,0</coordinates></Point></Placemark><Placemark><styleUrl>#point</styleUrl><Point><altitudeMode>clampToGround</altitudeMode><coordinates>-52.824964262545109,47.507487488910556,0</coordinates></Point></Placemark><Placemark><styleUrl>#point</styleUrl><Point><altitudeMode>clampToGround</altitudeMode><coordinates>-52.824919670820236,47.507484136149287,0</coordinates></Point></Placemark><Placemark><styleUrl>#point</styleUrl><Point><altitudeMode>clampToGround</altitudeMode><coordinates>-52.824833504855633,47.507490506395698,0</coordinates></Point></Placemark><Placemark><styleUrl>#point</styleUrl><Point><altitudeMode>clampToGround</altitudeMode><coordinates>-52.82475370913744,47.507513472810388,0</coordinates></Point></Placemark><Placemark><styleUrl>#point</styleUrl><Point><altitudeMode>clampToGround</altitudeMode><coordinates>-52.824687073007226,47.507551023736596,0</coordinates></Point></Placemark><Placemark><styleUrl>#point</styleUrl><Point><altitudeMode>clampToGround</altitudeMode><coordinates>-52.824639296159148,47.507599890232086,0</coordinates></Point></Placemark><Placemark><styleUrl>#point</styleUrl><Point><altitudeMode>clampToGround</altitudeMode><coordinates>-52.824581963941455,47.507655210793018,0</coordinates></Point></Placemark><Placemark><styleUrl>#point</styleUrl><Point><altitudeMode>clampToGround</altitudeMode><coordinates>-52.824529493227601,47.507703993469477,0</coordinates></Point></Placemark><Placemark><styleUrl>#point</styleUrl><Point><altitudeMode>clampToGround</altitudeMode><coordinates>-52.824465371668339,47.507752859964967,0</coordinates></Point></Placemark><Placemark><styleUrl>#point</styleUrl><Point><altitudeMode>clampToGround</altitudeMode><coordinates>-52.824415834620595,47.507785465568304,0</coordinates></Point></Placemark><Placemark><styleUrl>#point</styleUrl><Point><altitudeMode>clampToGround</altitudeMode><coordinates>-52.824341990053654,47.507827039808035,0</coordinates></Point></Placemark><Placemark><styleUrl>#point</styleUrl><Point><altitudeMode>clampToGround</altitudeMode><coordinates>-52.824226403608918,47.507914379239082,0</coordinates></Point></Placemark><Placemark><styleUrl>#point</styleUrl><Point><altitudeMode>clampToGround</altitudeMode><coordinates>-52.824156079441309,47.507943212985992,0</coordinates></Point></Placemark><Placemark><styleUrl>#point</styleUrl><Point><altitudeMode>clampToGround</altitudeMode><coordinates>-52.823601868003607,47.508176732808352,0</coordinates></Point></Placemark><Placemark><styleUrl>#point</styleUrl><Point><altitudeMode>clampToGround</altitudeMode><coordinates>-52.823408916592598,47.508213529363275,0</coordinates></Point></Placemark><Placemark><styleUrl>#point</styleUrl><Point><altitudeMode>clampToGround</altitudeMode><coordinates>-52.823330378159881,47.508224677294493,0</coordinates></Point></Placemark><Placemark><styleUrl>#point</styleUrl><Point><altitudeMode>clampToGround</altitudeMode><coordinates>-52.823267430067062,47.508230460807681,0</coordinates></Point></Placemark><Placemark><styleUrl>#point</styleUrl><Point><altitudeMode>clampToGround</altitudeMode><coordinates>-52.823228118941188,47.508232723921537,0</coordinates></Point></Placemark><Placemark><styleUrl>#point</styleUrl><Point><altitudeMode>clampToGround</altitudeMode><coordinates>-52.823176318779588,47.508231718093157,0</coordinates></Point></Placemark><Placemark><styleUrl>#point</styleUrl><Point><altitudeMode>clampToGround</altitudeMode><coordinates>-52.823080932721496,47.508229119703174,0</coordinates></Point></Placemark><Placemark><styleUrl>#point</styleUrl><Point><altitudeMode>clampToGround</altitudeMode><coordinates>-52.823044303804636,47.508223420009017,0</coordinates></Point></Placemark><Placemark><styleUrl>#point</styleUrl><Point><altitudeMode>clampToGround</altitudeMode><coordinates>-52.822996359318495,47.508219899609685,0</coordinates></Point></Placemark><Placemark><styleUrl>#point</styleUrl><Point><altitudeMode>clampToGround</altitudeMode><coordinates>-52.822958305478096,47.508221324533224,0</coordinates></Point></Placemark><Placemark><styleUrl>#point</styleUrl><Point><altitudeMode>clampToGround</altitudeMode><coordinates>-52.822921006008983,47.508226186037064,0</coordinates></Point></Placemark><Placemark><styleUrl>#point</styleUrl><Point><altitudeMode>clampToGround</altitudeMode><coordinates>-52.822884963825345,47.508234484121203,0</coordinates></Point></Placemark><Placemark><styleUrl>#point</styleUrl><Point><altitudeMode>clampToGround</altitudeMode><coordinates>-52.8228510171175,47.508246134966612,0</coordinates></Point></Placemark><Placemark><styleUrl>#point</styleUrl><Point><altitudeMode>clampToGround</altitudeMode><coordinates>-52.822819668799639,47.50826071947813,0</coordinates></Point></Placemark><Placemark><styleUrl>#point</styleUrl><Point><altitudeMode>clampToGround</altitudeMode><coordinates>-52.822791673243046,47.508278237655759,0</coordinates></Point></Placemark><Placemark><styleUrl>#point</styleUrl><Point><altitudeMode>clampToGround</altitudeMode><coordinates>-52.822767617180943,47.508298102766275,0</coordinates></Point></Placemark><Placemark><styleUrl>#point</styleUrl><Point><altitudeMode>clampToGround</altitudeMode><coordinates>-52.822747668251395,47.508316710591316,0</coordinates></Point></Placemark><Placemark><styleUrl>#point</styleUrl><Point><altitudeMode>clampToGround</altitudeMode><coordinates>-52.822727635502815,47.508345795795321,0</coordinates></Point></Placemark><Placemark><styleUrl>#point</styleUrl><Point><altitudeMode>clampToGround</altitudeMode><coordinates>-52.822719002142549,47.508371695876122,0</coordinates></Point></Placemark><Placemark><styleUrl>#point</styleUrl><Point><altitudeMode>clampToGround</altitudeMode><coordinates>-52.822710704058409,47.508398182690144,0</coordinates></Point></Placemark><Placemark><styleUrl>#point</styleUrl><Point><altitudeMode>clampToGround</altitudeMode><coordinates>-52.82269611954689,47.508429531008005,0</coordinates></Point></Placemark><Placemark><styleUrl>#point</styleUrl><Point><altitudeMode>clampToGround</altitudeMode><coordinates>-52.82265848480165,47.508526425808668,0</coordinates></Point></Placemark><Placemark><styleUrl>#point</styleUrl><Point><altitudeMode>clampToGround</altitudeMode><coordinates>-52.822634261101484,47.508576968684793,0</coordinates></Point></Placemark><Placemark><styleUrl>#point</styleUrl><Point><altitudeMode>clampToGround</altitudeMode><coordinates>-52.822605092078447,47.508617788553238,0</coordinates></Point></Placemark><Placemark><styleUrl>#point</styleUrl><Point><altitudeMode>clampToGround</altitudeMode><coordinates>-52.822521775960922,47.508728262037039,0</coordinates></Point></Placemark><Placemark><styleUrl>#point</styleUrl><Point><altitudeMode>clampToGround</altitudeMode><coordinates>-52.822464611381292,47.508806800469756,0</coordinates></Point></Placemark><Placemark><styleUrl>#point</styleUrl><Point><altitudeMode>clampToGround</altitudeMode><coordinates>-52.822408871725202,47.508917525410652,0</coordinates></Point></Placemark><Placemark><styleUrl>#point</styleUrl><Point><altitudeMode>clampToGround</altitudeMode><coordinates>-52.822318598628044,47.509034536778927,0</coordinates></Point></Placemark><Placemark><styleUrl>#point</styleUrl><Point><altitudeMode>clampToGround</altitudeMode><coordinates>-52.822201503440738,47.509191110730171,0</coordinates></Point></Placemark><Placemark><styleUrl>#point</styleUrl><Point><altitudeMode>clampToGround</altitudeMode><coordinates>-52.822055825963616,47.509402334690094,0</coordinates></Point></Placemark><Placemark><styleUrl>#point</styleUrl><Point><altitudeMode>clampToGround</altitudeMode><coordinates>-52.821862706914544,47.509348606690764,0</coordinates></Point></Placemark><Placemark><styleUrl>#point</styleUrl><Point><altitudeMode>clampToGround</altitudeMode><coordinates>-52.821514271199703,47.509253472089767,0</coordinates></Point></Placemark><Placemark><styleUrl>#point</styleUrl><Point><altitudeMode>clampToGround</altitudeMode><coordinates>-52.821138594299555,47.50909186899662,0</coordinates></Point></Placemark><Placemark><styleUrl>#point</styleUrl><Point><altitudeMode>clampToGround</altitudeMode><coordinates>-52.821085872128606,47.509051216766238,0</coordinates></Point></Placemark><Placemark><styleUrl>#point</styleUrl><Point><altitudeMode>clampToGround</altitudeMode><coordinates>-52.820988390594721,47.508975863456726,0</coordinates></Point></Placemark><Placemark><styleUrl>#point</styleUrl><Point><altitudeMode>clampToGround</altitudeMode><coordinates>-52.820881186053157,47.508838232606649,0</coordinates></Point></Placemark><Placemark><styleUrl>#point</styleUrl><Point><altitudeMode>clampToGround</altitudeMode><coordinates>-52.820437112823129,47.507923515513539,0</coordinates></Point></Placemark><Placemark><styleUrl>#point</styleUrl><Point><altitudeMode>clampToGround</altitudeMode><coordinates>-52.820089599117637,47.507219016551971,0</coordinates></Point></Placemark><Placemark><styleUrl>#point</styleUrl><Point><altitudeMode>clampToGround</altitudeMode><coordinates>-52.819815007969737,47.506667068228126,0</coordinates></Point></Placemark><Placemark><styleUrl>#point</styleUrl><Point><altitudeMode>clampToGround</altitudeMode><coordinates>-52.819699086248875,47.506566569209099,0</coordinates></Point></Placemark><Placemark><styleUrl>#point</styleUrl><Point><altitudeMode>clampToGround</altitudeMode><coordinates>-52.819560701027513,47.506385101005435,0</coordinates></Point></Placemark><Placemark><styleUrl>#point</styleUrl><Point><altitudeMode>clampToGround</altitudeMode><coordinates>-52.819288540631533,47.506261803209782,0</coordinates></Point></Placemark><Placemark><styleUrl>#point</styleUrl><Point><altitudeMode>clampToGround</altitudeMode><coordinates>-52.819067677482963,47.506176559254527,0</coordinates></Point></Placemark><Placemark><styleUrl>#point</styleUrl><Point><altitudeMode>clampToGround</altitudeMode><coordinates>-52.819003975018859,47.506152000278234,0</coordinates></Point></Placemark><Placemark><styleUrl>#point</styleUrl><Point><altitudeMode>clampToGround</altitudeMode><coordinates>-52.818147428333759,47.505928287282586,0</coordinates></Point></Placemark><Placemark><styleUrl>#point</styleUrl><Point><altitudeMode>clampToGround</altitudeMode><coordinates>-52.817265065386891,47.5056978687644,0</coordinates></Point></Placemark><Placemark><styleUrl>#point</styleUrl><Point><altitudeMode>clampToGround</altitudeMode><coordinates>-52.816982762888074,47.505986373871565,0</coordinates></Point></Placemark><Placemark><styleUrl>#point</styleUrl><Point><altitudeMode>clampToGround</altitudeMode><coordinates>-52.816730802878737,47.506122328341007,0</coordinates></Point></Placemark><Placemark><styleUrl>#point</styleUrl><Point><altitudeMode>clampToGround</altitudeMode><coordinates>-52.816298380494118,47.506355596706271,0</coordinates></Point></Placemark><Placemark><styleUrl>#point</styleUrl><Point><altitudeMode>clampToGround</altitudeMode><coordinates>-52.815977605059743,47.506497586145997,0</coordinates></Point></Placemark><Placemark><styleUrl>#point</styleUrl><Point><altitudeMode>clampToGround</altitudeMode><coordinates>-52.815836621448398,47.506530778482556,0</coordinates></Point></Placemark><Placemark><styleUrl>#point</styleUrl><Point><altitudeMode>clampToGround</altitudeMode><coordinates>-52.815659679472446,47.50651971437037,0</coordinates></Point></Placemark><Placemark><styleUrl>#point</styleUrl><Point><altitudeMode>clampToGround</altitudeMode><coordinates>-52.815472930669785,47.506497586145997,0</coordinates></Point></Placemark><Placemark><styleUrl>#point</styleUrl><Point><altitudeMode>clampToGround</altitudeMode><coordinates>-52.815341921523213,47.506454084068537,0</coordinates></Point></Placemark><Placemark><styleUrl>#point</styleUrl><Point><altitudeMode>clampToGround</altitudeMode><coordinates>-52.815127680078149,47.506354171782732,0</coordinates></Point></Placemark><Placemark><styleUrl>#point</styleUrl><Point><altitudeMode>clampToGround</altitudeMode><coordinates>-52.814222685992718,47.50563626177609,0</coordinates></Point></Placemark><Placemark><styleUrl>#point</styleUrl><Point><altitudeMode>clampToGround</altitudeMode><coordinates>-52.813969887793064,47.505454793572426,0</coordinates></Point></Placemark><Placemark><styleUrl>#point</styleUrl><Point><altitudeMode>clampToGround</altitudeMode><coordinates>-52.813695464283228,47.505306266248226,0</coordinates></Point></Placemark><Placemark><styleUrl>#point</styleUrl><Point><altitudeMode>clampToGround</altitudeMode><coordinates>-52.81305156648159,47.504993369802833,0</coordinates></Point></Placemark><Placemark><styleUrl>#point</styleUrl><Point><altitudeMode>clampToGround</altitudeMode><coordinates>-52.812181105837226,47.504663038998842,0</coordinates></Point></Placemark><Placemark><styleUrl>#point</styleUrl><Point><altitudeMode>clampToGround</altitudeMode><coordinates>-52.811251804232597,47.504308484494686,0</coordinates></Point></Placemark><Placemark><styleUrl>#point</styleUrl><Point><altitudeMode>clampToGround</altitudeMode><coordinates>-52.810098621994257,47.503881258890033,0</coordinates></Point></Placemark><Placemark><styleUrl>#point</styleUrl><Point><altitudeMode>clampToGround</altitudeMode><coordinates>-52.80782469548285,47.503038961440325,0</coordinates></Point></Placemark><Placemark><styleUrl>#point</styleUrl><Point><altitudeMode>clampToGround</altitudeMode><coordinates>-52.807700475677848,47.502952963113785,0</coordinates></Point></Placemark><Placemark><styleUrl>#point</styleUrl><Point><altitudeMode>clampToGround</altitudeMode><coordinates>-52.807646663859487,47.502855313941836,0</coordinates></Point></Placemark><Placemark><styleUrl>#point</styleUrl><Point><altitudeMode>clampToGround</altitudeMode><coordinates>-52.807621685788035,47.502754898741841,0</coordinates></Point></Placemark><Placemark><styleUrl>#point</styleUrl><Point><altitudeMode>clampToGround</altitudeMode><coordinates>-52.807672480121255,47.502568233758211,0</coordinates></Point></Placemark><Placemark><styleUrl>#point</styleUrl><Point><altitudeMode>clampToGround</altitudeMode><coordinates>-52.8084696829319,47.501438185572624,0</coordinates></Point></Placemark><Placemark><styleUrl>#point</styleUrl><Point><altitudeMode>clampToGround</altitudeMode><coordinates>-52.808521315455437,47.501252610236406,0</coordinates></Point></Placemark><Placemark><styleUrl>#point</styleUrl><Point><altitudeMode>clampToGround</altitudeMode><coordinates>-52.808774281293154,47.500760676339269,0</coordinates></Point></Placemark><Placemark><styleUrl>#point</styleUrl><Point><altitudeMode>clampToGround</altitudeMode><coordinates>-52.808949211612344,47.500577783212066,0</coordinates></Point></Placemark><Placemark><styleUrl>#point</styleUrl><Point><altitudeMode>clampToGround</altitudeMode><coordinates>-52.809101259335876,47.500217109918594,0</coordinates></Point></Placemark><Placemark><styleUrl>#point</styleUrl><Point><altitudeMode>clampToGround</altitudeMode><coordinates>-52.80929253436625,47.499788627028465,0</coordinates></Point></Placemark><Placemark><styleUrl>#point</styleUrl><Point><altitudeMode>clampToGround</altitudeMode><coordinates>-52.809276441112161,47.499630963429809,0</coordinates></Point></Placemark><Placemark><styleUrl>#point</styleUrl><Point><altitudeMode>clampToGround</altitudeMode><coordinates>-52.809815900400281,47.49840309843421,0</coordinates></Point></Placemark><Placemark><styleUrl>#point</styleUrl><Point><altitudeMode>clampToGround</altitudeMode><coordinates>-52.810135083273053,47.497728522866964,0</coordinates></Point></Placemark><Placemark><styleUrl>#point</styleUrl><Point><altitudeMode>clampToGround</altitudeMode><coordinates>-52.810233402997255,47.497648475691676,0</coordinates></Point></Placemark><Placemark><styleUrl>#point</styleUrl><Point><altitudeMode>clampToGround</altitudeMode><coordinates>-52.810396766290069,47.497316300868988,0</coordinates></Point></Placemark><Placemark><styleUrl>#point</styleUrl><Point><altitudeMode>clampToGround</altitudeMode><coordinates>-52.810621485114098,47.496788827702403,0</coordinates></Point></Placemark><Placemark><styleUrl>#point</styleUrl><Point><altitudeMode>clampToGround</altitudeMode><coordinates>-52.810718715190887,47.496539633721113,0</coordinates></Point></Placemark><Placemark><styleUrl>#point</styleUrl><Point><altitudeMode>clampToGround</altitudeMode><coordinates>-52.810748387128115,47.496426729485393,0</coordinates></Point></Placemark><Placemark><styleUrl>#point</styleUrl><Point><altitudeMode>clampToGround</altitudeMode><coordinates>-52.810765989124775,47.496313825249672,0</coordinates></Point></Placemark><Placemark><styleUrl>#point</styleUrl><Point><altitudeMode>clampToGround</altitudeMode><coordinates>-52.81080286949873,47.495960528030992,0</coordinates></Point></Placemark><Placemark><styleUrl>#point</styleUrl><Point><altitudeMode>clampToGround</altitudeMode><coordinates>-52.810817873105407,47.495815102010965,0</coordinates></Point></Placemark><Placemark><styleUrl>#point</styleUrl><Point><altitudeMode>clampToGround</altitudeMode><coordinates>-52.810933962464333,47.495152596384287,0</coordinates></Point></Placemark><Placemark><styleUrl>#point</styleUrl><Point><altitudeMode>clampToGround</altitudeMode><coordinates>-52.811046196147799,47.494618836790323,0</coordinates></Point></Placemark><Placemark><styleUrl>#point</styleUrl><Point><altitudeMode>clampToGround</altitudeMode><coordinates>-52.81114200130105,47.494355058297515,0</coordinates></Point></Placemark><Placemark><styleUrl>#point</styleUrl><Point><altitudeMode>clampToGround</altitudeMode><coordinates>-52.811182234436274,47.494261935353279,0</coordinates></Point></Placemark><Placemark><styleUrl>#point</styleUrl><Point><altitudeMode>clampToGround</altitudeMode><coordinates>-52.811218779534101,47.494180714711547,0</coordinates></Point></Placemark><Placemark><styleUrl>#point</styleUrl><Point><altitudeMode>clampToGround</altitudeMode><coordinates>-52.811246523633599,47.494124304503202,0</coordinates></Point></Placemark><Placemark><styleUrl>#point</styleUrl><Point><altitudeMode>clampToGround</altitudeMode><coordinates>-52.81127099879086,47.494079293683171,0</coordinates></Point></Placemark><Placemark><styleUrl>#point</styleUrl><Point><altitudeMode>clampToGround</altitudeMode><coordinates>-52.811298072338104,47.494034366682172,0</coordinates></Point></Placemark><Placemark><styleUrl>#point</styleUrl><Point><altitudeMode>clampToGround</altitudeMode><coordinates>-52.811349537223577,47.49395607970655,0</coordinates></Point></Placemark><Placemark><styleUrl>#point</styleUrl><Point><altitudeMode>clampToGround</altitudeMode><coordinates>-52.811193633824587,47.493903525173664,0</coordinates></Point></Placemark><Placemark><styleUrl>#point</styleUrl><Point><altitudeMode>clampToGround</altitudeMode><coordinates>-52.811077460646629,47.493864381685853,0</coordinates></Point></Placemark><Placemark><styleUrl>#point</styleUrl><Point><altitudeMode>clampToGround</altitudeMode><coordinates>-52.810666998848319,47.493711663410068,0</coordinates></Point></Placemark><Placemark><styleUrl>#point</styleUrl><Point><altitudeMode>clampToGround</altitudeMode><coordinates>-52.81038117595017,47.493571517989039,0</coordinates></Point></Placemark><Placemark><styleUrl>#point</styleUrl><Point><altitudeMode>clampToGround</altitudeMode><coordinates>-52.810267433524132,47.493515610694885,0</coordinates></Point></Placemark><Placemark><styleUrl>#point</styleUrl><Point><altitudeMode>clampToGround</altitudeMode><coordinates>-52.810136005282402,47.493451992049813,0</coordinates></Point></Placemark><Placemark><styleUrl>#point</styleUrl><Point><altitudeMode>clampToGround</altitudeMode><coordinates>-52.809885302558541,47.493313103914261,0</coordinates></Point></Placemark><Placemark><styleUrl>#point</styleUrl><Point><altitudeMode>clampToGround</altitudeMode><coordinates>-52.809075275436044,47.492897529155016,0</coordinates></Point></Placemark><Placemark><styleUrl>#point</styleUrl><Point><altitudeMode>clampToGround</altitudeMode><coordinates>-52.808176400139928,47.492424286901951,0</coordinates></Point></Placemark><Placemark><styleUrl>#point</styleUrl><Point><altitudeMode>clampToGround</altitudeMode><coordinates>-52.806830601766706,47.491729175671935,0</coordinates></Point></Placemark><Placemark><styleUrl>#point</styleUrl><Point><altitudeMode>clampToGround</altitudeMode><coordinates>-52.806322909891605,47.491466905921698,0</coordinates></Point></Placemark><Placemark><styleUrl>#point</styleUrl><Point><altitudeMode>clampToGround</altitudeMode><coordinates>-52.806053264066577,47.491341177374125,0</coordinates></Point></Placemark><Placemark><styleUrl>#point</styleUrl><Point><altitudeMode>clampToGround</altitudeMode><coordinates>-52.805772637948394,47.491223830729723,0</coordinates></Point></Placemark><Placemark><styleUrl>#point</styleUrl><Point><altitudeMode>clampToGround</altitudeMode><coordinates>-52.805498717352748,47.49112207442522,0</coordinates></Point></Placemark><Placemark><styleUrl>#point</styleUrl><Point><altitudeMode>clampToGround</altitudeMode><coordinates>-52.805224377661943,47.491027107462287,0</coordinates></Point></Placemark><Placemark><styleUrl>#point</styleUrl><Point><altitudeMode>clampToGround</altitudeMode><coordinates>-52.804948193952441,47.490943623706698,0</coordinates></Point></Placemark><Placemark><styleUrl>#point</styleUrl><Point><altitudeMode>clampToGround</altitudeMode><coordinates>-52.804658934473991,47.490870365872979,0</coordinates></Point></Placemark><Placemark><styleUrl>#point</styleUrl><Point><altitudeMode>clampToGround</altitudeMode><coordinates>-52.804353497922421,47.49080297537148,0</coordinates></Point></Placemark><Placemark><styleUrl>#point</styleUrl><Point><altitudeMode>clampToGround</altitudeMode><coordinates>-52.804046301171184,47.490740362554789,0</coordinates></Point></Placemark><Placemark><styleUrl>#point</styleUrl><Point><altitudeMode>clampToGround</altitudeMode><coordinates>-52.80391663312912,47.490718318149447,0</coordinates></Point></Placemark><Placemark><styleUrl>#point</styleUrl><Point><altitudeMode>clampToGround</altitudeMode><coordinates>-52.803504075855017,47.490642964839935,0</coordinates></Point></Placemark><Placemark><styleUrl>#point</styleUrl><Point><altitudeMode>clampToGround</altitudeMode><coordinates>-52.80306838452816,47.490587560459971,0</coordinates></Point></Placemark><Placemark><styleUrl>#point</styleUrl><Point><altitudeMode>clampToGround</altitudeMode><coordinates>-52.802889766171575,47.490569287911057,0</coordinates></Point></Placemark><Placemark><styleUrl>#point</styleUrl><Point><altitudeMode>clampToGround</altitudeMode><coordinates>-52.802369920536876,47.49053567647934,0</coordinates></Point></Placemark><Placemark><styleUrl>#point</styleUrl><Point><altitudeMode>clampToGround</altitudeMode><coordinates>-52.8017314709723,47.490504076704383,0</coordinates></Point></Placemark><Placemark><styleUrl>#point</styleUrl><Point><altitudeMode>clampToGround</altitudeMode><coordinates>-52.801146497949958,47.490474069491029,0</coordinates></Point></Placemark><Placemark><styleUrl>#point</styleUrl><Point><altitudeMode>clampToGround</altitudeMode><coordinates>-52.800559680908918,47.490446409210563,0</coordinates></Point></Placemark><Placemark><styleUrl>#point</styleUrl><Point><altitudeMode>clampToGround</altitudeMode><coordinates>-52.799580087885261,47.490400308743119,0</coordinates></Point></Placemark><Placemark><styleUrl>#point</styleUrl><Point><altitudeMode>clampToGround</altitudeMode><coordinates>-52.798596723005176,47.490353286266327,0</coordinates></Point></Placemark><Placemark><styleUrl>#point</styleUrl><Point><altitudeMode>clampToGround</altitudeMode><coordinates>-52.797613106667995,47.490305677056313,0</coordinates></Point></Placemark><Placemark><styleUrl>#point</styleUrl><Point><altitudeMode>clampToGround</altitudeMode><coordinates>-52.79711295850575,47.490284135565162,0</coordinates></Point></Placemark><Placemark><styleUrl>#point</styleUrl><Point><altitudeMode>clampToGround</altitudeMode><coordinates>-52.796685816720128,47.49026158824563,0</coordinates></Point></Placemark><Placemark><styleUrl>#point</styleUrl><Point><altitudeMode>clampToGround</altitudeMode><coordinates>-52.796397730708122,47.490248596295714,0</coordinates></Point></Placemark><Placemark><styleUrl>#point</styleUrl><Point><altitudeMode>clampToGround</altitudeMode><coordinates>-52.793737901374698,47.490069139748812,0</coordinates></Point></Placemark><Placemark><styleUrl>#point</styleUrl><Point><altitudeMode>clampToGround</altitudeMode><coordinates>-52.792582958936691,47.489989260211587,0</coordinates></Point></Placemark><Placemark><styleUrl>#point</styleUrl><Point><altitudeMode>clampToGround</altitudeMode><coordinates>-52.791433213278651,47.489922204986215,0</coordinates></Point></Placemark><Placemark><styleUrl>#point</styleUrl><Point><altitudeMode>clampToGround</altitudeMode><coordinates>-52.788483202457428,47.489751717075706,0</coordinates></Point></Placemark><Placemark><styleUrl>#point</styleUrl><Point><altitudeMode>clampToGround</altitudeMode><coordinates>-52.785612987354398,47.48954082839191,0</coordinates></Point></Placemark><Placemark><styleUrl>#point</styleUrl><Point><altitudeMode>clampToGround</altitudeMode><coordinates>-52.782886521890759,47.489358521997929,0</coordinates></Point></Placemark><Placemark><styleUrl>#point</styleUrl><Point><altitudeMode>clampToGround</altitudeMode><coordinates>-52.778635639697313,47.489044284448028,0</coordinates></Point></Placemark><Placemark><styleUrl>#point</styleUrl><Point><altitudeMode>clampToGround</altitudeMode><coordinates>-52.77697317302227,47.48892174102366,0</coordinates></Point></Placemark><Placemark><styleUrl>#point</styleUrl><Point><altitudeMode>clampToGround</altitudeMode><coordinates>-52.772625563666224,47.488602977246046,0</coordinates></Point></Placemark><Placemark><styleUrl>#point</styleUrl><Point><altitudeMode>clampToGround</altitudeMode><coordinates>-52.767666662111878,47.48821179382503,0</coordinates></Point></Placemark><Placemark><styleUrl>#point</styleUrl><Point><altitudeMode>clampToGround</altitudeMode><coordinates>-52.767937816679478,47.484896499663591,0</coordinates></Point></Placemark><Placemark><styleUrl>#point</styleUrl><Point><altitudeMode>clampToGround</altitudeMode><coordinates>-52.768245683982968,47.481198823079467,0</coordinates></Point></Placemark><Placemark><styleUrl>#point</styleUrl><Point><altitudeMode>clampToGround</altitudeMode><coordinates>-52.768398486077785,47.479349775239825,0</coordinates></Point></Placemark><Placemark><styleUrl>#point</styleUrl><Point><altitudeMode>clampToGround</altitudeMode><coordinates>-52.768578194081783,47.477504331618547,0</coordinates></Point></Placemark><Placemark><styleUrl>#point</styleUrl><Point><altitudeMode>clampToGround</altitudeMode><coordinates>-52.768645333126187,47.477123625576496,0</coordinates></Point></Placemark><Placemark><styleUrl>#point</styleUrl><Point><altitudeMode>clampToGround</altitudeMode><coordinates>-52.769187139347196,47.474823128432035,0</coordinates></Point></Placemark><Placemark><styleUrl>#point</styleUrl><Point><altitudeMode>clampToGround</altitudeMode><coordinates>-52.769455276429653,47.473671790212393,0</coordinates></Point></Placemark><Placemark><styleUrl>#point</styleUrl><Point><altitudeMode>clampToGround</altitudeMode><coordinates>-52.769757611677051,47.472595386207104,0</coordinates></Point></Placemark><Placemark><styleUrl>#point</styleUrl><Point><altitudeMode>clampToGround</altitudeMode><coordinates>-52.769753085449338,47.472426323220134,0</coordinates></Point></Placemark><Placemark><styleUrl>#point</styleUrl><Point><altitudeMode>clampToGround</altitudeMode><coordinates>-52.769986437633634,47.471436420455575,0</coordinates></Point></Placemark><Placemark><styleUrl>#point</styleUrl><Point><altitudeMode>clampToGround</altitudeMode><coordinates>-52.770265387371182,47.470276029780507,0</coordinates></Point></Placemark><Placemark><styleUrl>#point</styleUrl><Point><altitudeMode>clampToGround</altitudeMode><coordinates>-52.770809791982174,47.467982405796647,0</coordinates></Point></Placemark><Placemark><styleUrl>#point</styleUrl><Point><altitudeMode>clampToGround</altitudeMode><coordinates>-52.770941304042935,47.466816483065486,0</coordinates></Point></Placemark><Placemark><styleUrl>#point</styleUrl><Point><altitudeMode>clampToGround</altitudeMode><coordinates>-52.770992182195187,47.465683165937662,0</coordinates></Point></Placemark><Placemark><styleUrl>#point</styleUrl><Point><altitudeMode>clampToGround</altitudeMode><coordinates>-52.771088825538754,47.465258873999119,0</coordinates></Point></Placemark><Placemark><styleUrl>#point</styleUrl><Point><altitudeMode>clampToGround</altitudeMode><coordinates>-52.771195275709033,47.464904403313994,0</coordinates></Point></Placemark><Placemark><styleUrl>#point</styleUrl><Point><altitudeMode>clampToGround</altitudeMode><coordinates>-52.771243639290333,47.464594859629869,0</coordinates></Point></Placemark><Placemark><styleUrl>#point</styleUrl><Point><altitudeMode>clampToGround</altitudeMode><coordinates>-52.771335588768125,47.464239802211523,0</coordinates></Point></Placemark><Placemark><styleUrl>#point</styleUrl><Point><altitudeMode>clampToGround</altitudeMode><coordinates>-52.771427035331726,47.463920786976814,0</coordinates></Point></Placemark><Placemark><styleUrl>#point</styleUrl><Point><altitudeMode>clampToGround</altitudeMode><coordinates>-52.771481601521373,47.463730098679662,0</coordinates></Point></Placemark><Placemark><styleUrl>#point</styleUrl><Point><altitudeMode>clampToGround</altitudeMode><coordinates>-52.771544465795159,47.463510576635599,0</coordinates></Point></Placemark><Placemark><styleUrl>#point</styleUrl><Point><altitudeMode>clampToGround</altitudeMode><coordinates>-52.771662818267941,47.463097516447306,0</coordinates></Point></Placemark><Placemark><styleUrl>#point</styleUrl><Point><altitudeMode>clampToGround</altitudeMode><coordinates>-52.771750912070274,47.462758971378207,0</coordinates></Point></Placemark><Placemark><styleUrl>#point</styleUrl><Point><altitudeMode>clampToGround</altitudeMode><coordinates>-52.771770106628537,47.462627794593573,0</coordinates></Point></Placemark><Placemark><styleUrl>#point</styleUrl><Point><altitudeMode>clampToGround</altitudeMode><coordinates>-52.77177806943655,47.462488235905766,0</coordinates></Point></Placemark><Placemark><styleUrl>#point</styleUrl><Point><altitudeMode>clampToGround</altitudeMode><coordinates>-52.771733226254582,47.461729673668742,0</coordinates></Point></Placemark><Placemark><styleUrl>#point</styleUrl><Point><altitudeMode>clampToGround</altitudeMode><coordinates>-52.771424688398838,47.461682064458728,0</coordinates></Point></Placemark><Placemark><styleUrl>#point</styleUrl><Point><altitudeMode>clampToGround</altitudeMode><coordinates>-52.770444676280022,47.461425997316837,0</coordinates></Point></Placemark><Placemark><styleUrl>#point</styleUrl><Point><altitudeMode>clampToGround</altitudeMode><coordinates>-52.767819631844759,47.460682773962617,0</coordinates></Point></Placemark><Placemark><styleUrl>#point</styleUrl><Point><altitudeMode>clampToGround</altitudeMode><coordinates>-52.766622025519609,47.46034380979836,0</coordinates></Point></Placemark><Placemark><styleUrl>#point</styleUrl><Point><altitudeMode>clampToGround</altitudeMode><coordinates>-52.765783835202456,47.460097884759307,0</coordinates></Point></Placemark><Placemark><styleUrl>#point</styleUrl><Point><altitudeMode>clampToGround</altitudeMode><coordinates>-52.764310631901026,47.459659008309245,0</coordinates></Point></Placemark><Placemark><styleUrl>#point</styleUrl><Point><altitudeMode>clampToGround</altitudeMode><coordinates>-52.764112064614892,47.459606118500233,0</coordinates></Point></Placemark><Placemark><styleUrl>#point</styleUrl><Point><altitudeMode>clampToGround</altitudeMode><coordinates>-52.763917688280344,47.459566639736295,0</coordinates></Point></Placemark><Placemark><styleUrl>#point</styleUrl><Point><altitudeMode>clampToGround</altitudeMode><coordinates>-52.763794893398881,47.459548283368349,0</coordinates></Point></Placemark><Placemark><styleUrl>#point</styleUrl><Point><altitudeMode>clampToGround</altitudeMode><coordinates>-52.763680312782526,47.459535459056497,0</coordinates></Point></Placemark><Placemark><styleUrl>#point</styleUrl><Point><altitudeMode>clampToGround</altitudeMode><coordinates>-52.763358782976866,47.459523975849152,0</coordinates></Point></Placemark><Placemark><styleUrl>#point</styleUrl><Point><altitudeMode>clampToGround</altitudeMode><coordinates>-52.763018812984228,47.459518779069185,0</coordinates></Point></Placemark><Placemark><styleUrl>#point</styleUrl><Point><altitudeMode>clampToGround</altitudeMode><coordinates>-52.76273449882865,47.45950193144381,0</coordinates></Point></Placemark><Placemark><styleUrl>#point</styleUrl><Point><altitudeMode>clampToGround</altitudeMode><coordinates>-52.762465104460716,47.459471672773361,0</coordinates></Point></Placemark><Placemark><styleUrl>#point</styleUrl><Point><altitudeMode>clampToGround</altitudeMode><coordinates>-52.762051038444042,47.459406796842813,0</coordinates></Point></Placemark><Placemark><styleUrl>#point</styleUrl><Point><altitudeMode>clampToGround</altitudeMode><coordinates>-52.761661615222692,47.459337813779712,0</coordinates></Point></Placemark><Placemark><styleUrl>#point</styleUrl><Point><altitudeMode>clampToGround</altitudeMode><coordinates>-52.761374870315194,47.459267908707261,0</coordinates></Point></Placemark><Placemark><styleUrl>#point</styleUrl><Point><altitudeMode>clampToGround</altitudeMode><coordinates>-52.761082174256444,47.459181407466531,0</coordinates></Point></Placemark><Placemark><styleUrl>#point</styleUrl><Point><altitudeMode>clampToGround</altitudeMode><coordinates>-52.760941106826067,47.459124913439155,0</coordinates></Point></Placemark><Placemark><styleUrl>#point</styleUrl><Point><altitudeMode>clampToGround</altitudeMode><coordinates>-52.76078780181706,47.459049727767706,0</coordinates></Point></Placemark><Placemark><styleUrl>#point</styleUrl><Point><altitudeMode>clampToGround</altitudeMode><coordinates>-52.760360240936279,47.458845293149352,0</coordinates></Point></Placemark><Placemark><styleUrl>#point</styleUrl><Point><altitudeMode>clampToGround</altitudeMode><coordinates>-52.759932596236467,47.458640858530998,0</coordinates></Point></Placemark><Placemark><styleUrl>#point</styleUrl><Point><altitudeMode>clampToGround</altitudeMode><coordinates>-52.759801587089896,47.45858620852232,0</coordinates></Point></Placemark><Placemark><styleUrl>#point</styleUrl><Point><altitudeMode>clampToGround</altitudeMode><coordinates>-52.759655239060521,47.458531390875578,0</coordinates></Point></Placemark><Placemark><styleUrl>#point</styleUrl><Point><altitudeMode>clampToGround</altitudeMode><coordinates>-52.759491875767708,47.458479758352041,0</coordinates></Point></Placemark><Placemark><styleUrl>#point</styleUrl><Point><altitudeMode>clampToGround</altitudeMode><coordinates>-52.759319292381406,47.458430305123329,0</coordinates></Point></Placemark><Placemark><styleUrl>#point</styleUrl><Point><altitudeMode>clampToGround</altitudeMode><coordinates>-52.759095160290599,47.458388982340693,0</coordinates></Point></Placemark><Placemark><styleUrl>#point</styleUrl><Point><altitudeMode>clampToGround</altitudeMode><coordinates>-52.758834064006805,47.458345564082265,0</coordinates></Point></Placemark><Placemark><styleUrl>#point</styleUrl><Point><altitudeMode>clampToGround</altitudeMode><coordinates>-52.758562322705984,47.45831212028861,0</coordinates></Point></Placemark><Placemark><styleUrl>#point</styleUrl><Point><altitudeMode>clampToGround</altitudeMode><coordinates>-52.758278092369437,47.458282699808478,0</coordinates></Point></Placemark><Placemark><styleUrl>#point</styleUrl><Point><altitudeMode>clampToGround</altitudeMode><coordinates>-52.75796796195209,47.458258140832186,0</coordinates></Point></Placemark><Placemark><styleUrl>#point</styleUrl><Point><altitudeMode>clampToGround</altitudeMode><coordinates>-52.757630171254277,47.45823978446424,0</coordinates></Point></Placemark><Placemark><styleUrl>#point</styleUrl><Point><altitudeMode>clampToGround</altitudeMode><coordinates>-52.757241670042276,47.458229893818498,0</coordinates></Point></Placemark><Placemark><styleUrl>#point</styleUrl><Point><altitudeMode>clampToGround</altitudeMode><coordinates>-52.756905471906066,47.4582314863801,0</coordinates></Point></Placemark><Placemark><styleUrl>#point</styleUrl><Point><altitudeMode>clampToGround</altitudeMode><coordinates>-52.756658373400569,47.458242634311318,0</coordinates></Point></Placemark><Placemark><styleUrl>#point</styleUrl><Point><altitudeMode>clampToGround</altitudeMode><coordinates>-52.756405239924788,47.458258811384439,0</coordinates></Point></Placemark><Placemark><styleUrl>#point</styleUrl><Point><altitudeMode>clampToGround</altitudeMode><coordinates>-52.755901739001274,47.458295607939363,0</coordinates></Point></Placemark><Placemark><styleUrl>#point</styleUrl><Point><altitudeMode>clampToGround</altitudeMode><coordinates>-52.755775423720479,47.458297619596124,0</coordinates></Point></Placemark><Placemark><styleUrl>#point</styleUrl><Point><altitudeMode>clampToGround</altitudeMode><coordinates>-52.75564600713551,47.458297619596124,0</coordinates></Point></Placemark><Placemark><styleUrl>#point</styleUrl><Point><altitudeMode>clampToGround</altitudeMode><coordinates>-52.755511896684766,47.458290159702301,0</coordinates></Point></Placemark><Placemark><styleUrl>#point</styleUrl><Point><altitudeMode>clampToGround</altitudeMode><coordinates>-52.755374768748879,47.458274569362402,0</coordinates></Point></Placemark><Placemark><styleUrl>#point</styleUrl><Point><altitudeMode>clampToGround</altitudeMode><coordinates>-52.755119288340211,47.458225870504975,0</coordinates></Point></Placemark><Placemark><styleUrl>#point</styleUrl><Point><altitudeMode>clampToGround</altitudeMode><coordinates>-52.754830531775951,47.458147499710321,0</coordinates></Point></Placemark><Placemark><styleUrl>#point</styleUrl><Point><altitudeMode>clampToGround</altitudeMode><coordinates>-52.753771394491196,47.457860670983791,0</coordinates></Point></Placemark><Placemark><styleUrl>#point</styleUrl><Point><altitudeMode>clampToGround</altitudeMode><coordinates>-52.753591602668166,47.457822533324361,0</coordinates></Point></Placemark><Placemark><styleUrl>#point</styleUrl><Point><altitudeMode>clampToGround</altitudeMode><coordinates>-52.753350203856826,47.457795292139053,0</coordinates></Point></Placemark><Placemark><styleUrl>#point</styleUrl><Point><altitudeMode>clampToGround</altitudeMode><coordinates>-52.753117941319942,47.457775259390473,0</coordinates></Point></Placemark><Placemark><styleUrl>#point</styleUrl><Point><altitudeMode>clampToGround</altitudeMode><coordinates>-52.752821473404765,47.457758411765099,0</coordinates></Point></Placemark><Placemark><styleUrl>#point</styleUrl><Point><altitudeMode>clampToGround</altitudeMode><coordinates>-52.752531124278903,47.457751790061593,0</coordinates></Point></Placemark><Placemark><styleUrl>#point</styleUrl><Point><altitudeMode>clampToGround</altitudeMode><coordinates>-52.751697627827525,47.457736115902662,0</coordinates></Point></Placemark><Placemark><styleUrl>#point</styleUrl><Point><altitudeMode>clampToGround</altitudeMode><coordinates>-52.750251330435276,47.457710886374116,0</coordinates></Point></Placemark><Placemark><styleUrl>#point</styleUrl><Point><altitudeMode>clampToGround</altitudeMode><coordinates>-52.749884622171521,47.457702839747071,0</coordinates></Point></Placemark><Placemark><styleUrl>#point</styleUrl><Point><altitudeMode>clampToGround</altitudeMode><coordinates>-52.749700387939811,47.457701163366437,0</coordinates></Point></Placemark><Placemark><styleUrl>#point</styleUrl><Point><altitudeMode>clampToGround</altitudeMode><coordinates>-52.749533923342824,47.45770426467061,0</coordinates></Point></Placemark><Placemark><styleUrl>#point</styleUrl><Point><altitudeMode>clampToGround</altitudeMode><coordinates>-52.749336529523134,47.457710467278957,0</coordinates></Point></Placemark><Placemark><styleUrl>#point</styleUrl><Point><altitudeMode>clampToGround</altitudeMode><coordinates>-52.749163275584579,47.457725135609508,0</coordinates></Point></Placemark><Placemark><styleUrl>#point</styleUrl><Point><altitudeMode>clampToGround</altitudeMode><coordinates>-52.748805116862059,47.457762770354748,0</coordinates></Point></Placemark><Placemark><styleUrl>#point</styleUrl><Point><altitudeMode>clampToGround</altitudeMode><coordinates>-52.747786967083812,47.4578757584095,0</coordinates></Point></Placemark><Placemark><styleUrl>#point</styleUrl><Point><altitudeMode>clampToGround</altitudeMode><coordinates>-52.747113229706883,47.457948764786124,0</coordinates></Point></Placemark><Placemark><styleUrl>#point</styleUrl><Point><altitudeMode>clampToGround</altitudeMode><coordinates>-52.746748616918921,47.457988327369094,0</coordinates></Point></Placemark><Placemark><styleUrl>#point</styleUrl><Point><altitudeMode>clampToGround</altitudeMode><coordinates>-52.745734993368387,47.458107015118003,0</coordinates></Point></Placemark><Placemark><styleUrl>#point</styleUrl><Point><altitudeMode>clampToGround</altitudeMode><coordinates>-52.745580933988094,47.458119504153728,0</coordinates></Point></Placemark><Placemark><styleUrl>#point</styleUrl><Point><altitudeMode>clampToGround</altitudeMode><coordinates>-52.74546392261982,47.458125790581107,0</coordinates></Point></Placemark><Placemark><styleUrl>#point</styleUrl><Point><altitudeMode>clampToGround</altitudeMode><coordinates>-52.745322100818157,47.458123695105314,0</coordinates></Point></Placemark><Placemark><styleUrl>#point</styleUrl><Point><altitudeMode>clampToGround</altitudeMode><coordinates>-52.745208106935024,47.458111206069589,0</coordinates></Point></Placemark><Placemark><styleUrl>#point</styleUrl><Point><altitudeMode>clampToGround</altitudeMode><coordinates>-52.744906190782785,47.458071559667587,0</coordinates></Point></Placemark><Placemark><styleUrl>#point</styleUrl><Point><altitudeMode>clampToGround</altitudeMode><coordinates>-52.74458491243422,47.458015820011497,0</coordinates></Point></Placemark><Placemark><styleUrl>#point</styleUrl><Point><altitudeMode>clampToGround</altitudeMode><coordinates>-52.743955515325069,47.45793778449297,0</coordinates></Point></Placemark><Placemark><styleUrl>#point</styleUrl><Point><altitudeMode>clampToGround</altitudeMode><coordinates>-52.74288791231811,47.457847176119685,0</coordinates></Point></Placemark><Placemark><styleUrl>#point</styleUrl><Point><altitudeMode>clampToGround</altitudeMode><coordinates>-52.742594797164202,47.457824293524027,0</coordinates></Point></Placemark><Placemark><styleUrl>#point</styleUrl><Point><altitudeMode>clampToGround</altitudeMode><coordinates>-52.742047039791942,47.45777509175241,0</coordinates></Point></Placemark><Placemark><styleUrl>#point</styleUrl><Point><altitudeMode>clampToGround</altitudeMode><coordinates>-52.741651833057404,47.457748018205166,0</coordinates></Point></Placemark><Placemark><styleUrl>#point</styleUrl><Point><altitudeMode>clampToGround</altitudeMode><coordinates>-52.74129543453455,47.457742318511009,0</coordinates></Point></Placemark><Placemark><styleUrl>#point</styleUrl><Point><altitudeMode>clampToGround</altitudeMode><coordinates>-52.741085886955261,47.457748102024198,0</coordinates></Point></Placemark><Placemark><styleUrl>#point</styleUrl><Point><altitudeMode>clampToGround</altitudeMode><coordinates>-52.740867203101516,47.457764111459255,0</coordinates></Point></Placemark><Placemark><styleUrl>#point</styleUrl><Point><altitudeMode>clampToGround</altitudeMode><coordinates>-52.740642735734582,47.45779219083488,0</coordinates></Point></Placemark><Placemark><styleUrl>#point</styleUrl><Point><altitudeMode>clampToGround</altitudeMode><coordinates>-52.74037878960371,47.457836028188467,0</coordinates></Point></Placemark><Placemark><styleUrl>#point</styleUrl><Point><altitudeMode>clampToGround</altitudeMode><coordinates>-52.740231268107891,47.457866370677948,0</coordinates></Point></Placemark><Placemark><styleUrl>#point</styleUrl><Point><altitudeMode>clampToGround</altitudeMode><coordinates>-52.740029683336616,47.457900485023856,0</coordinates></Point></Placemark><Placemark><styleUrl>#point</styleUrl><Point><altitudeMode>clampToGround</altitudeMode><coordinates>-52.739885430783033,47.457922864705324,0</coordinates></Point></Placemark><Placemark><styleUrl>#point</styleUrl><Point><altitudeMode>clampToGround</altitudeMode><coordinates>-52.739607403054833,47.457962594926357,0</coordinates></Point></Placemark><Placemark><styleUrl>#point</styleUrl><Point><altitudeMode>clampToGround</altitudeMode><coordinates>-52.739405399188399,47.457992769777775,0</coordinates></Point></Placemark><Placemark><styleUrl>#point</styleUrl><Point><altitudeMode>clampToGround</altitudeMode><coordinates>-52.739334488287568,47.458009198307991,0</coordinates></Point></Placemark><Placemark><styleUrl>#point</styleUrl><Point><altitudeMode>clampToGround</altitudeMode><coordinates>-52.739271707832813,47.458027470856905,0</coordinates></Point></Placemark><Placemark><styleUrl>#point</styleUrl><Point><altitudeMode>clampToGround</altitudeMode><coordinates>-52.739211358129978,47.458050269633532,0</coordinates></Point></Placemark><Placemark><styleUrl>#point</styleUrl><Point><altitudeMode>clampToGround</altitudeMode><coordinates>-52.739156540483236,47.458073236048222,0</coordinates></Point></Placemark><Placemark><styleUrl>#point</styleUrl><Point><altitudeMode>clampToGround</altitudeMode><coordinates>-52.739075822755694,47.458128808066249,0</coordinates></Point></Placemark><Placemark><styleUrl>#point</styleUrl><Point><altitudeMode>clampToGround</altitudeMode><coordinates>-52.739012874662876,47.458192594349384,0</coordinates></Point></Placemark><Placemark><styleUrl>#point</styleUrl><Point><altitudeMode>clampToGround</altitudeMode><coordinates>-52.738920506089926,47.458298960700631,0</coordinates></Point></Placemark><Placemark><styleUrl>#point</styleUrl><Point><altitudeMode>clampToGround</altitudeMode><coordinates>-52.738744486123323,47.458530971780419,0</coordinates></Point></Placemark><Placemark><styleUrl>#point</styleUrl><Point><altitudeMode>clampToGround</altitudeMode><coordinates>-52.738583805039525,47.458698023110628,0</coordinates></Point></Placemark><Placemark><styleUrl>#point</styleUrl><Point><altitudeMode>clampToGround</altitudeMode><coordinates>-52.7384745888412,47.45879047550261,0</coordinates></Point></Placemark><Placemark><styleUrl>#point</styleUrl><Point><altitudeMode>clampToGround</altitudeMode><coordinates>-52.738362522795796,47.458863817155361,0</coordinates></Point></Placemark><Placemark><styleUrl>#point</styleUrl><Point><altitudeMode>clampToGround</altitudeMode><coordinates>-52.738223383203149,47.458920814096928,0</coordinates></Point></Placemark><Placemark><styleUrl>#point</styleUrl><Point><altitudeMode>clampToGround</altitudeMode><coordinates>-52.738101091235876,47.458948474377394,0</coordinates></Point></Placemark><Placemark><styleUrl>#point</styleUrl><Point><altitudeMode>clampToGround</altitudeMode><coordinates>-52.738019535318017,47.458958700299263,0</coordinates></Point></Placemark><Placemark><styleUrl>#point</styleUrl><Point><altitudeMode>clampToGround</altitudeMode><coordinates>-52.737933620810509,47.458954509347677,0</coordinates></Point></Placemark><Placemark><styleUrl>#point</styleUrl><Point><altitudeMode>clampToGround</altitudeMode><coordinates>-52.737842509523034,47.458936739712954,0</coordinates></Point></Placemark><Placemark><styleUrl>#point</styleUrl><Point><altitudeMode>clampToGround</altitudeMode><coordinates>-52.737713512033224,47.458904469385743,0</coordinates></Point></Placemark><Placemark><styleUrl>#point</styleUrl><Point><altitudeMode>clampToGround</altitudeMode><coordinates>-52.736616740003228,47.458512866869569,0</coordinates></Point></Placemark><Placemark><styleUrl>#point</styleUrl><Point><altitudeMode>clampToGround</altitudeMode><coordinates>-52.736257910728455,47.45836291462183,0</coordinates></Point></Placemark><Placemark><styleUrl>#point</styleUrl><Point><altitudeMode>clampToGround</altitudeMode><coordinates>-52.735862284898758,47.458227127790451,0</coordinates></Point></Placemark><Placemark><styleUrl>#point</styleUrl><Point><altitudeMode>clampToGround</altitudeMode><coordinates>-52.735462132841349,47.458107098937035,0</coordinates></Point></Placemark><Placemark><styleUrl>#point</styleUrl><Point><altitudeMode>clampToGround</altitudeMode><coordinates>-52.734684878960252,47.457876512780786,0</coordinates></Point></Placemark><Placemark><styleUrl>#point</styleUrl><Point><altitudeMode>clampToGround</altitudeMode><coordinates>-52.734327558428049,47.457785485312343,0</coordinates></Point></Placemark><Placemark><styleUrl>#point</styleUrl><Point><altitudeMode>clampToGround</altitudeMode><coordinates>-52.733992282301188,47.457716418430209,0</coordinates></Point></Placemark><Placemark><styleUrl>#point</styleUrl><Point><altitudeMode>clampToGround</altitudeMode><coordinates>-52.73373881354928,47.457664366811514,0</coordinates></Point></Placemark><Placemark><styleUrl>#point</styleUrl><Point><altitudeMode>clampToGround</altitudeMode><coordinates>-52.733468078076839,47.457601921632886,0</coordinates></Point></Placemark><Placemark><styleUrl>#point</styleUrl><Point><altitudeMode>clampToGround</altitudeMode><coordinates>-52.733153840526938,47.457526819780469,0</coordinates></Point></Placemark><Placemark><styleUrl>#point</styleUrl><Point><altitudeMode>clampToGround</altitudeMode><coordinates>-52.732916884124279,47.457484407350421,0</coordinates></Point></Placemark><Placemark><styleUrl>#point</styleUrl><Point><altitudeMode>clampToGround</altitudeMode><coordinates>-52.73267213255167,47.45744476094842,0</coordinates></Point></Placemark><Placemark><styleUrl>#point</styleUrl><Point><altitudeMode>clampToGround</altitudeMode><coordinates>-52.732423525303602,47.457432439550757,0</coordinates></Point></Placemark><Placemark><styleUrl>#point</styleUrl><Point><altitudeMode>clampToGround</altitudeMode><coordinates>-52.732221269980073,47.457446772605181,0</coordinates></Point></Placemark><Placemark><styleUrl>#point</styleUrl><Point><altitudeMode>clampToGround</altitudeMode><coordinates>-52.732065031304955,47.457471415400505,0</coordinates></Point></Placemark><Placemark><styleUrl>#point</styleUrl><Point><altitudeMode>clampToGround</altitudeMode><coordinates>-52.731902673840523,47.457509636878967,0</coordinates></Point></Placemark><Placemark><styleUrl>#point</styleUrl><Point><altitudeMode>clampToGround</altitudeMode><coordinates>-52.731707710772753,47.45755665935576,0</coordinates></Point></Placemark><Placemark><styleUrl>#point</styleUrl><Point><altitudeMode>clampToGround</altitudeMode><coordinates>-52.731454409658909,47.457593539729714,0</coordinates></Point></Placemark><Placemark><styleUrl>#point</styleUrl><Point><altitudeMode>clampToGround</altitudeMode><coordinates>-52.731265062466264,47.457611477002501,0</coordinates></Point></Placemark><Placemark><styleUrl>#point</styleUrl><Point><altitudeMode>clampToGround</altitudeMode><coordinates>-52.731038499623537,47.45762312784791,0</coordinates></Point></Placemark><Placemark><styleUrl>#point</styleUrl><Point><altitudeMode>clampToGround</altitudeMode><coordinates>-52.730793664231896,47.457610387355089,0</coordinates></Point></Placemark><Placemark><styleUrl>#point</styleUrl><Point><altitudeMode>clampToGround</altitudeMode><coordinates>-52.730400888249278,47.457566298544407,0</coordinates></Point></Placemark><Placemark><styleUrl>#point</styleUrl><Point><altitudeMode>clampToGround</altitudeMode><coordinates>-52.729734862223268,47.457467224448919,0</coordinates></Point></Placemark><Placemark><styleUrl>#point</styleUrl><Point><altitudeMode>clampToGround</altitudeMode><coordinates>-52.729322388768196,47.457412909716368,0</coordinates></Point></Placemark><Placemark><styleUrl>#point</styleUrl><Point><altitudeMode>clampToGround</altitudeMode><coordinates>-52.729050479829311,47.457376532256603,0</coordinates></Point></Placemark><Placemark><styleUrl>#point</styleUrl><Point><altitudeMode>clampToGround</altitudeMode><coordinates>-52.728859372437,47.457367731258273,0</coordinates></Point></Placemark><Placemark><styleUrl>#point</styleUrl><Point><altitudeMode>clampToGround</altitudeMode><coordinates>-52.728649573400617,47.457372676581144,0</coordinates></Point></Placemark><Placemark><styleUrl>#point</styleUrl><Point><altitudeMode>clampToGround</altitudeMode><coordinates>-52.728539099916816,47.457383740693331,0</coordinates></Point></Placemark><Placemark><styleUrl>#point</styleUrl><Point><altitudeMode>clampToGround</altitudeMode><coordinates>-52.728401133790612,47.457406874746084,0</coordinates></Point></Placemark><Placemark><styleUrl>#point</styleUrl><Point><altitudeMode>clampToGround</altitudeMode><coordinates>-52.728277333080769,47.457434618845582,0</coordinates></Point></Placemark><Placemark><styleUrl>#point</styleUrl><Point><altitudeMode>clampToGround</altitudeMode><coordinates>-52.72817088291049,47.457471415400505,0</coordinates></Point></Placemark><Placemark><styleUrl>#point</styleUrl><Point><altitudeMode>clampToGround</altitudeMode><coordinates>-52.728022858500481,47.457536123692989,0</coordinates></Point></Placemark><Placemark><styleUrl>#point</styleUrl><Point><altitudeMode>clampToGround</altitudeMode><coordinates>-52.727704513818026,47.45770082809031,0</coordinates></Point></Placemark><Placemark><styleUrl>#point</styleUrl><Point><altitudeMode>clampToGround</altitudeMode><coordinates>-52.726931367069483,47.458117660135031,0</coordinates></Point></Placemark><Placemark><styleUrl>#point</styleUrl><Point><altitudeMode>clampToGround</altitudeMode><coordinates>-52.726488802582026,47.458350006490946,0</coordinates></Point></Placemark><Placemark><styleUrl>#point</styleUrl><Point><altitudeMode>clampToGround</altitudeMode><coordinates>-52.726104995235801,47.458578329533339,0</coordinates></Point></Placemark><Placemark><styleUrl>#point</styleUrl><Point><altitudeMode>clampToGround</altitudeMode><coordinates>-52.725777011364698,47.458820482715964,0</coordinates></Point></Placemark><Placemark><styleUrl>#point</styleUrl><Point><altitudeMode>clampToGround</altitudeMode><coordinates>-52.725459923967719,47.459064060822129,0</coordinates></Point></Placemark><Placemark><styleUrl>#point</styleUrl><Point><altitudeMode>clampToGround</altitudeMode><coordinates>-52.725311731919646,47.459175623953342,0</coordinates></Point></Placemark><Placemark><styleUrl>#point</styleUrl><Point><altitudeMode>clampToGround</altitudeMode><coordinates>-52.72516873665154,47.459287522360682,0</coordinates></Point></Placemark><Placemark><styleUrl>#point</styleUrl><Point><altitudeMode>clampToGround</altitudeMode><coordinates>-52.725084833800793,47.459375280886889,0</coordinates></Point></Placemark><Placemark><styleUrl>#point</styleUrl><Point><altitudeMode>clampToGround</altitudeMode><coordinates>-52.725018113851547,47.4594662245363,0</coordinates></Point></Placemark><Placemark><styleUrl>#point</styleUrl><Point><altitudeMode>clampToGround</altitudeMode><coordinates>-52.724969917908311,47.459561275318265,0</coordinates></Point></Placemark><Placemark><styleUrl>#point</styleUrl><Point><altitudeMode>clampToGround</altitudeMode><coordinates>-52.724928092211485,47.459657331928611,0</coordinates></Point></Placemark><Placemark><styleUrl>#point</styleUrl><Point><altitudeMode>clampToGround</altitudeMode><coordinates>-52.724883165210485,47.459813989698887,0</coordinates></Point></Placemark><Placemark><styleUrl>#point</styleUrl><Point><altitudeMode>clampToGround</altitudeMode><coordinates>-52.724845530465245,47.45997198857367,0</coordinates></Point></Placemark><Placemark><styleUrl>#point</styleUrl><Point><altitudeMode>clampToGround</altitudeMode><coordinates>-52.724825162440538,47.460117163136601,0</coordinates></Point></Placemark><Placemark><styleUrl>#point</styleUrl><Point><altitudeMode>clampToGround</altitudeMode><coordinates>-52.724813427776098,47.460262672975659,0</coordinates></Point></Placemark><Placemark><styleUrl>#point</styleUrl><Point><altitudeMode>clampToGround</altitudeMode><coordinates>-52.724815607070923,47.460387898609042,0</coordinates></Point></Placemark><Placemark><styleUrl>#point</styleUrl><Point><altitudeMode>clampToGround</altitudeMode><coordinates>-52.724826922640204,47.460514297708869,0</coordinates></Point></Placemark><Placemark><styleUrl>#point</styleUrl><Point><altitudeMode>clampToGround</altitudeMode><coordinates>-52.724835807457566,47.460606079548597,0</coordinates></Point></Placemark><Placemark><styleUrl>#point</styleUrl><Point><altitudeMode>clampToGround</altitudeMode><coordinates>-52.724849386140704,47.460698029026389,0</coordinates></Point></Placemark><Placemark><styleUrl>#point</styleUrl><Point><altitudeMode>clampToGround</altitudeMode><coordinates>-52.724906718358397,47.460960131138563,0</coordinates></Point></Placemark><Placemark><styleUrl>#point</styleUrl><Point><altitudeMode>clampToGround</altitudeMode><coordinates>-52.724963128566742,47.46117009781301,0</coordinates></Point></Placemark><Placemark><styleUrl>#point</styleUrl><Point><altitudeMode>clampToGround</altitudeMode><coordinates>-52.725010318681598,47.461353493854403,0</coordinates></Point></Placemark><Placemark><styleUrl>#point</styleUrl><Point><altitudeMode>clampToGround</altitudeMode><coordinates>-52.72502850741148,47.4614486284554,0</coordinates></Point></Placemark><Placemark><styleUrl>#point</styleUrl><Point><altitudeMode>clampToGround</altitudeMode><coordinates>-52.725030686706305,47.461541835218668,0</coordinates></Point></Placemark><Placemark><styleUrl>#point</styleUrl><Point><altitudeMode>clampToGround</altitudeMode><coordinates>-52.725028926506639,47.461625402793288,0</coordinates></Point></Placemark><Placemark><styleUrl>#point</styleUrl><Point><altitudeMode>clampToGround</altitudeMode><coordinates>-52.72502020932734,47.461708886548877,0</coordinates></Point></Placemark><Placemark><styleUrl>#point</styleUrl><Point><altitudeMode>clampToGround</altitudeMode><coordinates>-52.725004116073251,47.461805362254381,0</coordinates></Point></Placemark><Placemark><styleUrl>#point</styleUrl><Point><altitudeMode>clampToGround</altitudeMode><coordinates>-52.724973689764738,47.461900999769568,0</coordinates></Point></Placemark><Placemark><styleUrl>#point</styleUrl><Point><altitudeMode>clampToGround</altitudeMode><coordinates>-52.724853325635195,47.462220769375563,0</coordinates></Point></Placemark><Placemark><styleUrl>#point</styleUrl><Point><altitudeMode>clampToGround</altitudeMode><coordinates>-52.724793311208487,47.462379774078727,0</coordinates></Point></Placemark><Placemark><styleUrl>#point</styleUrl><Point><altitudeMode>clampToGround</altitudeMode><coordinates>-52.724746624007821,47.462541125714779,0</coordinates></Point></Placemark><Placemark><styleUrl>#point</styleUrl><Point><altitudeMode>clampToGround</altitudeMode><coordinates>-52.724697170779109,47.462738184258342,0</coordinates></Point></Placemark><Placemark><styleUrl>#point</styleUrl><Point><altitudeMode>clampToGround</altitudeMode><coordinates>-52.724679401144385,47.46287589892745,0</coordinates></Point></Placemark><Placemark><styleUrl>#point</styleUrl><Point><altitudeMode>clampToGround</altitudeMode><coordinates>-52.724680406972766,47.463103886693716,0</coordinates></Point></Placemark><Placemark><styleUrl>#point</styleUrl><Point><altitudeMode>clampToGround</altitudeMode><coordinates>-52.724693734198809,47.463331874459982,0</coordinates></Point></Placemark><Placemark><styleUrl>#point</styleUrl><Point><altitudeMode>clampToGround</altitudeMode><coordinates>-52.724702032282948,47.463559191673994,0</coordinates></Point></Placemark><Placemark><styleUrl>#point</styleUrl><Point><altitudeMode>clampToGround</altitudeMode><coordinates>-52.724695159122348,47.463658098131418,0</coordinates></Point></Placemark><Placemark><styleUrl>#point</styleUrl><Point><altitudeMode>clampToGround</altitudeMode><coordinates>-52.724681664258242,47.463757004588842,0</coordinates></Point></Placemark><Placemark><styleUrl>#point</styleUrl><Point><altitudeMode>clampToGround</altitudeMode><coordinates>-52.724637910723686,47.463880637660623,0</coordinates></Point></Placemark><Placemark><styleUrl>#point</styleUrl><Point><altitudeMode>clampToGround</altitudeMode><coordinates>-52.724612262099981,47.463943669572473,0</coordinates></Point></Placemark><Placemark><styleUrl>#point</styleUrl><Point><altitudeMode>clampToGround</altitudeMode><coordinates>-52.724510841071606,47.464122036471963,0</coordinates></Point></Placemark><Placemark><styleUrl>#point</styleUrl><Point><altitudeMode>clampToGround</altitudeMode><coordinates>-52.724406570196152,47.464282969012856,0</coordinates></Point></Placemark><Placemark><styleUrl>#point</styleUrl><Point><altitudeMode>clampToGround</altitudeMode><coordinates>-52.724295593798161,47.464442560449243,0</coordinates></Point></Placemark><Placemark><styleUrl>#point</styleUrl><Point><altitudeMode>clampToGround</altitudeMode><coordinates>-52.724238932132721,47.464515063911676,0</coordinates></Point></Placemark><Placemark><styleUrl>#point</styleUrl><Point><altitudeMode>clampToGround</altitudeMode><coordinates>-52.724174810573459,47.46458706445992,0</coordinates></Point></Placemark><Placemark><styleUrl>#point</styleUrl><Point><altitudeMode>clampToGround</altitudeMode><coordinates>-52.72406592965126,47.464684881269932,0</coordinates></Point></Placemark><Placemark><styleUrl>#point</styleUrl><Point><altitudeMode>clampToGround</altitudeMode><coordinates>-52.723988564684987,47.464742381125689,0</coordinates></Point></Placemark><Placemark><styleUrl>#point</styleUrl><Point><altitudeMode>clampToGround</altitudeMode><coordinates>-52.723899967968464,47.46479912661016,0</coordinates></Point></Placemark><Placemark><styleUrl>#point</styleUrl><Point><altitudeMode>clampToGround</altitudeMode><coordinates>-52.723691593855619,47.464911276474595,0</coordinates></Point></Placemark><Placemark><styleUrl>#point</styleUrl><Point><altitudeMode>clampToGround</altitudeMode><coordinates>-52.723581036552787,47.46497506275773,0</coordinates></Point></Placemark><Placemark><styleUrl>#point</styleUrl><Point><altitudeMode>clampToGround</altitudeMode><coordinates>-52.723484141752124,47.465041531249881,0</coordinates></Point></Placemark><Placemark><styleUrl>#point</styleUrl><Point><altitudeMode>clampToGround</altitudeMode><coordinates>-52.723247604444623,47.465213192626834,0</coordinates></Point></Placemark><Placemark><styleUrl>#point</styleUrl><Point><altitudeMode>clampToGround</altitudeMode><coordinates>-52.723012827336788,47.465357864275575,0</coordinates></Point></Placemark><Placemark><styleUrl>#point</styleUrl><Point><altitudeMode>clampToGround</altitudeMode><coordinates>-52.722696494311094,47.465525502339005,0</coordinates></Point></Placemark><Placemark><styleUrl>#point</styleUrl><Point><altitudeMode>clampToGround</altitudeMode><coordinates>-52.722396003082395,47.465672940015793,0</coordinates></Point></Placemark><Placemark><styleUrl>#point</styleUrl><Point><altitudeMode>clampToGround</altitudeMode><coordinates>-52.722104396671057,47.465785341337323,0</coordinates></Point></Placemark><Placemark><styleUrl>#point</styleUrl><Point><altitudeMode>clampToGround</altitudeMode><coordinates>-52.721940111368895,47.465830268338323,0</coordinates></Point></Placemark><Placemark><styleUrl>#point</styleUrl><Point><altitudeMode>clampToGround</altitudeMode><coordinates>-52.721687816083431,47.465877206996083,0</coordinates></Point></Placemark><Placemark><styleUrl>#point</styleUrl><Point><altitudeMode>clampToGround</altitudeMode><coordinates>-52.721451865509152,47.465900089591742,0</coordinates></Point></Placemark><Placemark><styleUrl>#point</styleUrl><Point><altitudeMode>clampToGround</altitudeMode><coordinates>-52.721254723146558,47.465909225866199,0</coordinates></Point></Placemark><Placemark><styleUrl>#point</styleUrl><Point><altitudeMode>clampToGround</altitudeMode><coordinates>-52.721064370125532,47.465899838134646,0</coordinates></Point></Placemark><Placemark><styleUrl>#point</styleUrl><Point><altitudeMode>clampToGround</altitudeMode><coordinates>-52.720871167257428,47.465873938053846,0</coordinates></Point></Placemark><Placemark><styleUrl>#point</styleUrl><Point><altitudeMode>clampToGround</altitudeMode><coordinates>-52.720331288874149,47.465784922242165,0</coordinates></Point></Placemark><Placemark><styleUrl>#point</styleUrl><Point><altitudeMode>clampToGround</altitudeMode><coordinates>-52.720028702169657,47.465732283890247,0</coordinates></Point></Placemark><Placemark><styleUrl>#point</styleUrl><Point><altitudeMode>clampToGround</altitudeMode><coordinates>-52.719676326960325,47.465677130967379,0</coordinates></Point></Placemark><Placemark><styleUrl>#point</styleUrl><Point><altitudeMode>clampToGround</altitudeMode><coordinates>-52.719605583697557,47.465664809569716,0</coordinates></Point></Placemark><Placemark><styleUrl>#point</styleUrl><Point><altitudeMode>clampToGround</altitudeMode><coordinates>-52.719121361151338,47.465580403804779,0</coordinates></Point></Placemark><Placemark><styleUrl>#point</styleUrl><Point><altitudeMode>clampToGround</altitudeMode><coordinates>-52.719082133844495,47.46557361446321,0</coordinates></Point></Placemark><Placemark><styleUrl>#point</styleUrl><Point><altitudeMode>clampToGround</altitudeMode><coordinates>-52.71879849024117,47.465527765452862,0</coordinates></Point></Placemark><Placemark><styleUrl>#point</styleUrl><Point><altitudeMode>clampToGround</altitudeMode><coordinates>-52.718479223549366,47.465480826795101,0</coordinates></Point></Placemark><Placemark><styleUrl>#point</styleUrl><Point><altitudeMode>clampToGround</altitudeMode><coordinates>-52.718366486951709,47.465470684692264,0</coordinates></Point></Placemark><Placemark><styleUrl>#point</styleUrl><Point><altitudeMode>clampToGround</altitudeMode><coordinates>-52.718332540243864,47.465469595044851,0</coordinates></Point></Placemark><Placemark><styleUrl>#point</styleUrl><Point><altitudeMode>clampToGround</altitudeMode><coordinates>-52.718263389542699,47.465467331930995,0</coordinates></Point></Placemark><Placemark><styleUrl>#point</styleUrl><Point><altitudeMode>clampToGround</altitudeMode><coordinates>-52.718175295740366,47.465468673035502,0</coordinates></Point></Placemark><Placemark><styleUrl>#point</styleUrl><Point><altitudeMode>clampToGround</altitudeMode><coordinates>-52.718074126169086,47.465469595044851,0</coordinates></Point></Placemark><Placemark><styleUrl>#point</styleUrl><Point><altitudeMode>clampToGround</altitudeMode><coordinates>-52.718049231916666,47.465469762682915,0</coordinates></Point></Placemark><Placemark><styleUrl>#point</styleUrl><Point><altitudeMode>clampToGround</altitudeMode><coordinates>-52.717928113415837,47.465480491518974,0</coordinates></Point></Placemark><Placemark><styleUrl>#point</styleUrl><Point><altitudeMode>clampToGround</altitudeMode><coordinates>-52.717784279957414,47.465500105172396,0</coordinates></Point></Placemark><Placemark><styleUrl>#point</styleUrl><Point><altitudeMode>clampToGround</altitudeMode><coordinates>-52.717668358236551,47.46552768163383,0</coordinates></Point></Placemark><Placemark><styleUrl>#point</styleUrl><Point><altitudeMode>clampToGround</altitudeMode><coordinates>-52.717481860890985,47.465572105720639,0</coordinates></Point></Placemark><Placemark><styleUrl>#point</styleUrl><Point><altitudeMode>clampToGround</altitudeMode><coordinates>-52.717199390754104,47.465639412403107,0</coordinates></Point></Placemark><Placemark><styleUrl>#point</styleUrl><Point><altitudeMode>clampToGround</altitudeMode><coordinates>-52.716838633641601,47.465721471235156,0</coordinates></Point></Placemark><Placemark><styleUrl>#point</styleUrl><Point><altitudeMode>clampToGround</altitudeMode><coordinates>-52.716596983373165,47.465769164264202,0</coordinates></Point></Placemark><Placemark><styleUrl>#point</styleUrl><Point><altitudeMode>clampToGround</altitudeMode><coordinates>-52.716461783275008,47.465789783746004,0</coordinates></Point></Placemark><Placemark><styleUrl>#point</styleUrl><Point><altitudeMode>clampToGround</altitudeMode><coordinates>-52.716318536549807,47.465802691876888,0</coordinates></Point></Placemark><Placemark><styleUrl>#point</styleUrl><Point><altitudeMode>clampToGround</altitudeMode><coordinates>-52.71620680578053,47.465805960819125,0</coordinates></Point></Placemark><Placemark><styleUrl>#point</styleUrl><Point><altitudeMode>clampToGround</altitudeMode><coordinates>-52.716087531298399,47.465799674391747,0</coordinates></Point></Placemark><Placemark><styleUrl>#point</styleUrl><Point><altitudeMode>clampToGround</altitudeMode><coordinates>-52.715989714488387,47.465785592794418,0</coordinates></Point></Placemark><Placemark><styleUrl>#point</styleUrl><Point><altitudeMode>clampToGround</altitudeMode><coordinates>-52.715903799980879,47.465770086273551,0</coordinates></Point></Placemark><Placemark><styleUrl>#point</styleUrl><Point><altitudeMode>clampToGround</altitudeMode><coordinates>-52.715791733935475,47.465738318860531,0</coordinates></Point></Placemark><Placemark><styleUrl>#point</styleUrl><Point><altitudeMode>clampToGround</altitudeMode><coordinates>-52.715687798336148,47.465700600296259,0</coordinates></Point></Placemark><Placemark><styleUrl>#point</styleUrl><Point><altitudeMode>clampToGround</altitudeMode><coordinates>-52.715600710362196,47.465657098218799,0</coordinates></Point></Placemark><Placemark><styleUrl>#point</styleUrl><Point><altitudeMode>clampToGround</altitudeMode><coordinates>-52.715093102306128,47.465348476544023,0</coordinates></Point></Placemark><Placemark><styleUrl>#point</styleUrl><Point><altitudeMode>clampToGround</altitudeMode><coordinates>-52.714922782033682,47.465244960039854,0</coordinates></Point></Placemark><Placemark><styleUrl>#point</styleUrl><Point><altitudeMode>clampToGround</altitudeMode><coordinates>-52.714808033779263,47.465181509032845,0</coordinates></Point></Placemark><Placemark><styleUrl>#point</styleUrl><Point><altitudeMode>clampToGround</altitudeMode><coordinates>-52.714746426790953,47.465147478505969,0</coordinates></Point></Placemark><Placemark><styleUrl>#point</styleUrl><Point><altitudeMode>clampToGround</altitudeMode><coordinates>-52.714681634679437,47.46511428616941,0</coordinates></Point></Placemark><Placemark><styleUrl>#point</styleUrl><Point><altitudeMode>clampToGround</altitudeMode><coordinates>-52.714568981900811,47.46505661867559,0</coordinates></Point></Placemark><Placemark><styleUrl>#point</styleUrl><Point><altitudeMode>clampToGround</altitudeMode><coordinates>-52.714390279725194,47.464958969503641,0</coordinates></Point></Placemark><Placemark><styleUrl>#point</styleUrl><Point><altitudeMode>clampToGround</altitudeMode><coordinates>-52.714279219508171,47.464898200705647,0</coordinates></Point></Placemark><Placemark><styleUrl>#point</styleUrl><Point><altitudeMode>clampToGround</altitudeMode><coordinates>-52.714263629168272,47.464889734983444,0</coordinates></Point></Placemark><Placemark><styleUrl>#point</styleUrl><Point><altitudeMode>clampToGround</altitudeMode><coordinates>-52.714194981381297,47.464852184057236,0</coordinates></Point></Placemark><Placemark><styleUrl>#point</styleUrl><Point><altitudeMode>clampToGround</altitudeMode><coordinates>-52.714120298624039,47.464798875153065,0</coordinates></Point></Placemark><Placemark><styleUrl>#point</styleUrl><Point><altitudeMode>clampToGround</altitudeMode><coordinates>-52.714074114337564,47.464763335883617,0</coordinates></Point></Placemark><Placemark><styleUrl>#point</styleUrl><Point><altitudeMode>clampToGround</altitudeMode><coordinates>-52.714036898687482,47.464735172688961,0</coordinates></Point></Placemark><Placemark><styleUrl>#point</styleUrl><Point><altitudeMode>clampToGround</altitudeMode><coordinates>-52.713981913402677,47.464683372527361,0</coordinates></Point></Placemark><Placemark><styleUrl>#point</styleUrl><Point><altitudeMode>clampToGround</altitudeMode><coordinates>-52.713900189846754,47.464593602344394,0</coordinates></Point></Placemark><Placemark><styleUrl>#point</styleUrl><Point><altitudeMode>clampToGround</altitudeMode><coordinates>-52.713874625042081,47.464565522968769,0</coordinates></Point></Placemark><Placemark><styleUrl>#point</styleUrl><Point><altitudeMode>clampToGround</altitudeMode><coordinates>-52.713866494596004,47.464555716142058,0</coordinates></Point></Placemark><Placemark><styleUrl>#point</styleUrl><Point><altitudeMode>clampToGround</altitudeMode><coordinates>-52.713817711919546,47.464496791362762,0</coordinates></Point></Placemark><Placemark><styleUrl>#point</styleUrl><Point><altitudeMode>clampToGround</altitudeMode><coordinates>-52.713760631158948,47.464427724480629,0</coordinates></Point></Placemark><Placemark><styleUrl>#point</styleUrl><Point><altitudeMode>clampToGround</altitudeMode><coordinates>-52.713739760220051,47.464401321485639,0</coordinates></Point></Placemark><Placemark><styleUrl>#point</styleUrl><Point><altitudeMode>clampToGround</altitudeMode><coordinates>-52.713702460750937,47.464354131370783,0</coordinates></Point></Placemark><Placemark><styleUrl>#point</styleUrl><Point><altitudeMode>clampToGround</altitudeMode><coordinates>-52.713680667802691,47.464326387271285,0</coordinates></Point></Placemark><Placemark><styleUrl>#point</styleUrl><Point><altitudeMode>clampToGround</altitudeMode><coordinates>-52.713587628677487,47.464208286255598,0</coordinates></Point></Placemark><Placemark><styleUrl>#point</styleUrl><Point><altitudeMode>clampToGround</altitudeMode><coordinates>-52.713477658107877,47.464093202725053,0</coordinates></Point></Placemark><Placemark><styleUrl>#point</styleUrl><Point><altitudeMode>clampToGround</altitudeMode><coordinates>-52.713442035019398,47.464064033702016,0</coordinates></Point></Placemark><Placemark><styleUrl>#point</styleUrl><Point><altitudeMode>clampToGround</altitudeMode><coordinates>-52.713387804105878,47.464019693434238,0</coordinates></Point></Placemark><Placemark><styleUrl>#point</styleUrl><Point><altitudeMode>clampToGround</altitudeMode><coordinates>-52.713293926790357,47.463956326246262,0</coordinates></Point></Placemark><Placemark><styleUrl>#point</styleUrl><Point><altitudeMode>clampToGround</altitudeMode><coordinates>-52.713124109432101,47.463878039270639,0</coordinates></Point></Placemark><Placemark><styleUrl>#point</styleUrl><Point><altitudeMode>clampToGround</altitudeMode><coordinates>-52.713106339797378,47.463870998471975,0</coordinates></Point></Placemark><Placemark><styleUrl>#point</styleUrl><Point><altitudeMode>clampToGround</altitudeMode><coordinates>-52.713092425838113,47.463865466415882,0</coordinates></Point></Placemark><Placemark><styleUrl>#point</styleUrl><Point><altitudeMode>clampToGround</altitudeMode><coordinates>-52.712980611249804,47.463821293786168,0</coordinates></Point></Placemark><Placemark><styleUrl>#point</styleUrl><Point><altitudeMode>clampToGround</altitudeMode><coordinates>-52.712730914354324,47.463732361793518,0</coordinates></Point></Placemark><Placemark><styleUrl>#point</styleUrl><Point><altitudeMode>clampToGround</altitudeMode><coordinates>-52.712515164166689,47.463650135323405,0</coordinates></Point></Placemark><Placemark><styleUrl>#point</styleUrl><Point><altitudeMode>clampToGround</altitudeMode><coordinates>-52.712423885241151,47.463613087311387,0</coordinates></Point></Placemark><Placemark><styleUrl>#point</styleUrl><Point><altitudeMode>clampToGround</altitudeMode><coordinates>-52.71237451583147,47.4635917134583,0</coordinates></Point></Placemark><Placemark><styleUrl>#point</styleUrl><Point><altitudeMode>clampToGround</altitudeMode><coordinates>-52.712323805317283,47.463569836691022,0</coordinates></Point></Placemark><Placemark><styleUrl>#point</styleUrl><Point><altitudeMode>clampToGround</altitudeMode><coordinates>-52.712241159752011,47.463525328785181,0</coordinates></Point></Placemark><Placemark><styleUrl>#point</styleUrl><Point><altitudeMode>clampToGround</altitudeMode><coordinates>-52.712164130061865,47.463480485603213,0</coordinates></Point></Placemark><Placemark><styleUrl>#point</styleUrl><Point><altitudeMode>clampToGround</altitudeMode><coordinates>-52.712068324908614,47.463442767038941,0</coordinates></Point></Placemark><Placemark><styleUrl>#point</styleUrl><Point><altitudeMode>clampToGround</altitudeMode><coordinates>-52.712019039317966,47.463423404842615,0</coordinates></Point></Placemark><Placemark><styleUrl>#point</styleUrl><Point><altitudeMode>clampToGround</altitudeMode><coordinates>-52.711979560554028,47.463413933292031,0</coordinates></Point></Placemark><Placemark><styleUrl>#point</styleUrl><Point><altitudeMode>clampToGround</altitudeMode><coordinates>-52.711942428722978,47.463404880836606,0</coordinates></Point></Placemark><Placemark><styleUrl>#point</styleUrl><Point><altitudeMode>clampToGround</altitudeMode><coordinates>-52.711912924423814,47.463400522246957,0</coordinates></Point></Placemark><Placemark><styleUrl>#point</styleUrl><Point><altitudeMode>clampToGround</altitudeMode><coordinates>-52.711878810077906,47.463395493105054,0</coordinates></Point></Placemark><Placemark><styleUrl>#point</styleUrl><Point><altitudeMode>clampToGround</altitudeMode><coordinates>-52.711813179776073,47.463385770097375,0</coordinates></Point></Placemark><Placemark><styleUrl>#point</styleUrl><Point><altitudeMode>clampToGround</altitudeMode><coordinates>-52.711727768182755,47.463374119251966,0</coordinates></Point></Placemark><Placemark><styleUrl>#point</styleUrl><Point><altitudeMode>clampToGround</altitudeMode><coordinates>-52.711603129282594,47.46337722055614,0</coordinates></Point></Placemark><Placemark><styleUrl>#point</styleUrl><Point><altitudeMode>clampToGround</altitudeMode><coordinates>-52.711525009945035,47.463389625772834,0</coordinates></Point></Placemark><Placemark><styleUrl>#point</styleUrl><Point><altitudeMode>clampToGround</altitudeMode><coordinates>-52.71150128915906,47.463396918028593,0</coordinates></Point></Placemark><Placemark><styleUrl>#point</styleUrl><Point><altitudeMode>clampToGround</altitudeMode><coordinates>-52.71147346124053,47.463405383750796,0</coordinates></Point></Placemark><Placemark><styleUrl>#point</styleUrl><Point><altitudeMode>clampToGround</altitudeMode><coordinates>-52.711423086002469,47.463438240811229,0</coordinates></Point></Placemark><Placemark><styleUrl>#point</styleUrl><Point><altitudeMode>clampToGround</altitudeMode><coordinates>-52.711385535076261,47.463481575250626,0</coordinates></Point></Placemark><Placemark><styleUrl>#point</styleUrl><Point><altitudeMode>clampToGround</altitudeMode><coordinates>-52.711375476792455,47.46350429020822,0</coordinates></Point></Placemark><Placemark><styleUrl>#point</styleUrl><Point><altitudeMode>clampToGround</altitudeMode><coordinates>-52.711343122646213,47.463578218594193,0</coordinates></Point></Placemark><Placemark><styleUrl>#point</styleUrl><Point><altitudeMode>clampToGround</altitudeMode><coordinates>-52.711317306384444,47.463636975735426,0</coordinates></Point></Placemark><Placemark><styleUrl>#point</styleUrl><Point><altitudeMode>clampToGround</altitudeMode><coordinates>-52.711300291121006,47.463675700128078,0</coordinates></Point></Placemark><Placemark><styleUrl>#point</styleUrl><Point><altitudeMode>clampToGround</altitudeMode><coordinates>-52.711271205917001,47.463742168620229,0</coordinates></Point></Placemark><Placemark><styleUrl>#point</styleUrl><Point><altitudeMode>clampToGround</altitudeMode><coordinates>-52.711208928376436,47.463864460587502,0</coordinates></Point></Placemark><Placemark><styleUrl>#point</styleUrl><Point><altitudeMode>clampToGround</altitudeMode><coordinates>-52.711182525381446,47.46390980668366,0</coordinates></Point></Placemark><Placemark><styleUrl>#point</styleUrl><Point><altitudeMode>clampToGround</altitudeMode><coordinates>-52.711138101294637,47.463985998183489,0</coordinates></Point></Placemark><Placemark><styleUrl>#point</styleUrl><Point><altitudeMode>clampToGround</altitudeMode><coordinates>-52.711110860109329,47.46402321383357,0</coordinates></Point></Placemark><Placemark><styleUrl>#point</styleUrl><Point><altitudeMode>clampToGround</altitudeMode><coordinates>-52.711087558418512,47.464051293209195,0</coordinates></Point></Placemark><Placemark><styleUrl>#point</styleUrl><Point><altitudeMode>clampToGround</altitudeMode><coordinates>-52.711057718843222,47.464081300422549,0</coordinates></Point></Placemark><Placemark><styleUrl>#point</styleUrl><Point><altitudeMode>clampToGround</altitudeMode><coordinates>-52.711019581183791,47.464110134169459,0</coordinates></Point></Placemark><Placemark><styleUrl>#point</styleUrl><Point><altitudeMode>clampToGround</altitudeMode><coordinates>-52.710971469059587,47.464141566306353,0</coordinates></Point></Placemark><Placemark><styleUrl>#point</styleUrl><Point><altitudeMode>clampToGround</altitudeMode><coordinates>-52.710913717746735,47.464164365082979,0</coordinates></Point></Placemark><Placemark><styleUrl>#point</styleUrl><Point><altitudeMode>clampToGround</altitudeMode><coordinates>-52.710508201271296,47.464284561574459,0</coordinates></Point></Placemark><Placemark><styleUrl>#point</styleUrl><Point><altitudeMode>clampToGround</altitudeMode><coordinates>-52.710394626483321,47.46432269923389,0</coordinates></Point></Placemark><Placemark><styleUrl>#point</styleUrl><Point><altitudeMode>clampToGround</altitudeMode><coordinates>-52.710089441388845,47.464406182989478,0</coordinates></Point></Placemark><Placemark><styleUrl>#point</styleUrl><Point><altitudeMode>clampToGround</altitudeMode><coordinates>-52.709760786965489,47.464523697271943,0</coordinates></Point></Placemark><Placemark><styleUrl>#point</styleUrl><Point><altitudeMode>clampToGround</altitudeMode><coordinates>-52.709599602967501,47.464581364765763,0</coordinates></Point></Placemark><Placemark><styleUrl>#point</styleUrl><Point><altitudeMode>clampToGround</altitudeMode><coordinates>-52.709262985736132,47.464712960645556,0</coordinates></Point></Placemark><Placemark><styleUrl>#point</styleUrl><Point><altitudeMode>clampToGround</altitudeMode><coordinates>-52.709099873900414,47.46477666310966,0</coordinates></Point></Placemark><Placemark><styleUrl>#point</styleUrl><Point><altitudeMode>clampToGround</altitudeMode><coordinates>-52.708863504230976,47.464849082753062,0</coordinates></Point></Placemark><Placemark><styleUrl>#point</styleUrl><Point><altitudeMode>clampToGround</altitudeMode><coordinates>-52.708831569179893,47.464858889579773,0</coordinates></Point></Placemark><Placemark><styleUrl>#point</styleUrl><Point><altitudeMode>clampToGround</altitudeMode><coordinates>-52.708692932501435,47.464896691963077,0</coordinates></Point></Placemark><Placemark><styleUrl>#point</styleUrl><Point><altitudeMode>clampToGround</altitudeMode><coordinates>-52.708571227267385,47.464929800480604,0</coordinates></Point></Placemark><Placemark><styleUrl>#point</styleUrl><Point><altitudeMode>clampToGround</altitudeMode><coordinates>-52.708390764892101,47.46499165892601,0</coordinates></Point></Placemark><Placemark><styleUrl>#point</styleUrl><Point><altitudeMode>clampToGround</altitudeMode><coordinates>-52.708211224526167,47.465056199580431,0</coordinates></Point></Placemark><Placemark><styleUrl>#point</styleUrl><Point><altitudeMode>clampToGround</altitudeMode><coordinates>-52.708031265065074,47.465074136853218,0</coordinates></Point></Placemark><Placemark><styleUrl>#point</styleUrl><Point><altitudeMode>clampToGround</altitudeMode><coordinates>-52.707909308373928,47.465075897052884,0</coordinates></Point></Placemark><Placemark><styleUrl>#point</styleUrl><Point><altitudeMode>clampToGround</altitudeMode><coordinates>-52.707849713042378,47.465076819062233,0</coordinates></Point></Placemark><Placemark><styleUrl>#point</styleUrl><Point><altitudeMode>clampToGround</altitudeMode><coordinates>-52.707827417179942,47.465076902881265,0</coordinates></Point></Placemark><Placemark><styleUrl>#point</styleUrl><Point><altitudeMode>clampToGround</altitudeMode><coordinates>-52.707599429413676,47.465077908709645,0</coordinates></Point></Placemark><Placemark><styleUrl>#point</styleUrl><Point><altitudeMode>clampToGround</altitudeMode><coordinates>-52.707521058619022,47.46507816016674,0</coordinates></Point></Placemark><Placemark><styleUrl>#point</styleUrl><Point><altitudeMode>clampToGround</altitudeMode><coordinates>-52.707284186035395,47.465076986700296,0</coordinates></Point></Placemark><Placemark><styleUrl>#point</styleUrl><Point><altitudeMode>clampToGround</altitudeMode><coordinates>-52.707080002874136,47.465075980871916,0</coordinates></Point></Placemark><Placemark><styleUrl>#point</styleUrl><Point><altitudeMode>clampToGround</altitudeMode><coordinates>-52.706955699250102,47.465074639767408,0</coordinates></Point></Placemark><Placemark><styleUrl>#point</styleUrl><Point><altitudeMode>clampToGround</altitudeMode><coordinates>-52.706857714802027,47.465073466300964,0</coordinates></Point></Placemark><Placemark><styleUrl>#point</styleUrl><Point><altitudeMode>clampToGround</altitudeMode><coordinates>-52.706734333187342,47.465070197358727,0</coordinates></Point></Placemark><Placemark><styleUrl>#point</styleUrl><Point><altitudeMode>clampToGround</altitudeMode><coordinates>-52.70661111921072,47.465066928416491,0</coordinates></Point></Placemark><Placemark><styleUrl>#point</styleUrl><Point><altitudeMode>clampToGround</altitudeMode><coordinates>-52.706402326002717,47.465061563998461,0</coordinates></Point></Placemark><Placemark><styleUrl>#point</styleUrl><Point><altitudeMode>clampToGround</altitudeMode><coordinates>-52.706170817837119,47.465054104104638,0</coordinates></Point></Placemark><Placemark><styleUrl>#point</styleUrl><Point><altitudeMode>clampToGround</altitudeMode><coordinates>-52.705941908061504,47.465034741908312,0</coordinates></Point></Placemark><Placemark><styleUrl>#point</styleUrl><Point><altitudeMode>clampToGround</altitudeMode><coordinates>-52.705921959131956,47.465032394975424,0</coordinates></Point></Placemark><Placemark><styleUrl>#point</styleUrl><Point><altitudeMode>clampToGround</altitudeMode><coordinates>-52.705751890316606,47.465012613683939,0</coordinates></Point></Placemark><Placemark><styleUrl>#point</styleUrl><Point><altitudeMode>clampToGround</altitudeMode><coordinates>-52.705494482070208,47.464971039444208,0</coordinates></Point></Placemark><Placemark><styleUrl>#point</styleUrl><Point><altitudeMode>clampToGround</altitudeMode><coordinates>-52.705233218148351,47.464931225404143,0</coordinates></Point></Placemark><Placemark><styleUrl>#point</styleUrl><Point><altitudeMode>clampToGround</altitudeMode><coordinates>-52.705148896202445,47.464918820187449,0</coordinates></Point></Placemark><Placemark><styleUrl>#point</styleUrl><Point><altitudeMode>clampToGround</altitudeMode><coordinates>-52.705059377476573,47.464911276474595,0</coordinates></Point></Placemark><Placemark><styleUrl>#point</styleUrl><Point><altitudeMode>clampToGround</altitudeMode><coordinates>-52.704933732748032,47.464913371950388,0</coordinates></Point></Placemark><Placemark><styleUrl>#point</styleUrl><Point><altitudeMode>clampToGround</altitudeMode><coordinates>-52.704813620075583,47.464928459376097,0</coordinates></Point></Placemark><Placemark><styleUrl>#point</styleUrl><Point><altitudeMode>clampToGround</altitudeMode><coordinates>-52.704747822135687,47.464949665591121,0</coordinates></Point></Placemark><Placemark><styleUrl>#point</styleUrl><Point><altitudeMode>clampToGround</altitudeMode><coordinates>-52.704679928719997,47.464975733309984,0</coordinates></Point></Placemark><Placemark><styleUrl>#point</styleUrl><Point><altitudeMode>clampToGround</altitudeMode><coordinates>-52.704619327560067,47.465000627562404,0</coordinates></Point></Placemark><Placemark><styleUrl>#point</styleUrl><Point><altitudeMode>clampToGround</altitudeMode><coordinates>-52.70460968837142,47.465006913989782,0</coordinates></Point></Placemark><Placemark><styleUrl>#point</styleUrl><Point><altitudeMode>clampToGround</altitudeMode><coordinates>-52.704527797177434,47.465063072741032,0</coordinates></Point></Placemark><Placemark><styleUrl>#point</styleUrl><Point><altitudeMode>clampToGround</altitudeMode><coordinates>-52.704454036429524,47.465113615617156,0</coordinates></Point></Placemark><Placemark><styleUrl>#point</styleUrl><Point><altitudeMode>clampToGround</altitudeMode><coordinates>-52.704427214339375,47.46513188816607,0</coordinates></Point></Placemark><Placemark><styleUrl>#point</styleUrl><Point><altitudeMode>clampToGround</altitudeMode><coordinates>-52.704334929585457,47.465191734954715,0</coordinates></Point></Placemark><Placemark><styleUrl>#point</styleUrl><Point><altitudeMode>clampToGround</altitudeMode><coordinates>-52.704326715320349,47.465197015553713,0</coordinates></Point></Placemark><Placemark><styleUrl>#point</styleUrl><Point><altitudeMode>clampToGround</altitudeMode><coordinates>-52.704243315383792,47.465237164869905,0</coordinates></Point></Placemark><Placemark><styleUrl>#point</styleUrl><Point><altitudeMode>clampToGround</altitudeMode><coordinates>-52.704139295965433,47.465273961424828,0</coordinates></Point></Placemark><Placemark><styleUrl>#point</styleUrl><Point><altitudeMode>clampToGround</altitudeMode><coordinates>-52.704046927392483,47.465294329449534,0</coordinates></Point></Placemark><Placemark><styleUrl>#point</styleUrl><Point><altitudeMode>clampToGround</altitudeMode><coordinates>-52.703940561041236,47.465306399390101,0</coordinates></Point></Placemark><Placemark><styleUrl>#point</styleUrl><Point><altitudeMode>clampToGround</altitudeMode><coordinates>-52.703577373176813,47.465333640575409,0</coordinates></Point></Placemark><Placemark><styleUrl>#point</styleUrl><Point><altitudeMode>clampToGround</altitudeMode><coordinates>-52.703424403443933,47.465357780456543,0</coordinates></Point></Placemark><Placemark><styleUrl>#point</styleUrl><Point><altitudeMode>clampToGround</altitudeMode><coordinates>-52.70334561355412,47.465379908680916,0</coordinates></Point></Placemark><Placemark><styleUrl>#point</styleUrl><Point><altitudeMode>clampToGround</altitudeMode><coordinates>-52.703314935788512,47.465388458222151,0</coordinates></Point></Placemark><Placemark><styleUrl>#point</styleUrl><Point><altitudeMode>clampToGround</altitudeMode><coordinates>-52.703188620507717,47.465445706620812,0</coordinates></Point></Placemark><Placemark><styleUrl>#point</styleUrl><Point><altitudeMode>clampToGround</altitudeMode><coordinates>-52.703076805919409,47.465524580329657,0</coordinates></Point></Placemark><Placemark><styleUrl>#point</styleUrl><Point><altitudeMode>clampToGround</altitudeMode><coordinates>-52.70299038849771,47.465616865083575,0</coordinates></Point></Placemark><Placemark><styleUrl>#point</styleUrl><Point><altitudeMode>clampToGround</altitudeMode><coordinates>-52.702984940260649,47.465622816234827,0</coordinates></Point></Placemark><Placemark><styleUrl>#point</styleUrl><Point><altitudeMode>clampToGround</altitudeMode><coordinates>-52.702941941097379,47.465679477900267,0</coordinates></Point></Placemark><Placemark><styleUrl>#point</styleUrl><Point><altitudeMode>clampToGround</altitudeMode><coordinates>-52.702928865328431,47.465702360495925,0</coordinates></Point></Placemark><Placemark><styleUrl>#point</styleUrl><Point><altitudeMode>clampToGround</altitudeMode><coordinates>-52.702909670770168,47.465736223384738,0</coordinates></Point></Placemark><Placemark><styleUrl>#point</styleUrl><Point><altitudeMode>clampToGround</altitudeMode><coordinates>-52.702885195612907,47.465804368257523,0</coordinates></Point></Placemark><Placemark><styleUrl>#point</styleUrl><Point><altitudeMode>clampToGround</altitudeMode><coordinates>-52.702879579737782,47.465872513130307,0</coordinates></Point></Placemark><Placemark><styleUrl>#point</styleUrl><Point><altitudeMode>clampToGround</altitudeMode><coordinates>-52.702879160642624,47.465944513678551,0</coordinates></Point></Placemark><Placemark><styleUrl>#point</styleUrl><Point><altitudeMode>clampToGround</altitudeMode><coordinates>-52.702884105965495,47.466016514226794,0</coordinates></Point></Placemark><Placemark><styleUrl>#point</styleUrl><Point><altitudeMode>clampToGround</altitudeMode><coordinates>-52.70289022475481,47.4660524725914,0</coordinates></Point></Placemark><Placemark><styleUrl>#point</styleUrl><Point><altitudeMode>clampToGround</altitudeMode><coordinates>-52.702912269160151,47.466183733195066,0</coordinates></Point></Placemark><Placemark><styleUrl>#point</styleUrl><Point><altitudeMode>clampToGround</altitudeMode><coordinates>-52.702922914177179,47.466246765106916,0</coordinates></Point></Placemark><Placemark><styleUrl>#point</styleUrl><Point><altitudeMode>clampToGround</altitudeMode><coordinates>-52.702966583892703,47.466461509466171,0</coordinates></Point></Placemark><Placemark><styleUrl>#point</styleUrl><Point><altitudeMode>clampToGround</altitudeMode><coordinates>-52.702969769015908,47.46647709980607,0</coordinates></Point></Placemark><Placemark><styleUrl>#point</styleUrl><Point><altitudeMode>clampToGround</altitudeMode><coordinates>-52.702995417639613,47.466589501127601,0</coordinates></Point></Placemark><Placemark><styleUrl>#point</styleUrl><Point><altitudeMode>clampToGround</altitudeMode><coordinates>-52.703013941645622,47.466717576608062,0</coordinates></Point></Placemark><Placemark><styleUrl>#point</styleUrl><Point><altitudeMode>clampToGround</altitudeMode><coordinates>-52.703033974394202,47.466942798346281,0</coordinates></Point></Placemark><Placemark><styleUrl>#point</styleUrl><Point><altitudeMode>clampToGround</altitudeMode><coordinates>-52.703059706836939,47.46711378917098,0</coordinates></Point></Placemark><Placemark><styleUrl>#point</styleUrl><Point><altitudeMode>clampToGround</altitudeMode><coordinates>-52.703081667423248,47.467186208814383,0</coordinates></Point></Placemark><Placemark><styleUrl>#point</styleUrl><Point><altitudeMode>clampToGround</altitudeMode><coordinates>-52.703109160065651,47.467258628457785,0</coordinates></Point></Placemark><Placemark><styleUrl>#point</styleUrl><Point><altitudeMode>clampToGround</altitudeMode><coordinates>-52.703168084844947,47.467373795807362,0</coordinates></Point></Placemark><Placemark><styleUrl>#point</styleUrl><Point><altitudeMode>clampToGround</altitudeMode><coordinates>-52.703210832551122,47.467441018670797,0</coordinates></Point></Placemark><Placemark><styleUrl>#point</styleUrl><Point><altitudeMode>clampToGround</altitudeMode><coordinates>-52.703249389305711,47.467498099431396,0</coordinates></Point></Placemark><Placemark><styleUrl>#point</styleUrl><Point><altitudeMode>clampToGround</altitudeMode><coordinates>-52.703258693218231,47.467508912086487,0</coordinates></Point></Placemark><Placemark><styleUrl>#point</styleUrl><Point><altitudeMode>clampToGround</altitudeMode><coordinates>-52.703390624374151,47.467661714181304,0</coordinates></Point></Placemark><Placemark><styleUrl>#point</styleUrl><Point><altitudeMode>clampToGround</altitudeMode><coordinates>-52.703573266044259,47.467837985605001,0</coordinates></Point></Placemark><Placemark><styleUrl>#point</styleUrl><Point><altitudeMode>clampToGround</altitudeMode><coordinates>-52.703653564676642,47.467903783544898,0</coordinates></Point></Placemark><Placemark><styleUrl>#point</styleUrl><Point><altitudeMode>clampToGround</altitudeMode><coordinates>-52.703753896057606,47.467962373048067,0</coordinates></Point></Placemark><Placemark><styleUrl>#point</styleUrl><Point><altitudeMode>clampToGround</altitudeMode><coordinates>-52.7038958016783,47.468024482950568,0</coordinates></Point></Placemark><Placemark><styleUrl>#point</styleUrl><Point><altitudeMode>clampToGround</altitudeMode><coordinates>-52.704043071717024,47.468075612559915,0</coordinates></Point></Placemark><Placemark><styleUrl>#point</styleUrl><Point><altitudeMode>clampToGround</altitudeMode><coordinates>-52.704143235459924,47.468115761876106,0</coordinates></Point></Placemark><Placemark><styleUrl>#point</styleUrl><Point><altitudeMode>clampToGround</altitudeMode><coordinates>-52.704243399202824,47.46815599501133,0</coordinates></Point></Placemark><Placemark><styleUrl>#point</styleUrl><Point><altitudeMode>clampToGround</altitudeMode><coordinates>-52.704323278740048,47.46819362975657,0</coordinates></Point></Placemark><Placemark><styleUrl>#point</styleUrl><Point><altitudeMode>clampToGround</altitudeMode><coordinates>-52.704397877678275,47.468233024701476,0</coordinates></Point></Placemark><Placemark><styleUrl>#point</styleUrl><Point><altitudeMode>clampToGround</altitudeMode><coordinates>-52.704484881833196,47.46827912516892,0</coordinates></Point></Placemark><Placemark><styleUrl>#point</styleUrl><Point><altitudeMode>clampToGround</altitudeMode><coordinates>-52.704491838812828,47.468284824863076,0</coordinates></Point></Placemark><Placemark><styleUrl>#point</styleUrl><Point><altitudeMode>clampToGround</altitudeMode><coordinates>-52.704549338668585,47.468333188444376,0</coordinates></Point></Placemark><Placemark><styleUrl>#point</styleUrl><Point><altitudeMode>clampToGround</altitudeMode><coordinates>-52.704609101638198,47.468393789604306,0</coordinates></Point></Placemark><Placemark><styleUrl>#point</styleUrl><Point><altitudeMode>clampToGround</altitudeMode><coordinates>-52.704657968133688,47.468453636392951,0</coordinates></Point></Placemark><Placemark><styleUrl>#point</styleUrl><Point><altitudeMode>clampToGround</altitudeMode><coordinates>-52.704730303958058,47.468557823449373,0</coordinates></Point></Placemark><Placemark><styleUrl>#point</styleUrl><Point><altitudeMode>clampToGround</altitudeMode><coordinates>-52.704800879582763,47.46865002438426,0</coordinates></Point></Placemark><Placemark><styleUrl>#point</styleUrl><Point><altitudeMode>clampToGround</altitudeMode><coordinates>-52.704884111881256,47.468748679384589,0</coordinates></Point></Placemark><Placemark><styleUrl>#point</styleUrl><Point><altitudeMode>clampToGround</altitudeMode><coordinates>-52.704984610900283,47.468988904729486,0</coordinates></Point></Placemark><Placemark><styleUrl>#point</styleUrl><Point><altitudeMode>clampToGround</altitudeMode><coordinates>-52.705047558993101,47.469176491722465,0</coordinates></Point></Placemark><Placemark><styleUrl>#point</styleUrl><Point><altitudeMode>clampToGround</altitudeMode><coordinates>-52.705101873725653,47.469373466446996,0</coordinates></Point></Placemark><Placemark><styleUrl>#point</styleUrl><Point><altitudeMode>clampToGround</altitudeMode><coordinates>-52.705134898424149,47.46951780281961,0</coordinates></Point></Placemark><Placemark><styleUrl>#point</styleUrl><Point><altitudeMode>clampToGround</altitudeMode><coordinates>-52.70516918040812,47.469659373164177,0</coordinates></Point></Placemark><Placemark><styleUrl>#point</styleUrl><Point><altitudeMode>clampToGround</altitudeMode><coordinates>-52.7051598764956,47.469739504158497,0</coordinates></Point></Placemark><Placemark><styleUrl>#point</styleUrl><Point><altitudeMode>clampToGround</altitudeMode><coordinates>-52.705157278105617,47.469815108925104,0</coordinates></Point></Placemark><Placemark><styleUrl>#point</styleUrl><Point><altitudeMode>clampToGround</altitudeMode><coordinates>-52.705144118517637,47.469888534396887,0</coordinates></Point></Placemark><Placemark><styleUrl>#point</styleUrl><Point><altitudeMode>clampToGround</altitudeMode><coordinates>-52.705125510692596,47.469961876049638,0</coordinates></Point></Placemark><Placemark><styleUrl>#point</styleUrl><Point><altitudeMode>clampToGround</altitudeMode><coordinates>-52.705037919804454,47.470179302617908,0</coordinates></Point></Placemark><Placemark><styleUrl>#point</styleUrl><Point><altitudeMode>clampToGround</altitudeMode><coordinates>-52.704929374158382,47.470420198515058,0</coordinates></Point></Placemark><Placemark><styleUrl>#point</styleUrl><Point><altitudeMode>clampToGround</altitudeMode><coordinates>-52.704871203750372,47.470539221540093,0</coordinates></Point></Placemark><Placemark><styleUrl>#point</styleUrl><Point><altitudeMode>clampToGround</altitudeMode><coordinates>-52.704769866541028,47.470761593431234,0</coordinates></Point></Placemark><Placemark><styleUrl>#point</styleUrl><Point><altitudeMode>clampToGround</altitudeMode><coordinates>-52.704695519059896,47.470981199294329,0</coordinates></Point></Placemark><Placemark><styleUrl>#point</styleUrl><Point><altitudeMode>clampToGround</altitudeMode><coordinates>-52.70464631728828,47.471147831529379,0</coordinates></Point></Placemark><Placemark><styleUrl>#point</styleUrl><Point><altitudeMode>clampToGround</altitudeMode><coordinates>-52.70459895953536,47.471323432400823,0</coordinates></Point></Placemark><Placemark><styleUrl>#point</styleUrl><Point><altitudeMode>clampToGround</altitudeMode><coordinates>-52.704543387517333,47.471448238939047,0</coordinates></Point></Placemark><Placemark><styleUrl>#point</styleUrl><Point><altitudeMode>clampToGround</altitudeMode><coordinates>-52.704484630376101,47.471559634432197,0</coordinates></Point></Placemark><Placemark><styleUrl>#point</styleUrl><Point><altitudeMode>clampToGround</altitudeMode><coordinates>-52.70444649271667,47.471619313582778,0</coordinates></Point></Placemark><Placemark><styleUrl>#point</styleUrl><Point><altitudeMode>clampToGround</altitudeMode><coordinates>-52.704420424997807,47.471660217270255,0</coordinates></Point></Placemark><Placemark><styleUrl>#point</styleUrl><Point><altitudeMode>clampToGround</altitudeMode><coordinates>-52.704368121922016,47.471734900027514,0</coordinates></Point></Placemark><Placemark><styleUrl>#point</styleUrl><Point><altitudeMode>clampToGround</altitudeMode><coordinates>-52.704299725592136,47.471807822585106,0</coordinates></Point></Placemark><Placemark><styleUrl>#point</styleUrl><Point><altitudeMode>clampToGround</altitudeMode><coordinates>-52.704264689236879,47.471840595826507,0</coordinates></Point></Placemark><Placemark><styleUrl>#point</styleUrl><Point><altitudeMode>clampToGround</altitudeMode><coordinates>-52.704146672040224,47.471950901672244,0</coordinates></Point></Placemark><Placemark><styleUrl>#point</styleUrl><Point><altitudeMode>clampToGround</altitudeMode><coordinates>-52.704089172184467,47.471992308273911,0</coordinates></Point></Placemark><Placemark><styleUrl>#point</styleUrl><Point><altitudeMode>clampToGround</altitudeMode><coordinates>-52.703965287655592,47.47208165936172,0</coordinates></Point></Placemark><Placemark><styleUrl>#point</styleUrl><Point><altitudeMode>clampToGround</altitudeMode><coordinates>-52.703684661537409,47.47225558385253,0</coordinates></Point></Placemark><Placemark><styleUrl>#point</styleUrl><Point><altitudeMode>clampToGround</altitudeMode><coordinates>-52.703435383737087,47.472396986559033,0</coordinates></Point></Placemark><Placemark><styleUrl>#point</styleUrl><Point><altitudeMode>clampToGround</altitudeMode><coordinates>-52.703389031812549,47.472423305734992,0</coordinates></Point></Placemark><Placemark><styleUrl>#point</styleUrl><Point><altitudeMode>clampToGround</altitudeMode><coordinates>-52.702992567792535,47.472648024559021,0</coordinates></Point></Placemark><Placemark><styleUrl>#point</styleUrl><Point><altitudeMode>clampToGround</altitudeMode><coordinates>-52.702690567821264,47.472842819988728,0</coordinates></Point></Placemark><Placemark><styleUrl>#point</styleUrl><Point><altitudeMode>clampToGround</altitudeMode><coordinates>-52.702597109600902,47.472937200218439,0</coordinates></Point></Placemark><Placemark><styleUrl>#point</styleUrl><Point><altitudeMode>clampToGround</altitudeMode><coordinates>-52.702526282519102,47.47303836978972,0</coordinates></Point></Placemark><Placemark><styleUrl>#point</styleUrl><Point><altitudeMode>clampToGround</altitudeMode><coordinates>-52.702436931431293,47.473194189369678,0</coordinates></Point></Placemark><Placemark><styleUrl>#point</styleUrl><Point><altitudeMode>clampToGround</altitudeMode><coordinates>-52.702390998601913,47.473293766379356,0</coordinates></Point></Placemark><Placemark><styleUrl>#point</styleUrl><Point><altitudeMode>clampToGround</altitudeMode><coordinates>-52.702372726052999,47.473401390016079,0</coordinates></Point></Placemark><Placemark><styleUrl>#point</styleUrl><Point><altitudeMode>clampToGround</altitudeMode><coordinates>-52.702366104349494,47.473488813266158,0</coordinates></Point></Placemark><Placemark><styleUrl>#point</styleUrl><Point><altitudeMode>clampToGround</altitudeMode><coordinates>-52.702366188168526,47.473527621477842,0</coordinates></Point></Placemark><Placemark><styleUrl>#point</styleUrl><Point><altitudeMode>clampToGround</altitudeMode><coordinates>-52.702371971681714,47.473625103011727,0</coordinates></Point></Placemark><Placemark><styleUrl>#point</styleUrl><Point><altitudeMode>clampToGround</altitudeMode><coordinates>-52.702392423525453,47.473766002804041,0</coordinates></Point></Placemark><Placemark><styleUrl>#point</styleUrl><Point><altitudeMode>clampToGround</altitudeMode><coordinates>-52.702443301677704,47.474027182906866,0</coordinates></Point></Placemark><Placemark><styleUrl>#point</styleUrl><Point><altitudeMode>clampToGround</altitudeMode><coordinates>-52.702512871474028,47.474367991089821,0</coordinates></Point></Placemark><Placemark><styleUrl>#point</styleUrl><Point><altitudeMode>clampToGround</altitudeMode><coordinates>-52.702519660815597,47.474401015788317,0</coordinates></Point></Placemark><Placemark><styleUrl>#point</styleUrl><Point><altitudeMode>clampToGround</altitudeMode><coordinates>-52.702532317489386,47.474466226994991,0</coordinates></Point></Placemark><Placemark><styleUrl>#point</styleUrl><Point><altitudeMode>clampToGround</altitudeMode><coordinates>-52.702603312209249,47.474811812862754,0</coordinates></Point></Placemark><Placemark><styleUrl>#point</styleUrl><Point><altitudeMode>clampToGround</altitudeMode><coordinates>-52.702662320807576,47.475099312141538,0</coordinates></Point></Placemark><Placemark><styleUrl>#point</styleUrl><Point><altitudeMode>clampToGround</altitudeMode><coordinates>-52.702682688832283,47.475198721513152,0</coordinates></Point></Placemark><Placemark><styleUrl>#point</styleUrl><Point><altitudeMode>clampToGround</altitudeMode><coordinates>-52.702721664682031,47.47538672760129,0</coordinates></Point></Placemark><Placemark><styleUrl>#point</styleUrl><Point><altitudeMode>clampToGround</altitudeMode><coordinates>-52.702766675502062,47.475621420890093,0</coordinates></Point></Placemark><Placemark><styleUrl>#point</styleUrl><Point><altitudeMode>clampToGround</altitudeMode><coordinates>-52.702795760706067,47.475773133337498,0</coordinates></Point></Placemark><Placemark><styleUrl>#point</styleUrl><Point><altitudeMode>clampToGround</altitudeMode><coordinates>-52.702819313853979,47.475895173847675,0</coordinates></Point></Placemark><Placemark><styleUrl>#point</styleUrl><Point><altitudeMode>clampToGround</altitudeMode><coordinates>-52.702824762091041,47.475924510508776,0</coordinates></Point></Placemark><Placemark><styleUrl>#point</styleUrl><Point><altitudeMode>clampToGround</altitudeMode><coordinates>-52.702866503968835,47.476147804409266,0</coordinates></Point></Placemark><Placemark><styleUrl>#point</styleUrl><Point><altitudeMode>clampToGround</altitudeMode><coordinates>-52.702912017703056,47.476399261504412,0</coordinates></Point></Placemark><Placemark><styleUrl>#point</styleUrl><Point><altitudeMode>clampToGround</altitudeMode><coordinates>-52.702933140099049,47.476524990051985,0</coordinates></Point></Placemark><Placemark><styleUrl>#point</styleUrl><Point><altitudeMode>clampToGround</altitudeMode><coordinates>-52.702941102907062,47.476569078862667,0</coordinates></Point></Placemark><Placemark><styleUrl>#point</styleUrl><Point><altitudeMode>clampToGround</altitudeMode><coordinates>-52.702957782894373,47.476662117987871,0</coordinates></Point></Placemark><Placemark><styleUrl>#point</styleUrl><Point><altitudeMode>clampToGround</altitudeMode><coordinates>-52.70296641625464,47.476704278960824,0</coordinates></Point></Placemark><Placemark><styleUrl>#point</styleUrl><Point><altitudeMode>clampToGround</altitudeMode><coordinates>-52.702980833128095,47.476774770766497,0</coordinates></Point></Placemark><Placemark><styleUrl>#point</styleUrl><Point><altitudeMode>clampToGround</altitudeMode><coordinates>-52.702986029908061,47.476802011951804,0</coordinates></Point></Placemark><Placemark><styleUrl>#point</styleUrl><Point><altitudeMode>clampToGround</altitudeMode><coordinates>-52.703010672703385,47.476930506527424,0</coordinates></Point></Placemark><Placemark><styleUrl>#point</styleUrl><Point><altitudeMode>clampToGround</altitudeMode><coordinates>-52.703042775392532,47.477097390219569,0</coordinates></Point></Placemark><Placemark><styleUrl>#point</styleUrl><Point><altitudeMode>clampToGround</altitudeMode><coordinates>-52.703101364895701,47.477402994409204,0</coordinates></Point></Placemark><Placemark><styleUrl>#point</styleUrl><Point><altitudeMode>clampToGround</altitudeMode><coordinates>-52.703138161450624,47.477594437077641,0</coordinates></Point></Placemark><Placemark><styleUrl>#point</styleUrl><Point><altitudeMode>clampToGround</altitudeMode><coordinates>-52.703178562223911,47.477804739028215,0</coordinates></Point></Placemark><Placemark><styleUrl>#point</styleUrl><Point><altitudeMode>clampToGround</altitudeMode><coordinates>-52.703199097886682,47.477911775931716,0</coordinates></Point></Placemark><Placemark><styleUrl>#point</styleUrl><Point><altitudeMode>clampToGround</altitudeMode><coordinates>-52.703248718753457,47.478170022368431,0</coordinates></Point></Placemark><Placemark><styleUrl>#point</styleUrl><Point><altitudeMode>clampToGround</altitudeMode><coordinates>-52.703254837542772,47.478203130885959,0</coordinates></Point></Placemark><Placemark><styleUrl>#point</styleUrl><Point><altitudeMode>clampToGround</altitudeMode><coordinates>-52.703301692381501,47.478456683456898,0</coordinates></Point></Placemark><Placemark><styleUrl>#point</styleUrl><Point><altitudeMode>clampToGround</altitudeMode><coordinates>-52.703308314085007,47.478492390364408,0</coordinates></Point></Placemark><Placemark><styleUrl>#point</styleUrl><Point><altitudeMode>clampToGround</altitudeMode><coordinates>-52.703347122296691,47.47867913916707,0</coordinates></Point></Placemark><Placemark><styleUrl>#point</styleUrl><Point><altitudeMode>clampToGround</altitudeMode><coordinates>-52.703400263562799,47.478976277634501,0</coordinates></Point></Placemark><Placemark><styleUrl>#point</styleUrl><Point><altitudeMode>clampToGround</altitudeMode><coordinates>-52.703454410657287,47.47952152043581,0</coordinates></Point></Placemark><Placemark><styleUrl>#point</styleUrl><Point><altitudeMode>clampToGround</altitudeMode><coordinates>-52.703475868329406,47.479809438809752,0</coordinates></Point></Placemark><Placemark><styleUrl>#point</styleUrl><Point><altitudeMode>clampToGround</altitudeMode><coordinates>-52.703478131443262,47.479841122403741,0</coordinates></Point></Placemark><Placemark><styleUrl>#point</styleUrl><Point><altitudeMode>clampToGround</altitudeMode><coordinates>-52.703486094251275,47.480150414630771,0</coordinates></Point></Placemark><Placemark><styleUrl>#point</styleUrl><Point><altitudeMode>clampToGround</altitudeMode><coordinates>-52.703498331829906,47.480439422652125,0</coordinates></Point></Placemark><Placemark><styleUrl>#point</styleUrl><Point><altitudeMode>clampToGround</altitudeMode><coordinates>-52.703498499467969,47.480443110689521,0</coordinates></Point></Placemark><Placemark><styleUrl>#point</styleUrl><Point><altitudeMode>clampToGround</altitudeMode><coordinates>-52.703515430912375,47.480603959411383,0</coordinates></Point></Placemark><Placemark><styleUrl>#point</styleUrl><Point><altitudeMode>clampToGround</altitudeMode><coordinates>-52.70351953804493,47.480643102899194,0</coordinates></Point></Placemark><Placemark><styleUrl>#point</styleUrl><Point><altitudeMode>clampToGround</altitudeMode><coordinates>-52.703535128384829,47.480752235278487,0</coordinates></Point></Placemark><Placemark><styleUrl>#point</styleUrl><Point><altitudeMode>clampToGround</altitudeMode><coordinates>-52.703548623248935,47.480846364051104,0</coordinates></Point></Placemark><Placemark><styleUrl>#point</styleUrl><Point><altitudeMode>clampToGround</altitudeMode><coordinates>-52.70356890745461,47.480925573036075,0</coordinates></Point></Placemark><Placemark><styleUrl>#point</styleUrl><Point><altitudeMode>clampToGround</altitudeMode><coordinates>-52.703602015972137,47.481019031256437,0</coordinates></Point></Placemark><Placemark><styleUrl>#point</styleUrl><Point><altitudeMode>clampToGround</altitudeMode><coordinates>-52.703609894961119,47.481038477271795,0</coordinates></Point></Placemark><Placemark><styleUrl>#point</styleUrl><Point><altitudeMode>clampToGround</altitudeMode><coordinates>-52.703692708164454,47.481242911890149,0</coordinates></Point></Placemark><Placemark><styleUrl>#point</styleUrl><Point><altitudeMode>clampToGround</altitudeMode><coordinates>-52.703745597973466,47.481358498334885,0</coordinates></Point></Placemark><Placemark><styleUrl>#point</styleUrl><Point><altitudeMode>clampToGround</altitudeMode><coordinates>-52.703806534409523,47.481470480561256,0</coordinates></Point></Placemark><Placemark><styleUrl>#point</styleUrl><Point><altitudeMode>clampToGround</altitudeMode><coordinates>-52.70397936925292,47.481773402541876,0</coordinates></Point></Placemark><Placemark><styleUrl>#point</styleUrl><Point><altitudeMode>clampToGround</altitudeMode><coordinates>-52.704042820259929,47.481889994814992,0</coordinates></Point></Placemark><Placemark><styleUrl>#point</styleUrl><Point><altitudeMode>clampToGround</altitudeMode><coordinates>-52.704102331772447,47.48200717382133,0</coordinates></Point></Placemark><Placemark><styleUrl>#point</styleUrl><Point><altitudeMode>clampToGround</altitudeMode><coordinates>-52.70415036007762,47.482125358656049,0</coordinates></Point></Placemark><Placemark><styleUrl>#point</styleUrl><Point><altitudeMode>clampToGround</altitudeMode><coordinates>-52.704184139147401,47.48226810246706,0</coordinates></Point></Placemark><Placemark><styleUrl>#point</styleUrl><Point><altitudeMode>clampToGround</altitudeMode><coordinates>-52.704187324270606,47.482282016426325,0</coordinates></Point></Placemark><Placemark><styleUrl>#point</styleUrl><Point><altitudeMode>clampToGround</altitudeMode><coordinates>-52.704191096127033,47.48235116712749,0</coordinates></Point></Placemark><Placemark><styleUrl>#point</styleUrl><Point><altitudeMode>clampToGround</altitudeMode><coordinates>-52.704189587384462,47.482457784935832,0</coordinates></Point></Placemark><Placemark><styleUrl>#point</styleUrl><Point><altitudeMode>clampToGround</altitudeMode><coordinates>-52.704179864376783,47.482666494324803,0</coordinates></Point></Placemark><Placemark><styleUrl>#point</styleUrl><Point><altitudeMode>clampToGround</altitudeMode><coordinates>-52.704136362299323,47.482953993603587,0</coordinates></Point></Placemark><Placemark><styleUrl>#point</styleUrl><Point><altitudeMode>clampToGround</altitudeMode><coordinates>-52.704100487753749,47.483204193413258,0</coordinates></Point></Placemark><Placemark><styleUrl>#point</styleUrl><Point><altitudeMode>clampToGround</altitudeMode><coordinates>-52.704093027859926,47.483317097648978,0</coordinates></Point></Placemark><Placemark><styleUrl>#point</styleUrl><Point><altitudeMode>clampToGround</altitudeMode><coordinates>-52.704091016203165,47.483420027419925,0</coordinates></Point></Placemark><Placemark><styleUrl>#point</styleUrl><Point><altitudeMode>clampToGround</altitudeMode><coordinates>-52.704092776402831,47.483507366850972,0</coordinates></Point></Placemark><Placemark><styleUrl>#point</styleUrl><Point><altitudeMode>clampToGround</altitudeMode><coordinates>-52.704105516895652,47.483604764565825,0</coordinates></Point></Placemark><Placemark><styleUrl>#point</styleUrl><Point><altitudeMode>clampToGround</altitudeMode><coordinates>-52.704145079478621,47.483792519196868,0</coordinates></Point></Placemark><Placemark><styleUrl>#point</styleUrl><Point><altitudeMode>clampToGround</altitudeMode><coordinates>-52.704192772507668,47.483951859176159,0</coordinates></Point></Placemark><Placemark><styleUrl>#point</styleUrl><Point><altitudeMode>clampToGround</altitudeMode><coordinates>-52.704278016462922,47.484217984601855,0</coordinates></Point></Placemark><Placemark><styleUrl>#point</styleUrl><Point><altitudeMode>clampToGround</altitudeMode><coordinates>-52.704351861029863,47.48444689437747,0</coordinates></Point></Placemark><Placemark><styleUrl>#point</styleUrl><Point><altitudeMode>clampToGround</altitudeMode><coordinates>-52.704420424997807,47.484706733375788,0</coordinates></Point></Placemark><Placemark><styleUrl>#point</styleUrl><Point><altitudeMode>clampToGround</altitudeMode><coordinates>-52.70449778996408,47.48503128066659,0</coordinates></Point></Placemark><Placemark><styleUrl>#point</styleUrl><Point><altitudeMode>clampToGround</altitudeMode><coordinates>-52.704539196565747,47.485247030854225,0</coordinates></Point></Placemark><Placemark><styleUrl>#point</styleUrl><Point><altitudeMode>clampToGround</altitudeMode><coordinates>-52.704569790512323,47.485406622290611,0</coordinates></Point></Placemark><Placemark><styleUrl>#point</styleUrl><Point><altitudeMode>clampToGround</altitudeMode><coordinates>-52.704684287309647,47.486110115423799,0</coordinates></Point></Placemark><Placemark><styleUrl>#point</styleUrl><Point><altitudeMode>clampToGround</altitudeMode><coordinates>-52.704721922054887,47.48624942265451,0</coordinates></Point></Placemark><Placemark><styleUrl>#point</styleUrl><Point><altitudeMode>clampToGround</altitudeMode><coordinates>-52.704770201817155,47.486388562247157,0</coordinates></Point></Placemark><Placemark><styleUrl>#point</styleUrl><Point><altitudeMode>clampToGround</altitudeMode><coordinates>-52.704850668087602,47.486576484516263,0</coordinates></Point></Placemark><Placemark><styleUrl>#point</styleUrl><Point><altitudeMode>clampToGround</altitudeMode><coordinates>-52.704925937578082,47.486827773973346,0</coordinates></Point></Placemark><Placemark><styleUrl>#point</styleUrl><Point><altitudeMode>clampToGround</altitudeMode><coordinates>-52.704976899549365,47.487066490575671,0</coordinates></Point></Placemark><Placemark><styleUrl>#point</styleUrl><Point><altitudeMode>clampToGround</altitudeMode><coordinates>-52.705049570649862,47.487610895186663,0</coordinates></Point></Placemark><Placemark><styleUrl>#point</styleUrl><Point><altitudeMode>clampToGround</altitudeMode><coordinates>-52.705106232315302,47.488155299797654,0</coordinates></Point></Placemark><Placemark><styleUrl>#point</styleUrl><Point><altitudeMode>clampToGround</altitudeMode><coordinates>-52.705237325280905,47.489588940516114,0</coordinates></Point></Placemark><Placemark><styleUrl>#point</styleUrl><Point><altitudeMode>clampToGround</altitudeMode><coordinates>-52.705312008038163,47.490419838577509,0</coordinates></Point></Placemark><Placemark><styleUrl>#point</styleUrl><Point><altitudeMode>clampToGround</altitudeMode><coordinates>-52.705324497073889,47.490842621773481,0</coordinates></Point></Placemark><Placemark><styleUrl>#point</styleUrl><Point><altitudeMode>clampToGround</altitudeMode><coordinates>-52.705302117392421,47.491270937025547,0</coordinates></Point></Placemark><Placemark><styleUrl>#point</styleUrl><Point><altitudeMode>clampToGround</altitudeMode><coordinates>-52.705251406878233,47.492086160928011,0</coordinates></Point></Placemark><Placemark><styleUrl>#point</styleUrl><Point><altitudeMode>clampToGround</altitudeMode><coordinates>-52.705226009711623,47.49250827357173,0</coordinates></Point></Placemark><Placemark><styleUrl>#point</styleUrl><Point><altitudeMode>clampToGround</altitudeMode><coordinates>-52.70517110824585,47.492952095344663,0</coordinates></Point></Placemark><Placemark><styleUrl>#point</styleUrl><Point><altitudeMode>clampToGround</altitudeMode><coordinates>-52.705123163759708,47.493309332057834,0</coordinates></Point></Placemark><Placemark><styleUrl>#point</styleUrl><Point><altitudeMode>clampToGround</altitudeMode><coordinates>-52.705053929239511,47.493666484951973,0</coordinates></Point></Placemark><Placemark><styleUrl>#point</styleUrl><Point><altitudeMode>clampToGround</altitudeMode><coordinates>-52.704976564273238,47.494040066376328,0</coordinates></Point></Placemark><Placemark><styleUrl>#point</styleUrl><Point><altitudeMode>clampToGround</altitudeMode><coordinates>-52.704877825453877,47.494373666122556,0</coordinates></Point></Placemark><Placemark><styleUrl>#point</styleUrl><Point><altitudeMode>clampToGround</altitudeMode><coordinates>-52.704777577891946,47.494737859815359,0</coordinates></Point></Placemark><Placemark><styleUrl>#point</styleUrl><Point><altitudeMode>clampToGround</altitudeMode><coordinates>-52.704666685312986,47.495094761252403,0</coordinates></Point></Placemark><Placemark><styleUrl>#point</styleUrl><Point><altitudeMode>clampToGround</altitudeMode><coordinates>-52.7045329939574,47.495458116754889,0</coordinates></Point></Placemark><Placemark><styleUrl>#point</styleUrl><Point><altitudeMode>clampToGround</altitudeMode><coordinates>-52.704383209347725,47.495821304619312,0</coordinates></Point></Placemark><Placemark><styleUrl>#point</styleUrl><Point><altitudeMode>clampToGround</altitudeMode><coordinates>-52.704297127202153,47.496017776429653,0</coordinates></Point></Placemark><Placemark><styleUrl>#point</styleUrl><Point><altitudeMode>clampToGround</altitudeMode><coordinates>-52.704229904338717,47.496171332895756,0</coordinates></Point></Placemark><Placemark><styleUrl>#point</styleUrl><Point><altitudeMode>clampToGround</altitudeMode><coordinates>-52.703799577429891,47.496948838233948,0</coordinates></Point></Placemark><Placemark><styleUrl>#point</styleUrl><Point><altitudeMode>clampToGround</altitudeMode><coordinates>-52.703555328771472,47.497390061616898,0</coordinates></Point></Placemark><Placemark><styleUrl>#point</styleUrl><Point><altitudeMode>clampToGround</altitudeMode><coordinates>-52.703324658796191,47.497806809842587,0</coordinates></Point></Placemark><Placemark><styleUrl>#point</styleUrl><Point><altitudeMode>clampToGround</altitudeMode><coordinates>-52.703014109283686,47.498367894440889,0</coordinates></Point></Placemark><Placemark><styleUrl>#point</styleUrl><Point><altitudeMode>clampToGround</altitudeMode><coordinates>-52.702453276142478,47.499446226283908,0</coordinates></Point></Placemark><Placemark><styleUrl>#point</styleUrl><Point><altitudeMode>clampToGround</altitudeMode><coordinates>-52.70192957483232,47.500732596963644,0</coordinates></Point></Placemark><Placemark><styleUrl>#point</styleUrl><Point><altitudeMode>clampToGround</altitudeMode><coordinates>-52.699248120188713,47.50725363381207,0</coordinates></Point></Placemark><Placemark><styleUrl>#point</styleUrl><Point><altitudeMode>clampToGround</altitudeMode><coordinates>-52.698767920956016,47.507886970415711,0</coordinates></Point></Placemark><Placemark><styleUrl>#point</styleUrl><Point><altitudeMode>clampToGround</altitudeMode><coordinates>-52.698326613754034,47.508571520447731,0</coordinates></Point></Placemark><Placemark><styleUrl>#point</styleUrl><Point><altitudeMode>clampToGround</altitudeMode><coordinates>-52.698254194110632,47.508705630898476,0</coordinates></Point></Placemark><Placemark><styleUrl>#point</styleUrl><Point><altitudeMode>clampToGround</altitudeMode><coordinates>-52.698191162198782,47.50886170193553,0</coordinates></Point></Placemark><Placemark><styleUrl>#point</styleUrl><Point><altitudeMode>clampToGround</altitudeMode><coordinates>-52.698163166642189,47.508964212611318,0</coordinates></Point></Placemark><Placemark><styleUrl>#point</styleUrl><Point><altitudeMode>clampToGround</altitudeMode><coordinates>-52.698151515796781,47.509068315848708,0</coordinates></Point></Placemark><Placemark><styleUrl>#point</styleUrl><Point><altitudeMode>clampToGround</altitudeMode><coordinates>-52.698142128065228,47.509144088253379,0</coordinates></Point></Placemark><Placemark><styleUrl>#point</styleUrl><Point><altitudeMode>clampToGround</altitudeMode><coordinates>-52.698146821931005,47.509218184277415,0</coordinates></Point></Placemark><Placemark><styleUrl>#point</styleUrl><Point><altitudeMode>clampToGround</altitudeMode><coordinates>-52.698156209662557,47.509287586435676,0</coordinates></Point></Placemark><Placemark><styleUrl>#point</styleUrl><Point><altitudeMode>clampToGround</altitudeMode><coordinates>-52.69817691296339,47.509357575327158,0</coordinates></Point></Placemark><Placemark><styleUrl>#point</styleUrl><Point><altitudeMode>clampToGround</altitudeMode><coordinates>-52.698216894641519,47.50941532664001,0</coordinates></Point></Placemark><Placemark><styleUrl>#point</styleUrl><Point><altitudeMode>clampToGround</altitudeMode><coordinates>-52.698268191888928,47.509473664686084,0</coordinates></Point></Placemark></Folder><Placemark><name>[C1 EB] One-way - St. John's NL (TCH to Blackhead Rd via Petty Harbour Maddox Cove)</name><Style><LineStyle><color>ff600060</color><width>4</width></LineStyle></Style><MultiGeometry><LineString><coordinates>-52.866026787087321,47.491351822391152,0 -52.865570560097694,47.491967473179102,0 -52.865486573427916,47.492093285545707,0 -52.865019533783197,47.492792503908277,0 -52.864847201853991,47.493006410077214,0 -52.864726670086384,47.49314739368856,0 -52.864558612927794,47.493305979296565,0 -52.864278741180897,47.493517035618424,0 -52.86406341008842,47.493642177432775,0 -52.863804996013641,47.493757009506226,0 -52.863531159237027,47.493850886821747,0 -52.863153303042054,47.493975274264812,0 -52.862986838445067,47.494053393602371,0 -52.862814506515861,47.494193539023399,0 -52.862642174586654,47.494295295327902,0 -52.862545279785991,47.494322117418051,0 -52.862448468804359,47.494332259520888,0 -52.862320309504867,47.494324380531907,0 -52.862104475498199,47.494289595633745,0 -52.862068014219403,47.494270987808704,0 -52.861978327855468,47.494243159890175,0 -52.861880511045456,47.494234191253781,0 -52.861783029511571,47.494244920089841,0 -52.861694432795048,47.49427417293191,0 -52.861638190224767,47.494307113811374,0 -52.861594101414084,47.494347514584661,0 -52.86145118996501,47.494434770196676,0 -52.861290676519275,47.494507106021047,0 -52.861146004870534,47.49457080848515,0 -52.860976187512279,47.494681281968951,0 -52.860856577754021,47.494779098778963,0 -52.860699333250523,47.494974732398987,0 -52.860655328258872,47.49512979760766,0 -52.859503906220198,47.49689863063395,0 -52.858892865478992,47.497837068513036,0 -52.858856236562133,47.49789347872138,0 -52.858659597113729,47.498198915272951,0 -52.858577370643616,47.498379712924361,0 -52.85847058519721,47.498615914955735,0 -52.858037995174527,47.499572290107608,0 -52.857953840866685,47.49973607249558,0 -52.856785571202636,47.501478167250752,0 -52.856587003916502,47.50171503983438,0 -52.856345940381289,47.50195006839931,0 -52.856084005907178,47.502147629857063,0 -52.854867791756988,47.502890517935157,0 -52.854567216709256,47.503086067736149,0 -52.854288937523961,47.503301315009594,0 -52.853846373036504,47.503689397126436,0 -52.853755513206124,47.503751087933779,0 -52.853649565950036,47.503797607496381,0 -52.853543115779757,47.503826860338449,0 -52.851978214457631,47.504234472289681,0 -52.851853827014565,47.504254085943103,0 -52.851743437349796,47.504261964932084,0 -52.851652912795544,47.504258779808879,0 -52.85153791308403,47.504249224439263,0 -52.851421488448977,47.504229275509715,0 -52.851272793486714,47.504189880564809,0 -52.847886001691222,47.503175502642989,0 -52.847780473530293,47.503150524571538,0 -52.847686177119613,47.503133425489068,0 -52.847549971193075,47.503134766593575,0 -52.847419381141663,47.503150021657348,0 -52.847310584038496,47.503171227872372,0 -52.8420140594244,47.50421829521656,0 -52.84189629368484,47.503928700461984,0 -52.832099189981818,47.50586693175137,0 -52.83196977339685,47.505887718871236,0 -52.831892827525735,47.505896100774407,0 -52.831797273829579,47.505891909822822,0 -52.831686297431588,47.505877325311303,0 -52.830013269558549,47.505575576797128,0 -52.829856192693114,47.505552694201469,0 -52.829800704494119,47.505540205165744,0 -52.829739097505808,47.505529811605811,0 -52.829665169119835,47.50552142970264,0 -52.829464925453067,47.505519418045878,0 -52.829360067844391,47.505527716130018,0 -52.829267699271441,47.505540205165744,0 -52.82917533069849,47.505554705858231,0 -52.829079777002335,47.505579683929682,0 -52.829002663493156,47.50560256652534,0 -52.828925717622042,47.505623437464237,0 -52.828851789236069,47.505635926499963,0 -52.828755732625723,47.505648583173752,0 -52.828757660463452,47.505684290081263,0 -52.828759923577309,47.505729636177421,0 -52.82871994189918,47.505730977281928,0 -52.828652383759618,47.505727875977755,0 -52.828587675467134,47.505718404427171,0 -52.828522967174649,47.505710273981094,0 -52.828488601371646,47.50569342635572,0 -52.828414337709546,47.505674986168742,0 -52.828333703801036,47.505666604265571,0 -52.828241167590022,47.505664424970746,0 -52.828144859522581,47.505674064159393,0 -52.828050730749965,47.505705412477255,0 -52.827991470694542,47.505742041394114,0 -52.827950902283192,47.505777832120657,0 -52.827912177890539,47.50582586042583,0 -52.827886026352644,47.505886293947697,0 -52.827823162078857,47.505971202626824,0 -52.827762393280864,47.50603741966188,0 -52.827738923951983,47.506061224266887,0 -52.82771922647953,47.506081340834498,0 -52.827661139890552,47.506129536777735,0 -52.827579081058502,47.506179912015796,0 -52.82749492675066,47.50623238272965,0 -52.826708117499948,47.506713503971696,0 -52.826637541875243,47.506757760420442,0 -52.82652891241014,47.506824396550655,0 -52.826403938233852,47.506893631070852,0 -52.826324226334691,47.506937719881535,0 -52.826276114210486,47.506964290514588,0 -52.826008228585124,47.507111392915249,0 -52.825572034344077,47.507369136437774,0 -52.82546466216445,47.507423032075167,0 -52.825404731556773,47.507447004318237,0 -52.8253532666713,47.507468210533261,0 -52.825287887826562,47.507484890520573,0 -52.825260562822223,47.507491763681173,0 -52.825195686891675,47.507502408698201,0 -52.825132235884666,47.50750626437366,0 -52.825007680803537,47.507495284080505,0 -52.824964262545109,47.507487488910556,0 -52.824919670820236,47.507484136149287,0 -52.824833504855633,47.507490506395698,0 -52.82475370913744,47.507513472810388,0 -52.824687073007226,47.507551023736596,0 -52.824639296159148,47.507599890232086,0 -52.824581963941455,47.507655210793018,0 -52.824529493227601,47.507703993469477,0 -52.824465371668339,47.507752859964967,0 -52.824415834620595,47.507785465568304,0 -52.824341990053654,47.507827039808035,0 -52.824226403608918,47.507914379239082,0 -52.824156079441309,47.507943212985992,0 -52.823601868003607,47.508176732808352,0 -52.823408916592598,47.508213529363275,0 -52.823330378159881,47.508224677294493,0 -52.823267430067062,47.508230460807681,0 -52.823228118941188,47.508232723921537,0 -52.823176318779588,47.508231718093157,0 -52.823080932721496,47.508229119703174,0 -52.823044303804636,47.508223420009017,0 -52.822996359318495,47.508219899609685,0 -52.822958305478096,47.508221324533224,0 -52.822921006008983,47.508226186037064,0 -52.822884963825345,47.508234484121203,0 -52.8228510171175,47.508246134966612,0 -52.822819668799639,47.50826071947813,0 -52.822791673243046,47.508278237655759,0 -52.822767617180943,47.508298102766275,0 -52.822747668251395,47.508316710591316,0 -52.822727635502815,47.508345795795321,0 -52.822719002142549,47.508371695876122,0 -52.822710704058409,47.508398182690144,0 -52.82269611954689,47.508429531008005,0 -52.82265848480165,47.508526425808668,0 -52.822634261101484,47.508576968684793,0 -52.822605092078447,47.508617788553238,0 -52.822521775960922,47.508728262037039,0 -52.822464611381292,47.508806800469756,0 -52.822408871725202,47.508917525410652,0 -52.822318598628044,47.509034536778927,0 -52.822201503440738,47.509191110730171,0 -52.822055825963616,47.509402334690094,0 -52.821862706914544,47.509348606690764,0 -52.821514271199703,47.509253472089767,0 -52.821138594299555,47.50909186899662,0 -52.821085872128606,47.509051216766238,0 -52.820988390594721,47.508975863456726,0 -52.820881186053157,47.508838232606649,0 -52.820437112823129,47.507923515513539,0 -52.820089599117637,47.507219016551971,0 -52.819815007969737,47.506667068228126,0 -52.819699086248875,47.506566569209099,0 -52.819560701027513,47.506385101005435,0 -52.819288540631533,47.506261803209782,0 -52.819067677482963,47.506176559254527,0 -52.819003975018859,47.506152000278234,0 -52.818147428333759,47.505928287282586,0 -52.817265065386891,47.5056978687644,0 -52.816982762888074,47.505986373871565,0 -52.816730802878737,47.506122328341007,0 -52.816298380494118,47.506355596706271,0 -52.815977605059743,47.506497586145997,0 -52.815836621448398,47.506530778482556,0 -52.815659679472446,47.50651971437037,0 -52.815472930669785,47.506497586145997,0 -52.815341921523213,47.506454084068537,0 -52.815127680078149,47.506354171782732,0 -52.814222685992718,47.50563626177609,0 -52.813969887793064,47.505454793572426,0 -52.813695464283228,47.505306266248226,0 -52.81305156648159,47.504993369802833,0 -52.812181105837226,47.504663038998842,0 -52.811251804232597,47.504308484494686,0 -52.810098621994257,47.503881258890033,0 -52.80782469548285,47.503038961440325,0 -52.807700475677848,47.502952963113785,0 -52.807646663859487,47.502855313941836,0 -52.807621685788035,47.502754898741841,0 -52.807672480121255,47.502568233758211,0 -52.8084696829319,47.501438185572624,0 -52.808521315455437,47.501252610236406,0 -52.808774281293154,47.500760676339269,0 -52.808949211612344,47.500577783212066,0 -52.809101259335876,47.500217109918594,0 -52.80929253436625,47.499788627028465,0 -52.809276441112161,47.499630963429809,0 -52.809815900400281,47.49840309843421,0 -52.810135083273053,47.497728522866964,0 -52.810233402997255,47.497648475691676,0 -52.810396766290069,47.497316300868988,0 -52.810621485114098,47.496788827702403,0 -52.810718715190887,47.496539633721113,0 -52.810748387128115,47.496426729485393,0 -52.810765989124775,47.496313825249672,0 -52.81080286949873,47.495960528030992,0 -52.810817873105407,47.495815102010965,0 -52.810933962464333,47.495152596384287,0 -52.811046196147799,47.494618836790323,0 -52.81114200130105,47.494355058297515,0 -52.811182234436274,47.494261935353279,0 -52.811218779534101,47.494180714711547,0 -52.811246523633599,47.494124304503202,0 -52.81127099879086,47.494079293683171,0 -52.811298072338104,47.494034366682172,0 -52.811349537223577,47.49395607970655,0 -52.811193633824587,47.493903525173664,0 -52.811077460646629,47.493864381685853,0 -52.810666998848319,47.493711663410068,0 -52.81038117595017,47.493571517989039,0 -52.810267433524132,47.493515610694885,0 -52.810136005282402,47.493451992049813,0 -52.809885302558541,47.493313103914261,0 -52.809075275436044,47.492897529155016,0 -52.808176400139928,47.492424286901951,0 -52.806830601766706,47.491729175671935,0 -52.806322909891605,47.491466905921698,0 -52.806053264066577,47.491341177374125,0 -52.805772637948394,47.491223830729723,0 -52.805498717352748,47.49112207442522,0 -52.805224377661943,47.491027107462287,0 -52.804948193952441,47.490943623706698,0 -52.804658934473991,47.490870365872979,0 -52.804353497922421,47.49080297537148,0 -52.804046301171184,47.490740362554789,0 -52.80391663312912,47.490718318149447,0 -52.803504075855017,47.490642964839935,0 -52.80306838452816,47.490587560459971,0 -52.802889766171575,47.490569287911057,0 -52.802369920536876,47.49053567647934,0 -52.8017314709723,47.490504076704383,0 -52.801146497949958,47.490474069491029,0 -52.800559680908918,47.490446409210563,0 -52.799580087885261,47.490400308743119,0 -52.798596723005176,47.490353286266327,0 -52.797613106667995,47.490305677056313,0 -52.79711295850575,47.490284135565162,0 -52.796685816720128,47.49026158824563,0 -52.796397730708122,47.490248596295714,0 -52.793737901374698,47.490069139748812,0 -52.792582958936691,47.489989260211587,0 -52.791433213278651,47.489922204986215,0 -52.788483202457428,47.489751717075706,0 -52.785612987354398,47.48954082839191,0 -52.782886521890759,47.489358521997929,0 -52.778635639697313,47.489044284448028,0 -52.77697317302227,47.48892174102366,0 -52.772625563666224,47.488602977246046,0 -52.767666662111878,47.48821179382503,0 -52.767937816679478,47.484896499663591,0 -52.768245683982968,47.481198823079467,0 -52.768398486077785,47.479349775239825,0 -52.768578194081783,47.477504331618547,0 -52.768645333126187,47.477123625576496,0 -52.769187139347196,47.474823128432035,0 -52.769455276429653,47.473671790212393,0 -52.769757611677051,47.472595386207104,0 -52.769753085449338,47.472426323220134,0 -52.769986437633634,47.471436420455575,0 -52.770265387371182,47.470276029780507,0 -52.770809791982174,47.467982405796647,0 -52.770941304042935,47.466816483065486,0 -52.770992182195187,47.465683165937662,0 -52.771088825538754,47.465258873999119,0 -52.771195275709033,47.464904403313994,0 -52.771243639290333,47.464594859629869,0 -52.771335588768125,47.464239802211523,0 -52.771427035331726,47.463920786976814,0 -52.771481601521373,47.463730098679662,0 -52.771544465795159,47.463510576635599,0 -52.771662818267941,47.463097516447306,0 -52.771750912070274,47.462758971378207,0 -52.771770106628537,47.462627794593573,0 -52.77177806943655,47.462488235905766,0 -52.771733226254582,47.461729673668742,0 -52.771424688398838,47.461682064458728,0 -52.770444676280022,47.461425997316837,0 -52.767819631844759,47.460682773962617,0 -52.766622025519609,47.46034380979836,0 -52.765783835202456,47.460097884759307,0 -52.764310631901026,47.459659008309245,0 -52.764112064614892,47.459606118500233,0 -52.763917688280344,47.459566639736295,0 -52.763794893398881,47.459548283368349,0 -52.763680312782526,47.459535459056497,0 -52.763358782976866,47.459523975849152,0 -52.763018812984228,47.459518779069185,0 -52.76273449882865,47.45950193144381,0 -52.762465104460716,47.459471672773361,0 -52.762051038444042,47.459406796842813,0 -52.761661615222692,47.459337813779712,0 -52.761374870315194,47.459267908707261,0 -52.761082174256444,47.459181407466531,0 -52.760941106826067,47.459124913439155,0 -52.76078780181706,47.459049727767706,0 -52.760360240936279,47.458845293149352,0 -52.759932596236467,47.458640858530998,0 -52.759801587089896,47.45858620852232,0 -52.759655239060521,47.458531390875578,0 -52.759491875767708,47.458479758352041,0 -52.759319292381406,47.458430305123329,0 -52.759095160290599,47.458388982340693,0 -52.758834064006805,47.458345564082265,0 -52.758562322705984,47.45831212028861,0 -52.758278092369437,47.458282699808478,0 -52.75796796195209,47.458258140832186,0 -52.757630171254277,47.45823978446424,0 -52.757241670042276,47.458229893818498,0 -52.756905471906066,47.4582314863801,0 -52.756658373400569,47.458242634311318,0 -52.756405239924788,47.458258811384439,0 -52.755901739001274,47.458295607939363,0 -52.755775423720479,47.458297619596124,0 -52.75564600713551,47.458297619596124,0 -52.755511896684766,47.458290159702301,0 -52.755374768748879,47.458274569362402,0 -52.755119288340211,47.458225870504975,0 -52.754830531775951,47.458147499710321,0 -52.753771394491196,47.457860670983791,0 -52.753591602668166,47.457822533324361,0 -52.753350203856826,47.457795292139053,0 -52.753117941319942,47.457775259390473,0 -52.752821473404765,47.457758411765099,0 -52.752531124278903,47.457751790061593,0 -52.751697627827525,47.457736115902662,0 -52.750251330435276,47.457710886374116,0 -52.749884622171521,47.457702839747071,0 -52.749700387939811,47.457701163366437,0 -52.749533923342824,47.45770426467061,0 -52.749336529523134,47.457710467278957,0 -52.749163275584579,47.457725135609508,0 -52.748805116862059,47.457762770354748,0 -52.747786967083812,47.4578757584095,0 -52.747113229706883,47.457948764786124,0 -52.746748616918921,47.457988327369094,0 -52.745734993368387,47.458107015118003,0 -52.745580933988094,47.458119504153728,0 -52.74546392261982,47.458125790581107,0 -52.745322100818157,47.458123695105314,0 -52.745208106935024,47.458111206069589,0 -52.744906190782785,47.458071559667587,0 -52.74458491243422,47.458015820011497,0 -52.743955515325069,47.45793778449297,0 -52.74288791231811,47.457847176119685,0 -52.742594797164202,47.457824293524027,0 -52.742047039791942,47.45777509175241,0 -52.741651833057404,47.457748018205166,0 -52.74129543453455,47.457742318511009,0 -52.741085886955261,47.457748102024198,0 -52.740867203101516,47.457764111459255,0 -52.740642735734582,47.45779219083488,0 -52.74037878960371,47.457836028188467,0 -52.740231268107891,47.457866370677948,0 -52.740029683336616,47.457900485023856,0 -52.739885430783033,47.457922864705324,0 -52.739607403054833,47.457962594926357,0 -52.739405399188399,47.457992769777775,0 -52.739334488287568,47.458009198307991,0 -52.739271707832813,47.458027470856905,0 -52.739211358129978,47.458050269633532,0 -52.739156540483236,47.458073236048222,0 -52.739075822755694,47.458128808066249,0 -52.739012874662876,47.458192594349384,0 -52.738920506089926,47.458298960700631,0 -52.738744486123323,47.458530971780419,0 -52.738583805039525,47.458698023110628,0 -52.7384745888412,47.45879047550261,0 -52.738362522795796,47.458863817155361,0 -52.738223383203149,47.458920814096928,0 -52.738101091235876,47.458948474377394,0 -52.738019535318017,47.458958700299263,0 -52.737933620810509,47.458954509347677,0 -52.737842509523034,47.458936739712954,0 -52.737713512033224,47.458904469385743,0 -52.736616740003228,47.458512866869569,0 -52.736257910728455,47.45836291462183,0 -52.735862284898758,47.458227127790451,0 -52.735462132841349,47.458107098937035,0 -52.734684878960252,47.457876512780786,0 -52.734327558428049,47.457785485312343,0 -52.733992282301188,47.457716418430209,0 -52.73373881354928,47.457664366811514,0 -52.733468078076839,47.457601921632886,0 -52.733153840526938,47.457526819780469,0 -52.732916884124279,47.457484407350421,0 -52.73267213255167,47.45744476094842,0 -52.732423525303602,47.457432439550757,0 -52.732221269980073,47.457446772605181,0 -52.732065031304955,47.457471415400505,0 -52.731902673840523,47.457509636878967,0 -52.731707710772753,47.45755665935576,0 -52.731454409658909,47.457593539729714,0 -52.731265062466264,47.457611477002501,0 -52.731038499623537,47.45762312784791,0 -52.730793664231896,47.457610387355089,0 -52.730400888249278,47.457566298544407,0 -52.729734862223268,47.457467224448919,0 -52.729322388768196,47.457412909716368,0 -52.729050479829311,47.457376532256603,0 -52.728859372437,47.457367731258273,0 -52.728649573400617,47.457372676581144,0 -52.728539099916816,47.457383740693331,0 -52.728401133790612,47.457406874746084,0 -52.728277333080769,47.457434618845582,0 -52.72817088291049,47.457471415400505,0 -52.728022858500481,47.457536123692989,0 -52.727704513818026,47.45770082809031,0 -52.726931367069483,47.458117660135031,0 -52.726488802582026,47.458350006490946,0 -52.726104995235801,47.458578329533339,0 -52.725777011364698,47.458820482715964,0 -52.725459923967719,47.459064060822129,0 -52.725311731919646,47.459175623953342,0 -52.72516873665154,47.459287522360682,0 -52.725084833800793,47.459375280886889,0 -52.725018113851547,47.4594662245363,0 -52.724969917908311,47.459561275318265,0 -52.724928092211485,47.459657331928611,0 -52.724883165210485,47.459813989698887,0 -52.724845530465245,47.45997198857367,0 -52.724825162440538,47.460117163136601,0 -52.724813427776098,47.460262672975659,0 -52.724815607070923,47.460387898609042,0 -52.724826922640204,47.460514297708869,0 -52.724835807457566,47.460606079548597,0 -52.724849386140704,47.460698029026389,0 -52.724906718358397,47.460960131138563,0 -52.724963128566742,47.46117009781301,0 -52.725010318681598,47.461353493854403,0 -52.72502850741148,47.4614486284554,0 -52.725030686706305,47.461541835218668,0 -52.725028926506639,47.461625402793288,0 -52.72502020932734,47.461708886548877,0 -52.725004116073251,47.461805362254381,0 -52.724973689764738,47.461900999769568,0 -52.724853325635195,47.462220769375563,0 -52.724793311208487,47.462379774078727,0 -52.724746624007821,47.462541125714779,0 -52.724697170779109,47.462738184258342,0 -52.724679401144385,47.46287589892745,0 -52.724680406972766,47.463103886693716,0 -52.724693734198809,47.463331874459982,0 -52.724702032282948,47.463559191673994,0 -52.724695159122348,47.463658098131418,0 -52.724681664258242,47.463757004588842,0 -52.724637910723686,47.463880637660623,0 -52.724612262099981,47.463943669572473,0 -52.724510841071606,47.464122036471963,0 -52.724406570196152,47.464282969012856,0 -52.724295593798161,47.464442560449243,0 -52.724238932132721,47.464515063911676,0 -52.724174810573459,47.46458706445992,0 -52.72406592965126,47.464684881269932,0 -52.723988564684987,47.464742381125689,0 -52.723899967968464,47.46479912661016,0 -52.723691593855619,47.464911276474595,0 -52.723581036552787,47.46497506275773,0 -52.723484141752124,47.465041531249881,0 -52.723247604444623,47.465213192626834,0 -52.723012827336788,47.465357864275575,0 -52.722696494311094,47.465525502339005,0 -52.722396003082395,47.465672940015793,0 -52.722104396671057,47.465785341337323,0 -52.721940111368895,47.465830268338323,0 -52.721687816083431,47.465877206996083,0 -52.721451865509152,47.465900089591742,0 -52.721254723146558,47.465909225866199,0 -52.721064370125532,47.465899838134646,0 -52.720871167257428,47.465873938053846,0 -52.720331288874149,47.465784922242165,0 -52.720028702169657,47.465732283890247,0 -52.719676326960325,47.465677130967379,0 -52.719605583697557,47.465664809569716,0 -52.719121361151338,47.465580403804779,0 -52.719082133844495,47.46557361446321,0 -52.71879849024117,47.465527765452862,0 -52.718479223549366,47.465480826795101,0 -52.718366486951709,47.465470684692264,0 -52.718332540243864,47.465469595044851,0 -52.718263389542699,47.465467331930995,0 -52.718175295740366,47.465468673035502,0 -52.718074126169086,47.465469595044851,0 -52.718049231916666,47.465469762682915,0 -52.717928113415837,47.465480491518974,0 -52.717784279957414,47.465500105172396,0 -52.717668358236551,47.46552768163383,0 -52.717481860890985,47.465572105720639,0 -52.717199390754104,47.465639412403107,0 -52.716838633641601,47.465721471235156,0 -52.716596983373165,47.465769164264202,0 -52.716461783275008,47.465789783746004,0 -52.716318536549807,47.465802691876888,0 -52.71620680578053,47.465805960819125,0 -52.716087531298399,47.465799674391747,0 -52.715989714488387,47.465785592794418,0 -52.715903799980879,47.465770086273551,0 -52.715791733935475,47.465738318860531,0 -52.715687798336148,47.465700600296259,0 -52.715600710362196,47.465657098218799,0 -52.715093102306128,47.465348476544023,0 -52.714922782033682,47.465244960039854,0 -52.714808033779263,47.465181509032845,0 -52.714746426790953,47.465147478505969,0 -52.714681634679437,47.46511428616941,0 -52.714568981900811,47.46505661867559,0 -52.714390279725194,47.464958969503641,0 -52.714279219508171,47.464898200705647,0 -52.714263629168272,47.464889734983444,0 -52.714194981381297,47.464852184057236,0 -52.714120298624039,47.464798875153065,0 -52.714074114337564,47.464763335883617,0 -52.714036898687482,47.464735172688961,0 -52.713981913402677,47.464683372527361,0 -52.713900189846754,47.464593602344394,0 -52.713874625042081,47.464565522968769,0 -52.713866494596004,47.464555716142058,0 -52.713817711919546,47.464496791362762,0 -52.713760631158948,47.464427724480629,0 -52.713739760220051,47.464401321485639,0 -52.713702460750937,47.464354131370783,0 -52.713680667802691,47.464326387271285,0 -52.713587628677487,47.464208286255598,0 -52.713477658107877,47.464093202725053,0 -52.713442035019398,47.464064033702016,0 -52.713387804105878,47.464019693434238,0 -52.713293926790357,47.463956326246262,0 -52.713124109432101,47.463878039270639,0 -52.713106339797378,47.463870998471975,0 -52.713092425838113,47.463865466415882,0 -52.712980611249804,47.463821293786168,0 -52.712730914354324,47.463732361793518,0 -52.712515164166689,47.463650135323405,0 -52.712423885241151,47.463613087311387,0 -52.71237451583147,47.4635917134583,0 -52.712323805317283,47.463569836691022,0 -52.712241159752011,47.463525328785181,0 -52.712164130061865,47.463480485603213,0 -52.712068324908614,47.463442767038941,0 -52.712019039317966,47.463423404842615,0 -52.711979560554028,47.463413933292031,0 -52.711942428722978,47.463404880836606,0 -52.711912924423814,47.463400522246957,0 -52.711878810077906,47.463395493105054,0 -52.711813179776073,47.463385770097375,0 -52.711727768182755,47.463374119251966,0 -52.711603129282594,47.46337722055614,0 -52.711525009945035,47.463389625772834,0 -52.71150128915906,47.463396918028593,0 -52.71147346124053,47.463405383750796,0 -52.711423086002469,47.463438240811229,0 -52.711385535076261,47.463481575250626,0 -52.711375476792455,47.46350429020822,0 -52.711343122646213,47.463578218594193,0 -52.711317306384444,47.463636975735426,0 -52.711300291121006,47.463675700128078,0 -52.711271205917001,47.463742168620229,0 -52.711208928376436,47.463864460587502,0 -52.711182525381446,47.46390980668366,0 -52.711138101294637,47.463985998183489,0 -52.711110860109329,47.46402321383357,0 -52.711087558418512,47.464051293209195,0 -52.711057718843222,47.464081300422549,0 -52.711019581183791,47.464110134169459,0 -52.710971469059587,47.464141566306353,0 -52.710913717746735,47.464164365082979,0 -52.710508201271296,47.464284561574459,0 -52.710394626483321,47.46432269923389,0 -52.710089441388845,47.464406182989478,0 -52.709760786965489,47.464523697271943,0 -52.709599602967501,47.464581364765763,0 -52.709262985736132,47.464712960645556,0 -52.709099873900414,47.46477666310966,0 -52.708863504230976,47.464849082753062,0 -52.708831569179893,47.464858889579773,0 -52.708692932501435,47.464896691963077,0 -52.708571227267385,47.464929800480604,0 -52.708390764892101,47.46499165892601,0 -52.708211224526167,47.465056199580431,0 -52.708031265065074,47.465074136853218,0 -52.707909308373928,47.465075897052884,0 -52.707849713042378,47.465076819062233,0 -52.707827417179942,47.465076902881265,0 -52.707599429413676,47.465077908709645,0 -52.707521058619022,47.46507816016674,0 -52.707284186035395,47.465076986700296,0 -52.707080002874136,47.465075980871916,0 -52.706955699250102,47.465074639767408,0 -52.706857714802027,47.465073466300964,0 -52.706734333187342,47.465070197358727,0 -52.70661111921072,47.465066928416491,0 -52.706402326002717,47.465061563998461,0 -52.706170817837119,47.465054104104638,0 -52.705941908061504,47.465034741908312,0 -52.705921959131956,47.465032394975424,0 -52.705751890316606,47.465012613683939,0 -52.705494482070208,47.464971039444208,0 -52.705233218148351,47.464931225404143,0 -52.705148896202445,47.464918820187449,0 -52.705059377476573,47.464911276474595,0 -52.704933732748032,47.464913371950388,0 -52.704813620075583,47.464928459376097,0 -52.704747822135687,47.464949665591121,0 -52.704679928719997,47.464975733309984,0 -52.704619327560067,47.465000627562404,0 -52.70460968837142,47.465006913989782,0 -52.704527797177434,47.465063072741032,0 -52.704454036429524,47.465113615617156,0 -52.704427214339375,47.46513188816607,0 -52.704334929585457,47.465191734954715,0 -52.704326715320349,47.465197015553713,0 -52.704243315383792,47.465237164869905,0 -52.704139295965433,47.465273961424828,0 -52.704046927392483,47.465294329449534,0 -52.703940561041236,47.465306399390101,0 -52.703577373176813,47.465333640575409,0 -52.703424403443933,47.465357780456543,0 -52.70334561355412,47.465379908680916,0 -52.703314935788512,47.465388458222151,0 -52.703188620507717,47.465445706620812,0 -52.703076805919409,47.465524580329657,0 -52.70299038849771,47.465616865083575,0 -52.702984940260649,47.465622816234827,0 -52.702941941097379,47.465679477900267,0 -52.702928865328431,47.465702360495925,0 -52.702909670770168,47.465736223384738,0 -52.702885195612907,47.465804368257523,0 -52.702879579737782,47.465872513130307,0 -52.702879160642624,47.465944513678551,0 -52.702884105965495,47.466016514226794,0 -52.70289022475481,47.4660524725914,0 -52.702912269160151,47.466183733195066,0 -52.702922914177179,47.466246765106916,0 -52.702966583892703,47.466461509466171,0 -52.702969769015908,47.46647709980607,0 -52.702995417639613,47.466589501127601,0 -52.703013941645622,47.466717576608062,0 -52.703033974394202,47.466942798346281,0 -52.703059706836939,47.46711378917098,0 -52.703081667423248,47.467186208814383,0 -52.703109160065651,47.467258628457785,0 -52.703168084844947,47.467373795807362,0 -52.703210832551122,47.467441018670797,0 -52.703249389305711,47.467498099431396,0 -52.703258693218231,47.467508912086487,0 -52.703390624374151,47.467661714181304,0 -52.703573266044259,47.467837985605001,0 -52.703653564676642,47.467903783544898,0 -52.703753896057606,47.467962373048067,0 -52.7038958016783,47.468024482950568,0 -52.704043071717024,47.468075612559915,0 -52.704143235459924,47.468115761876106,0 -52.704243399202824,47.46815599501133,0 -52.704323278740048,47.46819362975657,0 -52.704397877678275,47.468233024701476,0 -52.704484881833196,47.46827912516892,0 -52.704491838812828,47.468284824863076,0 -52.704549338668585,47.468333188444376,0 -52.704609101638198,47.468393789604306,0 -52.704657968133688,47.468453636392951,0 -52.704730303958058,47.468557823449373,0 -52.704800879582763,47.46865002438426,0 -52.704884111881256,47.468748679384589,0 -52.704984610900283,47.468988904729486,0 -52.705047558993101,47.469176491722465,0 -52.705101873725653,47.469373466446996,0 -52.705134898424149,47.46951780281961,0 -52.70516918040812,47.469659373164177,0 -52.7051598764956,47.469739504158497,0 -52.705157278105617,47.469815108925104,0 -52.705144118517637,47.469888534396887,0 -52.705125510692596,47.469961876049638,0 -52.705037919804454,47.470179302617908,0 -52.704929374158382,47.470420198515058,0 -52.704871203750372,47.470539221540093,0 -52.704769866541028,47.470761593431234,0 -52.704695519059896,47.470981199294329,0 -52.70464631728828,47.471147831529379,0 -52.70459895953536,47.471323432400823,0 -52.704543387517333,47.471448238939047,0 -52.704484630376101,47.471559634432197,0 -52.70444649271667,47.471619313582778,0 -52.704420424997807,47.471660217270255,0 -52.704368121922016,47.471734900027514,0 -52.704299725592136,47.471807822585106,0 -52.704264689236879,47.471840595826507,0 -52.704146672040224,47.471950901672244,0 -52.704089172184467,47.471992308273911,0 -52.703965287655592,47.47208165936172,0 -52.703684661537409,47.47225558385253,0 -52.703435383737087,47.472396986559033,0 -52.703389031812549,47.472423305734992,0 -52.702992567792535,47.472648024559021,0 -52.702690567821264,47.472842819988728,0 -52.702597109600902,47.472937200218439,0 -52.702526282519102,47.47303836978972,0 -52.702436931431293,47.473194189369678,0 -52.702390998601913,47.473293766379356,0 -52.702372726052999,47.473401390016079,0 -52.702366104349494,47.473488813266158,0 -52.702366188168526,47.473527621477842,0 -52.702371971681714,47.473625103011727,0 -52.702392423525453,47.473766002804041,0 -52.702443301677704,47.474027182906866,0 -52.702512871474028,47.474367991089821,0 -52.702519660815597,47.474401015788317,0 -52.702532317489386,47.474466226994991,0 -52.702603312209249,47.474811812862754,0 -52.702662320807576,47.475099312141538,0 -52.702682688832283,47.475198721513152,0 -52.702721664682031,47.47538672760129,0 -52.702766675502062,47.475621420890093,0 -52.702795760706067,47.475773133337498,0 -52.702819313853979,47.475895173847675,0 -52.702824762091041,47.475924510508776,0 -52.702866503968835,47.476147804409266,0 -52.702912017703056,47.476399261504412,0 -52.702933140099049,47.476524990051985,0 -52.702941102907062,47.476569078862667,0 -52.702957782894373,47.476662117987871,0 -52.70296641625464,47.476704278960824,0 -52.702980833128095,47.476774770766497,0 -52.702986029908061,47.476802011951804,0 -52.703010672703385,47.476930506527424,0 -52.703042775392532,47.477097390219569,0 -52.703101364895701,47.477402994409204,0 -52.703138161450624,47.477594437077641,0 -52.703178562223911,47.477804739028215,0 -52.703199097886682,47.477911775931716,0 -52.703248718753457,47.478170022368431,0 -52.703254837542772,47.478203130885959,0 -52.703301692381501,47.478456683456898,0 -52.703308314085007,47.478492390364408,0 -52.703347122296691,47.47867913916707,0 -52.703400263562799,47.478976277634501,0 -52.703454410657287,47.47952152043581,0 -52.703475868329406,47.479809438809752,0 -52.703478131443262,47.479841122403741,0 -52.703486094251275,47.480150414630771,0 -52.703498331829906,47.480439422652125,0 -52.703498499467969,47.480443110689521,0 -52.703515430912375,47.480603959411383,0 -52.70351953804493,47.480643102899194,0 -52.703535128384829,47.480752235278487,0 -52.703548623248935,47.480846364051104,0 -52.70356890745461,47.480925573036075,0 -52.703602015972137,47.481019031256437,0 -52.703609894961119,47.481038477271795,0 -52.703692708164454,47.481242911890149,0 -52.703745597973466,47.481358498334885,0 -52.703806534409523,47.481470480561256,0 -52.70397936925292,47.481773402541876,0 -52.704042820259929,47.481889994814992,0 -52.704102331772447,47.48200717382133,0 -52.70415036007762,47.482125358656049,0 -52.704184139147401,47.48226810246706,0 -52.704187324270606,47.482282016426325,0 -52.704191096127033,47.48235116712749,0 -52.704189587384462,47.482457784935832,0 -52.704179864376783,47.482666494324803,0 -52.704136362299323,47.482953993603587,0 -52.704100487753749,47.483204193413258,0 -52.704093027859926,47.483317097648978,0 -52.704091016203165,47.483420027419925,0 -52.704092776402831,47.483507366850972,0 -52.704105516895652,47.483604764565825,0 -52.704145079478621,47.483792519196868,0 -52.704192772507668,47.483951859176159,0 -52.704278016462922,47.484217984601855,0 -52.704351861029863,47.48444689437747,0 -52.704420424997807,47.484706733375788,0 -52.70449778996408,47.48503128066659,0 -52.704539196565747,47.485247030854225,0 -52.704569790512323,47.485406622290611,0 -52.704684287309647,47.486110115423799,0 -52.704721922054887,47.48624942265451,0 -52.704770201817155,47.486388562247157,0 -52.704850668087602,47.486576484516263,0 -52.704925937578082,47.486827773973346,0 -52.704976899549365,47.487066490575671,0 -52.705049570649862,47.487610895186663,0 -52.705106232315302,47.488155299797654,0 -52.705237325280905,47.489588940516114,0 -52.705312008038163,47.490419838577509,0 -52.705324497073889,47.490842621773481,0 -52.705302117392421,47.491270937025547,0 -52.705251406878233,47.492086160928011,0 -52.705226009711623,47.49250827357173,0 -52.70517110824585,47.492952095344663,0 -52.705123163759708,47.493309332057834,0 -52.705053929239511,47.493666484951973,0 -52.704976564273238,47.494040066376328,0 -52.704877825453877,47.494373666122556,0 -52.704777577891946,47.494737859815359,0 -52.704666685312986,47.495094761252403,0 -52.7045329939574,47.495458116754889,0 -52.704383209347725,47.495821304619312,0 -52.704297127202153,47.496017776429653,0 -52.704229904338717,47.496171332895756,0 -52.703799577429891,47.496948838233948,0 -52.703555328771472,47.497390061616898,0 -52.703324658796191,47.497806809842587,0 -52.703014109283686,47.498367894440889,0 -52.702453276142478,47.499446226283908,0 -52.70192957483232,47.500732596963644,0 -52.699248120188713,47.50725363381207,0 -52.698767920956016,47.507886970415711,0 -52.698326613754034,47.508571520447731,0 -52.698254194110632,47.508705630898476,0 -52.698191162198782,47.50886170193553,0 -52.698163166642189,47.508964212611318,0 -52.698151515796781,47.509068315848708,0 -52.698142128065228,47.509144088253379,0 -52.698146821931005,47.509218184277415,0 -52.698156209662557,47.509287586435676,0 -52.69817691296339,47.509357575327158,0 -52.698216894641519,47.50941532664001,0 -52.698268191888928,47.509473664686084,0 </coordinates></LineString></MultiGeometry></Placemark></Folder><Folder><name>[C1 WB] One-way - St. John's NL (Temperance St to Trans-Canada Highway Westbound)</name><Folder><name>Points</name><Style><ListStyle><listItemType>checkHideChildren</listItemType></ListStyle></Style><Placemark><Style><IconStyle><scale>0.9</scale><Icon><href>http://connect.garmin.com/image/main/icons/kml/grn-play.png</href></Icon></IconStyle></Style><Point><altitudeMode>clampToGround</altitudeMode><coordinates>-52.697389433160424,47.570877559483051,0</coordinates></Point></Placemark><Placemark><styleUrl>#point</styleUrl><Point><altitudeMode>clampToGround</altitudeMode><coordinates>-52.697801822796464,47.571555068716407,0</coordinates></Point></Placemark><Placemark><styleUrl>#point</styleUrl><Point><altitudeMode>clampToGround</altitudeMode><coordinates>-52.697860077023506,47.57164316251874,0</coordinates></Point></Placemark><Placemark><styleUrl>#point</styleUrl><Point><altitudeMode>clampToGround</altitudeMode><coordinates>-52.698009693995118,47.571606617420912,0</coordinates></Point></Placemark><Placemark><styleUrl>#point</styleUrl><Point><altitudeMode>clampToGround</altitudeMode><coordinates>-52.698100470006466,47.571577364578843,0</coordinates></Point></Placemark><Placemark><styleUrl>#point</styleUrl><Point><altitudeMode>clampToGround</altitudeMode><coordinates>-52.698347233235836,47.571472590789199,0</coordinates></Point></Placemark><Placemark><styleUrl>#point</styleUrl><Point><altitudeMode>clampToGround</altitudeMode><coordinates>-52.698644287884235,47.571345018222928,0</coordinates></Point></Placemark><Placemark><styleUrl>#point</styleUrl><Point><altitudeMode>clampToGround</altitudeMode><coordinates>-52.698994735255837,47.571190791204572,0</coordinates></Point></Placemark><Placemark><styleUrl>#point</styleUrl><Point><altitudeMode>clampToGround</altitudeMode><coordinates>-52.699279803782701,47.571067661046982,0</coordinates></Point></Placemark><Placemark><styleUrl>#point</styleUrl><Point><altitudeMode>clampToGround</altitudeMode><coordinates>-52.699584234505892,47.570932880043983,0</coordinates></Point></Placemark><Placemark><styleUrl>#point</styleUrl><Point><altitudeMode>clampToGround</altitudeMode><coordinates>-52.699690517038107,47.570898933336139,0</coordinates></Point></Placemark><Placemark><styleUrl>#point</styleUrl><Point><altitudeMode>clampToGround</altitudeMode><coordinates>-52.699824711307883,47.570905471220613,0</coordinates></Point></Placemark><Placemark><styleUrl>#point</styleUrl><Point><altitudeMode>clampToGround</altitudeMode><coordinates>-52.700269538909197,47.570652337744832,0</coordinates></Point></Placemark><Placemark><styleUrl>#point</styleUrl><Point><altitudeMode>clampToGround</altitudeMode><coordinates>-52.700325027108192,47.570618223398924,0</coordinates></Point></Placemark><Placemark><styleUrl>#point</styleUrl><Point><altitudeMode>clampToGround</altitudeMode><coordinates>-52.700457628816366,47.570562232285738,0</coordinates></Point></Placemark><Placemark><styleUrl>#point</styleUrl><Point><altitudeMode>clampToGround</altitudeMode><coordinates>-52.700514039024711,47.570613026618958,0</coordinates></Point></Placemark><Placemark><styleUrl>#point</styleUrl><Point><altitudeMode>clampToGround</altitudeMode><coordinates>-52.700872868299484,47.570888204500079,0</coordinates></Point></Placemark><Placemark><styleUrl>#point</styleUrl><Point><altitudeMode>clampToGround</altitudeMode><coordinates>-52.701076800003648,47.571042599156499,0</coordinates></Point></Placemark><Placemark><styleUrl>#point</styleUrl><Point><altitudeMode>clampToGround</altitudeMode><coordinates>-52.701184675097466,47.571116276085377,0</coordinates></Point></Placemark><Placemark><styleUrl>#point</styleUrl><Point><altitudeMode>clampToGround</altitudeMode><coordinates>-52.701253490522504,47.571131363511086,0</coordinates></Point></Placemark><Placemark><styleUrl>#point</styleUrl><Point><altitudeMode>clampToGround</altitudeMode><coordinates>-52.701323395594954,47.57116774097085,0</coordinates></Point></Placemark><Placemark><styleUrl>#point</styleUrl><Point><altitudeMode>clampToGround</altitudeMode><coordinates>-52.701373938471079,47.571191126480699,0</coordinates></Point></Placemark><Placemark><styleUrl>#point</styleUrl><Point><altitudeMode>clampToGround</altitudeMode><coordinates>-52.701426241546869,47.57121023721993,0</coordinates></Point></Placemark><Placemark><styleUrl>#point</styleUrl><Point><altitudeMode>clampToGround</altitudeMode><coordinates>-52.701513078063726,47.571232197806239,0</coordinates></Point></Placemark><Placemark><styleUrl>#point</styleUrl><Point><altitudeMode>clampToGround</altitudeMode><coordinates>-52.701544677838683,47.571235802024603,0</coordinates></Point></Placemark><Placemark><styleUrl>#point</styleUrl><Point><altitudeMode>clampToGround</altitudeMode><coordinates>-52.701569320634007,47.571238484233618,0</coordinates></Point></Placemark><Placemark><styleUrl>#point</styleUrl><Point><altitudeMode>clampToGround</altitudeMode><coordinates>-52.701725978404284,47.571234628558159,0</coordinates></Point></Placemark><Placemark><styleUrl>#point</styleUrl><Point><altitudeMode>clampToGround</altitudeMode><coordinates>-52.701951283961535,47.571250218898058,0</coordinates></Point></Placemark><Placemark><styleUrl>#point</styleUrl><Point><altitudeMode>clampToGround</altitudeMode><coordinates>-52.702853428199887,47.571286177262664,0</coordinates></Point></Placemark><Placemark><styleUrl>#point</styleUrl><Point><altitudeMode>clampToGround</altitudeMode><coordinates>-52.70309248007834,47.571297492831945,0</coordinates></Point></Placemark><Placemark><styleUrl>#point</styleUrl><Point><altitudeMode>clampToGround</altitudeMode><coordinates>-52.703932011500001,47.571336971595883,0</coordinates></Point></Placemark><Placemark><styleUrl>#point</styleUrl><Point><altitudeMode>clampToGround</altitudeMode><coordinates>-52.70432822406292,47.571309730410576,0</coordinates></Point></Placemark><Placemark><styleUrl>#point</styleUrl><Point><altitudeMode>clampToGround</altitudeMode><coordinates>-52.704617818817496,47.57127670571208,0</coordinates></Point></Placemark><Placemark><styleUrl>#point</styleUrl><Point><altitudeMode>clampToGround</altitudeMode><coordinates>-52.704881513491273,47.571247033774853,0</coordinates></Point></Placemark><Placemark><styleUrl>#point</styleUrl><Point><altitudeMode>clampToGround</altitudeMode><coordinates>-52.705143867060542,47.571215936914086,0</coordinates></Point></Placemark><Placemark><styleUrl>#point</styleUrl><Point><altitudeMode>clampToGround</altitudeMode><coordinates>-52.705292981117964,47.571180900558829,0</coordinates></Point></Placemark><Placemark><styleUrl>#point</styleUrl><Point><altitudeMode>clampToGround</altitudeMode><coordinates>-52.705458104610443,47.571120969951153,0</coordinates></Point></Placemark><Placemark><styleUrl>#point</styleUrl><Point><altitudeMode>clampToGround</altitudeMode><coordinates>-52.705653319135308,47.571031367406249,0</coordinates></Point></Placemark><Placemark><styleUrl>#point</styleUrl><Point><altitudeMode>clampToGround</altitudeMode><coordinates>-52.705832691863179,47.570932460948825,0</coordinates></Point></Placemark><Placemark><styleUrl>#point</styleUrl><Point><altitudeMode>clampToGround</altitudeMode><coordinates>-52.705873679369688,47.57089558057487,0</coordinates></Point></Placemark><Placemark><styleUrl>#point</styleUrl><Point><altitudeMode>clampToGround</altitudeMode><coordinates>-52.706076940521598,47.570751830935478,0</coordinates></Point></Placemark><Placemark><styleUrl>#point</styleUrl><Point><altitudeMode>clampToGround</altitudeMode><coordinates>-52.706224378198385,47.570658540353179,0</coordinates></Point></Placemark><Placemark><styleUrl>#point</styleUrl><Point><altitudeMode>clampToGround</altitudeMode><coordinates>-52.706347005441785,47.570590395480394,0</coordinates></Point></Placemark><Placemark><styleUrl>#point</styleUrl><Point><altitudeMode>clampToGround</altitudeMode><coordinates>-52.706691417843103,47.57039912045002,0</coordinates></Point></Placemark><Placemark><styleUrl>#point</styleUrl><Point><altitudeMode>clampToGround</altitudeMode><coordinates>-52.707026526331902,47.570097371935844,0</coordinates></Point></Placemark><Placemark><styleUrl>#point</styleUrl><Point><altitudeMode>clampToGround</altitudeMode><coordinates>-52.70730840973556,47.56980249658227,0</coordinates></Point></Placemark><Placemark><styleUrl>#point</styleUrl><Point><altitudeMode>clampToGround</altitudeMode><coordinates>-52.707669921219349,47.569421119987965,0</coordinates></Point></Placemark><Placemark><styleUrl>#point</styleUrl><Point><altitudeMode>clampToGround</altitudeMode><coordinates>-52.707710573449731,47.569374684244394,0</coordinates></Point></Placemark><Placemark><styleUrl>#point</styleUrl><Point><altitudeMode>clampToGround</altitudeMode><coordinates>-52.707751393318176,47.569333277642727,0</coordinates></Point></Placemark><Placemark><styleUrl>#point</styleUrl><Point><altitudeMode>clampToGround</altitudeMode><coordinates>-52.707825070247054,47.569264210760593,0</coordinates></Point></Placemark><Placemark><styleUrl>#point</styleUrl><Point><altitudeMode>clampToGround</altitudeMode><coordinates>-52.70821038633585,47.568831704556942,0</coordinates></Point></Placemark><Placemark><styleUrl>#point</styleUrl><Point><altitudeMode>clampToGround</altitudeMode><coordinates>-52.708278195932508,47.568756518885493,0</coordinates></Point></Placemark><Placemark><styleUrl>#point</styleUrl><Point><altitudeMode>clampToGround</altitudeMode><coordinates>-52.708524540066719,47.568466169759631,0</coordinates></Point></Placemark><Placemark><styleUrl>#point</styleUrl><Point><altitudeMode>clampToGround</altitudeMode><coordinates>-52.708766525611281,47.568113040179014,0</coordinates></Point></Placemark><Placemark><styleUrl>#point</styleUrl><Point><altitudeMode>clampToGround</altitudeMode><coordinates>-52.709115296602249,47.567535359412432,0</coordinates></Point></Placemark><Placemark><styleUrl>#point</styleUrl><Point><altitudeMode>clampToGround</altitudeMode><coordinates>-52.709226692095399,47.567420694977045,0</coordinates></Point></Placemark><Placemark><styleUrl>#point</styleUrl><Point><altitudeMode>clampToGround</altitudeMode><coordinates>-52.709462810307741,47.567174602299929,0</coordinates></Point></Placemark><Placemark><styleUrl>#point</styleUrl><Point><altitudeMode>clampToGround</altitudeMode><coordinates>-52.709706388413906,47.567048789933324,0</coordinates></Point></Placemark><Placemark><styleUrl>#point</styleUrl><Point><altitudeMode>clampToGround</altitudeMode><coordinates>-52.709934040904045,47.566982991993427,0</coordinates></Point></Placemark><Placemark><styleUrl>#point</styleUrl><Point><altitudeMode>clampToGround</altitudeMode><coordinates>-52.710141660645604,47.566883582621813,0</coordinates></Point></Placemark><Placemark><styleUrl>#point</styleUrl><Point><altitudeMode>clampToGround</altitudeMode><coordinates>-52.710178541019559,47.566865980625153,0</coordinates></Point></Placemark><Placemark><styleUrl>#point</styleUrl><Point><altitudeMode>clampToGround</altitudeMode><coordinates>-52.710245763882995,47.566783502697945,0</coordinates></Point></Placemark><Placemark><styleUrl>#point</styleUrl><Point><altitudeMode>clampToGround</altitudeMode><coordinates>-52.71033251658082,47.566648302599788,0</coordinates></Point></Placemark><Placemark><styleUrl>#point</styleUrl><Point><altitudeMode>clampToGround</altitudeMode><coordinates>-52.710377192124724,47.566544115543365,0</coordinates></Point></Placemark><Placemark><styleUrl>#point</styleUrl><Point><altitudeMode>clampToGround</altitudeMode><coordinates>-52.710446007549763,47.566430708393455,0</coordinates></Point></Placemark><Placemark><styleUrl>#point</styleUrl><Point><altitudeMode>clampToGround</altitudeMode><coordinates>-52.710599983111024,47.56615393795073,0</coordinates></Point></Placemark><Placemark><styleUrl>#point</styleUrl><Point><altitudeMode>clampToGround</altitudeMode><coordinates>-52.710803914815187,47.565936679020524,0</coordinates></Point></Placemark><Placemark><styleUrl>#point</styleUrl><Point><altitudeMode>clampToGround</altitudeMode><coordinates>-52.711147237569094,47.565690502524376,0</coordinates></Point></Placemark><Placemark><styleUrl>#point</styleUrl><Point><altitudeMode>clampToGround</altitudeMode><coordinates>-52.711790883913636,47.565306862816215,0</coordinates></Point></Placemark><Placemark><styleUrl>#point</styleUrl><Point><altitudeMode>clampToGround</altitudeMode><coordinates>-52.712397985160351,47.564975610002875,0</coordinates></Point></Placemark><Placemark><styleUrl>#point</styleUrl><Point><altitudeMode>clampToGround</altitudeMode><coordinates>-52.712521869689226,47.56492062471807,0</coordinates></Point></Placemark><Placemark><styleUrl>#point</styleUrl><Point><altitudeMode>clampToGround</altitudeMode><coordinates>-52.712783385068178,47.564822975546122,0</coordinates></Point></Placemark><Placemark><styleUrl>#point</styleUrl><Point><altitudeMode>clampToGround</altitudeMode><coordinates>-52.713040290400386,47.56472515873611,0</coordinates></Point></Placemark><Placemark><styleUrl>#point</styleUrl><Point><altitudeMode>clampToGround</altitudeMode><coordinates>-52.713162833824754,47.564689787104726,0</coordinates></Point></Placemark><Placemark><styleUrl>#point</styleUrl><Point><altitudeMode>clampToGround</altitudeMode><coordinates>-52.713705813512206,47.564532961696386,0</coordinates></Point></Placemark><Placemark><styleUrl>#point</styleUrl><Point><altitudeMode>clampToGround</altitudeMode><coordinates>-52.713750908151269,47.564520640298724,0</coordinates></Point></Placemark><Placemark><styleUrl>#point</styleUrl><Point><altitudeMode>clampToGround</altitudeMode><coordinates>-52.714618518948555,47.564293406903744,0</coordinates></Point></Placemark><Placemark><styleUrl>#point</styleUrl><Point><altitudeMode>clampToGround</altitudeMode><coordinates>-52.714916998520494,47.56421553902328,0</coordinates></Point></Placemark><Placemark><styleUrl>#point</styleUrl><Point><altitudeMode>clampToGround</altitudeMode><coordinates>-52.715271636843681,47.564141862094402,0</coordinates></Point></Placemark><Placemark><styleUrl>#point</styleUrl><Point><altitudeMode>clampToGround</altitudeMode><coordinates>-52.715719398111105,47.564042620360851,0</coordinates></Point></Placemark><Placemark><styleUrl>#point</styleUrl><Point><altitudeMode>clampToGround</altitudeMode><coordinates>-52.716464130207896,47.563882526010275,0</coordinates></Point></Placemark><Placemark><styleUrl>#point</styleUrl><Point><altitudeMode>clampToGround</altitudeMode><coordinates>-52.716596899554133,47.563861990347505,0</coordinates></Point></Placemark><Placemark><styleUrl>#point</styleUrl><Point><altitudeMode>clampToGround</altitudeMode><coordinates>-52.716663535684347,47.563846986740828,0</coordinates></Point></Placemark><Placemark><styleUrl>#point</styleUrl><Point><altitudeMode>clampToGround</altitudeMode><coordinates>-52.71681759506464,47.56382167339325,0</coordinates></Point></Placemark><Placemark><styleUrl>#point</styleUrl><Point><altitudeMode>clampToGround</altitudeMode><coordinates>-52.716948101297021,47.563805328682065,0</coordinates></Point></Placemark><Placemark><styleUrl>#point</styleUrl><Point><altitudeMode>clampToGround</altitudeMode><coordinates>-52.717143483459949,47.563788816332817,0</coordinates></Point></Placemark><Placemark><styleUrl>#point</styleUrl><Point><altitudeMode>clampToGround</altitudeMode><coordinates>-52.717260327190161,47.563771214336157,0</coordinates></Point></Placemark><Placemark><styleUrl>#point</styleUrl><Point><altitudeMode>clampToGround</altitudeMode><coordinates>-52.717702807858586,47.563724862411618,0</coordinates></Point></Placemark><Placemark><styleUrl>#point</styleUrl><Point><altitudeMode>clampToGround</altitudeMode><coordinates>-52.717980332672596,47.563698878511786,0</coordinates></Point></Placemark><Placemark><styleUrl>#point</styleUrl><Point><altitudeMode>clampToGround</altitudeMode><coordinates>-52.71833480335772,47.563665099442005,0</coordinates></Point></Placemark><Placemark><styleUrl>#point</styleUrl><Point><altitudeMode>clampToGround</altitudeMode><coordinates>-52.718555079773068,47.56365361623466,0</coordinates></Point></Placemark><Placemark><styleUrl>#point</styleUrl><Point><altitudeMode>clampToGround</altitudeMode><coordinates>-52.718886835500598,47.563643725588918,0</coordinates></Point></Placemark><Placemark><styleUrl>#point</styleUrl><Point><altitudeMode>clampToGround</altitudeMode><coordinates>-52.719525033608079,47.563628805801272,0</coordinates></Point></Placemark><Placemark><styleUrl>#point</styleUrl><Point><altitudeMode>clampToGround</altitudeMode><coordinates>-52.719887970015407,47.563616903498769,0</coordinates></Point></Placemark><Placemark><styleUrl>#point</styleUrl><Point><altitudeMode>clampToGround</altitudeMode><coordinates>-52.720265658572316,47.563602570444345,0</coordinates></Point></Placemark><Placemark><styleUrl>#point</styleUrl><Point><altitudeMode>clampToGround</altitudeMode><coordinates>-52.720241099596024,47.563600474968553,0</coordinates></Point></Placemark><Placemark><styleUrl>#point</styleUrl><Point><altitudeMode>clampToGround</altitudeMode><coordinates>-52.721161097288132,47.563591087237,0</coordinates></Point></Placemark><Placemark><styleUrl>#point</styleUrl><Point><altitudeMode>clampToGround</altitudeMode><coordinates>-52.722032060846686,47.563597373664379,0</coordinates></Point></Placemark><Placemark><styleUrl>#point</styleUrl><Point><altitudeMode>clampToGround</altitudeMode><coordinates>-52.722328612580895,47.563586309552193,0</coordinates></Point></Placemark><Placemark><styleUrl>#point</styleUrl><Point><altitudeMode>clampToGround</altitudeMode><coordinates>-52.722452413290739,47.563578430563211,0</coordinates></Point></Placemark><Placemark><styleUrl>#point</styleUrl><Point><altitudeMode>clampToGround</altitudeMode><coordinates>-52.722606472671032,47.563572060316801,0</coordinates></Point></Placemark><Placemark><styleUrl>#point</styleUrl><Point><altitudeMode>clampToGround</altitudeMode><coordinates>-52.722748881205916,47.563561080023646,0</coordinates></Point></Placemark><Placemark><styleUrl>#point</styleUrl><Point><altitudeMode>clampToGround</altitudeMode><coordinates>-52.722884332761168,47.563546914607286,0</coordinates></Point></Placemark><Placemark><styleUrl>#point</styleUrl><Point><altitudeMode>clampToGround</altitudeMode><coordinates>-52.722973097115755,47.563534341752529,0</coordinates></Point></Placemark><Placemark><styleUrl>#point</styleUrl><Point><altitudeMode>clampToGround</altitudeMode><coordinates>-52.723458660766482,47.563428813591599,0</coordinates></Point></Placemark><Placemark><styleUrl>#point</styleUrl><Point><altitudeMode>clampToGround</altitudeMode><coordinates>-52.724199034273624,47.563241310417652,0</coordinates></Point></Placemark><Placemark><styleUrl>#point</styleUrl><Point><altitudeMode>clampToGround</altitudeMode><coordinates>-52.724703624844551,47.56313418969512,0</coordinates></Point></Placemark><Placemark><styleUrl>#point</styleUrl><Point><altitudeMode>clampToGround</altitudeMode><coordinates>-52.724899593740702,47.563112312927842,0</coordinates></Point></Placemark><Placemark><styleUrl>#point</styleUrl><Point><altitudeMode>clampToGround</altitudeMode><coordinates>-52.725011575967073,47.563114324584603,0</coordinates></Point></Placemark><Placemark><styleUrl>#point</styleUrl><Point><altitudeMode>clampToGround</altitudeMode><coordinates>-52.725378787145019,47.563158832490444,0</coordinates></Point></Placemark><Placemark><styleUrl>#point</styleUrl><Point><altitudeMode>clampToGround</altitudeMode><coordinates>-52.725478112697601,47.563169226050377,0</coordinates></Point></Placemark><Placemark><styleUrl>#point</styleUrl><Point><altitudeMode>clampToGround</altitudeMode><coordinates>-52.726226365193725,47.563274083659053,0</coordinates></Point></Placemark><Placemark><styleUrl>#point</styleUrl><Point><altitudeMode>clampToGround</altitudeMode><coordinates>-52.726483941078186,47.563286824151874,0</coordinates></Point></Placemark><Placemark><styleUrl>#point</styleUrl><Point><altitudeMode>clampToGround</altitudeMode><coordinates>-52.726714527234435,47.563290428370237,0</coordinates></Point></Placemark><Placemark><styleUrl>#point</styleUrl><Point><altitudeMode>clampToGround</altitudeMode><coordinates>-52.727631172165275,47.563255475834012,0</coordinates></Point></Placemark><Placemark><styleUrl>#point</styleUrl><Point><altitudeMode>clampToGround</altitudeMode><coordinates>-52.727895369753242,47.563242567703128,0</coordinates></Point></Placemark><Placemark><styleUrl>#point</styleUrl><Point><altitudeMode>clampToGround</altitudeMode><coordinates>-52.728205835446715,47.563209040090442,0</coordinates></Point></Placemark><Placemark><styleUrl>#point</styleUrl><Point><altitudeMode>clampToGround</altitudeMode><coordinates>-52.728553600609303,47.563173668459058,0</coordinates></Point></Placemark><Placemark><styleUrl>#point</styleUrl><Point><altitudeMode>clampToGround</altitudeMode><coordinates>-52.72909632883966,47.563120275735855,0</coordinates></Point></Placemark><Placemark><styleUrl>#point</styleUrl><Point><altitudeMode>clampToGround</altitudeMode><coordinates>-52.729726312682033,47.563054226338863,0</coordinates></Point></Placemark><Placemark><styleUrl>#point</styleUrl><Point><altitudeMode>clampToGround</altitudeMode><coordinates>-52.729920605197549,47.563037378713489,0</coordinates></Point></Placemark><Placemark><styleUrl>#point</styleUrl><Point><altitudeMode>clampToGround</altitudeMode><coordinates>-52.73011757992208,47.563028996810317,0</coordinates></Point></Placemark><Placemark><styleUrl>#point</styleUrl><Point><altitudeMode>clampToGround</altitudeMode><coordinates>-52.730197291821241,47.563029332086444,0</coordinates></Point></Placemark><Placemark><styleUrl>#point</styleUrl><Point><altitudeMode>clampToGround</altitudeMode><coordinates>-52.730306005105376,47.563033103942871,0</coordinates></Point></Placemark><Placemark><styleUrl>#point</styleUrl><Point><altitudeMode>clampToGround</altitudeMode><coordinates>-52.730443133041263,47.563041234388947,0</coordinates></Point></Placemark><Placemark><styleUrl>#point</styleUrl><Point><altitudeMode>clampToGround</altitudeMode><coordinates>-52.730693332850933,47.563073337078094,0</coordinates></Point></Placemark><Placemark><styleUrl>#point</styleUrl><Point><altitudeMode>clampToGround</altitudeMode><coordinates>-52.731098597869277,47.563138632103801,0</coordinates></Point></Placemark><Placemark><styleUrl>#point</styleUrl><Point><altitudeMode>clampToGround</altitudeMode><coordinates>-52.731187865138054,47.563148187473416,0</coordinates></Point></Placemark><Placemark><styleUrl>#point</styleUrl><Point><altitudeMode>clampToGround</altitudeMode><coordinates>-52.731493301689625,47.563180960714817,0</coordinates></Point></Placemark><Placemark><styleUrl>#point</styleUrl><Point><altitudeMode>clampToGround</altitudeMode><coordinates>-52.731760013848543,47.563209710642695,0</coordinates></Point></Placemark><Placemark><styleUrl>#point</styleUrl><Point><altitudeMode>clampToGround</altitudeMode><coordinates>-52.731898734346032,47.563220439478755,0</coordinates></Point></Placemark><Placemark><styleUrl>#point</styleUrl><Point><altitudeMode>clampToGround</altitudeMode><coordinates>-52.732040723785758,47.56322655826807,0</coordinates></Point></Placemark><Placemark><styleUrl>#point</styleUrl><Point><altitudeMode>clampToGround</altitudeMode><coordinates>-52.73259200155735,47.563228318467736,0</coordinates></Point></Placemark><Placemark><styleUrl>#point</styleUrl><Point><altitudeMode>clampToGround</altitudeMode><coordinates>-52.732901461422443,47.563224881887436,0</coordinates></Point></Placemark><Placemark><styleUrl>#point</styleUrl><Point><altitudeMode>clampToGround</altitudeMode><coordinates>-52.733695479109883,47.563209291547537,0</coordinates></Point></Placemark><Placemark><styleUrl>#point</styleUrl><Point><altitudeMode>clampToGround</altitudeMode><coordinates>-52.734909513965249,47.56318548694253,0</coordinates></Point></Placemark><Placemark><styleUrl>#point</styleUrl><Point><altitudeMode>clampToGround</altitudeMode><coordinates>-52.735525416210294,47.563170231878757,0</coordinates></Point></Placemark><Placemark><styleUrl>#point</styleUrl><Point><altitudeMode>clampToGround</altitudeMode><coordinates>-52.736827963963151,47.563172494992614,0</coordinates></Point></Placemark><Placemark><styleUrl>#point</styleUrl><Point><altitudeMode>clampToGround</altitudeMode><coordinates>-52.7374851051718,47.563186995685101,0</coordinates></Point></Placemark><Placemark><styleUrl>#point</styleUrl><Point><altitudeMode>clampToGround</altitudeMode><coordinates>-52.738094972446561,47.5632094591856,0</coordinates></Point></Placemark><Placemark><styleUrl>#point</styleUrl><Point><altitudeMode>clampToGround</altitudeMode><coordinates>-52.738726967945695,47.563279280439019,0</coordinates></Point></Placemark><Placemark><styleUrl>#point</styleUrl><Point><altitudeMode>clampToGround</altitudeMode><coordinates>-52.739401459693909,47.563336864113808,0</coordinates></Point></Placemark><Placemark><styleUrl>#point</styleUrl><Point><altitudeMode>clampToGround</altitudeMode><coordinates>-52.739574462175369,47.563353460282087,0</coordinates></Point></Placemark><Placemark><styleUrl>#point</styleUrl><Point><altitudeMode>clampToGround</altitudeMode><coordinates>-52.739819884300232,47.5633579865098,0</coordinates></Point></Placemark><Placemark><styleUrl>#point</styleUrl><Point><altitudeMode>clampToGround</altitudeMode><coordinates>-52.739925915375352,47.563351700082421,0</coordinates></Point></Placemark><Placemark><styleUrl>#point</styleUrl><Point><altitudeMode>clampToGround</altitudeMode><coordinates>-52.740078801289201,47.563331834971905,0</coordinates></Point></Placemark><Placemark><styleUrl>#point</styleUrl><Point><altitudeMode>clampToGround</altitudeMode><coordinates>-52.740376526489854,47.563263019546866,0</coordinates></Point></Placemark><Placemark><styleUrl>#point</styleUrl><Point><altitudeMode>clampToGround</altitudeMode><coordinates>-52.740878099575639,47.563125472515821,0</coordinates></Point></Placemark><Placemark><styleUrl>#point</styleUrl><Point><altitudeMode>clampToGround</altitudeMode><coordinates>-52.741461228579283,47.562952889129519,0</coordinates></Point></Placemark><Placemark><styleUrl>#point</styleUrl><Point><altitudeMode>clampToGround</altitudeMode><coordinates>-52.742162626236677,47.562743593007326,0</coordinates></Point></Placemark><Placemark><styleUrl>#point</styleUrl><Point><altitudeMode>clampToGround</altitudeMode><coordinates>-52.742412323132157,47.562701934948564,0</coordinates></Point></Placemark><Placemark><styleUrl>#point</styleUrl><Point><altitudeMode>clampToGround</altitudeMode><coordinates>-52.74284147657454,47.562587941065431,0</coordinates></Point></Placemark><Placemark><styleUrl>#point</styleUrl><Point><altitudeMode>clampToGround</altitudeMode><coordinates>-52.743238359689713,47.562455758452415,0</coordinates></Point></Placemark><Placemark><styleUrl>#point</styleUrl><Point><altitudeMode>clampToGround</altitudeMode><coordinates>-52.743481518700719,47.562367329373956,0</coordinates></Point></Placemark><Placemark><styleUrl>#point</styleUrl><Point><altitudeMode>clampToGround</altitudeMode><coordinates>-52.743611270561814,47.562319971621037,0</coordinates></Point></Placemark><Placemark><styleUrl>#point</styleUrl><Point><altitudeMode>clampToGround</altitudeMode><coordinates>-52.744232201948762,47.562046721577644,0</coordinates></Point></Placemark><Placemark><styleUrl>#point</styleUrl><Point><altitudeMode>clampToGround</altitudeMode><coordinates>-52.745145661756396,47.561645479872823,0</coordinates></Point></Placemark><Placemark><styleUrl>#point</styleUrl><Point><altitudeMode>clampToGround</altitudeMode><coordinates>-52.745772711932659,47.561398632824421,0</coordinates></Point></Placemark><Placemark><styleUrl>#point</styleUrl><Point><altitudeMode>clampToGround</altitudeMode><coordinates>-52.745845383033156,47.561365608125925,0</coordinates></Point></Placemark><Placemark><styleUrl>#point</styleUrl><Point><altitudeMode>clampToGround</altitudeMode><coordinates>-52.746003130450845,47.561297127977014,0</coordinates></Point></Placemark><Placemark><styleUrl>#point</styleUrl><Point><altitudeMode>clampToGround</altitudeMode><coordinates>-52.746178060770035,47.561218673363328,0</coordinates></Point></Placemark><Placemark><styleUrl>#point</styleUrl><Point><altitudeMode>clampToGround</altitudeMode><coordinates>-52.746278895065188,47.561178859323263,0</coordinates></Point></Placemark><Placemark><styleUrl>#point</styleUrl><Point><altitudeMode>clampToGround</altitudeMode><coordinates>-52.746341759338975,47.561214230954647,0</coordinates></Point></Placemark><Placemark><styleUrl>#point</styleUrl><Point><altitudeMode>clampToGround</altitudeMode><coordinates>-52.746508894488215,47.561168130487204,0</coordinates></Point></Placemark><Placemark><styleUrl>#point</styleUrl><Point><altitudeMode>clampToGround</altitudeMode><coordinates>-52.746619870886207,47.561135608702898,0</coordinates></Point></Placemark><Placemark><styleUrl>#point</styleUrl><Point><altitudeMode>clampToGround</altitudeMode><coordinates>-52.746733697131276,47.561105266213417,0</coordinates></Point></Placemark><Placemark><styleUrl>#point</styleUrl><Point><altitudeMode>clampToGround</altitudeMode><coordinates>-52.746865041553974,47.561074085533619,0</coordinates></Point></Placemark><Placemark><styleUrl>#point</styleUrl><Point><altitudeMode>clampToGround</altitudeMode><coordinates>-52.747020022943616,47.561038294807076,0</coordinates></Point></Placemark><Placemark><styleUrl>#point</styleUrl><Point><altitudeMode>clampToGround</altitudeMode><coordinates>-52.747159413993359,47.561006192117929,0</coordinates></Point></Placemark><Placemark><styleUrl>#point</styleUrl><Point><altitudeMode>clampToGround</altitudeMode><coordinates>-52.747298888862133,47.560978615656495,0</coordinates></Point></Placemark><Placemark><styleUrl>#point</styleUrl><Point><altitudeMode>clampToGround</altitudeMode><coordinates>-52.747438363730907,47.560954559594393,0</coordinates></Point></Placemark><Placemark><styleUrl>#point</styleUrl><Point><altitudeMode>clampToGround</altitudeMode><coordinates>-52.747614132240415,47.560927486047149,0</coordinates></Point></Placemark><Placemark><styleUrl>#point</styleUrl><Point><altitudeMode>clampToGround</altitudeMode><coordinates>-52.74782158434391,47.560888091102242,0</coordinates></Point></Placemark><Placemark><styleUrl>#point</styleUrl><Point><altitudeMode>clampToGround</altitudeMode><coordinates>-52.748031886294484,47.560841487720609,0</coordinates></Point></Placemark><Placemark><styleUrl>#point</styleUrl><Point><altitudeMode>clampToGround</altitudeMode><coordinates>-52.748309411108494,47.560770241543651,0</coordinates></Point></Placemark><Placemark><styleUrl>#point</styleUrl><Point><altitudeMode>clampToGround</altitudeMode><coordinates>-52.748565562069416,47.560684410855174,0</coordinates></Point></Placemark><Placemark><styleUrl>#point</styleUrl><Point><altitudeMode>clampToGround</altitudeMode><coordinates>-52.748726159334183,47.5606226362288,0</coordinates></Point></Placemark><Placemark><styleUrl>#point</styleUrl><Point><altitudeMode>clampToGround</altitudeMode><coordinates>-52.748894803225994,47.560547199100256,0</coordinates></Point></Placemark><Placemark><styleUrl>#point</styleUrl><Point><altitudeMode>clampToGround</altitudeMode><coordinates>-52.749124383553863,47.560443263500929,0</coordinates></Point></Placemark><Placemark><styleUrl>#point</styleUrl><Point><altitudeMode>clampToGround</altitudeMode><coordinates>-52.749182134866714,47.560413926839828,0</coordinates></Point></Placemark><Placemark><styleUrl>#point</styleUrl><Point><altitudeMode>clampToGround</altitudeMode><coordinates>-52.74922052398324,47.56034410558641,0</coordinates></Point></Placemark><Placemark><styleUrl>#point</styleUrl><Point><altitudeMode>clampToGround</altitudeMode><coordinates>-52.749408613890409,47.560262214392424,0</coordinates></Point></Placemark><Placemark><styleUrl>#point</styleUrl><Point><altitudeMode>clampToGround</altitudeMode><coordinates>-52.749831061810255,47.560052499175072,0</coordinates></Point></Placemark><Placemark><styleUrl>#point</styleUrl><Point><altitudeMode>clampToGround</altitudeMode><coordinates>-52.750247390940785,47.559815626591444,0</coordinates></Point></Placemark><Placemark><styleUrl>#point</styleUrl><Point><altitudeMode>clampToGround</altitudeMode><coordinates>-52.750668162479997,47.559621669352055,0</coordinates></Point></Placemark><Placemark><styleUrl>#point</styleUrl><Point><altitudeMode>clampToGround</altitudeMode><coordinates>-52.750952895730734,47.559498874470592,0</coordinates></Point></Placemark><Placemark><styleUrl>#point</styleUrl><Point><altitudeMode>clampToGround</altitudeMode><coordinates>-52.751180296763778,47.559408182278275,0</coordinates></Point></Placemark><Placemark><styleUrl>#point</styleUrl><Point><altitudeMode>clampToGround</altitudeMode><coordinates>-52.751401662826538,47.559328218922019,0</coordinates></Point></Placemark><Placemark><styleUrl>#point</styleUrl><Point><altitudeMode>clampToGround</altitudeMode><coordinates>-52.751591512933373,47.559264097362757,0</coordinates></Point></Placemark><Placemark><styleUrl>#point</styleUrl><Point><altitudeMode>clampToGround</altitudeMode><coordinates>-52.751735765486956,47.55921883508563,0</coordinates></Point></Placemark><Placemark><styleUrl>#point</styleUrl><Point><altitudeMode>clampToGround</altitudeMode><coordinates>-52.751890076324344,47.559173405170441,0</coordinates></Point></Placemark><Placemark><styleUrl>#point</styleUrl><Point><altitudeMode>clampToGround</altitudeMode><coordinates>-52.752077914774418,47.55912403576076,0</coordinates></Point></Placemark><Placemark><styleUrl>#point</styleUrl><Point><altitudeMode>clampToGround</altitudeMode><coordinates>-52.752247899770737,47.5590839702636,0</coordinates></Point></Placemark><Placemark><styleUrl>#point</styleUrl><Point><altitudeMode>clampToGround</altitudeMode><coordinates>-52.75296681560576,47.558919098228216,0</coordinates></Point></Placemark><Placemark><styleUrl>#point</styleUrl><Point><altitudeMode>clampToGround</altitudeMode><coordinates>-52.753635607659817,47.558766128495336,0</coordinates></Point></Placemark><Placemark><styleUrl>#point</styleUrl><Point><altitudeMode>clampToGround</altitudeMode><coordinates>-52.754217311739922,47.558644507080317,0</coordinates></Point></Placemark><Placemark><styleUrl>#point</styleUrl><Point><altitudeMode>clampToGround</altitudeMode><coordinates>-52.754516797140241,47.55857820622623,0</coordinates></Point></Placemark><Placemark><styleUrl>#point</styleUrl><Point><altitudeMode>clampToGround</altitudeMode><coordinates>-52.754942262545228,47.55848634056747,0</coordinates></Point></Placemark><Placemark><styleUrl>#point</styleUrl><Point><altitudeMode>clampToGround</altitudeMode><coordinates>-52.755779698491096,47.558307722210884,0</coordinates></Point></Placemark><Placemark><styleUrl>#point</styleUrl><Point><altitudeMode>clampToGround</altitudeMode><coordinates>-52.756002489477396,47.558260280638933,0</coordinates></Point></Placemark><Placemark><styleUrl>#point</styleUrl><Point><altitudeMode>clampToGround</altitudeMode><coordinates>-52.756303986534476,47.558196159079671,0</coordinates></Point></Placemark><Placemark><styleUrl>#point</styleUrl><Point><altitudeMode>clampToGround</altitudeMode><coordinates>-52.756343716755509,47.558187777176499,0</coordinates></Point></Placemark><Placemark><styleUrl>#point</styleUrl><Point><altitudeMode>clampToGround</altitudeMode><coordinates>-52.756712436676025,47.558107310906053,0</coordinates></Point></Placemark><Placemark><styleUrl>#point</styleUrl><Point><altitudeMode>clampToGround</altitudeMode><coordinates>-52.756990129128098,47.558046625927091,0</coordinates></Point></Placemark><Placemark><styleUrl>#point</styleUrl><Point><altitudeMode>clampToGround</altitudeMode><coordinates>-52.757239574566483,47.557985102757812,0</coordinates></Point></Placemark><Placemark><styleUrl>#point</styleUrl><Point><altitudeMode>clampToGround</altitudeMode><coordinates>-52.757478123530746,47.557919723913074,0</coordinates></Point></Placemark><Placemark><styleUrl>#point</styleUrl><Point><altitudeMode>clampToGround</altitudeMode><coordinates>-52.757915910333395,47.557799611240625,0</coordinates></Point></Placemark><Placemark><styleUrl>#point</styleUrl><Point><altitudeMode>clampToGround</altitudeMode><coordinates>-52.758156890049577,47.557733478024602,0</coordinates></Point></Placemark><Placemark><styleUrl>#point</styleUrl><Point><altitudeMode>clampToGround</altitudeMode><coordinates>-52.758205505087972,47.557719564065337,0</coordinates></Point></Placemark><Placemark><styleUrl>#point</styleUrl><Point><altitudeMode>clampToGround</altitudeMode><coordinates>-52.758858371526003,47.557525103911757,0</coordinates></Point></Placemark><Placemark><styleUrl>#point</styleUrl><Point><altitudeMode>clampToGround</altitudeMode><coordinates>-52.759390119463205,47.557371212169528,0</coordinates></Point></Placemark><Placemark><styleUrl>#point</styleUrl><Point><altitudeMode>clampToGround</altitudeMode><coordinates>-52.760060336440802,47.557182116433978,0</coordinates></Point></Placemark><Placemark><styleUrl>#point</styleUrl><Point><altitudeMode>clampToGround</altitudeMode><coordinates>-52.761157527565956,47.556863771751523,0</coordinates></Point></Placemark><Placemark><styleUrl>#point</styleUrl><Point><altitudeMode>clampToGround</altitudeMode><coordinates>-52.761792624369264,47.556673921644688,0</coordinates></Point></Placemark><Placemark><styleUrl>#point</styleUrl><Point><altitudeMode>clampToGround</altitudeMode><coordinates>-52.761874180287123,47.556650033220649,0</coordinates></Point></Placemark><Placemark><styleUrl>#point</styleUrl><Point><altitudeMode>clampToGround</altitudeMode><coordinates>-52.762165199965239,47.556564789265394,0</coordinates></Point></Placemark><Placemark><styleUrl>#point</styleUrl><Point><altitudeMode>clampToGround</altitudeMode><coordinates>-52.762759393081069,47.556390780955553,0</coordinates></Point></Placemark><Placemark><styleUrl>#point</styleUrl><Point><altitudeMode>clampToGround</altitudeMode><coordinates>-52.76351728476584,47.556168828159571,0</coordinates></Point></Placemark><Placemark><styleUrl>#point</styleUrl><Point><altitudeMode>clampToGround</altitudeMode><coordinates>-52.764539206400514,47.555866492912173,0</coordinates></Point></Placemark><Placemark><styleUrl>#point</styleUrl><Point><altitudeMode>clampToGround</altitudeMode><coordinates>-52.76512392796576,47.555709080770612,0</coordinates></Point></Placemark><Placemark><styleUrl>#point</styleUrl><Point><altitudeMode>clampToGround</altitudeMode><coordinates>-52.765371697023511,47.555634565651417,0</coordinates></Point></Placemark><Placemark><styleUrl>#point</styleUrl><Point><altitudeMode>clampToGround</altitudeMode><coordinates>-52.765569090843201,47.555575221776962,0</coordinates></Point></Placemark><Placemark><styleUrl>#point</styleUrl><Point><altitudeMode>clampToGround</altitudeMode><coordinates>-52.765738237649202,47.555524427443743,0</coordinates></Point></Placemark><Placemark><styleUrl>#point</styleUrl><Point><altitudeMode>clampToGround</altitudeMode><coordinates>-52.766544660553336,47.555274227634072,0</coordinates></Point></Placemark><Placemark><styleUrl>#point</styleUrl><Point><altitudeMode>clampToGround</altitudeMode><coordinates>-52.766689332202077,47.555237095803022,0</coordinates></Point></Placemark><Placemark><styleUrl>#point</styleUrl><Point><altitudeMode>clampToGround</altitudeMode><coordinates>-52.767714187502861,47.554930988699198,0</coordinates></Point></Placemark><Placemark><styleUrl>#point</styleUrl><Point><altitudeMode>clampToGround</altitudeMode><coordinates>-52.768013421446085,47.554848175495863,0</coordinates></Point></Placemark><Placemark><styleUrl>#point</styleUrl><Point><altitudeMode>clampToGround</altitudeMode><coordinates>-52.768273008987308,47.554776258766651,0</coordinates></Point></Placemark><Placemark><styleUrl>#point</styleUrl><Point><altitudeMode>clampToGround</altitudeMode><coordinates>-52.768412232398987,47.554737702012062,0</coordinates></Point></Placemark><Placemark><styleUrl>#point</styleUrl><Point><altitudeMode>clampToGround</altitudeMode><coordinates>-52.769013131037354,47.554554892703891,0</coordinates></Point></Placemark><Placemark><styleUrl>#point</styleUrl><Point><altitudeMode>clampToGround</altitudeMode><coordinates>-52.769290739670396,47.554453304037452,0</coordinates></Point></Placemark><Placemark><styleUrl>#point</styleUrl><Point><altitudeMode>clampToGround</altitudeMode><coordinates>-52.769525600597262,47.554364958778024,0</coordinates></Point></Placemark><Placemark><styleUrl>#point</styleUrl><Point><altitudeMode>clampToGround</altitudeMode><coordinates>-52.769747385755181,47.554275188595057,0</coordinates></Point></Placemark><Placemark><styleUrl>#point</styleUrl><Point><altitudeMode>clampToGround</altitudeMode><coordinates>-52.770438138395548,47.553970674052835,0</coordinates></Point></Placemark><Placemark><styleUrl>#point</styleUrl><Point><altitudeMode>clampToGround</altitudeMode><coordinates>-52.770944237709045,47.553747463971376,0</coordinates></Point></Placemark><Placemark><styleUrl>#point</styleUrl><Point><altitudeMode>clampToGround</altitudeMode><coordinates>-52.771183038130403,47.553638918325305,0</coordinates></Point></Placemark><Placemark><styleUrl>#point</styleUrl><Point><altitudeMode>clampToGround</altitudeMode><coordinates>-52.771435668691993,47.553525427356362,0</coordinates></Point></Placemark><Placemark><styleUrl>#point</styleUrl><Point><altitudeMode>clampToGround</altitudeMode><coordinates>-52.771471459418535,47.553509334102273,0</coordinates></Point></Placemark><Placemark><styleUrl>#point</styleUrl><Point><altitudeMode>clampToGround</altitudeMode><coordinates>-52.771881334483624,47.553325267508626,0</coordinates></Point></Placemark><Placemark><styleUrl>#point</styleUrl><Point><altitudeMode>clampToGround</altitudeMode><coordinates>-52.771904468536377,47.553314873948693,0</coordinates></Point></Placemark><Placemark><styleUrl>#point</styleUrl><Point><altitudeMode>clampToGround</altitudeMode><coordinates>-52.772173779085279,47.553191995248199,0</coordinates></Point></Placemark><Placemark><styleUrl>#point</styleUrl><Point><altitudeMode>clampToGround</altitudeMode><coordinates>-52.772329263389111,47.553121000528336,0</coordinates></Point></Placemark><Placemark><styleUrl>#point</styleUrl><Point><altitudeMode>clampToGround</altitudeMode><coordinates>-52.772659678012133,47.552970293909311,0</coordinates></Point></Placemark><Placemark><styleUrl>#point</styleUrl><Point><altitudeMode>clampToGround</altitudeMode><coordinates>-52.772848606109619,47.552884127944708,0</coordinates></Point></Placemark><Placemark><styleUrl>#point</styleUrl><Point><altitudeMode>clampToGround</altitudeMode><coordinates>-52.773793833330274,47.552470983937383,0</coordinates></Point></Placemark><Placemark><styleUrl>#point</styleUrl><Point><altitudeMode>clampToGround</altitudeMode><coordinates>-52.774720788002014,47.55206580273807,0</coordinates></Point></Placemark><Placemark><styleUrl>#point</styleUrl><Point><altitudeMode>clampToGround</altitudeMode><coordinates>-52.77478608302772,47.552035795524716,0</coordinates></Point></Placemark><Placemark><styleUrl>#point</styleUrl><Point><altitudeMode>clampToGround</altitudeMode><coordinates>-52.775146588683128,47.551870001479983,0</coordinates></Point></Placemark><Placemark><styleUrl>#point</styleUrl><Point><altitudeMode>clampToGround</altitudeMode><coordinates>-52.775503993034363,47.551705632358789,0</coordinates></Point></Placemark><Placemark><styleUrl>#point</styleUrl><Point><altitudeMode>clampToGround</altitudeMode><coordinates>-52.775902803987265,47.551531121134758,0</coordinates></Point></Placemark><Placemark><styleUrl>#point</styleUrl><Point><altitudeMode>clampToGround</altitudeMode><coordinates>-52.776039764285088,47.55147110670805,0</coordinates></Point></Placemark><Placemark><styleUrl>#point</styleUrl><Point><altitudeMode>clampToGround</altitudeMode><coordinates>-52.776650302112103,47.551203807815909,0</coordinates></Point></Placemark><Placemark><styleUrl>#point</styleUrl><Point><altitudeMode>clampToGround</altitudeMode><coordinates>-52.777199819684029,47.550963331013918,0</coordinates></Point></Placemark><Placemark><styleUrl>#point</styleUrl><Point><altitudeMode>clampToGround</altitudeMode><coordinates>-52.777395285665989,47.550881858915091,0</coordinates></Point></Placemark><Placemark><styleUrl>#point</styleUrl><Point><altitudeMode>clampToGround</altitudeMode><coordinates>-52.777695525437593,47.550752693787217,0</coordinates></Point></Placemark><Placemark><styleUrl>#point</styleUrl><Point><altitudeMode>clampToGround</altitudeMode><coordinates>-52.778169605880976,47.550545576959848,0</coordinates></Point></Placemark><Placemark><styleUrl>#point</styleUrl><Point><altitudeMode>clampToGround</altitudeMode><coordinates>-52.778377896174788,47.550454633310437,0</coordinates></Point></Placemark><Placemark><styleUrl>#point</styleUrl><Point><altitudeMode>clampToGround</altitudeMode><coordinates>-52.778882570564747,47.550234189257026,0</coordinates></Point></Placemark><Placemark><styleUrl>#point</styleUrl><Point><altitudeMode>clampToGround</altitudeMode><coordinates>-52.779092704877257,47.550142658874393,0</coordinates></Point></Placemark><Placemark><styleUrl>#point</styleUrl><Point><altitudeMode>clampToGround</altitudeMode><coordinates>-52.779639204964042,47.549904277548194,0</coordinates></Point></Placemark><Placemark><styleUrl>#point</styleUrl><Point><altitudeMode>clampToGround</altitudeMode><coordinates>-52.781332433223724,47.549165664240718,0</coordinates></Point></Placemark><Placemark><styleUrl>#point</styleUrl><Point><altitudeMode>clampToGround</altitudeMode><coordinates>-52.781479032710195,47.549101877957582,0</coordinates></Point></Placemark><Placemark><styleUrl>#point</styleUrl><Point><altitudeMode>clampToGround</altitudeMode><coordinates>-52.781496969982982,47.549094082787633,0</coordinates></Point></Placemark><Placemark><styleUrl>#point</styleUrl><Point><altitudeMode>clampToGround</altitudeMode><coordinates>-52.783301929011941,47.548308782279491,0</coordinates></Point></Placemark><Placemark><styleUrl>#point</styleUrl><Point><altitudeMode>clampToGround</altitudeMode><coordinates>-52.783556822687387,47.548204092308879,0</coordinates></Point></Placemark><Placemark><styleUrl>#point</styleUrl><Point><altitudeMode>clampToGround</altitudeMode><coordinates>-52.784301303327084,47.547905864194036,0</coordinates></Point></Placemark><Placemark><styleUrl>#point</styleUrl><Point><altitudeMode>clampToGround</altitudeMode><coordinates>-52.784717381000519,47.547742668539286,0</coordinates></Point></Placemark><Placemark><styleUrl>#point</styleUrl><Point><altitudeMode>clampToGround</altitudeMode><coordinates>-52.785095572471619,47.54761048592627,0</coordinates></Point></Placemark><Placemark><styleUrl>#point</styleUrl><Point><altitudeMode>clampToGround</altitudeMode><coordinates>-52.785513997077942,47.5474638864398,0</coordinates></Point></Placemark><Placemark><styleUrl>#point</styleUrl><Point><altitudeMode>clampToGround</altitudeMode><coordinates>-52.787788510322571,47.546701719984412,0</coordinates></Point></Placemark><Placemark><styleUrl>#point</styleUrl><Point><altitudeMode>clampToGround</altitudeMode><coordinates>-52.788036866113544,47.546616140753031,0</coordinates></Point></Placemark><Placemark><styleUrl>#point</styleUrl><Point><altitudeMode>clampToGround</altitudeMode><coordinates>-52.788953930139542,47.546294778585434,0</coordinates></Point></Placemark><Placemark><styleUrl>#point</styleUrl><Point><altitudeMode>clampToGround</altitudeMode><coordinates>-52.790052713826299,47.545911138877273,0</coordinates></Point></Placemark><Placemark><styleUrl>#point</styleUrl><Point><altitudeMode>clampToGround</altitudeMode><coordinates>-52.790903560817242,47.545597404241562,0</coordinates></Point></Placemark><Placemark><styleUrl>#point</styleUrl><Point><altitudeMode>clampToGround</altitudeMode><coordinates>-52.791591295972466,47.545326333492994,0</coordinates></Point></Placemark><Placemark><styleUrl>#point</styleUrl><Point><altitudeMode>clampToGround</altitudeMode><coordinates>-52.791641922667623,47.545306384563446,0</coordinates></Point></Placemark><Placemark><styleUrl>#point</styleUrl><Point><altitudeMode>clampToGround</altitudeMode><coordinates>-52.792699299752712,47.54486046731472,0</coordinates></Point></Placemark><Placemark><styleUrl>#point</styleUrl><Point><altitudeMode>clampToGround</altitudeMode><coordinates>-52.794925533235073,47.543901326134801,0</coordinates></Point></Placemark><Placemark><styleUrl>#point</styleUrl><Point><altitudeMode>clampToGround</altitudeMode><coordinates>-52.795191407203674,47.543786829337478,0</coordinates></Point></Placemark><Placemark><styleUrl>#point</styleUrl><Point><altitudeMode>clampToGround</altitudeMode><coordinates>-52.796082403510809,47.543398998677731,0</coordinates></Point></Placemark><Placemark><styleUrl>#point</styleUrl><Point><altitudeMode>clampToGround</altitudeMode><coordinates>-52.797330804169178,47.54285559989512,0</coordinates></Point></Placemark><Placemark><styleUrl>#point</styleUrl><Point><altitudeMode>clampToGround</altitudeMode><coordinates>-52.797675132751465,47.542705815285444,0</coordinates></Point></Placemark><Placemark><styleUrl>#point</styleUrl><Point><altitudeMode>clampToGround</altitudeMode><coordinates>-52.798164216801524,47.542497189715505,0</coordinates></Point></Placemark><Placemark><styleUrl>#point</styleUrl><Point><altitudeMode>clampToGround</altitudeMode><coordinates>-52.798679368570447,47.542277416214347,0</coordinates></Point></Placemark><Placemark><styleUrl>#point</styleUrl><Point><altitudeMode>clampToGround</altitudeMode><coordinates>-52.799120927229524,47.542089074850082,0</coordinates></Point></Placemark><Placemark><styleUrl>#point</styleUrl><Point><altitudeMode>clampToGround</altitudeMode><coordinates>-52.799506662413478,47.541921101510525,0</coordinates></Point></Placemark><Placemark><styleUrl>#point</styleUrl><Point><altitudeMode>clampToGround</altitudeMode><coordinates>-52.800182914361358,47.541626561433077,0</coordinates></Point></Placemark><Placemark><styleUrl>#point</styleUrl><Point><altitudeMode>clampToGround</altitudeMode><coordinates>-52.801580429077148,47.541012922301888,0</coordinates></Point></Placemark><Placemark><styleUrl>#point</styleUrl><Point><altitudeMode>clampToGround</altitudeMode><coordinates>-52.803785959258676,47.540083201602101,0</coordinates></Point></Placemark><Placemark><styleUrl>#point</styleUrl><Point><altitudeMode>clampToGround</altitudeMode><coordinates>-52.804104303941131,47.539949007332325,0</coordinates></Point></Placemark><Placemark><styleUrl>#point</styleUrl><Point><altitudeMode>clampToGround</altitudeMode><coordinates>-52.80457679182291,47.539744405075908,0</coordinates></Point></Placemark><Placemark><styleUrl>#point</styleUrl><Point><altitudeMode>clampToGround</altitudeMode><coordinates>-52.805275088176131,47.539441986009479,0</coordinates></Point></Placemark><Placemark><styleUrl>#point</styleUrl><Point><altitudeMode>clampToGround</altitudeMode><coordinates>-52.806878797709942,47.538764895871282,0</coordinates></Point></Placemark><Placemark><styleUrl>#point</styleUrl><Point><altitudeMode>clampToGround</altitudeMode><coordinates>-52.807409036904573,47.53855618648231,0</coordinates></Point></Placemark><Placemark><styleUrl>#point</styleUrl><Point><altitudeMode>clampToGround</altitudeMode><coordinates>-52.80780223198235,47.538424925878644,0</coordinates></Point></Placemark><Placemark><styleUrl>#point</styleUrl><Point><altitudeMode>clampToGround</altitudeMode><coordinates>-52.808385360985994,47.538251923397183,0</coordinates></Point></Placemark><Placemark><styleUrl>#point</styleUrl><Point><altitudeMode>clampToGround</altitudeMode><coordinates>-52.809017188847065,47.5380939245224,0</coordinates></Point></Placemark><Placemark><styleUrl>#point</styleUrl><Point><altitudeMode>clampToGround</altitudeMode><coordinates>-52.809609202668071,47.537971632555127,0</coordinates></Point></Placemark><Placemark><styleUrl>#point</styleUrl><Point><altitudeMode>clampToGround</altitudeMode><coordinates>-52.810227703303099,47.537861159071326,0</coordinates></Point></Placemark><Placemark><styleUrl>#point</styleUrl><Point><altitudeMode>clampToGround</altitudeMode><coordinates>-52.815465973690152,47.536933366209269,0</coordinates></Point></Placemark><Placemark><styleUrl>#point</styleUrl><Point><altitudeMode>clampToGround</altitudeMode><coordinates>-52.818157402798533,47.536456687375903,0</coordinates></Point></Placemark><Placemark><styleUrl>#point</styleUrl><Point><altitudeMode>clampToGround</altitudeMode><coordinates>-52.819708893075585,47.536175977438688,0</coordinates></Point></Placemark><Placemark><styleUrl>#point</styleUrl><Point><altitudeMode>clampToGround</altitudeMode><coordinates>-52.820689827203751,47.535990988835692,0</coordinates></Point></Placemark><Placemark><styleUrl>#point</styleUrl><Point><altitudeMode>clampToGround</altitudeMode><coordinates>-52.821091823279858,47.535898620262742,0</coordinates></Point></Placemark><Placemark><styleUrl>#point</styleUrl><Point><altitudeMode>clampToGround</altitudeMode><coordinates>-52.821860611438751,47.535707680508494,0</coordinates></Point></Placemark><Placemark><styleUrl>#point</styleUrl><Point><altitudeMode>clampToGround</altitudeMode><coordinates>-52.82323457300663,47.535376595333219,0</coordinates></Point></Placemark><Placemark><styleUrl>#point</styleUrl><Point><altitudeMode>clampToGround</altitudeMode><coordinates>-52.82493744045496,47.534968480467796,0</coordinates></Point></Placemark><Placemark><styleUrl>#point</styleUrl><Point><altitudeMode>clampToGround</altitudeMode><coordinates>-52.825769511982799,47.534768991172314,0</coordinates></Point></Placemark><Placemark><styleUrl>#point</styleUrl><Point><altitudeMode>clampToGround</altitudeMode><coordinates>-52.827835734933615,47.534278398379683,0</coordinates></Point></Placemark><Placemark><styleUrl>#point</styleUrl><Point><altitudeMode>clampToGround</altitudeMode><coordinates>-52.83016967587173,47.533717313781381,0</coordinates></Point></Placemark><Placemark><styleUrl>#point</styleUrl><Point><altitudeMode>clampToGround</altitudeMode><coordinates>-52.831125296652317,47.533476166427135,0</coordinates></Point></Placemark><Placemark><styleUrl>#point</styleUrl><Point><altitudeMode>clampToGround</altitudeMode><coordinates>-52.831588899716735,47.533359490334988,0</coordinates></Point></Placemark><Placemark><styleUrl>#point</styleUrl><Point><altitudeMode>clampToGround</altitudeMode><coordinates>-52.831815714016557,47.533301068469882,0</coordinates></Point></Placemark><Placemark><styleUrl>#point</styleUrl><Point><altitudeMode>clampToGround</altitudeMode><coordinates>-52.832012688741088,47.533247508108616,0</coordinates></Point></Placemark><Placemark><styleUrl>#point</styleUrl><Point><altitudeMode>clampToGround</altitudeMode><coordinates>-52.832188541069627,47.533196797594428,0</coordinates></Point></Placemark><Placemark><styleUrl>#point</styleUrl><Point><altitudeMode>clampToGround</altitudeMode><coordinates>-52.832343019545078,47.533149858936667,0</coordinates></Point></Placemark><Placemark><styleUrl>#point</styleUrl><Point><altitudeMode>clampToGround</altitudeMode><coordinates>-52.832501772791147,47.533099064603448,0</coordinates></Point></Placemark><Placemark><styleUrl>#point</styleUrl><Point><altitudeMode>clampToGround</altitudeMode><coordinates>-52.832650383934379,47.533047515898943,0</coordinates></Point></Placemark><Placemark><styleUrl>#point</styleUrl><Point><altitudeMode>clampToGround</altitudeMode><coordinates>-52.832747865468264,47.533009378239512,0</coordinates></Point></Placemark><Placemark><styleUrl>#point</styleUrl><Point><altitudeMode>clampToGround</altitudeMode><coordinates>-52.832841407507658,47.532968893647194,0</coordinates></Point></Placemark><Placemark><styleUrl>#point</styleUrl><Point><altitudeMode>clampToGround</altitudeMode><coordinates>-52.832941990345716,47.532924972474575,0</coordinates></Point></Placemark><Placemark><styleUrl>#point</styleUrl><Point><altitudeMode>clampToGround</altitudeMode><coordinates>-52.833036538213491,47.532882895320654,0</coordinates></Point></Placemark><Placemark><styleUrl>#point</styleUrl><Point><altitudeMode>clampToGround</altitudeMode><coordinates>-52.833220940083265,47.532794885337353,0</coordinates></Point></Placemark><Placemark><styleUrl>#point</styleUrl><Point><altitudeMode>clampToGround</altitudeMode><coordinates>-52.833401737734675,47.532703271135688,0</coordinates></Point></Placemark><Placemark><styleUrl>#point</styleUrl><Point><altitudeMode>clampToGround</altitudeMode><coordinates>-52.833622768521309,47.532584331929684,0</coordinates></Point></Placemark><Placemark><styleUrl>#point</styleUrl><Point><altitudeMode>clampToGround</altitudeMode><coordinates>-52.833873722702265,47.532420884817839,0</coordinates></Point></Placemark><Placemark><styleUrl>#point</styleUrl><Point><altitudeMode>clampToGround</altitudeMode><coordinates>-52.834307570010424,47.5320999417454,0</coordinates></Point></Placemark><Placemark><styleUrl>#point</styleUrl><Point><altitudeMode>clampToGround</altitudeMode><coordinates>-52.834415026009083,47.532015116885304,0</coordinates></Point></Placemark><Placemark><styleUrl>#point</styleUrl><Point><altitudeMode>clampToGround</altitudeMode><coordinates>-52.834517620503902,47.531931465491652,0</coordinates></Point></Placemark><Placemark><styleUrl>#point</styleUrl><Point><altitudeMode>clampToGround</altitudeMode><coordinates>-52.834607139229774,47.531850161030889,0</coordinates></Point></Placemark><Placemark><styleUrl>#point</styleUrl><Point><altitudeMode>clampToGround</altitudeMode><coordinates>-52.834696238860488,47.531764078885317,0</coordinates></Point></Placemark><Placemark><styleUrl>#point</styleUrl><Point><altitudeMode>clampToGround</altitudeMode><coordinates>-52.834773184731603,47.531680762767792,0</coordinates></Point></Placemark><Placemark><styleUrl>#point</styleUrl><Point><altitudeMode>clampToGround</altitudeMode><coordinates>-52.834875779226422,47.531566517427564,0</coordinates></Point></Placemark><Placemark><styleUrl>#point</styleUrl><Point><altitudeMode>clampToGround</altitudeMode><coordinates>-52.834973512217402,47.531445566564798,0</coordinates></Point></Placemark><Placemark><styleUrl>#point</styleUrl><Point><altitudeMode>clampToGround</altitudeMode><coordinates>-52.835102174431086,47.531269630417228,0</coordinates></Point></Placemark><Placemark><styleUrl>#point</styleUrl><Point><altitudeMode>clampToGround</altitudeMode><coordinates>-52.835221868008375,47.53109042532742,0</coordinates></Point></Placemark><Placemark><styleUrl>#point</styleUrl><Point><altitudeMode>clampToGround</altitudeMode><coordinates>-52.835422698408365,47.530727069824934,0</coordinates></Point></Placemark><Placemark><styleUrl>#point</styleUrl><Point><altitudeMode>clampToGround</altitudeMode><coordinates>-52.835576087236404,47.530478211119771,0</coordinates></Point></Placemark><Placemark><styleUrl>#point</styleUrl><Point><altitudeMode>clampToGround</altitudeMode><coordinates>-52.835692930966616,47.530280398204923,0</coordinates></Point></Placemark><Placemark><styleUrl>#point</styleUrl><Point><altitudeMode>clampToGround</altitudeMode><coordinates>-52.835772978141904,47.530142767354846,0</coordinates></Point></Placemark><Placemark><styleUrl>#point</styleUrl><Point><altitudeMode>clampToGround</altitudeMode><coordinates>-52.835991326719522,47.529754601418972,0</coordinates></Point></Placemark><Placemark><styleUrl>#point</styleUrl><Point><altitudeMode>clampToGround</altitudeMode><coordinates>-52.83655408769846,47.528787665069103,0</coordinates></Point></Placemark><Placemark><styleUrl>#point</styleUrl><Point><altitudeMode>clampToGround</altitudeMode><coordinates>-52.836624328047037,47.528684986755252,0</coordinates></Point></Placemark><Placemark><styleUrl>#point</styleUrl><Point><altitudeMode>clampToGround</altitudeMode><coordinates>-52.836700100451708,47.5285754352808,0</coordinates></Point></Placemark><Placemark><styleUrl>#point</styleUrl><Point><altitudeMode>clampToGround</altitudeMode><coordinates>-52.836824906989932,47.528418190777302,0</coordinates></Point></Placemark><Placemark><styleUrl>#point</styleUrl><Point><altitudeMode>clampToGround</altitudeMode><coordinates>-52.836966477334499,47.528257677331567,0</coordinates></Point></Placemark><Placemark><styleUrl>#point</styleUrl><Point><altitudeMode>clampToGround</altitudeMode><coordinates>-52.837120201438665,47.528098924085498,0</coordinates></Point></Placemark><Placemark><styleUrl>#point</styleUrl><Point><altitudeMode>clampToGround</altitudeMode><coordinates>-52.83729781396687,47.527930280193686,0</coordinates></Point></Placemark><Placemark><styleUrl>#point</styleUrl><Point><altitudeMode>clampToGround</altitudeMode><coordinates>-52.837480287998915,47.527764905244112,0</coordinates></Point></Placemark><Placemark><styleUrl>#point</styleUrl><Point><altitudeMode>clampToGround</altitudeMode><coordinates>-52.837679525837302,47.527599614113569,0</coordinates></Point></Placemark><Placemark><styleUrl>#point</styleUrl><Point><altitudeMode>clampToGround</altitudeMode><coordinates>-52.837888402864337,47.527439100667834,0</coordinates></Point></Placemark><Placemark><styleUrl>#point</styleUrl><Point><altitudeMode>clampToGround</altitudeMode><coordinates>-52.838056376203895,47.527325609698892,0</coordinates></Point></Placemark><Placemark><styleUrl>#point</styleUrl><Point><altitudeMode>clampToGround</altitudeMode><coordinates>-52.838148912414908,47.527268696576357,0</coordinates></Point></Placemark><Placemark><styleUrl>#point</styleUrl><Point><altitudeMode>clampToGround</altitudeMode><coordinates>-52.838236503303051,47.527215387672186,0</coordinates></Point></Placemark><Placemark><styleUrl>#point</styleUrl><Point><altitudeMode>clampToGround</altitudeMode><coordinates>-52.838344294577837,47.527152188122272,0</coordinates></Point></Placemark><Placemark><styleUrl>#point</styleUrl><Point><altitudeMode>clampToGround</altitudeMode><coordinates>-52.838454935699701,47.527092173695564,0</coordinates></Point></Placemark><Placemark><styleUrl>#point</styleUrl><Point><altitudeMode>clampToGround</altitudeMode><coordinates>-52.838569013401866,47.527032326906919,0</coordinates></Point></Placemark><Placemark><styleUrl>#point</styleUrl><Point><altitudeMode>clampToGround</altitudeMode><coordinates>-52.838692562654614,47.526973905041814,0</coordinates></Point></Placemark><Placemark><styleUrl>#point</styleUrl><Point><altitudeMode>clampToGround</altitudeMode><coordinates>-52.838805131614208,47.526925709098577,0</coordinates></Point></Placemark><Placemark><styleUrl>#point</styleUrl><Point><altitudeMode>clampToGround</altitudeMode><coordinates>-52.838923064991832,47.526876591145992,0</coordinates></Point></Placemark><Placemark><styleUrl>#point</styleUrl><Point><altitudeMode>clampToGround</altitudeMode><coordinates>-52.839037477970123,47.526833340525627,0</coordinates></Point></Placemark><Placemark><styleUrl>#point</styleUrl><Point><altitudeMode>clampToGround</altitudeMode><coordinates>-52.83914870582521,47.526791514828801,0</coordinates></Point></Placemark><Placemark><styleUrl>#point</styleUrl><Point><altitudeMode>clampToGround</altitudeMode><coordinates>-52.839255658909678,47.526753041893244,0</coordinates></Point></Placemark><Placemark><styleUrl>#point</styleUrl><Point><altitudeMode>clampToGround</altitudeMode><coordinates>-52.839350374415517,47.526721023023129,0</coordinates></Point></Placemark><Placemark><styleUrl>#point</styleUrl><Point><altitudeMode>clampToGround</altitudeMode><coordinates>-52.839452717453241,47.52668933942914,0</coordinates></Point></Placemark><Placemark><styleUrl>#point</styleUrl><Point><altitudeMode>clampToGround</altitudeMode><coordinates>-52.839554389938712,47.526657823473215,0</coordinates></Point></Placemark><Placemark><styleUrl>#point</styleUrl><Point><altitudeMode>clampToGround</altitudeMode><coordinates>-52.839654637500644,47.526632091030478,0</coordinates></Point></Placemark><Placemark><styleUrl>#point</styleUrl><Point><altitudeMode>clampToGround</altitudeMode><coordinates>-52.839751280844212,47.526607532054186,0</coordinates></Point></Placemark><Placemark><styleUrl>#point</styleUrl><Point><altitudeMode>clampToGround</altitudeMode><coordinates>-52.839867873117328,47.526579285040498,0</coordinates></Point></Placemark><Placemark><styleUrl>#point</styleUrl><Point><altitudeMode>clampToGround</altitudeMode><coordinates>-52.83997206017375,47.526557324454188,0</coordinates></Point></Placemark><Placemark><styleUrl>#point</styleUrl><Point><altitudeMode>clampToGround</altitudeMode><coordinates>-52.840053616091609,47.526541901752353,0</coordinates></Point></Placemark><Placemark><styleUrl>#point</styleUrl><Point><altitudeMode>clampToGround</altitudeMode><coordinates>-52.840141458436847,47.526526562869549,0</coordinates></Point></Placemark><Placemark><styleUrl>#point</styleUrl><Point><altitudeMode>clampToGround</altitudeMode><coordinates>-52.840230977162719,47.52651440910995,0</coordinates></Point></Placemark><Placemark><styleUrl>#point</styleUrl><Point><altitudeMode>clampToGround</altitudeMode><coordinates>-52.840317813679576,47.52650217153132,0</coordinates></Point></Placemark><Placemark><styleUrl>#point</styleUrl><Point><altitudeMode>clampToGround</altitudeMode><coordinates>-52.840539431199431,47.526474595069885,0</coordinates></Point></Placemark><Placemark><styleUrl>#point</styleUrl><Point><altitudeMode>clampToGround</altitudeMode><coordinates>-52.841355409473181,47.526395302265882,0</coordinates></Point></Placemark><Placemark><styleUrl>#point</styleUrl><Point><altitudeMode>clampToGround</altitudeMode><coordinates>-52.841623798012733,47.52635951153934,0</coordinates></Point></Placemark><Placemark><styleUrl>#point</styleUrl><Point><altitudeMode>clampToGround</altitudeMode><coordinates>-52.84196469001472,47.526323804631829,0</coordinates></Point></Placemark><Placemark><styleUrl>#point</styleUrl><Point><altitudeMode>clampToGround</altitudeMode><coordinates>-52.842290913686156,47.526295222342014,0</coordinates></Point></Placemark><Placemark><styleUrl>#point</styleUrl><Point><altitudeMode>clampToGround</altitudeMode><coordinates>-52.842656699940562,47.526267562061548,0</coordinates></Point></Placemark><Placemark><styleUrl>#point</styleUrl><Point><altitudeMode>clampToGround</altitudeMode><coordinates>-52.84307680092752,47.526243338361382,0</coordinates></Point></Placemark><Placemark><styleUrl>#point</styleUrl><Point><altitudeMode>clampToGround</altitudeMode><coordinates>-52.843333538621664,47.526233699172735,0</coordinates></Point></Placemark><Placemark><styleUrl>#point</styleUrl><Point><altitudeMode>clampToGround</altitudeMode><coordinates>-52.843637298792601,47.526230178773403,0</coordinates></Point></Placemark><Placemark><styleUrl>#point</styleUrl><Point><altitudeMode>clampToGround</altitudeMode><coordinates>-52.843882134184241,47.526230178773403,0</coordinates></Point></Placemark><Placemark><styleUrl>#point</styleUrl><Point><altitudeMode>clampToGround</altitudeMode><coordinates>-52.844105092808604,47.526232106611133,0</coordinates></Point></Placemark><Placemark><styleUrl>#point</styleUrl><Point><altitudeMode>clampToGround</altitudeMode><coordinates>-52.844339702278376,47.526237135753036,0</coordinates></Point></Placemark><Placemark><styleUrl>#point</styleUrl><Point><altitudeMode>clampToGround</altitudeMode><coordinates>-52.84460037946701,47.526241410523653,0</coordinates></Point></Placemark><Placemark><styleUrl>#point</styleUrl><Point><altitudeMode>clampToGround</altitudeMode><coordinates>-52.845338992774487,47.526248702779412,0</coordinates></Point></Placemark><Placemark><styleUrl>#point</styleUrl><Point><altitudeMode>clampToGround</altitudeMode><coordinates>-52.845595730468631,47.526258006691933,0</coordinates></Point></Placemark><Placemark><styleUrl>#point</styleUrl><Point><altitudeMode>clampToGround</altitudeMode><coordinates>-52.845884319394827,47.52627301029861,0</coordinates></Point></Placemark><Placemark><styleUrl>#point</styleUrl><Point><altitudeMode>clampToGround</altitudeMode><coordinates>-52.84620501101017,47.526342999190092,0</coordinates></Point></Placemark><Placemark><styleUrl>#point</styleUrl><Point><altitudeMode>clampToGround</altitudeMode><coordinates>-52.846505669876933,47.526380214840174,0</coordinates></Point></Placemark><Placemark><styleUrl>#point</styleUrl><Point><altitudeMode>clampToGround</altitudeMode><coordinates>-52.846666099503636,47.526392703875899,0</coordinates></Point></Placemark><Placemark><styleUrl>#point</styleUrl><Point><altitudeMode>clampToGround</altitudeMode><coordinates>-52.846789313480258,47.526404689997435,0</coordinates></Point></Placemark><Placemark><styleUrl>#point</styleUrl><Point><altitudeMode>clampToGround</altitudeMode><coordinates>-52.846891991794109,47.526420196518302,0</coordinates></Point></Placemark><Placemark><styleUrl>#point</styleUrl><Point><altitudeMode>clampToGround</altitudeMode><coordinates>-52.847010008990765,47.526444839313626,0</coordinates></Point></Placemark><Placemark><styleUrl>#point</styleUrl><Point><altitudeMode>clampToGround</altitudeMode><coordinates>-52.847107658162713,47.526469398289919,0</coordinates></Point></Placemark><Placemark><styleUrl>#point</styleUrl><Point><altitudeMode>clampToGround</altitudeMode><coordinates>-52.847213437780738,47.526501333341002,0</coordinates></Point></Placemark><Placemark><styleUrl>#point</styleUrl><Point><altitudeMode>clampToGround</altitudeMode><coordinates>-52.847297675907612,47.526536034420133,0</coordinates></Point></Placemark><Placemark><styleUrl>#point</styleUrl><Point><altitudeMode>clampToGround</altitudeMode><coordinates>-52.847376214340329,47.526576602831483,0</coordinates></Point></Placemark><Placemark><styleUrl>#point</styleUrl><Point><altitudeMode>clampToGround</altitudeMode><coordinates>-52.847448801621795,47.526624966412783,0</coordinates></Point></Placemark><Placemark><styleUrl>#point</styleUrl><Point><altitudeMode>clampToGround</altitudeMode><coordinates>-52.847533291205764,47.526698727160692,0</coordinates></Point></Placemark><Placemark><styleUrl>#point</styleUrl><Point><altitudeMode>clampToGround</altitudeMode><coordinates>-52.847600597888231,47.52678313292563,0</coordinates></Point></Placemark><Placemark><styleUrl>#point</styleUrl><Point><altitudeMode>clampToGround</altitudeMode><coordinates>-52.847643429413438,47.52686326391995,0</coordinates></Point></Placemark><Placemark><styleUrl>#point</styleUrl><Point><altitudeMode>clampToGround</altitudeMode><coordinates>-52.847668323665857,47.526941131800413,0</coordinates></Point></Placemark><Placemark><styleUrl>#point</styleUrl><Point><altitudeMode>clampToGround</altitudeMode><coordinates>-52.847683494910598,47.527023609727621,0</coordinates></Point></Placemark><Placemark><styleUrl>#point</styleUrl><Point><altitudeMode>clampToGround</altitudeMode><coordinates>-52.847690703347325,47.5271041598171,0</coordinates></Point></Placemark><Placemark><styleUrl>#point</styleUrl><Point><altitudeMode>clampToGround</altitudeMode><coordinates>-52.847682824358344,47.527146488428116,0</coordinates></Point></Placemark><Placemark><styleUrl>#point</styleUrl><Point><altitudeMode>clampToGround</altitudeMode><coordinates>-52.847671676427126,47.527188817039132,0</coordinates></Point></Placemark><Placemark><styleUrl>#point</styleUrl><Point><altitudeMode>clampToGround</altitudeMode><coordinates>-52.847653571516275,47.527234079316258,0</coordinates></Point></Placemark><Placemark><styleUrl>#point</styleUrl><Point><altitudeMode>clampToGround</altitudeMode><coordinates>-52.847633790224791,47.52727422863245,0</coordinates></Point></Placemark><Placemark><styleUrl>#point</styleUrl><Point><altitudeMode>clampToGround</altitudeMode><coordinates>-52.847614260390401,47.52731186337769,0</coordinates></Point></Placemark><Placemark><styleUrl>#point</styleUrl><Point><altitudeMode>clampToGround</altitudeMode><coordinates>-52.847590958699584,47.527348324656487,0</coordinates></Point></Placemark><Placemark><styleUrl>#point</styleUrl><Point><altitudeMode>clampToGround</altitudeMode><coordinates>-52.847564723342657,47.527384702116251,0</coordinates></Point></Placemark><Placemark><styleUrl>#point</styleUrl><Point><altitudeMode>clampToGround</altitudeMode><coordinates>-52.847536141052842,47.527419906109571,0</coordinates></Point></Placemark><Placemark><styleUrl>#point</styleUrl><Point><altitudeMode>clampToGround</altitudeMode><coordinates>-52.847504960373044,47.52745158970356,0</coordinates></Point></Placemark><Placemark><styleUrl>#point</styleUrl><Point><altitudeMode>clampToGround</altitudeMode><coordinates>-52.847478725016117,47.527475226670504,0</coordinates></Point></Placemark><Placemark><styleUrl>#point</styleUrl><Point><altitudeMode>clampToGround</altitudeMode><coordinates>-52.847442263737321,47.527503808960319,0</coordinates></Point></Placemark><Placemark><styleUrl>#point</styleUrl><Point><altitudeMode>clampToGround</altitudeMode><coordinates>-52.847404880449176,47.527528116479516,0</coordinates></Point></Placemark><Placemark><styleUrl>#point</styleUrl><Point><altitudeMode>clampToGround</altitudeMode><coordinates>-52.84736649133265,47.527554016560316,0</coordinates></Point></Placemark><Placemark><styleUrl>#point</styleUrl><Point><altitudeMode>clampToGround</altitudeMode><coordinates>-52.847322821617126,47.527579581364989,0</coordinates></Point></Placemark><Placemark><styleUrl>#point</styleUrl><Point><altitudeMode>clampToGround</altitudeMode><coordinates>-52.847274709492922,47.527603218331933,0</coordinates></Point></Placemark><Placemark><styleUrl>#point</styleUrl><Point><altitudeMode>clampToGround</altitudeMode><coordinates>-52.847221316769719,47.52762459218502,0</coordinates></Point></Placemark><Placemark><styleUrl>#point</styleUrl><Point><altitudeMode>clampToGround</altitudeMode><coordinates>-52.847166834399104,47.527644541114569,0</coordinates></Point></Placemark><Placemark><styleUrl>#point</styleUrl><Point><altitudeMode>clampToGround</altitudeMode><coordinates>-52.847110005095601,47.52766122110188,0</coordinates></Point></Placemark><Placemark><styleUrl>#point</styleUrl><Point><altitudeMode>clampToGround</altitudeMode><coordinates>-52.847054600715637,47.527675973251462,0</coordinates></Point></Placemark><Placemark><styleUrl>#point</styleUrl><Point><altitudeMode>clampToGround</altitudeMode><coordinates>-52.846983689814806,47.527689468115568,0</coordinates></Point></Placemark><Placemark><styleUrl>#point</styleUrl><Point><altitudeMode>clampToGround</altitudeMode><coordinates>-52.846929291263223,47.527696676552296,0</coordinates></Point></Placemark><Placemark><styleUrl>#point</styleUrl><Point><altitudeMode>clampToGround</altitudeMode><coordinates>-52.846872378140688,47.527701621875167,0</coordinates></Point></Placemark><Placemark><styleUrl>#point</styleUrl><Point><altitudeMode>clampToGround</altitudeMode><coordinates>-52.846819991245866,47.527705477550626,0</coordinates></Point></Placemark><Placemark><styleUrl>#point</styleUrl><Point><altitudeMode>clampToGround</altitudeMode><coordinates>-52.846757797524333,47.527706231921911,0</coordinates></Point></Placemark><Placemark><styleUrl>#point</styleUrl><Point><altitudeMode>clampToGround</altitudeMode><coordinates>-52.846712116152048,47.527706483379006,0</coordinates></Point></Placemark><Placemark><styleUrl>#point</styleUrl><Point><altitudeMode>clampToGround</altitudeMode><coordinates>-52.846659729257226,47.527703633531928,0</coordinates></Point></Placemark><Placemark><styleUrl>#point</styleUrl><Point><altitudeMode>clampToGround</altitudeMode><coordinates>-52.846612958237529,47.527700616046786,0</coordinates></Point></Placemark><Placemark><styleUrl>#point</styleUrl><Point><altitudeMode>clampToGround</altitudeMode><coordinates>-52.846556715667248,47.527694413438439,0</coordinates></Point></Placemark><Placemark><styleUrl>#point</styleUrl><Point><altitudeMode>clampToGround</altitudeMode><coordinates>-52.846499299630523,47.527685780078173,0</coordinates></Point></Placemark><Placemark><styleUrl>#point</styleUrl><Point><altitudeMode>clampToGround</altitudeMode><coordinates>-52.846439620479941,47.527673961594701,0</coordinates></Point></Placemark><Placemark><styleUrl>#point</styleUrl><Point><altitudeMode>clampToGround</altitudeMode><coordinates>-52.846387065947056,47.52766122110188,0</coordinates></Point></Placemark><Placemark><styleUrl>#point</styleUrl><Point><altitudeMode>clampToGround</altitudeMode><coordinates>-52.846325039863586,47.527643283829093,0</coordinates></Point></Placemark><Placemark><styleUrl>#point</styleUrl><Point><altitudeMode>clampToGround</altitudeMode><coordinates>-52.846276424825191,47.527623837813735,0</coordinates></Point></Placemark><Placemark><styleUrl>#point</styleUrl><Point><altitudeMode>clampToGround</altitudeMode><coordinates>-52.846225379034877,47.527601206675172,0</coordinates></Point></Placemark><Placemark><styleUrl>#point</styleUrl><Point><altitudeMode>clampToGround</altitudeMode><coordinates>-52.846174333244562,47.527577569708228,0</coordinates></Point></Placemark><Placemark><styleUrl>#point</styleUrl><Point><altitudeMode>clampToGround</altitudeMode><coordinates>-52.846129238605499,47.527554016560316,0</coordinates></Point></Placemark><Placemark><styleUrl>#point</styleUrl><Point><altitudeMode>clampToGround</altitudeMode><coordinates>-52.846072325482965,47.527516633272171,0</coordinates></Point></Placemark><Placemark><styleUrl>#point</styleUrl><Point><altitudeMode>clampToGround</altitudeMode><coordinates>-52.846028571948409,47.527481094002724,0</coordinates></Point></Placemark><Placemark><styleUrl>#point</styleUrl><Point><altitudeMode>clampToGround</altitudeMode><coordinates>-52.845984902232885,47.527440777048469,0</coordinates></Point></Placemark><Placemark><styleUrl>#point</styleUrl><Point><altitudeMode>clampToGround</altitudeMode><coordinates>-52.84594458527863,47.527399202808738,0</coordinates></Point></Placemark><Placemark><styleUrl>#point</styleUrl><Point><altitudeMode>clampToGround</altitudeMode><coordinates>-52.845919271931052,47.527366010472178,0</coordinates></Point></Placemark><Placemark><styleUrl>#point</styleUrl><Point><altitudeMode>clampToGround</altitudeMode><coordinates>-52.845881385728717,47.527302978560328,0</coordinates></Point></Placemark><Placemark><styleUrl>#point</styleUrl><Point><altitudeMode>clampToGround</altitudeMode><coordinates>-52.845860095694661,47.527255536988378,0</coordinates></Point></Placemark><Placemark><styleUrl>#point</styleUrl><Point><altitudeMode>clampToGround</altitudeMode><coordinates>-52.845845762640238,47.527213962748647,0</coordinates></Point></Placemark><Placemark><styleUrl>#point</styleUrl><Point><altitudeMode>clampToGround</altitudeMode><coordinates>-52.845831764861941,47.52717113122344,0</coordinates></Point></Placemark><Placemark><styleUrl>#point</styleUrl><Point><altitudeMode>clampToGround</altitudeMode><coordinates>-52.845817599445581,47.527109859511256,0</coordinates></Point></Placemark><Placemark><styleUrl>#point</styleUrl><Point><altitudeMode>clampToGround</altitudeMode><coordinates>-52.845808211714029,47.527048336341977,0</coordinates></Point></Placemark><Placemark><styleUrl>#point</styleUrl><Point><altitudeMode>clampToGround</altitudeMode><coordinates>-52.845801506191492,47.526987735182047,0</coordinates></Point></Placemark><Placemark><styleUrl>#point</styleUrl><Point><altitudeMode>clampToGround</altitudeMode><coordinates>-52.84579748287797,47.526923362165689,0</coordinates></Point></Placemark><Placemark><styleUrl>#point</styleUrl><Point><altitudeMode>clampToGround</altitudeMode><coordinates>-52.845801506191492,47.526678778231144,0</coordinates></Point></Placemark><Placemark><styleUrl>#point</styleUrl><Point><altitudeMode>clampToGround</altitudeMode><coordinates>-52.845803936943412,47.526494041085243,0</coordinates></Point></Placemark><Placemark><styleUrl>#point</styleUrl><Point><altitudeMode>clampToGround</altitudeMode><coordinates>-52.845807792618871,47.52609078772366,0</coordinates></Point></Placemark><Placemark><styleUrl>#point</styleUrl><Point><altitudeMode>clampToGround</altitudeMode><coordinates>-52.845810139551759,47.525218399241567,0</coordinates></Point></Placemark><Placemark><styleUrl>#point</styleUrl><Point><altitudeMode>clampToGround</altitudeMode><coordinates>-52.845900496467948,47.524245092645288,0</coordinates></Point></Placemark><Placemark><styleUrl>#point</styleUrl><Point><altitudeMode>clampToGround</altitudeMode><coordinates>-52.845908375456929,47.524181809276342,0</coordinates></Point></Placemark><Placemark><styleUrl>#point</styleUrl><Point><altitudeMode>clampToGround</altitudeMode><coordinates>-52.845945172011852,47.523950384929776,0</coordinates></Point></Placemark><Placemark><styleUrl>#point</styleUrl><Point><altitudeMode>clampToGround</altitudeMode><coordinates>-52.845994960516691,47.523672441020608,0</coordinates></Point></Placemark><Placemark><styleUrl>#point</styleUrl><Point><altitudeMode>clampToGround</altitudeMode><coordinates>-52.846023961901665,47.523539504036307,0</coordinates></Point></Placemark><Placemark><styleUrl>#point</styleUrl><Point><altitudeMode>clampToGround</altitudeMode><coordinates>-52.846057908609509,47.523407908156514,0</coordinates></Point></Placemark><Placemark><styleUrl>#point</styleUrl><Point><altitudeMode>clampToGround</altitudeMode><coordinates>-52.846097387373447,47.523274384438992,0</coordinates></Point></Placemark><Placemark><styleUrl>#point</styleUrl><Point><altitudeMode>clampToGround</altitudeMode><coordinates>-52.846141140908003,47.52314287237823,0</coordinates></Point></Placemark><Placemark><styleUrl>#point</styleUrl><Point><altitudeMode>clampToGround</altitudeMode><coordinates>-52.84618841484189,47.523018484935164,0</coordinates></Point></Placemark><Placemark><styleUrl>#point</styleUrl><Point><altitudeMode>clampToGround</altitudeMode><coordinates>-52.846237784251571,47.522892169654369,0</coordinates></Point></Placemark><Placemark><styleUrl>#point</styleUrl><Point><altitudeMode>clampToGround</altitudeMode><coordinates>-52.846340211108327,47.522640964016318,0</coordinates></Point></Placemark><Placemark><styleUrl>#point</styleUrl><Point><altitudeMode>clampToGround</altitudeMode><coordinates>-52.846460239961743,47.522391183301806,0</coordinates></Point></Placemark><Placemark><styleUrl>#point</styleUrl><Point><altitudeMode>clampToGround</altitudeMode><coordinates>-52.846595691516995,47.522145677357912,0</coordinates></Point></Placemark><Placemark><styleUrl>#point</styleUrl><Point><altitudeMode>clampToGround</altitudeMode><coordinates>-52.846874138340354,47.521685091778636,0</coordinates></Point></Placemark><Placemark><styleUrl>#point</styleUrl><Point><altitudeMode>clampToGround</altitudeMode><coordinates>-52.847467241808772,47.520779930055141,0</coordinates></Point></Placemark><Placemark><styleUrl>#point</styleUrl><Point><altitudeMode>clampToGround</altitudeMode><coordinates>-52.847583666443825,47.520599383860826,0</coordinates></Point></Placemark><Placemark><styleUrl>#point</styleUrl><Point><altitudeMode>clampToGround</altitudeMode><coordinates>-52.848375588655472,47.519339919090271,0</coordinates></Point></Placemark><Placemark><styleUrl>#point</styleUrl><Point><altitudeMode>clampToGround</altitudeMode><coordinates>-52.849035328254104,47.518337778747082,0</coordinates></Point></Placemark><Placemark><styleUrl>#point</styleUrl><Point><altitudeMode>clampToGround</altitudeMode><coordinates>-52.849727505818009,47.517318204045296,0</coordinates></Point></Placemark><Placemark><styleUrl>#point</styleUrl><Point><altitudeMode>clampToGround</altitudeMode><coordinates>-52.849982315674424,47.516946969553828,0</coordinates></Point></Placemark><Placemark><styleUrl>#point</styleUrl><Point><altitudeMode>clampToGround</altitudeMode><coordinates>-52.85024399869144,47.516558887436986,0</coordinates></Point></Placemark><Placemark><styleUrl>#point</styleUrl><Point><altitudeMode>clampToGround</altitudeMode><coordinates>-52.850567037239671,47.516073575243354,0</coordinates></Point></Placemark><Placemark><styleUrl>#point</styleUrl><Point><altitudeMode>clampToGround</altitudeMode><coordinates>-52.850656472146511,47.515933010727167,0</coordinates></Point></Placemark><Placemark><styleUrl>#point</styleUrl><Point><altitudeMode>clampToGround</altitudeMode><coordinates>-52.851046901196241,47.515304032713175,0</coordinates></Point></Placemark><Placemark><styleUrl>#point</styleUrl><Point><altitudeMode>clampToGround</altitudeMode><coordinates>-52.851344794034958,47.514847805723548,0</coordinates></Point></Placemark><Placemark><styleUrl>#point</styleUrl><Point><altitudeMode>clampToGround</altitudeMode><coordinates>-52.851906633004546,47.513944571837783,0</coordinates></Point></Placemark><Placemark><styleUrl>#point</styleUrl><Point><altitudeMode>clampToGround</altitudeMode><coordinates>-52.852059938013554,47.513721361756325,0</coordinates></Point></Placemark><Placemark><styleUrl>#point</styleUrl><Point><altitudeMode>clampToGround</altitudeMode><coordinates>-52.852214416489005,47.513493541628122,0</coordinates></Point></Placemark><Placemark><styleUrl>#point</styleUrl><Point><altitudeMode>clampToGround</altitudeMode><coordinates>-52.852361937984824,47.513270415365696,0</coordinates></Point></Placemark><Placemark><styleUrl>#point</styleUrl><Point><altitudeMode>clampToGround</altitudeMode><coordinates>-52.852502167224884,47.513052066788077,0</coordinates></Point></Placemark><Placemark><styleUrl>#point</styleUrl><Point><altitudeMode>clampToGround</altitudeMode><coordinates>-52.852655304595828,47.512815613299608,0</coordinates></Point></Placemark><Placemark><styleUrl>#point</styleUrl><Point><altitudeMode>clampToGround</altitudeMode><coordinates>-52.85280978307128,47.512573376297951,0</coordinates></Point></Placemark><Placemark><styleUrl>#point</styleUrl><Point><altitudeMode>clampToGround</altitudeMode><coordinates>-52.853113207966089,47.512120502069592,0</coordinates></Point></Placemark><Placemark><styleUrl>#point</styleUrl><Point><altitudeMode>clampToGround</altitudeMode><coordinates>-52.853297526016831,47.511850520968437,0</coordinates></Point></Placemark><Placemark><styleUrl>#point</styleUrl><Point><altitudeMode>clampToGround</altitudeMode><coordinates>-52.853474719449878,47.51158531755209,0</coordinates></Point></Placemark><Placemark><styleUrl>#point</styleUrl><Point><altitudeMode>clampToGround</altitudeMode><coordinates>-52.853671694174409,47.511292286217213,0</coordinates></Point></Placemark><Placemark><styleUrl>#point</styleUrl><Point><altitudeMode>clampToGround</altitudeMode><coordinates>-52.853810582309961,47.511076787486672,0</coordinates></Point></Placemark><Placemark><styleUrl>#point</styleUrl><Point><altitudeMode>clampToGround</altitudeMode><coordinates>-52.853933963924646,47.510880483314395,0</coordinates></Point></Placemark><Placemark><styleUrl>#point</styleUrl><Point><altitudeMode>clampToGround</altitudeMode><coordinates>-52.855634903535247,47.508318806067109,0</coordinates></Point></Placemark><Placemark><styleUrl>#point</styleUrl><Point><altitudeMode>clampToGround</altitudeMode><coordinates>-52.857400132343173,47.505656629800797,0</coordinates></Point></Placemark><Placemark><styleUrl>#point</styleUrl><Point><altitudeMode>clampToGround</altitudeMode><coordinates>-52.857868513092399,47.504897816106677,0</coordinates></Point></Placemark><Placemark><styleUrl>#point</styleUrl><Point><altitudeMode>clampToGround</altitudeMode><coordinates>-52.858293140307069,47.50426908954978,0</coordinates></Point></Placemark><Placemark><styleUrl>#point</styleUrl><Point><altitudeMode>clampToGround</altitudeMode><coordinates>-52.858884735032916,47.503393180668354,0</coordinates></Point></Placemark><Placemark><styleUrl>#point</styleUrl><Point><altitudeMode>clampToGround</altitudeMode><coordinates>-52.859728876501322,47.502143103629351,0</coordinates></Point></Placemark><Placemark><styleUrl>#point</styleUrl><Point><altitudeMode>clampToGround</altitudeMode><coordinates>-52.861437359824777,47.49947271309793,0</coordinates></Point></Placemark><Placemark><styleUrl>#point</styleUrl><Point><altitudeMode>clampToGround</altitudeMode><coordinates>-52.861602064222097,47.499215304851532,0</coordinates></Point></Placemark><Placemark><styleUrl>#point</styleUrl><Point><altitudeMode>clampToGround</altitudeMode><coordinates>-52.862570006400347,47.497726259753108,0</coordinates></Point></Placemark><Placemark><styleUrl>#point</styleUrl><Point><altitudeMode>clampToGround</altitudeMode><coordinates>-52.864004233852029,47.495438167825341,0</coordinates></Point></Placemark><Placemark><styleUrl>#point</styleUrl><Point><altitudeMode>clampToGround</altitudeMode><coordinates>-52.864210596308112,47.495079590007663,0</coordinates></Point></Placemark><Placemark><styleUrl>#point</styleUrl><Point><altitudeMode>clampToGround</altitudeMode><coordinates>-52.86524492315948,47.493282426148653,0</coordinates></Point></Placemark><Placemark><styleUrl>#point</styleUrl><Point><altitudeMode>clampToGround</altitudeMode><coordinates>-52.865501577034593,47.492828965187073,0</coordinates></Point></Placemark><Placemark><styleUrl>#point</styleUrl><Point><altitudeMode>clampToGround</altitudeMode><coordinates>-52.865841882303357,47.49222781509161,0</coordinates></Point></Placemark></Folder><Placemark><name>[C1 WB] One-way - St. John's NL (Temperance St to Trans-Canada Highway Westbound)</name><Style><LineStyle><color>ff600060</color><width>4</width></LineStyle></Style><MultiGeometry><LineString><coordinates>-52.697389433160424,47.570877559483051,0 -52.697801822796464,47.571555068716407,0 -52.697860077023506,47.57164316251874,0 -52.698009693995118,47.571606617420912,0 -52.698100470006466,47.571577364578843,0 -52.698347233235836,47.571472590789199,0 -52.698644287884235,47.571345018222928,0 -52.698994735255837,47.571190791204572,0 -52.699279803782701,47.571067661046982,0 -52.699584234505892,47.570932880043983,0 -52.699690517038107,47.570898933336139,0 -52.699824711307883,47.570905471220613,0 -52.700269538909197,47.570652337744832,0 -52.700325027108192,47.570618223398924,0 -52.700457628816366,47.570562232285738,0 -52.700514039024711,47.570613026618958,0 -52.700872868299484,47.570888204500079,0 -52.701076800003648,47.571042599156499,0 -52.701184675097466,47.571116276085377,0 -52.701253490522504,47.571131363511086,0 -52.701323395594954,47.57116774097085,0 -52.701373938471079,47.571191126480699,0 -52.701426241546869,47.57121023721993,0 -52.701513078063726,47.571232197806239,0 -52.701544677838683,47.571235802024603,0 -52.701569320634007,47.571238484233618,0 -52.701725978404284,47.571234628558159,0 -52.701951283961535,47.571250218898058,0 -52.702853428199887,47.571286177262664,0 -52.70309248007834,47.571297492831945,0 -52.703932011500001,47.571336971595883,0 -52.70432822406292,47.571309730410576,0 -52.704617818817496,47.57127670571208,0 -52.704881513491273,47.571247033774853,0 -52.705143867060542,47.571215936914086,0 -52.705292981117964,47.571180900558829,0 -52.705458104610443,47.571120969951153,0 -52.705653319135308,47.571031367406249,0 -52.705832691863179,47.570932460948825,0 -52.705873679369688,47.57089558057487,0 -52.706076940521598,47.570751830935478,0 -52.706224378198385,47.570658540353179,0 -52.706347005441785,47.570590395480394,0 -52.706691417843103,47.57039912045002,0 -52.707026526331902,47.570097371935844,0 -52.70730840973556,47.56980249658227,0 -52.707669921219349,47.569421119987965,0 -52.707710573449731,47.569374684244394,0 -52.707751393318176,47.569333277642727,0 -52.707825070247054,47.569264210760593,0 -52.70821038633585,47.568831704556942,0 -52.708278195932508,47.568756518885493,0 -52.708524540066719,47.568466169759631,0 -52.708766525611281,47.568113040179014,0 -52.709115296602249,47.567535359412432,0 -52.709226692095399,47.567420694977045,0 -52.709462810307741,47.567174602299929,0 -52.709706388413906,47.567048789933324,0 -52.709934040904045,47.566982991993427,0 -52.710141660645604,47.566883582621813,0 -52.710178541019559,47.566865980625153,0 -52.710245763882995,47.566783502697945,0 -52.71033251658082,47.566648302599788,0 -52.710377192124724,47.566544115543365,0 -52.710446007549763,47.566430708393455,0 -52.710599983111024,47.56615393795073,0 -52.710803914815187,47.565936679020524,0 -52.711147237569094,47.565690502524376,0 -52.711790883913636,47.565306862816215,0 -52.712397985160351,47.564975610002875,0 -52.712521869689226,47.56492062471807,0 -52.712783385068178,47.564822975546122,0 -52.713040290400386,47.56472515873611,0 -52.713162833824754,47.564689787104726,0 -52.713705813512206,47.564532961696386,0 -52.713750908151269,47.564520640298724,0 -52.714618518948555,47.564293406903744,0 -52.714916998520494,47.56421553902328,0 -52.715271636843681,47.564141862094402,0 -52.715719398111105,47.564042620360851,0 -52.716464130207896,47.563882526010275,0 -52.716596899554133,47.563861990347505,0 -52.716663535684347,47.563846986740828,0 -52.71681759506464,47.56382167339325,0 -52.716948101297021,47.563805328682065,0 -52.717143483459949,47.563788816332817,0 -52.717260327190161,47.563771214336157,0 -52.717702807858586,47.563724862411618,0 -52.717980332672596,47.563698878511786,0 -52.71833480335772,47.563665099442005,0 -52.718555079773068,47.56365361623466,0 -52.718886835500598,47.563643725588918,0 -52.719525033608079,47.563628805801272,0 -52.719887970015407,47.563616903498769,0 -52.720265658572316,47.563602570444345,0 -52.720241099596024,47.563600474968553,0 -52.721161097288132,47.563591087237,0 -52.722032060846686,47.563597373664379,0 -52.722328612580895,47.563586309552193,0 -52.722452413290739,47.563578430563211,0 -52.722606472671032,47.563572060316801,0 -52.722748881205916,47.563561080023646,0 -52.722884332761168,47.563546914607286,0 -52.722973097115755,47.563534341752529,0 -52.723458660766482,47.563428813591599,0 -52.724199034273624,47.563241310417652,0 -52.724703624844551,47.56313418969512,0 -52.724899593740702,47.563112312927842,0 -52.725011575967073,47.563114324584603,0 -52.725378787145019,47.563158832490444,0 -52.725478112697601,47.563169226050377,0 -52.726226365193725,47.563274083659053,0 -52.726483941078186,47.563286824151874,0 -52.726714527234435,47.563290428370237,0 -52.727631172165275,47.563255475834012,0 -52.727895369753242,47.563242567703128,0 -52.728205835446715,47.563209040090442,0 -52.728553600609303,47.563173668459058,0 -52.72909632883966,47.563120275735855,0 -52.729726312682033,47.563054226338863,0 -52.729920605197549,47.563037378713489,0 -52.73011757992208,47.563028996810317,0 -52.730197291821241,47.563029332086444,0 -52.730306005105376,47.563033103942871,0 -52.730443133041263,47.563041234388947,0 -52.730693332850933,47.563073337078094,0 -52.731098597869277,47.563138632103801,0 -52.731187865138054,47.563148187473416,0 -52.731493301689625,47.563180960714817,0 -52.731760013848543,47.563209710642695,0 -52.731898734346032,47.563220439478755,0 -52.732040723785758,47.56322655826807,0 -52.73259200155735,47.563228318467736,0 -52.732901461422443,47.563224881887436,0 -52.733695479109883,47.563209291547537,0 -52.734909513965249,47.56318548694253,0 -52.735525416210294,47.563170231878757,0 -52.736827963963151,47.563172494992614,0 -52.7374851051718,47.563186995685101,0 -52.738094972446561,47.5632094591856,0 -52.738726967945695,47.563279280439019,0 -52.739401459693909,47.563336864113808,0 -52.739574462175369,47.563353460282087,0 -52.739819884300232,47.5633579865098,0 -52.739925915375352,47.563351700082421,0 -52.740078801289201,47.563331834971905,0 -52.740376526489854,47.563263019546866,0 -52.740878099575639,47.563125472515821,0 -52.741461228579283,47.562952889129519,0 -52.742162626236677,47.562743593007326,0 -52.742412323132157,47.562701934948564,0 -52.74284147657454,47.562587941065431,0 -52.743238359689713,47.562455758452415,0 -52.743481518700719,47.562367329373956,0 -52.743611270561814,47.562319971621037,0 -52.744232201948762,47.562046721577644,0 -52.745145661756396,47.561645479872823,0 -52.745772711932659,47.561398632824421,0 -52.745845383033156,47.561365608125925,0 -52.746003130450845,47.561297127977014,0 -52.746178060770035,47.561218673363328,0 -52.746278895065188,47.561178859323263,0 -52.746341759338975,47.561214230954647,0 -52.746508894488215,47.561168130487204,0 -52.746619870886207,47.561135608702898,0 -52.746733697131276,47.561105266213417,0 -52.746865041553974,47.561074085533619,0 -52.747020022943616,47.561038294807076,0 -52.747159413993359,47.561006192117929,0 -52.747298888862133,47.560978615656495,0 -52.747438363730907,47.560954559594393,0 -52.747614132240415,47.560927486047149,0 -52.74782158434391,47.560888091102242,0 -52.748031886294484,47.560841487720609,0 -52.748309411108494,47.560770241543651,0 -52.748565562069416,47.560684410855174,0 -52.748726159334183,47.5606226362288,0 -52.748894803225994,47.560547199100256,0 -52.749124383553863,47.560443263500929,0 -52.749182134866714,47.560413926839828,0 -52.74922052398324,47.56034410558641,0 -52.749408613890409,47.560262214392424,0 -52.749831061810255,47.560052499175072,0 -52.750247390940785,47.559815626591444,0 -52.750668162479997,47.559621669352055,0 -52.750952895730734,47.559498874470592,0 -52.751180296763778,47.559408182278275,0 -52.751401662826538,47.559328218922019,0 -52.751591512933373,47.559264097362757,0 -52.751735765486956,47.55921883508563,0 -52.751890076324344,47.559173405170441,0 -52.752077914774418,47.55912403576076,0 -52.752247899770737,47.5590839702636,0 -52.75296681560576,47.558919098228216,0 -52.753635607659817,47.558766128495336,0 -52.754217311739922,47.558644507080317,0 -52.754516797140241,47.55857820622623,0 -52.754942262545228,47.55848634056747,0 -52.755779698491096,47.558307722210884,0 -52.756002489477396,47.558260280638933,0 -52.756303986534476,47.558196159079671,0 -52.756343716755509,47.558187777176499,0 -52.756712436676025,47.558107310906053,0 -52.756990129128098,47.558046625927091,0 -52.757239574566483,47.557985102757812,0 -52.757478123530746,47.557919723913074,0 -52.757915910333395,47.557799611240625,0 -52.758156890049577,47.557733478024602,0 -52.758205505087972,47.557719564065337,0 -52.758858371526003,47.557525103911757,0 -52.759390119463205,47.557371212169528,0 -52.760060336440802,47.557182116433978,0 -52.761157527565956,47.556863771751523,0 -52.761792624369264,47.556673921644688,0 -52.761874180287123,47.556650033220649,0 -52.762165199965239,47.556564789265394,0 -52.762759393081069,47.556390780955553,0 -52.76351728476584,47.556168828159571,0 -52.764539206400514,47.555866492912173,0 -52.76512392796576,47.555709080770612,0 -52.765371697023511,47.555634565651417,0 -52.765569090843201,47.555575221776962,0 -52.765738237649202,47.555524427443743,0 -52.766544660553336,47.555274227634072,0 -52.766689332202077,47.555237095803022,0 -52.767714187502861,47.554930988699198,0 -52.768013421446085,47.554848175495863,0 -52.768273008987308,47.554776258766651,0 -52.768412232398987,47.554737702012062,0 -52.769013131037354,47.554554892703891,0 -52.769290739670396,47.554453304037452,0 -52.769525600597262,47.554364958778024,0 -52.769747385755181,47.554275188595057,0 -52.770438138395548,47.553970674052835,0 -52.770944237709045,47.553747463971376,0 -52.771183038130403,47.553638918325305,0 -52.771435668691993,47.553525427356362,0 -52.771471459418535,47.553509334102273,0 -52.771881334483624,47.553325267508626,0 -52.771904468536377,47.553314873948693,0 -52.772173779085279,47.553191995248199,0 -52.772329263389111,47.553121000528336,0 -52.772659678012133,47.552970293909311,0 -52.772848606109619,47.552884127944708,0 -52.773793833330274,47.552470983937383,0 -52.774720788002014,47.55206580273807,0 -52.77478608302772,47.552035795524716,0 -52.775146588683128,47.551870001479983,0 -52.775503993034363,47.551705632358789,0 -52.775902803987265,47.551531121134758,0 -52.776039764285088,47.55147110670805,0 -52.776650302112103,47.551203807815909,0 -52.777199819684029,47.550963331013918,0 -52.777395285665989,47.550881858915091,0 -52.777695525437593,47.550752693787217,0 -52.778169605880976,47.550545576959848,0 -52.778377896174788,47.550454633310437,0 -52.778882570564747,47.550234189257026,0 -52.779092704877257,47.550142658874393,0 -52.779639204964042,47.549904277548194,0 -52.781332433223724,47.549165664240718,0 -52.781479032710195,47.549101877957582,0 -52.781496969982982,47.549094082787633,0 -52.783301929011941,47.548308782279491,0 -52.783556822687387,47.548204092308879,0 -52.784301303327084,47.547905864194036,0 -52.784717381000519,47.547742668539286,0 -52.785095572471619,47.54761048592627,0 -52.785513997077942,47.5474638864398,0 -52.787788510322571,47.546701719984412,0 -52.788036866113544,47.546616140753031,0 -52.788953930139542,47.546294778585434,0 -52.790052713826299,47.545911138877273,0 -52.790903560817242,47.545597404241562,0 -52.791591295972466,47.545326333492994,0 -52.791641922667623,47.545306384563446,0 -52.792699299752712,47.54486046731472,0 -52.794925533235073,47.543901326134801,0 -52.795191407203674,47.543786829337478,0 -52.796082403510809,47.543398998677731,0 -52.797330804169178,47.54285559989512,0 -52.797675132751465,47.542705815285444,0 -52.798164216801524,47.542497189715505,0 -52.798679368570447,47.542277416214347,0 -52.799120927229524,47.542089074850082,0 -52.799506662413478,47.541921101510525,0 -52.800182914361358,47.541626561433077,0 -52.801580429077148,47.541012922301888,0 -52.803785959258676,47.540083201602101,0 -52.804104303941131,47.539949007332325,0 -52.80457679182291,47.539744405075908,0 -52.805275088176131,47.539441986009479,0 -52.806878797709942,47.538764895871282,0 -52.807409036904573,47.53855618648231,0 -52.80780223198235,47.538424925878644,0 -52.808385360985994,47.538251923397183,0 -52.809017188847065,47.5380939245224,0 -52.809609202668071,47.537971632555127,0 -52.810227703303099,47.537861159071326,0 -52.815465973690152,47.536933366209269,0 -52.818157402798533,47.536456687375903,0 -52.819708893075585,47.536175977438688,0 -52.820689827203751,47.535990988835692,0 -52.821091823279858,47.535898620262742,0 -52.821860611438751,47.535707680508494,0 -52.82323457300663,47.535376595333219,0 -52.82493744045496,47.534968480467796,0 -52.825769511982799,47.534768991172314,0 -52.827835734933615,47.534278398379683,0 -52.83016967587173,47.533717313781381,0 -52.831125296652317,47.533476166427135,0 -52.831588899716735,47.533359490334988,0 -52.831815714016557,47.533301068469882,0 -52.832012688741088,47.533247508108616,0 -52.832188541069627,47.533196797594428,0 -52.832343019545078,47.533149858936667,0 -52.832501772791147,47.533099064603448,0 -52.832650383934379,47.533047515898943,0 -52.832747865468264,47.533009378239512,0 -52.832841407507658,47.532968893647194,0 -52.832941990345716,47.532924972474575,0 -52.833036538213491,47.532882895320654,0 -52.833220940083265,47.532794885337353,0 -52.833401737734675,47.532703271135688,0 -52.833622768521309,47.532584331929684,0 -52.833873722702265,47.532420884817839,0 -52.834307570010424,47.5320999417454,0 -52.834415026009083,47.532015116885304,0 -52.834517620503902,47.531931465491652,0 -52.834607139229774,47.531850161030889,0 -52.834696238860488,47.531764078885317,0 -52.834773184731603,47.531680762767792,0 -52.834875779226422,47.531566517427564,0 -52.834973512217402,47.531445566564798,0 -52.835102174431086,47.531269630417228,0 -52.835221868008375,47.53109042532742,0 -52.835422698408365,47.530727069824934,0 -52.835576087236404,47.530478211119771,0 -52.835692930966616,47.530280398204923,0 -52.835772978141904,47.530142767354846,0 -52.835991326719522,47.529754601418972,0 -52.83655408769846,47.528787665069103,0 -52.836624328047037,47.528684986755252,0 -52.836700100451708,47.5285754352808,0 -52.836824906989932,47.528418190777302,0 -52.836966477334499,47.528257677331567,0 -52.837120201438665,47.528098924085498,0 -52.83729781396687,47.527930280193686,0 -52.837480287998915,47.527764905244112,0 -52.837679525837302,47.527599614113569,0 -52.837888402864337,47.527439100667834,0 -52.838056376203895,47.527325609698892,0 -52.838148912414908,47.527268696576357,0 -52.838236503303051,47.527215387672186,0 -52.838344294577837,47.527152188122272,0 -52.838454935699701,47.527092173695564,0 -52.838569013401866,47.527032326906919,0 -52.838692562654614,47.526973905041814,0 -52.838805131614208,47.526925709098577,0 -52.838923064991832,47.526876591145992,0 -52.839037477970123,47.526833340525627,0 -52.83914870582521,47.526791514828801,0 -52.839255658909678,47.526753041893244,0 -52.839350374415517,47.526721023023129,0 -52.839452717453241,47.52668933942914,0 -52.839554389938712,47.526657823473215,0 -52.839654637500644,47.526632091030478,0 -52.839751280844212,47.526607532054186,0 -52.839867873117328,47.526579285040498,0 -52.83997206017375,47.526557324454188,0 -52.840053616091609,47.526541901752353,0 -52.840141458436847,47.526526562869549,0 -52.840230977162719,47.52651440910995,0 -52.840317813679576,47.52650217153132,0 -52.840539431199431,47.526474595069885,0 -52.841355409473181,47.526395302265882,0 -52.841623798012733,47.52635951153934,0 -52.84196469001472,47.526323804631829,0 -52.842290913686156,47.526295222342014,0 -52.842656699940562,47.526267562061548,0 -52.84307680092752,47.526243338361382,0 -52.843333538621664,47.526233699172735,0 -52.843637298792601,47.526230178773403,0 -52.843882134184241,47.526230178773403,0 -52.844105092808604,47.526232106611133,0 -52.844339702278376,47.526237135753036,0 -52.84460037946701,47.526241410523653,0 -52.845338992774487,47.526248702779412,0 -52.845595730468631,47.526258006691933,0 -52.845884319394827,47.52627301029861,0 -52.84620501101017,47.526342999190092,0 -52.846505669876933,47.526380214840174,0 -52.846666099503636,47.526392703875899,0 -52.846789313480258,47.526404689997435,0 -52.846891991794109,47.526420196518302,0 -52.847010008990765,47.526444839313626,0 -52.847107658162713,47.526469398289919,0 -52.847213437780738,47.526501333341002,0 -52.847297675907612,47.526536034420133,0 -52.847376214340329,47.526576602831483,0 -52.847448801621795,47.526624966412783,0 -52.847533291205764,47.526698727160692,0 -52.847600597888231,47.52678313292563,0 -52.847643429413438,47.52686326391995,0 -52.847668323665857,47.526941131800413,0 -52.847683494910598,47.527023609727621,0 -52.847690703347325,47.5271041598171,0 -52.847682824358344,47.527146488428116,0 -52.847671676427126,47.527188817039132,0 -52.847653571516275,47.527234079316258,0 -52.847633790224791,47.52727422863245,0 -52.847614260390401,47.52731186337769,0 -52.847590958699584,47.527348324656487,0 -52.847564723342657,47.527384702116251,0 -52.847536141052842,47.527419906109571,0 -52.847504960373044,47.52745158970356,0 -52.847478725016117,47.527475226670504,0 -52.847442263737321,47.527503808960319,0 -52.847404880449176,47.527528116479516,0 -52.84736649133265,47.527554016560316,0 -52.847322821617126,47.527579581364989,0 -52.847274709492922,47.527603218331933,0 -52.847221316769719,47.52762459218502,0 -52.847166834399104,47.527644541114569,0 -52.847110005095601,47.52766122110188,0 -52.847054600715637,47.527675973251462,0 -52.846983689814806,47.527689468115568,0 -52.846929291263223,47.527696676552296,0 -52.846872378140688,47.527701621875167,0 -52.846819991245866,47.527705477550626,0 -52.846757797524333,47.527706231921911,0 -52.846712116152048,47.527706483379006,0 -52.846659729257226,47.527703633531928,0 -52.846612958237529,47.527700616046786,0 -52.846556715667248,47.527694413438439,0 -52.846499299630523,47.527685780078173,0 -52.846439620479941,47.527673961594701,0 -52.846387065947056,47.52766122110188,0 -52.846325039863586,47.527643283829093,0 -52.846276424825191,47.527623837813735,0 -52.846225379034877,47.527601206675172,0 -52.846174333244562,47.527577569708228,0 -52.846129238605499,47.527554016560316,0 -52.846072325482965,47.527516633272171,0 -52.846028571948409,47.527481094002724,0 -52.845984902232885,47.527440777048469,0 -52.84594458527863,47.527399202808738,0 -52.845919271931052,47.527366010472178,0 -52.845881385728717,47.527302978560328,0 -52.845860095694661,47.527255536988378,0 -52.845845762640238,47.527213962748647,0 -52.845831764861941,47.52717113122344,0 -52.845817599445581,47.527109859511256,0 -52.845808211714029,47.527048336341977,0 -52.845801506191492,47.526987735182047,0 -52.84579748287797,47.526923362165689,0 -52.845801506191492,47.526678778231144,0 -52.845803936943412,47.526494041085243,0 -52.845807792618871,47.52609078772366,0 -52.845810139551759,47.525218399241567,0 -52.845900496467948,47.524245092645288,0 -52.845908375456929,47.524181809276342,0 -52.845945172011852,47.523950384929776,0 -52.845994960516691,47.523672441020608,0 -52.846023961901665,47.523539504036307,0 -52.846057908609509,47.523407908156514,0 -52.846097387373447,47.523274384438992,0 -52.846141140908003,47.52314287237823,0 -52.84618841484189,47.523018484935164,0 -52.846237784251571,47.522892169654369,0 -52.846340211108327,47.522640964016318,0 -52.846460239961743,47.522391183301806,0 -52.846595691516995,47.522145677357912,0 -52.846874138340354,47.521685091778636,0 -52.847467241808772,47.520779930055141,0 -52.847583666443825,47.520599383860826,0 -52.848375588655472,47.519339919090271,0 -52.849035328254104,47.518337778747082,0 -52.849727505818009,47.517318204045296,0 -52.849982315674424,47.516946969553828,0 -52.85024399869144,47.516558887436986,0 -52.850567037239671,47.516073575243354,0 -52.850656472146511,47.515933010727167,0 -52.851046901196241,47.515304032713175,0 -52.851344794034958,47.514847805723548,0 -52.851906633004546,47.513944571837783,0 -52.852059938013554,47.513721361756325,0 -52.852214416489005,47.513493541628122,0 -52.852361937984824,47.513270415365696,0 -52.852502167224884,47.513052066788077,0 -52.852655304595828,47.512815613299608,0 -52.85280978307128,47.512573376297951,0 -52.853113207966089,47.512120502069592,0 -52.853297526016831,47.511850520968437,0 -52.853474719449878,47.51158531755209,0 -52.853671694174409,47.511292286217213,0 -52.853810582309961,47.511076787486672,0 -52.853933963924646,47.510880483314395,0 -52.855634903535247,47.508318806067109,0 -52.857400132343173,47.505656629800797,0 -52.857868513092399,47.504897816106677,0 -52.858293140307069,47.50426908954978,0 -52.858884735032916,47.503393180668354,0 -52.859728876501322,47.502143103629351,0 -52.861437359824777,47.49947271309793,0 -52.861602064222097,47.499215304851532,0 -52.862570006400347,47.497726259753108,0 -52.864004233852029,47.495438167825341,0 -52.864210596308112,47.495079590007663,0 -52.86524492315948,47.493282426148653,0 -52.865501577034593,47.492828965187073,0 -52.865841882303357,47.49222781509161,0 </coordinates></LineString></MultiGeometry></Placemark></Folder><Folder><name>[C2 EB] One-way - Deep Brook NS (Highway 1 under Highway 101)</name><Folder><name>Points</name><Style><ListStyle><listItemType>checkHideChildren</listItemType></ListStyle></Style><Placemark><Style><IconStyle><scale>0.9</scale><Icon><href>http://connect.garmin.com/image/main/icons/kml/grn-play.png</href></Icon></IconStyle></Style><Point><altitudeMode>clampToGround</altitudeMode><coordinates>-65.67550334148109,44.618075815960765,0</coordinates></Point></Placemark><Placemark><styleUrl>#point</styleUrl><Point><altitudeMode>clampToGround</altitudeMode><coordinates>-65.675491103902459,44.618085119873285,0</coordinates></Point></Placemark><Placemark><styleUrl>#point</styleUrl><Point><altitudeMode>clampToGround</altitudeMode><coordinates>-65.675103273242712,44.618862960487604,0</coordinates></Point></Placemark><Placemark><styleUrl>#point</styleUrl><Point><altitudeMode>clampToGround</altitudeMode><coordinates>-65.674837902188301,44.619423793628812,0</coordinates></Point></Placemark><Placemark><styleUrl>#point</styleUrl><Point><altitudeMode>clampToGround</altitudeMode><coordinates>-65.674752490594983,44.619595035910606,0</coordinates></Point></Placemark><Placemark><styleUrl>#point</styleUrl><Point><altitudeMode>clampToGround</altitudeMode><coordinates>-65.67468099296093,44.619766781106591,0</coordinates></Point></Placemark><Placemark><styleUrl>#point</styleUrl><Point><altitudeMode>clampToGround</altitudeMode><coordinates>-65.674633383750916,44.619938107207417,0</coordinates></Point></Placemark><Placemark><styleUrl>#point</styleUrl><Point><altitudeMode>clampToGround</altitudeMode><coordinates>-65.674621565267444,44.619983369484544,0</coordinates></Point></Placemark><Placemark><styleUrl>#point</styleUrl><Point><altitudeMode>clampToGround</altitudeMode><coordinates>-65.674600107595325,44.620118904858828,0</coordinates></Point></Placemark><Placemark><styleUrl>#point</styleUrl><Point><altitudeMode>clampToGround</altitudeMode><coordinates>-65.674547301605344,44.620614359155297,0</coordinates></Point></Placemark><Placemark><styleUrl>#point</styleUrl><Point><altitudeMode>clampToGround</altitudeMode><coordinates>-65.674406485632062,44.623009571805596,0</coordinates></Point></Placemark><Placemark><styleUrl>#point</styleUrl><Point><altitudeMode>clampToGround</altitudeMode><coordinates>-65.674411682412028,44.623315595090389,0</coordinates></Point></Placemark><Placemark><styleUrl>#point</styleUrl><Point><altitudeMode>clampToGround</altitudeMode><coordinates>-65.67423926666379,44.625351391732693,0</coordinates></Point></Placemark><Placemark><styleUrl>#point</styleUrl><Point><altitudeMode>clampToGround</altitudeMode><coordinates>-65.67405947484076,44.625830082222819,0</coordinates></Point></Placemark><Placemark><styleUrl>#point</styleUrl><Point><altitudeMode>clampToGround</altitudeMode><coordinates>-65.6738640088588,44.626128980889916,0</coordinates></Point></Placemark><Placemark><styleUrl>#point</styleUrl><Point><altitudeMode>clampToGround</altitudeMode><coordinates>-65.673579107969999,44.626348167657852,0</coordinates></Point></Placemark><Placemark><styleUrl>#point</styleUrl><Point><altitudeMode>clampToGround</altitudeMode><coordinates>-65.672882404178381,44.626850578933954,0</coordinates></Point></Placemark><Placemark><styleUrl>#point</styleUrl><Point><altitudeMode>clampToGround</altitudeMode><coordinates>-65.670623062178493,44.628520337864757,0</coordinates></Point></Placemark><Placemark><styleUrl>#point</styleUrl><Point><altitudeMode>clampToGround</altitudeMode><coordinates>-65.669321017339826,44.629568997770548,0</coordinates></Point></Placemark><Placemark><styleUrl>#point</styleUrl><Point><altitudeMode>clampToGround</altitudeMode><coordinates>-65.668628588318825,44.630250362679362,0</coordinates></Point></Placemark><Placemark><styleUrl>#point</styleUrl><Point><altitudeMode>clampToGround</altitudeMode><coordinates>-65.668070102110505,44.630661411210895,0</coordinates></Point></Placemark></Folder><Placemark><name>[C2 EB] One-way - Deep Brook NS (Highway 1 under Highway 101)</name><Style><LineStyle><color>ff008080</color><width>4</width></LineStyle></Style><MultiGeometry><LineString><coordinates>-65.67550334148109,44.618075815960765,0 -65.675491103902459,44.618085119873285,0 -65.675103273242712,44.618862960487604,0 -65.674837902188301,44.619423793628812,0 -65.674752490594983,44.619595035910606,0 -65.67468099296093,44.619766781106591,0 -65.674633383750916,44.619938107207417,0 -65.674621565267444,44.619983369484544,0 -65.674600107595325,44.620118904858828,0 -65.674547301605344,44.620614359155297,0 -65.674406485632062,44.623009571805596,0 -65.674411682412028,44.623315595090389,0 -65.67423926666379,44.625351391732693,0 -65.67405947484076,44.625830082222819,0 -65.6738640088588,44.626128980889916,0 -65.673579107969999,44.626348167657852,0 -65.672882404178381,44.626850578933954,0 -65.670623062178493,44.628520337864757,0 -65.669321017339826,44.629568997770548,0 -65.668628588318825,44.630250362679362,0 -65.668070102110505,44.630661411210895,0 </coordinates></LineString></MultiGeometry></Placemark></Folder><Folder><name>[C2 EB] One-way - Halifax NS (Hollis Street)</name><Folder><name>Points</name><Style><ListStyle><listItemType>checkHideChildren</listItemType></ListStyle></Style><Placemark><Style><IconStyle><scale>0.9</scale><Icon><href>http://connect.garmin.com/image/main/icons/kml/grn-play.png</href></Icon></IconStyle></Style><Point><altitudeMode>clampToGround</altitudeMode><coordinates>-63.57540400698781,44.651572834700346,0</coordinates></Point></Placemark><Placemark><styleUrl>#point</styleUrl><Point><altitudeMode>clampToGround</altitudeMode><coordinates>-63.57546167448163,44.65153151191771,0</coordinates></Point></Placemark><Placemark><styleUrl>#point</styleUrl><Point><altitudeMode>clampToGround</altitudeMode><coordinates>-63.574980804696679,44.651217525824904,0</coordinates></Point></Placemark><Placemark><styleUrl>#point</styleUrl><Point><altitudeMode>clampToGround</altitudeMode><coordinates>-63.574867732822895,44.651143597438931,0</coordinates></Point></Placemark><Placemark><styleUrl>#point</styleUrl><Point><altitudeMode>clampToGround</altitudeMode><coordinates>-63.574784835800529,44.651016108691692,0</coordinates></Point></Placemark><Placemark><styleUrl>#point</styleUrl><Point><altitudeMode>clampToGround</altitudeMode><coordinates>-63.574586100876331,44.650793066248298,0</coordinates></Point></Placemark><Placemark><styleUrl>#point</styleUrl><Point><altitudeMode>clampToGround</altitudeMode><coordinates>-63.574428102001548,44.650671863928437,0</coordinates></Point></Placemark><Placemark><styleUrl>#point</styleUrl><Point><altitudeMode>clampToGround</altitudeMode><coordinates>-63.57432508841157,44.650550493970513,0</coordinates></Point></Placemark><Placemark><styleUrl>#point</styleUrl><Point><altitudeMode>clampToGround</altitudeMode><coordinates>-63.574277311563492,44.65045016258955,0</coordinates></Point></Placemark><Placemark><styleUrl>#point</styleUrl><Point><altitudeMode>clampToGround</altitudeMode><coordinates>-63.574225511401892,44.650347735732794,0</coordinates></Point></Placemark><Placemark><styleUrl>#point</styleUrl><Point><altitudeMode>clampToGround</altitudeMode><coordinates>-63.5741594620049,44.650245811790228,0</coordinates></Point></Placemark><Placemark><styleUrl>#point</styleUrl><Point><altitudeMode>clampToGround</altitudeMode><coordinates>-63.574134232476354,44.650197112932801,0</coordinates></Point></Placemark><Placemark><styleUrl>#point</styleUrl><Point><altitudeMode>clampToGround</altitudeMode><coordinates>-63.573818737640977,44.649513820186257,0</coordinates></Point></Placemark><Placemark><styleUrl>#point</styleUrl><Point><altitudeMode>clampToGround</altitudeMode><coordinates>-63.57332780957222,44.648574376478791,0</coordinates></Point></Placemark><Placemark><styleUrl>#point</styleUrl><Point><altitudeMode>clampToGround</altitudeMode><coordinates>-63.573297467082739,44.648510674014688,0</coordinates></Point></Placemark><Placemark><styleUrl>#point</styleUrl><Point><altitudeMode>clampToGround</altitudeMode><coordinates>-63.573267459869385,44.648447474464774,0</coordinates></Point></Placemark><Placemark><styleUrl>#point</styleUrl><Point><altitudeMode>clampToGround</altitudeMode><coordinates>-63.573175761848688,44.648264581337571,0</coordinates></Point></Placemark><Placemark><styleUrl>#point</styleUrl><Point><altitudeMode>clampToGround</altitudeMode><coordinates>-63.572818273678422,44.647553376853466,0</coordinates></Point></Placemark><Placemark><styleUrl>#point</styleUrl><Point><altitudeMode>clampToGround</altitudeMode><coordinates>-63.572334805503488,44.646572275087237,0</coordinates></Point></Placemark><Placemark><styleUrl>#point</styleUrl><Point><altitudeMode>clampToGround</altitudeMode><coordinates>-63.571517486125231,44.645015923306346,0</coordinates></Point></Placemark><Placemark><styleUrl>#point</styleUrl><Point><altitudeMode>clampToGround</altitudeMode><coordinates>-63.571177935227752,44.644334893673658,0</coordinates></Point></Placemark><Placemark><styleUrl>#point</styleUrl><Point><altitudeMode>clampToGround</altitudeMode><coordinates>-63.570656832307577,44.643326634541154,0</coordinates></Point></Placemark><Placemark><styleUrl>#point</styleUrl><Point><altitudeMode>clampToGround</altitudeMode><coordinates>-63.570027267560363,44.642067924141884,0</coordinates></Point></Placemark><Placemark><styleUrl>#point</styleUrl><Point><altitudeMode>clampToGround</altitudeMode><coordinates>-63.569701965898275,44.641427379101515,0</coordinates></Point></Placemark><Placemark><styleUrl>#point</styleUrl><Point><altitudeMode>clampToGround</altitudeMode><coordinates>-63.569293096661568,44.640670325607061,0</coordinates></Point></Placemark><Placemark><styleUrl>#point</styleUrl><Point><altitudeMode>clampToGround</altitudeMode><coordinates>-63.569223023951054,44.640687173232436,0</coordinates></Point></Placemark><Placemark><styleUrl>#point</styleUrl><Point><altitudeMode>clampToGround</altitudeMode><coordinates>-63.568043187260628,44.640972325578332,0</coordinates></Point></Placemark><Placemark><styleUrl>#point</styleUrl><Point><altitudeMode>clampToGround</altitudeMode><coordinates>-63.567978981882334,44.640985066071153,0</coordinates></Point></Placemark><Placemark><styleUrl>#point</styleUrl><Point><altitudeMode>clampToGround</altitudeMode><coordinates>-63.56767438352108,44.641045834869146,0</coordinates></Point></Placemark></Folder><Placemark><name>[C2 EB] One-way - Halifax NS (Hollis Street)</name><Style><LineStyle><color>ff008080</color><width>4</width></LineStyle></Style><MultiGeometry><LineString><coordinates>-63.57540400698781,44.651572834700346,0 -63.57546167448163,44.65153151191771,0 -63.574980804696679,44.651217525824904,0 -63.574867732822895,44.651143597438931,0 -63.574784835800529,44.651016108691692,0 -63.574586100876331,44.650793066248298,0 -63.574428102001548,44.650671863928437,0 -63.57432508841157,44.650550493970513,0 -63.574277311563492,44.65045016258955,0 -63.574225511401892,44.650347735732794,0 -63.5741594620049,44.650245811790228,0 -63.574134232476354,44.650197112932801,0 -63.573818737640977,44.649513820186257,0 -63.57332780957222,44.648574376478791,0 -63.573297467082739,44.648510674014688,0 -63.573267459869385,44.648447474464774,0 -63.573175761848688,44.648264581337571,0 -63.572818273678422,44.647553376853466,0 -63.572334805503488,44.646572275087237,0 -63.571517486125231,44.645015923306346,0 -63.571177935227752,44.644334893673658,0 -63.570656832307577,44.643326634541154,0 -63.570027267560363,44.642067924141884,0 -63.569701965898275,44.641427379101515,0 -63.569293096661568,44.640670325607061,0 -63.569223023951054,44.640687173232436,0 -63.568043187260628,44.640972325578332,0 -63.567978981882334,44.640985066071153,0 -63.56767438352108,44.641045834869146,0 </coordinates></LineString></MultiGeometry></Placemark></Folder><Folder><name>[C2 WB] One-way - Deep Brook NS (Highway 101 over Highway 1)</name><Folder><name>Points</name><Style><ListStyle><listItemType>checkHideChildren</listItemType></ListStyle></Style><Placemark><Style><IconStyle><scale>0.9</scale><Icon><href>http://connect.garmin.com/image/main/icons/kml/grn-play.png</href></Icon></IconStyle></Style><Point><altitudeMode>clampToGround</altitudeMode><coordinates>-65.668070102110505,44.630661411210895,0</coordinates></Point></Placemark><Placemark><styleUrl>#point</styleUrl><Point><altitudeMode>clampToGround</altitudeMode><coordinates>-65.667306426912546,44.629706125706434,0</coordinates></Point></Placemark><Placemark><styleUrl>#point</styleUrl><Point><altitudeMode>clampToGround</altitudeMode><coordinates>-65.66717809997499,44.629546198993921,0</coordinates></Point></Placemark><Placemark><styleUrl>#point</styleUrl><Point><altitudeMode>clampToGround</altitudeMode><coordinates>-65.667060585692525,44.629376130178571,0</coordinates></Point></Placemark><Placemark><styleUrl>#point</styleUrl><Point><altitudeMode>clampToGround</altitudeMode><coordinates>-65.666944412514567,44.629205893725157,0</coordinates></Point></Placemark><Placemark><styleUrl>#point</styleUrl><Point><altitudeMode>clampToGround</altitudeMode><coordinates>-65.666901161894202,44.629133893176913,0</coordinates></Point></Placemark><Placemark><styleUrl>#point</styleUrl><Point><altitudeMode>clampToGround</altitudeMode><coordinates>-65.666863275691867,44.629060383886099,0</coordinates></Point></Placemark><Placemark><styleUrl>#point</styleUrl><Point><altitudeMode>clampToGround</altitudeMode><coordinates>-65.666830921545625,44.628985617309809,0</coordinates></Point></Placemark><Placemark><styleUrl>#point</styleUrl><Point><altitudeMode>clampToGround</altitudeMode><coordinates>-65.666804015636444,44.628909677267075,0</coordinates></Point></Placemark><Placemark><styleUrl>#point</styleUrl><Point><altitudeMode>clampToGround</altitudeMode><coordinates>-65.666782725602388,44.628832899034023,0</coordinates></Point></Placemark><Placemark><styleUrl>#point</styleUrl><Point><altitudeMode>clampToGround</altitudeMode><coordinates>-65.666767135262489,44.628755282610655,0</coordinates></Point></Placemark><Placemark><styleUrl>#point</styleUrl><Point><altitudeMode>clampToGround</altitudeMode><coordinates>-65.666757160797715,44.62867733091116,0</coordinates></Point></Placemark><Placemark><styleUrl>#point</styleUrl><Point><altitudeMode>clampToGround</altitudeMode><coordinates>-65.666752969846129,44.628599127754569,0</coordinates></Point></Placemark><Placemark><styleUrl>#point</styleUrl><Point><altitudeMode>clampToGround</altitudeMode><coordinates>-65.666754310950637,44.628524361178279,0</coordinates></Point></Placemark><Placemark><styleUrl>#point</styleUrl><Point><altitudeMode>clampToGround</altitudeMode><coordinates>-65.666775517165661,44.628352783620358,0</coordinates></Point></Placemark><Placemark><styleUrl>#point</styleUrl><Point><altitudeMode>clampToGround</altitudeMode><coordinates>-65.666774176061153,44.628298887982965,0</coordinates></Point></Placemark><Placemark><styleUrl>#point</styleUrl><Point><altitudeMode>clampToGround</altitudeMode><coordinates>-65.666810469701886,44.62818187661469,0</coordinates></Point></Placemark><Placemark><styleUrl>#point</styleUrl><Point><altitudeMode>clampToGround</altitudeMode><coordinates>-65.666857240721583,44.628018764778972,0</coordinates></Point></Placemark><Placemark><styleUrl>#point</styleUrl><Point><altitudeMode>clampToGround</altitudeMode><coordinates>-65.666880374774337,44.627947099506855,0</coordinates></Point></Placemark><Placemark><styleUrl>#point</styleUrl><Point><altitudeMode>clampToGround</altitudeMode><coordinates>-65.666905185207725,44.627883480861783,0</coordinates></Point></Placemark><Placemark><styleUrl>#point</styleUrl><Point><altitudeMode>clampToGround</altitudeMode><coordinates>-65.666922284290195,44.627843583002687,0</coordinates></Point></Placemark><Placemark><styleUrl>#point</styleUrl><Point><altitudeMode>clampToGround</altitudeMode><coordinates>-65.666942233219743,44.627804523333907,0</coordinates></Point></Placemark><Placemark><styleUrl>#point</styleUrl><Point><altitudeMode>clampToGround</altitudeMode><coordinates>-65.666965031996369,44.627766134217381,0</coordinates></Point></Placemark><Placemark><styleUrl>#point</styleUrl><Point><altitudeMode>clampToGround</altitudeMode><coordinates>-65.666990596801043,44.627728583291173,0</coordinates></Point></Placemark><Placemark><styleUrl>#point</styleUrl><Point><altitudeMode>clampToGround</altitudeMode><coordinates>-65.667018927633762,44.627692122012377,0</coordinates></Point></Placemark><Placemark><styleUrl>#point</styleUrl><Point><altitudeMode>clampToGround</altitudeMode><coordinates>-65.667049773037434,44.627656834200025,0</coordinates></Point></Placemark><Placemark><styleUrl>#point</styleUrl><Point><altitudeMode>clampToGround</altitudeMode><coordinates>-65.66708330065012,44.627622636035085,0</coordinates></Point></Placemark><Placemark><styleUrl>#point</styleUrl><Point><altitudeMode>clampToGround</altitudeMode><coordinates>-65.667119175195694,44.627589778974652,0</coordinates></Point></Placemark><Placemark><styleUrl>#point</styleUrl><Point><altitudeMode>clampToGround</altitudeMode><coordinates>-65.667157480493188,44.627558263018727,0</coordinates></Point></Placemark><Placemark><styleUrl>#point</styleUrl><Point><altitudeMode>clampToGround</altitudeMode><coordinates>-65.667197965085506,44.627528339624405,0</coordinates></Point></Placemark><Placemark><styleUrl>#point</styleUrl><Point><altitudeMode>clampToGround</altitudeMode><coordinates>-65.667240712791681,44.627499924972653,0</coordinates></Point></Placemark><Placemark><styleUrl>#point</styleUrl><Point><altitudeMode>clampToGround</altitudeMode><coordinates>-65.667285388335586,44.627473102882504,0</coordinates></Point></Placemark><Placemark><styleUrl>#point</styleUrl><Point><altitudeMode>clampToGround</altitudeMode><coordinates>-65.667331991717219,44.627448040992022,0</coordinates></Point></Placemark><Placemark><styleUrl>#point</styleUrl><Point><altitudeMode>clampToGround</altitudeMode><coordinates>-65.667380439117551,44.627424739301205,0</coordinates></Point></Placemark><Placemark><styleUrl>#point</styleUrl><Point><altitudeMode>clampToGround</altitudeMode><coordinates>-65.667515303939581,44.627372100949287,0</coordinates></Point></Placemark><Placemark><styleUrl>#point</styleUrl><Point><altitudeMode>clampToGround</altitudeMode><coordinates>-65.667653772979975,44.627324659377337,0</coordinates></Point></Placemark><Placemark><styleUrl>#point</styleUrl><Point><altitudeMode>clampToGround</altitudeMode><coordinates>-65.667837839573622,44.62727109901607,0</coordinates></Point></Placemark><Placemark><styleUrl>#point</styleUrl><Point><altitudeMode>clampToGround</altitudeMode><coordinates>-65.668564969673753,44.627074962481856,0</coordinates></Point></Placemark><Placemark><styleUrl>#point</styleUrl><Point><altitudeMode>clampToGround</altitudeMode><coordinates>-65.668768230825663,44.627019306644797,0</coordinates></Point></Placemark><Placemark><styleUrl>#point</styleUrl><Point><altitudeMode>clampToGround</altitudeMode><coordinates>-65.668950788676739,44.626972870901227,0</coordinates></Point></Placemark><Placemark><styleUrl>#point</styleUrl><Point><altitudeMode>clampToGround</altitudeMode><coordinates>-65.669051790609956,44.626942612230778,0</coordinates></Point></Placemark><Placemark><styleUrl>#point</styleUrl><Point><altitudeMode>clampToGround</altitudeMode><coordinates>-65.669181039556861,44.626903720200062,0</coordinates></Point></Placemark><Placemark><styleUrl>#point</styleUrl><Point><altitudeMode>clampToGround</altitudeMode><coordinates>-65.669928286224604,44.626711690798402,0</coordinates></Point></Placemark><Placemark><styleUrl>#point</styleUrl><Point><altitudeMode>clampToGround</altitudeMode><coordinates>-65.670617613941431,44.626420838758349,0</coordinates></Point></Placemark><Placemark><styleUrl>#point</styleUrl><Point><altitudeMode>clampToGround</altitudeMode><coordinates>-65.67089119926095,44.626309359446168,0</coordinates></Point></Placemark><Placemark><styleUrl>#point</styleUrl><Point><altitudeMode>clampToGround</altitudeMode><coordinates>-65.670971414074302,44.626274826005101,0</coordinates></Point></Placemark><Placemark><styleUrl>#point</styleUrl><Point><altitudeMode>clampToGround</altitudeMode><coordinates>-65.671313982456923,44.626115737482905,0</coordinates></Point></Placemark><Placemark><styleUrl>#point</styleUrl><Point><altitudeMode>clampToGround</altitudeMode><coordinates>-65.67150542512536,44.626018591225147,0</coordinates></Point></Placemark><Placemark><styleUrl>#point</styleUrl><Point><altitudeMode>clampToGround</altitudeMode><coordinates>-65.672252085059881,44.625587929040194,0</coordinates></Point></Placemark><Placemark><styleUrl>#point</styleUrl><Point><altitudeMode>clampToGround</altitudeMode><coordinates>-65.672787940129638,44.62523153051734,0</coordinates></Point></Placemark><Placemark><styleUrl>#point</styleUrl><Point><altitudeMode>clampToGround</altitudeMode><coordinates>-65.673073763027787,44.625000022351742,0</coordinates></Point></Placemark><Placemark><styleUrl>#point</styleUrl><Point><altitudeMode>clampToGround</altitudeMode><coordinates>-65.673283729702234,44.624830121174455,0</coordinates></Point></Placemark><Placemark><styleUrl>#point</styleUrl><Point><altitudeMode>clampToGround</altitudeMode><coordinates>-65.673728389665484,44.624411864206195,0</coordinates></Point></Placemark><Placemark><styleUrl>#point</styleUrl><Point><altitudeMode>clampToGround</altitudeMode><coordinates>-65.673980684950948,44.624141296371818,0</coordinates></Point></Placemark><Placemark><styleUrl>#point</styleUrl><Point><altitudeMode>clampToGround</altitudeMode><coordinates>-65.674036676064134,44.624080108478665,0</coordinates></Point></Placemark><Placemark><styleUrl>#point</styleUrl><Point><altitudeMode>clampToGround</altitudeMode><coordinates>-65.674049081280828,44.624066781252623,0</coordinates></Point></Placemark><Placemark><styleUrl>#point</styleUrl><Point><altitudeMode>clampToGround</altitudeMode><coordinates>-65.674344208091497,44.62371239438653,0</coordinates></Point></Placemark><Placemark><styleUrl>#point</styleUrl><Point><altitudeMode>clampToGround</altitudeMode><coordinates>-65.6743941642344,44.623649111017585,0</coordinates></Point></Placemark><Placemark><styleUrl>#point</styleUrl><Point><altitudeMode>clampToGround</altitudeMode><coordinates>-65.67457596771419,44.62338013574481,0</coordinates></Point></Placemark><Placemark><styleUrl>#point</styleUrl><Point><altitudeMode>clampToGround</altitudeMode><coordinates>-65.674601867794991,44.623340824618936,0</coordinates></Point></Placemark><Placemark><styleUrl>#point</styleUrl><Point><altitudeMode>clampToGround</altitudeMode><coordinates>-65.674645118415356,44.623264214023948,0</coordinates></Point></Placemark><Placemark><styleUrl>#point</styleUrl><Point><altitudeMode>clampToGround</altitudeMode><coordinates>-65.674645621329546,44.623263124376535,0</coordinates></Point></Placemark><Placemark><styleUrl>#point</styleUrl><Point><altitudeMode>clampToGround</altitudeMode><coordinates>-65.674820970743895,44.622951317578554,0</coordinates></Point></Placemark><Placemark><styleUrl>#point</styleUrl><Point><altitudeMode>clampToGround</altitudeMode><coordinates>-65.675001936033368,44.622553596273065,0</coordinates></Point></Placemark><Placemark><styleUrl>#point</styleUrl><Point><altitudeMode>clampToGround</altitudeMode><coordinates>-65.675144596025348,44.622146990150213,0</coordinates></Point></Placemark><Placemark><styleUrl>#point</styleUrl><Point><altitudeMode>clampToGround</altitudeMode><coordinates>-65.675250291824341,44.621732169762254,0</coordinates></Point></Placemark><Placemark><styleUrl>#point</styleUrl><Point><altitudeMode>clampToGround</altitudeMode><coordinates>-65.675304438918829,44.621317684650421,0</coordinates></Point></Placemark><Placemark><styleUrl>#point</styleUrl><Point><altitudeMode>clampToGround</altitudeMode><coordinates>-65.675334362313151,44.620902864262462,0</coordinates></Point></Placemark><Placemark><styleUrl>#point</styleUrl><Point><altitudeMode>clampToGround</altitudeMode><coordinates>-65.675290189683437,44.619391523301601,0</coordinates></Point></Placemark><Placemark><styleUrl>#point</styleUrl><Point><altitudeMode>clampToGround</altitudeMode><coordinates>-65.675273174419999,44.619157919660211,0</coordinates></Point></Placemark><Placemark><styleUrl>#point</styleUrl><Point><altitudeMode>clampToGround</altitudeMode><coordinates>-65.675281304866076,44.618923561647534,0</coordinates></Point></Placemark><Placemark><styleUrl>#point</styleUrl><Point><altitudeMode>clampToGround</altitudeMode><coordinates>-65.675302091985941,44.618690041825175,0</coordinates></Point></Placemark><Placemark><styleUrl>#point</styleUrl><Point><altitudeMode>clampToGround</altitudeMode><coordinates>-65.675359759479761,44.618464484810829,0</coordinates></Point></Placemark><Placemark><styleUrl>#point</styleUrl><Point><altitudeMode>clampToGround</altitudeMode><coordinates>-65.675431340932846,44.618238592520356,0</coordinates></Point></Placemark><Placemark><styleUrl>#point</styleUrl><Point><altitudeMode>clampToGround</altitudeMode><coordinates>-65.67550334148109,44.618075815960765,0</coordinates></Point></Placemark></Folder><Placemark><name>[C2 WB] One-way - Deep Brook NS (Highway 101 over Highway 1)</name><Style><LineStyle><color>ff008080</color><width>4</width></LineStyle></Style><MultiGeometry><LineString><coordinates>-65.668070102110505,44.630661411210895,0 -65.667306426912546,44.629706125706434,0 -65.66717809997499,44.629546198993921,0 -65.667060585692525,44.629376130178571,0 -65.666944412514567,44.629205893725157,0 -65.666901161894202,44.629133893176913,0 -65.666863275691867,44.629060383886099,0 -65.666830921545625,44.628985617309809,0 -65.666804015636444,44.628909677267075,0 -65.666782725602388,44.628832899034023,0 -65.666767135262489,44.628755282610655,0 -65.666757160797715,44.62867733091116,0 -65.666752969846129,44.628599127754569,0 -65.666754310950637,44.628524361178279,0 -65.666775517165661,44.628352783620358,0 -65.666774176061153,44.628298887982965,0 -65.666810469701886,44.62818187661469,0 -65.666857240721583,44.628018764778972,0 -65.666880374774337,44.627947099506855,0 -65.666905185207725,44.627883480861783,0 -65.666922284290195,44.627843583002687,0 -65.666942233219743,44.627804523333907,0 -65.666965031996369,44.627766134217381,0 -65.666990596801043,44.627728583291173,0 -65.667018927633762,44.627692122012377,0 -65.667049773037434,44.627656834200025,0 -65.66708330065012,44.627622636035085,0 -65.667119175195694,44.627589778974652,0 -65.667157480493188,44.627558263018727,0 -65.667197965085506,44.627528339624405,0 -65.667240712791681,44.627499924972653,0 -65.667285388335586,44.627473102882504,0 -65.667331991717219,44.627448040992022,0 -65.667380439117551,44.627424739301205,0 -65.667515303939581,44.627372100949287,0 -65.667653772979975,44.627324659377337,0 -65.667837839573622,44.62727109901607,0 -65.668564969673753,44.627074962481856,0 -65.668768230825663,44.627019306644797,0 -65.668950788676739,44.626972870901227,0 -65.669051790609956,44.626942612230778,0 -65.669181039556861,44.626903720200062,0 -65.669928286224604,44.626711690798402,0 -65.670617613941431,44.626420838758349,0 -65.67089119926095,44.626309359446168,0 -65.670971414074302,44.626274826005101,0 -65.671313982456923,44.626115737482905,0 -65.67150542512536,44.626018591225147,0 -65.672252085059881,44.625587929040194,0 -65.672787940129638,44.62523153051734,0 -65.673073763027787,44.625000022351742,0 -65.673283729702234,44.624830121174455,0 -65.673728389665484,44.624411864206195,0 -65.673980684950948,44.624141296371818,0 -65.674036676064134,44.624080108478665,0 -65.674049081280828,44.624066781252623,0 -65.674344208091497,44.62371239438653,0 -65.6743941642344,44.623649111017585,0 -65.67457596771419,44.62338013574481,0 -65.674601867794991,44.623340824618936,0 -65.674645118415356,44.623264214023948,0 -65.674645621329546,44.623263124376535,0 -65.674820970743895,44.622951317578554,0 -65.675001936033368,44.622553596273065,0 -65.675144596025348,44.622146990150213,0 -65.675250291824341,44.621732169762254,0 -65.675304438918829,44.621317684650421,0 -65.675334362313151,44.620902864262462,0 -65.675290189683437,44.619391523301601,0 -65.675273174419999,44.619157919660211,0 -65.675281304866076,44.618923561647534,0 -65.675302091985941,44.618690041825175,0 -65.675359759479761,44.618464484810829,0 -65.675431340932846,44.618238592520356,0 -65.67550334148109,44.618075815960765,0 </coordinates></LineString></MultiGeometry></Placemark></Folder><Folder><name>[C2 WB] One-way - Halifax NS (Lower Water Street)</name><Folder><name>Points</name><Style><ListStyle><listItemType>checkHideChildren</listItemType></ListStyle></Style><Placemark><Style><IconStyle><scale>0.9</scale><Icon><href>http://connect.garmin.com/image/main/icons/kml/grn-play.png</href></Icon></IconStyle></Style><Point><altitudeMode>clampToGround</altitudeMode><coordinates>-63.56767438352108,44.641045834869146,0</coordinates></Point></Placemark><Placemark><styleUrl>#point</styleUrl><Point><altitudeMode>clampToGround</altitudeMode><coordinates>-63.567787287756801,44.641041811555624,0</coordinates></Point></Placemark><Placemark><styleUrl>#point</styleUrl><Point><altitudeMode>clampToGround</altitudeMode><coordinates>-63.567940341308713,44.64107827283442,0</coordinates></Point></Placemark><Placemark><styleUrl>#point</styleUrl><Point><altitudeMode>clampToGround</altitudeMode><coordinates>-63.568008486181498,44.641108615323901,0</coordinates></Point></Placemark><Placemark><styleUrl>#point</styleUrl><Point><altitudeMode>clampToGround</altitudeMode><coordinates>-63.568146536126733,44.641185980290174,0</coordinates></Point></Placemark><Placemark><styleUrl>#point</styleUrl><Point><altitudeMode>clampToGround</altitudeMode><coordinates>-63.568300176411867,44.641467109322548,0</coordinates></Point></Placemark><Placemark><styleUrl>#point</styleUrl><Point><altitudeMode>clampToGround</altitudeMode><coordinates>-63.568445015698671,44.641752177849412,0</coordinates></Point></Placemark><Placemark><styleUrl>#point</styleUrl><Point><altitudeMode>clampToGround</altitudeMode><coordinates>-63.568771323189139,44.642394986003637,0</coordinates></Point></Placemark><Placemark><styleUrl>#point</styleUrl><Point><altitudeMode>clampToGround</altitudeMode><coordinates>-63.569086482748389,44.642933188006282,0</coordinates></Point></Placemark><Placemark><styleUrl>#point</styleUrl><Point><altitudeMode>clampToGround</altitudeMode><coordinates>-63.569129481911659,44.643008541315794,0</coordinates></Point></Placemark><Placemark><styleUrl>#point</styleUrl><Point><altitudeMode>clampToGround</altitudeMode><coordinates>-63.569501806050539,44.643616229295731,0</coordinates></Point></Placemark><Placemark><styleUrl>#point</styleUrl><Point><altitudeMode>clampToGround</altitudeMode><coordinates>-63.569771870970726,44.644111515954137,0</coordinates></Point></Placemark><Placemark><styleUrl>#point</styleUrl><Point><altitudeMode>clampToGround</altitudeMode><coordinates>-63.569919308647513,44.644383592531085,0</coordinates></Point></Placemark><Placemark><styleUrl>#point</styleUrl><Point><altitudeMode>clampToGround</altitudeMode><coordinates>-63.569974629208446,44.644486522302032,0</coordinates></Point></Placemark><Placemark><styleUrl>#point</styleUrl><Point><altitudeMode>clampToGround</altitudeMode><coordinates>-63.570072026923299,44.644663129001856,0</coordinates></Point></Placemark><Placemark><styleUrl>#point</styleUrl><Point><altitudeMode>clampToGround</altitudeMode><coordinates>-63.57013707049191,44.644787600263953,0</coordinates></Point></Placemark><Placemark><styleUrl>#point</styleUrl><Point><altitudeMode>clampToGround</altitudeMode><coordinates>-63.570224661380053,44.644930511713028,0</coordinates></Point></Placemark><Placemark><styleUrl>#point</styleUrl><Point><altitudeMode>clampToGround</altitudeMode><coordinates>-63.57026657089591,44.644979797303677,0</coordinates></Point></Placemark><Placemark><styleUrl>#point</styleUrl><Point><altitudeMode>clampToGround</altitudeMode><coordinates>-63.57031736522913,44.645034782588482,0</coordinates></Point></Placemark><Placemark><styleUrl>#point</styleUrl><Point><altitudeMode>clampToGround</altitudeMode><coordinates>-63.570398921146989,44.645119188353419,0</coordinates></Point></Placemark><Placemark><styleUrl>#point</styleUrl><Point><altitudeMode>clampToGround</altitudeMode><coordinates>-63.570552561432123,44.64526729658246,0</coordinates></Point></Placemark><Placemark><styleUrl>#point</styleUrl><Point><altitudeMode>clampToGround</altitudeMode><coordinates>-63.570697819814086,44.645423116162419,0</coordinates></Point></Placemark><Placemark><styleUrl>#point</styleUrl><Point><altitudeMode>clampToGround</altitudeMode><coordinates>-63.570810724049807,44.645573990419507,0</coordinates></Point></Placemark><Placemark><styleUrl>#point</styleUrl><Point><altitudeMode>clampToGround</altitudeMode><coordinates>-63.570908205583692,44.645769959315658,0</coordinates></Point></Placemark><Placemark><styleUrl>#point</styleUrl><Point><altitudeMode>clampToGround</altitudeMode><coordinates>-63.570971572771668,44.646002305671573,0</coordinates></Point></Placemark><Placemark><styleUrl>#point</styleUrl><Point><altitudeMode>clampToGround</altitudeMode><coordinates>-63.571005687117577,44.646184360608459,0</coordinates></Point></Placemark><Placemark><styleUrl>#point</styleUrl><Point><altitudeMode>clampToGround</altitudeMode><coordinates>-63.571010464802384,44.646224677562714,0</coordinates></Point></Placemark><Placemark><styleUrl>#point</styleUrl><Point><altitudeMode>clampToGround</altitudeMode><coordinates>-63.571090009063482,44.646895565092564,0</coordinates></Point></Placemark><Placemark><styleUrl>#point</styleUrl><Point><altitudeMode>clampToGround</altitudeMode><coordinates>-63.571117417886853,44.647043840959668,0</coordinates></Point></Placemark><Placemark><styleUrl>#point</styleUrl><Point><altitudeMode>clampToGround</altitudeMode><coordinates>-63.571168631315231,44.647194379940629,0</coordinates></Point></Placemark><Placemark><styleUrl>#point</styleUrl><Point><altitudeMode>clampToGround</altitudeMode><coordinates>-63.571304837241769,44.647442065179348,0</coordinates></Point></Placemark><Placemark><styleUrl>#point</styleUrl><Point><altitudeMode>clampToGround</altitudeMode><coordinates>-63.571306262165308,44.647504007443786,0</coordinates></Point></Placemark><Placemark><styleUrl>#point</styleUrl><Point><altitudeMode>clampToGround</altitudeMode><coordinates>-63.571367701515555,44.647629987448454,0</coordinates></Point></Placemark><Placemark><styleUrl>#point</styleUrl><Point><altitudeMode>clampToGround</altitudeMode><coordinates>-63.571479013189673,44.647880271077156,0</coordinates></Point></Placemark><Placemark><styleUrl>#point</styleUrl><Point><altitudeMode>clampToGround</altitudeMode><coordinates>-63.571506002917886,44.647944895550609,0</coordinates></Point></Placemark><Placemark><styleUrl>#point</styleUrl><Point><altitudeMode>clampToGround</altitudeMode><coordinates>-63.57153257355094,44.648005664348602,0</coordinates></Point></Placemark><Placemark><styleUrl>#point</styleUrl><Point><altitudeMode>clampToGround</altitudeMode><coordinates>-63.571640197187662,44.648202136158943,0</coordinates></Point></Placemark><Placemark><styleUrl>#point</styleUrl><Point><altitudeMode>clampToGround</altitudeMode><coordinates>-63.571890061721206,44.648549566045403,0</coordinates></Point></Placemark><Placemark><styleUrl>#point</styleUrl><Point><altitudeMode>clampToGround</altitudeMode><coordinates>-63.572041019797325,44.648749390617013,0</coordinates></Point></Placemark><Placemark><styleUrl>#point</styleUrl><Point><altitudeMode>clampToGround</altitudeMode><coordinates>-63.572075217962265,44.648784259334207,0</coordinates></Point></Placemark><Placemark><styleUrl>#point</styleUrl><Point><altitudeMode>clampToGround</altitudeMode><coordinates>-63.572188960388303,44.648869000375271,0</coordinates></Point></Placemark><Placemark><styleUrl>#point</styleUrl><Point><altitudeMode>clampToGround</altitudeMode><coordinates>-63.57230806723237,44.648894984275103,0</coordinates></Point></Placemark><Placemark><styleUrl>#point</styleUrl><Point><altitudeMode>clampToGround</altitudeMode><coordinates>-63.572438322007656,44.648998836055398,0</coordinates></Point></Placemark><Placemark><styleUrl>#point</styleUrl><Point><altitudeMode>clampToGround</altitudeMode><coordinates>-63.57316511683166,44.649528069421649,0</coordinates></Point></Placemark><Placemark><styleUrl>#point</styleUrl><Point><altitudeMode>clampToGround</altitudeMode><coordinates>-63.573228567838669,44.649578360840678,0</coordinates></Point></Placemark><Placemark><styleUrl>#point</styleUrl><Point><altitudeMode>clampToGround</altitudeMode><coordinates>-63.573316829279065,44.649648182094097,0</coordinates></Point></Placemark><Placemark><styleUrl>#point</styleUrl><Point><altitudeMode>clampToGround</altitudeMode><coordinates>-63.573426716029644,44.649763433262706,0</coordinates></Point></Placemark><Placemark><styleUrl>#point</styleUrl><Point><altitudeMode>clampToGround</altitudeMode><coordinates>-63.573405425995588,44.649826884269714,0</coordinates></Point></Placemark><Placemark><styleUrl>#point</styleUrl><Point><altitudeMode>clampToGround</altitudeMode><coordinates>-63.573502320796251,44.649970382452011,0</coordinates></Point></Placemark><Placemark><styleUrl>#point</styleUrl><Point><altitudeMode>clampToGround</altitudeMode><coordinates>-63.573580859228969,44.650086807087064,0</coordinates></Point></Placemark><Placemark><styleUrl>#point</styleUrl><Point><altitudeMode>clampToGround</altitudeMode><coordinates>-63.5736034065485,44.650121759623289,0</coordinates></Point></Placemark><Placemark><styleUrl>#point</styleUrl><Point><altitudeMode>clampToGround</altitudeMode><coordinates>-63.57375587336719,44.650359470397234,0</coordinates></Point></Placemark><Placemark><styleUrl>#point</styleUrl><Point><altitudeMode>clampToGround</altitudeMode><coordinates>-63.573809517547488,44.650442870333791,0</coordinates></Point></Placemark><Placemark><styleUrl>#point</styleUrl><Point><altitudeMode>clampToGround</altitudeMode><coordinates>-63.573817396536469,44.650455191731453,0</coordinates></Point></Placemark><Placemark><styleUrl>#point</styleUrl><Point><altitudeMode>clampToGround</altitudeMode><coordinates>-63.57426792383194,44.650783762335777,0</coordinates></Point></Placemark><Placemark><styleUrl>#point</styleUrl><Point><altitudeMode>clampToGround</altitudeMode><coordinates>-63.57488751411438,44.651235630735755,0</coordinates></Point></Placemark><Placemark><styleUrl>#point</styleUrl><Point><altitudeMode>clampToGround</altitudeMode><coordinates>-63.574924394488335,44.651260022073984,0</coordinates></Point></Placemark><Placemark><styleUrl>#point</styleUrl><Point><altitudeMode>clampToGround</altitudeMode><coordinates>-63.575323121622205,44.651511562988162,0</coordinates></Point></Placemark><Placemark><styleUrl>#point</styleUrl><Point><altitudeMode>clampToGround</altitudeMode><coordinates>-63.57540400698781,44.651572834700346,0</coordinates></Point></Placemark></Folder><Placemark><name>[C2 WB] One-way - Halifax NS (Lower Water Street)</name><Style><LineStyle><color>ff008080</color><width>4</width></LineStyle></Style><MultiGeometry><LineString><coordinates>-63.56767438352108,44.641045834869146,0 -63.567787287756801,44.641041811555624,0 -63.567940341308713,44.64107827283442,0 -63.568008486181498,44.641108615323901,0 -63.568146536126733,44.641185980290174,0 -63.568300176411867,44.641467109322548,0 -63.568445015698671,44.641752177849412,0 -63.568771323189139,44.642394986003637,0 -63.569086482748389,44.642933188006282,0 -63.569129481911659,44.643008541315794,0 -63.569501806050539,44.643616229295731,0 -63.569771870970726,44.644111515954137,0 -63.569919308647513,44.644383592531085,0 -63.569974629208446,44.644486522302032,0 -63.570072026923299,44.644663129001856,0 -63.57013707049191,44.644787600263953,0 -63.570224661380053,44.644930511713028,0 -63.57026657089591,44.644979797303677,0 -63.57031736522913,44.645034782588482,0 -63.570398921146989,44.645119188353419,0 -63.570552561432123,44.64526729658246,0 -63.570697819814086,44.645423116162419,0 -63.570810724049807,44.645573990419507,0 -63.570908205583692,44.645769959315658,0 -63.570971572771668,44.646002305671573,0 -63.571005687117577,44.646184360608459,0 -63.571010464802384,44.646224677562714,0 -63.571090009063482,44.646895565092564,0 -63.571117417886853,44.647043840959668,0 -63.571168631315231,44.647194379940629,0 -63.571304837241769,44.647442065179348,0 -63.571306262165308,44.647504007443786,0 -63.571367701515555,44.647629987448454,0 -63.571479013189673,44.647880271077156,0 -63.571506002917886,44.647944895550609,0 -63.57153257355094,44.648005664348602,0 -63.571640197187662,44.648202136158943,0 -63.571890061721206,44.648549566045403,0 -63.572041019797325,44.648749390617013,0 -63.572075217962265,44.648784259334207,0 -63.572188960388303,44.648869000375271,0 -63.57230806723237,44.648894984275103,0 -63.572438322007656,44.648998836055398,0 -63.57316511683166,44.649528069421649,0 -63.573228567838669,44.649578360840678,0 -63.573316829279065,44.649648182094097,0 -63.573426716029644,44.649763433262706,0 -63.573405425995588,44.649826884269714,0 -63.573502320796251,44.649970382452011,0 -63.573580859228969,44.650086807087064,0 -63.5736034065485,44.650121759623289,0 -63.57375587336719,44.650359470397234,0 -63.573809517547488,44.650442870333791,0 -63.573817396536469,44.650455191731453,0 -63.57426792383194,44.650783762335777,0 -63.57488751411438,44.651235630735755,0 -63.574924394488335,44.651260022073984,0 -63.575323121622205,44.651511562988162,0 -63.57540400698781,44.651572834700346,0 </coordinates></LineString></MultiGeometry></Placemark></Folder><Folder><name>[C3 EB] One-way - New Glasgow NS (George Street)</name><Folder><name>Points</name><Style><ListStyle><listItemType>checkHideChildren</listItemType></ListStyle></Style><Placemark><Style><IconStyle><scale>0.9</scale><Icon><href>http://connect.garmin.com/image/main/icons/kml/grn-play.png</href></Icon></IconStyle></Style><Point><altitudeMode>clampToGround</altitudeMode><coordinates>-62.645474430173635,45.589464968070388,0</coordinates></Point></Placemark><Placemark><styleUrl>#point</styleUrl><Point><altitudeMode>clampToGround</altitudeMode><coordinates>-62.644752161577344,45.589348124340177,0</coordinates></Point></Placemark><Placemark><styleUrl>#point</styleUrl><Point><altitudeMode>clampToGround</altitudeMode><coordinates>-62.644419735297561,45.589294312521815,0</coordinates></Point></Placemark><Placemark><styleUrl>#point</styleUrl><Point><altitudeMode>clampToGround</altitudeMode><coordinates>-62.643712721765041,45.589193059131503,0</coordinates></Point></Placemark><Placemark><styleUrl>#point</styleUrl><Point><altitudeMode>clampToGround</altitudeMode><coordinates>-62.643632590770721,45.589180570095778,0</coordinates></Point></Placemark><Placemark><styleUrl>#point</styleUrl><Point><altitudeMode>clampToGround</altitudeMode><coordinates>-62.643486661836505,45.589157687500119,0</coordinates></Point></Placemark><Placemark><styleUrl>#point</styleUrl><Point><altitudeMode>clampToGround</altitudeMode><coordinates>-62.643173513934016,45.589108569547534,0</coordinates></Point></Placemark><Placemark><styleUrl>#point</styleUrl><Point><altitudeMode>clampToGround</altitudeMode><coordinates>-62.642684178426862,45.58904143050313,0</coordinates></Point></Placemark><Placemark><styleUrl>#point</styleUrl><Point><altitudeMode>clampToGround</altitudeMode><coordinates>-62.641793014481664,45.589284338057041,0</coordinates></Point></Placemark><Placemark><styleUrl>#point</styleUrl><Point><altitudeMode>clampToGround</altitudeMode><coordinates>-62.641639793291688,45.589315183460712,0</coordinates></Point></Placemark><Placemark><styleUrl>#point</styleUrl><Point><altitudeMode>clampToGround</altitudeMode><coordinates>-62.641557985916734,45.58933169580996,0</coordinates></Point></Placemark><Placemark><styleUrl>#point</styleUrl><Point><altitudeMode>clampToGround</altitudeMode><coordinates>-62.64151188544929,45.589340999722481,0</coordinates></Point></Placemark></Folder><Placemark><name>[C3 EB] One-way - New Glasgow NS (George Street)</name><Style><LineStyle><color>ff006000</color><width>4</width></LineStyle></Style><MultiGeometry><LineString><coordinates>-62.645474430173635,45.589464968070388,0 -62.644752161577344,45.589348124340177,0 -62.644419735297561,45.589294312521815,0 -62.643712721765041,45.589193059131503,0 -62.643632590770721,45.589180570095778,0 -62.643486661836505,45.589157687500119,0 -62.643173513934016,45.589108569547534,0 -62.642684178426862,45.58904143050313,0 -62.641793014481664,45.589284338057041,0 -62.641639793291688,45.589315183460712,0 -62.641557985916734,45.58933169580996,0 -62.64151188544929,45.589340999722481,0 </coordinates></LineString></MultiGeometry></Placemark></Folder><Folder><name>[C3 EB] One-way - St. John's NL (Trans-Canada Highway to Blackhead Rd via Petty Harbour Maddox Cove)</name><Folder><name>Points</name><Style><ListStyle><listItemType>checkHideChildren</listItemType></ListStyle></Style><Placemark><Style><IconStyle><scale>0.9</scale><Icon><href>http://connect.garmin.com/image/main/icons/kml/grn-play.png</href></Icon></IconStyle></Style><Point><altitudeMode>clampToGround</altitudeMode><coordinates>-52.866026787087321,47.491351822391152,0</coordinates></Point></Placemark><Placemark><styleUrl>#point</styleUrl><Point><altitudeMode>clampToGround</altitudeMode><coordinates>-52.865570560097694,47.491967473179102,0</coordinates></Point></Placemark><Placemark><styleUrl>#point</styleUrl><Point><altitudeMode>clampToGround</altitudeMode><coordinates>-52.865486573427916,47.492093285545707,0</coordinates></Point></Placemark><Placemark><styleUrl>#point</styleUrl><Point><altitudeMode>clampToGround</altitudeMode><coordinates>-52.865019533783197,47.492792503908277,0</coordinates></Point></Placemark><Placemark><styleUrl>#point</styleUrl><Point><altitudeMode>clampToGround</altitudeMode><coordinates>-52.864847201853991,47.493006410077214,0</coordinates></Point></Placemark><Placemark><styleUrl>#point</styleUrl><Point><altitudeMode>clampToGround</altitudeMode><coordinates>-52.864726670086384,47.49314739368856,0</coordinates></Point></Placemark><Placemark><styleUrl>#point</styleUrl><Point><altitudeMode>clampToGround</altitudeMode><coordinates>-52.864558612927794,47.493305979296565,0</coordinates></Point></Placemark><Placemark><styleUrl>#point</styleUrl><Point><altitudeMode>clampToGround</altitudeMode><coordinates>-52.864278741180897,47.493517035618424,0</coordinates></Point></Placemark><Placemark><styleUrl>#point</styleUrl><Point><altitudeMode>clampToGround</altitudeMode><coordinates>-52.86406341008842,47.493642177432775,0</coordinates></Point></Placemark><Placemark><styleUrl>#point</styleUrl><Point><altitudeMode>clampToGround</altitudeMode><coordinates>-52.863804996013641,47.493757009506226,0</coordinates></Point></Placemark><Placemark><styleUrl>#point</styleUrl><Point><altitudeMode>clampToGround</altitudeMode><coordinates>-52.863531159237027,47.493850886821747,0</coordinates></Point></Placemark><Placemark><styleUrl>#point</styleUrl><Point><altitudeMode>clampToGround</altitudeMode><coordinates>-52.863153303042054,47.493975274264812,0</coordinates></Point></Placemark><Placemark><styleUrl>#point</styleUrl><Point><altitudeMode>clampToGround</altitudeMode><coordinates>-52.862986838445067,47.494053393602371,0</coordinates></Point></Placemark><Placemark><styleUrl>#point</styleUrl><Point><altitudeMode>clampToGround</altitudeMode><coordinates>-52.862814506515861,47.494193539023399,0</coordinates></Point></Placemark><Placemark><styleUrl>#point</styleUrl><Point><altitudeMode>clampToGround</altitudeMode><coordinates>-52.862642174586654,47.494295295327902,0</coordinates></Point></Placemark><Placemark><styleUrl>#point</styleUrl><Point><altitudeMode>clampToGround</altitudeMode><coordinates>-52.862545279785991,47.494322117418051,0</coordinates></Point></Placemark><Placemark><styleUrl>#point</styleUrl><Point><altitudeMode>clampToGround</altitudeMode><coordinates>-52.862448468804359,47.494332259520888,0</coordinates></Point></Placemark><Placemark><styleUrl>#point</styleUrl><Point><altitudeMode>clampToGround</altitudeMode><coordinates>-52.862320309504867,47.494324380531907,0</coordinates></Point></Placemark><Placemark><styleUrl>#point</styleUrl><Point><altitudeMode>clampToGround</altitudeMode><coordinates>-52.862104475498199,47.494289595633745,0</coordinates></Point></Placemark><Placemark><styleUrl>#point</styleUrl><Point><altitudeMode>clampToGround</altitudeMode><coordinates>-52.862068014219403,47.494270987808704,0</coordinates></Point></Placemark><Placemark><styleUrl>#point</styleUrl><Point><altitudeMode>clampToGround</altitudeMode><coordinates>-52.861978327855468,47.494243159890175,0</coordinates></Point></Placemark><Placemark><styleUrl>#point</styleUrl><Point><altitudeMode>clampToGround</altitudeMode><coordinates>-52.861880511045456,47.494234191253781,0</coordinates></Point></Placemark><Placemark><styleUrl>#point</styleUrl><Point><altitudeMode>clampToGround</altitudeMode><coordinates>-52.861783029511571,47.494244920089841,0</coordinates></Point></Placemark><Placemark><styleUrl>#point</styleUrl><Point><altitudeMode>clampToGround</altitudeMode><coordinates>-52.861694432795048,47.49427417293191,0</coordinates></Point></Placemark><Placemark><styleUrl>#point</styleUrl><Point><altitudeMode>clampToGround</altitudeMode><coordinates>-52.861638190224767,47.494307113811374,0</coordinates></Point></Placemark><Placemark><styleUrl>#point</styleUrl><Point><altitudeMode>clampToGround</altitudeMode><coordinates>-52.861594101414084,47.494347514584661,0</coordinates></Point></Placemark><Placemark><styleUrl>#point</styleUrl><Point><altitudeMode>clampToGround</altitudeMode><coordinates>-52.86145118996501,47.494434770196676,0</coordinates></Point></Placemark><Placemark><styleUrl>#point</styleUrl><Point><altitudeMode>clampToGround</altitudeMode><coordinates>-52.861290676519275,47.494507106021047,0</coordinates></Point></Placemark><Placemark><styleUrl>#point</styleUrl><Point><altitudeMode>clampToGround</altitudeMode><coordinates>-52.861146004870534,47.49457080848515,0</coordinates></Point></Placemark><Placemark><styleUrl>#point</styleUrl><Point><altitudeMode>clampToGround</altitudeMode><coordinates>-52.860976187512279,47.494681281968951,0</coordinates></Point></Placemark><Placemark><styleUrl>#point</styleUrl><Point><altitudeMode>clampToGround</altitudeMode><coordinates>-52.860856577754021,47.494779098778963,0</coordinates></Point></Placemark><Placemark><styleUrl>#point</styleUrl><Point><altitudeMode>clampToGround</altitudeMode><coordinates>-52.860699333250523,47.494974732398987,0</coordinates></Point></Placemark><Placemark><styleUrl>#point</styleUrl><Point><altitudeMode>clampToGround</altitudeMode><coordinates>-52.860655328258872,47.49512979760766,0</coordinates></Point></Placemark><Placemark><styleUrl>#point</styleUrl><Point><altitudeMode>clampToGround</altitudeMode><coordinates>-52.859503906220198,47.49689863063395,0</coordinates></Point></Placemark><Placemark><styleUrl>#point</styleUrl><Point><altitudeMode>clampToGround</altitudeMode><coordinates>-52.858892865478992,47.497837068513036,0</coordinates></Point></Placemark><Placemark><styleUrl>#point</styleUrl><Point><altitudeMode>clampToGround</altitudeMode><coordinates>-52.858856236562133,47.49789347872138,0</coordinates></Point></Placemark><Placemark><styleUrl>#point</styleUrl><Point><altitudeMode>clampToGround</altitudeMode><coordinates>-52.858659597113729,47.498198915272951,0</coordinates></Point></Placemark><Placemark><styleUrl>#point</styleUrl><Point><altitudeMode>clampToGround</altitudeMode><coordinates>-52.858577370643616,47.498379712924361,0</coordinates></Point></Placemark><Placemark><styleUrl>#point</styleUrl><Point><altitudeMode>clampToGround</altitudeMode><coordinates>-52.85847058519721,47.498615914955735,0</coordinates></Point></Placemark><Placemark><styleUrl>#point</styleUrl><Point><altitudeMode>clampToGround</altitudeMode><coordinates>-52.858037995174527,47.499572290107608,0</coordinates></Point></Placemark><Placemark><styleUrl>#point</styleUrl><Point><altitudeMode>clampToGround</altitudeMode><coordinates>-52.857953840866685,47.49973607249558,0</coordinates></Point></Placemark><Placemark><styleUrl>#point</styleUrl><Point><altitudeMode>clampToGround</altitudeMode><coordinates>-52.856785571202636,47.501478167250752,0</coordinates></Point></Placemark><Placemark><styleUrl>#point</styleUrl><Point><altitudeMode>clampToGround</altitudeMode><coordinates>-52.856587003916502,47.50171503983438,0</coordinates></Point></Placemark><Placemark><styleUrl>#point</styleUrl><Point><altitudeMode>clampToGround</altitudeMode><coordinates>-52.856345940381289,47.50195006839931,0</coordinates></Point></Placemark><Placemark><styleUrl>#point</styleUrl><Point><altitudeMode>clampToGround</altitudeMode><coordinates>-52.856084005907178,47.502147629857063,0</coordinates></Point></Placemark><Placemark><styleUrl>#point</styleUrl><Point><altitudeMode>clampToGround</altitudeMode><coordinates>-52.854867791756988,47.502890517935157,0</coordinates></Point></Placemark><Placemark><styleUrl>#point</styleUrl><Point><altitudeMode>clampToGround</altitudeMode><coordinates>-52.854567216709256,47.503086067736149,0</coordinates></Point></Placemark><Placemark><styleUrl>#point</styleUrl><Point><altitudeMode>clampToGround</altitudeMode><coordinates>-52.854288937523961,47.503301315009594,0</coordinates></Point></Placemark><Placemark><styleUrl>#point</styleUrl><Point><altitudeMode>clampToGround</altitudeMode><coordinates>-52.853846373036504,47.503689397126436,0</coordinates></Point></Placemark><Placemark><styleUrl>#point</styleUrl><Point><altitudeMode>clampToGround</altitudeMode><coordinates>-52.853755513206124,47.503751087933779,0</coordinates></Point></Placemark><Placemark><styleUrl>#point</styleUrl><Point><altitudeMode>clampToGround</altitudeMode><coordinates>-52.853649565950036,47.503797607496381,0</coordinates></Point></Placemark><Placemark><styleUrl>#point</styleUrl><Point><altitudeMode>clampToGround</altitudeMode><coordinates>-52.853543115779757,47.503826860338449,0</coordinates></Point></Placemark><Placemark><styleUrl>#point</styleUrl><Point><altitudeMode>clampToGround</altitudeMode><coordinates>-52.851978214457631,47.504234472289681,0</coordinates></Point></Placemark><Placemark><styleUrl>#point</styleUrl><Point><altitudeMode>clampToGround</altitudeMode><coordinates>-52.851853827014565,47.504254085943103,0</coordinates></Point></Placemark><Placemark><styleUrl>#point</styleUrl><Point><altitudeMode>clampToGround</altitudeMode><coordinates>-52.851743437349796,47.504261964932084,0</coordinates></Point></Placemark><Placemark><styleUrl>#point</styleUrl><Point><altitudeMode>clampToGround</altitudeMode><coordinates>-52.851652912795544,47.504258779808879,0</coordinates></Point></Placemark><Placemark><styleUrl>#point</styleUrl><Point><altitudeMode>clampToGround</altitudeMode><coordinates>-52.85153791308403,47.504249224439263,0</coordinates></Point></Placemark><Placemark><styleUrl>#point</styleUrl><Point><altitudeMode>clampToGround</altitudeMode><coordinates>-52.851421488448977,47.504229275509715,0</coordinates></Point></Placemark><Placemark><styleUrl>#point</styleUrl><Point><altitudeMode>clampToGround</altitudeMode><coordinates>-52.851272793486714,47.504189880564809,0</coordinates></Point></Placemark><Placemark><styleUrl>#point</styleUrl><Point><altitudeMode>clampToGround</altitudeMode><coordinates>-52.847886001691222,47.503175502642989,0</coordinates></Point></Placemark><Placemark><styleUrl>#point</styleUrl><Point><altitudeMode>clampToGround</altitudeMode><coordinates>-52.847780473530293,47.503150524571538,0</coordinates></Point></Placemark><Placemark><styleUrl>#point</styleUrl><Point><altitudeMode>clampToGround</altitudeMode><coordinates>-52.847686177119613,47.503133425489068,0</coordinates></Point></Placemark><Placemark><styleUrl>#point</styleUrl><Point><altitudeMode>clampToGround</altitudeMode><coordinates>-52.847549971193075,47.503134766593575,0</coordinates></Point></Placemark><Placemark><styleUrl>#point</styleUrl><Point><altitudeMode>clampToGround</altitudeMode><coordinates>-52.847419381141663,47.503150021657348,0</coordinates></Point></Placemark><Placemark><styleUrl>#point</styleUrl><Point><altitudeMode>clampToGround</altitudeMode><coordinates>-52.847310584038496,47.503171227872372,0</coordinates></Point></Placemark><Placemark><styleUrl>#point</styleUrl><Point><altitudeMode>clampToGround</altitudeMode><coordinates>-52.8420140594244,47.50421829521656,0</coordinates></Point></Placemark><Placemark><styleUrl>#point</styleUrl><Point><altitudeMode>clampToGround</altitudeMode><coordinates>-52.84189629368484,47.503928700461984,0</coordinates></Point></Placemark><Placemark><styleUrl>#point</styleUrl><Point><altitudeMode>clampToGround</altitudeMode><coordinates>-52.832099189981818,47.50586693175137,0</coordinates></Point></Placemark><Placemark><styleUrl>#point</styleUrl><Point><altitudeMode>clampToGround</altitudeMode><coordinates>-52.83196977339685,47.505887718871236,0</coordinates></Point></Placemark><Placemark><styleUrl>#point</styleUrl><Point><altitudeMode>clampToGround</altitudeMode><coordinates>-52.831892827525735,47.505896100774407,0</coordinates></Point></Placemark><Placemark><styleUrl>#point</styleUrl><Point><altitudeMode>clampToGround</altitudeMode><coordinates>-52.831797273829579,47.505891909822822,0</coordinates></Point></Placemark><Placemark><styleUrl>#point</styleUrl><Point><altitudeMode>clampToGround</altitudeMode><coordinates>-52.831686297431588,47.505877325311303,0</coordinates></Point></Placemark><Placemark><styleUrl>#point</styleUrl><Point><altitudeMode>clampToGround</altitudeMode><coordinates>-52.830013269558549,47.505575576797128,0</coordinates></Point></Placemark><Placemark><styleUrl>#point</styleUrl><Point><altitudeMode>clampToGround</altitudeMode><coordinates>-52.829856192693114,47.505552694201469,0</coordinates></Point></Placemark><Placemark><styleUrl>#point</styleUrl><Point><altitudeMode>clampToGround</altitudeMode><coordinates>-52.829800704494119,47.505540205165744,0</coordinates></Point></Placemark><Placemark><styleUrl>#point</styleUrl><Point><altitudeMode>clampToGround</altitudeMode><coordinates>-52.829739097505808,47.505529811605811,0</coordinates></Point></Placemark><Placemark><styleUrl>#point</styleUrl><Point><altitudeMode>clampToGround</altitudeMode><coordinates>-52.829665169119835,47.50552142970264,0</coordinates></Point></Placemark><Placemark><styleUrl>#point</styleUrl><Point><altitudeMode>clampToGround</altitudeMode><coordinates>-52.829464925453067,47.505519418045878,0</coordinates></Point></Placemark><Placemark><styleUrl>#point</styleUrl><Point><altitudeMode>clampToGround</altitudeMode><coordinates>-52.829360067844391,47.505527716130018,0</coordinates></Point></Placemark><Placemark><styleUrl>#point</styleUrl><Point><altitudeMode>clampToGround</altitudeMode><coordinates>-52.829267699271441,47.505540205165744,0</coordinates></Point></Placemark><Placemark><styleUrl>#point</styleUrl><Point><altitudeMode>clampToGround</altitudeMode><coordinates>-52.82917533069849,47.505554705858231,0</coordinates></Point></Placemark><Placemark><styleUrl>#point</styleUrl><Point><altitudeMode>clampToGround</altitudeMode><coordinates>-52.829079777002335,47.505579683929682,0</coordinates></Point></Placemark><Placemark><styleUrl>#point</styleUrl><Point><altitudeMode>clampToGround</altitudeMode><coordinates>-52.829002663493156,47.50560256652534,0</coordinates></Point></Placemark><Placemark><styleUrl>#point</styleUrl><Point><altitudeMode>clampToGround</altitudeMode><coordinates>-52.828925717622042,47.505623437464237,0</coordinates></Point></Placemark><Placemark><styleUrl>#point</styleUrl><Point><altitudeMode>clampToGround</altitudeMode><coordinates>-52.828851789236069,47.505635926499963,0</coordinates></Point></Placemark><Placemark><styleUrl>#point</styleUrl><Point><altitudeMode>clampToGround</altitudeMode><coordinates>-52.828755732625723,47.505648583173752,0</coordinates></Point></Placemark><Placemark><styleUrl>#point</styleUrl><Point><altitudeMode>clampToGround</altitudeMode><coordinates>-52.828757660463452,47.505684290081263,0</coordinates></Point></Placemark><Placemark><styleUrl>#point</styleUrl><Point><altitudeMode>clampToGround</altitudeMode><coordinates>-52.828759923577309,47.505729636177421,0</coordinates></Point></Placemark><Placemark><styleUrl>#point</styleUrl><Point><altitudeMode>clampToGround</altitudeMode><coordinates>-52.82871994189918,47.505730977281928,0</coordinates></Point></Placemark><Placemark><styleUrl>#point</styleUrl><Point><altitudeMode>clampToGround</altitudeMode><coordinates>-52.828652383759618,47.505727875977755,0</coordinates></Point></Placemark><Placemark><styleUrl>#point</styleUrl><Point><altitudeMode>clampToGround</altitudeMode><coordinates>-52.828587675467134,47.505718404427171,0</coordinates></Point></Placemark><Placemark><styleUrl>#point</styleUrl><Point><altitudeMode>clampToGround</altitudeMode><coordinates>-52.828522967174649,47.505710273981094,0</coordinates></Point></Placemark><Placemark><styleUrl>#point</styleUrl><Point><altitudeMode>clampToGround</altitudeMode><coordinates>-52.828488601371646,47.50569342635572,0</coordinates></Point></Placemark><Placemark><styleUrl>#point</styleUrl><Point><altitudeMode>clampToGround</altitudeMode><coordinates>-52.828414337709546,47.505674986168742,0</coordinates></Point></Placemark><Placemark><styleUrl>#point</styleUrl><Point><altitudeMode>clampToGround</altitudeMode><coordinates>-52.828333703801036,47.505666604265571,0</coordinates></Point></Placemark><Placemark><styleUrl>#point</styleUrl><Point><altitudeMode>clampToGround</altitudeMode><coordinates>-52.828241167590022,47.505664424970746,0</coordinates></Point></Placemark><Placemark><styleUrl>#point</styleUrl><Point><altitudeMode>clampToGround</altitudeMode><coordinates>-52.828144859522581,47.505674064159393,0</coordinates></Point></Placemark><Placemark><styleUrl>#point</styleUrl><Point><altitudeMode>clampToGround</altitudeMode><coordinates>-52.828050730749965,47.505705412477255,0</coordinates></Point></Placemark><Placemark><styleUrl>#point</styleUrl><Point><altitudeMode>clampToGround</altitudeMode><coordinates>-52.827991470694542,47.505742041394114,0</coordinates></Point></Placemark><Placemark><styleUrl>#point</styleUrl><Point><altitudeMode>clampToGround</altitudeMode><coordinates>-52.827950902283192,47.505777832120657,0</coordinates></Point></Placemark><Placemark><styleUrl>#point</styleUrl><Point><altitudeMode>clampToGround</altitudeMode><coordinates>-52.827912177890539,47.50582586042583,0</coordinates></Point></Placemark><Placemark><styleUrl>#point</styleUrl><Point><altitudeMode>clampToGround</altitudeMode><coordinates>-52.827886026352644,47.505886293947697,0</coordinates></Point></Placemark><Placemark><styleUrl>#point</styleUrl><Point><altitudeMode>clampToGround</altitudeMode><coordinates>-52.827823162078857,47.505971202626824,0</coordinates></Point></Placemark><Placemark><styleUrl>#point</styleUrl><Point><altitudeMode>clampToGround</altitudeMode><coordinates>-52.827762393280864,47.50603741966188,0</coordinates></Point></Placemark><Placemark><styleUrl>#point</styleUrl><Point><altitudeMode>clampToGround</altitudeMode><coordinates>-52.827738923951983,47.506061224266887,0</coordinates></Point></Placemark><Placemark><styleUrl>#point</styleUrl><Point><altitudeMode>clampToGround</altitudeMode><coordinates>-52.82771922647953,47.506081340834498,0</coordinates></Point></Placemark><Placemark><styleUrl>#point</styleUrl><Point><altitudeMode>clampToGround</altitudeMode><coordinates>-52.827661139890552,47.506129536777735,0</coordinates></Point></Placemark><Placemark><styleUrl>#point</styleUrl><Point><altitudeMode>clampToGround</altitudeMode><coordinates>-52.827579081058502,47.506179912015796,0</coordinates></Point></Placemark><Placemark><styleUrl>#point</styleUrl><Point><altitudeMode>clampToGround</altitudeMode><coordinates>-52.82749492675066,47.50623238272965,0</coordinates></Point></Placemark><Placemark><styleUrl>#point</styleUrl><Point><altitudeMode>clampToGround</altitudeMode><coordinates>-52.826708117499948,47.506713503971696,0</coordinates></Point></Placemark><Placemark><styleUrl>#point</styleUrl><Point><altitudeMode>clampToGround</altitudeMode><coordinates>-52.826637541875243,47.506757760420442,0</coordinates></Point></Placemark><Placemark><styleUrl>#point</styleUrl><Point><altitudeMode>clampToGround</altitudeMode><coordinates>-52.82652891241014,47.506824396550655,0</coordinates></Point></Placemark><Placemark><styleUrl>#point</styleUrl><Point><altitudeMode>clampToGround</altitudeMode><coordinates>-52.826403938233852,47.506893631070852,0</coordinates></Point></Placemark><Placemark><styleUrl>#point</styleUrl><Point><altitudeMode>clampToGround</altitudeMode><coordinates>-52.826324226334691,47.506937719881535,0</coordinates></Point></Placemark><Placemark><styleUrl>#point</styleUrl><Point><altitudeMode>clampToGround</altitudeMode><coordinates>-52.826276114210486,47.506964290514588,0</coordinates></Point></Placemark><Placemark><styleUrl>#point</styleUrl><Point><altitudeMode>clampToGround</altitudeMode><coordinates>-52.826008228585124,47.507111392915249,0</coordinates></Point></Placemark><Placemark><styleUrl>#point</styleUrl><Point><altitudeMode>clampToGround</altitudeMode><coordinates>-52.825572034344077,47.507369136437774,0</coordinates></Point></Placemark><Placemark><styleUrl>#point</styleUrl><Point><altitudeMode>clampToGround</altitudeMode><coordinates>-52.82546466216445,47.507423032075167,0</coordinates></Point></Placemark><Placemark><styleUrl>#point</styleUrl><Point><altitudeMode>clampToGround</altitudeMode><coordinates>-52.825404731556773,47.507447004318237,0</coordinates></Point></Placemark><Placemark><styleUrl>#point</styleUrl><Point><altitudeMode>clampToGround</altitudeMode><coordinates>-52.8253532666713,47.507468210533261,0</coordinates></Point></Placemark><Placemark><styleUrl>#point</styleUrl><Point><altitudeMode>clampToGround</altitudeMode><coordinates>-52.825287887826562,47.507484890520573,0</coordinates></Point></Placemark><Placemark><styleUrl>#point</styleUrl><Point><altitudeMode>clampToGround</altitudeMode><coordinates>-52.825260562822223,47.507491763681173,0</coordinates></Point></Placemark><Placemark><styleUrl>#point</styleUrl><Point><altitudeMode>clampToGround</altitudeMode><coordinates>-52.825195686891675,47.507502408698201,0</coordinates></Point></Placemark><Placemark><styleUrl>#point</styleUrl><Point><altitudeMode>clampToGround</altitudeMode><coordinates>-52.825132235884666,47.50750626437366,0</coordinates></Point></Placemark><Placemark><styleUrl>#point</styleUrl><Point><altitudeMode>clampToGround</altitudeMode><coordinates>-52.825007680803537,47.507495284080505,0</coordinates></Point></Placemark><Placemark><styleUrl>#point</styleUrl><Point><altitudeMode>clampToGround</altitudeMode><coordinates>-52.824964262545109,47.507487488910556,0</coordinates></Point></Placemark><Placemark><styleUrl>#point</styleUrl><Point><altitudeMode>clampToGround</altitudeMode><coordinates>-52.824919670820236,47.507484136149287,0</coordinates></Point></Placemark><Placemark><styleUrl>#point</styleUrl><Point><altitudeMode>clampToGround</altitudeMode><coordinates>-52.824833504855633,47.507490506395698,0</coordinates></Point></Placemark><Placemark><styleUrl>#point</styleUrl><Point><altitudeMode>clampToGround</altitudeMode><coordinates>-52.82475370913744,47.507513472810388,0</coordinates></Point></Placemark><Placemark><styleUrl>#point</styleUrl><Point><altitudeMode>clampToGround</altitudeMode><coordinates>-52.824687073007226,47.507551023736596,0</coordinates></Point></Placemark><Placemark><styleUrl>#point</styleUrl><Point><altitudeMode>clampToGround</altitudeMode><coordinates>-52.824639296159148,47.507599890232086,0</coordinates></Point></Placemark><Placemark><styleUrl>#point</styleUrl><Point><altitudeMode>clampToGround</altitudeMode><coordinates>-52.824581963941455,47.507655210793018,0</coordinates></Point></Placemark><Placemark><styleUrl>#point</styleUrl><Point><altitudeMode>clampToGround</altitudeMode><coordinates>-52.824529493227601,47.507703993469477,0</coordinates></Point></Placemark><Placemark><styleUrl>#point</styleUrl><Point><altitudeMode>clampToGround</altitudeMode><coordinates>-52.824465371668339,47.507752859964967,0</coordinates></Point></Placemark><Placemark><styleUrl>#point</styleUrl><Point><altitudeMode>clampToGround</altitudeMode><coordinates>-52.824415834620595,47.507785465568304,0</coordinates></Point></Placemark><Placemark><styleUrl>#point</styleUrl><Point><altitudeMode>clampToGround</altitudeMode><coordinates>-52.824341990053654,47.507827039808035,0</coordinates></Point></Placemark><Placemark><styleUrl>#point</styleUrl><Point><altitudeMode>clampToGround</altitudeMode><coordinates>-52.824226403608918,47.507914379239082,0</coordinates></Point></Placemark><Placemark><styleUrl>#point</styleUrl><Point><altitudeMode>clampToGround</altitudeMode><coordinates>-52.824156079441309,47.507943212985992,0</coordinates></Point></Placemark><Placemark><styleUrl>#point</styleUrl><Point><altitudeMode>clampToGround</altitudeMode><coordinates>-52.823601868003607,47.508176732808352,0</coordinates></Point></Placemark><Placemark><styleUrl>#point</styleUrl><Point><altitudeMode>clampToGround</altitudeMode><coordinates>-52.823408916592598,47.508213529363275,0</coordinates></Point></Placemark><Placemark><styleUrl>#point</styleUrl><Point><altitudeMode>clampToGround</altitudeMode><coordinates>-52.823330378159881,47.508224677294493,0</coordinates></Point></Placemark><Placemark><styleUrl>#point</styleUrl><Point><altitudeMode>clampToGround</altitudeMode><coordinates>-52.823267430067062,47.508230460807681,0</coordinates></Point></Placemark><Placemark><styleUrl>#point</styleUrl><Point><altitudeMode>clampToGround</altitudeMode><coordinates>-52.823228118941188,47.508232723921537,0</coordinates></Point></Placemark><Placemark><styleUrl>#point</styleUrl><Point><altitudeMode>clampToGround</altitudeMode><coordinates>-52.823176318779588,47.508231718093157,0</coordinates></Point></Placemark><Placemark><styleUrl>#point</styleUrl><Point><altitudeMode>clampToGround</altitudeMode><coordinates>-52.823080932721496,47.508229119703174,0</coordinates></Point></Placemark><Placemark><styleUrl>#point</styleUrl><Point><altitudeMode>clampToGround</altitudeMode><coordinates>-52.823044303804636,47.508223420009017,0</coordinates></Point></Placemark><Placemark><styleUrl>#point</styleUrl><Point><altitudeMode>clampToGround</altitudeMode><coordinates>-52.822996359318495,47.508219899609685,0</coordinates></Point></Placemark><Placemark><styleUrl>#point</styleUrl><Point><altitudeMode>clampToGround</altitudeMode><coordinates>-52.822958305478096,47.508221324533224,0</coordinates></Point></Placemark><Placemark><styleUrl>#point</styleUrl><Point><altitudeMode>clampToGround</altitudeMode><coordinates>-52.822921006008983,47.508226186037064,0</coordinates></Point></Placemark><Placemark><styleUrl>#point</styleUrl><Point><altitudeMode>clampToGround</altitudeMode><coordinates>-52.822884963825345,47.508234484121203,0</coordinates></Point></Placemark><Placemark><styleUrl>#point</styleUrl><Point><altitudeMode>clampToGround</altitudeMode><coordinates>-52.8228510171175,47.508246134966612,0</coordinates></Point></Placemark><Placemark><styleUrl>#point</styleUrl><Point><altitudeMode>clampToGround</altitudeMode><coordinates>-52.822819668799639,47.50826071947813,0</coordinates></Point></Placemark><Placemark><styleUrl>#point</styleUrl><Point><altitudeMode>clampToGround</altitudeMode><coordinates>-52.822791673243046,47.508278237655759,0</coordinates></Point></Placemark><Placemark><styleUrl>#point</styleUrl><Point><altitudeMode>clampToGround</altitudeMode><coordinates>-52.822767617180943,47.508298102766275,0</coordinates></Point></Placemark><Placemark><styleUrl>#point</styleUrl><Point><altitudeMode>clampToGround</altitudeMode><coordinates>-52.822747668251395,47.508316710591316,0</coordinates></Point></Placemark><Placemark><styleUrl>#point</styleUrl><Point><altitudeMode>clampToGround</altitudeMode><coordinates>-52.822727635502815,47.508345795795321,0</coordinates></Point></Placemark><Placemark><styleUrl>#point</styleUrl><Point><altitudeMode>clampToGround</altitudeMode><coordinates>-52.822719002142549,47.508371695876122,0</coordinates></Point></Placemark><Placemark><styleUrl>#point</styleUrl><Point><altitudeMode>clampToGround</altitudeMode><coordinates>-52.822710704058409,47.508398182690144,0</coordinates></Point></Placemark><Placemark><styleUrl>#point</styleUrl><Point><altitudeMode>clampToGround</altitudeMode><coordinates>-52.82269611954689,47.508429531008005,0</coordinates></Point></Placemark><Placemark><styleUrl>#point</styleUrl><Point><altitudeMode>clampToGround</altitudeMode><coordinates>-52.82265848480165,47.508526425808668,0</coordinates></Point></Placemark><Placemark><styleUrl>#point</styleUrl><Point><altitudeMode>clampToGround</altitudeMode><coordinates>-52.822634261101484,47.508576968684793,0</coordinates></Point></Placemark><Placemark><styleUrl>#point</styleUrl><Point><altitudeMode>clampToGround</altitudeMode><coordinates>-52.822605092078447,47.508617788553238,0</coordinates></Point></Placemark><Placemark><styleUrl>#point</styleUrl><Point><altitudeMode>clampToGround</altitudeMode><coordinates>-52.822521775960922,47.508728262037039,0</coordinates></Point></Placemark><Placemark><styleUrl>#point</styleUrl><Point><altitudeMode>clampToGround</altitudeMode><coordinates>-52.822464611381292,47.508806800469756,0</coordinates></Point></Placemark><Placemark><styleUrl>#point</styleUrl><Point><altitudeMode>clampToGround</altitudeMode><coordinates>-52.822408871725202,47.508917525410652,0</coordinates></Point></Placemark><Placemark><styleUrl>#point</styleUrl><Point><altitudeMode>clampToGround</altitudeMode><coordinates>-52.822318598628044,47.509034536778927,0</coordinates></Point></Placemark><Placemark><styleUrl>#point</styleUrl><Point><altitudeMode>clampToGround</altitudeMode><coordinates>-52.822201503440738,47.509191110730171,0</coordinates></Point></Placemark><Placemark><styleUrl>#point</styleUrl><Point><altitudeMode>clampToGround</altitudeMode><coordinates>-52.822055825963616,47.509402334690094,0</coordinates></Point></Placemark><Placemark><styleUrl>#point</styleUrl><Point><altitudeMode>clampToGround</altitudeMode><coordinates>-52.821862706914544,47.509348606690764,0</coordinates></Point></Placemark><Placemark><styleUrl>#point</styleUrl><Point><altitudeMode>clampToGround</altitudeMode><coordinates>-52.821514271199703,47.509253472089767,0</coordinates></Point></Placemark><Placemark><styleUrl>#point</styleUrl><Point><altitudeMode>clampToGround</altitudeMode><coordinates>-52.821138594299555,47.50909186899662,0</coordinates></Point></Placemark><Placemark><styleUrl>#point</styleUrl><Point><altitudeMode>clampToGround</altitudeMode><coordinates>-52.821085872128606,47.509051216766238,0</coordinates></Point></Placemark><Placemark><styleUrl>#point</styleUrl><Point><altitudeMode>clampToGround</altitudeMode><coordinates>-52.820988390594721,47.508975863456726,0</coordinates></Point></Placemark><Placemark><styleUrl>#point</styleUrl><Point><altitudeMode>clampToGround</altitudeMode><coordinates>-52.820881186053157,47.508838232606649,0</coordinates></Point></Placemark><Placemark><styleUrl>#point</styleUrl><Point><altitudeMode>clampToGround</altitudeMode><coordinates>-52.820437112823129,47.507923515513539,0</coordinates></Point></Placemark><Placemark><styleUrl>#point</styleUrl><Point><altitudeMode>clampToGround</altitudeMode><coordinates>-52.820089599117637,47.507219016551971,0</coordinates></Point></Placemark><Placemark><styleUrl>#point</styleUrl><Point><altitudeMode>clampToGround</altitudeMode><coordinates>-52.819815007969737,47.506667068228126,0</coordinates></Point></Placemark><Placemark><styleUrl>#point</styleUrl><Point><altitudeMode>clampToGround</altitudeMode><coordinates>-52.819699086248875,47.506566569209099,0</coordinates></Point></Placemark><Placemark><styleUrl>#point</styleUrl><Point><altitudeMode>clampToGround</altitudeMode><coordinates>-52.819560701027513,47.506385101005435,0</coordinates></Point></Placemark><Placemark><styleUrl>#point</styleUrl><Point><altitudeMode>clampToGround</altitudeMode><coordinates>-52.819288540631533,47.506261803209782,0</coordinates></Point></Placemark><Placemark><styleUrl>#point</styleUrl><Point><altitudeMode>clampToGround</altitudeMode><coordinates>-52.819067677482963,47.506176559254527,0</coordinates></Point></Placemark><Placemark><styleUrl>#point</styleUrl><Point><altitudeMode>clampToGround</altitudeMode><coordinates>-52.819003975018859,47.506152000278234,0</coordinates></Point></Placemark><Placemark><styleUrl>#point</styleUrl><Point><altitudeMode>clampToGround</altitudeMode><coordinates>-52.818147428333759,47.505928287282586,0</coordinates></Point></Placemark><Placemark><styleUrl>#point</styleUrl><Point><altitudeMode>clampToGround</altitudeMode><coordinates>-52.817265065386891,47.5056978687644,0</coordinates></Point></Placemark><Placemark><styleUrl>#point</styleUrl><Point><altitudeMode>clampToGround</altitudeMode><coordinates>-52.816982762888074,47.505986373871565,0</coordinates></Point></Placemark><Placemark><styleUrl>#point</styleUrl><Point><altitudeMode>clampToGround</altitudeMode><coordinates>-52.816730802878737,47.506122328341007,0</coordinates></Point></Placemark><Placemark><styleUrl>#point</styleUrl><Point><altitudeMode>clampToGround</altitudeMode><coordinates>-52.816298380494118,47.506355596706271,0</coordinates></Point></Placemark><Placemark><styleUrl>#point</styleUrl><Point><altitudeMode>clampToGround</altitudeMode><coordinates>-52.815977605059743,47.506497586145997,0</coordinates></Point></Placemark><Placemark><styleUrl>#point</styleUrl><Point><altitudeMode>clampToGround</altitudeMode><coordinates>-52.815836621448398,47.506530778482556,0</coordinates></Point></Placemark><Placemark><styleUrl>#point</styleUrl><Point><altitudeMode>clampToGround</altitudeMode><coordinates>-52.815659679472446,47.50651971437037,0</coordinates></Point></Placemark><Placemark><styleUrl>#point</styleUrl><Point><altitudeMode>clampToGround</altitudeMode><coordinates>-52.815472930669785,47.506497586145997,0</coordinates></Point></Placemark><Placemark><styleUrl>#point</styleUrl><Point><altitudeMode>clampToGround</altitudeMode><coordinates>-52.815341921523213,47.506454084068537,0</coordinates></Point></Placemark><Placemark><styleUrl>#point</styleUrl><Point><altitudeMode>clampToGround</altitudeMode><coordinates>-52.815127680078149,47.506354171782732,0</coordinates></Point></Placemark><Placemark><styleUrl>#point</styleUrl><Point><altitudeMode>clampToGround</altitudeMode><coordinates>-52.814222685992718,47.50563626177609,0</coordinates></Point></Placemark><Placemark><styleUrl>#point</styleUrl><Point><altitudeMode>clampToGround</altitudeMode><coordinates>-52.813969887793064,47.505454793572426,0</coordinates></Point></Placemark><Placemark><styleUrl>#point</styleUrl><Point><altitudeMode>clampToGround</altitudeMode><coordinates>-52.813695464283228,47.505306266248226,0</coordinates></Point></Placemark><Placemark><styleUrl>#point</styleUrl><Point><altitudeMode>clampToGround</altitudeMode><coordinates>-52.81305156648159,47.504993369802833,0</coordinates></Point></Placemark><Placemark><styleUrl>#point</styleUrl><Point><altitudeMode>clampToGround</altitudeMode><coordinates>-52.812181105837226,47.504663038998842,0</coordinates></Point></Placemark><Placemark><styleUrl>#point</styleUrl><Point><altitudeMode>clampToGround</altitudeMode><coordinates>-52.811251804232597,47.504308484494686,0</coordinates></Point></Placemark><Placemark><styleUrl>#point</styleUrl><Point><altitudeMode>clampToGround</altitudeMode><coordinates>-52.810098621994257,47.503881258890033,0</coordinates></Point></Placemark><Placemark><styleUrl>#point</styleUrl><Point><altitudeMode>clampToGround</altitudeMode><coordinates>-52.80782469548285,47.503038961440325,0</coordinates></Point></Placemark><Placemark><styleUrl>#point</styleUrl><Point><altitudeMode>clampToGround</altitudeMode><coordinates>-52.807700475677848,47.502952963113785,0</coordinates></Point></Placemark><Placemark><styleUrl>#point</styleUrl><Point><altitudeMode>clampToGround</altitudeMode><coordinates>-52.807646663859487,47.502855313941836,0</coordinates></Point></Placemark><Placemark><styleUrl>#point</styleUrl><Point><altitudeMode>clampToGround</altitudeMode><coordinates>-52.807621685788035,47.502754898741841,0</coordinates></Point></Placemark><Placemark><styleUrl>#point</styleUrl><Point><altitudeMode>clampToGround</altitudeMode><coordinates>-52.807672480121255,47.502568233758211,0</coordinates></Point></Placemark><Placemark><styleUrl>#point</styleUrl><Point><altitudeMode>clampToGround</altitudeMode><coordinates>-52.8084696829319,47.501438185572624,0</coordinates></Point></Placemark><Placemark><styleUrl>#point</styleUrl><Point><altitudeMode>clampToGround</altitudeMode><coordinates>-52.808521315455437,47.501252610236406,0</coordinates></Point></Placemark><Placemark><styleUrl>#point</styleUrl><Point><altitudeMode>clampToGround</altitudeMode><coordinates>-52.808774281293154,47.500760676339269,0</coordinates></Point></Placemark><Placemark><styleUrl>#point</styleUrl><Point><altitudeMode>clampToGround</altitudeMode><coordinates>-52.808949211612344,47.500577783212066,0</coordinates></Point></Placemark><Placemark><styleUrl>#point</styleUrl><Point><altitudeMode>clampToGround</altitudeMode><coordinates>-52.809101259335876,47.500217109918594,0</coordinates></Point></Placemark><Placemark><styleUrl>#point</styleUrl><Point><altitudeMode>clampToGround</altitudeMode><coordinates>-52.80929253436625,47.499788627028465,0</coordinates></Point></Placemark><Placemark><styleUrl>#point</styleUrl><Point><altitudeMode>clampToGround</altitudeMode><coordinates>-52.809276441112161,47.499630963429809,0</coordinates></Point></Placemark><Placemark><styleUrl>#point</styleUrl><Point><altitudeMode>clampToGround</altitudeMode><coordinates>-52.809815900400281,47.49840309843421,0</coordinates></Point></Placemark><Placemark><styleUrl>#point</styleUrl><Point><altitudeMode>clampToGround</altitudeMode><coordinates>-52.810135083273053,47.497728522866964,0</coordinates></Point></Placemark><Placemark><styleUrl>#point</styleUrl><Point><altitudeMode>clampToGround</altitudeMode><coordinates>-52.810233402997255,47.497648475691676,0</coordinates></Point></Placemark><Placemark><styleUrl>#point</styleUrl><Point><altitudeMode>clampToGround</altitudeMode><coordinates>-52.810396766290069,47.497316300868988,0</coordinates></Point></Placemark><Placemark><styleUrl>#point</styleUrl><Point><altitudeMode>clampToGround</altitudeMode><coordinates>-52.810621485114098,47.496788827702403,0</coordinates></Point></Placemark><Placemark><styleUrl>#point</styleUrl><Point><altitudeMode>clampToGround</altitudeMode><coordinates>-52.810718715190887,47.496539633721113,0</coordinates></Point></Placemark><Placemark><styleUrl>#point</styleUrl><Point><altitudeMode>clampToGround</altitudeMode><coordinates>-52.810748387128115,47.496426729485393,0</coordinates></Point></Placemark><Placemark><styleUrl>#point</styleUrl><Point><altitudeMode>clampToGround</altitudeMode><coordinates>-52.810765989124775,47.496313825249672,0</coordinates></Point></Placemark><Placemark><styleUrl>#point</styleUrl><Point><altitudeMode>clampToGround</altitudeMode><coordinates>-52.81080286949873,47.495960528030992,0</coordinates></Point></Placemark><Placemark><styleUrl>#point</styleUrl><Point><altitudeMode>clampToGround</altitudeMode><coordinates>-52.810817873105407,47.495815102010965,0</coordinates></Point></Placemark><Placemark><styleUrl>#point</styleUrl><Point><altitudeMode>clampToGround</altitudeMode><coordinates>-52.810933962464333,47.495152596384287,0</coordinates></Point></Placemark><Placemark><styleUrl>#point</styleUrl><Point><altitudeMode>clampToGround</altitudeMode><coordinates>-52.811046196147799,47.494618836790323,0</coordinates></Point></Placemark><Placemark><styleUrl>#point</styleUrl><Point><altitudeMode>clampToGround</altitudeMode><coordinates>-52.81114200130105,47.494355058297515,0</coordinates></Point></Placemark><Placemark><styleUrl>#point</styleUrl><Point><altitudeMode>clampToGround</altitudeMode><coordinates>-52.811182234436274,47.494261935353279,0</coordinates></Point></Placemark><Placemark><styleUrl>#point</styleUrl><Point><altitudeMode>clampToGround</altitudeMode><coordinates>-52.811218779534101,47.494180714711547,0</coordinates></Point></Placemark><Placemark><styleUrl>#point</styleUrl><Point><altitudeMode>clampToGround</altitudeMode><coordinates>-52.811246523633599,47.494124304503202,0</coordinates></Point></Placemark><Placemark><styleUrl>#point</styleUrl><Point><altitudeMode>clampToGround</altitudeMode><coordinates>-52.81127099879086,47.494079293683171,0</coordinates></Point></Placemark><Placemark><styleUrl>#point</styleUrl><Point><altitudeMode>clampToGround</altitudeMode><coordinates>-52.811298072338104,47.494034366682172,0</coordinates></Point></Placemark><Placemark><styleUrl>#point</styleUrl><Point><altitudeMode>clampToGround</altitudeMode><coordinates>-52.811349537223577,47.49395607970655,0</coordinates></Point></Placemark><Placemark><styleUrl>#point</styleUrl><Point><altitudeMode>clampToGround</altitudeMode><coordinates>-52.811193633824587,47.493903525173664,0</coordinates></Point></Placemark><Placemark><styleUrl>#point</styleUrl><Point><altitudeMode>clampToGround</altitudeMode><coordinates>-52.811077460646629,47.493864381685853,0</coordinates></Point></Placemark><Placemark><styleUrl>#point</styleUrl><Point><altitudeMode>clampToGround</altitudeMode><coordinates>-52.810666998848319,47.493711663410068,0</coordinates></Point></Placemark><Placemark><styleUrl>#point</styleUrl><Point><altitudeMode>clampToGround</altitudeMode><coordinates>-52.81038117595017,47.493571517989039,0</coordinates></Point></Placemark><Placemark><styleUrl>#point</styleUrl><Point><altitudeMode>clampToGround</altitudeMode><coordinates>-52.810267433524132,47.493515610694885,0</coordinates></Point></Placemark><Placemark><styleUrl>#point</styleUrl><Point><altitudeMode>clampToGround</altitudeMode><coordinates>-52.810136005282402,47.493451992049813,0</coordinates></Point></Placemark><Placemark><styleUrl>#point</styleUrl><Point><altitudeMode>clampToGround</altitudeMode><coordinates>-52.809885302558541,47.493313103914261,0</coordinates></Point></Placemark><Placemark><styleUrl>#point</styleUrl><Point><altitudeMode>clampToGround</altitudeMode><coordinates>-52.809075275436044,47.492897529155016,0</coordinates></Point></Placemark><Placemark><styleUrl>#point</styleUrl><Point><altitudeMode>clampToGround</altitudeMode><coordinates>-52.808176400139928,47.492424286901951,0</coordinates></Point></Placemark><Placemark><styleUrl>#point</styleUrl><Point><altitudeMode>clampToGround</altitudeMode><coordinates>-52.806830601766706,47.491729175671935,0</coordinates></Point></Placemark><Placemark><styleUrl>#point</styleUrl><Point><altitudeMode>clampToGround</altitudeMode><coordinates>-52.806322909891605,47.491466905921698,0</coordinates></Point></Placemark><Placemark><styleUrl>#point</styleUrl><Point><altitudeMode>clampToGround</altitudeMode><coordinates>-52.806053264066577,47.491341177374125,0</coordinates></Point></Placemark><Placemark><styleUrl>#point</styleUrl><Point><altitudeMode>clampToGround</altitudeMode><coordinates>-52.805772637948394,47.491223830729723,0</coordinates></Point></Placemark><Placemark><styleUrl>#point</styleUrl><Point><altitudeMode>clampToGround</altitudeMode><coordinates>-52.805498717352748,47.49112207442522,0</coordinates></Point></Placemark><Placemark><styleUrl>#point</styleUrl><Point><altitudeMode>clampToGround</altitudeMode><coordinates>-52.805224377661943,47.491027107462287,0</coordinates></Point></Placemark><Placemark><styleUrl>#point</styleUrl><Point><altitudeMode>clampToGround</altitudeMode><coordinates>-52.804948193952441,47.490943623706698,0</coordinates></Point></Placemark><Placemark><styleUrl>#point</styleUrl><Point><altitudeMode>clampToGround</altitudeMode><coordinates>-52.804658934473991,47.490870365872979,0</coordinates></Point></Placemark><Placemark><styleUrl>#point</styleUrl><Point><altitudeMode>clampToGround</altitudeMode><coordinates>-52.804353497922421,47.49080297537148,0</coordinates></Point></Placemark><Placemark><styleUrl>#point</styleUrl><Point><altitudeMode>clampToGround</altitudeMode><coordinates>-52.804046301171184,47.490740362554789,0</coordinates></Point></Placemark><Placemark><styleUrl>#point</styleUrl><Point><altitudeMode>clampToGround</altitudeMode><coordinates>-52.80391663312912,47.490718318149447,0</coordinates></Point></Placemark><Placemark><styleUrl>#point</styleUrl><Point><altitudeMode>clampToGround</altitudeMode><coordinates>-52.803504075855017,47.490642964839935,0</coordinates></Point></Placemark><Placemark><styleUrl>#point</styleUrl><Point><altitudeMode>clampToGround</altitudeMode><coordinates>-52.80306838452816,47.490587560459971,0</coordinates></Point></Placemark><Placemark><styleUrl>#point</styleUrl><Point><altitudeMode>clampToGround</altitudeMode><coordinates>-52.802889766171575,47.490569287911057,0</coordinates></Point></Placemark><Placemark><styleUrl>#point</styleUrl><Point><altitudeMode>clampToGround</altitudeMode><coordinates>-52.802369920536876,47.49053567647934,0</coordinates></Point></Placemark><Placemark><styleUrl>#point</styleUrl><Point><altitudeMode>clampToGround</altitudeMode><coordinates>-52.8017314709723,47.490504076704383,0</coordinates></Point></Placemark><Placemark><styleUrl>#point</styleUrl><Point><altitudeMode>clampToGround</altitudeMode><coordinates>-52.801146497949958,47.490474069491029,0</coordinates></Point></Placemark><Placemark><styleUrl>#point</styleUrl><Point><altitudeMode>clampToGround</altitudeMode><coordinates>-52.800559680908918,47.490446409210563,0</coordinates></Point></Placemark><Placemark><styleUrl>#point</styleUrl><Point><altitudeMode>clampToGround</altitudeMode><coordinates>-52.799580087885261,47.490400308743119,0</coordinates></Point></Placemark><Placemark><styleUrl>#point</styleUrl><Point><altitudeMode>clampToGround</altitudeMode><coordinates>-52.798596723005176,47.490353286266327,0</coordinates></Point></Placemark><Placemark><styleUrl>#point</styleUrl><Point><altitudeMode>clampToGround</altitudeMode><coordinates>-52.797613106667995,47.490305677056313,0</coordinates></Point></Placemark><Placemark><styleUrl>#point</styleUrl><Point><altitudeMode>clampToGround</altitudeMode><coordinates>-52.79711295850575,47.490284135565162,0</coordinates></Point></Placemark><Placemark><styleUrl>#point</styleUrl><Point><altitudeMode>clampToGround</altitudeMode><coordinates>-52.796685816720128,47.49026158824563,0</coordinates></Point></Placemark><Placemark><styleUrl>#point</styleUrl><Point><altitudeMode>clampToGround</altitudeMode><coordinates>-52.796397730708122,47.490248596295714,0</coordinates></Point></Placemark><Placemark><styleUrl>#point</styleUrl><Point><altitudeMode>clampToGround</altitudeMode><coordinates>-52.793737901374698,47.490069139748812,0</coordinates></Point></Placemark><Placemark><styleUrl>#point</styleUrl><Point><altitudeMode>clampToGround</altitudeMode><coordinates>-52.792582958936691,47.489989260211587,0</coordinates></Point></Placemark><Placemark><styleUrl>#point</styleUrl><Point><altitudeMode>clampToGround</altitudeMode><coordinates>-52.791433213278651,47.489922204986215,0</coordinates></Point></Placemark><Placemark><styleUrl>#point</styleUrl><Point><altitudeMode>clampToGround</altitudeMode><coordinates>-52.788483202457428,47.489751717075706,0</coordinates></Point></Placemark><Placemark><styleUrl>#point</styleUrl><Point><altitudeMode>clampToGround</altitudeMode><coordinates>-52.785612987354398,47.48954082839191,0</coordinates></Point></Placemark><Placemark><styleUrl>#point</styleUrl><Point><altitudeMode>clampToGround</altitudeMode><coordinates>-52.782886521890759,47.489358521997929,0</coordinates></Point></Placemark><Placemark><styleUrl>#point</styleUrl><Point><altitudeMode>clampToGround</altitudeMode><coordinates>-52.778635639697313,47.489044284448028,0</coordinates></Point></Placemark><Placemark><styleUrl>#point</styleUrl><Point><altitudeMode>clampToGround</altitudeMode><coordinates>-52.77697317302227,47.48892174102366,0</coordinates></Point></Placemark><Placemark><styleUrl>#point</styleUrl><Point><altitudeMode>clampToGround</altitudeMode><coordinates>-52.772625563666224,47.488602977246046,0</coordinates></Point></Placemark><Placemark><styleUrl>#point</styleUrl><Point><altitudeMode>clampToGround</altitudeMode><coordinates>-52.767666662111878,47.48821179382503,0</coordinates></Point></Placemark><Placemark><styleUrl>#point</styleUrl><Point><altitudeMode>clampToGround</altitudeMode><coordinates>-52.767937816679478,47.484896499663591,0</coordinates></Point></Placemark><Placemark><styleUrl>#point</styleUrl><Point><altitudeMode>clampToGround</altitudeMode><coordinates>-52.768245683982968,47.481198823079467,0</coordinates></Point></Placemark><Placemark><styleUrl>#point</styleUrl><Point><altitudeMode>clampToGround</altitudeMode><coordinates>-52.768398486077785,47.479349775239825,0</coordinates></Point></Placemark><Placemark><styleUrl>#point</styleUrl><Point><altitudeMode>clampToGround</altitudeMode><coordinates>-52.768578194081783,47.477504331618547,0</coordinates></Point></Placemark><Placemark><styleUrl>#point</styleUrl><Point><altitudeMode>clampToGround</altitudeMode><coordinates>-52.768645333126187,47.477123625576496,0</coordinates></Point></Placemark><Placemark><styleUrl>#point</styleUrl><Point><altitudeMode>clampToGround</altitudeMode><coordinates>-52.769187139347196,47.474823128432035,0</coordinates></Point></Placemark><Placemark><styleUrl>#point</styleUrl><Point><altitudeMode>clampToGround</altitudeMode><coordinates>-52.769455276429653,47.473671790212393,0</coordinates></Point></Placemark><Placemark><styleUrl>#point</styleUrl><Point><altitudeMode>clampToGround</altitudeMode><coordinates>-52.769757611677051,47.472595386207104,0</coordinates></Point></Placemark><Placemark><styleUrl>#point</styleUrl><Point><altitudeMode>clampToGround</altitudeMode><coordinates>-52.769753085449338,47.472426323220134,0</coordinates></Point></Placemark><Placemark><styleUrl>#point</styleUrl><Point><altitudeMode>clampToGround</altitudeMode><coordinates>-52.769986437633634,47.471436420455575,0</coordinates></Point></Placemark><Placemark><styleUrl>#point</styleUrl><Point><altitudeMode>clampToGround</altitudeMode><coordinates>-52.770265387371182,47.470276029780507,0</coordinates></Point></Placemark><Placemark><styleUrl>#point</styleUrl><Point><altitudeMode>clampToGround</altitudeMode><coordinates>-52.770809791982174,47.467982405796647,0</coordinates></Point></Placemark><Placemark><styleUrl>#point</styleUrl><Point><altitudeMode>clampToGround</altitudeMode><coordinates>-52.770941304042935,47.466816483065486,0</coordinates></Point></Placemark><Placemark><styleUrl>#point</styleUrl><Point><altitudeMode>clampToGround</altitudeMode><coordinates>-52.770992182195187,47.465683165937662,0</coordinates></Point></Placemark><Placemark><styleUrl>#point</styleUrl><Point><altitudeMode>clampToGround</altitudeMode><coordinates>-52.771088825538754,47.465258873999119,0</coordinates></Point></Placemark><Placemark><styleUrl>#point</styleUrl><Point><altitudeMode>clampToGround</altitudeMode><coordinates>-52.771195275709033,47.464904403313994,0</coordinates></Point></Placemark><Placemark><styleUrl>#point</styleUrl><Point><altitudeMode>clampToGround</altitudeMode><coordinates>-52.771243639290333,47.464594859629869,0</coordinates></Point></Placemark><Placemark><styleUrl>#point</styleUrl><Point><altitudeMode>clampToGround</altitudeMode><coordinates>-52.771335588768125,47.464239802211523,0</coordinates></Point></Placemark><Placemark><styleUrl>#point</styleUrl><Point><altitudeMode>clampToGround</altitudeMode><coordinates>-52.771427035331726,47.463920786976814,0</coordinates></Point></Placemark><Placemark><styleUrl>#point</styleUrl><Point><altitudeMode>clampToGround</altitudeMode><coordinates>-52.771481601521373,47.463730098679662,0</coordinates></Point></Placemark><Placemark><styleUrl>#point</styleUrl><Point><altitudeMode>clampToGround</altitudeMode><coordinates>-52.771544465795159,47.463510576635599,0</coordinates></Point></Placemark><Placemark><styleUrl>#point</styleUrl><Point><altitudeMode>clampToGround</altitudeMode><coordinates>-52.771662818267941,47.463097516447306,0</coordinates></Point></Placemark><Placemark><styleUrl>#point</styleUrl><Point><altitudeMode>clampToGround</altitudeMode><coordinates>-52.771750912070274,47.462758971378207,0</coordinates></Point></Placemark><Placemark><styleUrl>#point</styleUrl><Point><altitudeMode>clampToGround</altitudeMode><coordinates>-52.771770106628537,47.462627794593573,0</coordinates></Point></Placemark><Placemark><styleUrl>#point</styleUrl><Point><altitudeMode>clampToGround</altitudeMode><coordinates>-52.77177806943655,47.462488235905766,0</coordinates></Point></Placemark><Placemark><styleUrl>#point</styleUrl><Point><altitudeMode>clampToGround</altitudeMode><coordinates>-52.771733226254582,47.461729673668742,0</coordinates></Point></Placemark><Placemark><styleUrl>#point</styleUrl><Point><altitudeMode>clampToGround</altitudeMode><coordinates>-52.771424688398838,47.461682064458728,0</coordinates></Point></Placemark><Placemark><styleUrl>#point</styleUrl><Point><altitudeMode>clampToGround</altitudeMode><coordinates>-52.770444676280022,47.461425997316837,0</coordinates></Point></Placemark><Placemark><styleUrl>#point</styleUrl><Point><altitudeMode>clampToGround</altitudeMode><coordinates>-52.767819631844759,47.460682773962617,0</coordinates></Point></Placemark><Placemark><styleUrl>#point</styleUrl><Point><altitudeMode>clampToGround</altitudeMode><coordinates>-52.766622025519609,47.46034380979836,0</coordinates></Point></Placemark><Placemark><styleUrl>#point</styleUrl><Point><altitudeMode>clampToGround</altitudeMode><coordinates>-52.765783835202456,47.460097884759307,0</coordinates></Point></Placemark><Placemark><styleUrl>#point</styleUrl><Point><altitudeMode>clampToGround</altitudeMode><coordinates>-52.764310631901026,47.459659008309245,0</coordinates></Point></Placemark><Placemark><styleUrl>#point</styleUrl><Point><altitudeMode>clampToGround</altitudeMode><coordinates>-52.764112064614892,47.459606118500233,0</coordinates></Point></Placemark><Placemark><styleUrl>#point</styleUrl><Point><altitudeMode>clampToGround</altitudeMode><coordinates>-52.763917688280344,47.459566639736295,0</coordinates></Point></Placemark><Placemark><styleUrl>#point</styleUrl><Point><altitudeMode>clampToGround</altitudeMode><coordinates>-52.763794893398881,47.459548283368349,0</coordinates></Point></Placemark><Placemark><styleUrl>#point</styleUrl><Point><altitudeMode>clampToGround</altitudeMode><coordinates>-52.763680312782526,47.459535459056497,0</coordinates></Point></Placemark><Placemark><styleUrl>#point</styleUrl><Point><altitudeMode>clampToGround</altitudeMode><coordinates>-52.763358782976866,47.459523975849152,0</coordinates></Point></Placemark><Placemark><styleUrl>#point</styleUrl><Point><altitudeMode>clampToGround</altitudeMode><coordinates>-52.763018812984228,47.459518779069185,0</coordinates></Point></Placemark><Placemark><styleUrl>#point</styleUrl><Point><altitudeMode>clampToGround</altitudeMode><coordinates>-52.76273449882865,47.45950193144381,0</coordinates></Point></Placemark><Placemark><styleUrl>#point</styleUrl><Point><altitudeMode>clampToGround</altitudeMode><coordinates>-52.762465104460716,47.459471672773361,0</coordinates></Point></Placemark><Placemark><styleUrl>#point</styleUrl><Point><altitudeMode>clampToGround</altitudeMode><coordinates>-52.762051038444042,47.459406796842813,0</coordinates></Point></Placemark><Placemark><styleUrl>#point</styleUrl><Point><altitudeMode>clampToGround</altitudeMode><coordinates>-52.761661615222692,47.459337813779712,0</coordinates></Point></Placemark><Placemark><styleUrl>#point</styleUrl><Point><altitudeMode>clampToGround</altitudeMode><coordinates>-52.761374870315194,47.459267908707261,0</coordinates></Point></Placemark><Placemark><styleUrl>#point</styleUrl><Point><altitudeMode>clampToGround</altitudeMode><coordinates>-52.761082174256444,47.459181407466531,0</coordinates></Point></Placemark><Placemark><styleUrl>#point</styleUrl><Point><altitudeMode>clampToGround</altitudeMode><coordinates>-52.760941106826067,47.459124913439155,0</coordinates></Point></Placemark><Placemark><styleUrl>#point</styleUrl><Point><altitudeMode>clampToGround</altitudeMode><coordinates>-52.76078780181706,47.459049727767706,0</coordinates></Point></Placemark><Placemark><styleUrl>#point</styleUrl><Point><altitudeMode>clampToGround</altitudeMode><coordinates>-52.760360240936279,47.458845293149352,0</coordinates></Point></Placemark><Placemark><styleUrl>#point</styleUrl><Point><altitudeMode>clampToGround</altitudeMode><coordinates>-52.759932596236467,47.458640858530998,0</coordinates></Point></Placemark><Placemark><styleUrl>#point</styleUrl><Point><altitudeMode>clampToGround</altitudeMode><coordinates>-52.759801587089896,47.45858620852232,0</coordinates></Point></Placemark><Placemark><styleUrl>#point</styleUrl><Point><altitudeMode>clampToGround</altitudeMode><coordinates>-52.759655239060521,47.458531390875578,0</coordinates></Point></Placemark><Placemark><styleUrl>#point</styleUrl><Point><altitudeMode>clampToGround</altitudeMode><coordinates>-52.759491875767708,47.458479758352041,0</coordinates></Point></Placemark><Placemark><styleUrl>#point</styleUrl><Point><altitudeMode>clampToGround</altitudeMode><coordinates>-52.759319292381406,47.458430305123329,0</coordinates></Point></Placemark><Placemark><styleUrl>#point</styleUrl><Point><altitudeMode>clampToGround</altitudeMode><coordinates>-52.759095160290599,47.458388982340693,0</coordinates></Point></Placemark><Placemark><styleUrl>#point</styleUrl><Point><altitudeMode>clampToGround</altitudeMode><coordinates>-52.758834064006805,47.458345564082265,0</coordinates></Point></Placemark><Placemark><styleUrl>#point</styleUrl><Point><altitudeMode>clampToGround</altitudeMode><coordinates>-52.758562322705984,47.45831212028861,0</coordinates></Point></Placemark><Placemark><styleUrl>#point</styleUrl><Point><altitudeMode>clampToGround</altitudeMode><coordinates>-52.758278092369437,47.458282699808478,0</coordinates></Point></Placemark><Placemark><styleUrl>#point</styleUrl><Point><altitudeMode>clampToGround</altitudeMode><coordinates>-52.75796796195209,47.458258140832186,0</coordinates></Point></Placemark><Placemark><styleUrl>#point</styleUrl><Point><altitudeMode>clampToGround</altitudeMode><coordinates>-52.757630171254277,47.45823978446424,0</coordinates></Point></Placemark><Placemark><styleUrl>#point</styleUrl><Point><altitudeMode>clampToGround</altitudeMode><coordinates>-52.757241670042276,47.458229893818498,0</coordinates></Point></Placemark><Placemark><styleUrl>#point</styleUrl><Point><altitudeMode>clampToGround</altitudeMode><coordinates>-52.756905471906066,47.4582314863801,0</coordinates></Point></Placemark><Placemark><styleUrl>#point</styleUrl><Point><altitudeMode>clampToGround</altitudeMode><coordinates>-52.756658373400569,47.458242634311318,0</coordinates></Point></Placemark><Placemark><styleUrl>#point</styleUrl><Point><altitudeMode>clampToGround</altitudeMode><coordinates>-52.756405239924788,47.458258811384439,0</coordinates></Point></Placemark><Placemark><styleUrl>#point</styleUrl><Point><altitudeMode>clampToGround</altitudeMode><coordinates>-52.755901739001274,47.458295607939363,0</coordinates></Point></Placemark><Placemark><styleUrl>#point</styleUrl><Point><altitudeMode>clampToGround</altitudeMode><coordinates>-52.755775423720479,47.458297619596124,0</coordinates></Point></Placemark><Placemark><styleUrl>#point</styleUrl><Point><altitudeMode>clampToGround</altitudeMode><coordinates>-52.75564600713551,47.458297619596124,0</coordinates></Point></Placemark><Placemark><styleUrl>#point</styleUrl><Point><altitudeMode>clampToGround</altitudeMode><coordinates>-52.755511896684766,47.458290159702301,0</coordinates></Point></Placemark><Placemark><styleUrl>#point</styleUrl><Point><altitudeMode>clampToGround</altitudeMode><coordinates>-52.755374768748879,47.458274569362402,0</coordinates></Point></Placemark><Placemark><styleUrl>#point</styleUrl><Point><altitudeMode>clampToGround</altitudeMode><coordinates>-52.755119288340211,47.458225870504975,0</coordinates></Point></Placemark><Placemark><styleUrl>#point</styleUrl><Point><altitudeMode>clampToGround</altitudeMode><coordinates>-52.754830531775951,47.458147499710321,0</coordinates></Point></Placemark><Placemark><styleUrl>#point</styleUrl><Point><altitudeMode>clampToGround</altitudeMode><coordinates>-52.753771394491196,47.457860670983791,0</coordinates></Point></Placemark><Placemark><styleUrl>#point</styleUrl><Point><altitudeMode>clampToGround</altitudeMode><coordinates>-52.753591602668166,47.457822533324361,0</coordinates></Point></Placemark><Placemark><styleUrl>#point</styleUrl><Point><altitudeMode>clampToGround</altitudeMode><coordinates>-52.753350203856826,47.457795292139053,0</coordinates></Point></Placemark><Placemark><styleUrl>#point</styleUrl><Point><altitudeMode>clampToGround</altitudeMode><coordinates>-52.753117941319942,47.457775259390473,0</coordinates></Point></Placemark><Placemark><styleUrl>#point</styleUrl><Point><altitudeMode>clampToGround</altitudeMode><coordinates>-52.752821473404765,47.457758411765099,0</coordinates></Point></Placemark><Placemark><styleUrl>#point</styleUrl><Point><altitudeMode>clampToGround</altitudeMode><coordinates>-52.752531124278903,47.457751790061593,0</coordinates></Point></Placemark><Placemark><styleUrl>#point</styleUrl><Point><altitudeMode>clampToGround</altitudeMode><coordinates>-52.751697627827525,47.457736115902662,0</coordinates></Point></Placemark><Placemark><styleUrl>#point</styleUrl><Point><altitudeMode>clampToGround</altitudeMode><coordinates>-52.750251330435276,47.457710886374116,0</coordinates></Point></Placemark><Placemark><styleUrl>#point</styleUrl><Point><altitudeMode>clampToGround</altitudeMode><coordinates>-52.749884622171521,47.457702839747071,0</coordinates></Point></Placemark><Placemark><styleUrl>#point</styleUrl><Point><altitudeMode>clampToGround</altitudeMode><coordinates>-52.749700387939811,47.457701163366437,0</coordinates></Point></Placemark><Placemark><styleUrl>#point</styleUrl><Point><altitudeMode>clampToGround</altitudeMode><coordinates>-52.749533923342824,47.45770426467061,0</coordinates></Point></Placemark><Placemark><styleUrl>#point</styleUrl><Point><altitudeMode>clampToGround</altitudeMode><coordinates>-52.749336529523134,47.457710467278957,0</coordinates></Point></Placemark><Placemark><styleUrl>#point</styleUrl><Point><altitudeMode>clampToGround</altitudeMode><coordinates>-52.749163275584579,47.457725135609508,0</coordinates></Point></Placemark><Placemark><styleUrl>#point</styleUrl><Point><altitudeMode>clampToGround</altitudeMode><coordinates>-52.748805116862059,47.457762770354748,0</coordinates></Point></Placemark><Placemark><styleUrl>#point</styleUrl><Point><altitudeMode>clampToGround</altitudeMode><coordinates>-52.747786967083812,47.4578757584095,0</coordinates></Point></Placemark><Placemark><styleUrl>#point</styleUrl><Point><altitudeMode>clampToGround</altitudeMode><coordinates>-52.747113229706883,47.457948764786124,0</coordinates></Point></Placemark><Placemark><styleUrl>#point</styleUrl><Point><altitudeMode>clampToGround</altitudeMode><coordinates>-52.746748616918921,47.457988327369094,0</coordinates></Point></Placemark><Placemark><styleUrl>#point</styleUrl><Point><altitudeMode>clampToGround</altitudeMode><coordinates>-52.745734993368387,47.458107015118003,0</coordinates></Point></Placemark><Placemark><styleUrl>#point</styleUrl><Point><altitudeMode>clampToGround</altitudeMode><coordinates>-52.745580933988094,47.458119504153728,0</coordinates></Point></Placemark><Placemark><styleUrl>#point</styleUrl><Point><altitudeMode>clampToGround</altitudeMode><coordinates>-52.74546392261982,47.458125790581107,0</coordinates></Point></Placemark><Placemark><styleUrl>#point</styleUrl><Point><altitudeMode>clampToGround</altitudeMode><coordinates>-52.745322100818157,47.458123695105314,0</coordinates></Point></Placemark><Placemark><styleUrl>#point</styleUrl><Point><altitudeMode>clampToGround</altitudeMode><coordinates>-52.745208106935024,47.458111206069589,0</coordinates></Point></Placemark><Placemark><styleUrl>#point</styleUrl><Point><altitudeMode>clampToGround</altitudeMode><coordinates>-52.744906190782785,47.458071559667587,0</coordinates></Point></Placemark><Placemark><styleUrl>#point</styleUrl><Point><altitudeMode>clampToGround</altitudeMode><coordinates>-52.74458491243422,47.458015820011497,0</coordinates></Point></Placemark><Placemark><styleUrl>#point</styleUrl><Point><altitudeMode>clampToGround</altitudeMode><coordinates>-52.743955515325069,47.45793778449297,0</coordinates></Point></Placemark><Placemark><styleUrl>#point</styleUrl><Point><altitudeMode>clampToGround</altitudeMode><coordinates>-52.74288791231811,47.457847176119685,0</coordinates></Point></Placemark><Placemark><styleUrl>#point</styleUrl><Point><altitudeMode>clampToGround</altitudeMode><coordinates>-52.742594797164202,47.457824293524027,0</coordinates></Point></Placemark><Placemark><styleUrl>#point</styleUrl><Point><altitudeMode>clampToGround</altitudeMode><coordinates>-52.742047039791942,47.45777509175241,0</coordinates></Point></Placemark><Placemark><styleUrl>#point</styleUrl><Point><altitudeMode>clampToGround</altitudeMode><coordinates>-52.741651833057404,47.457748018205166,0</coordinates></Point></Placemark><Placemark><styleUrl>#point</styleUrl><Point><altitudeMode>clampToGround</altitudeMode><coordinates>-52.74129543453455,47.457742318511009,0</coordinates></Point></Placemark><Placemark><styleUrl>#point</styleUrl><Point><altitudeMode>clampToGround</altitudeMode><coordinates>-52.741085886955261,47.457748102024198,0</coordinates></Point></Placemark><Placemark><styleUrl>#point</styleUrl><Point><altitudeMode>clampToGround</altitudeMode><coordinates>-52.740867203101516,47.457764111459255,0</coordinates></Point></Placemark><Placemark><styleUrl>#point</styleUrl><Point><altitudeMode>clampToGround</altitudeMode><coordinates>-52.740642735734582,47.45779219083488,0</coordinates></Point></Placemark><Placemark><styleUrl>#point</styleUrl><Point><altitudeMode>clampToGround</altitudeMode><coordinates>-52.74037878960371,47.457836028188467,0</coordinates></Point></Placemark><Placemark><styleUrl>#point</styleUrl><Point><altitudeMode>clampToGround</altitudeMode><coordinates>-52.740231268107891,47.457866370677948,0</coordinates></Point></Placemark><Placemark><styleUrl>#point</styleUrl><Point><altitudeMode>clampToGround</altitudeMode><coordinates>-52.740029683336616,47.457900485023856,0</coordinates></Point></Placemark><Placemark><styleUrl>#point</styleUrl><Point><altitudeMode>clampToGround</altitudeMode><coordinates>-52.739885430783033,47.457922864705324,0</coordinates></Point></Placemark><Placemark><styleUrl>#point</styleUrl><Point><altitudeMode>clampToGround</altitudeMode><coordinates>-52.739607403054833,47.457962594926357,0</coordinates></Point></Placemark><Placemark><styleUrl>#point</styleUrl><Point><altitudeMode>clampToGround</altitudeMode><coordinates>-52.739405399188399,47.457992769777775,0</coordinates></Point></Placemark><Placemark><styleUrl>#point</styleUrl><Point><altitudeMode>clampToGround</altitudeMode><coordinates>-52.739334488287568,47.458009198307991,0</coordinates></Point></Placemark><Placemark><styleUrl>#point</styleUrl><Point><altitudeMode>clampToGround</altitudeMode><coordinates>-52.739271707832813,47.458027470856905,0</coordinates></Point></Placemark><Placemark><styleUrl>#point</styleUrl><Point><altitudeMode>clampToGround</altitudeMode><coordinates>-52.739211358129978,47.458050269633532,0</coordinates></Point></Placemark><Placemark><styleUrl>#point</styleUrl><Point><altitudeMode>clampToGround</altitudeMode><coordinates>-52.739156540483236,47.458073236048222,0</coordinates></Point></Placemark><Placemark><styleUrl>#point</styleUrl><Point><altitudeMode>clampToGround</altitudeMode><coordinates>-52.739075822755694,47.458128808066249,0</coordinates></Point></Placemark><Placemark><styleUrl>#point</styleUrl><Point><altitudeMode>clampToGround</altitudeMode><coordinates>-52.739012874662876,47.458192594349384,0</coordinates></Point></Placemark><Placemark><styleUrl>#point</styleUrl><Point><altitudeMode>clampToGround</altitudeMode><coordinates>-52.738920506089926,47.458298960700631,0</coordinates></Point></Placemark><Placemark><styleUrl>#point</styleUrl><Point><altitudeMode>clampToGround</altitudeMode><coordinates>-52.738744486123323,47.458530971780419,0</coordinates></Point></Placemark><Placemark><styleUrl>#point</styleUrl><Point><altitudeMode>clampToGround</altitudeMode><coordinates>-52.738583805039525,47.458698023110628,0</coordinates></Point></Placemark><Placemark><styleUrl>#point</styleUrl><Point><altitudeMode>clampToGround</altitudeMode><coordinates>-52.7384745888412,47.45879047550261,0</coordinates></Point></Placemark><Placemark><styleUrl>#point</styleUrl><Point><altitudeMode>clampToGround</altitudeMode><coordinates>-52.738362522795796,47.458863817155361,0</coordinates></Point></Placemark><Placemark><styleUrl>#point</styleUrl><Point><altitudeMode>clampToGround</altitudeMode><coordinates>-52.738223383203149,47.458920814096928,0</coordinates></Point></Placemark><Placemark><styleUrl>#point</styleUrl><Point><altitudeMode>clampToGround</altitudeMode><coordinates>-52.738101091235876,47.458948474377394,0</coordinates></Point></Placemark><Placemark><styleUrl>#point</styleUrl><Point><altitudeMode>clampToGround</altitudeMode><coordinates>-52.738019535318017,47.458958700299263,0</coordinates></Point></Placemark><Placemark><styleUrl>#point</styleUrl><Point><altitudeMode>clampToGround</altitudeMode><coordinates>-52.737933620810509,47.458954509347677,0</coordinates></Point></Placemark><Placemark><styleUrl>#point</styleUrl><Point><altitudeMode>clampToGround</altitudeMode><coordinates>-52.737842509523034,47.458936739712954,0</coordinates></Point></Placemark><Placemark><styleUrl>#point</styleUrl><Point><altitudeMode>clampToGround</altitudeMode><coordinates>-52.737713512033224,47.458904469385743,0</coordinates></Point></Placemark><Placemark><styleUrl>#point</styleUrl><Point><altitudeMode>clampToGround</altitudeMode><coordinates>-52.736616740003228,47.458512866869569,0</coordinates></Point></Placemark><Placemark><styleUrl>#point</styleUrl><Point><altitudeMode>clampToGround</altitudeMode><coordinates>-52.736257910728455,47.45836291462183,0</coordinates></Point></Placemark><Placemark><styleUrl>#point</styleUrl><Point><altitudeMode>clampToGround</altitudeMode><coordinates>-52.735862284898758,47.458227127790451,0</coordinates></Point></Placemark><Placemark><styleUrl>#point</styleUrl><Point><altitudeMode>clampToGround</altitudeMode><coordinates>-52.735462132841349,47.458107098937035,0</coordinates></Point></Placemark><Placemark><styleUrl>#point</styleUrl><Point><altitudeMode>clampToGround</altitudeMode><coordinates>-52.734684878960252,47.457876512780786,0</coordinates></Point></Placemark><Placemark><styleUrl>#point</styleUrl><Point><altitudeMode>clampToGround</altitudeMode><coordinates>-52.734327558428049,47.457785485312343,0</coordinates></Point></Placemark><Placemark><styleUrl>#point</styleUrl><Point><altitudeMode>clampToGround</altitudeMode><coordinates>-52.733992282301188,47.457716418430209,0</coordinates></Point></Placemark><Placemark><styleUrl>#point</styleUrl><Point><altitudeMode>clampToGround</altitudeMode><coordinates>-52.73373881354928,47.457664366811514,0</coordinates></Point></Placemark><Placemark><styleUrl>#point</styleUrl><Point><altitudeMode>clampToGround</altitudeMode><coordinates>-52.733468078076839,47.457601921632886,0</coordinates></Point></Placemark><Placemark><styleUrl>#point</styleUrl><Point><altitudeMode>clampToGround</altitudeMode><coordinates>-52.733153840526938,47.457526819780469,0</coordinates></Point></Placemark><Placemark><styleUrl>#point</styleUrl><Point><altitudeMode>clampToGround</altitudeMode><coordinates>-52.732916884124279,47.457484407350421,0</coordinates></Point></Placemark><Placemark><styleUrl>#point</styleUrl><Point><altitudeMode>clampToGround</altitudeMode><coordinates>-52.73267213255167,47.45744476094842,0</coordinates></Point></Placemark><Placemark><styleUrl>#point</styleUrl><Point><altitudeMode>clampToGround</altitudeMode><coordinates>-52.732423525303602,47.457432439550757,0</coordinates></Point></Placemark><Placemark><styleUrl>#point</styleUrl><Point><altitudeMode>clampToGround</altitudeMode><coordinates>-52.732221269980073,47.457446772605181,0</coordinates></Point></Placemark><Placemark><styleUrl>#point</styleUrl><Point><altitudeMode>clampToGround</altitudeMode><coordinates>-52.732065031304955,47.457471415400505,0</coordinates></Point></Placemark><Placemark><styleUrl>#point</styleUrl><Point><altitudeMode>clampToGround</altitudeMode><coordinates>-52.731902673840523,47.457509636878967,0</coordinates></Point></Placemark><Placemark><styleUrl>#point</styleUrl><Point><altitudeMode>clampToGround</altitudeMode><coordinates>-52.731707710772753,47.45755665935576,0</coordinates></Point></Placemark><Placemark><styleUrl>#point</styleUrl><Point><altitudeMode>clampToGround</altitudeMode><coordinates>-52.731454409658909,47.457593539729714,0</coordinates></Point></Placemark><Placemark><styleUrl>#point</styleUrl><Point><altitudeMode>clampToGround</altitudeMode><coordinates>-52.731265062466264,47.457611477002501,0</coordinates></Point></Placemark><Placemark><styleUrl>#point</styleUrl><Point><altitudeMode>clampToGround</altitudeMode><coordinates>-52.731038499623537,47.45762312784791,0</coordinates></Point></Placemark><Placemark><styleUrl>#point</styleUrl><Point><altitudeMode>clampToGround</altitudeMode><coordinates>-52.730793664231896,47.457610387355089,0</coordinates></Point></Placemark><Placemark><styleUrl>#point</styleUrl><Point><altitudeMode>clampToGround</altitudeMode><coordinates>-52.730400888249278,47.457566298544407,0</coordinates></Point></Placemark><Placemark><styleUrl>#point</styleUrl><Point><altitudeMode>clampToGround</altitudeMode><coordinates>-52.729734862223268,47.457467224448919,0</coordinates></Point></Placemark><Placemark><styleUrl>#point</styleUrl><Point><altitudeMode>clampToGround</altitudeMode><coordinates>-52.729322388768196,47.457412909716368,0</coordinates></Point></Placemark><Placemark><styleUrl>#point</styleUrl><Point><altitudeMode>clampToGround</altitudeMode><coordinates>-52.729050479829311,47.457376532256603,0</coordinates></Point></Placemark><Placemark><styleUrl>#point</styleUrl><Point><altitudeMode>clampToGround</altitudeMode><coordinates>-52.728859372437,47.457367731258273,0</coordinates></Point></Placemark><Placemark><styleUrl>#point</styleUrl><Point><altitudeMode>clampToGround</altitudeMode><coordinates>-52.728649573400617,47.457372676581144,0</coordinates></Point></Placemark><Placemark><styleUrl>#point</styleUrl><Point><altitudeMode>clampToGround</altitudeMode><coordinates>-52.728539099916816,47.457383740693331,0</coordinates></Point></Placemark><Placemark><styleUrl>#point</styleUrl><Point><altitudeMode>clampToGround</altitudeMode><coordinates>-52.728401133790612,47.457406874746084,0</coordinates></Point></Placemark><Placemark><styleUrl>#point</styleUrl><Point><altitudeMode>clampToGround</altitudeMode><coordinates>-52.728277333080769,47.457434618845582,0</coordinates></Point></Placemark><Placemark><styleUrl>#point</styleUrl><Point><altitudeMode>clampToGround</altitudeMode><coordinates>-52.72817088291049,47.457471415400505,0</coordinates></Point></Placemark><Placemark><styleUrl>#point</styleUrl><Point><altitudeMode>clampToGround</altitudeMode><coordinates>-52.728022858500481,47.457536123692989,0</coordinates></Point></Placemark><Placemark><styleUrl>#point</styleUrl><Point><altitudeMode>clampToGround</altitudeMode><coordinates>-52.727704513818026,47.45770082809031,0</coordinates></Point></Placemark><Placemark><styleUrl>#point</styleUrl><Point><altitudeMode>clampToGround</altitudeMode><coordinates>-52.726931367069483,47.458117660135031,0</coordinates></Point></Placemark><Placemark><styleUrl>#point</styleUrl><Point><altitudeMode>clampToGround</altitudeMode><coordinates>-52.726488802582026,47.458350006490946,0</coordinates></Point></Placemark><Placemark><styleUrl>#point</styleUrl><Point><altitudeMode>clampToGround</altitudeMode><coordinates>-52.726104995235801,47.458578329533339,0</coordinates></Point></Placemark><Placemark><styleUrl>#point</styleUrl><Point><altitudeMode>clampToGround</altitudeMode><coordinates>-52.725777011364698,47.458820482715964,0</coordinates></Point></Placemark><Placemark><styleUrl>#point</styleUrl><Point><altitudeMode>clampToGround</altitudeMode><coordinates>-52.725459923967719,47.459064060822129,0</coordinates></Point></Placemark><Placemark><styleUrl>#point</styleUrl><Point><altitudeMode>clampToGround</altitudeMode><coordinates>-52.725311731919646,47.459175623953342,0</coordinates></Point></Placemark><Placemark><styleUrl>#point</styleUrl><Point><altitudeMode>clampToGround</altitudeMode><coordinates>-52.72516873665154,47.459287522360682,0</coordinates></Point></Placemark><Placemark><styleUrl>#point</styleUrl><Point><altitudeMode>clampToGround</altitudeMode><coordinates>-52.725084833800793,47.459375280886889,0</coordinates></Point></Placemark><Placemark><styleUrl>#point</styleUrl><Point><altitudeMode>clampToGround</altitudeMode><coordinates>-52.725018113851547,47.4594662245363,0</coordinates></Point></Placemark><Placemark><styleUrl>#point</styleUrl><Point><altitudeMode>clampToGround</altitudeMode><coordinates>-52.724969917908311,47.459561275318265,0</coordinates></Point></Placemark><Placemark><styleUrl>#point</styleUrl><Point><altitudeMode>clampToGround</altitudeMode><coordinates>-52.724928092211485,47.459657331928611,0</coordinates></Point></Placemark><Placemark><styleUrl>#point</styleUrl><Point><altitudeMode>clampToGround</altitudeMode><coordinates>-52.724883165210485,47.459813989698887,0</coordinates></Point></Placemark><Placemark><styleUrl>#point</styleUrl><Point><altitudeMode>clampToGround</altitudeMode><coordinates>-52.724845530465245,47.45997198857367,0</coordinates></Point></Placemark><Placemark><styleUrl>#point</styleUrl><Point><altitudeMode>clampToGround</altitudeMode><coordinates>-52.724825162440538,47.460117163136601,0</coordinates></Point></Placemark><Placemark><styleUrl>#point</styleUrl><Point><altitudeMode>clampToGround</altitudeMode><coordinates>-52.724813427776098,47.460262672975659,0</coordinates></Point></Placemark><Placemark><styleUrl>#point</styleUrl><Point><altitudeMode>clampToGround</altitudeMode><coordinates>-52.724815607070923,47.460387898609042,0</coordinates></Point></Placemark><Placemark><styleUrl>#point</styleUrl><Point><altitudeMode>clampToGround</altitudeMode><coordinates>-52.724826922640204,47.460514297708869,0</coordinates></Point></Placemark><Placemark><styleUrl>#point</styleUrl><Point><altitudeMode>clampToGround</altitudeMode><coordinates>-52.724835807457566,47.460606079548597,0</coordinates></Point></Placemark><Placemark><styleUrl>#point</styleUrl><Point><altitudeMode>clampToGround</altitudeMode><coordinates>-52.724849386140704,47.460698029026389,0</coordinates></Point></Placemark><Placemark><styleUrl>#point</styleUrl><Point><altitudeMode>clampToGround</altitudeMode><coordinates>-52.724906718358397,47.460960131138563,0</coordinates></Point></Placemark><Placemark><styleUrl>#point</styleUrl><Point><altitudeMode>clampToGround</altitudeMode><coordinates>-52.724963128566742,47.46117009781301,0</coordinates></Point></Placemark><Placemark><styleUrl>#point</styleUrl><Point><altitudeMode>clampToGround</altitudeMode><coordinates>-52.725010318681598,47.461353493854403,0</coordinates></Point></Placemark><Placemark><styleUrl>#point</styleUrl><Point><altitudeMode>clampToGround</altitudeMode><coordinates>-52.72502850741148,47.4614486284554,0</coordinates></Point></Placemark><Placemark><styleUrl>#point</styleUrl><Point><altitudeMode>clampToGround</altitudeMode><coordinates>-52.725030686706305,47.461541835218668,0</coordinates></Point></Placemark><Placemark><styleUrl>#point</styleUrl><Point><altitudeMode>clampToGround</altitudeMode><coordinates>-52.725028926506639,47.461625402793288,0</coordinates></Point></Placemark><Placemark><styleUrl>#point</styleUrl><Point><altitudeMode>clampToGround</altitudeMode><coordinates>-52.72502020932734,47.461708886548877,0</coordinates></Point></Placemark><Placemark><styleUrl>#point</styleUrl><Point><altitudeMode>clampToGround</altitudeMode><coordinates>-52.725004116073251,47.461805362254381,0</coordinates></Point></Placemark><Placemark><styleUrl>#point</styleUrl><Point><altitudeMode>clampToGround</altitudeMode><coordinates>-52.724973689764738,47.461900999769568,0</coordinates></Point></Placemark><Placemark><styleUrl>#point</styleUrl><Point><altitudeMode>clampToGround</altitudeMode><coordinates>-52.724853325635195,47.462220769375563,0</coordinates></Point></Placemark><Placemark><styleUrl>#point</styleUrl><Point><altitudeMode>clampToGround</altitudeMode><coordinates>-52.724793311208487,47.462379774078727,0</coordinates></Point></Placemark><Placemark><styleUrl>#point</styleUrl><Point><altitudeMode>clampToGround</altitudeMode><coordinates>-52.724746624007821,47.462541125714779,0</coordinates></Point></Placemark><Placemark><styleUrl>#point</styleUrl><Point><altitudeMode>clampToGround</altitudeMode><coordinates>-52.724697170779109,47.462738184258342,0</coordinates></Point></Placemark><Placemark><styleUrl>#point</styleUrl><Point><altitudeMode>clampToGround</altitudeMode><coordinates>-52.724679401144385,47.46287589892745,0</coordinates></Point></Placemark><Placemark><styleUrl>#point</styleUrl><Point><altitudeMode>clampToGround</altitudeMode><coordinates>-52.724680406972766,47.463103886693716,0</coordinates></Point></Placemark><Placemark><styleUrl>#point</styleUrl><Point><altitudeMode>clampToGround</altitudeMode><coordinates>-52.724693734198809,47.463331874459982,0</coordinates></Point></Placemark><Placemark><styleUrl>#point</styleUrl><Point><altitudeMode>clampToGround</altitudeMode><coordinates>-52.724702032282948,47.463559191673994,0</coordinates></Point></Placemark><Placemark><styleUrl>#point</styleUrl><Point><altitudeMode>clampToGround</altitudeMode><coordinates>-52.724695159122348,47.463658098131418,0</coordinates></Point></Placemark><Placemark><styleUrl>#point</styleUrl><Point><altitudeMode>clampToGround</altitudeMode><coordinates>-52.724681664258242,47.463757004588842,0</coordinates></Point></Placemark><Placemark><styleUrl>#point</styleUrl><Point><altitudeMode>clampToGround</altitudeMode><coordinates>-52.724637910723686,47.463880637660623,0</coordinates></Point></Placemark><Placemark><styleUrl>#point</styleUrl><Point><altitudeMode>clampToGround</altitudeMode><coordinates>-52.724612262099981,47.463943669572473,0</coordinates></Point></Placemark><Placemark><styleUrl>#point</styleUrl><Point><altitudeMode>clampToGround</altitudeMode><coordinates>-52.724510841071606,47.464122036471963,0</coordinates></Point></Placemark><Placemark><styleUrl>#point</styleUrl><Point><altitudeMode>clampToGround</altitudeMode><coordinates>-52.724406570196152,47.464282969012856,0</coordinates></Point></Placemark><Placemark><styleUrl>#point</styleUrl><Point><altitudeMode>clampToGround</altitudeMode><coordinates>-52.724295593798161,47.464442560449243,0</coordinates></Point></Placemark><Placemark><styleUrl>#point</styleUrl><Point><altitudeMode>clampToGround</altitudeMode><coordinates>-52.724238932132721,47.464515063911676,0</coordinates></Point></Placemark><Placemark><styleUrl>#point</styleUrl><Point><altitudeMode>clampToGround</altitudeMode><coordinates>-52.724174810573459,47.46458706445992,0</coordinates></Point></Placemark><Placemark><styleUrl>#point</styleUrl><Point><altitudeMode>clampToGround</altitudeMode><coordinates>-52.72406592965126,47.464684881269932,0</coordinates></Point></Placemark><Placemark><styleUrl>#point</styleUrl><Point><altitudeMode>clampToGround</altitudeMode><coordinates>-52.723988564684987,47.464742381125689,0</coordinates></Point></Placemark><Placemark><styleUrl>#point</styleUrl><Point><altitudeMode>clampToGround</altitudeMode><coordinates>-52.723899967968464,47.46479912661016,0</coordinates></Point></Placemark><Placemark><styleUrl>#point</styleUrl><Point><altitudeMode>clampToGround</altitudeMode><coordinates>-52.723691593855619,47.464911276474595,0</coordinates></Point></Placemark><Placemark><styleUrl>#point</styleUrl><Point><altitudeMode>clampToGround</altitudeMode><coordinates>-52.723581036552787,47.46497506275773,0</coordinates></Point></Placemark><Placemark><styleUrl>#point</styleUrl><Point><altitudeMode>clampToGround</altitudeMode><coordinates>-52.723484141752124,47.465041531249881,0</coordinates></Point></Placemark><Placemark><styleUrl>#point</styleUrl><Point><altitudeMode>clampToGround</altitudeMode><coordinates>-52.723247604444623,47.465213192626834,0</coordinates></Point></Placemark><Placemark><styleUrl>#point</styleUrl><Point><altitudeMode>clampToGround</altitudeMode><coordinates>-52.723012827336788,47.465357864275575,0</coordinates></Point></Placemark><Placemark><styleUrl>#point</styleUrl><Point><altitudeMode>clampToGround</altitudeMode><coordinates>-52.722696494311094,47.465525502339005,0</coordinates></Point></Placemark><Placemark><styleUrl>#point</styleUrl><Point><altitudeMode>clampToGround</altitudeMode><coordinates>-52.722396003082395,47.465672940015793,0</coordinates></Point></Placemark><Placemark><styleUrl>#point</styleUrl><Point><altitudeMode>clampToGround</altitudeMode><coordinates>-52.722104396671057,47.465785341337323,0</coordinates></Point></Placemark><Placemark><styleUrl>#point</styleUrl><Point><altitudeMode>clampToGround</altitudeMode><coordinates>-52.721940111368895,47.465830268338323,0</coordinates></Point></Placemark><Placemark><styleUrl>#point</styleUrl><Point><altitudeMode>clampToGround</altitudeMode><coordinates>-52.721687816083431,47.465877206996083,0</coordinates></Point></Placemark><Placemark><styleUrl>#point</styleUrl><Point><altitudeMode>clampToGround</altitudeMode><coordinates>-52.721451865509152,47.465900089591742,0</coordinates></Point></Placemark><Placemark><styleUrl>#point</styleUrl><Point><altitudeMode>clampToGround</altitudeMode><coordinates>-52.721254723146558,47.465909225866199,0</coordinates></Point></Placemark><Placemark><styleUrl>#point</styleUrl><Point><altitudeMode>clampToGround</altitudeMode><coordinates>-52.721064370125532,47.465899838134646,0</coordinates></Point></Placemark><Placemark><styleUrl>#point</styleUrl><Point><altitudeMode>clampToGround</altitudeMode><coordinates>-52.720871167257428,47.465873938053846,0</coordinates></Point></Placemark><Placemark><styleUrl>#point</styleUrl><Point><altitudeMode>clampToGround</altitudeMode><coordinates>-52.720331288874149,47.465784922242165,0</coordinates></Point></Placemark><Placemark><styleUrl>#point</styleUrl><Point><altitudeMode>clampToGround</altitudeMode><coordinates>-52.720028702169657,47.465732283890247,0</coordinates></Point></Placemark><Placemark><styleUrl>#point</styleUrl><Point><altitudeMode>clampToGround</altitudeMode><coordinates>-52.719676326960325,47.465677130967379,0</coordinates></Point></Placemark><Placemark><styleUrl>#point</styleUrl><Point><altitudeMode>clampToGround</altitudeMode><coordinates>-52.719605583697557,47.465664809569716,0</coordinates></Point></Placemark><Placemark><styleUrl>#point</styleUrl><Point><altitudeMode>clampToGround</altitudeMode><coordinates>-52.719121361151338,47.465580403804779,0</coordinates></Point></Placemark><Placemark><styleUrl>#point</styleUrl><Point><altitudeMode>clampToGround</altitudeMode><coordinates>-52.719082133844495,47.46557361446321,0</coordinates></Point></Placemark><Placemark><styleUrl>#point</styleUrl><Point><altitudeMode>clampToGround</altitudeMode><coordinates>-52.71879849024117,47.465527765452862,0</coordinates></Point></Placemark><Placemark><styleUrl>#point</styleUrl><Point><altitudeMode>clampToGround</altitudeMode><coordinates>-52.718479223549366,47.465480826795101,0</coordinates></Point></Placemark><Placemark><styleUrl>#point</styleUrl><Point><altitudeMode>clampToGround</altitudeMode><coordinates>-52.718366486951709,47.465470684692264,0</coordinates></Point></Placemark><Placemark><styleUrl>#point</styleUrl><Point><altitudeMode>clampToGround</altitudeMode><coordinates>-52.718332540243864,47.465469595044851,0</coordinates></Point></Placemark><Placemark><styleUrl>#point</styleUrl><Point><altitudeMode>clampToGround</altitudeMode><coordinates>-52.718263389542699,47.465467331930995,0</coordinates></Point></Placemark><Placemark><styleUrl>#point</styleUrl><Point><altitudeMode>clampToGround</altitudeMode><coordinates>-52.718175295740366,47.465468673035502,0</coordinates></Point></Placemark><Placemark><styleUrl>#point</styleUrl><Point><altitudeMode>clampToGround</altitudeMode><coordinates>-52.718074126169086,47.465469595044851,0</coordinates></Point></Placemark><Placemark><styleUrl>#point</styleUrl><Point><altitudeMode>clampToGround</altitudeMode><coordinates>-52.718049231916666,47.465469762682915,0</coordinates></Point></Placemark><Placemark><styleUrl>#point</styleUrl><Point><altitudeMode>clampToGround</altitudeMode><coordinates>-52.717928113415837,47.465480491518974,0</coordinates></Point></Placemark><Placemark><styleUrl>#point</styleUrl><Point><altitudeMode>clampToGround</altitudeMode><coordinates>-52.717784279957414,47.465500105172396,0</coordinates></Point></Placemark><Placemark><styleUrl>#point</styleUrl><Point><altitudeMode>clampToGround</altitudeMode><coordinates>-52.717668358236551,47.46552768163383,0</coordinates></Point></Placemark><Placemark><styleUrl>#point</styleUrl><Point><altitudeMode>clampToGround</altitudeMode><coordinates>-52.717481860890985,47.465572105720639,0</coordinates></Point></Placemark><Placemark><styleUrl>#point</styleUrl><Point><altitudeMode>clampToGround</altitudeMode><coordinates>-52.717199390754104,47.465639412403107,0</coordinates></Point></Placemark><Placemark><styleUrl>#point</styleUrl><Point><altitudeMode>clampToGround</altitudeMode><coordinates>-52.716838633641601,47.465721471235156,0</coordinates></Point></Placemark><Placemark><styleUrl>#point</styleUrl><Point><altitudeMode>clampToGround</altitudeMode><coordinates>-52.716596983373165,47.465769164264202,0</coordinates></Point></Placemark><Placemark><styleUrl>#point</styleUrl><Point><altitudeMode>clampToGround</altitudeMode><coordinates>-52.716461783275008,47.465789783746004,0</coordinates></Point></Placemark><Placemark><styleUrl>#point</styleUrl><Point><altitudeMode>clampToGround</altitudeMode><coordinates>-52.716318536549807,47.465802691876888,0</coordinates></Point></Placemark><Placemark><styleUrl>#point</styleUrl><Point><altitudeMode>clampToGround</altitudeMode><coordinates>-52.71620680578053,47.465805960819125,0</coordinates></Point></Placemark><Placemark><styleUrl>#point</styleUrl><Point><altitudeMode>clampToGround</altitudeMode><coordinates>-52.716087531298399,47.465799674391747,0</coordinates></Point></Placemark><Placemark><styleUrl>#point</styleUrl><Point><altitudeMode>clampToGround</altitudeMode><coordinates>-52.715989714488387,47.465785592794418,0</coordinates></Point></Placemark><Placemark><styleUrl>#point</styleUrl><Point><altitudeMode>clampToGround</altitudeMode><coordinates>-52.715903799980879,47.465770086273551,0</coordinates></Point></Placemark><Placemark><styleUrl>#point</styleUrl><Point><altitudeMode>clampToGround</altitudeMode><coordinates>-52.715791733935475,47.465738318860531,0</coordinates></Point></Placemark><Placemark><styleUrl>#point</styleUrl><Point><altitudeMode>clampToGround</altitudeMode><coordinates>-52.715687798336148,47.465700600296259,0</coordinates></Point></Placemark><Placemark><styleUrl>#point</styleUrl><Point><altitudeMode>clampToGround</altitudeMode><coordinates>-52.715600710362196,47.465657098218799,0</coordinates></Point></Placemark><Placemark><styleUrl>#point</styleUrl><Point><altitudeMode>clampToGround</altitudeMode><coordinates>-52.715093102306128,47.465348476544023,0</coordinates></Point></Placemark><Placemark><styleUrl>#point</styleUrl><Point><altitudeMode>clampToGround</altitudeMode><coordinates>-52.714922782033682,47.465244960039854,0</coordinates></Point></Placemark><Placemark><styleUrl>#point</styleUrl><Point><altitudeMode>clampToGround</altitudeMode><coordinates>-52.714808033779263,47.465181509032845,0</coordinates></Point></Placemark><Placemark><styleUrl>#point</styleUrl><Point><altitudeMode>clampToGround</altitudeMode><coordinates>-52.714746426790953,47.465147478505969,0</coordinates></Point></Placemark><Placemark><styleUrl>#point</styleUrl><Point><altitudeMode>clampToGround</altitudeMode><coordinates>-52.714681634679437,47.46511428616941,0</coordinates></Point></Placemark><Placemark><styleUrl>#point</styleUrl><Point><altitudeMode>clampToGround</altitudeMode><coordinates>-52.714568981900811,47.46505661867559,0</coordinates></Point></Placemark><Placemark><styleUrl>#point</styleUrl><Point><altitudeMode>clampToGround</altitudeMode><coordinates>-52.714390279725194,47.464958969503641,0</coordinates></Point></Placemark><Placemark><styleUrl>#point</styleUrl><Point><altitudeMode>clampToGround</altitudeMode><coordinates>-52.714279219508171,47.464898200705647,0</coordinates></Point></Placemark><Placemark><styleUrl>#point</styleUrl><Point><altitudeMode>clampToGround</altitudeMode><coordinates>-52.714263629168272,47.464889734983444,0</coordinates></Point></Placemark><Placemark><styleUrl>#point</styleUrl><Point><altitudeMode>clampToGround</altitudeMode><coordinates>-52.714194981381297,47.464852184057236,0</coordinates></Point></Placemark><Placemark><styleUrl>#point</styleUrl><Point><altitudeMode>clampToGround</altitudeMode><coordinates>-52.714120298624039,47.464798875153065,0</coordinates></Point></Placemark><Placemark><styleUrl>#point</styleUrl><Point><altitudeMode>clampToGround</altitudeMode><coordinates>-52.714074114337564,47.464763335883617,0</coordinates></Point></Placemark><Placemark><styleUrl>#point</styleUrl><Point><altitudeMode>clampToGround</altitudeMode><coordinates>-52.714036898687482,47.464735172688961,0</coordinates></Point></Placemark><Placemark><styleUrl>#point</styleUrl><Point><altitudeMode>clampToGround</altitudeMode><coordinates>-52.713981913402677,47.464683372527361,0</coordinates></Point></Placemark><Placemark><styleUrl>#point</styleUrl><Point><altitudeMode>clampToGround</altitudeMode><coordinates>-52.713900189846754,47.464593602344394,0</coordinates></Point></Placemark><Placemark><styleUrl>#point</styleUrl><Point><altitudeMode>clampToGround</altitudeMode><coordinates>-52.713874625042081,47.464565522968769,0</coordinates></Point></Placemark><Placemark><styleUrl>#point</styleUrl><Point><altitudeMode>clampToGround</altitudeMode><coordinates>-52.713866494596004,47.464555716142058,0</coordinates></Point></Placemark><Placemark><styleUrl>#point</styleUrl><Point><altitudeMode>clampToGround</altitudeMode><coordinates>-52.713817711919546,47.464496791362762,0</coordinates></Point></Placemark><Placemark><styleUrl>#point</styleUrl><Point><altitudeMode>clampToGround</altitudeMode><coordinates>-52.713760631158948,47.464427724480629,0</coordinates></Point></Placemark><Placemark><styleUrl>#point</styleUrl><Point><altitudeMode>clampToGround</altitudeMode><coordinates>-52.713739760220051,47.464401321485639,0</coordinates></Point></Placemark><Placemark><styleUrl>#point</styleUrl><Point><altitudeMode>clampToGround</altitudeMode><coordinates>-52.713702460750937,47.464354131370783,0</coordinates></Point></Placemark><Placemark><styleUrl>#point</styleUrl><Point><altitudeMode>clampToGround</altitudeMode><coordinates>-52.713680667802691,47.464326387271285,0</coordinates></Point></Placemark><Placemark><styleUrl>#point</styleUrl><Point><altitudeMode>clampToGround</altitudeMode><coordinates>-52.713587628677487,47.464208286255598,0</coordinates></Point></Placemark><Placemark><styleUrl>#point</styleUrl><Point><altitudeMode>clampToGround</altitudeMode><coordinates>-52.713477658107877,47.464093202725053,0</coordinates></Point></Placemark><Placemark><styleUrl>#point</styleUrl><Point><altitudeMode>clampToGround</altitudeMode><coordinates>-52.713442035019398,47.464064033702016,0</coordinates></Point></Placemark><Placemark><styleUrl>#point</styleUrl><Point><altitudeMode>clampToGround</altitudeMode><coordinates>-52.713387804105878,47.464019693434238,0</coordinates></Point></Placemark><Placemark><styleUrl>#point</styleUrl><Point><altitudeMode>clampToGround</altitudeMode><coordinates>-52.713293926790357,47.463956326246262,0</coordinates></Point></Placemark><Placemark><styleUrl>#point</styleUrl><Point><altitudeMode>clampToGround</altitudeMode><coordinates>-52.713124109432101,47.463878039270639,0</coordinates></Point></Placemark><Placemark><styleUrl>#point</styleUrl><Point><altitudeMode>clampToGround</altitudeMode><coordinates>-52.713106339797378,47.463870998471975,0</coordinates></Point></Placemark><Placemark><styleUrl>#point</styleUrl><Point><altitudeMode>clampToGround</altitudeMode><coordinates>-52.713092425838113,47.463865466415882,0</coordinates></Point></Placemark><Placemark><styleUrl>#point</styleUrl><Point><altitudeMode>clampToGround</altitudeMode><coordinates>-52.712980611249804,47.463821293786168,0</coordinates></Point></Placemark><Placemark><styleUrl>#point</styleUrl><Point><altitudeMode>clampToGround</altitudeMode><coordinates>-52.712730914354324,47.463732361793518,0</coordinates></Point></Placemark><Placemark><styleUrl>#point</styleUrl><Point><altitudeMode>clampToGround</altitudeMode><coordinates>-52.712515164166689,47.463650135323405,0</coordinates></Point></Placemark><Placemark><styleUrl>#point</styleUrl><Point><altitudeMode>clampToGround</altitudeMode><coordinates>-52.712423885241151,47.463613087311387,0</coordinates></Point></Placemark><Placemark><styleUrl>#point</styleUrl><Point><altitudeMode>clampToGround</altitudeMode><coordinates>-52.71237451583147,47.4635917134583,0</coordinates></Point></Placemark><Placemark><styleUrl>#point</styleUrl><Point><altitudeMode>clampToGround</altitudeMode><coordinates>-52.712323805317283,47.463569836691022,0</coordinates></Point></Placemark><Placemark><styleUrl>#point</styleUrl><Point><altitudeMode>clampToGround</altitudeMode><coordinates>-52.712241159752011,47.463525328785181,0</coordinates></Point></Placemark><Placemark><styleUrl>#point</styleUrl><Point><altitudeMode>clampToGround</altitudeMode><coordinates>-52.712164130061865,47.463480485603213,0</coordinates></Point></Placemark><Placemark><styleUrl>#point</styleUrl><Point><altitudeMode>clampToGround</altitudeMode><coordinates>-52.712068324908614,47.463442767038941,0</coordinates></Point></Placemark><Placemark><styleUrl>#point</styleUrl><Point><altitudeMode>clampToGround</altitudeMode><coordinates>-52.712019039317966,47.463423404842615,0</coordinates></Point></Placemark><Placemark><styleUrl>#point</styleUrl><Point><altitudeMode>clampToGround</altitudeMode><coordinates>-52.711979560554028,47.463413933292031,0</coordinates></Point></Placemark><Placemark><styleUrl>#point</styleUrl><Point><altitudeMode>clampToGround</altitudeMode><coordinates>-52.711942428722978,47.463404880836606,0</coordinates></Point></Placemark><Placemark><styleUrl>#point</styleUrl><Point><altitudeMode>clampToGround</altitudeMode><coordinates>-52.711912924423814,47.463400522246957,0</coordinates></Point></Placemark><Placemark><styleUrl>#point</styleUrl><Point><altitudeMode>clampToGround</altitudeMode><coordinates>-52.711878810077906,47.463395493105054,0</coordinates></Point></Placemark><Placemark><styleUrl>#point</styleUrl><Point><altitudeMode>clampToGround</altitudeMode><coordinates>-52.711813179776073,47.463385770097375,0</coordinates></Point></Placemark><Placemark><styleUrl>#point</styleUrl><Point><altitudeMode>clampToGround</altitudeMode><coordinates>-52.711727768182755,47.463374119251966,0</coordinates></Point></Placemark><Placemark><styleUrl>#point</styleUrl><Point><altitudeMode>clampToGround</altitudeMode><coordinates>-52.711603129282594,47.46337722055614,0</coordinates></Point></Placemark><Placemark><styleUrl>#point</styleUrl><Point><altitudeMode>clampToGround</altitudeMode><coordinates>-52.711525009945035,47.463389625772834,0</coordinates></Point></Placemark><Placemark><styleUrl>#point</styleUrl><Point><altitudeMode>clampToGround</altitudeMode><coordinates>-52.71150128915906,47.463396918028593,0</coordinates></Point></Placemark><Placemark><styleUrl>#point</styleUrl><Point><altitudeMode>clampToGround</altitudeMode><coordinates>-52.71147346124053,47.463405383750796,0</coordinates></Point></Placemark><Placemark><styleUrl>#point</styleUrl><Point><altitudeMode>clampToGround</altitudeMode><coordinates>-52.711423086002469,47.463438240811229,0</coordinates></Point></Placemark><Placemark><styleUrl>#point</styleUrl><Point><altitudeMode>clampToGround</altitudeMode><coordinates>-52.711385535076261,47.463481575250626,0</coordinates></Point></Placemark><Placemark><styleUrl>#point</styleUrl><Point><altitudeMode>clampToGround</altitudeMode><coordinates>-52.711375476792455,47.46350429020822,0</coordinates></Point></Placemark><Placemark><styleUrl>#point</styleUrl><Point><altitudeMode>clampToGround</altitudeMode><coordinates>-52.711343122646213,47.463578218594193,0</coordinates></Point></Placemark><Placemark><styleUrl>#point</styleUrl><Point><altitudeMode>clampToGround</altitudeMode><coordinates>-52.711317306384444,47.463636975735426,0</coordinates></Point></Placemark><Placemark><styleUrl>#point</styleUrl><Point><altitudeMode>clampToGround</altitudeMode><coordinates>-52.711300291121006,47.463675700128078,0</coordinates></Point></Placemark><Placemark><styleUrl>#point</styleUrl><Point><altitudeMode>clampToGround</altitudeMode><coordinates>-52.711271205917001,47.463742168620229,0</coordinates></Point></Placemark><Placemark><styleUrl>#point</styleUrl><Point><altitudeMode>clampToGround</altitudeMode><coordinates>-52.711208928376436,47.463864460587502,0</coordinates></Point></Placemark><Placemark><styleUrl>#point</styleUrl><Point><altitudeMode>clampToGround</altitudeMode><coordinates>-52.711182525381446,47.46390980668366,0</coordinates></Point></Placemark><Placemark><styleUrl>#point</styleUrl><Point><altitudeMode>clampToGround</altitudeMode><coordinates>-52.711138101294637,47.463985998183489,0</coordinates></Point></Placemark><Placemark><styleUrl>#point</styleUrl><Point><altitudeMode>clampToGround</altitudeMode><coordinates>-52.711110860109329,47.46402321383357,0</coordinates></Point></Placemark><Placemark><styleUrl>#point</styleUrl><Point><altitudeMode>clampToGround</altitudeMode><coordinates>-52.711087558418512,47.464051293209195,0</coordinates></Point></Placemark><Placemark><styleUrl>#point</styleUrl><Point><altitudeMode>clampToGround</altitudeMode><coordinates>-52.711057718843222,47.464081300422549,0</coordinates></Point></Placemark><Placemark><styleUrl>#point</styleUrl><Point><altitudeMode>clampToGround</altitudeMode><coordinates>-52.711019581183791,47.464110134169459,0</coordinates></Point></Placemark><Placemark><styleUrl>#point</styleUrl><Point><altitudeMode>clampToGround</altitudeMode><coordinates>-52.710971469059587,47.464141566306353,0</coordinates></Point></Placemark><Placemark><styleUrl>#point</styleUrl><Point><altitudeMode>clampToGround</altitudeMode><coordinates>-52.710913717746735,47.464164365082979,0</coordinates></Point></Placemark><Placemark><styleUrl>#point</styleUrl><Point><altitudeMode>clampToGround</altitudeMode><coordinates>-52.710508201271296,47.464284561574459,0</coordinates></Point></Placemark><Placemark><styleUrl>#point</styleUrl><Point><altitudeMode>clampToGround</altitudeMode><coordinates>-52.710394626483321,47.46432269923389,0</coordinates></Point></Placemark><Placemark><styleUrl>#point</styleUrl><Point><altitudeMode>clampToGround</altitudeMode><coordinates>-52.710089441388845,47.464406182989478,0</coordinates></Point></Placemark><Placemark><styleUrl>#point</styleUrl><Point><altitudeMode>clampToGround</altitudeMode><coordinates>-52.709760786965489,47.464523697271943,0</coordinates></Point></Placemark><Placemark><styleUrl>#point</styleUrl><Point><altitudeMode>clampToGround</altitudeMode><coordinates>-52.709599602967501,47.464581364765763,0</coordinates></Point></Placemark><Placemark><styleUrl>#point</styleUrl><Point><altitudeMode>clampToGround</altitudeMode><coordinates>-52.709262985736132,47.464712960645556,0</coordinates></Point></Placemark><Placemark><styleUrl>#point</styleUrl><Point><altitudeMode>clampToGround</altitudeMode><coordinates>-52.709099873900414,47.46477666310966,0</coordinates></Point></Placemark><Placemark><styleUrl>#point</styleUrl><Point><altitudeMode>clampToGround</altitudeMode><coordinates>-52.708863504230976,47.464849082753062,0</coordinates></Point></Placemark><Placemark><styleUrl>#point</styleUrl><Point><altitudeMode>clampToGround</altitudeMode><coordinates>-52.708831569179893,47.464858889579773,0</coordinates></Point></Placemark><Placemark><styleUrl>#point</styleUrl><Point><altitudeMode>clampToGround</altitudeMode><coordinates>-52.708692932501435,47.464896691963077,0</coordinates></Point></Placemark><Placemark><styleUrl>#point</styleUrl><Point><altitudeMode>clampToGround</altitudeMode><coordinates>-52.708571227267385,47.464929800480604,0</coordinates></Point></Placemark><Placemark><styleUrl>#point</styleUrl><Point><altitudeMode>clampToGround</altitudeMode><coordinates>-52.708390764892101,47.46499165892601,0</coordinates></Point></Placemark><Placemark><styleUrl>#point</styleUrl><Point><altitudeMode>clampToGround</altitudeMode><coordinates>-52.708211224526167,47.465056199580431,0</coordinates></Point></Placemark><Placemark><styleUrl>#point</styleUrl><Point><altitudeMode>clampToGround</altitudeMode><coordinates>-52.708031265065074,47.465074136853218,0</coordinates></Point></Placemark><Placemark><styleUrl>#point</styleUrl><Point><altitudeMode>clampToGround</altitudeMode><coordinates>-52.707909308373928,47.465075897052884,0</coordinates></Point></Placemark><Placemark><styleUrl>#point</styleUrl><Point><altitudeMode>clampToGround</altitudeMode><coordinates>-52.707849713042378,47.465076819062233,0</coordinates></Point></Placemark><Placemark><styleUrl>#point</styleUrl><Point><altitudeMode>clampToGround</altitudeMode><coordinates>-52.707827417179942,47.465076902881265,0</coordinates></Point></Placemark><Placemark><styleUrl>#point</styleUrl><Point><altitudeMode>clampToGround</altitudeMode><coordinates>-52.707599429413676,47.465077908709645,0</coordinates></Point></Placemark><Placemark><styleUrl>#point</styleUrl><Point><altitudeMode>clampToGround</altitudeMode><coordinates>-52.707521058619022,47.46507816016674,0</coordinates></Point></Placemark><Placemark><styleUrl>#point</styleUrl><Point><altitudeMode>clampToGround</altitudeMode><coordinates>-52.707284186035395,47.465076986700296,0</coordinates></Point></Placemark><Placemark><styleUrl>#point</styleUrl><Point><altitudeMode>clampToGround</altitudeMode><coordinates>-52.707080002874136,47.465075980871916,0</coordinates></Point></Placemark><Placemark><styleUrl>#point</styleUrl><Point><altitudeMode>clampToGround</altitudeMode><coordinates>-52.706955699250102,47.465074639767408,0</coordinates></Point></Placemark><Placemark><styleUrl>#point</styleUrl><Point><altitudeMode>clampToGround</altitudeMode><coordinates>-52.706857714802027,47.465073466300964,0</coordinates></Point></Placemark><Placemark><styleUrl>#point</styleUrl><Point><altitudeMode>clampToGround</altitudeMode><coordinates>-52.706734333187342,47.465070197358727,0</coordinates></Point></Placemark><Placemark><styleUrl>#point</styleUrl><Point><altitudeMode>clampToGround</altitudeMode><coordinates>-52.70661111921072,47.465066928416491,0</coordinates></Point></Placemark><Placemark><styleUrl>#point</styleUrl><Point><altitudeMode>clampToGround</altitudeMode><coordinates>-52.706402326002717,47.465061563998461,0</coordinates></Point></Placemark><Placemark><styleUrl>#point</styleUrl><Point><altitudeMode>clampToGround</altitudeMode><coordinates>-52.706170817837119,47.465054104104638,0</coordinates></Point></Placemark><Placemark><styleUrl>#point</styleUrl><Point><altitudeMode>clampToGround</altitudeMode><coordinates>-52.705941908061504,47.465034741908312,0</coordinates></Point></Placemark><Placemark><styleUrl>#point</styleUrl><Point><altitudeMode>clampToGround</altitudeMode><coordinates>-52.705921959131956,47.465032394975424,0</coordinates></Point></Placemark><Placemark><styleUrl>#point</styleUrl><Point><altitudeMode>clampToGround</altitudeMode><coordinates>-52.705751890316606,47.465012613683939,0</coordinates></Point></Placemark><Placemark><styleUrl>#point</styleUrl><Point><altitudeMode>clampToGround</altitudeMode><coordinates>-52.705494482070208,47.464971039444208,0</coordinates></Point></Placemark><Placemark><styleUrl>#point</styleUrl><Point><altitudeMode>clampToGround</altitudeMode><coordinates>-52.705233218148351,47.464931225404143,0</coordinates></Point></Placemark><Placemark><styleUrl>#point</styleUrl><Point><altitudeMode>clampToGround</altitudeMode><coordinates>-52.705148896202445,47.464918820187449,0</coordinates></Point></Placemark><Placemark><styleUrl>#point</styleUrl><Point><altitudeMode>clampToGround</altitudeMode><coordinates>-52.705059377476573,47.464911276474595,0</coordinates></Point></Placemark><Placemark><styleUrl>#point</styleUrl><Point><altitudeMode>clampToGround</altitudeMode><coordinates>-52.704933732748032,47.464913371950388,0</coordinates></Point></Placemark><Placemark><styleUrl>#point</styleUrl><Point><altitudeMode>clampToGround</altitudeMode><coordinates>-52.704813620075583,47.464928459376097,0</coordinates></Point></Placemark><Placemark><styleUrl>#point</styleUrl><Point><altitudeMode>clampToGround</altitudeMode><coordinates>-52.704747822135687,47.464949665591121,0</coordinates></Point></Placemark><Placemark><styleUrl>#point</styleUrl><Point><altitudeMode>clampToGround</altitudeMode><coordinates>-52.704679928719997,47.464975733309984,0</coordinates></Point></Placemark><Placemark><styleUrl>#point</styleUrl><Point><altitudeMode>clampToGround</altitudeMode><coordinates>-52.704619327560067,47.465000627562404,0</coordinates></Point></Placemark><Placemark><styleUrl>#point</styleUrl><Point><altitudeMode>clampToGround</altitudeMode><coordinates>-52.70460968837142,47.465006913989782,0</coordinates></Point></Placemark><Placemark><styleUrl>#point</styleUrl><Point><altitudeMode>clampToGround</altitudeMode><coordinates>-52.704527797177434,47.465063072741032,0</coordinates></Point></Placemark><Placemark><styleUrl>#point</styleUrl><Point><altitudeMode>clampToGround</altitudeMode><coordinates>-52.704454036429524,47.465113615617156,0</coordinates></Point></Placemark><Placemark><styleUrl>#point</styleUrl><Point><altitudeMode>clampToGround</altitudeMode><coordinates>-52.704427214339375,47.46513188816607,0</coordinates></Point></Placemark><Placemark><styleUrl>#point</styleUrl><Point><altitudeMode>clampToGround</altitudeMode><coordinates>-52.704334929585457,47.465191734954715,0</coordinates></Point></Placemark><Placemark><styleUrl>#point</styleUrl><Point><altitudeMode>clampToGround</altitudeMode><coordinates>-52.704326715320349,47.465197015553713,0</coordinates></Point></Placemark><Placemark><styleUrl>#point</styleUrl><Point><altitudeMode>clampToGround</altitudeMode><coordinates>-52.704243315383792,47.465237164869905,0</coordinates></Point></Placemark><Placemark><styleUrl>#point</styleUrl><Point><altitudeMode>clampToGround</altitudeMode><coordinates>-52.704139295965433,47.465273961424828,0</coordinates></Point></Placemark><Placemark><styleUrl>#point</styleUrl><Point><altitudeMode>clampToGround</altitudeMode><coordinates>-52.704046927392483,47.465294329449534,0</coordinates></Point></Placemark><Placemark><styleUrl>#point</styleUrl><Point><altitudeMode>clampToGround</altitudeMode><coordinates>-52.703940561041236,47.465306399390101,0</coordinates></Point></Placemark><Placemark><styleUrl>#point</styleUrl><Point><altitudeMode>clampToGround</altitudeMode><coordinates>-52.703577373176813,47.465333640575409,0</coordinates></Point></Placemark><Placemark><styleUrl>#point</styleUrl><Point><altitudeMode>clampToGround</altitudeMode><coordinates>-52.703424403443933,47.465357780456543,0</coordinates></Point></Placemark><Placemark><styleUrl>#point</styleUrl><Point><altitudeMode>clampToGround</altitudeMode><coordinates>-52.70334561355412,47.465379908680916,0</coordinates></Point></Placemark><Placemark><styleUrl>#point</styleUrl><Point><altitudeMode>clampToGround</altitudeMode><coordinates>-52.703314935788512,47.465388458222151,0</coordinates></Point></Placemark><Placemark><styleUrl>#point</styleUrl><Point><altitudeMode>clampToGround</altitudeMode><coordinates>-52.703188620507717,47.465445706620812,0</coordinates></Point></Placemark><Placemark><styleUrl>#point</styleUrl><Point><altitudeMode>clampToGround</altitudeMode><coordinates>-52.703076805919409,47.465524580329657,0</coordinates></Point></Placemark><Placemark><styleUrl>#point</styleUrl><Point><altitudeMode>clampToGround</altitudeMode><coordinates>-52.70299038849771,47.465616865083575,0</coordinates></Point></Placemark><Placemark><styleUrl>#point</styleUrl><Point><altitudeMode>clampToGround</altitudeMode><coordinates>-52.702984940260649,47.465622816234827,0</coordinates></Point></Placemark><Placemark><styleUrl>#point</styleUrl><Point><altitudeMode>clampToGround</altitudeMode><coordinates>-52.702941941097379,47.465679477900267,0</coordinates></Point></Placemark><Placemark><styleUrl>#point</styleUrl><Point><altitudeMode>clampToGround</altitudeMode><coordinates>-52.702928865328431,47.465702360495925,0</coordinates></Point></Placemark><Placemark><styleUrl>#point</styleUrl><Point><altitudeMode>clampToGround</altitudeMode><coordinates>-52.702909670770168,47.465736223384738,0</coordinates></Point></Placemark><Placemark><styleUrl>#point</styleUrl><Point><altitudeMode>clampToGround</altitudeMode><coordinates>-52.702885195612907,47.465804368257523,0</coordinates></Point></Placemark><Placemark><styleUrl>#point</styleUrl><Point><altitudeMode>clampToGround</altitudeMode><coordinates>-52.702879579737782,47.465872513130307,0</coordinates></Point></Placemark><Placemark><styleUrl>#point</styleUrl><Point><altitudeMode>clampToGround</altitudeMode><coordinates>-52.702879160642624,47.465944513678551,0</coordinates></Point></Placemark><Placemark><styleUrl>#point</styleUrl><Point><altitudeMode>clampToGround</altitudeMode><coordinates>-52.702884105965495,47.466016514226794,0</coordinates></Point></Placemark><Placemark><styleUrl>#point</styleUrl><Point><altitudeMode>clampToGround</altitudeMode><coordinates>-52.70289022475481,47.4660524725914,0</coordinates></Point></Placemark><Placemark><styleUrl>#point</styleUrl><Point><altitudeMode>clampToGround</altitudeMode><coordinates>-52.702912269160151,47.466183733195066,0</coordinates></Point></Placemark><Placemark><styleUrl>#point</styleUrl><Point><altitudeMode>clampToGround</altitudeMode><coordinates>-52.702922914177179,47.466246765106916,0</coordinates></Point></Placemark><Placemark><styleUrl>#point</styleUrl><Point><altitudeMode>clampToGround</altitudeMode><coordinates>-52.702966583892703,47.466461509466171,0</coordinates></Point></Placemark><Placemark><styleUrl>#point</styleUrl><Point><altitudeMode>clampToGround</altitudeMode><coordinates>-52.702969769015908,47.46647709980607,0</coordinates></Point></Placemark><Placemark><styleUrl>#point</styleUrl><Point><altitudeMode>clampToGround</altitudeMode><coordinates>-52.702995417639613,47.466589501127601,0</coordinates></Point></Placemark><Placemark><styleUrl>#point</styleUrl><Point><altitudeMode>clampToGround</altitudeMode><coordinates>-52.703013941645622,47.466717576608062,0</coordinates></Point></Placemark><Placemark><styleUrl>#point</styleUrl><Point><altitudeMode>clampToGround</altitudeMode><coordinates>-52.703033974394202,47.466942798346281,0</coordinates></Point></Placemark><Placemark><styleUrl>#point</styleUrl><Point><altitudeMode>clampToGround</altitudeMode><coordinates>-52.703059706836939,47.46711378917098,0</coordinates></Point></Placemark><Placemark><styleUrl>#point</styleUrl><Point><altitudeMode>clampToGround</altitudeMode><coordinates>-52.703081667423248,47.467186208814383,0</coordinates></Point></Placemark><Placemark><styleUrl>#point</styleUrl><Point><altitudeMode>clampToGround</altitudeMode><coordinates>-52.703109160065651,47.467258628457785,0</coordinates></Point></Placemark><Placemark><styleUrl>#point</styleUrl><Point><altitudeMode>clampToGround</altitudeMode><coordinates>-52.703168084844947,47.467373795807362,0</coordinates></Point></Placemark><Placemark><styleUrl>#point</styleUrl><Point><altitudeMode>clampToGround</altitudeMode><coordinates>-52.703210832551122,47.467441018670797,0</coordinates></Point></Placemark><Placemark><styleUrl>#point</styleUrl><Point><altitudeMode>clampToGround</altitudeMode><coordinates>-52.703249389305711,47.467498099431396,0</coordinates></Point></Placemark><Placemark><styleUrl>#point</styleUrl><Point><altitudeMode>clampToGround</altitudeMode><coordinates>-52.703258693218231,47.467508912086487,0</coordinates></Point></Placemark><Placemark><styleUrl>#point</styleUrl><Point><altitudeMode>clampToGround</altitudeMode><coordinates>-52.703390624374151,47.467661714181304,0</coordinates></Point></Placemark><Placemark><styleUrl>#point</styleUrl><Point><altitudeMode>clampToGround</altitudeMode><coordinates>-52.703573266044259,47.467837985605001,0</coordinates></Point></Placemark><Placemark><styleUrl>#point</styleUrl><Point><altitudeMode>clampToGround</altitudeMode><coordinates>-52.703653564676642,47.467903783544898,0</coordinates></Point></Placemark><Placemark><styleUrl>#point</styleUrl><Point><altitudeMode>clampToGround</altitudeMode><coordinates>-52.703753896057606,47.467962373048067,0</coordinates></Point></Placemark><Placemark><styleUrl>#point</styleUrl><Point><altitudeMode>clampToGround</altitudeMode><coordinates>-52.7038958016783,47.468024482950568,0</coordinates></Point></Placemark><Placemark><styleUrl>#point</styleUrl><Point><altitudeMode>clampToGround</altitudeMode><coordinates>-52.704043071717024,47.468075612559915,0</coordinates></Point></Placemark><Placemark><styleUrl>#point</styleUrl><Point><altitudeMode>clampToGround</altitudeMode><coordinates>-52.704143235459924,47.468115761876106,0</coordinates></Point></Placemark><Placemark><styleUrl>#point</styleUrl><Point><altitudeMode>clampToGround</altitudeMode><coordinates>-52.704243399202824,47.46815599501133,0</coordinates></Point></Placemark><Placemark><styleUrl>#point</styleUrl><Point><altitudeMode>clampToGround</altitudeMode><coordinates>-52.704323278740048,47.46819362975657,0</coordinates></Point></Placemark><Placemark><styleUrl>#point</styleUrl><Point><altitudeMode>clampToGround</altitudeMode><coordinates>-52.704397877678275,47.468233024701476,0</coordinates></Point></Placemark><Placemark><styleUrl>#point</styleUrl><Point><altitudeMode>clampToGround</altitudeMode><coordinates>-52.704484881833196,47.46827912516892,0</coordinates></Point></Placemark><Placemark><styleUrl>#point</styleUrl><Point><altitudeMode>clampToGround</altitudeMode><coordinates>-52.704491838812828,47.468284824863076,0</coordinates></Point></Placemark><Placemark><styleUrl>#point</styleUrl><Point><altitudeMode>clampToGround</altitudeMode><coordinates>-52.704549338668585,47.468333188444376,0</coordinates></Point></Placemark><Placemark><styleUrl>#point</styleUrl><Point><altitudeMode>clampToGround</altitudeMode><coordinates>-52.704609101638198,47.468393789604306,0</coordinates></Point></Placemark><Placemark><styleUrl>#point</styleUrl><Point><altitudeMode>clampToGround</altitudeMode><coordinates>-52.704657968133688,47.468453636392951,0</coordinates></Point></Placemark><Placemark><styleUrl>#point</styleUrl><Point><altitudeMode>clampToGround</altitudeMode><coordinates>-52.704730303958058,47.468557823449373,0</coordinates></Point></Placemark><Placemark><styleUrl>#point</styleUrl><Point><altitudeMode>clampToGround</altitudeMode><coordinates>-52.704800879582763,47.46865002438426,0</coordinates></Point></Placemark><Placemark><styleUrl>#point</styleUrl><Point><altitudeMode>clampToGround</altitudeMode><coordinates>-52.704884111881256,47.468748679384589,0</coordinates></Point></Placemark><Placemark><styleUrl>#point</styleUrl><Point><altitudeMode>clampToGround</altitudeMode><coordinates>-52.704984610900283,47.468988904729486,0</coordinates></Point></Placemark><Placemark><styleUrl>#point</styleUrl><Point><altitudeMode>clampToGround</altitudeMode><coordinates>-52.705047558993101,47.469176491722465,0</coordinates></Point></Placemark><Placemark><styleUrl>#point</styleUrl><Point><altitudeMode>clampToGround</altitudeMode><coordinates>-52.705101873725653,47.469373466446996,0</coordinates></Point></Placemark><Placemark><styleUrl>#point</styleUrl><Point><altitudeMode>clampToGround</altitudeMode><coordinates>-52.705134898424149,47.46951780281961,0</coordinates></Point></Placemark><Placemark><styleUrl>#point</styleUrl><Point><altitudeMode>clampToGround</altitudeMode><coordinates>-52.70516918040812,47.469659373164177,0</coordinates></Point></Placemark><Placemark><styleUrl>#point</styleUrl><Point><altitudeMode>clampToGround</altitudeMode><coordinates>-52.7051598764956,47.469739504158497,0</coordinates></Point></Placemark><Placemark><styleUrl>#point</styleUrl><Point><altitudeMode>clampToGround</altitudeMode><coordinates>-52.705157278105617,47.469815108925104,0</coordinates></Point></Placemark><Placemark><styleUrl>#point</styleUrl><Point><altitudeMode>clampToGround</altitudeMode><coordinates>-52.705144118517637,47.469888534396887,0</coordinates></Point></Placemark><Placemark><styleUrl>#point</styleUrl><Point><altitudeMode>clampToGround</altitudeMode><coordinates>-52.705125510692596,47.469961876049638,0</coordinates></Point></Placemark><Placemark><styleUrl>#point</styleUrl><Point><altitudeMode>clampToGround</altitudeMode><coordinates>-52.705037919804454,47.470179302617908,0</coordinates></Point></Placemark><Placemark><styleUrl>#point</styleUrl><Point><altitudeMode>clampToGround</altitudeMode><coordinates>-52.704929374158382,47.470420198515058,0</coordinates></Point></Placemark><Placemark><styleUrl>#point</styleUrl><Point><altitudeMode>clampToGround</altitudeMode><coordinates>-52.704871203750372,47.470539221540093,0</coordinates></Point></Placemark><Placemark><styleUrl>#point</styleUrl><Point><altitudeMode>clampToGround</altitudeMode><coordinates>-52.704769866541028,47.470761593431234,0</coordinates></Point></Placemark><Placemark><styleUrl>#point</styleUrl><Point><altitudeMode>clampToGround</altitudeMode><coordinates>-52.704695519059896,47.470981199294329,0</coordinates></Point></Placemark><Placemark><styleUrl>#point</styleUrl><Point><altitudeMode>clampToGround</altitudeMode><coordinates>-52.70464631728828,47.471147831529379,0</coordinates></Point></Placemark><Placemark><styleUrl>#point</styleUrl><Point><altitudeMode>clampToGround</altitudeMode><coordinates>-52.70459895953536,47.471323432400823,0</coordinates></Point></Placemark><Placemark><styleUrl>#point</styleUrl><Point><altitudeMode>clampToGround</altitudeMode><coordinates>-52.704543387517333,47.471448238939047,0</coordinates></Point></Placemark><Placemark><styleUrl>#point</styleUrl><Point><altitudeMode>clampToGround</altitudeMode><coordinates>-52.704484630376101,47.471559634432197,0</coordinates></Point></Placemark><Placemark><styleUrl>#point</styleUrl><Point><altitudeMode>clampToGround</altitudeMode><coordinates>-52.70444649271667,47.471619313582778,0</coordinates></Point></Placemark><Placemark><styleUrl>#point</styleUrl><Point><altitudeMode>clampToGround</altitudeMode><coordinates>-52.704420424997807,47.471660217270255,0</coordinates></Point></Placemark><Placemark><styleUrl>#point</styleUrl><Point><altitudeMode>clampToGround</altitudeMode><coordinates>-52.704368121922016,47.471734900027514,0</coordinates></Point></Placemark><Placemark><styleUrl>#point</styleUrl><Point><altitudeMode>clampToGround</altitudeMode><coordinates>-52.704299725592136,47.471807822585106,0</coordinates></Point></Placemark><Placemark><styleUrl>#point</styleUrl><Point><altitudeMode>clampToGround</altitudeMode><coordinates>-52.704264689236879,47.471840595826507,0</coordinates></Point></Placemark><Placemark><styleUrl>#point</styleUrl><Point><altitudeMode>clampToGround</altitudeMode><coordinates>-52.704146672040224,47.471950901672244,0</coordinates></Point></Placemark><Placemark><styleUrl>#point</styleUrl><Point><altitudeMode>clampToGround</altitudeMode><coordinates>-52.704089172184467,47.471992308273911,0</coordinates></Point></Placemark><Placemark><styleUrl>#point</styleUrl><Point><altitudeMode>clampToGround</altitudeMode><coordinates>-52.703965287655592,47.47208165936172,0</coordinates></Point></Placemark><Placemark><styleUrl>#point</styleUrl><Point><altitudeMode>clampToGround</altitudeMode><coordinates>-52.703684661537409,47.47225558385253,0</coordinates></Point></Placemark><Placemark><styleUrl>#point</styleUrl><Point><altitudeMode>clampToGround</altitudeMode><coordinates>-52.703435383737087,47.472396986559033,0</coordinates></Point></Placemark><Placemark><styleUrl>#point</styleUrl><Point><altitudeMode>clampToGround</altitudeMode><coordinates>-52.703389031812549,47.472423305734992,0</coordinates></Point></Placemark><Placemark><styleUrl>#point</styleUrl><Point><altitudeMode>clampToGround</altitudeMode><coordinates>-52.702992567792535,47.472648024559021,0</coordinates></Point></Placemark><Placemark><styleUrl>#point</styleUrl><Point><altitudeMode>clampToGround</altitudeMode><coordinates>-52.702690567821264,47.472842819988728,0</coordinates></Point></Placemark><Placemark><styleUrl>#point</styleUrl><Point><altitudeMode>clampToGround</altitudeMode><coordinates>-52.702597109600902,47.472937200218439,0</coordinates></Point></Placemark><Placemark><styleUrl>#point</styleUrl><Point><altitudeMode>clampToGround</altitudeMode><coordinates>-52.702526282519102,47.47303836978972,0</coordinates></Point></Placemark><Placemark><styleUrl>#point</styleUrl><Point><altitudeMode>clampToGround</altitudeMode><coordinates>-52.702436931431293,47.473194189369678,0</coordinates></Point></Placemark><Placemark><styleUrl>#point</styleUrl><Point><altitudeMode>clampToGround</altitudeMode><coordinates>-52.702390998601913,47.473293766379356,0</coordinates></Point></Placemark><Placemark><styleUrl>#point</styleUrl><Point><altitudeMode>clampToGround</altitudeMode><coordinates>-52.702372726052999,47.473401390016079,0</coordinates></Point></Placemark><Placemark><styleUrl>#point</styleUrl><Point><altitudeMode>clampToGround</altitudeMode><coordinates>-52.702366104349494,47.473488813266158,0</coordinates></Point></Placemark><Placemark><styleUrl>#point</styleUrl><Point><altitudeMode>clampToGround</altitudeMode><coordinates>-52.702366188168526,47.473527621477842,0</coordinates></Point></Placemark><Placemark><styleUrl>#point</styleUrl><Point><altitudeMode>clampToGround</altitudeMode><coordinates>-52.702371971681714,47.473625103011727,0</coordinates></Point></Placemark><Placemark><styleUrl>#point</styleUrl><Point><altitudeMode>clampToGround</altitudeMode><coordinates>-52.702392423525453,47.473766002804041,0</coordinates></Point></Placemark><Placemark><styleUrl>#point</styleUrl><Point><altitudeMode>clampToGround</altitudeMode><coordinates>-52.702443301677704,47.474027182906866,0</coordinates></Point></Placemark><Placemark><styleUrl>#point</styleUrl><Point><altitudeMode>clampToGround</altitudeMode><coordinates>-52.702512871474028,47.474367991089821,0</coordinates></Point></Placemark><Placemark><styleUrl>#point</styleUrl><Point><altitudeMode>clampToGround</altitudeMode><coordinates>-52.702519660815597,47.474401015788317,0</coordinates></Point></Placemark><Placemark><styleUrl>#point</styleUrl><Point><altitudeMode>clampToGround</altitudeMode><coordinates>-52.702532317489386,47.474466226994991,0</coordinates></Point></Placemark><Placemark><styleUrl>#point</styleUrl><Point><altitudeMode>clampToGround</altitudeMode><coordinates>-52.702603312209249,47.474811812862754,0</coordinates></Point></Placemark><Placemark><styleUrl>#point</styleUrl><Point><altitudeMode>clampToGround</altitudeMode><coordinates>-52.702662320807576,47.475099312141538,0</coordinates></Point></Placemark><Placemark><styleUrl>#point</styleUrl><Point><altitudeMode>clampToGround</altitudeMode><coordinates>-52.702682688832283,47.475198721513152,0</coordinates></Point></Placemark><Placemark><styleUrl>#point</styleUrl><Point><altitudeMode>clampToGround</altitudeMode><coordinates>-52.702721664682031,47.47538672760129,0</coordinates></Point></Placemark><Placemark><styleUrl>#point</styleUrl><Point><altitudeMode>clampToGround</altitudeMode><coordinates>-52.702766675502062,47.475621420890093,0</coordinates></Point></Placemark><Placemark><styleUrl>#point</styleUrl><Point><altitudeMode>clampToGround</altitudeMode><coordinates>-52.702795760706067,47.475773133337498,0</coordinates></Point></Placemark><Placemark><styleUrl>#point</styleUrl><Point><altitudeMode>clampToGround</altitudeMode><coordinates>-52.702819313853979,47.475895173847675,0</coordinates></Point></Placemark><Placemark><styleUrl>#point</styleUrl><Point><altitudeMode>clampToGround</altitudeMode><coordinates>-52.702824762091041,47.475924510508776,0</coordinates></Point></Placemark><Placemark><styleUrl>#point</styleUrl><Point><altitudeMode>clampToGround</altitudeMode><coordinates>-52.702866503968835,47.476147804409266,0</coordinates></Point></Placemark><Placemark><styleUrl>#point</styleUrl><Point><altitudeMode>clampToGround</altitudeMode><coordinates>-52.702912017703056,47.476399261504412,0</coordinates></Point></Placemark><Placemark><styleUrl>#point</styleUrl><Point><altitudeMode>clampToGround</altitudeMode><coordinates>-52.702933140099049,47.476524990051985,0</coordinates></Point></Placemark><Placemark><styleUrl>#point</styleUrl><Point><altitudeMode>clampToGround</altitudeMode><coordinates>-52.702941102907062,47.476569078862667,0</coordinates></Point></Placemark><Placemark><styleUrl>#point</styleUrl><Point><altitudeMode>clampToGround</altitudeMode><coordinates>-52.702957782894373,47.476662117987871,0</coordinates></Point></Placemark><Placemark><styleUrl>#point</styleUrl><Point><altitudeMode>clampToGround</altitudeMode><coordinates>-52.70296641625464,47.476704278960824,0</coordinates></Point></Placemark><Placemark><styleUrl>#point</styleUrl><Point><altitudeMode>clampToGround</altitudeMode><coordinates>-52.702980833128095,47.476774770766497,0</coordinates></Point></Placemark><Placemark><styleUrl>#point</styleUrl><Point><altitudeMode>clampToGround</altitudeMode><coordinates>-52.702986029908061,47.476802011951804,0</coordinates></Point></Placemark><Placemark><styleUrl>#point</styleUrl><Point><altitudeMode>clampToGround</altitudeMode><coordinates>-52.703010672703385,47.476930506527424,0</coordinates></Point></Placemark><Placemark><styleUrl>#point</styleUrl><Point><altitudeMode>clampToGround</altitudeMode><coordinates>-52.703042775392532,47.477097390219569,0</coordinates></Point></Placemark><Placemark><styleUrl>#point</styleUrl><Point><altitudeMode>clampToGround</altitudeMode><coordinates>-52.703101364895701,47.477402994409204,0</coordinates></Point></Placemark><Placemark><styleUrl>#point</styleUrl><Point><altitudeMode>clampToGround</altitudeMode><coordinates>-52.703138161450624,47.477594437077641,0</coordinates></Point></Placemark><Placemark><styleUrl>#point</styleUrl><Point><altitudeMode>clampToGround</altitudeMode><coordinates>-52.703178562223911,47.477804739028215,0</coordinates></Point></Placemark><Placemark><styleUrl>#point</styleUrl><Point><altitudeMode>clampToGround</altitudeMode><coordinates>-52.703199097886682,47.477911775931716,0</coordinates></Point></Placemark><Placemark><styleUrl>#point</styleUrl><Point><altitudeMode>clampToGround</altitudeMode><coordinates>-52.703248718753457,47.478170022368431,0</coordinates></Point></Placemark><Placemark><styleUrl>#point</styleUrl><Point><altitudeMode>clampToGround</altitudeMode><coordinates>-52.703254837542772,47.478203130885959,0</coordinates></Point></Placemark><Placemark><styleUrl>#point</styleUrl><Point><altitudeMode>clampToGround</altitudeMode><coordinates>-52.703301692381501,47.478456683456898,0</coordinates></Point></Placemark><Placemark><styleUrl>#point</styleUrl><Point><altitudeMode>clampToGround</altitudeMode><coordinates>-52.703308314085007,47.478492390364408,0</coordinates></Point></Placemark><Placemark><styleUrl>#point</styleUrl><Point><altitudeMode>clampToGround</altitudeMode><coordinates>-52.703347122296691,47.47867913916707,0</coordinates></Point></Placemark><Placemark><styleUrl>#point</styleUrl><Point><altitudeMode>clampToGround</altitudeMode><coordinates>-52.703400263562799,47.478976277634501,0</coordinates></Point></Placemark><Placemark><styleUrl>#point</styleUrl><Point><altitudeMode>clampToGround</altitudeMode><coordinates>-52.703454410657287,47.47952152043581,0</coordinates></Point></Placemark><Placemark><styleUrl>#point</styleUrl><Point><altitudeMode>clampToGround</altitudeMode><coordinates>-52.703475868329406,47.479809438809752,0</coordinates></Point></Placemark><Placemark><styleUrl>#point</styleUrl><Point><altitudeMode>clampToGround</altitudeMode><coordinates>-52.703478131443262,47.479841122403741,0</coordinates></Point></Placemark><Placemark><styleUrl>#point</styleUrl><Point><altitudeMode>clampToGround</altitudeMode><coordinates>-52.703486094251275,47.480150414630771,0</coordinates></Point></Placemark><Placemark><styleUrl>#point</styleUrl><Point><altitudeMode>clampToGround</altitudeMode><coordinates>-52.703498331829906,47.480439422652125,0</coordinates></Point></Placemark><Placemark><styleUrl>#point</styleUrl><Point><altitudeMode>clampToGround</altitudeMode><coordinates>-52.703498499467969,47.480443110689521,0</coordinates></Point></Placemark><Placemark><styleUrl>#point</styleUrl><Point><altitudeMode>clampToGround</altitudeMode><coordinates>-52.703515430912375,47.480603959411383,0</coordinates></Point></Placemark><Placemark><styleUrl>#point</styleUrl><Point><altitudeMode>clampToGround</altitudeMode><coordinates>-52.70351953804493,47.480643102899194,0</coordinates></Point></Placemark><Placemark><styleUrl>#point</styleUrl><Point><altitudeMode>clampToGround</altitudeMode><coordinates>-52.703535128384829,47.480752235278487,0</coordinates></Point></Placemark><Placemark><styleUrl>#point</styleUrl><Point><altitudeMode>clampToGround</altitudeMode><coordinates>-52.703548623248935,47.480846364051104,0</coordinates></Point></Placemark><Placemark><styleUrl>#point</styleUrl><Point><altitudeMode>clampToGround</altitudeMode><coordinates>-52.70356890745461,47.480925573036075,0</coordinates></Point></Placemark><Placemark><styleUrl>#point</styleUrl><Point><altitudeMode>clampToGround</altitudeMode><coordinates>-52.703602015972137,47.481019031256437,0</coordinates></Point></Placemark><Placemark><styleUrl>#point</styleUrl><Point><altitudeMode>clampToGround</altitudeMode><coordinates>-52.703609894961119,47.481038477271795,0</coordinates></Point></Placemark><Placemark><styleUrl>#point</styleUrl><Point><altitudeMode>clampToGround</altitudeMode><coordinates>-52.703692708164454,47.481242911890149,0</coordinates></Point></Placemark><Placemark><styleUrl>#point</styleUrl><Point><altitudeMode>clampToGround</altitudeMode><coordinates>-52.703745597973466,47.481358498334885,0</coordinates></Point></Placemark><Placemark><styleUrl>#point</styleUrl><Point><altitudeMode>clampToGround</altitudeMode><coordinates>-52.703806534409523,47.481470480561256,0</coordinates></Point></Placemark><Placemark><styleUrl>#point</styleUrl><Point><altitudeMode>clampToGround</altitudeMode><coordinates>-52.70397936925292,47.481773402541876,0</coordinates></Point></Placemark><Placemark><styleUrl>#point</styleUrl><Point><altitudeMode>clampToGround</altitudeMode><coordinates>-52.704042820259929,47.481889994814992,0</coordinates></Point></Placemark><Placemark><styleUrl>#point</styleUrl><Point><altitudeMode>clampToGround</altitudeMode><coordinates>-52.704102331772447,47.48200717382133,0</coordinates></Point></Placemark><Placemark><styleUrl>#point</styleUrl><Point><altitudeMode>clampToGround</altitudeMode><coordinates>-52.70415036007762,47.482125358656049,0</coordinates></Point></Placemark><Placemark><styleUrl>#point</styleUrl><Point><altitudeMode>clampToGround</altitudeMode><coordinates>-52.704184139147401,47.48226810246706,0</coordinates></Point></Placemark><Placemark><styleUrl>#point</styleUrl><Point><altitudeMode>clampToGround</altitudeMode><coordinates>-52.704187324270606,47.482282016426325,0</coordinates></Point></Placemark><Placemark><styleUrl>#point</styleUrl><Point><altitudeMode>clampToGround</altitudeMode><coordinates>-52.704191096127033,47.48235116712749,0</coordinates></Point></Placemark><Placemark><styleUrl>#point</styleUrl><Point><altitudeMode>clampToGround</altitudeMode><coordinates>-52.704189587384462,47.482457784935832,0</coordinates></Point></Placemark><Placemark><styleUrl>#point</styleUrl><Point><altitudeMode>clampToGround</altitudeMode><coordinates>-52.704179864376783,47.482666494324803,0</coordinates></Point></Placemark><Placemark><styleUrl>#point</styleUrl><Point><altitudeMode>clampToGround</altitudeMode><coordinates>-52.704136362299323,47.482953993603587,0</coordinates></Point></Placemark><Placemark><styleUrl>#point</styleUrl><Point><altitudeMode>clampToGround</altitudeMode><coordinates>-52.704100487753749,47.483204193413258,0</coordinates></Point></Placemark><Placemark><styleUrl>#point</styleUrl><Point><altitudeMode>clampToGround</altitudeMode><coordinates>-52.704093027859926,47.483317097648978,0</coordinates></Point></Placemark><Placemark><styleUrl>#point</styleUrl><Point><altitudeMode>clampToGround</altitudeMode><coordinates>-52.704091016203165,47.483420027419925,0</coordinates></Point></Placemark><Placemark><styleUrl>#point</styleUrl><Point><altitudeMode>clampToGround</altitudeMode><coordinates>-52.704092776402831,47.483507366850972,0</coordinates></Point></Placemark><Placemark><styleUrl>#point</styleUrl><Point><altitudeMode>clampToGround</altitudeMode><coordinates>-52.704105516895652,47.483604764565825,0</coordinates></Point></Placemark><Placemark><styleUrl>#point</styleUrl><Point><altitudeMode>clampToGround</altitudeMode><coordinates>-52.704145079478621,47.483792519196868,0</coordinates></Point></Placemark><Placemark><styleUrl>#point</styleUrl><Point><altitudeMode>clampToGround</altitudeMode><coordinates>-52.704192772507668,47.483951859176159,0</coordinates></Point></Placemark><Placemark><styleUrl>#point</styleUrl><Point><altitudeMode>clampToGround</altitudeMode><coordinates>-52.704278016462922,47.484217984601855,0</coordinates></Point></Placemark><Placemark><styleUrl>#point</styleUrl><Point><altitudeMode>clampToGround</altitudeMode><coordinates>-52.704351861029863,47.48444689437747,0</coordinates></Point></Placemark><Placemark><styleUrl>#point</styleUrl><Point><altitudeMode>clampToGround</altitudeMode><coordinates>-52.704420424997807,47.484706733375788,0</coordinates></Point></Placemark><Placemark><styleUrl>#point</styleUrl><Point><altitudeMode>clampToGround</altitudeMode><coordinates>-52.70449778996408,47.48503128066659,0</coordinates></Point></Placemark><Placemark><styleUrl>#point</styleUrl><Point><altitudeMode>clampToGround</altitudeMode><coordinates>-52.704539196565747,47.485247030854225,0</coordinates></Point></Placemark><Placemark><styleUrl>#point</styleUrl><Point><altitudeMode>clampToGround</altitudeMode><coordinates>-52.704569790512323,47.485406622290611,0</coordinates></Point></Placemark><Placemark><styleUrl>#point</styleUrl><Point><altitudeMode>clampToGround</altitudeMode><coordinates>-52.704684287309647,47.486110115423799,0</coordinates></Point></Placemark><Placemark><styleUrl>#point</styleUrl><Point><altitudeMode>clampToGround</altitudeMode><coordinates>-52.704721922054887,47.48624942265451,0</coordinates></Point></Placemark><Placemark><styleUrl>#point</styleUrl><Point><altitudeMode>clampToGround</altitudeMode><coordinates>-52.704770201817155,47.486388562247157,0</coordinates></Point></Placemark><Placemark><styleUrl>#point</styleUrl><Point><altitudeMode>clampToGround</altitudeMode><coordinates>-52.704850668087602,47.486576484516263,0</coordinates></Point></Placemark><Placemark><styleUrl>#point</styleUrl><Point><altitudeMode>clampToGround</altitudeMode><coordinates>-52.704925937578082,47.486827773973346,0</coordinates></Point></Placemark><Placemark><styleUrl>#point</styleUrl><Point><altitudeMode>clampToGround</altitudeMode><coordinates>-52.704976899549365,47.487066490575671,0</coordinates></Point></Placemark><Placemark><styleUrl>#point</styleUrl><Point><altitudeMode>clampToGround</altitudeMode><coordinates>-52.705049570649862,47.487610895186663,0</coordinates></Point></Placemark><Placemark><styleUrl>#point</styleUrl><Point><altitudeMode>clampToGround</altitudeMode><coordinates>-52.705106232315302,47.488155299797654,0</coordinates></Point></Placemark><Placemark><styleUrl>#point</styleUrl><Point><altitudeMode>clampToGround</altitudeMode><coordinates>-52.705237325280905,47.489588940516114,0</coordinates></Point></Placemark><Placemark><styleUrl>#point</styleUrl><Point><altitudeMode>clampToGround</altitudeMode><coordinates>-52.705312008038163,47.490419838577509,0</coordinates></Point></Placemark><Placemark><styleUrl>#point</styleUrl><Point><altitudeMode>clampToGround</altitudeMode><coordinates>-52.705324497073889,47.490842621773481,0</coordinates></Point></Placemark><Placemark><styleUrl>#point</styleUrl><Point><altitudeMode>clampToGround</altitudeMode><coordinates>-52.705302117392421,47.491270937025547,0</coordinates></Point></Placemark><Placemark><styleUrl>#point</styleUrl><Point><altitudeMode>clampToGround</altitudeMode><coordinates>-52.705251406878233,47.492086160928011,0</coordinates></Point></Placemark><Placemark><styleUrl>#point</styleUrl><Point><altitudeMode>clampToGround</altitudeMode><coordinates>-52.705226009711623,47.49250827357173,0</coordinates></Point></Placemark><Placemark><styleUrl>#point</styleUrl><Point><altitudeMode>clampToGround</altitudeMode><coordinates>-52.70517110824585,47.492952095344663,0</coordinates></Point></Placemark><Placemark><styleUrl>#point</styleUrl><Point><altitudeMode>clampToGround</altitudeMode><coordinates>-52.705123163759708,47.493309332057834,0</coordinates></Point></Placemark><Placemark><styleUrl>#point</styleUrl><Point><altitudeMode>clampToGround</altitudeMode><coordinates>-52.705053929239511,47.493666484951973,0</coordinates></Point></Placemark><Placemark><styleUrl>#point</styleUrl><Point><altitudeMode>clampToGround</altitudeMode><coordinates>-52.704976564273238,47.494040066376328,0</coordinates></Point></Placemark><Placemark><styleUrl>#point</styleUrl><Point><altitudeMode>clampToGround</altitudeMode><coordinates>-52.704877825453877,47.494373666122556,0</coordinates></Point></Placemark><Placemark><styleUrl>#point</styleUrl><Point><altitudeMode>clampToGround</altitudeMode><coordinates>-52.704777577891946,47.494737859815359,0</coordinates></Point></Placemark><Placemark><styleUrl>#point</styleUrl><Point><altitudeMode>clampToGround</altitudeMode><coordinates>-52.704666685312986,47.495094761252403,0</coordinates></Point></Placemark><Placemark><styleUrl>#point</styleUrl><Point><altitudeMode>clampToGround</altitudeMode><coordinates>-52.7045329939574,47.495458116754889,0</coordinates></Point></Placemark><Placemark><styleUrl>#point</styleUrl><Point><altitudeMode>clampToGround</altitudeMode><coordinates>-52.704383209347725,47.495821304619312,0</coordinates></Point></Placemark><Placemark><styleUrl>#point</styleUrl><Point><altitudeMode>clampToGround</altitudeMode><coordinates>-52.704297127202153,47.496017776429653,0</coordinates></Point></Placemark><Placemark><styleUrl>#point</styleUrl><Point><altitudeMode>clampToGround</altitudeMode><coordinates>-52.704229904338717,47.496171332895756,0</coordinates></Point></Placemark><Placemark><styleUrl>#point</styleUrl><Point><altitudeMode>clampToGround</altitudeMode><coordinates>-52.703799577429891,47.496948838233948,0</coordinates></Point></Placemark><Placemark><styleUrl>#point</styleUrl><Point><altitudeMode>clampToGround</altitudeMode><coordinates>-52.703555328771472,47.497390061616898,0</coordinates></Point></Placemark><Placemark><styleUrl>#point</styleUrl><Point><altitudeMode>clampToGround</altitudeMode><coordinates>-52.703324658796191,47.497806809842587,0</coordinates></Point></Placemark><Placemark><styleUrl>#point</styleUrl><Point><altitudeMode>clampToGround</altitudeMode><coordinates>-52.703014109283686,47.498367894440889,0</coordinates></Point></Placemark><Placemark><styleUrl>#point</styleUrl><Point><altitudeMode>clampToGround</altitudeMode><coordinates>-52.702453276142478,47.499446226283908,0</coordinates></Point></Placemark><Placemark><styleUrl>#point</styleUrl><Point><altitudeMode>clampToGround</altitudeMode><coordinates>-52.70192957483232,47.500732596963644,0</coordinates></Point></Placemark><Placemark><styleUrl>#point</styleUrl><Point><altitudeMode>clampToGround</altitudeMode><coordinates>-52.699248120188713,47.50725363381207,0</coordinates></Point></Placemark><Placemark><styleUrl>#point</styleUrl><Point><altitudeMode>clampToGround</altitudeMode><coordinates>-52.698767920956016,47.507886970415711,0</coordinates></Point></Placemark><Placemark><styleUrl>#point</styleUrl><Point><altitudeMode>clampToGround</altitudeMode><coordinates>-52.698326613754034,47.508571520447731,0</coordinates></Point></Placemark><Placemark><styleUrl>#point</styleUrl><Point><altitudeMode>clampToGround</altitudeMode><coordinates>-52.698254194110632,47.508705630898476,0</coordinates></Point></Placemark><Placemark><styleUrl>#point</styleUrl><Point><altitudeMode>clampToGround</altitudeMode><coordinates>-52.698191162198782,47.50886170193553,0</coordinates></Point></Placemark><Placemark><styleUrl>#point</styleUrl><Point><altitudeMode>clampToGround</altitudeMode><coordinates>-52.698163166642189,47.508964212611318,0</coordinates></Point></Placemark><Placemark><styleUrl>#point</styleUrl><Point><altitudeMode>clampToGround</altitudeMode><coordinates>-52.698151515796781,47.509068315848708,0</coordinates></Point></Placemark><Placemark><styleUrl>#point</styleUrl><Point><altitudeMode>clampToGround</altitudeMode><coordinates>-52.698142128065228,47.509144088253379,0</coordinates></Point></Placemark><Placemark><styleUrl>#point</styleUrl><Point><altitudeMode>clampToGround</altitudeMode><coordinates>-52.698146821931005,47.509218184277415,0</coordinates></Point></Placemark><Placemark><styleUrl>#point</styleUrl><Point><altitudeMode>clampToGround</altitudeMode><coordinates>-52.698156209662557,47.509287586435676,0</coordinates></Point></Placemark><Placemark><styleUrl>#point</styleUrl><Point><altitudeMode>clampToGround</altitudeMode><coordinates>-52.69817691296339,47.509357575327158,0</coordinates></Point></Placemark><Placemark><styleUrl>#point</styleUrl><Point><altitudeMode>clampToGround</altitudeMode><coordinates>-52.698216894641519,47.50941532664001,0</coordinates></Point></Placemark><Placemark><styleUrl>#point</styleUrl><Point><altitudeMode>clampToGround</altitudeMode><coordinates>-52.698268191888928,47.509473664686084,0</coordinates></Point></Placemark></Folder><Placemark><name>[C3 EB] One-way - St. John's NL (Trans-Canada Highway to Blackhead Rd via Petty Harbour Maddox Cove)</name><Style><LineStyle><color>ff006000</color><width>4</width></LineStyle></Style><MultiGeometry><LineString><coordinates>-52.866026787087321,47.491351822391152,0 -52.865570560097694,47.491967473179102,0 -52.865486573427916,47.492093285545707,0 -52.865019533783197,47.492792503908277,0 -52.864847201853991,47.493006410077214,0 -52.864726670086384,47.49314739368856,0 -52.864558612927794,47.493305979296565,0 -52.864278741180897,47.493517035618424,0 -52.86406341008842,47.493642177432775,0 -52.863804996013641,47.493757009506226,0 -52.863531159237027,47.493850886821747,0 -52.863153303042054,47.493975274264812,0 -52.862986838445067,47.494053393602371,0 -52.862814506515861,47.494193539023399,0 -52.862642174586654,47.494295295327902,0 -52.862545279785991,47.494322117418051,0 -52.862448468804359,47.494332259520888,0 -52.862320309504867,47.494324380531907,0 -52.862104475498199,47.494289595633745,0 -52.862068014219403,47.494270987808704,0 -52.861978327855468,47.494243159890175,0 -52.861880511045456,47.494234191253781,0 -52.861783029511571,47.494244920089841,0 -52.861694432795048,47.49427417293191,0 -52.861638190224767,47.494307113811374,0 -52.861594101414084,47.494347514584661,0 -52.86145118996501,47.494434770196676,0 -52.861290676519275,47.494507106021047,0 -52.861146004870534,47.49457080848515,0 -52.860976187512279,47.494681281968951,0 -52.860856577754021,47.494779098778963,0 -52.860699333250523,47.494974732398987,0 -52.860655328258872,47.49512979760766,0 -52.859503906220198,47.49689863063395,0 -52.858892865478992,47.497837068513036,0 -52.858856236562133,47.49789347872138,0 -52.858659597113729,47.498198915272951,0 -52.858577370643616,47.498379712924361,0 -52.85847058519721,47.498615914955735,0 -52.858037995174527,47.499572290107608,0 -52.857953840866685,47.49973607249558,0 -52.856785571202636,47.501478167250752,0 -52.856587003916502,47.50171503983438,0 -52.856345940381289,47.50195006839931,0 -52.856084005907178,47.502147629857063,0 -52.854867791756988,47.502890517935157,0 -52.854567216709256,47.503086067736149,0 -52.854288937523961,47.503301315009594,0 -52.853846373036504,47.503689397126436,0 -52.853755513206124,47.503751087933779,0 -52.853649565950036,47.503797607496381,0 -52.853543115779757,47.503826860338449,0 -52.851978214457631,47.504234472289681,0 -52.851853827014565,47.504254085943103,0 -52.851743437349796,47.504261964932084,0 -52.851652912795544,47.504258779808879,0 -52.85153791308403,47.504249224439263,0 -52.851421488448977,47.504229275509715,0 -52.851272793486714,47.504189880564809,0 -52.847886001691222,47.503175502642989,0 -52.847780473530293,47.503150524571538,0 -52.847686177119613,47.503133425489068,0 -52.847549971193075,47.503134766593575,0 -52.847419381141663,47.503150021657348,0 -52.847310584038496,47.503171227872372,0 -52.8420140594244,47.50421829521656,0 -52.84189629368484,47.503928700461984,0 -52.832099189981818,47.50586693175137,0 -52.83196977339685,47.505887718871236,0 -52.831892827525735,47.505896100774407,0 -52.831797273829579,47.505891909822822,0 -52.831686297431588,47.505877325311303,0 -52.830013269558549,47.505575576797128,0 -52.829856192693114,47.505552694201469,0 -52.829800704494119,47.505540205165744,0 -52.829739097505808,47.505529811605811,0 -52.829665169119835,47.50552142970264,0 -52.829464925453067,47.505519418045878,0 -52.829360067844391,47.505527716130018,0 -52.829267699271441,47.505540205165744,0 -52.82917533069849,47.505554705858231,0 -52.829079777002335,47.505579683929682,0 -52.829002663493156,47.50560256652534,0 -52.828925717622042,47.505623437464237,0 -52.828851789236069,47.505635926499963,0 -52.828755732625723,47.505648583173752,0 -52.828757660463452,47.505684290081263,0 -52.828759923577309,47.505729636177421,0 -52.82871994189918,47.505730977281928,0 -52.828652383759618,47.505727875977755,0 -52.828587675467134,47.505718404427171,0 -52.828522967174649,47.505710273981094,0 -52.828488601371646,47.50569342635572,0 -52.828414337709546,47.505674986168742,0 -52.828333703801036,47.505666604265571,0 -52.828241167590022,47.505664424970746,0 -52.828144859522581,47.505674064159393,0 -52.828050730749965,47.505705412477255,0 -52.827991470694542,47.505742041394114,0 -52.827950902283192,47.505777832120657,0 -52.827912177890539,47.50582586042583,0 -52.827886026352644,47.505886293947697,0 -52.827823162078857,47.505971202626824,0 -52.827762393280864,47.50603741966188,0 -52.827738923951983,47.506061224266887,0 -52.82771922647953,47.506081340834498,0 -52.827661139890552,47.506129536777735,0 -52.827579081058502,47.506179912015796,0 -52.82749492675066,47.50623238272965,0 -52.826708117499948,47.506713503971696,0 -52.826637541875243,47.506757760420442,0 -52.82652891241014,47.506824396550655,0 -52.826403938233852,47.506893631070852,0 -52.826324226334691,47.506937719881535,0 -52.826276114210486,47.506964290514588,0 -52.826008228585124,47.507111392915249,0 -52.825572034344077,47.507369136437774,0 -52.82546466216445,47.507423032075167,0 -52.825404731556773,47.507447004318237,0 -52.8253532666713,47.507468210533261,0 -52.825287887826562,47.507484890520573,0 -52.825260562822223,47.507491763681173,0 -52.825195686891675,47.507502408698201,0 -52.825132235884666,47.50750626437366,0 -52.825007680803537,47.507495284080505,0 -52.824964262545109,47.507487488910556,0 -52.824919670820236,47.507484136149287,0 -52.824833504855633,47.507490506395698,0 -52.82475370913744,47.507513472810388,0 -52.824687073007226,47.507551023736596,0 -52.824639296159148,47.507599890232086,0 -52.824581963941455,47.507655210793018,0 -52.824529493227601,47.507703993469477,0 -52.824465371668339,47.507752859964967,0 -52.824415834620595,47.507785465568304,0 -52.824341990053654,47.507827039808035,0 -52.824226403608918,47.507914379239082,0 -52.824156079441309,47.507943212985992,0 -52.823601868003607,47.508176732808352,0 -52.823408916592598,47.508213529363275,0 -52.823330378159881,47.508224677294493,0 -52.823267430067062,47.508230460807681,0 -52.823228118941188,47.508232723921537,0 -52.823176318779588,47.508231718093157,0 -52.823080932721496,47.508229119703174,0 -52.823044303804636,47.508223420009017,0 -52.822996359318495,47.508219899609685,0 -52.822958305478096,47.508221324533224,0 -52.822921006008983,47.508226186037064,0 -52.822884963825345,47.508234484121203,0 -52.8228510171175,47.508246134966612,0 -52.822819668799639,47.50826071947813,0 -52.822791673243046,47.508278237655759,0 -52.822767617180943,47.508298102766275,0 -52.822747668251395,47.508316710591316,0 -52.822727635502815,47.508345795795321,0 -52.822719002142549,47.508371695876122,0 -52.822710704058409,47.508398182690144,0 -52.82269611954689,47.508429531008005,0 -52.82265848480165,47.508526425808668,0 -52.822634261101484,47.508576968684793,0 -52.822605092078447,47.508617788553238,0 -52.822521775960922,47.508728262037039,0 -52.822464611381292,47.508806800469756,0 -52.822408871725202,47.508917525410652,0 -52.822318598628044,47.509034536778927,0 -52.822201503440738,47.509191110730171,0 -52.822055825963616,47.509402334690094,0 -52.821862706914544,47.509348606690764,0 -52.821514271199703,47.509253472089767,0 -52.821138594299555,47.50909186899662,0 -52.821085872128606,47.509051216766238,0 -52.820988390594721,47.508975863456726,0 -52.820881186053157,47.508838232606649,0 -52.820437112823129,47.507923515513539,0 -52.820089599117637,47.507219016551971,0 -52.819815007969737,47.506667068228126,0 -52.819699086248875,47.506566569209099,0 -52.819560701027513,47.506385101005435,0 -52.819288540631533,47.506261803209782,0 -52.819067677482963,47.506176559254527,0 -52.819003975018859,47.506152000278234,0 -52.818147428333759,47.505928287282586,0 -52.817265065386891,47.5056978687644,0 -52.816982762888074,47.505986373871565,0 -52.816730802878737,47.506122328341007,0 -52.816298380494118,47.506355596706271,0 -52.815977605059743,47.506497586145997,0 -52.815836621448398,47.506530778482556,0 -52.815659679472446,47.50651971437037,0 -52.815472930669785,47.506497586145997,0 -52.815341921523213,47.506454084068537,0 -52.815127680078149,47.506354171782732,0 -52.814222685992718,47.50563626177609,0 -52.813969887793064,47.505454793572426,0 -52.813695464283228,47.505306266248226,0 -52.81305156648159,47.504993369802833,0 -52.812181105837226,47.504663038998842,0 -52.811251804232597,47.504308484494686,0 -52.810098621994257,47.503881258890033,0 -52.80782469548285,47.503038961440325,0 -52.807700475677848,47.502952963113785,0 -52.807646663859487,47.502855313941836,0 -52.807621685788035,47.502754898741841,0 -52.807672480121255,47.502568233758211,0 -52.8084696829319,47.501438185572624,0 -52.808521315455437,47.501252610236406,0 -52.808774281293154,47.500760676339269,0 -52.808949211612344,47.500577783212066,0 -52.809101259335876,47.500217109918594,0 -52.80929253436625,47.499788627028465,0 -52.809276441112161,47.499630963429809,0 -52.809815900400281,47.49840309843421,0 -52.810135083273053,47.497728522866964,0 -52.810233402997255,47.497648475691676,0 -52.810396766290069,47.497316300868988,0 -52.810621485114098,47.496788827702403,0 -52.810718715190887,47.496539633721113,0 -52.810748387128115,47.496426729485393,0 -52.810765989124775,47.496313825249672,0 -52.81080286949873,47.495960528030992,0 -52.810817873105407,47.495815102010965,0 -52.810933962464333,47.495152596384287,0 -52.811046196147799,47.494618836790323,0 -52.81114200130105,47.494355058297515,0 -52.811182234436274,47.494261935353279,0 -52.811218779534101,47.494180714711547,0 -52.811246523633599,47.494124304503202,0 -52.81127099879086,47.494079293683171,0 -52.811298072338104,47.494034366682172,0 -52.811349537223577,47.49395607970655,0 -52.811193633824587,47.493903525173664,0 -52.811077460646629,47.493864381685853,0 -52.810666998848319,47.493711663410068,0 -52.81038117595017,47.493571517989039,0 -52.810267433524132,47.493515610694885,0 -52.810136005282402,47.493451992049813,0 -52.809885302558541,47.493313103914261,0 -52.809075275436044,47.492897529155016,0 -52.808176400139928,47.492424286901951,0 -52.806830601766706,47.491729175671935,0 -52.806322909891605,47.491466905921698,0 -52.806053264066577,47.491341177374125,0 -52.805772637948394,47.491223830729723,0 -52.805498717352748,47.49112207442522,0 -52.805224377661943,47.491027107462287,0 -52.804948193952441,47.490943623706698,0 -52.804658934473991,47.490870365872979,0 -52.804353497922421,47.49080297537148,0 -52.804046301171184,47.490740362554789,0 -52.80391663312912,47.490718318149447,0 -52.803504075855017,47.490642964839935,0 -52.80306838452816,47.490587560459971,0 -52.802889766171575,47.490569287911057,0 -52.802369920536876,47.49053567647934,0 -52.8017314709723,47.490504076704383,0 -52.801146497949958,47.490474069491029,0 -52.800559680908918,47.490446409210563,0 -52.799580087885261,47.490400308743119,0 -52.798596723005176,47.490353286266327,0 -52.797613106667995,47.490305677056313,0 -52.79711295850575,47.490284135565162,0 -52.796685816720128,47.49026158824563,0 -52.796397730708122,47.490248596295714,0 -52.793737901374698,47.490069139748812,0 -52.792582958936691,47.489989260211587,0 -52.791433213278651,47.489922204986215,0 -52.788483202457428,47.489751717075706,0 -52.785612987354398,47.48954082839191,0 -52.782886521890759,47.489358521997929,0 -52.778635639697313,47.489044284448028,0 -52.77697317302227,47.48892174102366,0 -52.772625563666224,47.488602977246046,0 -52.767666662111878,47.48821179382503,0 -52.767937816679478,47.484896499663591,0 -52.768245683982968,47.481198823079467,0 -52.768398486077785,47.479349775239825,0 -52.768578194081783,47.477504331618547,0 -52.768645333126187,47.477123625576496,0 -52.769187139347196,47.474823128432035,0 -52.769455276429653,47.473671790212393,0 -52.769757611677051,47.472595386207104,0 -52.769753085449338,47.472426323220134,0 -52.769986437633634,47.471436420455575,0 -52.770265387371182,47.470276029780507,0 -52.770809791982174,47.467982405796647,0 -52.770941304042935,47.466816483065486,0 -52.770992182195187,47.465683165937662,0 -52.771088825538754,47.465258873999119,0 -52.771195275709033,47.464904403313994,0 -52.771243639290333,47.464594859629869,0 -52.771335588768125,47.464239802211523,0 -52.771427035331726,47.463920786976814,0 -52.771481601521373,47.463730098679662,0 -52.771544465795159,47.463510576635599,0 -52.771662818267941,47.463097516447306,0 -52.771750912070274,47.462758971378207,0 -52.771770106628537,47.462627794593573,0 -52.77177806943655,47.462488235905766,0 -52.771733226254582,47.461729673668742,0 -52.771424688398838,47.461682064458728,0 -52.770444676280022,47.461425997316837,0 -52.767819631844759,47.460682773962617,0 -52.766622025519609,47.46034380979836,0 -52.765783835202456,47.460097884759307,0 -52.764310631901026,47.459659008309245,0 -52.764112064614892,47.459606118500233,0 -52.763917688280344,47.459566639736295,0 -52.763794893398881,47.459548283368349,0 -52.763680312782526,47.459535459056497,0 -52.763358782976866,47.459523975849152,0 -52.763018812984228,47.459518779069185,0 -52.76273449882865,47.45950193144381,0 -52.762465104460716,47.459471672773361,0 -52.762051038444042,47.459406796842813,0 -52.761661615222692,47.459337813779712,0 -52.761374870315194,47.459267908707261,0 -52.761082174256444,47.459181407466531,0 -52.760941106826067,47.459124913439155,0 -52.76078780181706,47.459049727767706,0 -52.760360240936279,47.458845293149352,0 -52.759932596236467,47.458640858530998,0 -52.759801587089896,47.45858620852232,0 -52.759655239060521,47.458531390875578,0 -52.759491875767708,47.458479758352041,0 -52.759319292381406,47.458430305123329,0 -52.759095160290599,47.458388982340693,0 -52.758834064006805,47.458345564082265,0 -52.758562322705984,47.45831212028861,0 -52.758278092369437,47.458282699808478,0 -52.75796796195209,47.458258140832186,0 -52.757630171254277,47.45823978446424,0 -52.757241670042276,47.458229893818498,0 -52.756905471906066,47.4582314863801,0 -52.756658373400569,47.458242634311318,0 -52.756405239924788,47.458258811384439,0 -52.755901739001274,47.458295607939363,0 -52.755775423720479,47.458297619596124,0 -52.75564600713551,47.458297619596124,0 -52.755511896684766,47.458290159702301,0 -52.755374768748879,47.458274569362402,0 -52.755119288340211,47.458225870504975,0 -52.754830531775951,47.458147499710321,0 -52.753771394491196,47.457860670983791,0 -52.753591602668166,47.457822533324361,0 -52.753350203856826,47.457795292139053,0 -52.753117941319942,47.457775259390473,0 -52.752821473404765,47.457758411765099,0 -52.752531124278903,47.457751790061593,0 -52.751697627827525,47.457736115902662,0 -52.750251330435276,47.457710886374116,0 -52.749884622171521,47.457702839747071,0 -52.749700387939811,47.457701163366437,0 -52.749533923342824,47.45770426467061,0 -52.749336529523134,47.457710467278957,0 -52.749163275584579,47.457725135609508,0 -52.748805116862059,47.457762770354748,0 -52.747786967083812,47.4578757584095,0 -52.747113229706883,47.457948764786124,0 -52.746748616918921,47.457988327369094,0 -52.745734993368387,47.458107015118003,0 -52.745580933988094,47.458119504153728,0 -52.74546392261982,47.458125790581107,0 -52.745322100818157,47.458123695105314,0 -52.745208106935024,47.458111206069589,0 -52.744906190782785,47.458071559667587,0 -52.74458491243422,47.458015820011497,0 -52.743955515325069,47.45793778449297,0 -52.74288791231811,47.457847176119685,0 -52.742594797164202,47.457824293524027,0 -52.742047039791942,47.45777509175241,0 -52.741651833057404,47.457748018205166,0 -52.74129543453455,47.457742318511009,0 -52.741085886955261,47.457748102024198,0 -52.740867203101516,47.457764111459255,0 -52.740642735734582,47.45779219083488,0 -52.74037878960371,47.457836028188467,0 -52.740231268107891,47.457866370677948,0 -52.740029683336616,47.457900485023856,0 -52.739885430783033,47.457922864705324,0 -52.739607403054833,47.457962594926357,0 -52.739405399188399,47.457992769777775,0 -52.739334488287568,47.458009198307991,0 -52.739271707832813,47.458027470856905,0 -52.739211358129978,47.458050269633532,0 -52.739156540483236,47.458073236048222,0 -52.739075822755694,47.458128808066249,0 -52.739012874662876,47.458192594349384,0 -52.738920506089926,47.458298960700631,0 -52.738744486123323,47.458530971780419,0 -52.738583805039525,47.458698023110628,0 -52.7384745888412,47.45879047550261,0 -52.738362522795796,47.458863817155361,0 -52.738223383203149,47.458920814096928,0 -52.738101091235876,47.458948474377394,0 -52.738019535318017,47.458958700299263,0 -52.737933620810509,47.458954509347677,0 -52.737842509523034,47.458936739712954,0 -52.737713512033224,47.458904469385743,0 -52.736616740003228,47.458512866869569,0 -52.736257910728455,47.45836291462183,0 -52.735862284898758,47.458227127790451,0 -52.735462132841349,47.458107098937035,0 -52.734684878960252,47.457876512780786,0 -52.734327558428049,47.457785485312343,0 -52.733992282301188,47.457716418430209,0 -52.73373881354928,47.457664366811514,0 -52.733468078076839,47.457601921632886,0 -52.733153840526938,47.457526819780469,0 -52.732916884124279,47.457484407350421,0 -52.73267213255167,47.45744476094842,0 -52.732423525303602,47.457432439550757,0 -52.732221269980073,47.457446772605181,0 -52.732065031304955,47.457471415400505,0 -52.731902673840523,47.457509636878967,0 -52.731707710772753,47.45755665935576,0 -52.731454409658909,47.457593539729714,0 -52.731265062466264,47.457611477002501,0 -52.731038499623537,47.45762312784791,0 -52.730793664231896,47.457610387355089,0 -52.730400888249278,47.457566298544407,0 -52.729734862223268,47.457467224448919,0 -52.729322388768196,47.457412909716368,0 -52.729050479829311,47.457376532256603,0 -52.728859372437,47.457367731258273,0 -52.728649573400617,47.457372676581144,0 -52.728539099916816,47.457383740693331,0 -52.728401133790612,47.457406874746084,0 -52.728277333080769,47.457434618845582,0 -52.72817088291049,47.457471415400505,0 -52.728022858500481,47.457536123692989,0 -52.727704513818026,47.45770082809031,0 -52.726931367069483,47.458117660135031,0 -52.726488802582026,47.458350006490946,0 -52.726104995235801,47.458578329533339,0 -52.725777011364698,47.458820482715964,0 -52.725459923967719,47.459064060822129,0 -52.725311731919646,47.459175623953342,0 -52.72516873665154,47.459287522360682,0 -52.725084833800793,47.459375280886889,0 -52.725018113851547,47.4594662245363,0 -52.724969917908311,47.459561275318265,0 -52.724928092211485,47.459657331928611,0 -52.724883165210485,47.459813989698887,0 -52.724845530465245,47.45997198857367,0 -52.724825162440538,47.460117163136601,0 -52.724813427776098,47.460262672975659,0 -52.724815607070923,47.460387898609042,0 -52.724826922640204,47.460514297708869,0 -52.724835807457566,47.460606079548597,0 -52.724849386140704,47.460698029026389,0 -52.724906718358397,47.460960131138563,0 -52.724963128566742,47.46117009781301,0 -52.725010318681598,47.461353493854403,0 -52.72502850741148,47.4614486284554,0 -52.725030686706305,47.461541835218668,0 -52.725028926506639,47.461625402793288,0 -52.72502020932734,47.461708886548877,0 -52.725004116073251,47.461805362254381,0 -52.724973689764738,47.461900999769568,0 -52.724853325635195,47.462220769375563,0 -52.724793311208487,47.462379774078727,0 -52.724746624007821,47.462541125714779,0 -52.724697170779109,47.462738184258342,0 -52.724679401144385,47.46287589892745,0 -52.724680406972766,47.463103886693716,0 -52.724693734198809,47.463331874459982,0 -52.724702032282948,47.463559191673994,0 -52.724695159122348,47.463658098131418,0 -52.724681664258242,47.463757004588842,0 -52.724637910723686,47.463880637660623,0 -52.724612262099981,47.463943669572473,0 -52.724510841071606,47.464122036471963,0 -52.724406570196152,47.464282969012856,0 -52.724295593798161,47.464442560449243,0 -52.724238932132721,47.464515063911676,0 -52.724174810573459,47.46458706445992,0 -52.72406592965126,47.464684881269932,0 -52.723988564684987,47.464742381125689,0 -52.723899967968464,47.46479912661016,0 -52.723691593855619,47.464911276474595,0 -52.723581036552787,47.46497506275773,0 -52.723484141752124,47.465041531249881,0 -52.723247604444623,47.465213192626834,0 -52.723012827336788,47.465357864275575,0 -52.722696494311094,47.465525502339005,0 -52.722396003082395,47.465672940015793,0 -52.722104396671057,47.465785341337323,0 -52.721940111368895,47.465830268338323,0 -52.721687816083431,47.465877206996083,0 -52.721451865509152,47.465900089591742,0 -52.721254723146558,47.465909225866199,0 -52.721064370125532,47.465899838134646,0 -52.720871167257428,47.465873938053846,0 -52.720331288874149,47.465784922242165,0 -52.720028702169657,47.465732283890247,0 -52.719676326960325,47.465677130967379,0 -52.719605583697557,47.465664809569716,0 -52.719121361151338,47.465580403804779,0 -52.719082133844495,47.46557361446321,0 -52.71879849024117,47.465527765452862,0 -52.718479223549366,47.465480826795101,0 -52.718366486951709,47.465470684692264,0 -52.718332540243864,47.465469595044851,0 -52.718263389542699,47.465467331930995,0 -52.718175295740366,47.465468673035502,0 -52.718074126169086,47.465469595044851,0 -52.718049231916666,47.465469762682915,0 -52.717928113415837,47.465480491518974,0 -52.717784279957414,47.465500105172396,0 -52.717668358236551,47.46552768163383,0 -52.717481860890985,47.465572105720639,0 -52.717199390754104,47.465639412403107,0 -52.716838633641601,47.465721471235156,0 -52.716596983373165,47.465769164264202,0 -52.716461783275008,47.465789783746004,0 -52.716318536549807,47.465802691876888,0 -52.71620680578053,47.465805960819125,0 -52.716087531298399,47.465799674391747,0 -52.715989714488387,47.465785592794418,0 -52.715903799980879,47.465770086273551,0 -52.715791733935475,47.465738318860531,0 -52.715687798336148,47.465700600296259,0 -52.715600710362196,47.465657098218799,0 -52.715093102306128,47.465348476544023,0 -52.714922782033682,47.465244960039854,0 -52.714808033779263,47.465181509032845,0 -52.714746426790953,47.465147478505969,0 -52.714681634679437,47.46511428616941,0 -52.714568981900811,47.46505661867559,0 -52.714390279725194,47.464958969503641,0 -52.714279219508171,47.464898200705647,0 -52.714263629168272,47.464889734983444,0 -52.714194981381297,47.464852184057236,0 -52.714120298624039,47.464798875153065,0 -52.714074114337564,47.464763335883617,0 -52.714036898687482,47.464735172688961,0 -52.713981913402677,47.464683372527361,0 -52.713900189846754,47.464593602344394,0 -52.713874625042081,47.464565522968769,0 -52.713866494596004,47.464555716142058,0 -52.713817711919546,47.464496791362762,0 -52.713760631158948,47.464427724480629,0 -52.713739760220051,47.464401321485639,0 -52.713702460750937,47.464354131370783,0 -52.713680667802691,47.464326387271285,0 -52.713587628677487,47.464208286255598,0 -52.713477658107877,47.464093202725053,0 -52.713442035019398,47.464064033702016,0 -52.713387804105878,47.464019693434238,0 -52.713293926790357,47.463956326246262,0 -52.713124109432101,47.463878039270639,0 -52.713106339797378,47.463870998471975,0 -52.713092425838113,47.463865466415882,0 -52.712980611249804,47.463821293786168,0 -52.712730914354324,47.463732361793518,0 -52.712515164166689,47.463650135323405,0 -52.712423885241151,47.463613087311387,0 -52.71237451583147,47.4635917134583,0 -52.712323805317283,47.463569836691022,0 -52.712241159752011,47.463525328785181,0 -52.712164130061865,47.463480485603213,0 -52.712068324908614,47.463442767038941,0 -52.712019039317966,47.463423404842615,0 -52.711979560554028,47.463413933292031,0 -52.711942428722978,47.463404880836606,0 -52.711912924423814,47.463400522246957,0 -52.711878810077906,47.463395493105054,0 -52.711813179776073,47.463385770097375,0 -52.711727768182755,47.463374119251966,0 -52.711603129282594,47.46337722055614,0 -52.711525009945035,47.463389625772834,0 -52.71150128915906,47.463396918028593,0 -52.71147346124053,47.463405383750796,0 -52.711423086002469,47.463438240811229,0 -52.711385535076261,47.463481575250626,0 -52.711375476792455,47.46350429020822,0 -52.711343122646213,47.463578218594193,0 -52.711317306384444,47.463636975735426,0 -52.711300291121006,47.463675700128078,0 -52.711271205917001,47.463742168620229,0 -52.711208928376436,47.463864460587502,0 -52.711182525381446,47.46390980668366,0 -52.711138101294637,47.463985998183489,0 -52.711110860109329,47.46402321383357,0 -52.711087558418512,47.464051293209195,0 -52.711057718843222,47.464081300422549,0 -52.711019581183791,47.464110134169459,0 -52.710971469059587,47.464141566306353,0 -52.710913717746735,47.464164365082979,0 -52.710508201271296,47.464284561574459,0 -52.710394626483321,47.46432269923389,0 -52.710089441388845,47.464406182989478,0 -52.709760786965489,47.464523697271943,0 -52.709599602967501,47.464581364765763,0 -52.709262985736132,47.464712960645556,0 -52.709099873900414,47.46477666310966,0 -52.708863504230976,47.464849082753062,0 -52.708831569179893,47.464858889579773,0 -52.708692932501435,47.464896691963077,0 -52.708571227267385,47.464929800480604,0 -52.708390764892101,47.46499165892601,0 -52.708211224526167,47.465056199580431,0 -52.708031265065074,47.465074136853218,0 -52.707909308373928,47.465075897052884,0 -52.707849713042378,47.465076819062233,0 -52.707827417179942,47.465076902881265,0 -52.707599429413676,47.465077908709645,0 -52.707521058619022,47.46507816016674,0 -52.707284186035395,47.465076986700296,0 -52.707080002874136,47.465075980871916,0 -52.706955699250102,47.465074639767408,0 -52.706857714802027,47.465073466300964,0 -52.706734333187342,47.465070197358727,0 -52.70661111921072,47.465066928416491,0 -52.706402326002717,47.465061563998461,0 -52.706170817837119,47.465054104104638,0 -52.705941908061504,47.465034741908312,0 -52.705921959131956,47.465032394975424,0 -52.705751890316606,47.465012613683939,0 -52.705494482070208,47.464971039444208,0 -52.705233218148351,47.464931225404143,0 -52.705148896202445,47.464918820187449,0 -52.705059377476573,47.464911276474595,0 -52.704933732748032,47.464913371950388,0 -52.704813620075583,47.464928459376097,0 -52.704747822135687,47.464949665591121,0 -52.704679928719997,47.464975733309984,0 -52.704619327560067,47.465000627562404,0 -52.70460968837142,47.465006913989782,0 -52.704527797177434,47.465063072741032,0 -52.704454036429524,47.465113615617156,0 -52.704427214339375,47.46513188816607,0 -52.704334929585457,47.465191734954715,0 -52.704326715320349,47.465197015553713,0 -52.704243315383792,47.465237164869905,0 -52.704139295965433,47.465273961424828,0 -52.704046927392483,47.465294329449534,0 -52.703940561041236,47.465306399390101,0 -52.703577373176813,47.465333640575409,0 -52.703424403443933,47.465357780456543,0 -52.70334561355412,47.465379908680916,0 -52.703314935788512,47.465388458222151,0 -52.703188620507717,47.465445706620812,0 -52.703076805919409,47.465524580329657,0 -52.70299038849771,47.465616865083575,0 -52.702984940260649,47.465622816234827,0 -52.702941941097379,47.465679477900267,0 -52.702928865328431,47.465702360495925,0 -52.702909670770168,47.465736223384738,0 -52.702885195612907,47.465804368257523,0 -52.702879579737782,47.465872513130307,0 -52.702879160642624,47.465944513678551,0 -52.702884105965495,47.466016514226794,0 -52.70289022475481,47.4660524725914,0 -52.702912269160151,47.466183733195066,0 -52.702922914177179,47.466246765106916,0 -52.702966583892703,47.466461509466171,0 -52.702969769015908,47.46647709980607,0 -52.702995417639613,47.466589501127601,0 -52.703013941645622,47.466717576608062,0 -52.703033974394202,47.466942798346281,0 -52.703059706836939,47.46711378917098,0 -52.703081667423248,47.467186208814383,0 -52.703109160065651,47.467258628457785,0 -52.703168084844947,47.467373795807362,0 -52.703210832551122,47.467441018670797,0 -52.703249389305711,47.467498099431396,0 -52.703258693218231,47.467508912086487,0 -52.703390624374151,47.467661714181304,0 -52.703573266044259,47.467837985605001,0 -52.703653564676642,47.467903783544898,0 -52.703753896057606,47.467962373048067,0 -52.7038958016783,47.468024482950568,0 -52.704043071717024,47.468075612559915,0 -52.704143235459924,47.468115761876106,0 -52.704243399202824,47.46815599501133,0 -52.704323278740048,47.46819362975657,0 -52.704397877678275,47.468233024701476,0 -52.704484881833196,47.46827912516892,0 -52.704491838812828,47.468284824863076,0 -52.704549338668585,47.468333188444376,0 -52.704609101638198,47.468393789604306,0 -52.704657968133688,47.468453636392951,0 -52.704730303958058,47.468557823449373,0 -52.704800879582763,47.46865002438426,0 -52.704884111881256,47.468748679384589,0 -52.704984610900283,47.468988904729486,0 -52.705047558993101,47.469176491722465,0 -52.705101873725653,47.469373466446996,0 -52.705134898424149,47.46951780281961,0 -52.70516918040812,47.469659373164177,0 -52.7051598764956,47.469739504158497,0 -52.705157278105617,47.469815108925104,0 -52.705144118517637,47.469888534396887,0 -52.705125510692596,47.469961876049638,0 -52.705037919804454,47.470179302617908,0 -52.704929374158382,47.470420198515058,0 -52.704871203750372,47.470539221540093,0 -52.704769866541028,47.470761593431234,0 -52.704695519059896,47.470981199294329,0 -52.70464631728828,47.471147831529379,0 -52.70459895953536,47.471323432400823,0 -52.704543387517333,47.471448238939047,0 -52.704484630376101,47.471559634432197,0 -52.70444649271667,47.471619313582778,0 -52.704420424997807,47.471660217270255,0 -52.704368121922016,47.471734900027514,0 -52.704299725592136,47.471807822585106,0 -52.704264689236879,47.471840595826507,0 -52.704146672040224,47.471950901672244,0 -52.704089172184467,47.471992308273911,0 -52.703965287655592,47.47208165936172,0 -52.703684661537409,47.47225558385253,0 -52.703435383737087,47.472396986559033,0 -52.703389031812549,47.472423305734992,0 -52.702992567792535,47.472648024559021,0 -52.702690567821264,47.472842819988728,0 -52.702597109600902,47.472937200218439,0 -52.702526282519102,47.47303836978972,0 -52.702436931431293,47.473194189369678,0 -52.702390998601913,47.473293766379356,0 -52.702372726052999,47.473401390016079,0 -52.702366104349494,47.473488813266158,0 -52.702366188168526,47.473527621477842,0 -52.702371971681714,47.473625103011727,0 -52.702392423525453,47.473766002804041,0 -52.702443301677704,47.474027182906866,0 -52.702512871474028,47.474367991089821,0 -52.702519660815597,47.474401015788317,0 -52.702532317489386,47.474466226994991,0 -52.702603312209249,47.474811812862754,0 -52.702662320807576,47.475099312141538,0 -52.702682688832283,47.475198721513152,0 -52.702721664682031,47.47538672760129,0 -52.702766675502062,47.475621420890093,0 -52.702795760706067,47.475773133337498,0 -52.702819313853979,47.475895173847675,0 -52.702824762091041,47.475924510508776,0 -52.702866503968835,47.476147804409266,0 -52.702912017703056,47.476399261504412,0 -52.702933140099049,47.476524990051985,0 -52.702941102907062,47.476569078862667,0 -52.702957782894373,47.476662117987871,0 -52.70296641625464,47.476704278960824,0 -52.702980833128095,47.476774770766497,0 -52.702986029908061,47.476802011951804,0 -52.703010672703385,47.476930506527424,0 -52.703042775392532,47.477097390219569,0 -52.703101364895701,47.477402994409204,0 -52.703138161450624,47.477594437077641,0 -52.703178562223911,47.477804739028215,0 -52.703199097886682,47.477911775931716,0 -52.703248718753457,47.478170022368431,0 -52.703254837542772,47.478203130885959,0 -52.703301692381501,47.478456683456898,0 -52.703308314085007,47.478492390364408,0 -52.703347122296691,47.47867913916707,0 -52.703400263562799,47.478976277634501,0 -52.703454410657287,47.47952152043581,0 -52.703475868329406,47.479809438809752,0 -52.703478131443262,47.479841122403741,0 -52.703486094251275,47.480150414630771,0 -52.703498331829906,47.480439422652125,0 -52.703498499467969,47.480443110689521,0 -52.703515430912375,47.480603959411383,0 -52.70351953804493,47.480643102899194,0 -52.703535128384829,47.480752235278487,0 -52.703548623248935,47.480846364051104,0 -52.70356890745461,47.480925573036075,0 -52.703602015972137,47.481019031256437,0 -52.703609894961119,47.481038477271795,0 -52.703692708164454,47.481242911890149,0 -52.703745597973466,47.481358498334885,0 -52.703806534409523,47.481470480561256,0 -52.70397936925292,47.481773402541876,0 -52.704042820259929,47.481889994814992,0 -52.704102331772447,47.48200717382133,0 -52.70415036007762,47.482125358656049,0 -52.704184139147401,47.48226810246706,0 -52.704187324270606,47.482282016426325,0 -52.704191096127033,47.48235116712749,0 -52.704189587384462,47.482457784935832,0 -52.704179864376783,47.482666494324803,0 -52.704136362299323,47.482953993603587,0 -52.704100487753749,47.483204193413258,0 -52.704093027859926,47.483317097648978,0 -52.704091016203165,47.483420027419925,0 -52.704092776402831,47.483507366850972,0 -52.704105516895652,47.483604764565825,0 -52.704145079478621,47.483792519196868,0 -52.704192772507668,47.483951859176159,0 -52.704278016462922,47.484217984601855,0 -52.704351861029863,47.48444689437747,0 -52.704420424997807,47.484706733375788,0 -52.70449778996408,47.48503128066659,0 -52.704539196565747,47.485247030854225,0 -52.704569790512323,47.485406622290611,0 -52.704684287309647,47.486110115423799,0 -52.704721922054887,47.48624942265451,0 -52.704770201817155,47.486388562247157,0 -52.704850668087602,47.486576484516263,0 -52.704925937578082,47.486827773973346,0 -52.704976899549365,47.487066490575671,0 -52.705049570649862,47.487610895186663,0 -52.705106232315302,47.488155299797654,0 -52.705237325280905,47.489588940516114,0 -52.705312008038163,47.490419838577509,0 -52.705324497073889,47.490842621773481,0 -52.705302117392421,47.491270937025547,0 -52.705251406878233,47.492086160928011,0 -52.705226009711623,47.49250827357173,0 -52.70517110824585,47.492952095344663,0 -52.705123163759708,47.493309332057834,0 -52.705053929239511,47.493666484951973,0 -52.704976564273238,47.494040066376328,0 -52.704877825453877,47.494373666122556,0 -52.704777577891946,47.494737859815359,0 -52.704666685312986,47.495094761252403,0 -52.7045329939574,47.495458116754889,0 -52.704383209347725,47.495821304619312,0 -52.704297127202153,47.496017776429653,0 -52.704229904338717,47.496171332895756,0 -52.703799577429891,47.496948838233948,0 -52.703555328771472,47.497390061616898,0 -52.703324658796191,47.497806809842587,0 -52.703014109283686,47.498367894440889,0 -52.702453276142478,47.499446226283908,0 -52.70192957483232,47.500732596963644,0 -52.699248120188713,47.50725363381207,0 -52.698767920956016,47.507886970415711,0 -52.698326613754034,47.508571520447731,0 -52.698254194110632,47.508705630898476,0 -52.698191162198782,47.50886170193553,0 -52.698163166642189,47.508964212611318,0 -52.698151515796781,47.509068315848708,0 -52.698142128065228,47.509144088253379,0 -52.698146821931005,47.509218184277415,0 -52.698156209662557,47.509287586435676,0 -52.69817691296339,47.509357575327158,0 -52.698216894641519,47.50941532664001,0 -52.698268191888928,47.509473664686084,0 </coordinates></LineString></MultiGeometry></Placemark></Folder><Folder><name>[C3 WB] One-way - St. John's NL (Temperance St to Trans-Canada Highway Westbound)</name><Folder><name>Points</name><Style><ListStyle><listItemType>checkHideChildren</listItemType></ListStyle></Style><Placemark><Style><IconStyle><scale>0.9</scale><Icon><href>http://connect.garmin.com/image/main/icons/kml/grn-play.png</href></Icon></IconStyle></Style><Point><altitudeMode>clampToGround</altitudeMode><coordinates>-52.697389433160424,47.570877559483051,0</coordinates></Point></Placemark><Placemark><styleUrl>#point</styleUrl><Point><altitudeMode>clampToGround</altitudeMode><coordinates>-52.697801822796464,47.571555068716407,0</coordinates></Point></Placemark><Placemark><styleUrl>#point</styleUrl><Point><altitudeMode>clampToGround</altitudeMode><coordinates>-52.697860077023506,47.57164316251874,0</coordinates></Point></Placemark><Placemark><styleUrl>#point</styleUrl><Point><altitudeMode>clampToGround</altitudeMode><coordinates>-52.698009693995118,47.571606617420912,0</coordinates></Point></Placemark><Placemark><styleUrl>#point</styleUrl><Point><altitudeMode>clampToGround</altitudeMode><coordinates>-52.698100470006466,47.571577364578843,0</coordinates></Point></Placemark><Placemark><styleUrl>#point</styleUrl><Point><altitudeMode>clampToGround</altitudeMode><coordinates>-52.698347233235836,47.571472590789199,0</coordinates></Point></Placemark><Placemark><styleUrl>#point</styleUrl><Point><altitudeMode>clampToGround</altitudeMode><coordinates>-52.698644287884235,47.571345018222928,0</coordinates></Point></Placemark><Placemark><styleUrl>#point</styleUrl><Point><altitudeMode>clampToGround</altitudeMode><coordinates>-52.698994735255837,47.571190791204572,0</coordinates></Point></Placemark><Placemark><styleUrl>#point</styleUrl><Point><altitudeMode>clampToGround</altitudeMode><coordinates>-52.699279803782701,47.571067661046982,0</coordinates></Point></Placemark><Placemark><styleUrl>#point</styleUrl><Point><altitudeMode>clampToGround</altitudeMode><coordinates>-52.699584234505892,47.570932880043983,0</coordinates></Point></Placemark><Placemark><styleUrl>#point</styleUrl><Point><altitudeMode>clampToGround</altitudeMode><coordinates>-52.699690517038107,47.570898933336139,0</coordinates></Point></Placemark><Placemark><styleUrl>#point</styleUrl><Point><altitudeMode>clampToGround</altitudeMode><coordinates>-52.699824711307883,47.570905471220613,0</coordinates></Point></Placemark><Placemark><styleUrl>#point</styleUrl><Point><altitudeMode>clampToGround</altitudeMode><coordinates>-52.700269538909197,47.570652337744832,0</coordinates></Point></Placemark><Placemark><styleUrl>#point</styleUrl><Point><altitudeMode>clampToGround</altitudeMode><coordinates>-52.700325027108192,47.570618223398924,0</coordinates></Point></Placemark><Placemark><styleUrl>#point</styleUrl><Point><altitudeMode>clampToGround</altitudeMode><coordinates>-52.700457628816366,47.570562232285738,0</coordinates></Point></Placemark><Placemark><styleUrl>#point</styleUrl><Point><altitudeMode>clampToGround</altitudeMode><coordinates>-52.700514039024711,47.570613026618958,0</coordinates></Point></Placemark><Placemark><styleUrl>#point</styleUrl><Point><altitudeMode>clampToGround</altitudeMode><coordinates>-52.700872868299484,47.570888204500079,0</coordinates></Point></Placemark><Placemark><styleUrl>#point</styleUrl><Point><altitudeMode>clampToGround</altitudeMode><coordinates>-52.701076800003648,47.571042599156499,0</coordinates></Point></Placemark><Placemark><styleUrl>#point</styleUrl><Point><altitudeMode>clampToGround</altitudeMode><coordinates>-52.701184675097466,47.571116276085377,0</coordinates></Point></Placemark><Placemark><styleUrl>#point</styleUrl><Point><altitudeMode>clampToGround</altitudeMode><coordinates>-52.701253490522504,47.571131363511086,0</coordinates></Point></Placemark><Placemark><styleUrl>#point</styleUrl><Point><altitudeMode>clampToGround</altitudeMode><coordinates>-52.701323395594954,47.57116774097085,0</coordinates></Point></Placemark><Placemark><styleUrl>#point</styleUrl><Point><altitudeMode>clampToGround</altitudeMode><coordinates>-52.701373938471079,47.571191126480699,0</coordinates></Point></Placemark><Placemark><styleUrl>#point</styleUrl><Point><altitudeMode>clampToGround</altitudeMode><coordinates>-52.701426241546869,47.57121023721993,0</coordinates></Point></Placemark><Placemark><styleUrl>#point</styleUrl><Point><altitudeMode>clampToGround</altitudeMode><coordinates>-52.701513078063726,47.571232197806239,0</coordinates></Point></Placemark><Placemark><styleUrl>#point</styleUrl><Point><altitudeMode>clampToGround</altitudeMode><coordinates>-52.701544677838683,47.571235802024603,0</coordinates></Point></Placemark><Placemark><styleUrl>#point</styleUrl><Point><altitudeMode>clampToGround</altitudeMode><coordinates>-52.701569320634007,47.571238484233618,0</coordinates></Point></Placemark><Placemark><styleUrl>#point</styleUrl><Point><altitudeMode>clampToGround</altitudeMode><coordinates>-52.701725978404284,47.571234628558159,0</coordinates></Point></Placemark><Placemark><styleUrl>#point</styleUrl><Point><altitudeMode>clampToGround</altitudeMode><coordinates>-52.701951283961535,47.571250218898058,0</coordinates></Point></Placemark><Placemark><styleUrl>#point</styleUrl><Point><altitudeMode>clampToGround</altitudeMode><coordinates>-52.702853428199887,47.571286177262664,0</coordinates></Point></Placemark><Placemark><styleUrl>#point</styleUrl><Point><altitudeMode>clampToGround</altitudeMode><coordinates>-52.70309248007834,47.571297492831945,0</coordinates></Point></Placemark><Placemark><styleUrl>#point</styleUrl><Point><altitudeMode>clampToGround</altitudeMode><coordinates>-52.703932011500001,47.571336971595883,0</coordinates></Point></Placemark><Placemark><styleUrl>#point</styleUrl><Point><altitudeMode>clampToGround</altitudeMode><coordinates>-52.70432822406292,47.571309730410576,0</coordinates></Point></Placemark><Placemark><styleUrl>#point</styleUrl><Point><altitudeMode>clampToGround</altitudeMode><coordinates>-52.704617818817496,47.57127670571208,0</coordinates></Point></Placemark><Placemark><styleUrl>#point</styleUrl><Point><altitudeMode>clampToGround</altitudeMode><coordinates>-52.704881513491273,47.571247033774853,0</coordinates></Point></Placemark><Placemark><styleUrl>#point</styleUrl><Point><altitudeMode>clampToGround</altitudeMode><coordinates>-52.705143867060542,47.571215936914086,0</coordinates></Point></Placemark><Placemark><styleUrl>#point</styleUrl><Point><altitudeMode>clampToGround</altitudeMode><coordinates>-52.705292981117964,47.571180900558829,0</coordinates></Point></Placemark><Placemark><styleUrl>#point</styleUrl><Point><altitudeMode>clampToGround</altitudeMode><coordinates>-52.705458104610443,47.571120969951153,0</coordinates></Point></Placemark><Placemark><styleUrl>#point</styleUrl><Point><altitudeMode>clampToGround</altitudeMode><coordinates>-52.705653319135308,47.571031367406249,0</coordinates></Point></Placemark><Placemark><styleUrl>#point</styleUrl><Point><altitudeMode>clampToGround</altitudeMode><coordinates>-52.705832691863179,47.570932460948825,0</coordinates></Point></Placemark><Placemark><styleUrl>#point</styleUrl><Point><altitudeMode>clampToGround</altitudeMode><coordinates>-52.705873679369688,47.57089558057487,0</coordinates></Point></Placemark><Placemark><styleUrl>#point</styleUrl><Point><altitudeMode>clampToGround</altitudeMode><coordinates>-52.706076940521598,47.570751830935478,0</coordinates></Point></Placemark><Placemark><styleUrl>#point</styleUrl><Point><altitudeMode>clampToGround</altitudeMode><coordinates>-52.706224378198385,47.570658540353179,0</coordinates></Point></Placemark><Placemark><styleUrl>#point</styleUrl><Point><altitudeMode>clampToGround</altitudeMode><coordinates>-52.706347005441785,47.570590395480394,0</coordinates></Point></Placemark><Placemark><styleUrl>#point</styleUrl><Point><altitudeMode>clampToGround</altitudeMode><coordinates>-52.706691417843103,47.57039912045002,0</coordinates></Point></Placemark><Placemark><styleUrl>#point</styleUrl><Point><altitudeMode>clampToGround</altitudeMode><coordinates>-52.707026526331902,47.570097371935844,0</coordinates></Point></Placemark><Placemark><styleUrl>#point</styleUrl><Point><altitudeMode>clampToGround</altitudeMode><coordinates>-52.70730840973556,47.56980249658227,0</coordinates></Point></Placemark><Placemark><styleUrl>#point</styleUrl><Point><altitudeMode>clampToGround</altitudeMode><coordinates>-52.707669921219349,47.569421119987965,0</coordinates></Point></Placemark><Placemark><styleUrl>#point</styleUrl><Point><altitudeMode>clampToGround</altitudeMode><coordinates>-52.707710573449731,47.569374684244394,0</coordinates></Point></Placemark><Placemark><styleUrl>#point</styleUrl><Point><altitudeMode>clampToGround</altitudeMode><coordinates>-52.707751393318176,47.569333277642727,0</coordinates></Point></Placemark><Placemark><styleUrl>#point</styleUrl><Point><altitudeMode>clampToGround</altitudeMode><coordinates>-52.707825070247054,47.569264210760593,0</coordinates></Point></Placemark><Placemark><styleUrl>#point</styleUrl><Point><altitudeMode>clampToGround</altitudeMode><coordinates>-52.70821038633585,47.568831704556942,0</coordinates></Point></Placemark><Placemark><styleUrl>#point</styleUrl><Point><altitudeMode>clampToGround</altitudeMode><coordinates>-52.708278195932508,47.568756518885493,0</coordinates></Point></Placemark><Placemark><styleUrl>#point</styleUrl><Point><altitudeMode>clampToGround</altitudeMode><coordinates>-52.708524540066719,47.568466169759631,0</coordinates></Point></Placemark><Placemark><styleUrl>#point</styleUrl><Point><altitudeMode>clampToGround</altitudeMode><coordinates>-52.708766525611281,47.568113040179014,0</coordinates></Point></Placemark><Placemark><styleUrl>#point</styleUrl><Point><altitudeMode>clampToGround</altitudeMode><coordinates>-52.709115296602249,47.567535359412432,0</coordinates></Point></Placemark><Placemark><styleUrl>#point</styleUrl><Point><altitudeMode>clampToGround</altitudeMode><coordinates>-52.709226692095399,47.567420694977045,0</coordinates></Point></Placemark><Placemark><styleUrl>#point</styleUrl><Point><altitudeMode>clampToGround</altitudeMode><coordinates>-52.709462810307741,47.567174602299929,0</coordinates></Point></Placemark><Placemark><styleUrl>#point</styleUrl><Point><altitudeMode>clampToGround</altitudeMode><coordinates>-52.709706388413906,47.567048789933324,0</coordinates></Point></Placemark><Placemark><styleUrl>#point</styleUrl><Point><altitudeMode>clampToGround</altitudeMode><coordinates>-52.709934040904045,47.566982991993427,0</coordinates></Point></Placemark><Placemark><styleUrl>#point</styleUrl><Point><altitudeMode>clampToGround</altitudeMode><coordinates>-52.710141660645604,47.566883582621813,0</coordinates></Point></Placemark><Placemark><styleUrl>#point</styleUrl><Point><altitudeMode>clampToGround</altitudeMode><coordinates>-52.710178541019559,47.566865980625153,0</coordinates></Point></Placemark><Placemark><styleUrl>#point</styleUrl><Point><altitudeMode>clampToGround</altitudeMode><coordinates>-52.710245763882995,47.566783502697945,0</coordinates></Point></Placemark><Placemark><styleUrl>#point</styleUrl><Point><altitudeMode>clampToGround</altitudeMode><coordinates>-52.71033251658082,47.566648302599788,0</coordinates></Point></Placemark><Placemark><styleUrl>#point</styleUrl><Point><altitudeMode>clampToGround</altitudeMode><coordinates>-52.710377192124724,47.566544115543365,0</coordinates></Point></Placemark><Placemark><styleUrl>#point</styleUrl><Point><altitudeMode>clampToGround</altitudeMode><coordinates>-52.710446007549763,47.566430708393455,0</coordinates></Point></Placemark><Placemark><styleUrl>#point</styleUrl><Point><altitudeMode>clampToGround</altitudeMode><coordinates>-52.710599983111024,47.56615393795073,0</coordinates></Point></Placemark><Placemark><styleUrl>#point</styleUrl><Point><altitudeMode>clampToGround</altitudeMode><coordinates>-52.710803914815187,47.565936679020524,0</coordinates></Point></Placemark><Placemark><styleUrl>#point</styleUrl><Point><altitudeMode>clampToGround</altitudeMode><coordinates>-52.711147237569094,47.565690502524376,0</coordinates></Point></Placemark><Placemark><styleUrl>#point</styleUrl><Point><altitudeMode>clampToGround</altitudeMode><coordinates>-52.711790883913636,47.565306862816215,0</coordinates></Point></Placemark><Placemark><styleUrl>#point</styleUrl><Point><altitudeMode>clampToGround</altitudeMode><coordinates>-52.712397985160351,47.564975610002875,0</coordinates></Point></Placemark><Placemark><styleUrl>#point</styleUrl><Point><altitudeMode>clampToGround</altitudeMode><coordinates>-52.712521869689226,47.56492062471807,0</coordinates></Point></Placemark><Placemark><styleUrl>#point</styleUrl><Point><altitudeMode>clampToGround</altitudeMode><coordinates>-52.712783385068178,47.564822975546122,0</coordinates></Point></Placemark><Placemark><styleUrl>#point</styleUrl><Point><altitudeMode>clampToGround</altitudeMode><coordinates>-52.713040290400386,47.56472515873611,0</coordinates></Point></Placemark><Placemark><styleUrl>#point</styleUrl><Point><altitudeMode>clampToGround</altitudeMode><coordinates>-52.713162833824754,47.564689787104726,0</coordinates></Point></Placemark><Placemark><styleUrl>#point</styleUrl><Point><altitudeMode>clampToGround</altitudeMode><coordinates>-52.713705813512206,47.564532961696386,0</coordinates></Point></Placemark><Placemark><styleUrl>#point</styleUrl><Point><altitudeMode>clampToGround</altitudeMode><coordinates>-52.713750908151269,47.564520640298724,0</coordinates></Point></Placemark><Placemark><styleUrl>#point</styleUrl><Point><altitudeMode>clampToGround</altitudeMode><coordinates>-52.714618518948555,47.564293406903744,0</coordinates></Point></Placemark><Placemark><styleUrl>#point</styleUrl><Point><altitudeMode>clampToGround</altitudeMode><coordinates>-52.714916998520494,47.56421553902328,0</coordinates></Point></Placemark><Placemark><styleUrl>#point</styleUrl><Point><altitudeMode>clampToGround</altitudeMode><coordinates>-52.715271636843681,47.564141862094402,0</coordinates></Point></Placemark><Placemark><styleUrl>#point</styleUrl><Point><altitudeMode>clampToGround</altitudeMode><coordinates>-52.715719398111105,47.564042620360851,0</coordinates></Point></Placemark><Placemark><styleUrl>#point</styleUrl><Point><altitudeMode>clampToGround</altitudeMode><coordinates>-52.716464130207896,47.563882526010275,0</coordinates></Point></Placemark><Placemark><styleUrl>#point</styleUrl><Point><altitudeMode>clampToGround</altitudeMode><coordinates>-52.716596899554133,47.563861990347505,0</coordinates></Point></Placemark><Placemark><styleUrl>#point</styleUrl><Point><altitudeMode>clampToGround</altitudeMode><coordinates>-52.716663535684347,47.563846986740828,0</coordinates></Point></Placemark><Placemark><styleUrl>#point</styleUrl><Point><altitudeMode>clampToGround</altitudeMode><coordinates>-52.71681759506464,47.56382167339325,0</coordinates></Point></Placemark><Placemark><styleUrl>#point</styleUrl><Point><altitudeMode>clampToGround</altitudeMode><coordinates>-52.716948101297021,47.563805328682065,0</coordinates></Point></Placemark><Placemark><styleUrl>#point</styleUrl><Point><altitudeMode>clampToGround</altitudeMode><coordinates>-52.717143483459949,47.563788816332817,0</coordinates></Point></Placemark><Placemark><styleUrl>#point</styleUrl><Point><altitudeMode>clampToGround</altitudeMode><coordinates>-52.717260327190161,47.563771214336157,0</coordinates></Point></Placemark><Placemark><styleUrl>#point</styleUrl><Point><altitudeMode>clampToGround</altitudeMode><coordinates>-52.717702807858586,47.563724862411618,0</coordinates></Point></Placemark><Placemark><styleUrl>#point</styleUrl><Point><altitudeMode>clampToGround</altitudeMode><coordinates>-52.717980332672596,47.563698878511786,0</coordinates></Point></Placemark><Placemark><styleUrl>#point</styleUrl><Point><altitudeMode>clampToGround</altitudeMode><coordinates>-52.71833480335772,47.563665099442005,0</coordinates></Point></Placemark><Placemark><styleUrl>#point</styleUrl><Point><altitudeMode>clampToGround</altitudeMode><coordinates>-52.718555079773068,47.56365361623466,0</coordinates></Point></Placemark><Placemark><styleUrl>#point</styleUrl><Point><altitudeMode>clampToGround</altitudeMode><coordinates>-52.718886835500598,47.563643725588918,0</coordinates></Point></Placemark><Placemark><styleUrl>#point</styleUrl><Point><altitudeMode>clampToGround</altitudeMode><coordinates>-52.719525033608079,47.563628805801272,0</coordinates></Point></Placemark><Placemark><styleUrl>#point</styleUrl><Point><altitudeMode>clampToGround</altitudeMode><coordinates>-52.719887970015407,47.563616903498769,0</coordinates></Point></Placemark><Placemark><styleUrl>#point</styleUrl><Point><altitudeMode>clampToGround</altitudeMode><coordinates>-52.720265658572316,47.563602570444345,0</coordinates></Point></Placemark><Placemark><styleUrl>#point</styleUrl><Point><altitudeMode>clampToGround</altitudeMode><coordinates>-52.720241099596024,47.563600474968553,0</coordinates></Point></Placemark><Placemark><styleUrl>#point</styleUrl><Point><altitudeMode>clampToGround</altitudeMode><coordinates>-52.721161097288132,47.563591087237,0</coordinates></Point></Placemark><Placemark><styleUrl>#point</styleUrl><Point><altitudeMode>clampToGround</altitudeMode><coordinates>-52.722032060846686,47.563597373664379,0</coordinates></Point></Placemark><Placemark><styleUrl>#point</styleUrl><Point><altitudeMode>clampToGround</altitudeMode><coordinates>-52.722328612580895,47.563586309552193,0</coordinates></Point></Placemark><Placemark><styleUrl>#point</styleUrl><Point><altitudeMode>clampToGround</altitudeMode><coordinates>-52.722452413290739,47.563578430563211,0</coordinates></Point></Placemark><Placemark><styleUrl>#point</styleUrl><Point><altitudeMode>clampToGround</altitudeMode><coordinates>-52.722606472671032,47.563572060316801,0</coordinates></Point></Placemark><Placemark><styleUrl>#point</styleUrl><Point><altitudeMode>clampToGround</altitudeMode><coordinates>-52.722748881205916,47.563561080023646,0</coordinates></Point></Placemark><Placemark><styleUrl>#point</styleUrl><Point><altitudeMode>clampToGround</altitudeMode><coordinates>-52.722884332761168,47.563546914607286,0</coordinates></Point></Placemark><Placemark><styleUrl>#point</styleUrl><Point><altitudeMode>clampToGround</altitudeMode><coordinates>-52.722973097115755,47.563534341752529,0</coordinates></Point></Placemark><Placemark><styleUrl>#point</styleUrl><Point><altitudeMode>clampToGround</altitudeMode><coordinates>-52.723458660766482,47.563428813591599,0</coordinates></Point></Placemark><Placemark><styleUrl>#point</styleUrl><Point><altitudeMode>clampToGround</altitudeMode><coordinates>-52.724199034273624,47.563241310417652,0</coordinates></Point></Placemark><Placemark><styleUrl>#point</styleUrl><Point><altitudeMode>clampToGround</altitudeMode><coordinates>-52.724703624844551,47.56313418969512,0</coordinates></Point></Placemark><Placemark><styleUrl>#point</styleUrl><Point><altitudeMode>clampToGround</altitudeMode><coordinates>-52.724899593740702,47.563112312927842,0</coordinates></Point></Placemark><Placemark><styleUrl>#point</styleUrl><Point><altitudeMode>clampToGround</altitudeMode><coordinates>-52.725011575967073,47.563114324584603,0</coordinates></Point></Placemark><Placemark><styleUrl>#point</styleUrl><Point><altitudeMode>clampToGround</altitudeMode><coordinates>-52.725378787145019,47.563158832490444,0</coordinates></Point></Placemark><Placemark><styleUrl>#point</styleUrl><Point><altitudeMode>clampToGround</altitudeMode><coordinates>-52.725478112697601,47.563169226050377,0</coordinates></Point></Placemark><Placemark><styleUrl>#point</styleUrl><Point><altitudeMode>clampToGround</altitudeMode><coordinates>-52.726226365193725,47.563274083659053,0</coordinates></Point></Placemark><Placemark><styleUrl>#point</styleUrl><Point><altitudeMode>clampToGround</altitudeMode><coordinates>-52.726483941078186,47.563286824151874,0</coordinates></Point></Placemark><Placemark><styleUrl>#point</styleUrl><Point><altitudeMode>clampToGround</altitudeMode><coordinates>-52.726714527234435,47.563290428370237,0</coordinates></Point></Placemark><Placemark><styleUrl>#point</styleUrl><Point><altitudeMode>clampToGround</altitudeMode><coordinates>-52.727631172165275,47.563255475834012,0</coordinates></Point></Placemark><Placemark><styleUrl>#point</styleUrl><Point><altitudeMode>clampToGround</altitudeMode><coordinates>-52.727895369753242,47.563242567703128,0</coordinates></Point></Placemark><Placemark><styleUrl>#point</styleUrl><Point><altitudeMode>clampToGround</altitudeMode><coordinates>-52.728205835446715,47.563209040090442,0</coordinates></Point></Placemark><Placemark><styleUrl>#point</styleUrl><Point><altitudeMode>clampToGround</altitudeMode><coordinates>-52.728553600609303,47.563173668459058,0</coordinates></Point></Placemark><Placemark><styleUrl>#point</styleUrl><Point><altitudeMode>clampToGround</altitudeMode><coordinates>-52.72909632883966,47.563120275735855,0</coordinates></Point></Placemark><Placemark><styleUrl>#point</styleUrl><Point><altitudeMode>clampToGround</altitudeMode><coordinates>-52.729726312682033,47.563054226338863,0</coordinates></Point></Placemark><Placemark><styleUrl>#point</styleUrl><Point><altitudeMode>clampToGround</altitudeMode><coordinates>-52.729920605197549,47.563037378713489,0</coordinates></Point></Placemark><Placemark><styleUrl>#point</styleUrl><Point><altitudeMode>clampToGround</altitudeMode><coordinates>-52.73011757992208,47.563028996810317,0</coordinates></Point></Placemark><Placemark><styleUrl>#point</styleUrl><Point><altitudeMode>clampToGround</altitudeMode><coordinates>-52.730197291821241,47.563029332086444,0</coordinates></Point></Placemark><Placemark><styleUrl>#point</styleUrl><Point><altitudeMode>clampToGround</altitudeMode><coordinates>-52.730306005105376,47.563033103942871,0</coordinates></Point></Placemark><Placemark><styleUrl>#point</styleUrl><Point><altitudeMode>clampToGround</altitudeMode><coordinates>-52.730443133041263,47.563041234388947,0</coordinates></Point></Placemark><Placemark><styleUrl>#point</styleUrl><Point><altitudeMode>clampToGround</altitudeMode><coordinates>-52.730693332850933,47.563073337078094,0</coordinates></Point></Placemark><Placemark><styleUrl>#point</styleUrl><Point><altitudeMode>clampToGround</altitudeMode><coordinates>-52.731098597869277,47.563138632103801,0</coordinates></Point></Placemark><Placemark><styleUrl>#point</styleUrl><Point><altitudeMode>clampToGround</altitudeMode><coordinates>-52.731187865138054,47.563148187473416,0</coordinates></Point></Placemark><Placemark><styleUrl>#point</styleUrl><Point><altitudeMode>clampToGround</altitudeMode><coordinates>-52.731493301689625,47.563180960714817,0</coordinates></Point></Placemark><Placemark><styleUrl>#point</styleUrl><Point><altitudeMode>clampToGround</altitudeMode><coordinates>-52.731760013848543,47.563209710642695,0</coordinates></Point></Placemark><Placemark><styleUrl>#point</styleUrl><Point><altitudeMode>clampToGround</altitudeMode><coordinates>-52.731898734346032,47.563220439478755,0</coordinates></Point></Placemark><Placemark><styleUrl>#point</styleUrl><Point><altitudeMode>clampToGround</altitudeMode><coordinates>-52.732040723785758,47.56322655826807,0</coordinates></Point></Placemark><Placemark><styleUrl>#point</styleUrl><Point><altitudeMode>clampToGround</altitudeMode><coordinates>-52.73259200155735,47.563228318467736,0</coordinates></Point></Placemark><Placemark><styleUrl>#point</styleUrl><Point><altitudeMode>clampToGround</altitudeMode><coordinates>-52.732901461422443,47.563224881887436,0</coordinates></Point></Placemark><Placemark><styleUrl>#point</styleUrl><Point><altitudeMode>clampToGround</altitudeMode><coordinates>-52.733695479109883,47.563209291547537,0</coordinates></Point></Placemark><Placemark><styleUrl>#point</styleUrl><Point><altitudeMode>clampToGround</altitudeMode><coordinates>-52.734909513965249,47.56318548694253,0</coordinates></Point></Placemark><Placemark><styleUrl>#point</styleUrl><Point><altitudeMode>clampToGround</altitudeMode><coordinates>-52.735525416210294,47.563170231878757,0</coordinates></Point></Placemark><Placemark><styleUrl>#point</styleUrl><Point><altitudeMode>clampToGround</altitudeMode><coordinates>-52.736827963963151,47.563172494992614,0</coordinates></Point></Placemark><Placemark><styleUrl>#point</styleUrl><Point><altitudeMode>clampToGround</altitudeMode><coordinates>-52.7374851051718,47.563186995685101,0</coordinates></Point></Placemark><Placemark><styleUrl>#point</styleUrl><Point><altitudeMode>clampToGround</altitudeMode><coordinates>-52.738094972446561,47.5632094591856,0</coordinates></Point></Placemark><Placemark><styleUrl>#point</styleUrl><Point><altitudeMode>clampToGround</altitudeMode><coordinates>-52.738726967945695,47.563279280439019,0</coordinates></Point></Placemark><Placemark><styleUrl>#point</styleUrl><Point><altitudeMode>clampToGround</altitudeMode><coordinates>-52.739401459693909,47.563336864113808,0</coordinates></Point></Placemark><Placemark><styleUrl>#point</styleUrl><Point><altitudeMode>clampToGround</altitudeMode><coordinates>-52.739574462175369,47.563353460282087,0</coordinates></Point></Placemark><Placemark><styleUrl>#point</styleUrl><Point><altitudeMode>clampToGround</altitudeMode><coordinates>-52.739819884300232,47.5633579865098,0</coordinates></Point></Placemark><Placemark><styleUrl>#point</styleUrl><Point><altitudeMode>clampToGround</altitudeMode><coordinates>-52.739925915375352,47.563351700082421,0</coordinates></Point></Placemark><Placemark><styleUrl>#point</styleUrl><Point><altitudeMode>clampToGround</altitudeMode><coordinates>-52.740078801289201,47.563331834971905,0</coordinates></Point></Placemark><Placemark><styleUrl>#point</styleUrl><Point><altitudeMode>clampToGround</altitudeMode><coordinates>-52.740376526489854,47.563263019546866,0</coordinates></Point></Placemark><Placemark><styleUrl>#point</styleUrl><Point><altitudeMode>clampToGround</altitudeMode><coordinates>-52.740878099575639,47.563125472515821,0</coordinates></Point></Placemark><Placemark><styleUrl>#point</styleUrl><Point><altitudeMode>clampToGround</altitudeMode><coordinates>-52.741461228579283,47.562952889129519,0</coordinates></Point></Placemark><Placemark><styleUrl>#point</styleUrl><Point><altitudeMode>clampToGround</altitudeMode><coordinates>-52.742162626236677,47.562743593007326,0</coordinates></Point></Placemark><Placemark><styleUrl>#point</styleUrl><Point><altitudeMode>clampToGround</altitudeMode><coordinates>-52.742412323132157,47.562701934948564,0</coordinates></Point></Placemark><Placemark><styleUrl>#point</styleUrl><Point><altitudeMode>clampToGround</altitudeMode><coordinates>-52.74284147657454,47.562587941065431,0</coordinates></Point></Placemark><Placemark><styleUrl>#point</styleUrl><Point><altitudeMode>clampToGround</altitudeMode><coordinates>-52.743238359689713,47.562455758452415,0</coordinates></Point></Placemark><Placemark><styleUrl>#point</styleUrl><Point><altitudeMode>clampToGround</altitudeMode><coordinates>-52.743481518700719,47.562367329373956,0</coordinates></Point></Placemark><Placemark><styleUrl>#point</styleUrl><Point><altitudeMode>clampToGround</altitudeMode><coordinates>-52.743611270561814,47.562319971621037,0</coordinates></Point></Placemark><Placemark><styleUrl>#point</styleUrl><Point><altitudeMode>clampToGround</altitudeMode><coordinates>-52.744232201948762,47.562046721577644,0</coordinates></Point></Placemark><Placemark><styleUrl>#point</styleUrl><Point><altitudeMode>clampToGround</altitudeMode><coordinates>-52.745145661756396,47.561645479872823,0</coordinates></Point></Placemark><Placemark><styleUrl>#point</styleUrl><Point><altitudeMode>clampToGround</altitudeMode><coordinates>-52.745772711932659,47.561398632824421,0</coordinates></Point></Placemark><Placemark><styleUrl>#point</styleUrl><Point><altitudeMode>clampToGround</altitudeMode><coordinates>-52.745845383033156,47.561365608125925,0</coordinates></Point></Placemark><Placemark><styleUrl>#point</styleUrl><Point><altitudeMode>clampToGround</altitudeMode><coordinates>-52.746003130450845,47.561297127977014,0</coordinates></Point></Placemark><Placemark><styleUrl>#point</styleUrl><Point><altitudeMode>clampToGround</altitudeMode><coordinates>-52.746178060770035,47.561218673363328,0</coordinates></Point></Placemark><Placemark><styleUrl>#point</styleUrl><Point><altitudeMode>clampToGround</altitudeMode><coordinates>-52.746278895065188,47.561178859323263,0</coordinates></Point></Placemark><Placemark><styleUrl>#point</styleUrl><Point><altitudeMode>clampToGround</altitudeMode><coordinates>-52.746341759338975,47.561214230954647,0</coordinates></Point></Placemark><Placemark><styleUrl>#point</styleUrl><Point><altitudeMode>clampToGround</altitudeMode><coordinates>-52.746508894488215,47.561168130487204,0</coordinates></Point></Placemark><Placemark><styleUrl>#point</styleUrl><Point><altitudeMode>clampToGround</altitudeMode><coordinates>-52.746619870886207,47.561135608702898,0</coordinates></Point></Placemark><Placemark><styleUrl>#point</styleUrl><Point><altitudeMode>clampToGround</altitudeMode><coordinates>-52.746733697131276,47.561105266213417,0</coordinates></Point></Placemark><Placemark><styleUrl>#point</styleUrl><Point><altitudeMode>clampToGround</altitudeMode><coordinates>-52.746865041553974,47.561074085533619,0</coordinates></Point></Placemark><Placemark><styleUrl>#point</styleUrl><Point><altitudeMode>clampToGround</altitudeMode><coordinates>-52.747020022943616,47.561038294807076,0</coordinates></Point></Placemark><Placemark><styleUrl>#point</styleUrl><Point><altitudeMode>clampToGround</altitudeMode><coordinates>-52.747159413993359,47.561006192117929,0</coordinates></Point></Placemark><Placemark><styleUrl>#point</styleUrl><Point><altitudeMode>clampToGround</altitudeMode><coordinates>-52.747298888862133,47.560978615656495,0</coordinates></Point></Placemark><Placemark><styleUrl>#point</styleUrl><Point><altitudeMode>clampToGround</altitudeMode><coordinates>-52.747438363730907,47.560954559594393,0</coordinates></Point></Placemark><Placemark><styleUrl>#point</styleUrl><Point><altitudeMode>clampToGround</altitudeMode><coordinates>-52.747614132240415,47.560927486047149,0</coordinates></Point></Placemark><Placemark><styleUrl>#point</styleUrl><Point><altitudeMode>clampToGround</altitudeMode><coordinates>-52.74782158434391,47.560888091102242,0</coordinates></Point></Placemark><Placemark><styleUrl>#point</styleUrl><Point><altitudeMode>clampToGround</altitudeMode><coordinates>-52.748031886294484,47.560841487720609,0</coordinates></Point></Placemark><Placemark><styleUrl>#point</styleUrl><Point><altitudeMode>clampToGround</altitudeMode><coordinates>-52.748309411108494,47.560770241543651,0</coordinates></Point></Placemark><Placemark><styleUrl>#point</styleUrl><Point><altitudeMode>clampToGround</altitudeMode><coordinates>-52.748565562069416,47.560684410855174,0</coordinates></Point></Placemark><Placemark><styleUrl>#point</styleUrl><Point><altitudeMode>clampToGround</altitudeMode><coordinates>-52.748726159334183,47.5606226362288,0</coordinates></Point></Placemark><Placemark><styleUrl>#point</styleUrl><Point><altitudeMode>clampToGround</altitudeMode><coordinates>-52.748894803225994,47.560547199100256,0</coordinates></Point></Placemark><Placemark><styleUrl>#point</styleUrl><Point><altitudeMode>clampToGround</altitudeMode><coordinates>-52.749124383553863,47.560443263500929,0</coordinates></Point></Placemark><Placemark><styleUrl>#point</styleUrl><Point><altitudeMode>clampToGround</altitudeMode><coordinates>-52.749182134866714,47.560413926839828,0</coordinates></Point></Placemark><Placemark><styleUrl>#point</styleUrl><Point><altitudeMode>clampToGround</altitudeMode><coordinates>-52.74922052398324,47.56034410558641,0</coordinates></Point></Placemark><Placemark><styleUrl>#point</styleUrl><Point><altitudeMode>clampToGround</altitudeMode><coordinates>-52.749408613890409,47.560262214392424,0</coordinates></Point></Placemark><Placemark><styleUrl>#point</styleUrl><Point><altitudeMode>clampToGround</altitudeMode><coordinates>-52.749831061810255,47.560052499175072,0</coordinates></Point></Placemark><Placemark><styleUrl>#point</styleUrl><Point><altitudeMode>clampToGround</altitudeMode><coordinates>-52.750247390940785,47.559815626591444,0</coordinates></Point></Placemark><Placemark><styleUrl>#point</styleUrl><Point><altitudeMode>clampToGround</altitudeMode><coordinates>-52.750668162479997,47.559621669352055,0</coordinates></Point></Placemark><Placemark><styleUrl>#point</styleUrl><Point><altitudeMode>clampToGround</altitudeMode><coordinates>-52.750952895730734,47.559498874470592,0</coordinates></Point></Placemark><Placemark><styleUrl>#point</styleUrl><Point><altitudeMode>clampToGround</altitudeMode><coordinates>-52.751180296763778,47.559408182278275,0</coordinates></Point></Placemark><Placemark><styleUrl>#point</styleUrl><Point><altitudeMode>clampToGround</altitudeMode><coordinates>-52.751401662826538,47.559328218922019,0</coordinates></Point></Placemark><Placemark><styleUrl>#point</styleUrl><Point><altitudeMode>clampToGround</altitudeMode><coordinates>-52.751591512933373,47.559264097362757,0</coordinates></Point></Placemark><Placemark><styleUrl>#point</styleUrl><Point><altitudeMode>clampToGround</altitudeMode><coordinates>-52.751735765486956,47.55921883508563,0</coordinates></Point></Placemark><Placemark><styleUrl>#point</styleUrl><Point><altitudeMode>clampToGround</altitudeMode><coordinates>-52.751890076324344,47.559173405170441,0</coordinates></Point></Placemark><Placemark><styleUrl>#point</styleUrl><Point><altitudeMode>clampToGround</altitudeMode><coordinates>-52.752077914774418,47.55912403576076,0</coordinates></Point></Placemark><Placemark><styleUrl>#point</styleUrl><Point><altitudeMode>clampToGround</altitudeMode><coordinates>-52.752247899770737,47.5590839702636,0</coordinates></Point></Placemark><Placemark><styleUrl>#point</styleUrl><Point><altitudeMode>clampToGround</altitudeMode><coordinates>-52.75296681560576,47.558919098228216,0</coordinates></Point></Placemark><Placemark><styleUrl>#point</styleUrl><Point><altitudeMode>clampToGround</altitudeMode><coordinates>-52.753635607659817,47.558766128495336,0</coordinates></Point></Placemark><Placemark><styleUrl>#point</styleUrl><Point><altitudeMode>clampToGround</altitudeMode><coordinates>-52.754217311739922,47.558644507080317,0</coordinates></Point></Placemark><Placemark><styleUrl>#point</styleUrl><Point><altitudeMode>clampToGround</altitudeMode><coordinates>-52.754516797140241,47.55857820622623,0</coordinates></Point></Placemark><Placemark><styleUrl>#point</styleUrl><Point><altitudeMode>clampToGround</altitudeMode><coordinates>-52.754942262545228,47.55848634056747,0</coordinates></Point></Placemark><Placemark><styleUrl>#point</styleUrl><Point><altitudeMode>clampToGround</altitudeMode><coordinates>-52.755779698491096,47.558307722210884,0</coordinates></Point></Placemark><Placemark><styleUrl>#point</styleUrl><Point><altitudeMode>clampToGround</altitudeMode><coordinates>-52.756002489477396,47.558260280638933,0</coordinates></Point></Placemark><Placemark><styleUrl>#point</styleUrl><Point><altitudeMode>clampToGround</altitudeMode><coordinates>-52.756303986534476,47.558196159079671,0</coordinates></Point></Placemark><Placemark><styleUrl>#point</styleUrl><Point><altitudeMode>clampToGround</altitudeMode><coordinates>-52.756343716755509,47.558187777176499,0</coordinates></Point></Placemark><Placemark><styleUrl>#point</styleUrl><Point><altitudeMode>clampToGround</altitudeMode><coordinates>-52.756712436676025,47.558107310906053,0</coordinates></Point></Placemark><Placemark><styleUrl>#point</styleUrl><Point><altitudeMode>clampToGround</altitudeMode><coordinates>-52.756990129128098,47.558046625927091,0</coordinates></Point></Placemark><Placemark><styleUrl>#point</styleUrl><Point><altitudeMode>clampToGround</altitudeMode><coordinates>-52.757239574566483,47.557985102757812,0</coordinates></Point></Placemark><Placemark><styleUrl>#point</styleUrl><Point><altitudeMode>clampToGround</altitudeMode><coordinates>-52.757478123530746,47.557919723913074,0</coordinates></Point></Placemark><Placemark><styleUrl>#point</styleUrl><Point><altitudeMode>clampToGround</altitudeMode><coordinates>-52.757915910333395,47.557799611240625,0</coordinates></Point></Placemark><Placemark><styleUrl>#point</styleUrl><Point><altitudeMode>clampToGround</altitudeMode><coordinates>-52.758156890049577,47.557733478024602,0</coordinates></Point></Placemark><Placemark><styleUrl>#point</styleUrl><Point><altitudeMode>clampToGround</altitudeMode><coordinates>-52.758205505087972,47.557719564065337,0</coordinates></Point></Placemark><Placemark><styleUrl>#point</styleUrl><Point><altitudeMode>clampToGround</altitudeMode><coordinates>-52.758858371526003,47.557525103911757,0</coordinates></Point></Placemark><Placemark><styleUrl>#point</styleUrl><Point><altitudeMode>clampToGround</altitudeMode><coordinates>-52.759390119463205,47.557371212169528,0</coordinates></Point></Placemark><Placemark><styleUrl>#point</styleUrl><Point><altitudeMode>clampToGround</altitudeMode><coordinates>-52.760060336440802,47.557182116433978,0</coordinates></Point></Placemark><Placemark><styleUrl>#point</styleUrl><Point><altitudeMode>clampToGround</altitudeMode><coordinates>-52.761157527565956,47.556863771751523,0</coordinates></Point></Placemark><Placemark><styleUrl>#point</styleUrl><Point><altitudeMode>clampToGround</altitudeMode><coordinates>-52.761792624369264,47.556673921644688,0</coordinates></Point></Placemark><Placemark><styleUrl>#point</styleUrl><Point><altitudeMode>clampToGround</altitudeMode><coordinates>-52.761874180287123,47.556650033220649,0</coordinates></Point></Placemark><Placemark><styleUrl>#point</styleUrl><Point><altitudeMode>clampToGround</altitudeMode><coordinates>-52.762165199965239,47.556564789265394,0</coordinates></Point></Placemark><Placemark><styleUrl>#point</styleUrl><Point><altitudeMode>clampToGround</altitudeMode><coordinates>-52.762759393081069,47.556390780955553,0</coordinates></Point></Placemark><Placemark><styleUrl>#point</styleUrl><Point><altitudeMode>clampToGround</altitudeMode><coordinates>-52.76351728476584,47.556168828159571,0</coordinates></Point></Placemark><Placemark><styleUrl>#point</styleUrl><Point><altitudeMode>clampToGround</altitudeMode><coordinates>-52.764539206400514,47.555866492912173,0</coordinates></Point></Placemark><Placemark><styleUrl>#point</styleUrl><Point><altitudeMode>clampToGround</altitudeMode><coordinates>-52.76512392796576,47.555709080770612,0</coordinates></Point></Placemark><Placemark><styleUrl>#point</styleUrl><Point><altitudeMode>clampToGround</altitudeMode><coordinates>-52.765371697023511,47.555634565651417,0</coordinates></Point></Placemark><Placemark><styleUrl>#point</styleUrl><Point><altitudeMode>clampToGround</altitudeMode><coordinates>-52.765569090843201,47.555575221776962,0</coordinates></Point></Placemark><Placemark><styleUrl>#point</styleUrl><Point><altitudeMode>clampToGround</altitudeMode><coordinates>-52.765738237649202,47.555524427443743,0</coordinates></Point></Placemark><Placemark><styleUrl>#point</styleUrl><Point><altitudeMode>clampToGround</altitudeMode><coordinates>-52.766544660553336,47.555274227634072,0</coordinates></Point></Placemark><Placemark><styleUrl>#point</styleUrl><Point><altitudeMode>clampToGround</altitudeMode><coordinates>-52.766689332202077,47.555237095803022,0</coordinates></Point></Placemark><Placemark><styleUrl>#point</styleUrl><Point><altitudeMode>clampToGround</altitudeMode><coordinates>-52.767714187502861,47.554930988699198,0</coordinates></Point></Placemark><Placemark><styleUrl>#point</styleUrl><Point><altitudeMode>clampToGround</altitudeMode><coordinates>-52.768013421446085,47.554848175495863,0</coordinates></Point></Placemark><Placemark><styleUrl>#point</styleUrl><Point><altitudeMode>clampToGround</altitudeMode><coordinates>-52.768273008987308,47.554776258766651,0</coordinates></Point></Placemark><Placemark><styleUrl>#point</styleUrl><Point><altitudeMode>clampToGround</altitudeMode><coordinates>-52.768412232398987,47.554737702012062,0</coordinates></Point></Placemark><Placemark><styleUrl>#point</styleUrl><Point><altitudeMode>clampToGround</altitudeMode><coordinates>-52.769013131037354,47.554554892703891,0</coordinates></Point></Placemark><Placemark><styleUrl>#point</styleUrl><Point><altitudeMode>clampToGround</altitudeMode><coordinates>-52.769290739670396,47.554453304037452,0</coordinates></Point></Placemark><Placemark><styleUrl>#point</styleUrl><Point><altitudeMode>clampToGround</altitudeMode><coordinates>-52.769525600597262,47.554364958778024,0</coordinates></Point></Placemark><Placemark><styleUrl>#point</styleUrl><Point><altitudeMode>clampToGround</altitudeMode><coordinates>-52.769747385755181,47.554275188595057,0</coordinates></Point></Placemark><Placemark><styleUrl>#point</styleUrl><Point><altitudeMode>clampToGround</altitudeMode><coordinates>-52.770438138395548,47.553970674052835,0</coordinates></Point></Placemark><Placemark><styleUrl>#point</styleUrl><Point><altitudeMode>clampToGround</altitudeMode><coordinates>-52.770944237709045,47.553747463971376,0</coordinates></Point></Placemark><Placemark><styleUrl>#point</styleUrl><Point><altitudeMode>clampToGround</altitudeMode><coordinates>-52.771183038130403,47.553638918325305,0</coordinates></Point></Placemark><Placemark><styleUrl>#point</styleUrl><Point><altitudeMode>clampToGround</altitudeMode><coordinates>-52.771435668691993,47.553525427356362,0</coordinates></Point></Placemark><Placemark><styleUrl>#point</styleUrl><Point><altitudeMode>clampToGround</altitudeMode><coordinates>-52.771471459418535,47.553509334102273,0</coordinates></Point></Placemark><Placemark><styleUrl>#point</styleUrl><Point><altitudeMode>clampToGround</altitudeMode><coordinates>-52.771881334483624,47.553325267508626,0</coordinates></Point></Placemark><Placemark><styleUrl>#point</styleUrl><Point><altitudeMode>clampToGround</altitudeMode><coordinates>-52.771904468536377,47.553314873948693,0</coordinates></Point></Placemark><Placemark><styleUrl>#point</styleUrl><Point><altitudeMode>clampToGround</altitudeMode><coordinates>-52.772173779085279,47.553191995248199,0</coordinates></Point></Placemark><Placemark><styleUrl>#point</styleUrl><Point><altitudeMode>clampToGround</altitudeMode><coordinates>-52.772329263389111,47.553121000528336,0</coordinates></Point></Placemark><Placemark><styleUrl>#point</styleUrl><Point><altitudeMode>clampToGround</altitudeMode><coordinates>-52.772659678012133,47.552970293909311,0</coordinates></Point></Placemark><Placemark><styleUrl>#point</styleUrl><Point><altitudeMode>clampToGround</altitudeMode><coordinates>-52.772848606109619,47.552884127944708,0</coordinates></Point></Placemark><Placemark><styleUrl>#point</styleUrl><Point><altitudeMode>clampToGround</altitudeMode><coordinates>-52.773793833330274,47.552470983937383,0</coordinates></Point></Placemark><Placemark><styleUrl>#point</styleUrl><Point><altitudeMode>clampToGround</altitudeMode><coordinates>-52.774720788002014,47.55206580273807,0</coordinates></Point></Placemark><Placemark><styleUrl>#point</styleUrl><Point><altitudeMode>clampToGround</altitudeMode><coordinates>-52.77478608302772,47.552035795524716,0</coordinates></Point></Placemark><Placemark><styleUrl>#point</styleUrl><Point><altitudeMode>clampToGround</altitudeMode><coordinates>-52.775146588683128,47.551870001479983,0</coordinates></Point></Placemark><Placemark><styleUrl>#point</styleUrl><Point><altitudeMode>clampToGround</altitudeMode><coordinates>-52.775503993034363,47.551705632358789,0</coordinates></Point></Placemark><Placemark><styleUrl>#point</styleUrl><Point><altitudeMode>clampToGround</altitudeMode><coordinates>-52.775902803987265,47.551531121134758,0</coordinates></Point></Placemark><Placemark><styleUrl>#point</styleUrl><Point><altitudeMode>clampToGround</altitudeMode><coordinates>-52.776039764285088,47.55147110670805,0</coordinates></Point></Placemark><Placemark><styleUrl>#point</styleUrl><Point><altitudeMode>clampToGround</altitudeMode><coordinates>-52.776650302112103,47.551203807815909,0</coordinates></Point></Placemark><Placemark><styleUrl>#point</styleUrl><Point><altitudeMode>clampToGround</altitudeMode><coordinates>-52.777199819684029,47.550963331013918,0</coordinates></Point></Placemark><Placemark><styleUrl>#point</styleUrl><Point><altitudeMode>clampToGround</altitudeMode><coordinates>-52.777395285665989,47.550881858915091,0</coordinates></Point></Placemark><Placemark><styleUrl>#point</styleUrl><Point><altitudeMode>clampToGround</altitudeMode><coordinates>-52.777695525437593,47.550752693787217,0</coordinates></Point></Placemark><Placemark><styleUrl>#point</styleUrl><Point><altitudeMode>clampToGround</altitudeMode><coordinates>-52.778169605880976,47.550545576959848,0</coordinates></Point></Placemark><Placemark><styleUrl>#point</styleUrl><Point><altitudeMode>clampToGround</altitudeMode><coordinates>-52.778377896174788,47.550454633310437,0</coordinates></Point></Placemark><Placemark><styleUrl>#point</styleUrl><Point><altitudeMode>clampToGround</altitudeMode><coordinates>-52.778882570564747,47.550234189257026,0</coordinates></Point></Placemark><Placemark><styleUrl>#point</styleUrl><Point><altitudeMode>clampToGround</altitudeMode><coordinates>-52.779092704877257,47.550142658874393,0</coordinates></Point></Placemark><Placemark><styleUrl>#point</styleUrl><Point><altitudeMode>clampToGround</altitudeMode><coordinates>-52.779639204964042,47.549904277548194,0</coordinates></Point></Placemark><Placemark><styleUrl>#point</styleUrl><Point><altitudeMode>clampToGround</altitudeMode><coordinates>-52.781332433223724,47.549165664240718,0</coordinates></Point></Placemark><Placemark><styleUrl>#point</styleUrl><Point><altitudeMode>clampToGround</altitudeMode><coordinates>-52.781479032710195,47.549101877957582,0</coordinates></Point></Placemark><Placemark><styleUrl>#point</styleUrl><Point><altitudeMode>clampToGround</altitudeMode><coordinates>-52.781496969982982,47.549094082787633,0</coordinates></Point></Placemark><Placemark><styleUrl>#point</styleUrl><Point><altitudeMode>clampToGround</altitudeMode><coordinates>-52.783301929011941,47.548308782279491,0</coordinates></Point></Placemark><Placemark><styleUrl>#point</styleUrl><Point><altitudeMode>clampToGround</altitudeMode><coordinates>-52.783556822687387,47.548204092308879,0</coordinates></Point></Placemark><Placemark><styleUrl>#point</styleUrl><Point><altitudeMode>clampToGround</altitudeMode><coordinates>-52.784301303327084,47.547905864194036,0</coordinates></Point></Placemark><Placemark><styleUrl>#point</styleUrl><Point><altitudeMode>clampToGround</altitudeMode><coordinates>-52.784717381000519,47.547742668539286,0</coordinates></Point></Placemark><Placemark><styleUrl>#point</styleUrl><Point><altitudeMode>clampToGround</altitudeMode><coordinates>-52.785095572471619,47.54761048592627,0</coordinates></Point></Placemark><Placemark><styleUrl>#point</styleUrl><Point><altitudeMode>clampToGround</altitudeMode><coordinates>-52.785513997077942,47.5474638864398,0</coordinates></Point></Placemark><Placemark><styleUrl>#point</styleUrl><Point><altitudeMode>clampToGround</altitudeMode><coordinates>-52.787788510322571,47.546701719984412,0</coordinates></Point></Placemark><Placemark><styleUrl>#point</styleUrl><Point><altitudeMode>clampToGround</altitudeMode><coordinates>-52.788036866113544,47.546616140753031,0</coordinates></Point></Placemark><Placemark><styleUrl>#point</styleUrl><Point><altitudeMode>clampToGround</altitudeMode><coordinates>-52.788953930139542,47.546294778585434,0</coordinates></Point></Placemark><Placemark><styleUrl>#point</styleUrl><Point><altitudeMode>clampToGround</altitudeMode><coordinates>-52.790052713826299,47.545911138877273,0</coordinates></Point></Placemark><Placemark><styleUrl>#point</styleUrl><Point><altitudeMode>clampToGround</altitudeMode><coordinates>-52.790903560817242,47.545597404241562,0</coordinates></Point></Placemark><Placemark><styleUrl>#point</styleUrl><Point><altitudeMode>clampToGround</altitudeMode><coordinates>-52.791591295972466,47.545326333492994,0</coordinates></Point></Placemark><Placemark><styleUrl>#point</styleUrl><Point><altitudeMode>clampToGround</altitudeMode><coordinates>-52.791641922667623,47.545306384563446,0</coordinates></Point></Placemark><Placemark><styleUrl>#point</styleUrl><Point><altitudeMode>clampToGround</altitudeMode><coordinates>-52.792699299752712,47.54486046731472,0</coordinates></Point></Placemark><Placemark><styleUrl>#point</styleUrl><Point><altitudeMode>clampToGround</altitudeMode><coordinates>-52.794925533235073,47.543901326134801,0</coordinates></Point></Placemark><Placemark><styleUrl>#point</styleUrl><Point><altitudeMode>clampToGround</altitudeMode><coordinates>-52.795191407203674,47.543786829337478,0</coordinates></Point></Placemark><Placemark><styleUrl>#point</styleUrl><Point><altitudeMode>clampToGround</altitudeMode><coordinates>-52.796082403510809,47.543398998677731,0</coordinates></Point></Placemark><Placemark><styleUrl>#point</styleUrl><Point><altitudeMode>clampToGround</altitudeMode><coordinates>-52.797330804169178,47.54285559989512,0</coordinates></Point></Placemark><Placemark><styleUrl>#point</styleUrl><Point><altitudeMode>clampToGround</altitudeMode><coordinates>-52.797675132751465,47.542705815285444,0</coordinates></Point></Placemark><Placemark><styleUrl>#point</styleUrl><Point><altitudeMode>clampToGround</altitudeMode><coordinates>-52.798164216801524,47.542497189715505,0</coordinates></Point></Placemark><Placemark><styleUrl>#point</styleUrl><Point><altitudeMode>clampToGround</altitudeMode><coordinates>-52.798679368570447,47.542277416214347,0</coordinates></Point></Placemark><Placemark><styleUrl>#point</styleUrl><Point><altitudeMode>clampToGround</altitudeMode><coordinates>-52.799120927229524,47.542089074850082,0</coordinates></Point></Placemark><Placemark><styleUrl>#point</styleUrl><Point><altitudeMode>clampToGround</altitudeMode><coordinates>-52.799506662413478,47.541921101510525,0</coordinates></Point></Placemark><Placemark><styleUrl>#point</styleUrl><Point><altitudeMode>clampToGround</altitudeMode><coordinates>-52.800182914361358,47.541626561433077,0</coordinates></Point></Placemark><Placemark><styleUrl>#point</styleUrl><Point><altitudeMode>clampToGround</altitudeMode><coordinates>-52.801580429077148,47.541012922301888,0</coordinates></Point></Placemark><Placemark><styleUrl>#point</styleUrl><Point><altitudeMode>clampToGround</altitudeMode><coordinates>-52.803785959258676,47.540083201602101,0</coordinates></Point></Placemark><Placemark><styleUrl>#point</styleUrl><Point><altitudeMode>clampToGround</altitudeMode><coordinates>-52.804104303941131,47.539949007332325,0</coordinates></Point></Placemark><Placemark><styleUrl>#point</styleUrl><Point><altitudeMode>clampToGround</altitudeMode><coordinates>-52.80457679182291,47.539744405075908,0</coordinates></Point></Placemark><Placemark><styleUrl>#point</styleUrl><Point><altitudeMode>clampToGround</altitudeMode><coordinates>-52.805275088176131,47.539441986009479,0</coordinates></Point></Placemark><Placemark><styleUrl>#point</styleUrl><Point><altitudeMode>clampToGround</altitudeMode><coordinates>-52.806878797709942,47.538764895871282,0</coordinates></Point></Placemark><Placemark><styleUrl>#point</styleUrl><Point><altitudeMode>clampToGround</altitudeMode><coordinates>-52.807409036904573,47.53855618648231,0</coordinates></Point></Placemark><Placemark><styleUrl>#point</styleUrl><Point><altitudeMode>clampToGround</altitudeMode><coordinates>-52.80780223198235,47.538424925878644,0</coordinates></Point></Placemark><Placemark><styleUrl>#point</styleUrl><Point><altitudeMode>clampToGround</altitudeMode><coordinates>-52.808385360985994,47.538251923397183,0</coordinates></Point></Placemark><Placemark><styleUrl>#point</styleUrl><Point><altitudeMode>clampToGround</altitudeMode><coordinates>-52.809017188847065,47.5380939245224,0</coordinates></Point></Placemark><Placemark><styleUrl>#point</styleUrl><Point><altitudeMode>clampToGround</altitudeMode><coordinates>-52.809609202668071,47.537971632555127,0</coordinates></Point></Placemark><Placemark><styleUrl>#point</styleUrl><Point><altitudeMode>clampToGround</altitudeMode><coordinates>-52.810227703303099,47.537861159071326,0</coordinates></Point></Placemark><Placemark><styleUrl>#point</styleUrl><Point><altitudeMode>clampToGround</altitudeMode><coordinates>-52.815465973690152,47.536933366209269,0</coordinates></Point></Placemark><Placemark><styleUrl>#point</styleUrl><Point><altitudeMode>clampToGround</altitudeMode><coordinates>-52.818157402798533,47.536456687375903,0</coordinates></Point></Placemark><Placemark><styleUrl>#point</styleUrl><Point><altitudeMode>clampToGround</altitudeMode><coordinates>-52.819708893075585,47.536175977438688,0</coordinates></Point></Placemark><Placemark><styleUrl>#point</styleUrl><Point><altitudeMode>clampToGround</altitudeMode><coordinates>-52.820689827203751,47.535990988835692,0</coordinates></Point></Placemark><Placemark><styleUrl>#point</styleUrl><Point><altitudeMode>clampToGround</altitudeMode><coordinates>-52.821091823279858,47.535898620262742,0</coordinates></Point></Placemark><Placemark><styleUrl>#point</styleUrl><Point><altitudeMode>clampToGround</altitudeMode><coordinates>-52.821860611438751,47.535707680508494,0</coordinates></Point></Placemark><Placemark><styleUrl>#point</styleUrl><Point><altitudeMode>clampToGround</altitudeMode><coordinates>-52.82323457300663,47.535376595333219,0</coordinates></Point></Placemark><Placemark><styleUrl>#point</styleUrl><Point><altitudeMode>clampToGround</altitudeMode><coordinates>-52.82493744045496,47.534968480467796,0</coordinates></Point></Placemark><Placemark><styleUrl>#point</styleUrl><Point><altitudeMode>clampToGround</altitudeMode><coordinates>-52.825769511982799,47.534768991172314,0</coordinates></Point></Placemark><Placemark><styleUrl>#point</styleUrl><Point><altitudeMode>clampToGround</altitudeMode><coordinates>-52.827835734933615,47.534278398379683,0</coordinates></Point></Placemark><Placemark><styleUrl>#point</styleUrl><Point><altitudeMode>clampToGround</altitudeMode><coordinates>-52.83016967587173,47.533717313781381,0</coordinates></Point></Placemark><Placemark><styleUrl>#point</styleUrl><Point><altitudeMode>clampToGround</altitudeMode><coordinates>-52.831125296652317,47.533476166427135,0</coordinates></Point></Placemark><Placemark><styleUrl>#point</styleUrl><Point><altitudeMode>clampToGround</altitudeMode><coordinates>-52.831588899716735,47.533359490334988,0</coordinates></Point></Placemark><Placemark><styleUrl>#point</styleUrl><Point><altitudeMode>clampToGround</altitudeMode><coordinates>-52.831815714016557,47.533301068469882,0</coordinates></Point></Placemark><Placemark><styleUrl>#point</styleUrl><Point><altitudeMode>clampToGround</altitudeMode><coordinates>-52.832012688741088,47.533247508108616,0</coordinates></Point></Placemark><Placemark><styleUrl>#point</styleUrl><Point><altitudeMode>clampToGround</altitudeMode><coordinates>-52.832188541069627,47.533196797594428,0</coordinates></Point></Placemark><Placemark><styleUrl>#point</styleUrl><Point><altitudeMode>clampToGround</altitudeMode><coordinates>-52.832343019545078,47.533149858936667,0</coordinates></Point></Placemark><Placemark><styleUrl>#point</styleUrl><Point><altitudeMode>clampToGround</altitudeMode><coordinates>-52.832501772791147,47.533099064603448,0</coordinates></Point></Placemark><Placemark><styleUrl>#point</styleUrl><Point><altitudeMode>clampToGround</altitudeMode><coordinates>-52.832650383934379,47.533047515898943,0</coordinates></Point></Placemark><Placemark><styleUrl>#point</styleUrl><Point><altitudeMode>clampToGround</altitudeMode><coordinates>-52.832747865468264,47.533009378239512,0</coordinates></Point></Placemark><Placemark><styleUrl>#point</styleUrl><Point><altitudeMode>clampToGround</altitudeMode><coordinates>-52.832841407507658,47.532968893647194,0</coordinates></Point></Placemark><Placemark><styleUrl>#point</styleUrl><Point><altitudeMode>clampToGround</altitudeMode><coordinates>-52.832941990345716,47.532924972474575,0</coordinates></Point></Placemark><Placemark><styleUrl>#point</styleUrl><Point><altitudeMode>clampToGround</altitudeMode><coordinates>-52.833036538213491,47.532882895320654,0</coordinates></Point></Placemark><Placemark><styleUrl>#point</styleUrl><Point><altitudeMode>clampToGround</altitudeMode><coordinates>-52.833220940083265,47.532794885337353,0</coordinates></Point></Placemark><Placemark><styleUrl>#point</styleUrl><Point><altitudeMode>clampToGround</altitudeMode><coordinates>-52.833401737734675,47.532703271135688,0</coordinates></Point></Placemark><Placemark><styleUrl>#point</styleUrl><Point><altitudeMode>clampToGround</altitudeMode><coordinates>-52.833622768521309,47.532584331929684,0</coordinates></Point></Placemark><Placemark><styleUrl>#point</styleUrl><Point><altitudeMode>clampToGround</altitudeMode><coordinates>-52.833873722702265,47.532420884817839,0</coordinates></Point></Placemark><Placemark><styleUrl>#point</styleUrl><Point><altitudeMode>clampToGround</altitudeMode><coordinates>-52.834307570010424,47.5320999417454,0</coordinates></Point></Placemark><Placemark><styleUrl>#point</styleUrl><Point><altitudeMode>clampToGround</altitudeMode><coordinates>-52.834415026009083,47.532015116885304,0</coordinates></Point></Placemark><Placemark><styleUrl>#point</styleUrl><Point><altitudeMode>clampToGround</altitudeMode><coordinates>-52.834517620503902,47.531931465491652,0</coordinates></Point></Placemark><Placemark><styleUrl>#point</styleUrl><Point><altitudeMode>clampToGround</altitudeMode><coordinates>-52.834607139229774,47.531850161030889,0</coordinates></Point></Placemark><Placemark><styleUrl>#point</styleUrl><Point><altitudeMode>clampToGround</altitudeMode><coordinates>-52.834696238860488,47.531764078885317,0</coordinates></Point></Placemark><Placemark><styleUrl>#point</styleUrl><Point><altitudeMode>clampToGround</altitudeMode><coordinates>-52.834773184731603,47.531680762767792,0</coordinates></Point></Placemark><Placemark><styleUrl>#point</styleUrl><Point><altitudeMode>clampToGround</altitudeMode><coordinates>-52.834875779226422,47.531566517427564,0</coordinates></Point></Placemark><Placemark><styleUrl>#point</styleUrl><Point><altitudeMode>clampToGround</altitudeMode><coordinates>-52.834973512217402,47.531445566564798,0</coordinates></Point></Placemark><Placemark><styleUrl>#point</styleUrl><Point><altitudeMode>clampToGround</altitudeMode><coordinates>-52.835102174431086,47.531269630417228,0</coordinates></Point></Placemark><Placemark><styleUrl>#point</styleUrl><Point><altitudeMode>clampToGround</altitudeMode><coordinates>-52.835221868008375,47.53109042532742,0</coordinates></Point></Placemark><Placemark><styleUrl>#point</styleUrl><Point><altitudeMode>clampToGround</altitudeMode><coordinates>-52.835422698408365,47.530727069824934,0</coordinates></Point></Placemark><Placemark><styleUrl>#point</styleUrl><Point><altitudeMode>clampToGround</altitudeMode><coordinates>-52.835576087236404,47.530478211119771,0</coordinates></Point></Placemark><Placemark><styleUrl>#point</styleUrl><Point><altitudeMode>clampToGround</altitudeMode><coordinates>-52.835692930966616,47.530280398204923,0</coordinates></Point></Placemark><Placemark><styleUrl>#point</styleUrl><Point><altitudeMode>clampToGround</altitudeMode><coordinates>-52.835772978141904,47.530142767354846,0</coordinates></Point></Placemark><Placemark><styleUrl>#point</styleUrl><Point><altitudeMode>clampToGround</altitudeMode><coordinates>-52.835991326719522,47.529754601418972,0</coordinates></Point></Placemark><Placemark><styleUrl>#point</styleUrl><Point><altitudeMode>clampToGround</altitudeMode><coordinates>-52.83655408769846,47.528787665069103,0</coordinates></Point></Placemark><Placemark><styleUrl>#point</styleUrl><Point><altitudeMode>clampToGround</altitudeMode><coordinates>-52.836624328047037,47.528684986755252,0</coordinates></Point></Placemark><Placemark><styleUrl>#point</styleUrl><Point><altitudeMode>clampToGround</altitudeMode><coordinates>-52.836700100451708,47.5285754352808,0</coordinates></Point></Placemark><Placemark><styleUrl>#point</styleUrl><Point><altitudeMode>clampToGround</altitudeMode><coordinates>-52.836824906989932,47.528418190777302,0</coordinates></Point></Placemark><Placemark><styleUrl>#point</styleUrl><Point><altitudeMode>clampToGround</altitudeMode><coordinates>-52.836966477334499,47.528257677331567,0</coordinates></Point></Placemark><Placemark><styleUrl>#point</styleUrl><Point><altitudeMode>clampToGround</altitudeMode><coordinates>-52.837120201438665,47.528098924085498,0</coordinates></Point></Placemark><Placemark><styleUrl>#point</styleUrl><Point><altitudeMode>clampToGround</altitudeMode><coordinates>-52.83729781396687,47.527930280193686,0</coordinates></Point></Placemark><Placemark><styleUrl>#point</styleUrl><Point><altitudeMode>clampToGround</altitudeMode><coordinates>-52.837480287998915,47.527764905244112,0</coordinates></Point></Placemark><Placemark><styleUrl>#point</styleUrl><Point><altitudeMode>clampToGround</altitudeMode><coordinates>-52.837679525837302,47.527599614113569,0</coordinates></Point></Placemark><Placemark><styleUrl>#point</styleUrl><Point><altitudeMode>clampToGround</altitudeMode><coordinates>-52.837888402864337,47.527439100667834,0</coordinates></Point></Placemark><Placemark><styleUrl>#point</styleUrl><Point><altitudeMode>clampToGround</altitudeMode><coordinates>-52.838056376203895,47.527325609698892,0</coordinates></Point></Placemark><Placemark><styleUrl>#point</styleUrl><Point><altitudeMode>clampToGround</altitudeMode><coordinates>-52.838148912414908,47.527268696576357,0</coordinates></Point></Placemark><Placemark><styleUrl>#point</styleUrl><Point><altitudeMode>clampToGround</altitudeMode><coordinates>-52.838236503303051,47.527215387672186,0</coordinates></Point></Placemark><Placemark><styleUrl>#point</styleUrl><Point><altitudeMode>clampToGround</altitudeMode><coordinates>-52.838344294577837,47.527152188122272,0</coordinates></Point></Placemark><Placemark><styleUrl>#point</styleUrl><Point><altitudeMode>clampToGround</altitudeMode><coordinates>-52.838454935699701,47.527092173695564,0</coordinates></Point></Placemark><Placemark><styleUrl>#point</styleUrl><Point><altitudeMode>clampToGround</altitudeMode><coordinates>-52.838569013401866,47.527032326906919,0</coordinates></Point></Placemark><Placemark><styleUrl>#point</styleUrl><Point><altitudeMode>clampToGround</altitudeMode><coordinates>-52.838692562654614,47.526973905041814,0</coordinates></Point></Placemark><Placemark><styleUrl>#point</styleUrl><Point><altitudeMode>clampToGround</altitudeMode><coordinates>-52.838805131614208,47.526925709098577,0</coordinates></Point></Placemark><Placemark><styleUrl>#point</styleUrl><Point><altitudeMode>clampToGround</altitudeMode><coordinates>-52.838923064991832,47.526876591145992,0</coordinates></Point></Placemark><Placemark><styleUrl>#point</styleUrl><Point><altitudeMode>clampToGround</altitudeMode><coordinates>-52.839037477970123,47.526833340525627,0</coordinates></Point></Placemark><Placemark><styleUrl>#point</styleUrl><Point><altitudeMode>clampToGround</altitudeMode><coordinates>-52.83914870582521,47.526791514828801,0</coordinates></Point></Placemark><Placemark><styleUrl>#point</styleUrl><Point><altitudeMode>clampToGround</altitudeMode><coordinates>-52.839255658909678,47.526753041893244,0</coordinates></Point></Placemark><Placemark><styleUrl>#point</styleUrl><Point><altitudeMode>clampToGround</altitudeMode><coordinates>-52.839350374415517,47.526721023023129,0</coordinates></Point></Placemark><Placemark><styleUrl>#point</styleUrl><Point><altitudeMode>clampToGround</altitudeMode><coordinates>-52.839452717453241,47.52668933942914,0</coordinates></Point></Placemark><Placemark><styleUrl>#point</styleUrl><Point><altitudeMode>clampToGround</altitudeMode><coordinates>-52.839554389938712,47.526657823473215,0</coordinates></Point></Placemark><Placemark><styleUrl>#point</styleUrl><Point><altitudeMode>clampToGround</altitudeMode><coordinates>-52.839654637500644,47.526632091030478,0</coordinates></Point></Placemark><Placemark><styleUrl>#point</styleUrl><Point><altitudeMode>clampToGround</altitudeMode><coordinates>-52.839751280844212,47.526607532054186,0</coordinates></Point></Placemark><Placemark><styleUrl>#point</styleUrl><Point><altitudeMode>clampToGround</altitudeMode><coordinates>-52.839867873117328,47.526579285040498,0</coordinates></Point></Placemark><Placemark><styleUrl>#point</styleUrl><Point><altitudeMode>clampToGround</altitudeMode><coordinates>-52.83997206017375,47.526557324454188,0</coordinates></Point></Placemark><Placemark><styleUrl>#point</styleUrl><Point><altitudeMode>clampToGround</altitudeMode><coordinates>-52.840053616091609,47.526541901752353,0</coordinates></Point></Placemark><Placemark><styleUrl>#point</styleUrl><Point><altitudeMode>clampToGround</altitudeMode><coordinates>-52.840141458436847,47.526526562869549,0</coordinates></Point></Placemark><Placemark><styleUrl>#point</styleUrl><Point><altitudeMode>clampToGround</altitudeMode><coordinates>-52.840230977162719,47.52651440910995,0</coordinates></Point></Placemark><Placemark><styleUrl>#point</styleUrl><Point><altitudeMode>clampToGround</altitudeMode><coordinates>-52.840317813679576,47.52650217153132,0</coordinates></Point></Placemark><Placemark><styleUrl>#point</styleUrl><Point><altitudeMode>clampToGround</altitudeMode><coordinates>-52.840539431199431,47.526474595069885,0</coordinates></Point></Placemark><Placemark><styleUrl>#point</styleUrl><Point><altitudeMode>clampToGround</altitudeMode><coordinates>-52.841355409473181,47.526395302265882,0</coordinates></Point></Placemark><Placemark><styleUrl>#point</styleUrl><Point><altitudeMode>clampToGround</altitudeMode><coordinates>-52.841623798012733,47.52635951153934,0</coordinates></Point></Placemark><Placemark><styleUrl>#point</styleUrl><Point><altitudeMode>clampToGround</altitudeMode><coordinates>-52.84196469001472,47.526323804631829,0</coordinates></Point></Placemark><Placemark><styleUrl>#point</styleUrl><Point><altitudeMode>clampToGround</altitudeMode><coordinates>-52.842290913686156,47.526295222342014,0</coordinates></Point></Placemark><Placemark><styleUrl>#point</styleUrl><Point><altitudeMode>clampToGround</altitudeMode><coordinates>-52.842656699940562,47.526267562061548,0</coordinates></Point></Placemark><Placemark><styleUrl>#point</styleUrl><Point><altitudeMode>clampToGround</altitudeMode><coordinates>-52.84307680092752,47.526243338361382,0</coordinates></Point></Placemark><Placemark><styleUrl>#point</styleUrl><Point><altitudeMode>clampToGround</altitudeMode><coordinates>-52.843333538621664,47.526233699172735,0</coordinates></Point></Placemark><Placemark><styleUrl>#point</styleUrl><Point><altitudeMode>clampToGround</altitudeMode><coordinates>-52.843637298792601,47.526230178773403,0</coordinates></Point></Placemark><Placemark><styleUrl>#point</styleUrl><Point><altitudeMode>clampToGround</altitudeMode><coordinates>-52.843882134184241,47.526230178773403,0</coordinates></Point></Placemark><Placemark><styleUrl>#point</styleUrl><Point><altitudeMode>clampToGround</altitudeMode><coordinates>-52.844105092808604,47.526232106611133,0</coordinates></Point></Placemark><Placemark><styleUrl>#point</styleUrl><Point><altitudeMode>clampToGround</altitudeMode><coordinates>-52.844339702278376,47.526237135753036,0</coordinates></Point></Placemark><Placemark><styleUrl>#point</styleUrl><Point><altitudeMode>clampToGround</altitudeMode><coordinates>-52.84460037946701,47.526241410523653,0</coordinates></Point></Placemark><Placemark><styleUrl>#point</styleUrl><Point><altitudeMode>clampToGround</altitudeMode><coordinates>-52.845338992774487,47.526248702779412,0</coordinates></Point></Placemark><Placemark><styleUrl>#point</styleUrl><Point><altitudeMode>clampToGround</altitudeMode><coordinates>-52.845595730468631,47.526258006691933,0</coordinates></Point></Placemark><Placemark><styleUrl>#point</styleUrl><Point><altitudeMode>clampToGround</altitudeMode><coordinates>-52.845884319394827,47.52627301029861,0</coordinates></Point></Placemark><Placemark><styleUrl>#point</styleUrl><Point><altitudeMode>clampToGround</altitudeMode><coordinates>-52.84620501101017,47.526342999190092,0</coordinates></Point></Placemark><Placemark><styleUrl>#point</styleUrl><Point><altitudeMode>clampToGround</altitudeMode><coordinates>-52.846505669876933,47.526380214840174,0</coordinates></Point></Placemark><Placemark><styleUrl>#point</styleUrl><Point><altitudeMode>clampToGround</altitudeMode><coordinates>-52.846666099503636,47.526392703875899,0</coordinates></Point></Placemark><Placemark><styleUrl>#point</styleUrl><Point><altitudeMode>clampToGround</altitudeMode><coordinates>-52.846789313480258,47.526404689997435,0</coordinates></Point></Placemark><Placemark><styleUrl>#point</styleUrl><Point><altitudeMode>clampToGround</altitudeMode><coordinates>-52.846891991794109,47.526420196518302,0</coordinates></Point></Placemark><Placemark><styleUrl>#point</styleUrl><Point><altitudeMode>clampToGround</altitudeMode><coordinates>-52.847010008990765,47.526444839313626,0</coordinates></Point></Placemark><Placemark><styleUrl>#point</styleUrl><Point><altitudeMode>clampToGround</altitudeMode><coordinates>-52.847107658162713,47.526469398289919,0</coordinates></Point></Placemark><Placemark><styleUrl>#point</styleUrl><Point><altitudeMode>clampToGround</altitudeMode><coordinates>-52.847213437780738,47.526501333341002,0</coordinates></Point></Placemark><Placemark><styleUrl>#point</styleUrl><Point><altitudeMode>clampToGround</altitudeMode><coordinates>-52.847297675907612,47.526536034420133,0</coordinates></Point></Placemark><Placemark><styleUrl>#point</styleUrl><Point><altitudeMode>clampToGround</altitudeMode><coordinates>-52.847376214340329,47.526576602831483,0</coordinates></Point></Placemark><Placemark><styleUrl>#point</styleUrl><Point><altitudeMode>clampToGround</altitudeMode><coordinates>-52.847448801621795,47.526624966412783,0</coordinates></Point></Placemark><Placemark><styleUrl>#point</styleUrl><Point><altitudeMode>clampToGround</altitudeMode><coordinates>-52.847533291205764,47.526698727160692,0</coordinates></Point></Placemark><Placemark><styleUrl>#point</styleUrl><Point><altitudeMode>clampToGround</altitudeMode><coordinates>-52.847600597888231,47.52678313292563,0</coordinates></Point></Placemark><Placemark><styleUrl>#point</styleUrl><Point><altitudeMode>clampToGround</altitudeMode><coordinates>-52.847643429413438,47.52686326391995,0</coordinates></Point></Placemark><Placemark><styleUrl>#point</styleUrl><Point><altitudeMode>clampToGround</altitudeMode><coordinates>-52.847668323665857,47.526941131800413,0</coordinates></Point></Placemark><Placemark><styleUrl>#point</styleUrl><Point><altitudeMode>clampToGround</altitudeMode><coordinates>-52.847683494910598,47.527023609727621,0</coordinates></Point></Placemark><Placemark><styleUrl>#point</styleUrl><Point><altitudeMode>clampToGround</altitudeMode><coordinates>-52.847690703347325,47.5271041598171,0</coordinates></Point></Placemark><Placemark><styleUrl>#point</styleUrl><Point><altitudeMode>clampToGround</altitudeMode><coordinates>-52.847682824358344,47.527146488428116,0</coordinates></Point></Placemark><Placemark><styleUrl>#point</styleUrl><Point><altitudeMode>clampToGround</altitudeMode><coordinates>-52.847671676427126,47.527188817039132,0</coordinates></Point></Placemark><Placemark><styleUrl>#point</styleUrl><Point><altitudeMode>clampToGround</altitudeMode><coordinates>-52.847653571516275,47.527234079316258,0</coordinates></Point></Placemark><Placemark><styleUrl>#point</styleUrl><Point><altitudeMode>clampToGround</altitudeMode><coordinates>-52.847633790224791,47.52727422863245,0</coordinates></Point></Placemark><Placemark><styleUrl>#point</styleUrl><Point><altitudeMode>clampToGround</altitudeMode><coordinates>-52.847614260390401,47.52731186337769,0</coordinates></Point></Placemark><Placemark><styleUrl>#point</styleUrl><Point><altitudeMode>clampToGround</altitudeMode><coordinates>-52.847590958699584,47.527348324656487,0</coordinates></Point></Placemark><Placemark><styleUrl>#point</styleUrl><Point><altitudeMode>clampToGround</altitudeMode><coordinates>-52.847564723342657,47.527384702116251,0</coordinates></Point></Placemark><Placemark><styleUrl>#point</styleUrl><Point><altitudeMode>clampToGround</altitudeMode><coordinates>-52.847536141052842,47.527419906109571,0</coordinates></Point></Placemark><Placemark><styleUrl>#point</styleUrl><Point><altitudeMode>clampToGround</altitudeMode><coordinates>-52.847504960373044,47.52745158970356,0</coordinates></Point></Placemark><Placemark><styleUrl>#point</styleUrl><Point><altitudeMode>clampToGround</altitudeMode><coordinates>-52.847478725016117,47.527475226670504,0</coordinates></Point></Placemark><Placemark><styleUrl>#point</styleUrl><Point><altitudeMode>clampToGround</altitudeMode><coordinates>-52.847442263737321,47.527503808960319,0</coordinates></Point></Placemark><Placemark><styleUrl>#point</styleUrl><Point><altitudeMode>clampToGround</altitudeMode><coordinates>-52.847404880449176,47.527528116479516,0</coordinates></Point></Placemark><Placemark><styleUrl>#point</styleUrl><Point><altitudeMode>clampToGround</altitudeMode><coordinates>-52.84736649133265,47.527554016560316,0</coordinates></Point></Placemark><Placemark><styleUrl>#point</styleUrl><Point><altitudeMode>clampToGround</altitudeMode><coordinates>-52.847322821617126,47.527579581364989,0</coordinates></Point></Placemark><Placemark><styleUrl>#point</styleUrl><Point><altitudeMode>clampToGround</altitudeMode><coordinates>-52.847274709492922,47.527603218331933,0</coordinates></Point></Placemark><Placemark><styleUrl>#point</styleUrl><Point><altitudeMode>clampToGround</altitudeMode><coordinates>-52.847221316769719,47.52762459218502,0</coordinates></Point></Placemark><Placemark><styleUrl>#point</styleUrl><Point><altitudeMode>clampToGround</altitudeMode><coordinates>-52.847166834399104,47.527644541114569,0</coordinates></Point></Placemark><Placemark><styleUrl>#point</styleUrl><Point><altitudeMode>clampToGround</altitudeMode><coordinates>-52.847110005095601,47.52766122110188,0</coordinates></Point></Placemark><Placemark><styleUrl>#point</styleUrl><Point><altitudeMode>clampToGround</altitudeMode><coordinates>-52.847054600715637,47.527675973251462,0</coordinates></Point></Placemark><Placemark><styleUrl>#point</styleUrl><Point><altitudeMode>clampToGround</altitudeMode><coordinates>-52.846983689814806,47.527689468115568,0</coordinates></Point></Placemark><Placemark><styleUrl>#point</styleUrl><Point><altitudeMode>clampToGround</altitudeMode><coordinates>-52.846929291263223,47.527696676552296,0</coordinates></Point></Placemark><Placemark><styleUrl>#point</styleUrl><Point><altitudeMode>clampToGround</altitudeMode><coordinates>-52.846872378140688,47.527701621875167,0</coordinates></Point></Placemark><Placemark><styleUrl>#point</styleUrl><Point><altitudeMode>clampToGround</altitudeMode><coordinates>-52.846819991245866,47.527705477550626,0</coordinates></Point></Placemark><Placemark><styleUrl>#point</styleUrl><Point><altitudeMode>clampToGround</altitudeMode><coordinates>-52.846757797524333,47.527706231921911,0</coordinates></Point></Placemark><Placemark><styleUrl>#point</styleUrl><Point><altitudeMode>clampToGround</altitudeMode><coordinates>-52.846712116152048,47.527706483379006,0</coordinates></Point></Placemark><Placemark><styleUrl>#point</styleUrl><Point><altitudeMode>clampToGround</altitudeMode><coordinates>-52.846659729257226,47.527703633531928,0</coordinates></Point></Placemark><Placemark><styleUrl>#point</styleUrl><Point><altitudeMode>clampToGround</altitudeMode><coordinates>-52.846612958237529,47.527700616046786,0</coordinates></Point></Placemark><Placemark><styleUrl>#point</styleUrl><Point><altitudeMode>clampToGround</altitudeMode><coordinates>-52.846556715667248,47.527694413438439,0</coordinates></Point></Placemark><Placemark><styleUrl>#point</styleUrl><Point><altitudeMode>clampToGround</altitudeMode><coordinates>-52.846499299630523,47.527685780078173,0</coordinates></Point></Placemark><Placemark><styleUrl>#point</styleUrl><Point><altitudeMode>clampToGround</altitudeMode><coordinates>-52.846439620479941,47.527673961594701,0</coordinates></Point></Placemark><Placemark><styleUrl>#point</styleUrl><Point><altitudeMode>clampToGround</altitudeMode><coordinates>-52.846387065947056,47.52766122110188,0</coordinates></Point></Placemark><Placemark><styleUrl>#point</styleUrl><Point><altitudeMode>clampToGround</altitudeMode><coordinates>-52.846325039863586,47.527643283829093,0</coordinates></Point></Placemark><Placemark><styleUrl>#point</styleUrl><Point><altitudeMode>clampToGround</altitudeMode><coordinates>-52.846276424825191,47.527623837813735,0</coordinates></Point></Placemark><Placemark><styleUrl>#point</styleUrl><Point><altitudeMode>clampToGround</altitudeMode><coordinates>-52.846225379034877,47.527601206675172,0</coordinates></Point></Placemark><Placemark><styleUrl>#point</styleUrl><Point><altitudeMode>clampToGround</altitudeMode><coordinates>-52.846174333244562,47.527577569708228,0</coordinates></Point></Placemark><Placemark><styleUrl>#point</styleUrl><Point><altitudeMode>clampToGround</altitudeMode><coordinates>-52.846129238605499,47.527554016560316,0</coordinates></Point></Placemark><Placemark><styleUrl>#point</styleUrl><Point><altitudeMode>clampToGround</altitudeMode><coordinates>-52.846072325482965,47.527516633272171,0</coordinates></Point></Placemark><Placemark><styleUrl>#point</styleUrl><Point><altitudeMode>clampToGround</altitudeMode><coordinates>-52.846028571948409,47.527481094002724,0</coordinates></Point></Placemark><Placemark><styleUrl>#point</styleUrl><Point><altitudeMode>clampToGround</altitudeMode><coordinates>-52.845984902232885,47.527440777048469,0</coordinates></Point></Placemark><Placemark><styleUrl>#point</styleUrl><Point><altitudeMode>clampToGround</altitudeMode><coordinates>-52.84594458527863,47.527399202808738,0</coordinates></Point></Placemark><Placemark><styleUrl>#point</styleUrl><Point><altitudeMode>clampToGround</altitudeMode><coordinates>-52.845919271931052,47.527366010472178,0</coordinates></Point></Placemark><Placemark><styleUrl>#point</styleUrl><Point><altitudeMode>clampToGround</altitudeMode><coordinates>-52.845881385728717,47.527302978560328,0</coordinates></Point></Placemark><Placemark><styleUrl>#point</styleUrl><Point><altitudeMode>clampToGround</altitudeMode><coordinates>-52.845860095694661,47.527255536988378,0</coordinates></Point></Placemark><Placemark><styleUrl>#point</styleUrl><Point><altitudeMode>clampToGround</altitudeMode><coordinates>-52.845845762640238,47.527213962748647,0</coordinates></Point></Placemark><Placemark><styleUrl>#point</styleUrl><Point><altitudeMode>clampToGround</altitudeMode><coordinates>-52.845831764861941,47.52717113122344,0</coordinates></Point></Placemark><Placemark><styleUrl>#point</styleUrl><Point><altitudeMode>clampToGround</altitudeMode><coordinates>-52.845817599445581,47.527109859511256,0</coordinates></Point></Placemark><Placemark><styleUrl>#point</styleUrl><Point><altitudeMode>clampToGround</altitudeMode><coordinates>-52.845808211714029,47.527048336341977,0</coordinates></Point></Placemark><Placemark><styleUrl>#point</styleUrl><Point><altitudeMode>clampToGround</altitudeMode><coordinates>-52.845801506191492,47.526987735182047,0</coordinates></Point></Placemark><Placemark><styleUrl>#point</styleUrl><Point><altitudeMode>clampToGround</altitudeMode><coordinates>-52.84579748287797,47.526923362165689,0</coordinates></Point></Placemark><Placemark><styleUrl>#point</styleUrl><Point><altitudeMode>clampToGround</altitudeMode><coordinates>-52.845801506191492,47.526678778231144,0</coordinates></Point></Placemark><Placemark><styleUrl>#point</styleUrl><Point><altitudeMode>clampToGround</altitudeMode><coordinates>-52.845803936943412,47.526494041085243,0</coordinates></Point></Placemark><Placemark><styleUrl>#point</styleUrl><Point><altitudeMode>clampToGround</altitudeMode><coordinates>-52.845807792618871,47.52609078772366,0</coordinates></Point></Placemark><Placemark><styleUrl>#point</styleUrl><Point><altitudeMode>clampToGround</altitudeMode><coordinates>-52.845810139551759,47.525218399241567,0</coordinates></Point></Placemark><Placemark><styleUrl>#point</styleUrl><Point><altitudeMode>clampToGround</altitudeMode><coordinates>-52.845900496467948,47.524245092645288,0</coordinates></Point></Placemark><Placemark><styleUrl>#point</styleUrl><Point><altitudeMode>clampToGround</altitudeMode><coordinates>-52.845908375456929,47.524181809276342,0</coordinates></Point></Placemark><Placemark><styleUrl>#point</styleUrl><Point><altitudeMode>clampToGround</altitudeMode><coordinates>-52.845945172011852,47.523950384929776,0</coordinates></Point></Placemark><Placemark><styleUrl>#point</styleUrl><Point><altitudeMode>clampToGround</altitudeMode><coordinates>-52.845994960516691,47.523672441020608,0</coordinates></Point></Placemark><Placemark><styleUrl>#point</styleUrl><Point><altitudeMode>clampToGround</altitudeMode><coordinates>-52.846023961901665,47.523539504036307,0</coordinates></Point></Placemark><Placemark><styleUrl>#point</styleUrl><Point><altitudeMode>clampToGround</altitudeMode><coordinates>-52.846057908609509,47.523407908156514,0</coordinates></Point></Placemark><Placemark><styleUrl>#point</styleUrl><Point><altitudeMode>clampToGround</altitudeMode><coordinates>-52.846097387373447,47.523274384438992,0</coordinates></Point></Placemark><Placemark><styleUrl>#point</styleUrl><Point><altitudeMode>clampToGround</altitudeMode><coordinates>-52.846141140908003,47.52314287237823,0</coordinates></Point></Placemark><Placemark><styleUrl>#point</styleUrl><Point><altitudeMode>clampToGround</altitudeMode><coordinates>-52.84618841484189,47.523018484935164,0</coordinates></Point></Placemark><Placemark><styleUrl>#point</styleUrl><Point><altitudeMode>clampToGround</altitudeMode><coordinates>-52.846237784251571,47.522892169654369,0</coordinates></Point></Placemark><Placemark><styleUrl>#point</styleUrl><Point><altitudeMode>clampToGround</altitudeMode><coordinates>-52.846340211108327,47.522640964016318,0</coordinates></Point></Placemark><Placemark><styleUrl>#point</styleUrl><Point><altitudeMode>clampToGround</altitudeMode><coordinates>-52.846460239961743,47.522391183301806,0</coordinates></Point></Placemark><Placemark><styleUrl>#point</styleUrl><Point><altitudeMode>clampToGround</altitudeMode><coordinates>-52.846595691516995,47.522145677357912,0</coordinates></Point></Placemark><Placemark><styleUrl>#point</styleUrl><Point><altitudeMode>clampToGround</altitudeMode><coordinates>-52.846874138340354,47.521685091778636,0</coordinates></Point></Placemark><Placemark><styleUrl>#point</styleUrl><Point><altitudeMode>clampToGround</altitudeMode><coordinates>-52.847467241808772,47.520779930055141,0</coordinates></Point></Placemark><Placemark><styleUrl>#point</styleUrl><Point><altitudeMode>clampToGround</altitudeMode><coordinates>-52.847583666443825,47.520599383860826,0</coordinates></Point></Placemark><Placemark><styleUrl>#point</styleUrl><Point><altitudeMode>clampToGround</altitudeMode><coordinates>-52.848375588655472,47.519339919090271,0</coordinates></Point></Placemark><Placemark><styleUrl>#point</styleUrl><Point><altitudeMode>clampToGround</altitudeMode><coordinates>-52.849035328254104,47.518337778747082,0</coordinates></Point></Placemark><Placemark><styleUrl>#point</styleUrl><Point><altitudeMode>clampToGround</altitudeMode><coordinates>-52.849727505818009,47.517318204045296,0</coordinates></Point></Placemark><Placemark><styleUrl>#point</styleUrl><Point><altitudeMode>clampToGround</altitudeMode><coordinates>-52.849982315674424,47.516946969553828,0</coordinates></Point></Placemark><Placemark><styleUrl>#point</styleUrl><Point><altitudeMode>clampToGround</altitudeMode><coordinates>-52.85024399869144,47.516558887436986,0</coordinates></Point></Placemark><Placemark><styleUrl>#point</styleUrl><Point><altitudeMode>clampToGround</altitudeMode><coordinates>-52.850567037239671,47.516073575243354,0</coordinates></Point></Placemark><Placemark><styleUrl>#point</styleUrl><Point><altitudeMode>clampToGround</altitudeMode><coordinates>-52.850656472146511,47.515933010727167,0</coordinates></Point></Placemark><Placemark><styleUrl>#point</styleUrl><Point><altitudeMode>clampToGround</altitudeMode><coordinates>-52.851046901196241,47.515304032713175,0</coordinates></Point></Placemark><Placemark><styleUrl>#point</styleUrl><Point><altitudeMode>clampToGround</altitudeMode><coordinates>-52.851344794034958,47.514847805723548,0</coordinates></Point></Placemark><Placemark><styleUrl>#point</styleUrl><Point><altitudeMode>clampToGround</altitudeMode><coordinates>-52.851906633004546,47.513944571837783,0</coordinates></Point></Placemark><Placemark><styleUrl>#point</styleUrl><Point><altitudeMode>clampToGround</altitudeMode><coordinates>-52.852059938013554,47.513721361756325,0</coordinates></Point></Placemark><Placemark><styleUrl>#point</styleUrl><Point><altitudeMode>clampToGround</altitudeMode><coordinates>-52.852214416489005,47.513493541628122,0</coordinates></Point></Placemark><Placemark><styleUrl>#point</styleUrl><Point><altitudeMode>clampToGround</altitudeMode><coordinates>-52.852361937984824,47.513270415365696,0</coordinates></Point></Placemark><Placemark><styleUrl>#point</styleUrl><Point><altitudeMode>clampToGround</altitudeMode><coordinates>-52.852502167224884,47.513052066788077,0</coordinates></Point></Placemark><Placemark><styleUrl>#point</styleUrl><Point><altitudeMode>clampToGround</altitudeMode><coordinates>-52.852655304595828,47.512815613299608,0</coordinates></Point></Placemark><Placemark><styleUrl>#point</styleUrl><Point><altitudeMode>clampToGround</altitudeMode><coordinates>-52.85280978307128,47.512573376297951,0</coordinates></Point></Placemark><Placemark><styleUrl>#point</styleUrl><Point><altitudeMode>clampToGround</altitudeMode><coordinates>-52.853113207966089,47.512120502069592,0</coordinates></Point></Placemark><Placemark><styleUrl>#point</styleUrl><Point><altitudeMode>clampToGround</altitudeMode><coordinates>-52.853297526016831,47.511850520968437,0</coordinates></Point></Placemark><Placemark><styleUrl>#point</styleUrl><Point><altitudeMode>clampToGround</altitudeMode><coordinates>-52.853474719449878,47.51158531755209,0</coordinates></Point></Placemark><Placemark><styleUrl>#point</styleUrl><Point><altitudeMode>clampToGround</altitudeMode><coordinates>-52.853671694174409,47.511292286217213,0</coordinates></Point></Placemark><Placemark><styleUrl>#point</styleUrl><Point><altitudeMode>clampToGround</altitudeMode><coordinates>-52.853810582309961,47.511076787486672,0</coordinates></Point></Placemark><Placemark><styleUrl>#point</styleUrl><Point><altitudeMode>clampToGround</altitudeMode><coordinates>-52.853933963924646,47.510880483314395,0</coordinates></Point></Placemark><Placemark><styleUrl>#point</styleUrl><Point><altitudeMode>clampToGround</altitudeMode><coordinates>-52.855634903535247,47.508318806067109,0</coordinates></Point></Placemark><Placemark><styleUrl>#point</styleUrl><Point><altitudeMode>clampToGround</altitudeMode><coordinates>-52.857400132343173,47.505656629800797,0</coordinates></Point></Placemark><Placemark><styleUrl>#point</styleUrl><Point><altitudeMode>clampToGround</altitudeMode><coordinates>-52.857868513092399,47.504897816106677,0</coordinates></Point></Placemark><Placemark><styleUrl>#point</styleUrl><Point><altitudeMode>clampToGround</altitudeMode><coordinates>-52.858293140307069,47.50426908954978,0</coordinates></Point></Placemark><Placemark><styleUrl>#point</styleUrl><Point><altitudeMode>clampToGround</altitudeMode><coordinates>-52.858884735032916,47.503393180668354,0</coordinates></Point></Placemark><Placemark><styleUrl>#point</styleUrl><Point><altitudeMode>clampToGround</altitudeMode><coordinates>-52.859728876501322,47.502143103629351,0</coordinates></Point></Placemark><Placemark><styleUrl>#point</styleUrl><Point><altitudeMode>clampToGround</altitudeMode><coordinates>-52.861437359824777,47.49947271309793,0</coordinates></Point></Placemark><Placemark><styleUrl>#point</styleUrl><Point><altitudeMode>clampToGround</altitudeMode><coordinates>-52.861602064222097,47.499215304851532,0</coordinates></Point></Placemark><Placemark><styleUrl>#point</styleUrl><Point><altitudeMode>clampToGround</altitudeMode><coordinates>-52.862570006400347,47.497726259753108,0</coordinates></Point></Placemark><Placemark><styleUrl>#point</styleUrl><Point><altitudeMode>clampToGround</altitudeMode><coordinates>-52.864004233852029,47.495438167825341,0</coordinates></Point></Placemark><Placemark><styleUrl>#point</styleUrl><Point><altitudeMode>clampToGround</altitudeMode><coordinates>-52.864210596308112,47.495079590007663,0</coordinates></Point></Placemark><Placemark><styleUrl>#point</styleUrl><Point><altitudeMode>clampToGround</altitudeMode><coordinates>-52.86524492315948,47.493282426148653,0</coordinates></Point></Placemark><Placemark><styleUrl>#point</styleUrl><Point><altitudeMode>clampToGround</altitudeMode><coordinates>-52.865501577034593,47.492828965187073,0</coordinates></Point></Placemark><Placemark><styleUrl>#point</styleUrl><Point><altitudeMode>clampToGround</altitudeMode><coordinates>-52.865841882303357,47.49222781509161,0</coordinates></Point></Placemark></Folder><Placemark><name>[C3 WB] One-way - St. John's NL (Temperance St to Trans-Canada Highway Westbound)</name><Style><LineStyle><color>ff006000</color><width>4</width></LineStyle></Style><MultiGeometry><LineString><coordinates>-52.697389433160424,47.570877559483051,0 -52.697801822796464,47.571555068716407,0 -52.697860077023506,47.57164316251874,0 -52.698009693995118,47.571606617420912,0 -52.698100470006466,47.571577364578843,0 -52.698347233235836,47.571472590789199,0 -52.698644287884235,47.571345018222928,0 -52.698994735255837,47.571190791204572,0 -52.699279803782701,47.571067661046982,0 -52.699584234505892,47.570932880043983,0 -52.699690517038107,47.570898933336139,0 -52.699824711307883,47.570905471220613,0 -52.700269538909197,47.570652337744832,0 -52.700325027108192,47.570618223398924,0 -52.700457628816366,47.570562232285738,0 -52.700514039024711,47.570613026618958,0 -52.700872868299484,47.570888204500079,0 -52.701076800003648,47.571042599156499,0 -52.701184675097466,47.571116276085377,0 -52.701253490522504,47.571131363511086,0 -52.701323395594954,47.57116774097085,0 -52.701373938471079,47.571191126480699,0 -52.701426241546869,47.57121023721993,0 -52.701513078063726,47.571232197806239,0 -52.701544677838683,47.571235802024603,0 -52.701569320634007,47.571238484233618,0 -52.701725978404284,47.571234628558159,0 -52.701951283961535,47.571250218898058,0 -52.702853428199887,47.571286177262664,0 -52.70309248007834,47.571297492831945,0 -52.703932011500001,47.571336971595883,0 -52.70432822406292,47.571309730410576,0 -52.704617818817496,47.57127670571208,0 -52.704881513491273,47.571247033774853,0 -52.705143867060542,47.571215936914086,0 -52.705292981117964,47.571180900558829,0 -52.705458104610443,47.571120969951153,0 -52.705653319135308,47.571031367406249,0 -52.705832691863179,47.570932460948825,0 -52.705873679369688,47.57089558057487,0 -52.706076940521598,47.570751830935478,0 -52.706224378198385,47.570658540353179,0 -52.706347005441785,47.570590395480394,0 -52.706691417843103,47.57039912045002,0 -52.707026526331902,47.570097371935844,0 -52.70730840973556,47.56980249658227,0 -52.707669921219349,47.569421119987965,0 -52.707710573449731,47.569374684244394,0 -52.707751393318176,47.569333277642727,0 -52.707825070247054,47.569264210760593,0 -52.70821038633585,47.568831704556942,0 -52.708278195932508,47.568756518885493,0 -52.708524540066719,47.568466169759631,0 -52.708766525611281,47.568113040179014,0 -52.709115296602249,47.567535359412432,0 -52.709226692095399,47.567420694977045,0 -52.709462810307741,47.567174602299929,0 -52.709706388413906,47.567048789933324,0 -52.709934040904045,47.566982991993427,0 -52.710141660645604,47.566883582621813,0 -52.710178541019559,47.566865980625153,0 -52.710245763882995,47.566783502697945,0 -52.71033251658082,47.566648302599788,0 -52.710377192124724,47.566544115543365,0 -52.710446007549763,47.566430708393455,0 -52.710599983111024,47.56615393795073,0 -52.710803914815187,47.565936679020524,0 -52.711147237569094,47.565690502524376,0 -52.711790883913636,47.565306862816215,0 -52.712397985160351,47.564975610002875,0 -52.712521869689226,47.56492062471807,0 -52.712783385068178,47.564822975546122,0 -52.713040290400386,47.56472515873611,0 -52.713162833824754,47.564689787104726,0 -52.713705813512206,47.564532961696386,0 -52.713750908151269,47.564520640298724,0 -52.714618518948555,47.564293406903744,0 -52.714916998520494,47.56421553902328,0 -52.715271636843681,47.564141862094402,0 -52.715719398111105,47.564042620360851,0 -52.716464130207896,47.563882526010275,0 -52.716596899554133,47.563861990347505,0 -52.716663535684347,47.563846986740828,0 -52.71681759506464,47.56382167339325,0 -52.716948101297021,47.563805328682065,0 -52.717143483459949,47.563788816332817,0 -52.717260327190161,47.563771214336157,0 -52.717702807858586,47.563724862411618,0 -52.717980332672596,47.563698878511786,0 -52.71833480335772,47.563665099442005,0 -52.718555079773068,47.56365361623466,0 -52.718886835500598,47.563643725588918,0 -52.719525033608079,47.563628805801272,0 -52.719887970015407,47.563616903498769,0 -52.720265658572316,47.563602570444345,0 -52.720241099596024,47.563600474968553,0 -52.721161097288132,47.563591087237,0 -52.722032060846686,47.563597373664379,0 -52.722328612580895,47.563586309552193,0 -52.722452413290739,47.563578430563211,0 -52.722606472671032,47.563572060316801,0 -52.722748881205916,47.563561080023646,0 -52.722884332761168,47.563546914607286,0 -52.722973097115755,47.563534341752529,0 -52.723458660766482,47.563428813591599,0 -52.724199034273624,47.563241310417652,0 -52.724703624844551,47.56313418969512,0 -52.724899593740702,47.563112312927842,0 -52.725011575967073,47.563114324584603,0 -52.725378787145019,47.563158832490444,0 -52.725478112697601,47.563169226050377,0 -52.726226365193725,47.563274083659053,0 -52.726483941078186,47.563286824151874,0 -52.726714527234435,47.563290428370237,0 -52.727631172165275,47.563255475834012,0 -52.727895369753242,47.563242567703128,0 -52.728205835446715,47.563209040090442,0 -52.728553600609303,47.563173668459058,0 -52.72909632883966,47.563120275735855,0 -52.729726312682033,47.563054226338863,0 -52.729920605197549,47.563037378713489,0 -52.73011757992208,47.563028996810317,0 -52.730197291821241,47.563029332086444,0 -52.730306005105376,47.563033103942871,0 -52.730443133041263,47.563041234388947,0 -52.730693332850933,47.563073337078094,0 -52.731098597869277,47.563138632103801,0 -52.731187865138054,47.563148187473416,0 -52.731493301689625,47.563180960714817,0 -52.731760013848543,47.563209710642695,0 -52.731898734346032,47.563220439478755,0 -52.732040723785758,47.56322655826807,0 -52.73259200155735,47.563228318467736,0 -52.732901461422443,47.563224881887436,0 -52.733695479109883,47.563209291547537,0 -52.734909513965249,47.56318548694253,0 -52.735525416210294,47.563170231878757,0 -52.736827963963151,47.563172494992614,0 -52.7374851051718,47.563186995685101,0 -52.738094972446561,47.5632094591856,0 -52.738726967945695,47.563279280439019,0 -52.739401459693909,47.563336864113808,0 -52.739574462175369,47.563353460282087,0 -52.739819884300232,47.5633579865098,0 -52.739925915375352,47.563351700082421,0 -52.740078801289201,47.563331834971905,0 -52.740376526489854,47.563263019546866,0 -52.740878099575639,47.563125472515821,0 -52.741461228579283,47.562952889129519,0 -52.742162626236677,47.562743593007326,0 -52.742412323132157,47.562701934948564,0 -52.74284147657454,47.562587941065431,0 -52.743238359689713,47.562455758452415,0 -52.743481518700719,47.562367329373956,0 -52.743611270561814,47.562319971621037,0 -52.744232201948762,47.562046721577644,0 -52.745145661756396,47.561645479872823,0 -52.745772711932659,47.561398632824421,0 -52.745845383033156,47.561365608125925,0 -52.746003130450845,47.561297127977014,0 -52.746178060770035,47.561218673363328,0 -52.746278895065188,47.561178859323263,0 -52.746341759338975,47.561214230954647,0 -52.746508894488215,47.561168130487204,0 -52.746619870886207,47.561135608702898,0 -52.746733697131276,47.561105266213417,0 -52.746865041553974,47.561074085533619,0 -52.747020022943616,47.561038294807076,0 -52.747159413993359,47.561006192117929,0 -52.747298888862133,47.560978615656495,0 -52.747438363730907,47.560954559594393,0 -52.747614132240415,47.560927486047149,0 -52.74782158434391,47.560888091102242,0 -52.748031886294484,47.560841487720609,0 -52.748309411108494,47.560770241543651,0 -52.748565562069416,47.560684410855174,0 -52.748726159334183,47.5606226362288,0 -52.748894803225994,47.560547199100256,0 -52.749124383553863,47.560443263500929,0 -52.749182134866714,47.560413926839828,0 -52.74922052398324,47.56034410558641,0 -52.749408613890409,47.560262214392424,0 -52.749831061810255,47.560052499175072,0 -52.750247390940785,47.559815626591444,0 -52.750668162479997,47.559621669352055,0 -52.750952895730734,47.559498874470592,0 -52.751180296763778,47.559408182278275,0 -52.751401662826538,47.559328218922019,0 -52.751591512933373,47.559264097362757,0 -52.751735765486956,47.55921883508563,0 -52.751890076324344,47.559173405170441,0 -52.752077914774418,47.55912403576076,0 -52.752247899770737,47.5590839702636,0 -52.75296681560576,47.558919098228216,0 -52.753635607659817,47.558766128495336,0 -52.754217311739922,47.558644507080317,0 -52.754516797140241,47.55857820622623,0 -52.754942262545228,47.55848634056747,0 -52.755779698491096,47.558307722210884,0 -52.756002489477396,47.558260280638933,0 -52.756303986534476,47.558196159079671,0 -52.756343716755509,47.558187777176499,0 -52.756712436676025,47.558107310906053,0 -52.756990129128098,47.558046625927091,0 -52.757239574566483,47.557985102757812,0 -52.757478123530746,47.557919723913074,0 -52.757915910333395,47.557799611240625,0 -52.758156890049577,47.557733478024602,0 -52.758205505087972,47.557719564065337,0 -52.758858371526003,47.557525103911757,0 -52.759390119463205,47.557371212169528,0 -52.760060336440802,47.557182116433978,0 -52.761157527565956,47.556863771751523,0 -52.761792624369264,47.556673921644688,0 -52.761874180287123,47.556650033220649,0 -52.762165199965239,47.556564789265394,0 -52.762759393081069,47.556390780955553,0 -52.76351728476584,47.556168828159571,0 -52.764539206400514,47.555866492912173,0 -52.76512392796576,47.555709080770612,0 -52.765371697023511,47.555634565651417,0 -52.765569090843201,47.555575221776962,0 -52.765738237649202,47.555524427443743,0 -52.766544660553336,47.555274227634072,0 -52.766689332202077,47.555237095803022,0 -52.767714187502861,47.554930988699198,0 -52.768013421446085,47.554848175495863,0 -52.768273008987308,47.554776258766651,0 -52.768412232398987,47.554737702012062,0 -52.769013131037354,47.554554892703891,0 -52.769290739670396,47.554453304037452,0 -52.769525600597262,47.554364958778024,0 -52.769747385755181,47.554275188595057,0 -52.770438138395548,47.553970674052835,0 -52.770944237709045,47.553747463971376,0 -52.771183038130403,47.553638918325305,0 -52.771435668691993,47.553525427356362,0 -52.771471459418535,47.553509334102273,0 -52.771881334483624,47.553325267508626,0 -52.771904468536377,47.553314873948693,0 -52.772173779085279,47.553191995248199,0 -52.772329263389111,47.553121000528336,0 -52.772659678012133,47.552970293909311,0 -52.772848606109619,47.552884127944708,0 -52.773793833330274,47.552470983937383,0 -52.774720788002014,47.55206580273807,0 -52.77478608302772,47.552035795524716,0 -52.775146588683128,47.551870001479983,0 -52.775503993034363,47.551705632358789,0 -52.775902803987265,47.551531121134758,0 -52.776039764285088,47.55147110670805,0 -52.776650302112103,47.551203807815909,0 -52.777199819684029,47.550963331013918,0 -52.777395285665989,47.550881858915091,0 -52.777695525437593,47.550752693787217,0 -52.778169605880976,47.550545576959848,0 -52.778377896174788,47.550454633310437,0 -52.778882570564747,47.550234189257026,0 -52.779092704877257,47.550142658874393,0 -52.779639204964042,47.549904277548194,0 -52.781332433223724,47.549165664240718,0 -52.781479032710195,47.549101877957582,0 -52.781496969982982,47.549094082787633,0 -52.783301929011941,47.548308782279491,0 -52.783556822687387,47.548204092308879,0 -52.784301303327084,47.547905864194036,0 -52.784717381000519,47.547742668539286,0 -52.785095572471619,47.54761048592627,0 -52.785513997077942,47.5474638864398,0 -52.787788510322571,47.546701719984412,0 -52.788036866113544,47.546616140753031,0 -52.788953930139542,47.546294778585434,0 -52.790052713826299,47.545911138877273,0 -52.790903560817242,47.545597404241562,0 -52.791591295972466,47.545326333492994,0 -52.791641922667623,47.545306384563446,0 -52.792699299752712,47.54486046731472,0 -52.794925533235073,47.543901326134801,0 -52.795191407203674,47.543786829337478,0 -52.796082403510809,47.543398998677731,0 -52.797330804169178,47.54285559989512,0 -52.797675132751465,47.542705815285444,0 -52.798164216801524,47.542497189715505,0 -52.798679368570447,47.542277416214347,0 -52.799120927229524,47.542089074850082,0 -52.799506662413478,47.541921101510525,0 -52.800182914361358,47.541626561433077,0 -52.801580429077148,47.541012922301888,0 -52.803785959258676,47.540083201602101,0 -52.804104303941131,47.539949007332325,0 -52.80457679182291,47.539744405075908,0 -52.805275088176131,47.539441986009479,0 -52.806878797709942,47.538764895871282,0 -52.807409036904573,47.53855618648231,0 -52.80780223198235,47.538424925878644,0 -52.808385360985994,47.538251923397183,0 -52.809017188847065,47.5380939245224,0 -52.809609202668071,47.537971632555127,0 -52.810227703303099,47.537861159071326,0 -52.815465973690152,47.536933366209269,0 -52.818157402798533,47.536456687375903,0 -52.819708893075585,47.536175977438688,0 -52.820689827203751,47.535990988835692,0 -52.821091823279858,47.535898620262742,0 -52.821860611438751,47.535707680508494,0 -52.82323457300663,47.535376595333219,0 -52.82493744045496,47.534968480467796,0 -52.825769511982799,47.534768991172314,0 -52.827835734933615,47.534278398379683,0 -52.83016967587173,47.533717313781381,0 -52.831125296652317,47.533476166427135,0 -52.831588899716735,47.533359490334988,0 -52.831815714016557,47.533301068469882,0 -52.832012688741088,47.533247508108616,0 -52.832188541069627,47.533196797594428,0 -52.832343019545078,47.533149858936667,0 -52.832501772791147,47.533099064603448,0 -52.832650383934379,47.533047515898943,0 -52.832747865468264,47.533009378239512,0 -52.832841407507658,47.532968893647194,0 -52.832941990345716,47.532924972474575,0 -52.833036538213491,47.532882895320654,0 -52.833220940083265,47.532794885337353,0 -52.833401737734675,47.532703271135688,0 -52.833622768521309,47.532584331929684,0 -52.833873722702265,47.532420884817839,0 -52.834307570010424,47.5320999417454,0 -52.834415026009083,47.532015116885304,0 -52.834517620503902,47.531931465491652,0 -52.834607139229774,47.531850161030889,0 -52.834696238860488,47.531764078885317,0 -52.834773184731603,47.531680762767792,0 -52.834875779226422,47.531566517427564,0 -52.834973512217402,47.531445566564798,0 -52.835102174431086,47.531269630417228,0 -52.835221868008375,47.53109042532742,0 -52.835422698408365,47.530727069824934,0 -52.835576087236404,47.530478211119771,0 -52.835692930966616,47.530280398204923,0 -52.835772978141904,47.530142767354846,0 -52.835991326719522,47.529754601418972,0 -52.83655408769846,47.528787665069103,0 -52.836624328047037,47.528684986755252,0 -52.836700100451708,47.5285754352808,0 -52.836824906989932,47.528418190777302,0 -52.836966477334499,47.528257677331567,0 -52.837120201438665,47.528098924085498,0 -52.83729781396687,47.527930280193686,0 -52.837480287998915,47.527764905244112,0 -52.837679525837302,47.527599614113569,0 -52.837888402864337,47.527439100667834,0 -52.838056376203895,47.527325609698892,0 -52.838148912414908,47.527268696576357,0 -52.838236503303051,47.527215387672186,0 -52.838344294577837,47.527152188122272,0 -52.838454935699701,47.527092173695564,0 -52.838569013401866,47.527032326906919,0 -52.838692562654614,47.526973905041814,0 -52.838805131614208,47.526925709098577,0 -52.838923064991832,47.526876591145992,0 -52.839037477970123,47.526833340525627,0 -52.83914870582521,47.526791514828801,0 -52.839255658909678,47.526753041893244,0 -52.839350374415517,47.526721023023129,0 -52.839452717453241,47.52668933942914,0 -52.839554389938712,47.526657823473215,0 -52.839654637500644,47.526632091030478,0 -52.839751280844212,47.526607532054186,0 -52.839867873117328,47.526579285040498,0 -52.83997206017375,47.526557324454188,0 -52.840053616091609,47.526541901752353,0 -52.840141458436847,47.526526562869549,0 -52.840230977162719,47.52651440910995,0 -52.840317813679576,47.52650217153132,0 -52.840539431199431,47.526474595069885,0 -52.841355409473181,47.526395302265882,0 -52.841623798012733,47.52635951153934,0 -52.84196469001472,47.526323804631829,0 -52.842290913686156,47.526295222342014,0 -52.842656699940562,47.526267562061548,0 -52.84307680092752,47.526243338361382,0 -52.843333538621664,47.526233699172735,0 -52.843637298792601,47.526230178773403,0 -52.843882134184241,47.526230178773403,0 -52.844105092808604,47.526232106611133,0 -52.844339702278376,47.526237135753036,0 -52.84460037946701,47.526241410523653,0 -52.845338992774487,47.526248702779412,0 -52.845595730468631,47.526258006691933,0 -52.845884319394827,47.52627301029861,0 -52.84620501101017,47.526342999190092,0 -52.846505669876933,47.526380214840174,0 -52.846666099503636,47.526392703875899,0 -52.846789313480258,47.526404689997435,0 -52.846891991794109,47.526420196518302,0 -52.847010008990765,47.526444839313626,0 -52.847107658162713,47.526469398289919,0 -52.847213437780738,47.526501333341002,0 -52.847297675907612,47.526536034420133,0 -52.847376214340329,47.526576602831483,0 -52.847448801621795,47.526624966412783,0 -52.847533291205764,47.526698727160692,0 -52.847600597888231,47.52678313292563,0 -52.847643429413438,47.52686326391995,0 -52.847668323665857,47.526941131800413,0 -52.847683494910598,47.527023609727621,0 -52.847690703347325,47.5271041598171,0 -52.847682824358344,47.527146488428116,0 -52.847671676427126,47.527188817039132,0 -52.847653571516275,47.527234079316258,0 -52.847633790224791,47.52727422863245,0 -52.847614260390401,47.52731186337769,0 -52.847590958699584,47.527348324656487,0 -52.847564723342657,47.527384702116251,0 -52.847536141052842,47.527419906109571,0 -52.847504960373044,47.52745158970356,0 -52.847478725016117,47.527475226670504,0 -52.847442263737321,47.527503808960319,0 -52.847404880449176,47.527528116479516,0 -52.84736649133265,47.527554016560316,0 -52.847322821617126,47.527579581364989,0 -52.847274709492922,47.527603218331933,0 -52.847221316769719,47.52762459218502,0 -52.847166834399104,47.527644541114569,0 -52.847110005095601,47.52766122110188,0 -52.847054600715637,47.527675973251462,0 -52.846983689814806,47.527689468115568,0 -52.846929291263223,47.527696676552296,0 -52.846872378140688,47.527701621875167,0 -52.846819991245866,47.527705477550626,0 -52.846757797524333,47.527706231921911,0 -52.846712116152048,47.527706483379006,0 -52.846659729257226,47.527703633531928,0 -52.846612958237529,47.527700616046786,0 -52.846556715667248,47.527694413438439,0 -52.846499299630523,47.527685780078173,0 -52.846439620479941,47.527673961594701,0 -52.846387065947056,47.52766122110188,0 -52.846325039863586,47.527643283829093,0 -52.846276424825191,47.527623837813735,0 -52.846225379034877,47.527601206675172,0 -52.846174333244562,47.527577569708228,0 -52.846129238605499,47.527554016560316,0 -52.846072325482965,47.527516633272171,0 -52.846028571948409,47.527481094002724,0 -52.845984902232885,47.527440777048469,0 -52.84594458527863,47.527399202808738,0 -52.845919271931052,47.527366010472178,0 -52.845881385728717,47.527302978560328,0 -52.845860095694661,47.527255536988378,0 -52.845845762640238,47.527213962748647,0 -52.845831764861941,47.52717113122344,0 -52.845817599445581,47.527109859511256,0 -52.845808211714029,47.527048336341977,0 -52.845801506191492,47.526987735182047,0 -52.84579748287797,47.526923362165689,0 -52.845801506191492,47.526678778231144,0 -52.845803936943412,47.526494041085243,0 -52.845807792618871,47.52609078772366,0 -52.845810139551759,47.525218399241567,0 -52.845900496467948,47.524245092645288,0 -52.845908375456929,47.524181809276342,0 -52.845945172011852,47.523950384929776,0 -52.845994960516691,47.523672441020608,0 -52.846023961901665,47.523539504036307,0 -52.846057908609509,47.523407908156514,0 -52.846097387373447,47.523274384438992,0 -52.846141140908003,47.52314287237823,0 -52.84618841484189,47.523018484935164,0 -52.846237784251571,47.522892169654369,0 -52.846340211108327,47.522640964016318,0 -52.846460239961743,47.522391183301806,0 -52.846595691516995,47.522145677357912,0 -52.846874138340354,47.521685091778636,0 -52.847467241808772,47.520779930055141,0 -52.847583666443825,47.520599383860826,0 -52.848375588655472,47.519339919090271,0 -52.849035328254104,47.518337778747082,0 -52.849727505818009,47.517318204045296,0 -52.849982315674424,47.516946969553828,0 -52.85024399869144,47.516558887436986,0 -52.850567037239671,47.516073575243354,0 -52.850656472146511,47.515933010727167,0 -52.851046901196241,47.515304032713175,0 -52.851344794034958,47.514847805723548,0 -52.851906633004546,47.513944571837783,0 -52.852059938013554,47.513721361756325,0 -52.852214416489005,47.513493541628122,0 -52.852361937984824,47.513270415365696,0 -52.852502167224884,47.513052066788077,0 -52.852655304595828,47.512815613299608,0 -52.85280978307128,47.512573376297951,0 -52.853113207966089,47.512120502069592,0 -52.853297526016831,47.511850520968437,0 -52.853474719449878,47.51158531755209,0 -52.853671694174409,47.511292286217213,0 -52.853810582309961,47.511076787486672,0 -52.853933963924646,47.510880483314395,0 -52.855634903535247,47.508318806067109,0 -52.857400132343173,47.505656629800797,0 -52.857868513092399,47.504897816106677,0 -52.858293140307069,47.50426908954978,0 -52.858884735032916,47.503393180668354,0 -52.859728876501322,47.502143103629351,0 -52.861437359824777,47.49947271309793,0 -52.861602064222097,47.499215304851532,0 -52.862570006400347,47.497726259753108,0 -52.864004233852029,47.495438167825341,0 -52.864210596308112,47.495079590007663,0 -52.86524492315948,47.493282426148653,0 -52.865501577034593,47.492828965187073,0 -52.865841882303357,47.49222781509161,0 </coordinates></LineString></MultiGeometry></Placemark></Folder><Folder><name>[C3 WB] One-way - New Glasgow NS (Dalhousie St)</name><Folder><name>Points</name><Style><ListStyle><listItemType>checkHideChildren</listItemType></ListStyle></Style><Placemark><Style><IconStyle><scale>0.9</scale><Icon><href>http://connect.garmin.com/image/main/icons/kml/grn-play.png</href></Icon></IconStyle></Style><Point><altitudeMode>clampToGround</altitudeMode><coordinates>-62.64151188544929,45.589340999722481,0</coordinates></Point></Placemark><Placemark><styleUrl>#point</styleUrl><Point><altitudeMode>clampToGround</altitudeMode><coordinates>-62.641499061137438,45.589322978630662,0</coordinates></Point></Placemark><Placemark><styleUrl>#point</styleUrl><Point><altitudeMode>clampToGround</altitudeMode><coordinates>-62.641431922093034,45.589193562045693,0</coordinates></Point></Placemark><Placemark><styleUrl>#point</styleUrl><Point><altitudeMode>clampToGround</altitudeMode><coordinates>-62.641430916264653,45.58916162699461,0</coordinates></Point></Placemark><Placemark><styleUrl>#point</styleUrl><Point><altitudeMode>clampToGround</altitudeMode><coordinates>-62.641466539353132,45.589008741080761,0</coordinates></Point></Placemark><Placemark><styleUrl>#point</styleUrl><Point><altitudeMode>clampToGround</altitudeMode><coordinates>-62.641617497429252,45.588854430243373,0</coordinates></Point></Placemark><Placemark><styleUrl>#point</styleUrl><Point><altitudeMode>clampToGround</altitudeMode><coordinates>-62.641832660883665,45.588152697309852,0</coordinates></Point></Placemark><Placemark><styleUrl>#point</styleUrl><Point><altitudeMode>clampToGround</altitudeMode><coordinates>-62.642035502940416,45.587530508637428,0</coordinates></Point></Placemark><Placemark><styleUrl>#point</styleUrl><Point><altitudeMode>clampToGround</altitudeMode><coordinates>-62.643080893903971,45.587699739262462,0</coordinates></Point></Placemark><Placemark><styleUrl>#point</styleUrl><Point><altitudeMode>clampToGround</altitudeMode><coordinates>-62.644174480810761,45.587876681238413,0</coordinates></Point></Placemark><Placemark><styleUrl>#point</styleUrl><Point><altitudeMode>clampToGround</altitudeMode><coordinates>-62.644876800477505,45.58799528516829,0</coordinates></Point></Placemark><Placemark><styleUrl>#point</styleUrl><Point><altitudeMode>clampToGround</altitudeMode><coordinates>-62.645144518464804,45.588046414777637,0</coordinates></Point></Placemark><Placemark><styleUrl>#point</styleUrl><Point><altitudeMode>clampToGround</altitudeMode><coordinates>-62.645723791792989,45.588152362033725,0</coordinates></Point></Placemark><Placemark><styleUrl>#point</styleUrl><Point><altitudeMode>clampToGround</altitudeMode><coordinates>-62.64582110568881,45.588185135275126,0</coordinates></Point></Placemark><Placemark><styleUrl>#point</styleUrl><Point><altitudeMode>clampToGround</altitudeMode><coordinates>-62.645885981619358,45.5882210098207,0</coordinates></Point></Placemark><Placemark><styleUrl>#point</styleUrl><Point><altitudeMode>clampToGround</altitudeMode><coordinates>-62.645926382392645,45.588250514119864,0</coordinates></Point></Placemark><Placemark><styleUrl>#point</styleUrl><Point><altitudeMode>clampToGround</altitudeMode><coordinates>-62.645949013531208,45.588277084752917,0</coordinates></Point></Placemark><Placemark><styleUrl>#point</styleUrl><Point><altitudeMode>clampToGround</altitudeMode><coordinates>-62.645992180332541,45.588340787217021,0</coordinates></Point></Placemark><Placemark><styleUrl>#point</styleUrl><Point><altitudeMode>clampToGround</altitudeMode><coordinates>-62.64597600325942,45.588404070585966,0</coordinates></Point></Placemark><Placemark><styleUrl>#point</styleUrl><Point><altitudeMode>clampToGround</altitudeMode><coordinates>-62.645926298573613,45.588508006185293,0</coordinates></Point></Placemark><Placemark><styleUrl>#point</styleUrl><Point><altitudeMode>clampToGround</altitudeMode><coordinates>-62.645720774307847,45.588932298123837,0</coordinates></Point></Placemark><Placemark><styleUrl>#point</styleUrl><Point><altitudeMode>clampToGround</altitudeMode><coordinates>-62.645621532574296,45.589137319475412,0</coordinates></Point></Placemark><Placemark><styleUrl>#point</styleUrl><Point><altitudeMode>clampToGround</altitudeMode><coordinates>-62.645474430173635,45.589464968070388,0</coordinates></Point></Placemark></Folder><Placemark><name>[C3 WB] One-way - New Glasgow NS (Dalhousie St)</name><Style><LineStyle><color>ff006000</color><width>4</width></LineStyle></Style><MultiGeometry><LineString><coordinates>-62.64151188544929,45.589340999722481,0 -62.641499061137438,45.589322978630662,0 -62.641431922093034,45.589193562045693,0 -62.641430916264653,45.58916162699461,0 -62.641466539353132,45.589008741080761,0 -62.641617497429252,45.588854430243373,0 -62.641832660883665,45.588152697309852,0 -62.642035502940416,45.587530508637428,0 -62.643080893903971,45.587699739262462,0 -62.644174480810761,45.587876681238413,0 -62.644876800477505,45.58799528516829,0 -62.645144518464804,45.588046414777637,0 -62.645723791792989,45.588152362033725,0 -62.64582110568881,45.588185135275126,0 -62.645885981619358,45.5882210098207,0 -62.645926382392645,45.588250514119864,0 -62.645949013531208,45.588277084752917,0 -62.645992180332541,45.588340787217021,0 -62.64597600325942,45.588404070585966,0 -62.645926298573613,45.588508006185293,0 -62.645720774307847,45.588932298123837,0 -62.645621532574296,45.589137319475412,0 -62.645474430173635,45.589464968070388,0 </coordinates></LineString></MultiGeometry></Placemark></Folder><Folder><name>[CA]  One-way - Saanich BC (Vernon Ave Hwy 17 to Lochside Trail via Saanich Municipal Hall Parking lot)</name><Folder><name>Points</name><Style><ListStyle><listItemType>checkHideChildren</listItemType></ListStyle></Style><Placemark><Style><IconStyle><scale>0.9</scale><Icon><href>http://connect.garmin.com/image/main/icons/kml/grn-play.png</href></Icon></IconStyle></Style><Point><altitudeMode>clampToGround</altitudeMode><coordinates>-123.37333328090608,48.457474708557129,0</coordinates></Point></Placemark><Placemark><styleUrl>#point</styleUrl><Point><altitudeMode>clampToGround</altitudeMode><coordinates>-123.37526120245457,48.458353718742728,0</coordinates></Point></Placemark><Placemark><styleUrl>#point</styleUrl><Point><altitudeMode>clampToGround</altitudeMode><coordinates>-123.37542741559446,48.458353718742728,0</coordinates></Point></Placemark><Placemark><styleUrl>#point</styleUrl><Point><altitudeMode>clampToGround</altitudeMode><coordinates>-123.37552841752768,48.458398981019855,0</coordinates></Point></Placemark><Placemark><styleUrl>#point</styleUrl><Point><altitudeMode>clampToGround</altitudeMode><coordinates>-123.37556479498744,48.458415409550071,0</coordinates></Point></Placemark><Placemark><styleUrl>#point</styleUrl><Point><altitudeMode>clampToGround</altitudeMode><coordinates>-123.37589043192565,48.458563266322017,0</coordinates></Point></Placemark><Placemark><styleUrl>#point</styleUrl><Point><altitudeMode>clampToGround</altitudeMode><coordinates>-123.3760277274996,48.458626298233867,0</coordinates></Point></Placemark><Placemark><styleUrl>#point</styleUrl><Point><altitudeMode>clampToGround</altitudeMode><coordinates>-123.37595773860812,48.458690922707319,0</coordinates></Point></Placemark><Placemark><styleUrl>#point</styleUrl><Point><altitudeMode>clampToGround</altitudeMode><coordinates>-123.3759346883744,48.458714475855231,0</coordinates></Point></Placemark><Placemark><styleUrl>#point</styleUrl><Point><altitudeMode>clampToGround</altitudeMode><coordinates>-123.37589009664953,48.458758564665914,0</coordinates></Point></Placemark><Placemark><styleUrl>#point</styleUrl><Point><altitudeMode>clampToGround</altitudeMode><coordinates>-123.37569203227758,48.458876414224505,0</coordinates></Point></Placemark><Placemark><styleUrl>#point</styleUrl><Point><altitudeMode>clampToGround</altitudeMode><coordinates>-123.37548332288861,48.459070539101958,0</coordinates></Point></Placemark><Placemark><styleUrl>#point</styleUrl><Point><altitudeMode>clampToGround</altitudeMode><coordinates>-123.37519926019013,48.459265921264887,0</coordinates></Point></Placemark><Placemark><styleUrl>#point</styleUrl><Point><altitudeMode>clampToGround</altitudeMode><coordinates>-123.37543252855539,48.459424423053861,0</coordinates></Point></Placemark><Placemark><styleUrl>#point</styleUrl><Point><altitudeMode>clampToGround</altitudeMode><coordinates>-123.37542431429029,48.45948887988925,0</coordinates></Point></Placemark><Placemark><styleUrl>#point</styleUrl><Point><altitudeMode>clampToGround</altitudeMode><coordinates>-123.37528576143086,48.459483599290252,0</coordinates></Point></Placemark><Placemark><styleUrl>#point</styleUrl><Point><altitudeMode>clampToGround</altitudeMode><coordinates>-123.37506137788296,48.459502961486578,0</coordinates></Point></Placemark><Placemark><styleUrl>#point</styleUrl><Point><altitudeMode>clampToGround</altitudeMode><coordinates>-123.37492383085191,48.459522826597095,0</coordinates></Point></Placemark><Placemark><styleUrl>#point</styleUrl><Point><altitudeMode>clampToGround</altitudeMode><coordinates>-123.37490337900817,48.459525676444173,0</coordinates></Point></Placemark><Placemark><styleUrl>#point</styleUrl><Point><altitudeMode>clampToGround</altitudeMode><coordinates>-123.37476256303489,48.459577141329646,0</coordinates></Point></Placemark><Placemark><styleUrl>#point</styleUrl><Point><altitudeMode>clampToGround</altitudeMode><coordinates>-123.37463800795376,48.459525173529983,0</coordinates></Point></Placemark></Folder><Placemark><name>[CA]  One-way - Saanich BC (Vernon Ave Hwy 17 to Lochside Trail via Saanich Municipal Hall Parking lot)</name><Style><LineStyle><color>ff606060</color><width>4</width></LineStyle></Style><MultiGeometry><LineString><coordinates>-123.37333328090608,48.457474708557129,0 -123.37526120245457,48.458353718742728,0 -123.37542741559446,48.458353718742728,0 -123.37552841752768,48.458398981019855,0 -123.37556479498744,48.458415409550071,0 -123.37589043192565,48.458563266322017,0 -123.3760277274996,48.458626298233867,0 -123.37595773860812,48.458690922707319,0 -123.3759346883744,48.458714475855231,0 -123.37589009664953,48.458758564665914,0 -123.37569203227758,48.458876414224505,0 -123.37548332288861,48.459070539101958,0 -123.37519926019013,48.459265921264887,0 -123.37543252855539,48.459424423053861,0 -123.37542431429029,48.45948887988925,0 -123.37528576143086,48.459483599290252,0 -123.37506137788296,48.459502961486578,0 -123.37492383085191,48.459522826597095,0 -123.37490337900817,48.459525676444173,0 -123.37476256303489,48.459577141329646,0 -123.37463800795376,48.459525173529983,0 </coordinates></LineString></MultiGeometry></Placemark></Folder><Folder><name>[CA] One-way - Saanich BC (Blanchard Street Hwy 17 to Galloping Goose-Lochside Trail via Ravine Way)</name><Folder><name>Points</name><Style><ListStyle><listItemType>checkHideChildren</listItemType></ListStyle></Style><Placemark><Style><IconStyle><scale>0.9</scale><Icon><href>http://connect.garmin.com/image/main/icons/kml/grn-play.png</href></Icon></IconStyle></Style><Point><altitudeMode>clampToGround</altitudeMode><coordinates>-123.37846778333187,48.458897033706307,0</coordinates></Point></Placemark><Placemark><styleUrl>#point</styleUrl><Point><altitudeMode>clampToGround</altitudeMode><coordinates>-123.37841673754156,48.458749763667583,0</coordinates></Point></Placemark><Placemark><styleUrl>#point</styleUrl><Point><altitudeMode>clampToGround</altitudeMode><coordinates>-123.37835647165775,48.458610372617841,0</coordinates></Point></Placemark><Placemark><styleUrl>#point</styleUrl><Point><altitudeMode>clampToGround</altitudeMode><coordinates>-123.37832881137729,48.458560584113002,0</coordinates></Point></Placemark><Placemark><styleUrl>#point</styleUrl><Point><altitudeMode>clampToGround</altitudeMode><coordinates>-123.37828950025141,48.458489840850234,0</coordinates></Point></Placemark><Placemark><styleUrl>#point</styleUrl><Point><altitudeMode>clampToGround</altitudeMode><coordinates>-123.3782088663429,48.458368135616183,0</coordinates></Point></Placemark><Placemark><styleUrl>#point</styleUrl><Point><altitudeMode>clampToGround</altitudeMode><coordinates>-123.37809629738331,48.458235701546073,0</coordinates></Point></Placemark><Placemark><styleUrl>#point</styleUrl><Point><altitudeMode>clampToGround</altitudeMode><coordinates>-123.37796319276094,48.45811290666461,0</coordinates></Point></Placemark><Placemark><styleUrl>#point</styleUrl><Point><altitudeMode>clampToGround</altitudeMode><coordinates>-123.37786311283708,48.458030177280307,0</coordinates></Point></Placemark><Placemark><styleUrl>#point</styleUrl><Point><altitudeMode>clampToGround</altitudeMode><coordinates>-123.37766647338867,48.457897994667292,0</coordinates></Point></Placemark><Placemark><styleUrl>#point</styleUrl><Point><altitudeMode>clampToGround</altitudeMode><coordinates>-123.37740453891456,48.457761704921722,0</coordinates></Point></Placemark><Placemark><styleUrl>#point</styleUrl><Point><altitudeMode>clampToGround</altitudeMode><coordinates>-123.37710983119905,48.457629019394517,0</coordinates></Point></Placemark><Placemark><styleUrl>#point</styleUrl><Point><altitudeMode>clampToGround</altitudeMode><coordinates>-123.37659400887787,48.457395164296031,0</coordinates></Point></Placemark><Placemark><styleUrl>#point</styleUrl><Point><altitudeMode>clampToGround</altitudeMode><coordinates>-123.37647113017738,48.457337329164147,0</coordinates></Point></Placemark><Placemark><styleUrl>#point</styleUrl><Point><altitudeMode>clampToGround</altitudeMode><coordinates>-123.3764785900712,48.457219395786524,0</coordinates></Point></Placemark><Placemark><styleUrl>#point</styleUrl><Point><altitudeMode>clampToGround</altitudeMode><coordinates>-123.37651186622679,48.457170864567161,0</coordinates></Point></Placemark><Placemark><styleUrl>#point</styleUrl><Point><altitudeMode>clampToGround</altitudeMode><coordinates>-123.37664513848722,48.457011105492711,0</coordinates></Point></Placemark><Placemark><styleUrl>#point</styleUrl><Point><altitudeMode>clampToGround</altitudeMode><coordinates>-123.37694454006851,48.45672226510942,0</coordinates></Point></Placemark><Placemark><styleUrl>#point</styleUrl><Point><altitudeMode>clampToGround</altitudeMode><coordinates>-123.37698737159371,48.456687396392226,0</coordinates></Point></Placemark><Placemark><styleUrl>#point</styleUrl><Point><altitudeMode>clampToGround</altitudeMode><coordinates>-123.37702919729054,48.45665336586535,0</coordinates></Point></Placemark><Placemark><styleUrl>#point</styleUrl><Point><altitudeMode>clampToGround</altitudeMode><coordinates>-123.37707839906216,48.456639368087053,0</coordinates></Point></Placemark><Placemark><styleUrl>#point</styleUrl><Point><altitudeMode>clampToGround</altitudeMode><coordinates>-123.37711712345481,48.456621430814266,0</coordinates></Point></Placemark><Placemark><styleUrl>#point</styleUrl><Point><altitudeMode>clampToGround</altitudeMode><coordinates>-123.37727101519704,48.456468796357512,0</coordinates></Point></Placemark><Placemark><styleUrl>#point</styleUrl><Point><altitudeMode>clampToGround</altitudeMode><coordinates>-123.37729792110622,48.456437531858683,0</coordinates></Point></Placemark><Placemark><styleUrl>#point</styleUrl><Point><altitudeMode>clampToGround</altitudeMode><coordinates>-123.37730328552425,48.456418085843325,0</coordinates></Point></Placemark><Placemark><styleUrl>#point</styleUrl><Point><altitudeMode>clampToGround</altitudeMode><coordinates>-123.37729699909687,48.456393610686064,0</coordinates></Point></Placemark><Placemark><styleUrl>#point</styleUrl><Point><altitudeMode>clampToGround</altitudeMode><coordinates>-123.37733563967049,48.456383300945163,0</coordinates></Point></Placemark><Placemark><styleUrl>#point</styleUrl><Point><altitudeMode>clampToGround</altitudeMode><coordinates>-123.37743437848985,48.456359831616282,0</coordinates></Point></Placemark><Placemark><styleUrl>#point</styleUrl><Point><altitudeMode>clampToGround</altitudeMode><coordinates>-123.37753722444177,48.456335440278053,0</coordinates></Point></Placemark><Placemark><styleUrl>#point</styleUrl><Point><altitudeMode>clampToGround</altitudeMode><coordinates>-123.37758332490921,48.456310294568539,0</coordinates></Point></Placemark><Placemark><styleUrl>#point</styleUrl><Point><altitudeMode>clampToGround</altitudeMode><coordinates>-123.37749456055462,48.45609387382865,0</coordinates></Point></Placemark><Placemark><styleUrl>#point</styleUrl><Point><altitudeMode>clampToGround</altitudeMode><coordinates>-123.37741451337934,48.45593947917223,0</coordinates></Point></Placemark><Placemark><styleUrl>#point</styleUrl><Point><altitudeMode>clampToGround</altitudeMode><coordinates>-123.37742876261473,48.455908298492432,0</coordinates></Point></Placemark><Placemark><styleUrl>#point</styleUrl><Point><altitudeMode>clampToGround</altitudeMode><coordinates>-123.37742482312024,48.455865886062384,0</coordinates></Point></Placemark><Placemark><styleUrl>#point</styleUrl><Point><altitudeMode>clampToGround</altitudeMode><coordinates>-123.37743286974728,48.455852475017309,0</coordinates></Point></Placemark><Placemark><styleUrl>#point</styleUrl><Point><altitudeMode>clampToGround</altitudeMode><coordinates>-123.37744636461139,48.455835375934839,0</coordinates></Point></Placemark><Placemark><styleUrl>#point</styleUrl><Point><altitudeMode>clampToGround</altitudeMode><coordinates>-123.37746589444578,48.455826574936509,0</coordinates></Point></Placemark><Placemark><styleUrl>#point</styleUrl><Point><altitudeMode>clampToGround</altitudeMode><coordinates>-123.37751811370254,48.455806877464056,0</coordinates></Point></Placemark><Placemark><styleUrl>#point</styleUrl><Point><altitudeMode>clampToGround</altitudeMode><coordinates>-123.37764560244977,48.455772427842021,0</coordinates></Point></Placemark></Folder><Placemark><name>[CA] One-way - Saanich BC (Blanchard Street Hwy 17 to Galloping Goose-Lochside Trail via Ravine Way)</name><Style><LineStyle><color>ff606060</color><width>4</width></LineStyle></Style><MultiGeometry><LineString><coordinates>-123.37846778333187,48.458897033706307,0 -123.37841673754156,48.458749763667583,0 -123.37835647165775,48.458610372617841,0 -123.37832881137729,48.458560584113002,0 -123.37828950025141,48.458489840850234,0 -123.3782088663429,48.458368135616183,0 -123.37809629738331,48.458235701546073,0 -123.37796319276094,48.45811290666461,0 -123.37786311283708,48.458030177280307,0 -123.37766647338867,48.457897994667292,0 -123.37740453891456,48.457761704921722,0 -123.37710983119905,48.457629019394517,0 -123.37659400887787,48.457395164296031,0 -123.37647113017738,48.457337329164147,0 -123.3764785900712,48.457219395786524,0 -123.37651186622679,48.457170864567161,0 -123.37664513848722,48.457011105492711,0 -123.37694454006851,48.45672226510942,0 -123.37698737159371,48.456687396392226,0 -123.37702919729054,48.45665336586535,0 -123.37707839906216,48.456639368087053,0 -123.37711712345481,48.456621430814266,0 -123.37727101519704,48.456468796357512,0 -123.37729792110622,48.456437531858683,0 -123.37730328552425,48.456418085843325,0 -123.37729699909687,48.456393610686064,0 -123.37733563967049,48.456383300945163,0 -123.37743437848985,48.456359831616282,0 -123.37753722444177,48.456335440278053,0 -123.37758332490921,48.456310294568539,0 -123.37749456055462,48.45609387382865,0 -123.37741451337934,48.45593947917223,0 -123.37742876261473,48.455908298492432,0 -123.37742482312024,48.455865886062384,0 -123.37743286974728,48.455852475017309,0 -123.37744636461139,48.455835375934839,0 -123.37746589444578,48.455826574936509,0 -123.37751811370254,48.455806877464056,0 -123.37764560244977,48.455772427842021,0 </coordinates></LineString></MultiGeometry></Placemark></Folder><Folder><name>[CA] One-way - Saanich BC (Douglas Street to Galloping Goose Lochside Trail Junction)</name><Folder><name>Points</name><Style><ListStyle><listItemType>checkHideChildren</listItemType></ListStyle></Style><Placemark><Style><IconStyle><scale>0.9</scale><Icon><href>http://connect.garmin.com/image/main/icons/kml/grn-play.png</href></Icon></IconStyle></Style><Point><altitudeMode>clampToGround</altitudeMode><coordinates>-123.37656391784549,48.454549424350262,0</coordinates></Point></Placemark><Placemark><styleUrl>#point</styleUrl><Point><altitudeMode>clampToGround</altitudeMode><coordinates>-123.3766427077353,48.454612623900175,0</coordinates></Point></Placemark><Placemark><styleUrl>#point</styleUrl><Point><altitudeMode>clampToGround</altitudeMode><coordinates>-123.37677480652928,48.454719493165612,0</coordinates></Point></Placemark><Placemark><styleUrl>#point</styleUrl><Point><altitudeMode>clampToGround</altitudeMode><coordinates>-123.37698988616467,48.454866092652082,0</coordinates></Point></Placemark><Placemark><styleUrl>#point</styleUrl><Point><altitudeMode>clampToGround</altitudeMode><coordinates>-123.37712232023478,48.454949241131544,0</coordinates></Point></Placemark><Placemark><styleUrl>#point</styleUrl><Point><altitudeMode>clampToGround</altitudeMode><coordinates>-123.37717277929187,48.454980924725533,0</coordinates></Point></Placemark><Placemark><styleUrl>#point</styleUrl><Point><altitudeMode>clampToGround</altitudeMode><coordinates>-123.3772436901927,48.455024510622025,0</coordinates></Point></Placemark><Placemark><styleUrl>#point</styleUrl><Point><altitudeMode>clampToGround</altitudeMode><coordinates>-123.37715920060873,48.455092320218682,0</coordinates></Point></Placemark><Placemark><styleUrl>#point</styleUrl><Point><altitudeMode>clampToGround</altitudeMode><coordinates>-123.377331700176,48.455203212797642,0</coordinates></Point></Placemark><Placemark><styleUrl>#point</styleUrl><Point><altitudeMode>clampToGround</altitudeMode><coordinates>-123.37735860608518,48.455226263031363,0</coordinates></Point></Placemark><Placemark><styleUrl>#point</styleUrl><Point><altitudeMode>clampToGround</altitudeMode><coordinates>-123.37738760747015,48.455253420397639,0</coordinates></Point></Placemark><Placemark><styleUrl>#point</styleUrl><Point><altitudeMode>clampToGround</altitudeMode><coordinates>-123.37743471376598,48.455291306599975,0</coordinates></Point></Placemark><Placemark><styleUrl>#point</styleUrl><Point><altitudeMode>clampToGround</altitudeMode><coordinates>-123.37751559913158,48.455330533906817,0</coordinates></Point></Placemark><Placemark><styleUrl>#point</styleUrl><Point><altitudeMode>clampToGround</altitudeMode><coordinates>-123.37758106179535,48.45534436404705,0</coordinates></Point></Placemark><Placemark><styleUrl>#point</styleUrl><Point><altitudeMode>clampToGround</altitudeMode><coordinates>-123.37768197990954,48.455360038205981,0</coordinates></Point></Placemark><Placemark><styleUrl>#point</styleUrl><Point><altitudeMode>clampToGround</altitudeMode><coordinates>-123.37775766849518,48.455364061519504,0</coordinates></Point></Placemark><Placemark><styleUrl>#point</styleUrl><Point><altitudeMode>clampToGround</altitudeMode><coordinates>-123.37784827686846,48.455385183915496,0</coordinates></Point></Placemark><Placemark><styleUrl>#point</styleUrl><Point><altitudeMode>clampToGround</altitudeMode><coordinates>-123.37791332043707,48.455413598567247,0</coordinates></Point></Placemark><Placemark><styleUrl>#point</styleUrl><Point><altitudeMode>clampToGround</altitudeMode><coordinates>-123.37795112282038,48.455440336838365,0</coordinates></Point></Placemark><Placemark><styleUrl>#point</styleUrl><Point><altitudeMode>clampToGround</altitudeMode><coordinates>-123.37798666208982,48.455466320738196,0</coordinates></Point></Placemark><Placemark><styleUrl>#point</styleUrl><Point><altitudeMode>clampToGround</altitudeMode><coordinates>-123.37802337482572,48.455501608550549,0</coordinates></Point></Placemark><Placemark><styleUrl>#point</styleUrl><Point><altitudeMode>clampToGround</altitudeMode><coordinates>-123.37804860435426,48.455547541379929,0</coordinates></Point></Placemark><Placemark><styleUrl>#point</styleUrl><Point><altitudeMode>clampToGround</altitudeMode><coordinates>-123.37806888855994,48.455646615475416,0</coordinates></Point></Placemark><Placemark><styleUrl>#point</styleUrl><Point><altitudeMode>clampToGround</altitudeMode><coordinates>-123.37807073257864,48.455744767561555,0</coordinates></Point></Placemark><Placemark><styleUrl>#point</styleUrl><Point><altitudeMode>clampToGround</altitudeMode><coordinates>-123.37806251831353,48.455848200246692,0</coordinates></Point></Placemark><Placemark><styleUrl>#point</styleUrl><Point><altitudeMode>clampToGround</altitudeMode><coordinates>-123.37805598042905,48.455901173874736,0</coordinates></Point></Placemark><Placemark><styleUrl>#point</styleUrl><Point><altitudeMode>clampToGround</altitudeMode><coordinates>-123.37803703732789,48.456014413386583,0</coordinates></Point></Placemark><Placemark><styleUrl>#point</styleUrl><Point><altitudeMode>clampToGround</altitudeMode><coordinates>-123.37802672758698,48.456070572137833,0</coordinates></Point></Placemark><Placemark><styleUrl>#point</styleUrl><Point><altitudeMode>clampToGround</altitudeMode><coordinates>-123.3779776096344,48.456125389784575,0</coordinates></Point></Placemark><Placemark><styleUrl>#point</styleUrl><Point><altitudeMode>clampToGround</altitudeMode><coordinates>-123.3778512943536,48.45623510889709,0</coordinates></Point></Placemark></Folder><Placemark><name>[CA] One-way - Saanich BC (Douglas Street to Galloping Goose Lochside Trail Junction)</name><Style><LineStyle><color>ff606060</color><width>4</width></LineStyle></Style><MultiGeometry><LineString><coordinates>-123.37656391784549,48.454549424350262,0 -123.3766427077353,48.454612623900175,0 -123.37677480652928,48.454719493165612,0 -123.37698988616467,48.454866092652082,0 -123.37712232023478,48.454949241131544,0 -123.37717277929187,48.454980924725533,0 -123.3772436901927,48.455024510622025,0 -123.37715920060873,48.455092320218682,0 -123.377331700176,48.455203212797642,0 -123.37735860608518,48.455226263031363,0 -123.37738760747015,48.455253420397639,0 -123.37743471376598,48.455291306599975,0 -123.37751559913158,48.455330533906817,0 -123.37758106179535,48.45534436404705,0 -123.37768197990954,48.455360038205981,0 -123.37775766849518,48.455364061519504,0 -123.37784827686846,48.455385183915496,0 -123.37791332043707,48.455413598567247,0 -123.37795112282038,48.455440336838365,0 -123.37798666208982,48.455466320738196,0 -123.37802337482572,48.455501608550549,0 -123.37804860435426,48.455547541379929,0 -123.37806888855994,48.455646615475416,0 -123.37807073257864,48.455744767561555,0 -123.37806251831353,48.455848200246692,0 -123.37805598042905,48.455901173874736,0 -123.37803703732789,48.456014413386583,0 -123.37802672758698,48.456070572137833,0 -123.3779776096344,48.456125389784575,0 -123.3778512943536,48.45623510889709,0 </coordinates></LineString></MultiGeometry></Placemark></Folder><Folder><name>[CA] One-way - Saanich BC (Trans-Canada Highway to Galloping Goose via Culduthel Road)</name><Folder><name>Points</name><Style><ListStyle><listItemType>checkHideChildren</listItemType></ListStyle></Style><Placemark><Style><IconStyle><scale>0.9</scale><Icon><href>http://connect.garmin.com/image/main/icons/kml/grn-play.png</href></Icon></IconStyle></Style><Point><altitudeMode>clampToGround</altitudeMode><coordinates>-123.37966279126704,48.455610908567905,0</coordinates></Point></Placemark><Placemark><styleUrl>#point</styleUrl><Point><altitudeMode>clampToGround</altitudeMode><coordinates>-123.37873198091984,48.455380322411656,0</coordinates></Point></Placemark><Placemark><styleUrl>#point</styleUrl><Point><altitudeMode>clampToGround</altitudeMode><coordinates>-123.37844967842102,48.455303041264415,0</coordinates></Point></Placemark><Placemark><styleUrl>#point</styleUrl><Point><altitudeMode>clampToGround</altitudeMode><coordinates>-123.37817751802504,48.455221736803651,0</coordinates></Point></Placemark><Placemark><styleUrl>#point</styleUrl><Point><altitudeMode>clampToGround</altitudeMode><coordinates>-123.37792958132923,48.455133140087128,0</coordinates></Point></Placemark><Placemark><styleUrl>#point</styleUrl><Point><altitudeMode>clampToGround</altitudeMode><coordinates>-123.37768407538533,48.455029875040054,0</coordinates></Point></Placemark><Placemark><styleUrl>#point</styleUrl><Point><altitudeMode>clampToGround</altitudeMode><coordinates>-123.37746036238968,48.454925017431378,0</coordinates></Point></Placemark><Placemark><styleUrl>#point</styleUrl><Point><altitudeMode>clampToGround</altitudeMode><coordinates>-123.37729440070689,48.454835498705506,0</coordinates></Point></Placemark><Placemark><styleUrl>#point</styleUrl><Point><altitudeMode>clampToGround</altitudeMode><coordinates>-123.37711829692125,48.454725779592991,0</coordinates></Point></Placemark><Placemark><styleUrl>#point</styleUrl><Point><altitudeMode>clampToGround</altitudeMode><coordinates>-123.37679752148688,48.454518495127559,0</coordinates></Point></Placemark><Placemark><styleUrl>#point</styleUrl><Point><altitudeMode>clampToGround</altitudeMode><coordinates>-123.37666743434966,48.454417074099183,0</coordinates></Point></Placemark><Placemark><styleUrl>#point</styleUrl><Point><altitudeMode>clampToGround</altitudeMode><coordinates>-123.37653776630759,48.454302912577987,0</coordinates></Point></Placemark><Placemark><styleUrl>#point</styleUrl><Point><altitudeMode>clampToGround</altitudeMode><coordinates>-123.3763662725687,48.454115074127913,0</coordinates></Point></Placemark><Placemark><styleUrl>#point</styleUrl><Point><altitudeMode>clampToGround</altitudeMode><coordinates>-123.37625118903816,48.453970067203045,0</coordinates></Point></Placemark><Placemark><styleUrl>#point</styleUrl><Point><altitudeMode>clampToGround</altitudeMode><coordinates>-123.37645461782813,48.453929498791695,0</coordinates></Point></Placemark><Placemark><styleUrl>#point</styleUrl><Point><altitudeMode>clampToGround</altitudeMode><coordinates>-123.3765562903136,48.453912567347288,0</coordinates></Point></Placemark><Placemark><styleUrl>#point</styleUrl><Point><altitudeMode>clampToGround</altitudeMode><coordinates>-123.37724117562175,48.453831765800714,0</coordinates></Point></Placemark></Folder><Placemark><name>[CA] One-way - Saanich BC (Trans-Canada Highway to Galloping Goose via Culduthel Road)</name><Style><LineStyle><color>ff606060</color><width>4</width></LineStyle></Style><MultiGeometry><LineString><coordinates>-123.37966279126704,48.455610908567905,0 -123.37873198091984,48.455380322411656,0 -123.37844967842102,48.455303041264415,0 -123.37817751802504,48.455221736803651,0 -123.37792958132923,48.455133140087128,0 -123.37768407538533,48.455029875040054,0 -123.37746036238968,48.454925017431378,0 -123.37729440070689,48.454835498705506,0 -123.37711829692125,48.454725779592991,0 -123.37679752148688,48.454518495127559,0 -123.37666743434966,48.454417074099183,0 -123.37653776630759,48.454302912577987,0 -123.3763662725687,48.454115074127913,0 -123.37625118903816,48.453970067203045,0 -123.37645461782813,48.453929498791695,0 -123.3765562903136,48.453912567347288,0 -123.37724117562175,48.453831765800714,0 </coordinates></LineString></MultiGeometry></Placemark></Folder><Folder><name>[CA] One-way - Saanich BC (Vernon Ave Hwy 17 at Saanich Road to Nigel Gate to Nigel Ave to Lochside Trail)</name><Folder><name>Points</name><Style><ListStyle><listItemType>checkHideChildren</listItemType></ListStyle></Style><Placemark><Style><IconStyle><scale>0.9</scale><Icon><href>http://connect.garmin.com/image/main/icons/kml/grn-play.png</href></Icon></IconStyle></Style><Point><altitudeMode>clampToGround</altitudeMode><coordinates>-123.37107771076262,48.456157492473722,0</coordinates></Point></Placemark><Placemark><styleUrl>#point</styleUrl><Point><altitudeMode>clampToGround</altitudeMode><coordinates>-123.37101861834526,48.456253800541162,0</coordinates></Point></Placemark><Placemark><styleUrl>#point</styleUrl><Point><altitudeMode>clampToGround</altitudeMode><coordinates>-123.37108097970486,48.456349018961191,0</coordinates></Point></Placemark><Placemark><styleUrl>#point</styleUrl><Point><altitudeMode>clampToGround</altitudeMode><coordinates>-123.37117820978165,48.45643350854516,0</coordinates></Point></Placemark><Placemark><styleUrl>#point</styleUrl><Point><altitudeMode>clampToGround</altitudeMode><coordinates>-123.37133729830384,48.4565454069525,0</coordinates></Point></Placemark><Placemark><styleUrl>#point</styleUrl><Point><altitudeMode>clampToGround</altitudeMode><coordinates>-123.37153997272253,48.456646911799908,0</coordinates></Point></Placemark><Placemark><styleUrl>#point</styleUrl><Point><altitudeMode>clampToGround</altitudeMode><coordinates>-123.37218437343836,48.456944385543466,0</coordinates></Point></Placemark><Placemark><styleUrl>#point</styleUrl><Point><altitudeMode>clampToGround</altitudeMode><coordinates>-123.37333328090608,48.457474708557129,0</coordinates></Point></Placemark><Placemark><styleUrl>#point</styleUrl><Point><altitudeMode>clampToGround</altitudeMode><coordinates>-123.37331609800458,48.457491640001535,0</coordinates></Point></Placemark><Placemark><styleUrl>#point</styleUrl><Point><altitudeMode>clampToGround</altitudeMode><coordinates>-123.372981576249,48.45782071352005,0</coordinates></Point></Placemark><Placemark><styleUrl>#point</styleUrl><Point><altitudeMode>clampToGround</altitudeMode><coordinates>-123.37449199520051,48.458529906347394,0</coordinates></Point></Placemark><Placemark><styleUrl>#point</styleUrl><Point><altitudeMode>clampToGround</altitudeMode><coordinates>-123.3745635766536,48.458641385659575,0</coordinates></Point></Placemark><Placemark><styleUrl>#point</styleUrl><Point><altitudeMode>clampToGround</altitudeMode><coordinates>-123.37468997575343,48.45869435928762,0</coordinates></Point></Placemark><Placemark><styleUrl>#point</styleUrl><Point><altitudeMode>clampToGround</altitudeMode><coordinates>-123.37495853193104,48.458757139742374,0</coordinates></Point></Placemark><Placemark><styleUrl>#point</styleUrl><Point><altitudeMode>clampToGround</altitudeMode><coordinates>-123.375079985708,48.458778010681272,0</coordinates></Point></Placemark><Placemark><styleUrl>#point</styleUrl><Point><altitudeMode>clampToGround</altitudeMode><coordinates>-123.37512943893671,48.458814136683941,0</coordinates></Point></Placemark><Placemark><styleUrl>#point</styleUrl><Point><altitudeMode>clampToGround</altitudeMode><coordinates>-123.3752113301307,48.458888316527009,0</coordinates></Point></Placemark><Placemark><styleUrl>#point</styleUrl><Point><altitudeMode>clampToGround</altitudeMode><coordinates>-123.37524980306625,48.458937937393785,0</coordinates></Point></Placemark></Folder><Placemark><name>[CA] One-way - Saanich BC (Vernon Ave Hwy 17 at Saanich Road to Nigel Gate to Nigel Ave to Lochside Trail)</name><Style><LineStyle><color>ff606060</color><width>4</width></LineStyle></Style><MultiGeometry><LineString><coordinates>-123.37107771076262,48.456157492473722,0 -123.37101861834526,48.456253800541162,0 -123.37108097970486,48.456349018961191,0 -123.37117820978165,48.45643350854516,0 -123.37133729830384,48.4565454069525,0 -123.37153997272253,48.456646911799908,0 -123.37218437343836,48.456944385543466,0 -123.37333328090608,48.457474708557129,0 -123.37331609800458,48.457491640001535,0 -123.372981576249,48.45782071352005,0 -123.37449199520051,48.458529906347394,0 -123.3745635766536,48.458641385659575,0 -123.37468997575343,48.45869435928762,0 -123.37495853193104,48.458757139742374,0 -123.375079985708,48.458778010681272,0 -123.37512943893671,48.458814136683941,0 -123.3752113301307,48.458888316527009,0 -123.37524980306625,48.458937937393785,0 </coordinates></LineString></MultiGeometry></Placemark></Folder><Folder><name>[CA] One-way - Vancouver BC (Sea Island Way from Airport to Great Canadian Way)</name><Folder><name>Points</name><Style><ListStyle><listItemType>checkHideChildren</listItemType></ListStyle></Style><Placemark><Style><IconStyle><scale>0.9</scale><Icon><href>http://connect.garmin.com/image/main/icons/kml/grn-play.png</href></Icon></IconStyle></Style><Point><altitudeMode>clampToGround</altitudeMode><coordinates>-123.14007204025984,49.193361634388566,0</coordinates></Point></Placemark><Placemark><styleUrl>#point</styleUrl><Point><altitudeMode>clampToGround</altitudeMode><coordinates>-123.1398599781096,49.193232804536819,0</coordinates></Point></Placemark><Placemark><styleUrl>#point</styleUrl><Point><altitudeMode>clampToGround</altitudeMode><coordinates>-123.13974657095969,49.193189470097423,0</coordinates></Point></Placemark><Placemark><styleUrl>#point</styleUrl><Point><altitudeMode>clampToGround</altitudeMode><coordinates>-123.13969208858907,49.193174634128809,0</coordinates></Point></Placemark><Placemark><styleUrl>#point</styleUrl><Point><altitudeMode>clampToGround</altitudeMode><coordinates>-123.13964213244617,49.193172203376889,0</coordinates></Point></Placemark><Placemark><styleUrl>#point</styleUrl><Point><altitudeMode>clampToGround</altitudeMode><coordinates>-123.13955621793866,49.193177903071046,0</coordinates></Point></Placemark><Placemark><styleUrl>#point</styleUrl><Point><altitudeMode>clampToGround</altitudeMode><coordinates>-123.13940132036805,49.193200785666704,0</coordinates></Point></Placemark><Placemark><styleUrl>#point</styleUrl><Point><altitudeMode>clampToGround</altitudeMode><coordinates>-123.1393398810178,49.193200618028641,0</coordinates></Point></Placemark><Placemark><styleUrl>#point</styleUrl><Point><altitudeMode>clampToGround</altitudeMode><coordinates>-123.13928137533367,49.193190140649676,0</coordinates></Point></Placemark><Placemark><styleUrl>#point</styleUrl><Point><altitudeMode>clampToGround</altitudeMode><coordinates>-123.13900066539645,49.193109422922134,0</coordinates></Point></Placemark><Placemark><styleUrl>#point</styleUrl><Point><altitudeMode>clampToGround</altitudeMode><coordinates>-123.13889471814036,49.193078577518463,0</coordinates></Point></Placemark><Placemark><styleUrl>#point</styleUrl><Point><altitudeMode>clampToGround</altitudeMode><coordinates>-123.13877292908728,49.193043038249016,0</coordinates></Point></Placemark><Placemark><styleUrl>#point</styleUrl><Point><altitudeMode>clampToGround</altitudeMode><coordinates>-123.13866949640214,49.192999619990587,0</coordinates></Point></Placemark><Placemark><styleUrl>#point</styleUrl><Point><altitudeMode>clampToGround</altitudeMode><coordinates>-123.13860193826258,49.192938767373562,0</coordinates></Point></Placemark><Placemark><styleUrl>#point</styleUrl><Point><altitudeMode>clampToGround</altitudeMode><coordinates>-123.13858835957944,49.192913202568889,0</coordinates></Point></Placemark><Placemark><styleUrl>#point</styleUrl><Point><altitudeMode>clampToGround</altitudeMode><coordinates>-123.13857293687761,49.192834915593266,0</coordinates></Point></Placemark><Placemark><styleUrl>#point</styleUrl><Point><altitudeMode>clampToGround</altitudeMode><coordinates>-123.13859640620649,49.192735841497779,0</coordinates></Point></Placemark><Placemark><styleUrl>#point</styleUrl><Point><altitudeMode>clampToGround</altitudeMode><coordinates>-123.13868458382785,49.192573316395283,0</coordinates></Point></Placemark><Placemark><styleUrl>#point</styleUrl><Point><altitudeMode>clampToGround</altitudeMode><coordinates>-123.13871920108795,49.192518582567573,0</coordinates></Point></Placemark><Placemark><styleUrl>#point</styleUrl><Point><altitudeMode>clampToGround</altitudeMode><coordinates>-123.13882933929563,49.192417412996292,0</coordinates></Point></Placemark><Placemark><styleUrl>#point</styleUrl><Point><altitudeMode>clampToGround</altitudeMode><coordinates>-123.13887057825923,49.192330911755562,0</coordinates></Point></Placemark><Placemark><styleUrl>#point</styleUrl><Point><altitudeMode>clampToGround</altitudeMode><coordinates>-123.13889907673001,49.192281207069755,0</coordinates></Point></Placemark><Placemark><styleUrl>#point</styleUrl><Point><altitudeMode>clampToGround</altitudeMode><coordinates>-123.13895917497575,49.192231083288789,0</coordinates></Point></Placemark><Placemark><styleUrl>#point</styleUrl><Point><altitudeMode>clampToGround</altitudeMode><coordinates>-123.13899437896907,49.192212224006653,0</coordinates></Point></Placemark><Placemark><styleUrl>#point</styleUrl><Point><altitudeMode>clampToGround</altitudeMode><coordinates>-123.13912337645888,49.192184815183282,0</coordinates></Point></Placemark><Placemark><styleUrl>#point</styleUrl><Point><altitudeMode>clampToGround</altitudeMode><coordinates>-123.13929696567357,49.19219353236258,0</coordinates></Point></Placemark><Placemark><styleUrl>#point</styleUrl><Point><altitudeMode>clampToGround</altitudeMode><coordinates>-123.13936217688024,49.192324122413993,0</coordinates></Point></Placemark><Placemark><styleUrl>#point</styleUrl><Point><altitudeMode>clampToGround</altitudeMode><coordinates>-123.13959217630327,49.19235329143703,0</coordinates></Point></Placemark><Placemark><styleUrl>#point</styleUrl><Point><altitudeMode>clampToGround</altitudeMode><coordinates>-123.13980348408222,49.192347591742873,0</coordinates></Point></Placemark><Placemark><styleUrl>#point</styleUrl><Point><altitudeMode>clampToGround</altitudeMode><coordinates>-123.1400137860328,49.192345160990953,0</coordinates></Point></Placemark><Placemark><styleUrl>#point</styleUrl><Point><altitudeMode>clampToGround</altitudeMode><coordinates>-123.13990976661444,49.192367037758231,0</coordinates></Point></Placemark><Placemark><styleUrl>#point</styleUrl><Point><altitudeMode>clampToGround</altitudeMode><coordinates>-123.13980348408222,49.192381873726845,0</coordinates></Point></Placemark><Placemark><styleUrl>#point</styleUrl><Point><altitudeMode>clampToGround</altitudeMode><coordinates>-123.13928799703717,49.192381706088781,0</coordinates></Point></Placemark><Placemark><styleUrl>#point</styleUrl><Point><altitudeMode>clampToGround</altitudeMode><coordinates>-123.13901667483151,49.192320182919502,0</coordinates></Point></Placemark><Placemark><styleUrl>#point</styleUrl><Point><altitudeMode>clampToGround</altitudeMode><coordinates>-123.13740936107934,49.191944003105164,0</coordinates></Point></Placemark><Placemark><styleUrl>#point</styleUrl><Point><altitudeMode>clampToGround</altitudeMode><coordinates>-123.13671617768705,49.191781813278794,0</coordinates></Point></Placemark><Placemark><styleUrl>#point</styleUrl><Point><altitudeMode>clampToGround</altitudeMode><coordinates>-123.1345084682107,49.191265068948269,0</coordinates></Point></Placemark><Placemark><styleUrl>#point</styleUrl><Point><altitudeMode>clampToGround</altitudeMode><coordinates>-123.13407101668417,49.191167503595352,0</coordinates></Point></Placemark><Placemark><styleUrl>#point</styleUrl><Point><altitudeMode>clampToGround</altitudeMode><coordinates>-123.13372308388352,49.191099023446441,0</coordinates></Point></Placemark><Placemark><styleUrl>#point</styleUrl><Point><altitudeMode>clampToGround</altitudeMode><coordinates>-123.13367128372192,49.191088965162635,0</coordinates></Point></Placemark><Placemark><styleUrl>#point</styleUrl><Point><altitudeMode>clampToGround</altitudeMode><coordinates>-123.13357346691191,49.190996093675494,0</coordinates></Point></Placemark><Placemark><styleUrl>#point</styleUrl><Point><altitudeMode>clampToGround</altitudeMode><coordinates>-123.13353700563312,49.190975725650787,0</coordinates></Point></Placemark><Placemark><styleUrl>#point</styleUrl><Point><altitudeMode>clampToGround</altitudeMode><coordinates>-123.13328898511827,49.190941862761974,0</coordinates></Point></Placemark><Placemark><styleUrl>#point</styleUrl><Point><altitudeMode>clampToGround</altitudeMode><coordinates>-123.13307901844382,49.190923003479838,0</coordinates></Point></Placemark><Placemark><styleUrl>#point</styleUrl><Point><altitudeMode>clampToGround</altitudeMode><coordinates>-123.13301280140877,49.190898863598704,0</coordinates></Point></Placemark><Placemark><styleUrl>#point</styleUrl><Point><altitudeMode>clampToGround</altitudeMode><coordinates>-123.13296326436102,49.190901629626751,0</coordinates></Point></Placemark><Placemark><styleUrl>#point</styleUrl><Point><altitudeMode>clampToGround</altitudeMode><coordinates>-123.13289327546954,49.190900372341275,0</coordinates></Point></Placemark><Placemark><styleUrl>#point</styleUrl><Point><altitudeMode>clampToGround</altitudeMode><coordinates>-123.13266528770328,49.190896265208721,0</coordinates></Point></Placemark><Placemark><styleUrl>#point</styleUrl><Point><altitudeMode>clampToGround</altitudeMode><coordinates>-123.13253846950829,49.190894002094865,0</coordinates></Point></Placemark><Placemark><styleUrl>#point</styleUrl><Point><altitudeMode>clampToGround</altitudeMode><coordinates>-123.13117749989033,49.1908800881356,0</coordinates></Point></Placemark><Placemark><styleUrl>#point</styleUrl><Point><altitudeMode>clampToGround</altitudeMode><coordinates>-123.13104908913374,49.190878495573997,0</coordinates></Point></Placemark><Placemark><styleUrl>#point</styleUrl><Point><altitudeMode>clampToGround</altitudeMode><coordinates>-123.13096476718783,49.190860977396369,0</coordinates></Point></Placemark><Placemark><styleUrl>#point</styleUrl><Point><altitudeMode>clampToGround</altitudeMode><coordinates>-123.13091439194977,49.190841196104884,0</coordinates></Point></Placemark><Placemark><styleUrl>#point</styleUrl><Point><altitudeMode>clampToGround</altitudeMode><coordinates>-123.13089469447732,49.190826527774334,0</coordinates></Point></Placemark><Placemark><styleUrl>#point</styleUrl><Point><altitudeMode>clampToGround</altitudeMode><coordinates>-123.13082227483392,49.190855361521244,0</coordinates></Point></Placemark><Placemark><styleUrl>#point</styleUrl><Point><altitudeMode>clampToGround</altitudeMode><coordinates>-123.13072336837649,49.190895091742277,0</coordinates></Point></Placemark><Placemark><styleUrl>#point</styleUrl><Point><altitudeMode>clampToGround</altitudeMode><coordinates>-123.13060543499887,49.190895259380341,0</coordinates></Point></Placemark><Placemark><styleUrl>#point</styleUrl><Point><altitudeMode>clampToGround</altitudeMode><coordinates>-123.13036680221558,49.190895594656467,0</coordinates></Point></Placemark><Placemark><styleUrl>#point</styleUrl><Point><altitudeMode>clampToGround</altitudeMode><coordinates>-123.13023269176483,49.190895762294531,0</coordinates></Point></Placemark><Placemark><styleUrl>#point</styleUrl><Point><altitudeMode>clampToGround</altitudeMode><coordinates>-123.13021919690073,49.190840860828757,0</coordinates></Point></Placemark><Placemark><styleUrl>#point</styleUrl><Point><altitudeMode>clampToGround</altitudeMode><coordinates>-123.1299802288413,49.190902383998036,0</coordinates></Point></Placemark><Placemark><styleUrl>#point</styleUrl><Point><altitudeMode>clampToGround</altitudeMode><coordinates>-123.12966917641461,49.190960386767983,0</coordinates></Point></Placemark><Placemark><styleUrl>#point</styleUrl><Point><altitudeMode>clampToGround</altitudeMode><coordinates>-123.12836956232786,49.190957034006715,0</coordinates></Point></Placemark><Placemark><styleUrl>#point</styleUrl><Point><altitudeMode>clampToGround</altitudeMode><coordinates>-123.12812238000333,49.190954016521573,0</coordinates></Point></Placemark><Placemark><styleUrl>#point</styleUrl><Point><altitudeMode>clampToGround</altitudeMode><coordinates>-123.1275834236294,49.190949825569987,0</coordinates></Point></Placemark><Placemark><styleUrl>#point</styleUrl><Point><altitudeMode>clampToGround</altitudeMode><coordinates>-123.12602221034467,49.190936330705881,0</coordinates></Point></Placemark><Placemark><styleUrl>#point</styleUrl><Point><altitudeMode>clampToGround</altitudeMode><coordinates>-123.12498570419848,49.19094362296164,0</coordinates></Point></Placemark><Placemark><styleUrl>#point</styleUrl><Point><altitudeMode>clampToGround</altitudeMode><coordinates>-123.12476199120283,49.190824683755636,0</coordinates></Point></Placemark></Folder><Placemark><name>[CA] One-way - Vancouver BC (Sea Island Way from Airport to Great Canadian Way)</name><Style><LineStyle><color>ff606060</color><width>4</width></LineStyle></Style><MultiGeometry><LineString><coordinates>-123.14007204025984,49.193361634388566,0 -123.1398599781096,49.193232804536819,0 -123.13974657095969,49.193189470097423,0 -123.13969208858907,49.193174634128809,0 -123.13964213244617,49.193172203376889,0 -123.13955621793866,49.193177903071046,0 -123.13940132036805,49.193200785666704,0 -123.1393398810178,49.193200618028641,0 -123.13928137533367,49.193190140649676,0 -123.13900066539645,49.193109422922134,0 -123.13889471814036,49.193078577518463,0 -123.13877292908728,49.193043038249016,0 -123.13866949640214,49.192999619990587,0 -123.13860193826258,49.192938767373562,0 -123.13858835957944,49.192913202568889,0 -123.13857293687761,49.192834915593266,0 -123.13859640620649,49.192735841497779,0 -123.13868458382785,49.192573316395283,0 -123.13871920108795,49.192518582567573,0 -123.13882933929563,49.192417412996292,0 -123.13887057825923,49.192330911755562,0 -123.13889907673001,49.192281207069755,0 -123.13895917497575,49.192231083288789,0 -123.13899437896907,49.192212224006653,0 -123.13912337645888,49.192184815183282,0 -123.13929696567357,49.19219353236258,0 -123.13936217688024,49.192324122413993,0 -123.13959217630327,49.19235329143703,0 -123.13980348408222,49.192347591742873,0 -123.1400137860328,49.192345160990953,0 -123.13990976661444,49.192367037758231,0 -123.13980348408222,49.192381873726845,0 -123.13928799703717,49.192381706088781,0 -123.13901667483151,49.192320182919502,0 -123.13740936107934,49.191944003105164,0 -123.13671617768705,49.191781813278794,0 -123.1345084682107,49.191265068948269,0 -123.13407101668417,49.191167503595352,0 -123.13372308388352,49.191099023446441,0 -123.13367128372192,49.191088965162635,0 -123.13357346691191,49.190996093675494,0 -123.13353700563312,49.190975725650787,0 -123.13328898511827,49.190941862761974,0 -123.13307901844382,49.190923003479838,0 -123.13301280140877,49.190898863598704,0 -123.13296326436102,49.190901629626751,0 -123.13289327546954,49.190900372341275,0 -123.13266528770328,49.190896265208721,0 -123.13253846950829,49.190894002094865,0 -123.13117749989033,49.1908800881356,0 -123.13104908913374,49.190878495573997,0 -123.13096476718783,49.190860977396369,0 -123.13091439194977,49.190841196104884,0 -123.13089469447732,49.190826527774334,0 -123.13082227483392,49.190855361521244,0 -123.13072336837649,49.190895091742277,0 -123.13060543499887,49.190895259380341,0 -123.13036680221558,49.190895594656467,0 -123.13023269176483,49.190895762294531,0 -123.13021919690073,49.190840860828757,0 -123.1299802288413,49.190902383998036,0 -123.12966917641461,49.190960386767983,0 -123.12836956232786,49.190957034006715,0 -123.12812238000333,49.190954016521573,0 -123.1275834236294,49.190949825569987,0 -123.12602221034467,49.190936330705881,0 -123.12498570419848,49.19094362296164,0 -123.12476199120283,49.190824683755636,0 </coordinates></LineString></MultiGeometry></Placemark></Folder><Folder><name>[CA] One-way - Victoria BC (Gorge Road East to Galloping Goose)</name><Folder><name>Points</name><Style><ListStyle><listItemType>checkHideChildren</listItemType></ListStyle></Style><Placemark><Style><IconStyle><scale>0.9</scale><Icon><href>http://connect.garmin.com/image/main/icons/kml/grn-play.png</href></Icon></IconStyle></Style><Point><altitudeMode>clampToGround</altitudeMode><coordinates>-123.38189606554806,48.443100331351161,0</coordinates></Point></Placemark><Placemark><styleUrl>#point</styleUrl><Point><altitudeMode>clampToGround</altitudeMode><coordinates>-123.38146079331636,48.443109886720777,0</coordinates></Point></Placemark><Placemark><styleUrl>#point</styleUrl><Point><altitudeMode>clampToGround</altitudeMode><coordinates>-123.38108360767365,48.443096140399575,0</coordinates></Point></Placemark><Placemark><styleUrl>#point</styleUrl><Point><altitudeMode>clampToGround</altitudeMode><coordinates>-123.38057926855981,48.443033108487725,0</coordinates></Point></Placemark><Placemark><styleUrl>#point</styleUrl><Point><altitudeMode>clampToGround</altitudeMode><coordinates>-123.38033962994814,48.443003185093403,0</coordinates></Point></Placemark><Placemark><styleUrl>#point</styleUrl><Point><altitudeMode>clampToGround</altitudeMode><coordinates>-123.3795990049839,48.442892041057348,0</coordinates></Point></Placemark><Placemark><styleUrl>#point</styleUrl><Point><altitudeMode>clampToGround</altitudeMode><coordinates>-123.37935542687774,48.442859435454011,0</coordinates></Point></Placemark><Placemark><styleUrl>#point</styleUrl><Point><altitudeMode>clampToGround</altitudeMode><coordinates>-123.37912651710212,48.442816101014614,0</coordinates></Point></Placemark><Placemark><styleUrl>#point</styleUrl><Point><altitudeMode>clampToGround</altitudeMode><coordinates>-123.37905401363969,48.442795062437654,0</coordinates></Point></Placemark><Placemark><styleUrl>#point</styleUrl><Point><altitudeMode>clampToGround</altitudeMode><coordinates>-123.37888193316758,48.442745190113783,0</coordinates></Point></Placemark><Placemark><styleUrl>#point</styleUrl><Point><altitudeMode>clampToGround</altitudeMode><coordinates>-123.37895812466741,48.442657431587577,0</coordinates></Point></Placemark><Placemark><styleUrl>#point</styleUrl><Point><altitudeMode>clampToGround</altitudeMode><coordinates>-123.3791520819068,48.44267369247973,0</coordinates></Point></Placemark><Placemark><styleUrl>#point</styleUrl><Point><altitudeMode>clampToGround</altitudeMode><coordinates>-123.37932248599827,48.442578138783574,0</coordinates></Point></Placemark><Placemark><styleUrl>#point</styleUrl><Point><altitudeMode>clampToGround</altitudeMode><coordinates>-123.37938928976655,48.442528434097767,0</coordinates></Point></Placemark><Placemark><styleUrl>#point</styleUrl><Point><altitudeMode>clampToGround</altitudeMode><coordinates>-123.37952096946537,48.442497085779905,0</coordinates></Point></Placemark><Placemark><styleUrl>#point</styleUrl><Point><altitudeMode>clampToGround</altitudeMode><coordinates>-123.37971853092313,48.442343696951866,0</coordinates></Point></Placemark><Placemark><styleUrl>#point</styleUrl><Point><altitudeMode>clampToGround</altitudeMode><coordinates>-123.3797491248697,48.442335734143853,0</coordinates></Point></Placemark><Placemark><styleUrl>#point</styleUrl><Point><altitudeMode>clampToGround</altitudeMode><coordinates>-123.37980419397354,48.44235367141664,0</coordinates></Point></Placemark></Folder><Placemark><name>[CA] One-way - Victoria BC (Gorge Road East to Galloping Goose)</name><Style><LineStyle><color>ff606060</color><width>4</width></LineStyle></Style><MultiGeometry><LineString><coordinates>-123.38189606554806,48.443100331351161,0 -123.38146079331636,48.443109886720777,0 -123.38108360767365,48.443096140399575,0 -123.38057926855981,48.443033108487725,0 -123.38033962994814,48.443003185093403,0 -123.3795990049839,48.442892041057348,0 -123.37935542687774,48.442859435454011,0 -123.37912651710212,48.442816101014614,0 -123.37905401363969,48.442795062437654,0 -123.37888193316758,48.442745190113783,0 -123.37895812466741,48.442657431587577,0 -123.3791520819068,48.44267369247973,0 -123.37932248599827,48.442578138783574,0 -123.37938928976655,48.442528434097767,0 -123.37952096946537,48.442497085779905,0 -123.37971853092313,48.442343696951866,0 -123.3797491248697,48.442335734143853,0 -123.37980419397354,48.44235367141664,0 </coordinates></LineString></MultiGeometry></Placemark></Folder><Folder><name>[CL NB] One-way - Montreal QC (Rue Saint-Antoine Ouest)</name><Folder><name>Points</name><Style><ListStyle><listItemType>checkHideChildren</listItemType></ListStyle></Style><Placemark><Style><IconStyle><scale>0.9</scale><Icon><href>http://connect.garmin.com/image/main/icons/kml/grn-play.png</href></Icon></IconStyle></Style><Point><altitudeMode>clampToGround</altitudeMode><coordinates>-73.560360241681337,45.501280976459384,0</coordinates></Point></Placemark><Placemark><styleUrl>#point</styleUrl><Point><altitudeMode>clampToGround</altitudeMode><coordinates>-73.560462919995189,45.501321963965893,0</coordinates></Point></Placemark><Placemark><styleUrl>#point</styleUrl><Point><altitudeMode>clampToGround</altitudeMode><coordinates>-73.560955272987485,45.501487925648689,0</coordinates></Point></Placemark><Placemark><styleUrl>#point</styleUrl><Point><altitudeMode>clampToGround</altitudeMode><coordinates>-73.560990309342742,45.501499073579907,0</coordinates></Point></Placemark><Placemark><styleUrl>#point</styleUrl><Point><altitudeMode>clampToGround</altitudeMode><coordinates>-73.561530774459243,45.501682721078396,0</coordinates></Point></Placemark><Placemark><styleUrl>#point</styleUrl><Point><altitudeMode>clampToGround</altitudeMode><coordinates>-73.561590621247888,45.501703592017293,0</coordinates></Point></Placemark><Placemark><styleUrl>#point</styleUrl><Point><altitudeMode>clampToGround</altitudeMode><coordinates>-73.561573019251227,45.501726139336824,0</coordinates></Point></Placemark><Placemark><styleUrl>#point</styleUrl><Point><altitudeMode>clampToGround</altitudeMode><coordinates>-73.561537060886621,45.501769306138158,0</coordinates></Point></Placemark><Placemark><styleUrl>#point</styleUrl><Point><altitudeMode>clampToGround</altitudeMode><coordinates>-73.561177812516689,45.502209523692727,0</coordinates></Point></Placemark><Placemark><styleUrl>#point</styleUrl><Point><altitudeMode>clampToGround</altitudeMode><coordinates>-73.560383208096027,45.50312926992774,0</coordinates></Point></Placemark><Placemark><styleUrl>#point</styleUrl><Point><altitudeMode>clampToGround</altitudeMode><coordinates>-73.56033056974411,45.503184506669641,0</coordinates></Point></Placemark><Placemark><styleUrl>#point</styleUrl><Point><altitudeMode>clampToGround</altitudeMode><coordinates>-73.560270387679338,45.503260279074311,0</coordinates></Point></Placemark><Placemark><styleUrl>#point</styleUrl><Point><altitudeMode>clampToGround</altitudeMode><coordinates>-73.559546023607254,45.504105007275939,0</coordinates></Point></Placemark><Placemark><styleUrl>#point</styleUrl><Point><altitudeMode>clampToGround</altitudeMode><coordinates>-73.559153582900763,45.50458780489862,0</coordinates></Point></Placemark><Placemark><styleUrl>#point</styleUrl><Point><altitudeMode>clampToGround</altitudeMode><coordinates>-73.559125503525138,45.504623930901289,0</coordinates></Point></Placemark><Placemark><styleUrl>#point</styleUrl><Point><altitudeMode>clampToGround</altitudeMode><coordinates>-73.559092814102769,45.504662403836846,0</coordinates></Point></Placemark><Placemark><styleUrl>#point</styleUrl><Point><altitudeMode>clampToGround</altitudeMode><coordinates>-73.558271639049053,45.505612408742309,0</coordinates></Point></Placemark><Placemark><styleUrl>#point</styleUrl><Point><altitudeMode>clampToGround</altitudeMode><coordinates>-73.558214725926518,45.505687929689884,0</coordinates></Point></Placemark><Placemark><styleUrl>#point</styleUrl><Point><altitudeMode>clampToGround</altitudeMode><coordinates>-73.558172900229692,45.505739813670516,0</coordinates></Point></Placemark><Placemark><styleUrl>#point</styleUrl><Point><altitudeMode>clampToGround</altitudeMode><coordinates>-73.557601924985647,45.506421765312552,0</coordinates></Point></Placemark><Placemark><styleUrl>#point</styleUrl><Point><altitudeMode>clampToGround</altitudeMode><coordinates>-73.557537971064448,45.506496364250779,0</coordinates></Point></Placemark><Placemark><styleUrl>#point</styleUrl><Point><altitudeMode>clampToGround</altitudeMode><coordinates>-73.557285089045763,45.50678662955761,0</coordinates></Point></Placemark><Placemark><styleUrl>#point</styleUrl><Point><altitudeMode>clampToGround</altitudeMode><coordinates>-73.55722825974226,45.506855109706521,0</coordinates></Point></Placemark><Placemark><styleUrl>#point</styleUrl><Point><altitudeMode>clampToGround</altitudeMode><coordinates>-73.55717645958066,45.506924092769623,0</coordinates></Point></Placemark><Placemark><styleUrl>#point</styleUrl><Point><altitudeMode>clampToGround</altitudeMode><coordinates>-73.556599281728268,45.507693216204643,0</coordinates></Point></Placemark><Placemark><styleUrl>#point</styleUrl><Point><altitudeMode>clampToGround</altitudeMode><coordinates>-73.556565502658486,45.507738394662738,0</coordinates></Point></Placemark><Placemark><styleUrl>#point</styleUrl><Point><altitudeMode>clampToGround</altitudeMode><coordinates>-73.556543877348304,45.507767060771585,0</coordinates></Point></Placemark><Placemark><styleUrl>#point</styleUrl><Point><altitudeMode>clampToGround</altitudeMode><coordinates>-73.556036101654172,45.508443815633655,0</coordinates></Point></Placemark><Placemark><styleUrl>#point</styleUrl><Point><altitudeMode>clampToGround</altitudeMode><coordinates>-73.555822866037488,45.508727878332138,0</coordinates></Point></Placemark><Placemark><styleUrl>#point</styleUrl><Point><altitudeMode>clampToGround</altitudeMode><coordinates>-73.555745165795088,45.50883742980659,0</coordinates></Point></Placemark><Placemark><styleUrl>#point</styleUrl><Point><altitudeMode>clampToGround</altitudeMode><coordinates>-73.555016359314322,45.509864464402199,0</coordinates></Point></Placemark><Placemark><styleUrl>#point</styleUrl><Point><altitudeMode>clampToGround</altitudeMode><coordinates>-73.55480320751667,45.51021290011704,0</coordinates></Point></Placemark><Placemark><styleUrl>#point</styleUrl><Point><altitudeMode>clampToGround</altitudeMode><coordinates>-73.554535740986466,45.510702067986131,0</coordinates></Point></Placemark><Placemark><styleUrl>#point</styleUrl><Point><altitudeMode>clampToGround</altitudeMode><coordinates>-73.554478995501995,45.510790999978781,0</coordinates></Point></Placemark><Placemark><styleUrl>#point</styleUrl><Point><altitudeMode>clampToGround</altitudeMode><coordinates>-73.554413868114352,45.510900299996138,0</coordinates></Point></Placemark><Placemark><styleUrl>#point</styleUrl><Point><altitudeMode>clampToGround</altitudeMode><coordinates>-73.554378831759095,45.51095369271934,0</coordinates></Point></Placemark><Placemark><styleUrl>#point</styleUrl><Point><altitudeMode>clampToGround</altitudeMode><coordinates>-73.554342035204172,45.51100498996675,0</coordinates></Point></Placemark><Placemark><styleUrl>#point</styleUrl><Point><altitudeMode>clampToGround</altitudeMode><coordinates>-73.554162159562111,45.511337667703629,0</coordinates></Point></Placemark><Placemark><styleUrl>#point</styleUrl><Point><altitudeMode>clampToGround</altitudeMode><coordinates>-73.55381322093308,45.511956000700593,0</coordinates></Point></Placemark><Placemark><styleUrl>#point</styleUrl><Point><altitudeMode>clampToGround</altitudeMode><coordinates>-73.553798133507371,45.51198273897171,0</coordinates></Point></Placemark><Placemark><styleUrl>#point</styleUrl><Point><altitudeMode>clampToGround</altitudeMode><coordinates>-73.553787907585502,45.512009561061859,0</coordinates></Point></Placemark></Folder><Placemark><name>[CL NB] One-way - Montreal QC (Rue Saint-Antoine Ouest)</name><Style><LineStyle><color>ff808000</color><width>4</width></LineStyle></Style><MultiGeometry><LineString><coordinates>-73.560360241681337,45.501280976459384,0 -73.560462919995189,45.501321963965893,0 -73.560955272987485,45.501487925648689,0 -73.560990309342742,45.501499073579907,0 -73.561530774459243,45.501682721078396,0 -73.561590621247888,45.501703592017293,0 -73.561573019251227,45.501726139336824,0 -73.561537060886621,45.501769306138158,0 -73.561177812516689,45.502209523692727,0 -73.560383208096027,45.50312926992774,0 -73.56033056974411,45.503184506669641,0 -73.560270387679338,45.503260279074311,0 -73.559546023607254,45.504105007275939,0 -73.559153582900763,45.50458780489862,0 -73.559125503525138,45.504623930901289,0 -73.559092814102769,45.504662403836846,0 -73.558271639049053,45.505612408742309,0 -73.558214725926518,45.505687929689884,0 -73.558172900229692,45.505739813670516,0 -73.557601924985647,45.506421765312552,0 -73.557537971064448,45.506496364250779,0 -73.557285089045763,45.50678662955761,0 -73.55722825974226,45.506855109706521,0 -73.55717645958066,45.506924092769623,0 -73.556599281728268,45.507693216204643,0 -73.556565502658486,45.507738394662738,0 -73.556543877348304,45.507767060771585,0 -73.556036101654172,45.508443815633655,0 -73.555822866037488,45.508727878332138,0 -73.555745165795088,45.50883742980659,0 -73.555016359314322,45.509864464402199,0 -73.55480320751667,45.51021290011704,0 -73.554535740986466,45.510702067986131,0 -73.554478995501995,45.510790999978781,0 -73.554413868114352,45.510900299996138,0 -73.554378831759095,45.51095369271934,0 -73.554342035204172,45.51100498996675,0 -73.554162159562111,45.511337667703629,0 -73.55381322093308,45.511956000700593,0 -73.553798133507371,45.51198273897171,0 -73.553787907585502,45.512009561061859,0 </coordinates></LineString></MultiGeometry></Placemark></Folder><Folder><name>[CL WB] One-way - Montreal QC (Avenue Viger Ouest)</name><Folder><name>Points</name><Style><ListStyle><listItemType>checkHideChildren</listItemType></ListStyle></Style><Placemark><Style><IconStyle><scale>0.9</scale><Icon><href>http://connect.garmin.com/image/main/icons/kml/grn-play.png</href></Icon></IconStyle></Style><Point><altitudeMode>clampToGround</altitudeMode><coordinates>-73.555117696523666,45.5124547239393,0</coordinates></Point></Placemark><Placemark><styleUrl>#point</styleUrl><Point><altitudeMode>clampToGround</altitudeMode><coordinates>-73.555145105347037,45.512425219640136,0</coordinates></Point></Placemark><Placemark><styleUrl>#point</styleUrl><Point><altitudeMode>clampToGround</altitudeMode><coordinates>-73.555349623784423,45.512195387855172,0</coordinates></Point></Placemark><Placemark><styleUrl>#point</styleUrl><Point><altitudeMode>clampToGround</altitudeMode><coordinates>-73.555576270446181,45.511954994872212,0</coordinates></Point></Placemark><Placemark><styleUrl>#point</styleUrl><Point><altitudeMode>clampToGround</altitudeMode><coordinates>-73.555790763348341,45.511697502806783,0</coordinates></Point></Placemark><Placemark><styleUrl>#point</styleUrl><Point><altitudeMode>clampToGround</altitudeMode><coordinates>-73.555842563509941,45.511636398732662,0</coordinates></Point></Placemark><Placemark><styleUrl>#point</styleUrl><Point><altitudeMode>clampToGround</altitudeMode><coordinates>-73.555900901556015,45.511567667126656,0</coordinates></Point></Placemark><Placemark><styleUrl>#point</styleUrl><Point><altitudeMode>clampToGround</altitudeMode><coordinates>-73.556646890938282,45.510723106563091,0</coordinates></Point></Placemark><Placemark><styleUrl>#point</styleUrl><Point><altitudeMode>clampToGround</altitudeMode><coordinates>-73.556690560653806,45.510655296966434,0</coordinates></Point></Placemark><Placemark><styleUrl>#point</styleUrl><Point><altitudeMode>clampToGround</altitudeMode><coordinates>-73.556733224540949,45.510589079931378,0</coordinates></Point></Placemark><Placemark><styleUrl>#point</styleUrl><Point><altitudeMode>clampToGround</altitudeMode><coordinates>-73.556847469881177,45.51041616126895,0</coordinates></Point></Placemark><Placemark><styleUrl>#point</styleUrl><Point><altitudeMode>clampToGround</altitudeMode><coordinates>-73.557082330808043,45.510085830464959,0</coordinates></Point></Placemark><Placemark><styleUrl>#point</styleUrl><Point><altitudeMode>clampToGround</altitudeMode><coordinates>-73.557103872299194,45.510052470490336,0</coordinates></Point></Placemark><Placemark><styleUrl>#point</styleUrl><Point><altitudeMode>clampToGround</altitudeMode><coordinates>-73.557126000523567,45.510018523782492,0</coordinates></Point></Placemark><Placemark><styleUrl>#point</styleUrl><Point><altitudeMode>clampToGround</altitudeMode><coordinates>-73.55734552256763,45.509572522714734,0</coordinates></Point></Placemark><Placemark><styleUrl>#point</styleUrl><Point><altitudeMode>clampToGround</altitudeMode><coordinates>-73.557370835915208,45.509521896019578,0</coordinates></Point></Placemark><Placemark><styleUrl>#point</styleUrl><Point><altitudeMode>clampToGround</altitudeMode><coordinates>-73.557393215596676,45.509477304294705,0</coordinates></Point></Placemark><Placemark><styleUrl>#point</styleUrl><Point><altitudeMode>clampToGround</altitudeMode><coordinates>-73.557689096778631,45.508911022916436,0</coordinates></Point></Placemark><Placemark><styleUrl>#point</styleUrl><Point><altitudeMode>clampToGround</altitudeMode><coordinates>-73.55772078037262,45.508865090087056,0</coordinates></Point></Placemark><Placemark><styleUrl>#point</styleUrl><Point><altitudeMode>clampToGround</altitudeMode><coordinates>-73.557747099548578,45.508826868608594,0</coordinates></Point></Placemark><Placemark><styleUrl>#point</styleUrl><Point><altitudeMode>clampToGround</altitudeMode><coordinates>-73.557859500870109,45.50867029465735,0</coordinates></Point></Placemark><Placemark><styleUrl>#point</styleUrl><Point><altitudeMode>clampToGround</altitudeMode><coordinates>-73.558030910789967,45.50843040458858,0</coordinates></Point></Placemark><Placemark><styleUrl>#point</styleUrl><Point><altitudeMode>clampToGround</altitudeMode><coordinates>-73.558153873309493,45.508251618593931,0</coordinates></Point></Placemark><Placemark><styleUrl>#point</styleUrl><Point><altitudeMode>clampToGround</altitudeMode><coordinates>-73.558283876627684,45.508062103763223,0</coordinates></Point></Placemark><Placemark><styleUrl>#point</styleUrl><Point><altitudeMode>clampToGround</altitudeMode><coordinates>-73.55831790715456,45.508019272238016,0</coordinates></Point></Placemark><Placemark><styleUrl>#point</styleUrl><Point><altitudeMode>clampToGround</altitudeMode><coordinates>-73.558342214673758,45.507987504824996,0</coordinates></Point></Placemark><Placemark><styleUrl>#point</styleUrl><Point><altitudeMode>clampToGround</altitudeMode><coordinates>-73.558696769177914,45.507608558982611,0</coordinates></Point></Placemark><Placemark><styleUrl>#point</styleUrl><Point><altitudeMode>clampToGround</altitudeMode><coordinates>-73.558757621794939,45.507545527070761,0</coordinates></Point></Placemark><Placemark><styleUrl>#point</styleUrl><Point><altitudeMode>clampToGround</altitudeMode><coordinates>-73.558815959841013,45.507485093548894,0</coordinates></Point></Placemark><Placemark><styleUrl>#point</styleUrl><Point><altitudeMode>clampToGround</altitudeMode><coordinates>-73.559090802446008,45.507199438288808,0</coordinates></Point></Placemark><Placemark><styleUrl>#point</styleUrl><Point><altitudeMode>clampToGround</altitudeMode><coordinates>-73.559129275381565,45.50715702585876,0</coordinates></Point></Placemark><Placemark><styleUrl>#point</styleUrl><Point><altitudeMode>clampToGround</altitudeMode><coordinates>-73.559164060279727,45.507118804380298,0</coordinates></Point></Placemark><Placemark><styleUrl>#point</styleUrl><Point><altitudeMode>clampToGround</altitudeMode><coordinates>-73.55973101221025,45.506531735882163,0</coordinates></Point></Placemark><Placemark><styleUrl>#point</styleUrl><Point><altitudeMode>clampToGround</altitudeMode><coordinates>-73.559821201488376,45.506442887708545,0</coordinates></Point></Placemark><Placemark><styleUrl>#point</styleUrl><Point><altitudeMode>clampToGround</altitudeMode><coordinates>-73.559878282248974,45.506386812776327,0</coordinates></Point></Placemark><Placemark><styleUrl>#point</styleUrl><Point><altitudeMode>clampToGround</altitudeMode><coordinates>-73.560375077649951,45.505862860009074,0</coordinates></Point></Placemark><Placemark><styleUrl>#point</styleUrl><Point><altitudeMode>clampToGround</altitudeMode><coordinates>-73.560414807870984,45.505821704864502,0</coordinates></Point></Placemark><Placemark><styleUrl>#point</styleUrl><Point><altitudeMode>clampToGround</altitudeMode><coordinates>-73.560444479808211,45.505790859460831,0</coordinates></Point></Placemark><Placemark><styleUrl>#point</styleUrl><Point><altitudeMode>clampToGround</altitudeMode><coordinates>-73.56046543456614,45.50577032379806,0</coordinates></Point></Placemark><Placemark><styleUrl>#point</styleUrl><Point><altitudeMode>clampToGround</altitudeMode><coordinates>-73.56076248921454,45.505415601655841,0</coordinates></Point></Placemark><Placemark><styleUrl>#point</styleUrl><Point><altitudeMode>clampToGround</altitudeMode><coordinates>-73.560907663777471,45.505248885601759,0</coordinates></Point></Placemark><Placemark><styleUrl>#point</styleUrl><Point><altitudeMode>clampToGround</altitudeMode><coordinates>-73.560939095914364,45.505205215886235,0</coordinates></Point></Placemark><Placemark><styleUrl>#point</styleUrl><Point><altitudeMode>clampToGround</altitudeMode><coordinates>-73.560973294079304,45.505157774314284,0</coordinates></Point></Placemark><Placemark><styleUrl>#point</styleUrl><Point><altitudeMode>clampToGround</altitudeMode><coordinates>-73.561114529147744,45.504937665537,0</coordinates></Point></Placemark><Placemark><styleUrl>#point</styleUrl><Point><altitudeMode>clampToGround</altitudeMode><coordinates>-73.561146631836891,45.504876980558038,0</coordinates></Point></Placemark><Placemark><styleUrl>#point</styleUrl><Point><altitudeMode>clampToGround</altitudeMode><coordinates>-73.56117538176477,45.504822498187423,0</coordinates></Point></Placemark><Placemark><styleUrl>#point</styleUrl><Point><altitudeMode>clampToGround</altitudeMode><coordinates>-73.561302786692977,45.504573471844196,0</coordinates></Point></Placemark><Placemark><styleUrl>#point</styleUrl><Point><altitudeMode>clampToGround</altitudeMode><coordinates>-73.561383169144392,45.504430811852217,0</coordinates></Point></Placemark><Placemark><styleUrl>#point</styleUrl><Point><altitudeMode>clampToGround</altitudeMode><coordinates>-73.561402531340718,45.504402313381433,0</coordinates></Point></Placemark><Placemark><styleUrl>#point</styleUrl><Point><altitudeMode>clampToGround</altitudeMode><coordinates>-73.561427006497979,45.50436694175005,0</coordinates></Point></Placemark><Placemark><styleUrl>#point</styleUrl><Point><altitudeMode>clampToGround</altitudeMode><coordinates>-73.56145097874105,45.504332492128015,0</coordinates></Point></Placemark><Placemark><styleUrl>#point</styleUrl><Point><altitudeMode>clampToGround</altitudeMode><coordinates>-73.561749877408147,45.503930663689971,0</coordinates></Point></Placemark><Placemark><styleUrl>#point</styleUrl><Point><altitudeMode>clampToGround</altitudeMode><coordinates>-73.561802096664906,45.503859501332045,0</coordinates></Point></Placemark><Placemark><styleUrl>#point</styleUrl><Point><altitudeMode>clampToGround</altitudeMode><coordinates>-73.561845514923334,45.503800911828876,0</coordinates></Point></Placemark><Placemark><styleUrl>#point</styleUrl><Point><altitudeMode>clampToGround</altitudeMode><coordinates>-73.56223619543016,45.503268325701356,0</coordinates></Point></Placemark><Placemark><styleUrl>#point</styleUrl><Point><altitudeMode>clampToGround</altitudeMode><coordinates>-73.562271231785417,45.503225913271308,0</coordinates></Point></Placemark><Placemark><styleUrl>#point</styleUrl><Point><altitudeMode>clampToGround</altitudeMode><coordinates>-73.562302496284246,45.503184171393514,0</coordinates></Point></Placemark><Placemark><styleUrl>#point</styleUrl><Point><altitudeMode>clampToGround</altitudeMode><coordinates>-73.562514306977391,45.5028878711164,0</coordinates></Point></Placemark><Placemark><styleUrl>#point</styleUrl><Point><altitudeMode>clampToGround</altitudeMode><coordinates>-73.56254163198173,45.502853924408555,0</coordinates></Point></Placemark><Placemark><styleUrl>#point</styleUrl><Point><altitudeMode>clampToGround</altitudeMode><coordinates>-73.562572561204433,45.50281310454011,0</coordinates></Point></Placemark><Placemark><styleUrl>#point</styleUrl><Point><altitudeMode>clampToGround</altitudeMode><coordinates>-73.562923930585384,45.502341790124774,0</coordinates></Point></Placemark><Placemark><styleUrl>#point</styleUrl><Point><altitudeMode>clampToGround</altitudeMode><coordinates>-73.56312258169055,45.502078598365188,0</coordinates></Point></Placemark><Placemark><styleUrl>#point</styleUrl><Point><altitudeMode>clampToGround</altitudeMode><coordinates>-73.563093412667513,45.502015734091401,0</coordinates></Point></Placemark><Placemark><styleUrl>#point</styleUrl><Point><altitudeMode>clampToGround</altitudeMode><coordinates>-73.563147224485874,45.501941805705428,0</coordinates></Point></Placemark><Placemark><styleUrl>#point</styleUrl><Point><altitudeMode>clampToGround</altitudeMode><coordinates>-73.563054101541638,45.501891933381557,0</coordinates></Point></Placemark><Placemark><styleUrl>#point</styleUrl><Point><altitudeMode>clampToGround</altitudeMode><coordinates>-73.562021031975746,45.501440986990929,0</coordinates></Point></Placemark><Placemark><styleUrl>#point</styleUrl><Point><altitudeMode>clampToGround</altitudeMode><coordinates>-73.561927992850542,45.501398826017976,0</coordinates></Point></Placemark><Placemark><styleUrl>#point</styleUrl><Point><altitudeMode>clampToGround</altitudeMode><coordinates>-73.561860686168075,45.501367393881083,0</coordinates></Point></Placemark><Placemark><styleUrl>#point</styleUrl><Point><altitudeMode>clampToGround</altitudeMode><coordinates>-73.561814837157726,45.501345936208963,0</coordinates></Point></Placemark><Placemark><styleUrl>#point</styleUrl><Point><altitudeMode>clampToGround</altitudeMode><coordinates>-73.560895761474967,45.500938827171922,0</coordinates></Point></Placemark><Placemark><styleUrl>#point</styleUrl><Point><altitudeMode>clampToGround</altitudeMode><coordinates>-73.560787132009864,45.500891637057066,0</coordinates></Point></Placemark><Placemark><styleUrl>#point</styleUrl><Point><altitudeMode>clampToGround</altitudeMode><coordinates>-73.560712616890669,45.500944023951888,0</coordinates></Point></Placemark><Placemark><styleUrl>#point</styleUrl><Point><altitudeMode>clampToGround</altitudeMode><coordinates>-73.560413299128413,45.501216016709805,0</coordinates></Point></Placemark><Placemark><styleUrl>#point</styleUrl><Point><altitudeMode>clampToGround</altitudeMode><coordinates>-73.560360241681337,45.501280976459384,0</coordinates></Point></Placemark></Folder><Placemark><name>[CL WB] One-way - Montreal QC (Avenue Viger Ouest)</name><Style><LineStyle><color>ff808000</color><width>4</width></LineStyle></Style><MultiGeometry><LineString><coordinates>-73.555117696523666,45.5124547239393,0 -73.555145105347037,45.512425219640136,0 -73.555349623784423,45.512195387855172,0 -73.555576270446181,45.511954994872212,0 -73.555790763348341,45.511697502806783,0 -73.555842563509941,45.511636398732662,0 -73.555900901556015,45.511567667126656,0 -73.556646890938282,45.510723106563091,0 -73.556690560653806,45.510655296966434,0 -73.556733224540949,45.510589079931378,0 -73.556847469881177,45.51041616126895,0 -73.557082330808043,45.510085830464959,0 -73.557103872299194,45.510052470490336,0 -73.557126000523567,45.510018523782492,0 -73.55734552256763,45.509572522714734,0 -73.557370835915208,45.509521896019578,0 -73.557393215596676,45.509477304294705,0 -73.557689096778631,45.508911022916436,0 -73.55772078037262,45.508865090087056,0 -73.557747099548578,45.508826868608594,0 -73.557859500870109,45.50867029465735,0 -73.558030910789967,45.50843040458858,0 -73.558153873309493,45.508251618593931,0 -73.558283876627684,45.508062103763223,0 -73.55831790715456,45.508019272238016,0 -73.558342214673758,45.507987504824996,0 -73.558696769177914,45.507608558982611,0 -73.558757621794939,45.507545527070761,0 -73.558815959841013,45.507485093548894,0 -73.559090802446008,45.507199438288808,0 -73.559129275381565,45.50715702585876,0 -73.559164060279727,45.507118804380298,0 -73.55973101221025,45.506531735882163,0 -73.559821201488376,45.506442887708545,0 -73.559878282248974,45.506386812776327,0 -73.560375077649951,45.505862860009074,0 -73.560414807870984,45.505821704864502,0 -73.560444479808211,45.505790859460831,0 -73.56046543456614,45.50577032379806,0 -73.56076248921454,45.505415601655841,0 -73.560907663777471,45.505248885601759,0 -73.560939095914364,45.505205215886235,0 -73.560973294079304,45.505157774314284,0 -73.561114529147744,45.504937665537,0 -73.561146631836891,45.504876980558038,0 -73.56117538176477,45.504822498187423,0 -73.561302786692977,45.504573471844196,0 -73.561383169144392,45.504430811852217,0 -73.561402531340718,45.504402313381433,0 -73.561427006497979,45.50436694175005,0 -73.56145097874105,45.504332492128015,0 -73.561749877408147,45.503930663689971,0 -73.561802096664906,45.503859501332045,0 -73.561845514923334,45.503800911828876,0 -73.56223619543016,45.503268325701356,0 -73.562271231785417,45.503225913271308,0 -73.562302496284246,45.503184171393514,0 -73.562514306977391,45.5028878711164,0 -73.56254163198173,45.502853924408555,0 -73.562572561204433,45.50281310454011,0 -73.562923930585384,45.502341790124774,0 -73.56312258169055,45.502078598365188,0 -73.563093412667513,45.502015734091401,0 -73.563147224485874,45.501941805705428,0 -73.563054101541638,45.501891933381557,0 -73.562021031975746,45.501440986990929,0 -73.561927992850542,45.501398826017976,0 -73.561860686168075,45.501367393881083,0 -73.561814837157726,45.501345936208963,0 -73.560895761474967,45.500938827171922,0 -73.560787132009864,45.500891637057066,0 -73.560712616890669,45.500944023951888,0 -73.560413299128413,45.501216016709805,0 -73.560360241681337,45.501280976459384,0 </coordinates></LineString></MultiGeometry></Placemark></Folder></Folder></Document></kml>