<?xml version="1.0" encoding="utf-8"?><gpx creator="Garmin Desktop App" version="1.1" xsi:schemaLocation="http://www.topografix.com/GPX/1/1 http://www.topografix.com/GPX/1/1/gpx.xsd http://www.garmin.com/xmlschemas/WaypointExtension/v1 http://www8.garmin.com/xmlschemas/WaypointExtensionv1.xsd http://www.garmin.com/xmlschemas/TrackPointExtension/v1 http://www.garmin.com/xmlschemas/TrackPointExtensionv1.xsd http://www.garmin.com/xmlschemas/GpxExtensions/v3 http://www8.garmin.com/xmlschemas/GpxExtensionsv3.xsd http://www.garmin.com/xmlschemas/ActivityExtension/v1 http://www8.garmin.com/xmlschemas/ActivityExtensionv1.xsd http://www.garmin.com/xmlschemas/AdventuresExtensions/v1 http://www8.garmin.com/xmlschemas/AdventuresExtensionv1.xsd http://www.garmin.com/xmlschemas/PressureExtension/v1 http://www.garmin.com/xmlschemas/PressureExtensionv1.xsd http://www.garmin.com/xmlschemas/TripExtensions/v1 http://www.garmin.com/xmlschemas/TripExtensionsv1.xsd http://www.garmin.com/xmlschemas/TripMetaDataExtensions/v1 http://www.garmin.com/xmlschemas/TripMetaDataExtensionsv1.xsd http://www.garmin.com/xmlschemas/ViaPointTransportationModeExtensions/v1 http://www.garmin.com/xmlschemas/ViaPointTransportationModeExtensionsv1.xsd http://www.garmin.com/xmlschemas/CreationTimeExtension/v1 http://www.garmin.com/xmlschemas/CreationTimeExtensionsv1.xsd http://www.garmin.com/xmlschemas/AccelerationExtension/v1 http://www.garmin.com/xmlschemas/AccelerationExtensionv1.xsd http://www.garmin.com/xmlschemas/PowerExtension/v1 http://www.garmin.com/xmlschemas/PowerExtensionv1.xsd http://www.garmin.com/xmlschemas/VideoExtension/v1 http://www.garmin.com/xmlschemas/VideoExtensionv1.xsd" xmlns="http://www.topografix.com/GPX/1/1" xmlns:xsi="http://www.w3.org/2001/XMLSchema-instance" xmlns:wptx1="http://www.garmin.com/xmlschemas/WaypointExtension/v1" xmlns:gpxtrx="http://www.garmin.com/xmlschemas/GpxExtensions/v3" xmlns:gpxtpx="http://www.garmin.com/xmlschemas/TrackPointExtension/v1" xmlns:gpxx="http://www.garmin.com/xmlschemas/GpxExtensions/v3" xmlns:trp="http://www.garmin.com/xmlschemas/TripExtensions/v1" xmlns:adv="http://www.garmin.com/xmlschemas/AdventuresExtensions/v1" xmlns:prs="http://www.garmin.com/xmlschemas/PressureExtension/v1" xmlns:tmd="http://www.garmin.com/xmlschemas/TripMetaDataExtensions/v1" xmlns:vptm="http://www.garmin.com/xmlschemas/ViaPointTransportationModeExtensions/v1" xmlns:ctx="http://www.garmin.com/xmlschemas/CreationTimeExtension/v1" xmlns:gpxacc="http://www.garmin.com/xmlschemas/AccelerationExtension/v1" xmlns:gpxpx="http://www.garmin.com/xmlschemas/PowerExtension/v1" xmlns:vidx1="http://www.garmin.com/xmlschemas/VideoExtension/v1">

  <metadata>
    <link href="http://www.garmin.com">
      <text>Garmin International</text>
    </link>
    <time>2024-09-13T15:05:20Z</time>
    <bounds maxlat="55.247291699051857" maxlon="-52.6235032081604" minlat="43.644905090332031" minlon="-130.32023317180574" />
  </metadata>

  <wpt lat="49.239056166261435" lon="-121.76552684046328">
    <time>2022-04-13T20:42:33Z</time>
    <name>Agassiz-Harrison Museum &amp; Visitor Information Centre</name>
    <cmt>area</cmt>
    <desc>area</desc>
    <sym>Information</sym>
    <type>user</type>
    <extensions>
      <gpxx:WaypointExtension>
        <gpxx:DisplayMode>SymbolOnly</gpxx:DisplayMode>
      </gpxx:WaypointExtension>
      <wptx1:WaypointExtension>
        <wptx1:DisplayMode>SymbolOnly</wptx1:DisplayMode>
      </wptx1:WaypointExtension>
      <ctx:CreationTimeExtension>
        <ctx:CreationTime>2022-04-13T20:42:33Z</ctx:CreationTime>
      </ctx:CreationTimeExtension>
    </extensions>
  </wpt>

  <wpt lat="49.264215538278222" lon="-124.75978338159621">
    <time>2022-04-14T07:51:53Z</time>
    <name>Alberni Valley Chamber of Commerce</name>
    <cmt>Vancouver Island</cmt>
    <desc>Vancouver Island</desc>
    <sym>Information</sym>
    <type>user</type>
    <extensions>
      <gpxx:WaypointExtension>
        <gpxx:DisplayMode>SymbolOnly</gpxx:DisplayMode>
      </gpxx:WaypointExtension>
      <wptx1:WaypointExtension>
        <wptx1:DisplayMode>SymbolOnly</wptx1:DisplayMode>
      </wptx1:WaypointExtension>
      <ctx:CreationTimeExtension>
        <ctx:CreationTime>2022-04-14T07:51:53Z</ctx:CreationTime>
      </ctx:CreationTimeExtension>
    </extensions>
  </wpt>

  <wpt lat="45.622077528387308" lon="-61.991932578384876">
    <time>2022-01-10T21:24:41Z</time>
    <name>Antigonish Visitor Information Centre</name>
    <cmt>Antigonish Public Library</cmt>
    <desc>Antigonish Public Library</desc>
    <sym>Information</sym>
    <type>user</type>
    <extensions>
      <gpxx:WaypointExtension>
        <gpxx:DisplayMode>SymbolOnly</gpxx:DisplayMode>
      </gpxx:WaypointExtension>
      <wptx1:WaypointExtension>
        <wptx1:DisplayMode>SymbolOnly</wptx1:DisplayMode>
      </wptx1:WaypointExtension>
      <ctx:CreationTimeExtension>
        <ctx:CreationTime>2022-01-10T21:24:41Z</ctx:CreationTime>
      </ctx:CreationTimeExtension>
    </extensions>
  </wpt>

  <wpt lat="45.041616065427661" lon="-64.735027318820357">
    <time>2022-07-28T18:29:33Z</time>
    <name>Apple Capital Museum and Visitor Information Centre</name>
    <cmt>Berwick</cmt>
    <desc>Berwick</desc>
    <sym>Information</sym>
    <type>user</type>
    <extensions>
      <gpxx:WaypointExtension>
        <gpxx:DisplayMode>SymbolOnly</gpxx:DisplayMode>
      </gpxx:WaypointExtension>
      <wptx1:WaypointExtension>
        <wptx1:DisplayMode>SymbolOnly</wptx1:DisplayMode>
      </wptx1:WaypointExtension>
      <ctx:CreationTimeExtension>
        <ctx:CreationTime>2022-07-28T18:29:33Z</ctx:CreationTime>
      </ctx:CreationTimeExtension>
    </extensions>
  </wpt>

  <wpt lat="50.448229601606727" lon="-119.19684299267828">
    <time>2022-09-17T22:15:01Z</time>
    <name>Armstrong Spallumcheen Chamber Of Commerce &amp; Visitor Centre</name>
    <cmt>residential area</cmt>
    <desc>residential area</desc>
    <sym>Information</sym>
    <type>user</type>
    <extensions>
      <gpxx:WaypointExtension>
        <gpxx:DisplayMode>SymbolOnly</gpxx:DisplayMode>
      </gpxx:WaypointExtension>
      <wptx1:WaypointExtension>
        <wptx1:DisplayMode>SymbolOnly</wptx1:DisplayMode>
      </wptx1:WaypointExtension>
      <ctx:CreationTimeExtension>
        <ctx:CreationTime>2022-09-17T22:15:01Z</ctx:CreationTime>
      </ctx:CreationTimeExtension>
    </extensions>
  </wpt>

  <wpt lat="48.724788436666131" lon="-91.599172158166766">
    <time>2022-08-20T03:08:40Z</time>
    <name>Atikokan Travel Information Centre (open weekdays)</name>
    <cmt>(May or may not have washrooms)</cmt>
    <desc>(May or may not have washrooms)</desc>
    <sym>Information</sym>
    <type>user</type>
    <extensions>
      <gpxx:WaypointExtension>
        <gpxx:DisplayMode>SymbolOnly</gpxx:DisplayMode>
      </gpxx:WaypointExtension>
      <wptx1:WaypointExtension>
        <wptx1:DisplayMode>SymbolOnly</wptx1:DisplayMode>
      </wptx1:WaypointExtension>
      <ctx:CreationTimeExtension>
        <ctx:CreationTime>2022-08-20T03:08:40Z</ctx:CreationTime>
      </ctx:CreationTimeExtension>
    </extensions>
  </wpt>

  <wpt lat="46.099614836275578" lon="-60.753280073404312">
    <time>2022-04-18T06:39:07Z</time>
    <name>Baddeck - Visitor Information Center</name>
    <cmt>residential area</cmt>
    <desc>residential area</desc>
    <sym>Information</sym>
    <type>user</type>
    <extensions>
      <gpxx:WaypointExtension>
        <gpxx:DisplayMode>SymbolOnly</gpxx:DisplayMode>
      </gpxx:WaypointExtension>
      <wptx1:WaypointExtension>
        <wptx1:DisplayMode>SymbolOnly</wptx1:DisplayMode>
      </wptx1:WaypointExtension>
      <ctx:CreationTimeExtension>
        <ctx:CreationTime>2022-04-18T06:39:07Z</ctx:CreationTime>
      </ctx:CreationTimeExtension>
    </extensions>
  </wpt>

  <wpt lat="51.178035289049149" lon="-115.57039020583034">
    <time>2022-04-11T05:26:08Z</time>
    <name>Banff Visitor Centre</name>
    <cmt>Downtown</cmt>
    <desc>Downtown</desc>
    <sym>Information</sym>
    <type>user</type>
    <extensions>
      <gpxx:WaypointExtension>
        <gpxx:DisplayMode>SymbolOnly</gpxx:DisplayMode>
      </gpxx:WaypointExtension>
      <wptx1:WaypointExtension>
        <wptx1:DisplayMode>SymbolOnly</wptx1:DisplayMode>
      </wptx1:WaypointExtension>
      <ctx:CreationTimeExtension>
        <ctx:CreationTime>2022-04-11T05:26:08Z</ctx:CreationTime>
      </ctx:CreationTimeExtension>
    </extensions>
  </wpt>

  <wpt lat="46.94378798827529" lon="-84.550470868125558">
    <time>2022-04-18T02:35:24Z</time>
    <name>Batchawana Tourist Information Centre (toilets)  (no camping - day use only)</name>
    <cmt>Public Rest Area Closed

Highway 17 Eastbound

61.0 km W of Sault Ste. Marie, 2.5km E of HWY 563

Name 	Batchawana Tourist Information Centre

Type 	Rest Area

Status 	Closed

Open 	Year-round

Truck Parking 	Y

Lavatory 	Y

Barrier Free 	Y

Food Services 	Not Available

Fuel 	N</cmt>
    <desc>Public Rest Area Closed

Highway 17 Eastbound

61.0 km W of Sault Ste. Marie, 2.5km E of HWY 563

Name 	Batchawana Tourist Information Centre

Type 	Rest Area

Status 	Closed

Open 	Year-round

Truck Parking 	Y

Lavatory 	Y

Barrier Free 	Y

Food Services 	Not Available

Fuel 	N</desc>
    <sym>Information</sym>
    <type>user</type>
    <extensions>
      <gpxx:WaypointExtension>
        <gpxx:DisplayMode>SymbolOnly</gpxx:DisplayMode>
      </gpxx:WaypointExtension>
      <wptx1:WaypointExtension>
        <wptx1:DisplayMode>SymbolOnly</wptx1:DisplayMode>
      </wptx1:WaypointExtension>
      <ctx:CreationTimeExtension>
        <ctx:CreationTime>2022-04-18T02:35:24Z</ctx:CreationTime>
      </ctx:CreationTimeExtension>
    </extensions>
  </wpt>

  <wpt lat="51.385695934295654" lon="-113.53818655014038">
    <time>2023-06-07T23:56:51Z</time>
    <name>Beiseker Information Centre</name>
    <cmt>Beiseker Information Centre</cmt>
    <desc>Beiseker Information Centre</desc>
    <sym>Information</sym>
    <type>user</type>
    <extensions>
      <gpxx:WaypointExtension>
        <gpxx:DisplayMode>SymbolOnly</gpxx:DisplayMode>
      </gpxx:WaypointExtension>
      <wptx1:WaypointExtension>
        <wptx1:DisplayMode>SymbolOnly</wptx1:DisplayMode>
      </wptx1:WaypointExtension>
      <ctx:CreationTimeExtension>
        <ctx:CreationTime>2023-06-07T23:56:51Z</ctx:CreationTime>
      </ctx:CreationTimeExtension>
    </extensions>
  </wpt>

  <wpt lat="46.184935569763184" lon="-82.932808399200439">
    <time>2022-04-03T02:04:18Z</time>
    <name>Blind River Travel Information Centre</name>
    <cmt>Blind River Travel Information Centre</cmt>
    <desc>Blind River Travel Information Centre</desc>
    <sym>Information</sym>
    <type>user</type>
    <extensions>
      <gpxx:WaypointExtension>
        <gpxx:DisplayMode>SymbolOnly</gpxx:DisplayMode>
      </gpxx:WaypointExtension>
      <wptx1:WaypointExtension>
        <wptx1:DisplayMode>SymbolOnly</wptx1:DisplayMode>
      </wptx1:WaypointExtension>
      <ctx:CreationTimeExtension>
        <ctx:CreationTime>2022-04-03T02:04:18Z</ctx:CreationTime>
      </ctx:CreationTimeExtension>
    </extensions>
  </wpt>

  <wpt lat="46.254994869232178" lon="-63.695383071899414">
    <time>2022-07-25T21:39:18Z</time>
    <name>Borden-Carleton Visitor Information Centre</name>
    <cmt>Gateway Village</cmt>
    <desc>Gateway Village</desc>
    <sym>Information</sym>
    <type>user</type>
    <extensions>
      <gpxx:WaypointExtension>
        <gpxx:DisplayMode>SymbolOnly</gpxx:DisplayMode>
      </gpxx:WaypointExtension>
      <wptx1:WaypointExtension>
        <wptx1:DisplayMode>SymbolOnly</wptx1:DisplayMode>
      </wptx1:WaypointExtension>
      <ctx:CreationTimeExtension>
        <ctx:CreationTime>2022-07-25T21:39:18Z</ctx:CreationTime>
      </ctx:CreationTimeExtension>
    </extensions>
  </wpt>

  <wpt lat="49.860494574531913" lon="-99.9566750228405">
    <time>2022-04-08T02:20:50Z</time>
    <name>Brandon Tourism (Riverbank Discovery Centre)</name>
    <cmt>Riverbank Discovery Centre</cmt>
    <desc>Riverbank Discovery Centre</desc>
    <sym>Information</sym>
    <type>user</type>
    <extensions>
      <gpxx:WaypointExtension>
        <gpxx:DisplayMode>SymbolOnly</gpxx:DisplayMode>
      </gpxx:WaypointExtension>
      <wptx1:WaypointExtension>
        <wptx1:DisplayMode>SymbolOnly</wptx1:DisplayMode>
      </wptx1:WaypointExtension>
      <ctx:CreationTimeExtension>
        <ctx:CreationTime>2022-04-08T02:20:50Z</ctx:CreationTime>
      </ctx:CreationTimeExtension>
    </extensions>
  </wpt>

  <wpt lat="44.841980170458555" lon="-65.293690133839846">
    <time>2022-01-19T21:27:37Z</time>
    <name>Bridge town area visitor information center</name>
    <cmt>forest, park</cmt>
    <desc>forest, park</desc>
    <sym>Information</sym>
    <type>user</type>
    <extensions>
      <gpxx:WaypointExtension>
        <gpxx:DisplayMode>SymbolOnly</gpxx:DisplayMode>
      </gpxx:WaypointExtension>
      <wptx1:WaypointExtension>
        <wptx1:DisplayMode>SymbolOnly</wptx1:DisplayMode>
      </wptx1:WaypointExtension>
      <ctx:CreationTimeExtension>
        <ctx:CreationTime>2022-01-19T21:27:37Z</ctx:CreationTime>
      </ctx:CreationTimeExtension>
    </extensions>
  </wpt>

  <wpt lat="46.500144079327583" lon="-72.247069487348199">
    <time>2022-03-19T13:30:57Z</time>
    <name>Bureau d'accueil touristique</name>
    <cmt>area</cmt>
    <desc>area</desc>
    <sym>Information</sym>
    <type>user</type>
    <extensions>
      <gpxx:WaypointExtension>
        <gpxx:DisplayMode>SymbolOnly</gpxx:DisplayMode>
      </gpxx:WaypointExtension>
      <wptx1:WaypointExtension>
        <wptx1:DisplayMode>SymbolOnly</wptx1:DisplayMode>
      </wptx1:WaypointExtension>
      <ctx:CreationTimeExtension>
        <ctx:CreationTime>2022-03-19T13:30:57Z</ctx:CreationTime>
      </ctx:CreationTimeExtension>
    </extensions>
  </wpt>

  <wpt lat="47.829837799072266" lon="-69.544744491577148">
    <time>2022-03-08T16:32:56Z</time>
    <name>Bureau d'information touristique de Rivière-du-Loup</name>
    <cmt>information</cmt>
    <desc>information</desc>
    <sym>Information</sym>
    <type>user</type>
    <extensions>
      <gpxx:WaypointExtension>
        <gpxx:DisplayMode>SymbolOnly</gpxx:DisplayMode>
      </gpxx:WaypointExtension>
      <wptx1:WaypointExtension>
        <wptx1:DisplayMode>SymbolOnly</wptx1:DisplayMode>
      </wptx1:WaypointExtension>
      <ctx:CreationTimeExtension>
        <ctx:CreationTime>2022-03-08T16:32:56Z</ctx:CreationTime>
      </ctx:CreationTimeExtension>
    </extensions>
  </wpt>

  <wpt lat="46.341512203216553" lon="-72.540578758344054">
    <time>2022-03-19T19:43:01Z</time>
    <name>Bureau D'Information Touristique de Trois-Rivières</name>
    <cmt>Bureau D'Information Touristique de Trois-Rivières</cmt>
    <desc>Bureau D'Information Touristique de Trois-Rivières</desc>
    <sym>Information</sym>
    <type>user</type>
    <extensions>
      <gpxx:WaypointExtension>
        <gpxx:DisplayMode>SymbolOnly</gpxx:DisplayMode>
      </gpxx:WaypointExtension>
      <wptx1:WaypointExtension>
        <wptx1:DisplayMode>SymbolOnly</wptx1:DisplayMode>
      </wptx1:WaypointExtension>
      <ctx:CreationTimeExtension>
        <ctx:CreationTime>2022-03-19T19:43:01Z</ctx:CreationTime>
      </ctx:CreationTimeExtension>
    </extensions>
  </wpt>

  <wpt lat="54.232137193903327" lon="-125.76286333613098">
    <time>2021-11-02T00:48:30Z</time>
    <name>Burns Lake Visitor Centre (washrooms)</name>
    <cmt>540 Highway 16, 108 Park St W, Burns Lake, BC V0J 1E0

+12506925077</cmt>
    <desc>540 Highway 16, 108 Park St W, Burns Lake, BC V0J 1E0

+12506925077</desc>
    <link href="https://linktr.ee/visitburnslake" />
    <sym>Information</sym>
    <type>user</type>
    <extensions>
      <gpxx:WaypointExtension>
        <gpxx:DisplayMode>SymbolOnly</gpxx:DisplayMode>
      </gpxx:WaypointExtension>
      <wptx1:WaypointExtension>
        <wptx1:DisplayMode>SymbolOnly</wptx1:DisplayMode>
      </wptx1:WaypointExtension>
      <ctx:CreationTimeExtension>
        <ctx:CreationTime>2021-11-02T00:48:30Z</ctx:CreationTime>
      </ctx:CreationTimeExtension>
    </extensions>
  </wpt>

  <wpt lat="50.811007674783468" lon="-121.32408142089844">
    <name>Cache Creek Visitor Information Centre</name>
    <sym>Information</sym>
    <type>user</type>
    <extensions>
      <gpxx:WaypointExtension>
        <gpxx:DisplayMode>SymbolOnly</gpxx:DisplayMode>
      </gpxx:WaypointExtension>
      <wptx1:WaypointExtension>
        <wptx1:DisplayMode>SymbolOnly</wptx1:DisplayMode>
      </wptx1:WaypointExtension>
    </extensions>
  </wpt>

  <wpt lat="51.044476786628366" lon="-114.06287684105337">
    <time>2021-12-14T16:00:53Z</time>
    <name>Calgary Visitor Information kiosk (seasonal)</name>
    <cmt>Calgary Tower</cmt>
    <desc>Calgary Tower</desc>
    <sym>Information</sym>
    <type>user</type>
    <extensions>
      <gpxx:WaypointExtension>
        <gpxx:DisplayMode>SymbolOnly</gpxx:DisplayMode>
      </gpxx:WaypointExtension>
      <wptx1:WaypointExtension>
        <wptx1:DisplayMode>SymbolOnly</wptx1:DisplayMode>
      </wptx1:WaypointExtension>
      <ctx:CreationTimeExtension>
        <ctx:CreationTime>2021-12-14T16:00:53Z</ctx:CreationTime>
      </ctx:CreationTimeExtension>
    </extensions>
  </wpt>

  <wpt lat="50.027189338579774" lon="-125.24474143981934">
    <time>2022-04-21T09:18:43Z</time>
    <name>Campbell River Visitor Centre</name>
    <cmt>information</cmt>
    <desc>information</desc>
    <sym>Information</sym>
    <type>user</type>
    <extensions>
      <gpxx:WaypointExtension>
        <gpxx:DisplayMode>SymbolOnly</gpxx:DisplayMode>
      </gpxx:WaypointExtension>
      <wptx1:WaypointExtension>
        <wptx1:DisplayMode>SymbolOnly</wptx1:DisplayMode>
      </wptx1:WaypointExtension>
      <ctx:CreationTimeExtension>
        <ctx:CreationTime>2022-04-21T09:18:43Z</ctx:CreationTime>
      </ctx:CreationTimeExtension>
    </extensions>
  </wpt>

  <wpt lat="47.522456562146544" lon="-52.6235032081604">
    <time>2021-10-12T16:22:56Z</time>
    <name>Cape Spear</name>
    <cmt>information</cmt>
    <desc>information</desc>
    <sym>Information</sym>
    <type>user</type>
    <extensions>
      <gpxx:WaypointExtension>
        <gpxx:DisplayMode>SymbolOnly</gpxx:DisplayMode>
      </gpxx:WaypointExtension>
      <wptx1:WaypointExtension>
        <wptx1:DisplayMode>SymbolOnly</wptx1:DisplayMode>
      </wptx1:WaypointExtension>
      <ctx:CreationTimeExtension>
        <ctx:CreationTime>2021-10-12T16:22:56Z</ctx:CreationTime>
      </ctx:CreationTimeExtension>
    </extensions>
  </wpt>

  <wpt lat="49.295868873596191" lon="-117.65151500701904">
    <time>2021-11-24T14:53:55Z</time>
    <name>Castlegar Visitors Centre and Chamber of Commerce</name>
    <cmt>information</cmt>
    <desc>information</desc>
    <sym>Information</sym>
    <type>user</type>
    <extensions>
      <gpxx:WaypointExtension>
        <gpxx:DisplayMode>SymbolOnly</gpxx:DisplayMode>
      </gpxx:WaypointExtension>
      <wptx1:WaypointExtension>
        <wptx1:DisplayMode>SymbolOnly</wptx1:DisplayMode>
      </wptx1:WaypointExtension>
      <ctx:CreationTimeExtension>
        <ctx:CreationTime>2021-11-24T14:53:55Z</ctx:CreationTime>
      </ctx:CreationTimeExtension>
    </extensions>
  </wpt>

  <wpt lat="47.620939230546355" lon="-65.658230502158403">
    <time>2022-03-02T22:24:28Z</time>
    <name>Centre D'Info Touristique / Visitor Information Center - Bathurst</name>
    <cmt>residential area</cmt>
    <desc>residential area</desc>
    <sym>Information</sym>
    <type>user</type>
    <extensions>
      <gpxx:WaypointExtension>
        <gpxx:DisplayMode>SymbolOnly</gpxx:DisplayMode>
      </gpxx:WaypointExtension>
      <wptx1:WaypointExtension>
        <wptx1:DisplayMode>SymbolOnly</wptx1:DisplayMode>
      </wptx1:WaypointExtension>
      <ctx:CreationTimeExtension>
        <ctx:CreationTime>2022-03-02T22:24:28Z</ctx:CreationTime>
      </ctx:CreationTimeExtension>
    </extensions>
  </wpt>

  <wpt lat="48.593688094988465" lon="-68.205816093832254">
    <time>2022-03-17T14:49:34Z</time>
    <name>Centre d'interprétation Zoom Nature</name>
    <cmt>area</cmt>
    <desc>area</desc>
    <sym>Information</sym>
    <type>user</type>
    <extensions>
      <gpxx:WaypointExtension>
        <gpxx:DisplayMode>SymbolOnly</gpxx:DisplayMode>
      </gpxx:WaypointExtension>
      <wptx1:WaypointExtension>
        <wptx1:DisplayMode>SymbolOnly</wptx1:DisplayMode>
      </wptx1:WaypointExtension>
      <ctx:CreationTimeExtension>
        <ctx:CreationTime>2022-03-17T14:49:34Z</ctx:CreationTime>
      </ctx:CreationTimeExtension>
    </extensions>
  </wpt>

  <wpt lat="45.500242710113525" lon="-73.571813106536865">
    <time>2022-03-19T20:56:25Z</time>
    <name>Centre Infotouriste de Montreal</name>
    <cmt>Centre Infotouriste de Montreal</cmt>
    <desc>Centre Infotouriste de Montreal</desc>
    <sym>Information</sym>
    <type>user</type>
    <extensions>
      <gpxx:WaypointExtension>
        <gpxx:DisplayMode>SymbolOnly</gpxx:DisplayMode>
      </gpxx:WaypointExtension>
      <wptx1:WaypointExtension>
        <wptx1:DisplayMode>SymbolOnly</wptx1:DisplayMode>
      </wptx1:WaypointExtension>
      <ctx:CreationTimeExtension>
        <ctx:CreationTime>2022-03-19T20:56:25Z</ctx:CreationTime>
      </ctx:CreationTimeExtension>
    </extensions>
  </wpt>

  <wpt lat="46.813130378723145" lon="-71.205611228942871">
    <time>2022-03-19T13:10:33Z</time>
    <name>Centre Infotouriste de Quebec (Quebec City)</name>
    <cmt>Centre Infotouriste de Quebec</cmt>
    <desc>Centre Infotouriste de Quebec</desc>
    <sym>Information</sym>
    <type>user</type>
    <extensions>
      <gpxx:WaypointExtension>
        <gpxx:DisplayMode>SymbolOnly</gpxx:DisplayMode>
      </gpxx:WaypointExtension>
      <wptx1:WaypointExtension>
        <wptx1:DisplayMode>SymbolOnly</wptx1:DisplayMode>
      </wptx1:WaypointExtension>
      <ctx:CreationTimeExtension>
        <ctx:CreationTime>2022-03-19T13:10:33Z</ctx:CreationTime>
      </ctx:CreationTimeExtension>
    </extensions>
  </wpt>

  <wpt lat="45.4768967628479" lon="-74.283478260040283">
    <time>2022-08-03T17:52:24Z</time>
    <name>Centre Infotouriste de Rigaud</name>
    <cmt>Centre Infotouriste de Rigaud</cmt>
    <desc>Centre Infotouriste de Rigaud</desc>
    <sym>Information</sym>
    <type>user</type>
    <extensions>
      <gpxx:WaypointExtension>
        <gpxx:DisplayMode>SymbolOnly</gpxx:DisplayMode>
      </gpxx:WaypointExtension>
      <wptx1:WaypointExtension>
        <wptx1:DisplayMode>SymbolOnly</wptx1:DisplayMode>
      </wptx1:WaypointExtension>
      <ctx:CreationTimeExtension>
        <ctx:CreationTime>2022-08-03T17:52:24Z</ctx:CreationTime>
      </ctx:CreationTimeExtension>
    </extensions>
  </wpt>

  <wpt lat="46.149484310299158" lon="-67.571325972676277">
    <time>2022-02-27T11:00:19Z</time>
    <name>Chamber Of Commerce Tourist Information Centre (Woodstock)</name>
    <cmt>Bugle-Observer</cmt>
    <desc>Bugle-Observer</desc>
    <sym>Information</sym>
    <type>user</type>
    <extensions>
      <gpxx:WaypointExtension>
        <gpxx:DisplayMode>SymbolOnly</gpxx:DisplayMode>
      </gpxx:WaypointExtension>
      <wptx1:WaypointExtension>
        <wptx1:DisplayMode>SymbolOnly</wptx1:DisplayMode>
      </wptx1:WaypointExtension>
      <ctx:CreationTimeExtension>
        <ctx:CreationTime>2022-02-27T11:00:19Z</ctx:CreationTime>
      </ctx:CreationTimeExtension>
    </extensions>
  </wpt>

  <wpt lat="50.456607481464744" lon="-106.65955415926874">
    <name>Chaplin Tourism Saskatchewan</name>
    <sym>Information</sym>
    <type>user</type>
    <extensions>
      <gpxx:WaypointExtension>
        <gpxx:DisplayMode>SymbolOnly</gpxx:DisplayMode>
      </gpxx:WaypointExtension>
      <wptx1:WaypointExtension>
        <wptx1:DisplayMode>SymbolOnly</wptx1:DisplayMode>
      </wptx1:WaypointExtension>
    </extensions>
  </wpt>

  <wpt lat="46.23370885848999" lon="-63.120682239532471">
    <time>2022-01-23T20:27:58Z</time>
    <name>Charlottetown Visitor Information Centre</name>
    <cmt>Founders Hall</cmt>
    <desc>Founders Hall</desc>
    <sym>Information</sym>
    <type>user</type>
    <extensions>
      <gpxx:WaypointExtension>
        <gpxx:DisplayMode>SymbolOnly</gpxx:DisplayMode>
      </gpxx:WaypointExtension>
      <wptx1:WaypointExtension>
        <wptx1:DisplayMode>SymbolOnly</wptx1:DisplayMode>
      </wptx1:WaypointExtension>
      <ctx:CreationTimeExtension>
        <ctx:CreationTime>2022-01-23T20:27:58Z</ctx:CreationTime>
      </ctx:CreationTimeExtension>
    </extensions>
  </wpt>

  <wpt lat="50.81552267074585" lon="-119.69409227371216">
    <time>2021-12-01T13:17:46Z</time>
    <name>Chase Information Center</name>
    <cmt>Chase Information Center</cmt>
    <desc>Chase Information Center</desc>
    <sym>Information</sym>
    <type>user</type>
    <extensions>
      <gpxx:WaypointExtension>
        <gpxx:DisplayMode>SymbolOnly</gpxx:DisplayMode>
      </gpxx:WaypointExtension>
      <wptx1:WaypointExtension>
        <wptx1:DisplayMode>SymbolOnly</wptx1:DisplayMode>
      </wptx1:WaypointExtension>
      <ctx:CreationTimeExtension>
        <ctx:CreationTime>2021-12-01T13:17:46Z</ctx:CreationTime>
      </ctx:CreationTimeExtension>
    </extensions>
  </wpt>

  <wpt lat="49.143562316894531" lon="-122.00169316492975">
    <time>2022-09-18T05:10:47Z</time>
    <name>Chilliwack Visitor Centre</name>
    <cmt>Chilliwack Visitor Centre</cmt>
    <desc>Chilliwack Visitor Centre</desc>
    <sym>Information</sym>
    <type>user</type>
    <extensions>
      <gpxx:WaypointExtension>
        <gpxx:DisplayMode>SymbolOnly</gpxx:DisplayMode>
      </gpxx:WaypointExtension>
      <wptx1:WaypointExtension>
        <wptx1:DisplayMode>SymbolOnly</wptx1:DisplayMode>
      </wptx1:WaypointExtension>
      <ctx:CreationTimeExtension>
        <ctx:CreationTime>2022-09-18T05:10:47Z</ctx:CreationTime>
      </ctx:CreationTimeExtension>
    </extensions>
  </wpt>

  <wpt lat="49.044943358749151" lon="-118.20640579797328">
    <time>2021-11-24T14:40:48Z</time>
    <name>Christina Lake Welcome Centre</name>
    <cmt>area</cmt>
    <desc>area</desc>
    <sym>Information</sym>
    <type>user</type>
    <extensions>
      <gpxx:WaypointExtension>
        <gpxx:DisplayMode>SymbolOnly</gpxx:DisplayMode>
      </gpxx:WaypointExtension>
      <wptx1:WaypointExtension>
        <wptx1:DisplayMode>SymbolOnly</wptx1:DisplayMode>
      </wptx1:WaypointExtension>
      <ctx:CreationTimeExtension>
        <ctx:CreationTime>2021-11-24T14:40:48Z</ctx:CreationTime>
      </ctx:CreationTimeExtension>
    </extensions>
  </wpt>

  <wpt lat="46.64689913392067" lon="-60.950673725455999">
    <time>2022-01-09T16:13:04Z</time>
    <name>Chéticamp Visitor Centre</name>
    <cmt>Cape Breton Highlands National Park</cmt>
    <desc>Cape Breton Highlands National Park</desc>
    <sym>Information</sym>
    <type>user</type>
    <extensions>
      <gpxx:WaypointExtension>
        <gpxx:DisplayMode>SymbolOnly</gpxx:DisplayMode>
      </gpxx:WaypointExtension>
      <wptx1:WaypointExtension>
        <wptx1:DisplayMode>SymbolOnly</wptx1:DisplayMode>
      </wptx1:WaypointExtension>
      <ctx:CreationTimeExtension>
        <ctx:CreationTime>2022-01-09T16:13:04Z</ctx:CreationTime>
      </ctx:CreationTimeExtension>
    </extensions>
  </wpt>

  <wpt lat="51.191480532288551" lon="-114.47297796607018">
    <name>Cochrane Information Centre</name>
    <sym>Information</sym>
    <type>user</type>
    <extensions>
      <gpxx:WaypointExtension>
        <gpxx:DisplayMode>SymbolOnly</gpxx:DisplayMode>
      </gpxx:WaypointExtension>
      <wptx1:WaypointExtension>
        <wptx1:DisplayMode>SymbolOnly</wptx1:DisplayMode>
      </wptx1:WaypointExtension>
    </extensions>
  </wpt>

  <wpt lat="52.220188491046429" lon="-117.22476239316165">
    <time>2021-12-06T21:09:04Z</time>
    <name>Columbia Icefield Discovery Centre</name>
    <cmt>area</cmt>
    <desc>area</desc>
    <sym>Information</sym>
    <type>user</type>
    <extensions>
      <gpxx:WaypointExtension>
        <gpxx:DisplayMode>SymbolOnly</gpxx:DisplayMode>
      </gpxx:WaypointExtension>
      <wptx1:WaypointExtension>
        <wptx1:DisplayMode>SymbolOnly</wptx1:DisplayMode>
      </wptx1:WaypointExtension>
      <ctx:CreationTimeExtension>
        <ctx:CreationTime>2021-12-06T21:09:04Z</ctx:CreationTime>
      </ctx:CreationTimeExtension>
    </extensions>
  </wpt>

  <wpt lat="48.942726133391261" lon="-57.917610900476575">
    <time>2022-01-01T23:21:58Z</time>
    <name>Corner Brook-Bay of Islands - Visitors Information</name>
    <cmt>Corner Brook</cmt>
    <desc>Corner Brook</desc>
    <sym>Information</sym>
    <type>user</type>
    <extensions>
      <gpxx:WaypointExtension>
        <gpxx:DisplayMode>SymbolOnly</gpxx:DisplayMode>
      </gpxx:WaypointExtension>
      <wptx1:WaypointExtension>
        <wptx1:DisplayMode>SymbolOnly</wptx1:DisplayMode>
      </wptx1:WaypointExtension>
      <ctx:CreationTimeExtension>
        <ctx:CreationTime>2022-01-01T23:21:58Z</ctx:CreationTime>
      </ctx:CreationTimeExtension>
    </extensions>
  </wpt>

  <wpt lat="49.499346865341067" lon="-115.79290878027678">
    <time>2021-06-30T09:52:24Z</time>
    <name>Cranbrook</name>
    <sym>Information</sym>
    <type>user</type>
    <extensions>
      <gpxx:WaypointExtension>
        <gpxx:DisplayMode>SymbolOnly</gpxx:DisplayMode>
      </gpxx:WaypointExtension>
      <wptx1:WaypointExtension>
        <wptx1:DisplayMode>SymbolOnly</wptx1:DisplayMode>
      </wptx1:WaypointExtension>
      <ctx:CreationTimeExtension>
        <ctx:CreationTime>2021-06-30T09:52:24Z</ctx:CreationTime>
      </ctx:CreationTimeExtension>
    </extensions>
  </wpt>

  <wpt lat="49.09582712687552" lon="-116.51471863500774">
    <time>2021-11-27T18:34:37Z</time>
    <name>Creston Valley Visitor Centre</name>
    <cmt>area</cmt>
    <desc>area</desc>
    <sym>Information</sym>
    <type>user</type>
    <extensions>
      <gpxx:WaypointExtension>
        <gpxx:DisplayMode>SymbolOnly</gpxx:DisplayMode>
      </gpxx:WaypointExtension>
      <wptx1:WaypointExtension>
        <wptx1:DisplayMode>SymbolOnly</wptx1:DisplayMode>
      </wptx1:WaypointExtension>
      <ctx:CreationTimeExtension>
        <ctx:CreationTime>2021-11-27T18:34:37Z</ctx:CreationTime>
      </ctx:CreationTimeExtension>
    </extensions>
  </wpt>

  <wpt lat="49.907831875607371" lon="-109.47897526435554">
    <time>2022-04-10T22:44:41Z</time>
    <name>Cypress Hills Destination Area (Maple Creek)</name>
    <cmt>area</cmt>
    <desc>area</desc>
    <sym>Information</sym>
    <type>user</type>
    <extensions>
      <gpxx:WaypointExtension>
        <gpxx:DisplayMode>SymbolOnly</gpxx:DisplayMode>
      </gpxx:WaypointExtension>
      <wptx1:WaypointExtension>
        <wptx1:DisplayMode>SymbolOnly</wptx1:DisplayMode>
      </wptx1:WaypointExtension>
      <ctx:CreationTimeExtension>
        <ctx:CreationTime>2022-04-10T22:44:41Z</ctx:CreationTime>
      </ctx:CreationTimeExtension>
    </extensions>
  </wpt>

  <wpt lat="44.621024988591671" lon="-65.754923718050122">
    <time>2022-01-19T21:34:29Z</time>
    <name>Digby Visitor Information Ctr</name>
    <cmt>residential area</cmt>
    <desc>residential area</desc>
    <sym>Information</sym>
    <type>user</type>
    <extensions>
      <gpxx:WaypointExtension>
        <gpxx:DisplayMode>SymbolOnly</gpxx:DisplayMode>
      </gpxx:WaypointExtension>
      <wptx1:WaypointExtension>
        <wptx1:DisplayMode>SymbolOnly</wptx1:DisplayMode>
      </wptx1:WaypointExtension>
      <ctx:CreationTimeExtension>
        <ctx:CreationTime>2022-01-19T21:34:29Z</ctx:CreationTime>
      </ctx:CreationTimeExtension>
    </extensions>
  </wpt>

  <wpt lat="51.467471122741699" lon="-112.7089334372431">
    <time>2022-04-11T05:44:27Z</time>
    <name>Drumheller Visitor Information Centre</name>
    <cmt>information</cmt>
    <desc>information</desc>
    <sym>Information</sym>
    <type>user</type>
    <extensions>
      <gpxx:WaypointExtension>
        <gpxx:DisplayMode>SymbolOnly</gpxx:DisplayMode>
      </gpxx:WaypointExtension>
      <wptx1:WaypointExtension>
        <wptx1:DisplayMode>SymbolOnly</wptx1:DisplayMode>
      </wptx1:WaypointExtension>
      <ctx:CreationTimeExtension>
        <ctx:CreationTime>2022-04-11T05:44:27Z</ctx:CreationTime>
      </ctx:CreationTimeExtension>
    </extensions>
  </wpt>

  <wpt lat="49.786321939900517" lon="-92.838044939562678">
    <time>2022-04-06T23:53:08Z</time>
    <name>Dryden Visitor Information</name>
    <cmt>residential area</cmt>
    <desc>residential area</desc>
    <sym>Information</sym>
    <type>user</type>
    <extensions>
      <gpxx:WaypointExtension>
        <gpxx:DisplayMode>SymbolOnly</gpxx:DisplayMode>
      </gpxx:WaypointExtension>
      <wptx1:WaypointExtension>
        <wptx1:DisplayMode>SymbolOnly</wptx1:DisplayMode>
      </wptx1:WaypointExtension>
      <ctx:CreationTimeExtension>
        <ctx:CreationTime>2022-04-06T23:53:08Z</ctx:CreationTime>
      </ctx:CreationTimeExtension>
    </extensions>
  </wpt>

  <wpt lat="51.637246403843164" lon="-103.53687236085534">
    <time>2022-04-10T23:05:52Z</time>
    <name>Foam Lake Visitor Info Ctr and Campground</name>
    <cmt>area</cmt>
    <desc>area</desc>
    <sym>Information</sym>
    <type>user</type>
    <extensions>
      <gpxx:WaypointExtension>
        <gpxx:DisplayMode>SymbolOnly</gpxx:DisplayMode>
      </gpxx:WaypointExtension>
      <wptx1:WaypointExtension>
        <wptx1:DisplayMode>SymbolOnly</wptx1:DisplayMode>
      </wptx1:WaypointExtension>
      <ctx:CreationTimeExtension>
        <ctx:CreationTime>2022-04-10T23:05:52Z</ctx:CreationTime>
      </ctx:CreationTimeExtension>
    </extensions>
  </wpt>

  <wpt lat="45.963496081531048" lon="-66.643337309360504">
    <time>2022-09-12T13:02:10Z</time>
    <name>Fredericton Tourism</name>
    <cmt>residential area</cmt>
    <desc>residential area</desc>
    <sym>Information</sym>
    <type>user</type>
    <extensions>
      <gpxx:WaypointExtension>
        <gpxx:DisplayMode>SymbolOnly</gpxx:DisplayMode>
      </gpxx:WaypointExtension>
      <wptx1:WaypointExtension>
        <wptx1:DisplayMode>SymbolOnly</wptx1:DisplayMode>
      </wptx1:WaypointExtension>
      <ctx:CreationTimeExtension>
        <ctx:CreationTime>2022-09-12T13:02:10Z</ctx:CreationTime>
      </ctx:CreationTimeExtension>
    </extensions>
  </wpt>

  <wpt lat="51.309596970677376" lon="-116.96802000515163">
    <time>2021-11-21T11:49:05Z</time>
    <name>Golden Visitor Centre</name>
    <cmt>area</cmt>
    <desc>area</desc>
    <sym>Information</sym>
    <type>user</type>
    <extensions>
      <gpxx:WaypointExtension>
        <gpxx:DisplayMode>SymbolOnly</gpxx:DisplayMode>
      </gpxx:WaypointExtension>
      <wptx1:WaypointExtension>
        <wptx1:DisplayMode>SymbolOnly</wptx1:DisplayMode>
      </wptx1:WaypointExtension>
      <ctx:CreationTimeExtension>
        <ctx:CreationTime>2021-11-21T11:49:05Z</ctx:CreationTime>
      </ctx:CreationTimeExtension>
    </extensions>
  </wpt>

  <wpt lat="49.032593965530396" lon="-118.44164106063545">
    <time>2021-11-24T12:31:31Z</time>
    <name>Grand Forks Visitors Centre</name>
    <cmt>Gallery2</cmt>
    <desc>Gallery2</desc>
    <sym>Information</sym>
    <type>user</type>
    <extensions>
      <gpxx:WaypointExtension>
        <gpxx:DisplayMode>SymbolOnly</gpxx:DisplayMode>
      </gpxx:WaypointExtension>
      <wptx1:WaypointExtension>
        <wptx1:DisplayMode>SymbolOnly</wptx1:DisplayMode>
      </wptx1:WaypointExtension>
      <ctx:CreationTimeExtension>
        <ctx:CreationTime>2021-11-24T12:31:31Z</ctx:CreationTime>
      </ctx:CreationTimeExtension>
    </extensions>
  </wpt>

  <wpt lat="49.089939594268799" lon="-118.67708436213434">
    <time>2021-11-24T12:25:11Z</time>
    <name>Greenwood Museum</name>
    <cmt>Greenwood Museum</cmt>
    <desc>Greenwood Museum</desc>
    <sym>Information</sym>
    <type>user</type>
    <extensions>
      <gpxx:WaypointExtension>
        <gpxx:DisplayMode>SymbolOnly</gpxx:DisplayMode>
      </gpxx:WaypointExtension>
      <wptx1:WaypointExtension>
        <wptx1:DisplayMode>SymbolOnly</wptx1:DisplayMode>
      </wptx1:WaypointExtension>
      <ctx:CreationTimeExtension>
        <ctx:CreationTime>2021-11-24T12:25:11Z</ctx:CreationTime>
      </ctx:CreationTimeExtension>
    </extensions>
  </wpt>

  <wpt lat="50.405596978962421" lon="-102.93033923953772">
    <time>2022-06-27T11:05:14Z</time>
    <name>Grenfell Tourism Info Centre</name>
    <cmt>area</cmt>
    <desc>area</desc>
    <sym>Information</sym>
    <type>user</type>
    <extensions>
      <gpxx:WaypointExtension>
        <gpxx:DisplayMode>SymbolOnly</gpxx:DisplayMode>
      </gpxx:WaypointExtension>
      <wptx1:WaypointExtension>
        <wptx1:DisplayMode>SymbolOnly</wptx1:DisplayMode>
      </wptx1:WaypointExtension>
      <ctx:CreationTimeExtension>
        <ctx:CreationTime>2022-06-27T11:05:14Z</ctx:CreationTime>
      </ctx:CreationTimeExtension>
    </extensions>
  </wpt>

  <wpt lat="44.318482875823975" lon="-80.64763069152832">
    <time>2022-03-23T12:58:58Z</time>
    <name>Grey Highlands Chamber of Commerce &amp; Tourist Information</name>
    <cmt>Grey Highlands Chamber of Commerce &amp; Tourist Information</cmt>
    <desc>Grey Highlands Chamber of Commerce &amp; Tourist Information</desc>
    <sym>Information</sym>
    <type>user</type>
    <extensions>
      <gpxx:WaypointExtension>
        <gpxx:DisplayMode>SymbolOnly</gpxx:DisplayMode>
      </gpxx:WaypointExtension>
      <wptx1:WaypointExtension>
        <wptx1:DisplayMode>SymbolOnly</wptx1:DisplayMode>
      </wptx1:WaypointExtension>
      <ctx:CreationTimeExtension>
        <ctx:CreationTime>2022-03-23T12:58:58Z</ctx:CreationTime>
      </ctx:CreationTimeExtension>
    </extensions>
  </wpt>

  <wpt lat="50.098359575495124" lon="-108.48313132300973">
    <time>2022-05-16T12:10:23Z</time>
    <name>Gull Lake Visitor Centre</name>
    <cmt>area</cmt>
    <desc>area</desc>
    <sym>Information</sym>
    <type>user</type>
    <extensions>
      <gpxx:WaypointExtension>
        <gpxx:DisplayMode>SymbolOnly</gpxx:DisplayMode>
      </gpxx:WaypointExtension>
      <wptx1:WaypointExtension>
        <wptx1:DisplayMode>SymbolOnly</wptx1:DisplayMode>
      </wptx1:WaypointExtension>
      <ctx:CreationTimeExtension>
        <ctx:CreationTime>2022-05-16T12:10:23Z</ctx:CreationTime>
      </ctx:CreationTimeExtension>
    </extensions>
  </wpt>

  <wpt lat="44.647297225892544" lon="-63.570175459608436">
    <time>2021-12-26T20:04:05Z</time>
    <name>Halifax Vistors Information</name>
    <sym>Information</sym>
    <type>user</type>
    <extensions>
      <gpxx:WaypointExtension>
        <gpxx:DisplayMode>SymbolOnly</gpxx:DisplayMode>
      </gpxx:WaypointExtension>
      <wptx1:WaypointExtension>
        <wptx1:DisplayMode>SymbolOnly</wptx1:DisplayMode>
      </wptx1:WaypointExtension>
      <ctx:CreationTimeExtension>
        <ctx:CreationTime>2021-12-26T20:04:05Z</ctx:CreationTime>
      </ctx:CreationTimeExtension>
    </extensions>
  </wpt>

  <wpt lat="48.044718112796545" lon="-65.490951519459486">
    <time>2022-04-15T03:10:05Z</time>
    <name>Halte de Bonaventure (toilets, water, visitors info)</name>
    <cmt>area</cmt>
    <desc>area</desc>
    <sym>Information</sym>
    <type>user</type>
    <extensions>
      <gpxx:WaypointExtension>
        <gpxx:DisplayMode>SymbolOnly</gpxx:DisplayMode>
      </gpxx:WaypointExtension>
      <wptx1:WaypointExtension>
        <wptx1:DisplayMode>SymbolOnly</wptx1:DisplayMode>
      </wptx1:WaypointExtension>
      <ctx:CreationTimeExtension>
        <ctx:CreationTime>2022-04-15T03:10:05Z</ctx:CreationTime>
      </ctx:CreationTimeExtension>
    </extensions>
  </wpt>

  <wpt lat="48.8238275796175" lon="-64.47809717617929">
    <ele>0</ele>
    <time>2023-02-13T14:17:56Z</time>
    <name>Halte de Gaspé (Harbour) (Toilets, water, phone, visitors centre)</name>
    <cmt>area</cmt>
    <desc>area</desc>
    <sym>Drinking Water</sym>
    <type>user</type>
    <extensions>
      <gpxx:WaypointExtension>
        <gpxx:DisplayMode>SymbolOnly</gpxx:DisplayMode>
      </gpxx:WaypointExtension>
      <wptx1:WaypointExtension>
        <wptx1:DisplayMode>SymbolOnly</wptx1:DisplayMode>
      </wptx1:WaypointExtension>
      <ctx:CreationTimeExtension>
        <ctx:CreationTime>2023-02-13T14:17:56Z</ctx:CreationTime>
      </ctx:CreationTimeExtension>
    </extensions>
  </wpt>

  <wpt lat="48.183199809864163" lon="-64.963717488572001">
    <time>2022-04-16T00:18:59Z</time>
    <name>Halte de Port-Daniel - Gascons 1 (Toilets, water, phone, visitors information)</name>
    <cmt>area</cmt>
    <desc>area</desc>
    <sym>Information</sym>
    <type>user</type>
    <extensions>
      <gpxx:WaypointExtension>
        <gpxx:DisplayMode>SymbolOnly</gpxx:DisplayMode>
      </gpxx:WaypointExtension>
      <wptx1:WaypointExtension>
        <wptx1:DisplayMode>SymbolOnly</wptx1:DisplayMode>
      </wptx1:WaypointExtension>
      <ctx:CreationTimeExtension>
        <ctx:CreationTime>2022-04-16T00:18:59Z</ctx:CreationTime>
      </ctx:CreationTimeExtension>
    </extensions>
  </wpt>

  <wpt lat="48.033362729474902" lon="-66.703201532363892">
    <ele>0</ele>
    <time>2023-02-13T14:17:56Z</time>
    <name>Halte des Corsaires-Acadiens-de-la-Petite-Rochelle (toilets, water, visitors information)</name>
    <sym>Drinking Water</sym>
    <type>user</type>
    <extensions>
      <gpxx:WaypointExtension>
        <gpxx:DisplayMode>SymbolOnly</gpxx:DisplayMode>
      </gpxx:WaypointExtension>
      <wptx1:WaypointExtension>
        <wptx1:DisplayMode>SymbolOnly</wptx1:DisplayMode>
      </wptx1:WaypointExtension>
      <ctx:CreationTimeExtension>
        <ctx:CreationTime>2023-02-13T14:17:56Z</ctx:CreationTime>
      </ctx:CreationTimeExtension>
    </extensions>
  </wpt>

  <wpt lat="50.220072269439697" lon="-98.95261287689209">
    <time>2022-04-07T07:43:42Z</time>
    <name>Happy Rock - Gladstone Visitor's Center</name>
    <cmt>Happy Rock - Gladstone Visitor's Center</cmt>
    <desc>Happy Rock - Gladstone Visitor's Center</desc>
    <sym>Information</sym>
    <type>user</type>
    <extensions>
      <gpxx:WaypointExtension>
        <gpxx:DisplayMode>SymbolOnly</gpxx:DisplayMode>
      </gpxx:WaypointExtension>
      <wptx1:WaypointExtension>
        <wptx1:DisplayMode>SymbolOnly</wptx1:DisplayMode>
      </wptx1:WaypointExtension>
      <ctx:CreationTimeExtension>
        <ctx:CreationTime>2022-04-07T07:43:42Z</ctx:CreationTime>
      </ctx:CreationTimeExtension>
    </extensions>
  </wpt>

  <wpt lat="55.247291699051857" lon="-127.59401036426425">
    <time>2021-10-30T02:50:34Z</time>
    <name>Hazelton Area Tourist Info Ctr</name>
    <cmt>parking</cmt>
    <desc>parking</desc>
    <sym>Information</sym>
    <type>user</type>
    <extensions>
      <gpxx:WaypointExtension>
        <gpxx:DisplayMode>SymbolOnly</gpxx:DisplayMode>
      </gpxx:WaypointExtension>
      <wptx1:WaypointExtension>
        <wptx1:DisplayMode>SymbolOnly</wptx1:DisplayMode>
      </wptx1:WaypointExtension>
      <ctx:CreationTimeExtension>
        <ctx:CreationTime>2021-10-30T02:50:34Z</ctx:CreationTime>
      </ctx:CreationTimeExtension>
    </extensions>
  </wpt>

  <wpt lat="49.356250762939453" lon="-120.07775553502142">
    <time>2021-11-08T18:53:15Z</time>
    <name>Hedley Museum &amp; Tourist Booth</name>
    <cmt>Hedley Museum</cmt>
    <desc>Hedley Museum</desc>
    <sym>Information</sym>
    <type>user</type>
    <extensions>
      <gpxx:WaypointExtension>
        <gpxx:DisplayMode>SymbolOnly</gpxx:DisplayMode>
      </gpxx:WaypointExtension>
      <wptx1:WaypointExtension>
        <wptx1:DisplayMode>SymbolOnly</wptx1:DisplayMode>
      </wptx1:WaypointExtension>
      <ctx:CreationTimeExtension>
        <ctx:CreationTime>2021-11-08T18:53:15Z</ctx:CreationTime>
      </ctx:CreationTimeExtension>
    </extensions>
  </wpt>

  <wpt lat="49.377021789550781" lon="-121.44192703999579">
    <time>2021-10-17T01:36:03Z</time>
    <name>Hope, BC - Visitors information</name>
    <cmt>information</cmt>
    <desc>information</desc>
    <sym>Information</sym>
    <type>user</type>
    <extensions>
      <gpxx:WaypointExtension>
        <gpxx:DisplayMode>SymbolOnly</gpxx:DisplayMode>
      </gpxx:WaypointExtension>
      <wptx1:WaypointExtension>
        <wptx1:DisplayMode>SymbolOnly</wptx1:DisplayMode>
      </wptx1:WaypointExtension>
      <ctx:CreationTimeExtension>
        <ctx:CreationTime>2021-10-17T01:36:03Z</ctx:CreationTime>
      </ctx:CreationTimeExtension>
    </extensions>
  </wpt>

  <wpt lat="54.399468898773193" lon="-126.65092706680298">
    <time>2021-10-31T05:22:24Z</time>
    <name>Houston - Visitor Centre</name>
    <cmt>Visitor Centre</cmt>
    <desc>Visitor Centre</desc>
    <sym>Information</sym>
    <type>user</type>
    <extensions>
      <gpxx:WaypointExtension>
        <gpxx:DisplayMode>SymbolOnly</gpxx:DisplayMode>
      </gpxx:WaypointExtension>
      <wptx1:WaypointExtension>
        <wptx1:DisplayMode>SymbolOnly</wptx1:DisplayMode>
      </wptx1:WaypointExtension>
      <ctx:CreationTimeExtension>
        <ctx:CreationTime>2021-10-31T05:22:24Z</ctx:CreationTime>
      </ctx:CreationTimeExtension>
    </extensions>
  </wpt>

  <wpt lat="50.52699183113873" lon="-103.67752991616726">
    <time>2021-06-25T13:58:37Z</time>
    <name>Indian Head Tourist Information Center</name>
    <sym>Information</sym>
    <type>user</type>
    <extensions>
      <gpxx:WaypointExtension>
        <gpxx:DisplayMode>SymbolOnly</gpxx:DisplayMode>
      </gpxx:WaypointExtension>
      <wptx1:WaypointExtension>
        <wptx1:DisplayMode>SymbolOnly</wptx1:DisplayMode>
      </wptx1:WaypointExtension>
      <ctx:CreationTimeExtension>
        <ctx:CreationTime>2021-06-25T13:58:37Z</ctx:CreationTime>
      </ctx:CreationTimeExtension>
    </extensions>
  </wpt>

  <wpt lat="46.296944618225098" lon="-67.527616024017334">
    <time>2022-07-24T19:14:05Z</time>
    <name>information</name>
    <cmt>information</cmt>
    <desc>information</desc>
    <sym>Information</sym>
    <type>user</type>
    <extensions>
      <gpxx:WaypointExtension>
        <gpxx:DisplayMode>SymbolOnly</gpxx:DisplayMode>
      </gpxx:WaypointExtension>
      <wptx1:WaypointExtension>
        <wptx1:DisplayMode>SymbolOnly</wptx1:DisplayMode>
      </wptx1:WaypointExtension>
      <ctx:CreationTimeExtension>
        <ctx:CreationTime>2022-07-24T19:14:05Z</ctx:CreationTime>
      </ctx:CreationTimeExtension>
    </extensions>
  </wpt>

  <wpt lat="44.900758266448975" lon="-76.248807907104492">
    <time>2022-03-21T21:17:02Z</time>
    <name>information (Perth)</name>
    <cmt>information</cmt>
    <desc>information</desc>
    <sym>Information</sym>
    <type>user</type>
    <extensions>
      <gpxx:WaypointExtension>
        <gpxx:DisplayMode>SymbolOnly</gpxx:DisplayMode>
      </gpxx:WaypointExtension>
      <wptx1:WaypointExtension>
        <wptx1:DisplayMode>SymbolOnly</wptx1:DisplayMode>
      </wptx1:WaypointExtension>
      <ctx:CreationTimeExtension>
        <ctx:CreationTime>2022-03-21T21:17:02Z</ctx:CreationTime>
      </ctx:CreationTimeExtension>
    </extensions>
  </wpt>

  <wpt lat="47.377488613128662" lon="-70.053226863965392">
    <time>2022-07-23T18:59:09Z</time>
    <name>Informations Touristiques Du Bas-St-Laurent</name>
    <cmt>Informations Touristiques Du Bas-St-Laurent</cmt>
    <desc>Informations Touristiques Du Bas-St-Laurent</desc>
    <sym>Information</sym>
    <type>user</type>
    <extensions>
      <gpxx:WaypointExtension>
        <gpxx:DisplayMode>SymbolOnly</gpxx:DisplayMode>
      </gpxx:WaypointExtension>
      <wptx1:WaypointExtension>
        <wptx1:DisplayMode>SymbolOnly</wptx1:DisplayMode>
      </wptx1:WaypointExtension>
      <ctx:CreationTimeExtension>
        <ctx:CreationTime>2022-07-23T18:59:09Z</ctx:CreationTime>
      </ctx:CreationTimeExtension>
    </extensions>
  </wpt>

  <wpt lat="46.646168231964111" lon="-60.401694774627686">
    <time>2022-04-18T06:37:36Z</time>
    <name>Ingonish Visitor Centre</name>
    <cmt>information</cmt>
    <desc>information</desc>
    <sym>Information</sym>
    <type>user</type>
    <extensions>
      <gpxx:WaypointExtension>
        <gpxx:DisplayMode>SymbolOnly</gpxx:DisplayMode>
      </gpxx:WaypointExtension>
      <wptx1:WaypointExtension>
        <wptx1:DisplayMode>SymbolOnly</wptx1:DisplayMode>
      </wptx1:WaypointExtension>
      <ctx:CreationTimeExtension>
        <ctx:CreationTime>2022-04-18T06:37:36Z</ctx:CreationTime>
      </ctx:CreationTimeExtension>
    </extensions>
  </wpt>

  <wpt lat="46.22767330147326" lon="-61.307622101157904">
    <time>2022-04-18T06:35:02Z</time>
    <name>Inverness Visitor Information Centre</name>
    <cmt>residential area</cmt>
    <desc>residential area</desc>
    <sym>Information</sym>
    <type>user</type>
    <extensions>
      <gpxx:WaypointExtension>
        <gpxx:DisplayMode>SymbolOnly</gpxx:DisplayMode>
      </gpxx:WaypointExtension>
      <wptx1:WaypointExtension>
        <wptx1:DisplayMode>SymbolOnly</wptx1:DisplayMode>
      </wptx1:WaypointExtension>
      <ctx:CreationTimeExtension>
        <ctx:CreationTime>2022-04-18T06:35:02Z</ctx:CreationTime>
      </ctx:CreationTimeExtension>
    </extensions>
  </wpt>

  <wpt lat="52.877368927001953" lon="-118.08081873692572">
    <time>2021-12-05T18:09:25Z</time>
    <name>Jasper Park Information Centre</name>
    <cmt>Jasper Park Information Centre</cmt>
    <desc>Jasper Park Information Centre</desc>
    <sym>Information</sym>
    <type>user</type>
    <extensions>
      <gpxx:WaypointExtension>
        <gpxx:DisplayMode>SymbolOnly</gpxx:DisplayMode>
      </gpxx:WaypointExtension>
      <wptx1:WaypointExtension>
        <wptx1:DisplayMode>SymbolOnly</wptx1:DisplayMode>
      </wptx1:WaypointExtension>
      <ctx:CreationTimeExtension>
        <ctx:CreationTime>2021-12-05T18:09:25Z</ctx:CreationTime>
      </ctx:CreationTimeExtension>
    </extensions>
  </wpt>

  <wpt lat="50.654847621917725" lon="-120.36782026290894">
    <time>2021-12-01T12:47:22Z</time>
    <name>Kamloops Visitor Centre</name>
    <cmt>Kamloops Visitor Centre</cmt>
    <desc>Kamloops Visitor Centre</desc>
    <sym>Information</sym>
    <type>user</type>
    <extensions>
      <gpxx:WaypointExtension>
        <gpxx:DisplayMode>SymbolOnly</gpxx:DisplayMode>
      </gpxx:WaypointExtension>
      <wptx1:WaypointExtension>
        <wptx1:DisplayMode>SymbolOnly</wptx1:DisplayMode>
      </wptx1:WaypointExtension>
      <ctx:CreationTimeExtension>
        <ctx:CreationTime>2021-12-01T12:47:22Z</ctx:CreationTime>
      </ctx:CreationTimeExtension>
    </extensions>
  </wpt>

  <wpt lat="49.887511041015387" lon="-119.49810368008912">
    <time>2022-09-17T23:34:43Z</time>
    <name>Kelowna Visitor Centre (lots of bike shops in town)</name>
    <cmt>Stuart Park</cmt>
    <desc>Stuart Park</desc>
    <sym>Information</sym>
    <type>user</type>
    <extensions>
      <gpxx:WaypointExtension>
        <gpxx:DisplayMode>SymbolOnly</gpxx:DisplayMode>
      </gpxx:WaypointExtension>
      <wptx1:WaypointExtension>
        <wptx1:DisplayMode>SymbolOnly</wptx1:DisplayMode>
      </wptx1:WaypointExtension>
      <ctx:CreationTimeExtension>
        <ctx:CreationTime>2022-09-17T23:34:43Z</ctx:CreationTime>
      </ctx:CreationTimeExtension>
    </extensions>
  </wpt>

  <wpt lat="49.205057490617037" lon="-119.82893496751785">
    <time>2021-11-10T09:06:27Z</time>
    <name>Keremeos Visitors Centre (Similkameen Country Tourist Information)</name>
    <sym>Information</sym>
    <type>user</type>
    <extensions>
      <gpxx:WaypointExtension>
        <gpxx:DisplayMode>SymbolOnly</gpxx:DisplayMode>
      </gpxx:WaypointExtension>
      <wptx1:WaypointExtension>
        <wptx1:DisplayMode>SymbolOnly</wptx1:DisplayMode>
      </wptx1:WaypointExtension>
      <ctx:CreationTimeExtension>
        <ctx:CreationTime>2021-11-10T09:06:27Z</ctx:CreationTime>
      </ctx:CreationTimeExtension>
    </extensions>
  </wpt>

  <wpt lat="44.229326164349914" lon="-76.480185985565186">
    <time>2021-10-04T19:06:15Z</time>
    <name>Kingston</name>
    <cmt>information</cmt>
    <desc>information</desc>
    <sym>Information</sym>
    <type>user</type>
    <extensions>
      <gpxx:WaypointExtension>
        <gpxx:DisplayMode>SymbolOnly</gpxx:DisplayMode>
      </gpxx:WaypointExtension>
      <wptx1:WaypointExtension>
        <wptx1:DisplayMode>SymbolOnly</wptx1:DisplayMode>
      </wptx1:WaypointExtension>
      <ctx:CreationTimeExtension>
        <ctx:CreationTime>2021-10-04T19:06:15Z</ctx:CreationTime>
      </ctx:CreationTimeExtension>
    </extensions>
  </wpt>

  <wpt lat="44.986288463696837" lon="-64.952008724212646">
    <time>2022-09-12T08:41:39Z</time>
    <name>Kingston Greenwood Information Center</name>
    <cmt>Kingston Greenwood Information Center</cmt>
    <desc>Kingston Greenwood Information Center</desc>
    <sym>Information</sym>
    <type>user</type>
    <extensions>
      <gpxx:WaypointExtension>
        <gpxx:DisplayMode>SymbolOnly</gpxx:DisplayMode>
      </gpxx:WaypointExtension>
      <wptx1:WaypointExtension>
        <wptx1:DisplayMode>SymbolOnly</wptx1:DisplayMode>
      </wptx1:WaypointExtension>
      <ctx:CreationTimeExtension>
        <ctx:CreationTime>2022-09-12T08:41:39Z</ctx:CreationTime>
      </ctx:CreationTimeExtension>
    </extensions>
  </wpt>

  <wpt lat="51.426312876865268" lon="-116.17900312878191">
    <time>2021-12-08T12:46:07Z</time>
    <name>Lake Louise Visitor Centre</name>
    <sym>Information</sym>
    <type>user</type>
    <extensions>
      <gpxx:WaypointExtension>
        <gpxx:DisplayMode>SymbolOnly</gpxx:DisplayMode>
      </gpxx:WaypointExtension>
      <wptx1:WaypointExtension>
        <wptx1:DisplayMode>SymbolOnly</wptx1:DisplayMode>
      </wptx1:WaypointExtension>
      <ctx:CreationTimeExtension>
        <ctx:CreationTime>2021-12-08T12:46:07Z</ctx:CreationTime>
      </ctx:CreationTimeExtension>
    </extensions>
  </wpt>

  <wpt lat="49.760427474975586" lon="-94.53035831451416">
    <time>2022-04-07T04:22:55Z</time>
    <name>Lake of the Woods Discovery Centre (Husky the Muskie sculpture)</name>
    <cmt>service road</cmt>
    <desc>service road</desc>
    <sym>Information</sym>
    <type>user</type>
    <extensions>
      <gpxx:WaypointExtension>
        <gpxx:DisplayMode>SymbolOnly</gpxx:DisplayMode>
      </gpxx:WaypointExtension>
      <wptx1:WaypointExtension>
        <wptx1:DisplayMode>SymbolOnly</wptx1:DisplayMode>
      </wptx1:WaypointExtension>
      <ctx:CreationTimeExtension>
        <ctx:CreationTime>2022-04-07T04:22:55Z</ctx:CreationTime>
      </ctx:CreationTimeExtension>
    </extensions>
  </wpt>

  <wpt lat="47.336130458861589" lon="-84.617181597277522">
    <time>2021-07-14T18:25:20Z</time>
    <name>Lake Superior Provincial Park Visitors Centre</name>
    <sym>Information</sym>
    <type>user</type>
    <extensions>
      <gpxx:WaypointExtension>
        <gpxx:DisplayMode>SymbolOnly</gpxx:DisplayMode>
      </gpxx:WaypointExtension>
      <wptx1:WaypointExtension>
        <wptx1:DisplayMode>SymbolOnly</wptx1:DisplayMode>
      </wptx1:WaypointExtension>
      <ctx:CreationTimeExtension>
        <ctx:CreationTime>2021-07-14T18:25:20Z</ctx:CreationTime>
      </ctx:CreationTimeExtension>
    </extensions>
  </wpt>

  <wpt lat="48.422823501750827" lon="-123.36882046423852">
    <time>2021-06-25T12:20:24Z</time>
    <name>Lekwungen Territory (Victoria) Info</name>
    <sym>Information</sym>
    <type>user</type>
    <extensions>
      <gpxx:WaypointExtension>
        <gpxx:DisplayMode>SymbolOnly</gpxx:DisplayMode>
      </gpxx:WaypointExtension>
      <wptx1:WaypointExtension>
        <wptx1:DisplayMode>SymbolOnly</wptx1:DisplayMode>
      </wptx1:WaypointExtension>
      <ctx:CreationTimeExtension>
        <ctx:CreationTime>2021-06-25T12:20:24Z</ctx:CreationTime>
      </ctx:CreationTimeExtension>
    </extensions>
  </wpt>

  <wpt lat="47.051739692687988" lon="-67.738308906555176">
    <time>2022-03-02T04:34:14Z</time>
    <name>Malabeam Information Centre (Grand Falls)</name>
    <cmt>Malabeam Information Centre</cmt>
    <desc>Malabeam Information Centre</desc>
    <sym>Information</sym>
    <type>user</type>
    <extensions>
      <gpxx:WaypointExtension>
        <gpxx:DisplayMode>SymbolOnly</gpxx:DisplayMode>
      </gpxx:WaypointExtension>
      <wptx1:WaypointExtension>
        <wptx1:DisplayMode>SymbolOnly</wptx1:DisplayMode>
      </wptx1:WaypointExtension>
      <ctx:CreationTimeExtension>
        <ctx:CreationTime>2022-03-02T04:34:14Z</ctx:CreationTime>
      </ctx:CreationTimeExtension>
    </extensions>
  </wpt>

  <wpt lat="50.030364990234375" lon="-101.36917591094971">
    <time>2022-04-08T02:40:46Z</time>
    <name>Manitoba Visitor Information Centre (Kirkella)</name>
    <cmt>information</cmt>
    <desc>information</desc>
    <sym>Information</sym>
    <type>user</type>
    <extensions>
      <gpxx:WaypointExtension>
        <gpxx:DisplayMode>SymbolOnly</gpxx:DisplayMode>
      </gpxx:WaypointExtension>
      <wptx1:WaypointExtension>
        <wptx1:DisplayMode>SymbolOnly</wptx1:DisplayMode>
      </wptx1:WaypointExtension>
      <ctx:CreationTimeExtension>
        <ctx:CreationTime>2022-04-08T02:40:46Z</ctx:CreationTime>
      </ctx:CreationTimeExtension>
    </extensions>
  </wpt>

  <wpt lat="45.978877460584044" lon="-81.917603015899658">
    <time>2022-06-26T18:59:30Z</time>
    <name>Manitoulin Tourist Information Centre</name>
    <cmt>information</cmt>
    <desc>information</desc>
    <sym>Information</sym>
    <type>user</type>
    <extensions>
      <gpxx:WaypointExtension>
        <gpxx:DisplayMode>SymbolOnly</gpxx:DisplayMode>
      </gpxx:WaypointExtension>
      <wptx1:WaypointExtension>
        <wptx1:DisplayMode>SymbolOnly</wptx1:DisplayMode>
      </wptx1:WaypointExtension>
      <ctx:CreationTimeExtension>
        <ctx:CreationTime>2022-06-26T18:59:30Z</ctx:CreationTime>
      </ctx:CreationTimeExtension>
    </extensions>
  </wpt>

  <wpt lat="49.062811564654112" lon="-120.76782278716564">
    <time>2021-11-07T12:02:22Z</time>
    <name>Manning Park Visitor Centre (washroom)</name>
    <cmt>Manning Park Visitor Centre</cmt>
    <desc>Manning Park Visitor Centre</desc>
    <sym>Information</sym>
    <type>user</type>
    <extensions>
      <gpxx:WaypointExtension>
        <gpxx:DisplayMode>SymbolOnly</gpxx:DisplayMode>
      </gpxx:WaypointExtension>
      <wptx1:WaypointExtension>
        <wptx1:DisplayMode>SymbolOnly</wptx1:DisplayMode>
      </wptx1:WaypointExtension>
      <ctx:CreationTimeExtension>
        <ctx:CreationTime>2021-11-07T12:02:22Z</ctx:CreationTime>
      </ctx:CreationTimeExtension>
    </extensions>
  </wpt>

  <wpt lat="53.300874223932624" lon="-120.17018018290401">
    <time>2021-11-07T03:06:48Z</time>
    <name>McBride Visitor Centre</name>
    <cmt>area</cmt>
    <desc>area</desc>
    <sym>Information</sym>
    <type>user</type>
    <extensions>
      <gpxx:WaypointExtension>
        <gpxx:DisplayMode>SymbolOnly</gpxx:DisplayMode>
      </gpxx:WaypointExtension>
      <wptx1:WaypointExtension>
        <wptx1:DisplayMode>SymbolOnly</wptx1:DisplayMode>
      </wptx1:WaypointExtension>
      <ctx:CreationTimeExtension>
        <ctx:CreationTime>2021-11-07T03:06:48Z</ctx:CreationTime>
      </ctx:CreationTimeExtension>
    </extensions>
  </wpt>

  <wpt lat="44.608654975891113" lon="-80.592226982116699">
    <time>2022-09-08T11:15:45Z</time>
    <name>Meaford Visitor Information Centre</name>
    <cmt>Meaford Visitor Information Centre</cmt>
    <desc>Meaford Visitor Information Centre</desc>
    <sym>Information</sym>
    <type>user</type>
    <extensions>
      <gpxx:WaypointExtension>
        <gpxx:DisplayMode>SymbolOnly</gpxx:DisplayMode>
      </gpxx:WaypointExtension>
      <wptx1:WaypointExtension>
        <wptx1:DisplayMode>SymbolOnly</wptx1:DisplayMode>
      </wptx1:WaypointExtension>
      <ctx:CreationTimeExtension>
        <ctx:CreationTime>2022-09-08T11:15:45Z</ctx:CreationTime>
      </ctx:CreationTimeExtension>
    </extensions>
  </wpt>

  <wpt lat="44.941463470458984" lon="-65.069231986999512">
    <time>2022-01-19T18:13:36Z</time>
    <name>Middleton Visitor Info Ctr</name>
    <cmt>Visitor Information Centre</cmt>
    <desc>Visitor Information Centre</desc>
    <sym>Information</sym>
    <type>user</type>
    <extensions>
      <gpxx:WaypointExtension>
        <gpxx:DisplayMode>SymbolOnly</gpxx:DisplayMode>
      </gpxx:WaypointExtension>
      <wptx1:WaypointExtension>
        <wptx1:DisplayMode>SymbolOnly</wptx1:DisplayMode>
      </wptx1:WaypointExtension>
      <ctx:CreationTimeExtension>
        <ctx:CreationTime>2022-01-19T18:13:36Z</ctx:CreationTime>
      </ctx:CreationTimeExtension>
    </extensions>
  </wpt>

  <wpt lat="46.089341640472412" lon="-64.77114200592041">
    <time>2021-12-26T18:39:47Z</time>
    <name>Moncton Visitors Information</name>
    <sym>Information</sym>
    <type>user</type>
    <extensions>
      <gpxx:WaypointExtension>
        <gpxx:DisplayMode>SymbolOnly</gpxx:DisplayMode>
      </gpxx:WaypointExtension>
      <wptx1:WaypointExtension>
        <wptx1:DisplayMode>SymbolOnly</wptx1:DisplayMode>
      </wptx1:WaypointExtension>
      <ctx:CreationTimeExtension>
        <ctx:CreationTime>2021-12-26T18:39:47Z</ctx:CreationTime>
      </ctx:CreationTimeExtension>
    </extensions>
  </wpt>

  <wpt lat="53.035473832860589" lon="-119.22910242341459">
    <time>2021-11-07T09:02:14Z</time>
    <name>Mount Robson Visitors Centre</name>
    <sym>Information</sym>
    <type>user</type>
    <extensions>
      <gpxx:WaypointExtension>
        <gpxx:DisplayMode>SymbolOnly</gpxx:DisplayMode>
      </gpxx:WaypointExtension>
      <wptx1:WaypointExtension>
        <wptx1:DisplayMode>SymbolOnly</wptx1:DisplayMode>
      </wptx1:WaypointExtension>
      <ctx:CreationTimeExtension>
        <ctx:CreationTime>2021-11-07T09:02:14Z</ctx:CreationTime>
      </ctx:CreationTimeExtension>
    </extensions>
  </wpt>

  <wpt lat="48.264159187674522" lon="-67.237187689170241">
    <time>2022-03-17T14:55:02Z</time>
    <name>Municipalité de Sainte-Florence</name>
    <cmt>area</cmt>
    <desc>area</desc>
    <sym>Information</sym>
    <type>user</type>
    <extensions>
      <gpxx:WaypointExtension>
        <gpxx:DisplayMode>SymbolOnly</gpxx:DisplayMode>
      </gpxx:WaypointExtension>
      <wptx1:WaypointExtension>
        <wptx1:DisplayMode>SymbolOnly</wptx1:DisplayMode>
      </wptx1:WaypointExtension>
      <ctx:CreationTimeExtension>
        <ctx:CreationTime>2022-03-17T14:55:02Z</ctx:CreationTime>
      </ctx:CreationTimeExtension>
    </extensions>
  </wpt>

  <wpt lat="49.489395618438721" lon="-117.3014760017395">
    <time>2021-11-24T21:14:57Z</time>
    <name>Nelson Visitor Centre</name>
    <cmt>Visitor Center</cmt>
    <desc>Visitor Center</desc>
    <sym>Information</sym>
    <type>user</type>
    <extensions>
      <gpxx:WaypointExtension>
        <gpxx:DisplayMode>SymbolOnly</gpxx:DisplayMode>
      </gpxx:WaypointExtension>
      <wptx1:WaypointExtension>
        <wptx1:DisplayMode>SymbolOnly</wptx1:DisplayMode>
      </wptx1:WaypointExtension>
      <ctx:CreationTimeExtension>
        <ctx:CreationTime>2021-11-24T21:14:57Z</ctx:CreationTime>
      </ctx:CreationTimeExtension>
    </extensions>
  </wpt>

  <wpt lat="48.206476606428623" lon="-65.891744289547205">
    <time>2022-03-17T15:18:09Z</time>
    <name>New Richmond Tourist Information Centre</name>
    <cmt>area</cmt>
    <desc>area</desc>
    <sym>Information</sym>
    <type>user</type>
    <extensions>
      <gpxx:WaypointExtension>
        <gpxx:DisplayMode>SymbolOnly</gpxx:DisplayMode>
      </gpxx:WaypointExtension>
      <wptx1:WaypointExtension>
        <wptx1:DisplayMode>SymbolOnly</wptx1:DisplayMode>
      </wptx1:WaypointExtension>
      <ctx:CreationTimeExtension>
        <ctx:CreationTime>2022-03-17T15:18:09Z</ctx:CreationTime>
      </ctx:CreationTimeExtension>
    </extensions>
  </wpt>

  <wpt lat="47.598552592098713" lon="-59.16344627737999">
    <time>2022-01-01T20:00:57Z</time>
    <name>Newfoundland and Labrador Visitor Information Center (Port Aux Basques)</name>
    <cmt>Channel-Port Aux Basques</cmt>
    <desc>Channel-Port Aux Basques</desc>
    <sym>Information</sym>
    <type>user</type>
    <extensions>
      <gpxx:WaypointExtension>
        <gpxx:DisplayMode>SymbolOnly</gpxx:DisplayMode>
      </gpxx:WaypointExtension>
      <wptx1:WaypointExtension>
        <wptx1:DisplayMode>SymbolOnly</wptx1:DisplayMode>
      </wptx1:WaypointExtension>
      <ctx:CreationTimeExtension>
        <ctx:CreationTime>2022-01-01T20:00:57Z</ctx:CreationTime>
      </ctx:CreationTimeExtension>
    </extensions>
  </wpt>

  <wpt lat="46.21178456582129" lon="-60.246346760541201">
    <time>2022-04-18T06:40:33Z</time>
    <name>Newfoundland Tourist Information Centre</name>
    <cmt>North Sydney Port</cmt>
    <desc>North Sydney Port</desc>
    <sym>Information</sym>
    <type>user</type>
    <extensions>
      <gpxx:WaypointExtension>
        <gpxx:DisplayMode>SymbolOnly</gpxx:DisplayMode>
      </gpxx:WaypointExtension>
      <wptx1:WaypointExtension>
        <wptx1:DisplayMode>SymbolOnly</wptx1:DisplayMode>
      </wptx1:WaypointExtension>
      <ctx:CreationTimeExtension>
        <ctx:CreationTime>2022-04-18T06:40:33Z</ctx:CreationTime>
      </ctx:CreationTimeExtension>
    </extensions>
  </wpt>

  <wpt lat="49.017906188964844" lon="-88.3070969581604">
    <time>2022-04-04T04:43:10Z</time>
    <name>Nipigon Tourist Information Centre</name>
    <cmt>Nipigon Travel Centre</cmt>
    <desc>Nipigon Travel Centre</desc>
    <sym>Information</sym>
    <type>user</type>
    <extensions>
      <gpxx:WaypointExtension>
        <gpxx:DisplayMode>SymbolOnly</gpxx:DisplayMode>
      </gpxx:WaypointExtension>
      <wptx1:WaypointExtension>
        <wptx1:DisplayMode>SymbolOnly</wptx1:DisplayMode>
      </wptx1:WaypointExtension>
      <ctx:CreationTimeExtension>
        <ctx:CreationTime>2022-04-04T04:43:10Z</ctx:CreationTime>
      </ctx:CreationTimeExtension>
    </extensions>
  </wpt>

  <wpt lat="49.120430862531066" lon="-55.103709697723389">
    <time>2022-09-11T16:43:46Z</time>
    <name>Notre Dame Provincial Visitor Information Centre</name>
    <cmt>information</cmt>
    <desc>information</desc>
    <sym>Information</sym>
    <type>user</type>
    <extensions>
      <gpxx:WaypointExtension>
        <gpxx:DisplayMode>SymbolOnly</gpxx:DisplayMode>
      </gpxx:WaypointExtension>
      <wptx1:WaypointExtension>
        <wptx1:DisplayMode>SymbolOnly</wptx1:DisplayMode>
      </wptx1:WaypointExtension>
      <ctx:CreationTimeExtension>
        <ctx:CreationTime>2022-09-11T16:43:46Z</ctx:CreationTime>
      </ctx:CreationTimeExtension>
    </extensions>
  </wpt>

  <wpt lat="45.852856636047363" lon="-64.258990287780762">
    <time>2022-01-19T21:37:08Z</time>
    <name>Nova Scotia Tourism Information Centre</name>
    <cmt>Nova Scotia Tourism Information Centre</cmt>
    <desc>Nova Scotia Tourism Information Centre</desc>
    <sym>Information</sym>
    <type>user</type>
    <extensions>
      <gpxx:WaypointExtension>
        <gpxx:DisplayMode>SymbolOnly</gpxx:DisplayMode>
      </gpxx:WaypointExtension>
      <wptx1:WaypointExtension>
        <wptx1:DisplayMode>SymbolOnly</wptx1:DisplayMode>
      </wptx1:WaypointExtension>
      <ctx:CreationTimeExtension>
        <ctx:CreationTime>2022-01-19T21:37:08Z</ctx:CreationTime>
      </ctx:CreationTimeExtension>
    </extensions>
  </wpt>

  <wpt lat="45.646584033966064" lon="-61.405313014984131">
    <time>2022-04-18T06:32:54Z</time>
    <name>Nova Scotia Visitor Information Centre</name>
    <cmt>information</cmt>
    <desc>information</desc>
    <sym>Information</sym>
    <type>user</type>
    <extensions>
      <gpxx:WaypointExtension>
        <gpxx:DisplayMode>SymbolOnly</gpxx:DisplayMode>
      </gpxx:WaypointExtension>
      <wptx1:WaypointExtension>
        <wptx1:DisplayMode>SymbolOnly</wptx1:DisplayMode>
      </wptx1:WaypointExtension>
      <ctx:CreationTimeExtension>
        <ctx:CreationTime>2022-04-18T06:32:54Z</ctx:CreationTime>
      </ctx:CreationTimeExtension>
    </extensions>
  </wpt>

  <wpt lat="44.638058776035905" lon="-65.757934162393212">
    <time>2022-09-12T08:59:41Z</time>
    <name>Nova Scotia Visitors Information Centre - Digby (unconfirmed existance)</name>
    <cmt>Digby</cmt>
    <desc>Digby</desc>
    <sym>Information</sym>
    <type>user</type>
    <extensions>
      <gpxx:WaypointExtension>
        <gpxx:DisplayMode>SymbolOnly</gpxx:DisplayMode>
      </gpxx:WaypointExtension>
      <wptx1:WaypointExtension>
        <wptx1:DisplayMode>SymbolOnly</wptx1:DisplayMode>
      </wptx1:WaypointExtension>
      <ctx:CreationTimeExtension>
        <ctx:CreationTime>2022-09-12T08:59:41Z</ctx:CreationTime>
      </ctx:CreationTimeExtension>
    </extensions>
  </wpt>

  <wpt lat="47.214384404942393" lon="-70.269766459241509">
    <time>2022-10-04T14:11:48Z</time>
    <name>Office Du Tourisme De La MRC</name>
    <cmt>area</cmt>
    <desc>area</desc>
    <sym>Information</sym>
    <type>user</type>
    <extensions>
      <gpxx:WaypointExtension>
        <gpxx:DisplayMode>SymbolOnly</gpxx:DisplayMode>
      </gpxx:WaypointExtension>
      <wptx1:WaypointExtension>
        <wptx1:DisplayMode>SymbolOnly</wptx1:DisplayMode>
      </wptx1:WaypointExtension>
      <ctx:CreationTimeExtension>
        <ctx:CreationTime>2022-10-04T14:11:48Z</ctx:CreationTime>
      </ctx:CreationTimeExtension>
    </extensions>
  </wpt>

  <wpt lat="47.367146015167236" lon="-68.320670127868652">
    <time>2022-03-02T04:47:18Z</time>
    <name>Office du Tourisme Edmundston Madawaska</name>
    <cmt>information</cmt>
    <desc>information</desc>
    <sym>Information</sym>
    <type>user</type>
    <extensions>
      <gpxx:WaypointExtension>
        <gpxx:DisplayMode>SymbolOnly</gpxx:DisplayMode>
      </gpxx:WaypointExtension>
      <wptx1:WaypointExtension>
        <wptx1:DisplayMode>SymbolOnly</wptx1:DisplayMode>
      </wptx1:WaypointExtension>
      <ctx:CreationTimeExtension>
        <ctx:CreationTime>2022-03-02T04:47:18Z</ctx:CreationTime>
      </ctx:CreationTimeExtension>
    </extensions>
  </wpt>

  <wpt lat="43.644905090332031" lon="-79.381842613220215">
    <time>2022-03-19T20:51:19Z</time>
    <name>Ontario Travel Information Centre (Toronto)</name>
    <cmt>Ontario Travel Information Centre</cmt>
    <desc>Ontario Travel Information Centre</desc>
    <sym>Information</sym>
    <type>user</type>
    <extensions>
      <gpxx:WaypointExtension>
        <gpxx:DisplayMode>SymbolOnly</gpxx:DisplayMode>
      </gpxx:WaypointExtension>
      <wptx1:WaypointExtension>
        <wptx1:DisplayMode>SymbolOnly</wptx1:DisplayMode>
      </wptx1:WaypointExtension>
      <ctx:CreationTimeExtension>
        <ctx:CreationTime>2022-03-19T20:51:19Z</ctx:CreationTime>
      </ctx:CreationTimeExtension>
    </extensions>
  </wpt>

  <wpt lat="43.922704579308629" lon="-80.082544572651386">
    <time>2022-10-28T21:20:45Z</time>
    <name>Orangeville Visitor Information Centre</name>
    <cmt>Orangeville Visitor Information Centre</cmt>
    <desc>Orangeville Visitor Information Centre</desc>
    <sym>Information</sym>
    <type>user</type>
    <extensions>
      <gpxx:WaypointExtension>
        <gpxx:DisplayMode>SymbolOnly</gpxx:DisplayMode>
      </gpxx:WaypointExtension>
      <wptx1:WaypointExtension>
        <wptx1:DisplayMode>SymbolOnly</wptx1:DisplayMode>
      </wptx1:WaypointExtension>
      <ctx:CreationTimeExtension>
        <ctx:CreationTime>2022-10-28T21:20:45Z</ctx:CreationTime>
      </ctx:CreationTimeExtension>
    </extensions>
  </wpt>

  <wpt lat="44.608781710267067" lon="-79.417260261252522">
    <time>2022-03-23T13:21:16Z</time>
    <name>Orillia &amp; Lake Country Tourism</name>
    <cmt>area</cmt>
    <desc>area</desc>
    <sym>Information</sym>
    <type>user</type>
    <extensions>
      <gpxx:WaypointExtension>
        <gpxx:DisplayMode>SymbolOnly</gpxx:DisplayMode>
      </gpxx:WaypointExtension>
      <wptx1:WaypointExtension>
        <wptx1:DisplayMode>SymbolOnly</wptx1:DisplayMode>
      </wptx1:WaypointExtension>
      <ctx:CreationTimeExtension>
        <ctx:CreationTime>2022-03-23T13:21:16Z</ctx:CreationTime>
      </ctx:CreationTimeExtension>
    </extensions>
  </wpt>

  <wpt lat="49.036090560257435" lon="-119.4774925801903">
    <time>2021-11-21T14:41:04Z</time>
    <name>Osoyoos Visitor Centre</name>
    <sym>Information</sym>
    <type>user</type>
    <extensions>
      <gpxx:WaypointExtension>
        <gpxx:DisplayMode>SymbolOnly</gpxx:DisplayMode>
      </gpxx:WaypointExtension>
      <wptx1:WaypointExtension>
        <wptx1:DisplayMode>SymbolOnly</wptx1:DisplayMode>
      </wptx1:WaypointExtension>
      <ctx:CreationTimeExtension>
        <ctx:CreationTime>2021-11-21T14:41:04Z</ctx:CreationTime>
      </ctx:CreationTimeExtension>
    </extensions>
  </wpt>

  <wpt lat="45.423095086589456" lon="-75.697769522666931">
    <name>Ottawa</name>
    <sym>Information</sym>
    <type>user</type>
    <extensions>
      <gpxx:WaypointExtension>
        <gpxx:DisplayMode>SymbolOnly</gpxx:DisplayMode>
      </gpxx:WaypointExtension>
      <wptx1:WaypointExtension>
        <wptx1:DisplayMode>SymbolOnly</wptx1:DisplayMode>
      </wptx1:WaypointExtension>
    </extensions>
  </wpt>

  <wpt lat="48.992607593536377" lon="-125.58787107467651">
    <time>2022-04-14T07:56:38Z</time>
    <name>Pacific Rim National Park Reserve of Canada Visitor Center</name>
    <cmt>Pacific Rim National Park Reserve of Canada Visitor Center</cmt>
    <desc>Pacific Rim National Park Reserve of Canada Visitor Center</desc>
    <sym>Information</sym>
    <type>user</type>
    <extensions>
      <gpxx:WaypointExtension>
        <gpxx:DisplayMode>SymbolOnly</gpxx:DisplayMode>
      </gpxx:WaypointExtension>
      <wptx1:WaypointExtension>
        <wptx1:DisplayMode>SymbolOnly</wptx1:DisplayMode>
      </wptx1:WaypointExtension>
      <ctx:CreationTimeExtension>
        <ctx:CreationTime>2022-04-14T07:56:38Z</ctx:CreationTime>
      </ctx:CreationTimeExtension>
    </extensions>
  </wpt>

  <wpt lat="49.4970778003335" lon="-119.60633198730648">
    <time>2021-11-10T10:02:14Z</time>
    <name>Penticton Visitor Centre</name>
    <cmt>area</cmt>
    <desc>area</desc>
    <sym>Information</sym>
    <type>user</type>
    <extensions>
      <gpxx:WaypointExtension>
        <gpxx:DisplayMode>SymbolOnly</gpxx:DisplayMode>
      </gpxx:WaypointExtension>
      <wptx1:WaypointExtension>
        <wptx1:DisplayMode>SymbolOnly</wptx1:DisplayMode>
      </wptx1:WaypointExtension>
      <ctx:CreationTimeExtension>
        <ctx:CreationTime>2021-11-10T10:02:14Z</ctx:CreationTime>
      </ctx:CreationTimeExtension>
    </extensions>
  </wpt>

  <wpt lat="44.301947224885225" lon="-78.319164058193564">
    <time>2022-06-30T03:40:37Z</time>
    <name>Peterborough &amp; The Kawarthas Tourism</name>
    <cmt>information</cmt>
    <desc>information</desc>
    <sym>Information</sym>
    <type>user</type>
    <extensions>
      <gpxx:WaypointExtension>
        <gpxx:DisplayMode>SymbolOnly</gpxx:DisplayMode>
      </gpxx:WaypointExtension>
      <wptx1:WaypointExtension>
        <wptx1:DisplayMode>SymbolOnly</wptx1:DisplayMode>
      </wptx1:WaypointExtension>
      <ctx:CreationTimeExtension>
        <ctx:CreationTime>2022-06-30T03:40:37Z</ctx:CreationTime>
      </ctx:CreationTimeExtension>
    </extensions>
  </wpt>

  <wpt lat="45.681962119415402" lon="-62.728658365085721">
    <time>2022-01-16T17:19:46Z</time>
    <name>Pictou Visitor Information Centre</name>
    <sym>Information</sym>
    <type>user</type>
    <extensions>
      <gpxx:WaypointExtension>
        <gpxx:DisplayMode>SymbolOnly</gpxx:DisplayMode>
      </gpxx:WaypointExtension>
      <wptx1:WaypointExtension>
        <wptx1:DisplayMode>SymbolOnly</wptx1:DisplayMode>
      </wptx1:WaypointExtension>
      <ctx:CreationTimeExtension>
        <ctx:CreationTime>2022-01-16T17:19:46Z</ctx:CreationTime>
      </ctx:CreationTimeExtension>
    </extensions>
  </wpt>

  <wpt lat="49.48663336224854" lon="-113.94621910527349">
    <time>2022-04-11T02:57:46Z</time>
    <name>Pincher Creek Visitor Information Centre</name>
    <cmt>information</cmt>
    <desc>information</desc>
    <sym>Information</sym>
    <type>user</type>
    <extensions>
      <gpxx:WaypointExtension>
        <gpxx:DisplayMode>SymbolOnly</gpxx:DisplayMode>
      </gpxx:WaypointExtension>
      <wptx1:WaypointExtension>
        <wptx1:DisplayMode>SymbolOnly</wptx1:DisplayMode>
      </wptx1:WaypointExtension>
      <ctx:CreationTimeExtension>
        <ctx:CreationTime>2022-04-11T02:57:46Z</ctx:CreationTime>
      </ctx:CreationTimeExtension>
    </extensions>
  </wpt>

  <wpt lat="50.723340511322021" lon="-127.49215356074274">
    <time>2022-04-14T10:45:00Z</time>
    <name>Port Hardy Visitor Information Centre</name>
    <cmt>Visitor Centre</cmt>
    <desc>Visitor Centre</desc>
    <sym>Information</sym>
    <type>user</type>
    <extensions>
      <gpxx:WaypointExtension>
        <gpxx:DisplayMode>SymbolOnly</gpxx:DisplayMode>
      </gpxx:WaypointExtension>
      <wptx1:WaypointExtension>
        <wptx1:DisplayMode>SymbolOnly</wptx1:DisplayMode>
      </wptx1:WaypointExtension>
      <ctx:CreationTimeExtension>
        <ctx:CreationTime>2022-04-14T10:45:00Z</ctx:CreationTime>
      </ctx:CreationTimeExtension>
    </extensions>
  </wpt>

  <wpt lat="53.9192268345505" lon="-122.74441762827337">
    <time>2021-11-04T00:59:50Z</time>
    <name>Prince George Visitor Centre (wifi)</name>
    <cmt>Prince George Visitor Centre</cmt>
    <desc>Prince George Visitor Centre</desc>
    <sym>Information</sym>
    <type>user</type>
    <extensions>
      <gpxx:WaypointExtension>
        <gpxx:DisplayMode>SymbolOnly</gpxx:DisplayMode>
      </gpxx:WaypointExtension>
      <wptx1:WaypointExtension>
        <wptx1:DisplayMode>SymbolOnly</wptx1:DisplayMode>
      </wptx1:WaypointExtension>
      <ctx:CreationTimeExtension>
        <ctx:CreationTime>2021-11-04T00:59:50Z</ctx:CreationTime>
      </ctx:CreationTimeExtension>
    </extensions>
  </wpt>

  <wpt lat="54.318879162892699" lon="-130.32023317180574">
    <time>2022-04-23T20:46:45Z</time>
    <name>Prince Rupert Visitor Information Centre</name>
    <cmt>area</cmt>
    <desc>area</desc>
    <sym>Information</sym>
    <type>user</type>
    <extensions>
      <gpxx:WaypointExtension>
        <gpxx:DisplayMode>SymbolOnly</gpxx:DisplayMode>
      </gpxx:WaypointExtension>
      <wptx1:WaypointExtension>
        <wptx1:DisplayMode>SymbolOnly</wptx1:DisplayMode>
      </wptx1:WaypointExtension>
      <ctx:CreationTimeExtension>
        <ctx:CreationTime>2022-04-23T20:46:45Z</ctx:CreationTime>
      </ctx:CreationTimeExtension>
    </extensions>
  </wpt>

  <wpt lat="49.459833484143019" lon="-120.50715339370072">
    <time>2021-11-08T18:35:27Z</time>
    <name>Princeton Visitors Centre</name>
    <sym>Information</sym>
    <type>user</type>
    <extensions>
      <gpxx:WaypointExtension>
        <gpxx:DisplayMode>SymbolOnly</gpxx:DisplayMode>
      </gpxx:WaypointExtension>
      <wptx1:WaypointExtension>
        <wptx1:DisplayMode>SymbolOnly</wptx1:DisplayMode>
      </wptx1:WaypointExtension>
      <ctx:CreationTimeExtension>
        <ctx:CreationTime>2021-11-08T18:35:27Z</ctx:CreationTime>
      </ctx:CreationTimeExtension>
    </extensions>
  </wpt>

  <wpt lat="50.61954983510077" lon="-116.06935501098633">
    <time>2022-04-21T06:02:17Z</time>
    <name>Radium Hot Springs Visitor Centre</name>
    <cmt>Radium Hot Springs Visitor Centre</cmt>
    <desc>Radium Hot Springs Visitor Centre</desc>
    <sym>Information</sym>
    <type>user</type>
    <extensions>
      <gpxx:WaypointExtension>
        <gpxx:DisplayMode>SymbolOnly</gpxx:DisplayMode>
      </gpxx:WaypointExtension>
      <wptx1:WaypointExtension>
        <wptx1:DisplayMode>SymbolOnly</wptx1:DisplayMode>
      </wptx1:WaypointExtension>
      <ctx:CreationTimeExtension>
        <ctx:CreationTime>2022-04-21T06:02:17Z</ctx:CreationTime>
      </ctx:CreationTimeExtension>
    </extensions>
  </wpt>

  <wpt lat="50.448731761425734" lon="-104.61344157345593">
    <time>2021-08-12T03:12:18Z</time>
    <name>Regina Downtown Welcome Services Pavilion</name>
    <cmt>Victoria Park</cmt>
    <desc>Victoria Park</desc>
    <sym>Information</sym>
    <type>user</type>
    <extensions>
      <gpxx:WaypointExtension>
        <gpxx:DisplayMode>SymbolOnly</gpxx:DisplayMode>
      </gpxx:WaypointExtension>
      <wptx1:WaypointExtension>
        <wptx1:DisplayMode>SymbolOnly</wptx1:DisplayMode>
      </wptx1:WaypointExtension>
      <ctx:CreationTimeExtension>
        <ctx:CreationTime>2021-08-12T03:12:18Z</ctx:CreationTime>
      </ctx:CreationTimeExtension>
    </extensions>
  </wpt>

  <wpt lat="51.000211872160435" lon="-118.19639093242586">
    <time>2021-11-20T20:59:16Z</time>
    <name>Revelstoke Visitor Center</name>
    <cmt>Revelstoke Visitor Center</cmt>
    <desc>Revelstoke Visitor Center</desc>
    <sym>Information</sym>
    <type>user</type>
    <extensions>
      <gpxx:WaypointExtension>
        <gpxx:DisplayMode>SymbolOnly</gpxx:DisplayMode>
      </gpxx:WaypointExtension>
      <wptx1:WaypointExtension>
        <wptx1:DisplayMode>SymbolOnly</wptx1:DisplayMode>
      </wptx1:WaypointExtension>
      <ctx:CreationTimeExtension>
        <ctx:CreationTime>2021-11-20T20:59:16Z</ctx:CreationTime>
      </ctx:CreationTimeExtension>
    </extensions>
  </wpt>

  <wpt lat="48.450608337298036" lon="-68.530483162030578">
    <time>2022-03-16T11:52:54Z</time>
    <name>Rimouski Tourist Information Centre</name>
    <cmt>information</cmt>
    <desc>information</desc>
    <sym>Information</sym>
    <type>user</type>
    <extensions>
      <gpxx:WaypointExtension>
        <gpxx:DisplayMode>SymbolOnly</gpxx:DisplayMode>
      </gpxx:WaypointExtension>
      <wptx1:WaypointExtension>
        <wptx1:DisplayMode>SymbolOnly</wptx1:DisplayMode>
      </wptx1:WaypointExtension>
      <ctx:CreationTimeExtension>
        <ctx:CreationTime>2022-03-16T11:52:54Z</ctx:CreationTime>
      </ctx:CreationTimeExtension>
    </extensions>
  </wpt>

  <wpt lat="51.301328390836716" lon="-117.52111723646522">
    <time>2021-11-21T11:36:21Z</time>
    <name>Rogers Pass Discovery Centre (washrooms across parking lot)</name>
    <cmt>Rogers Pass Discovery Centre</cmt>
    <desc>Rogers Pass Discovery Centre</desc>
    <link href="https://www.pc.gc.ca/en/pn-np/bc/glacier/visit/heures-hours" />
    <sym>Information</sym>
    <type>user</type>
    <extensions>
      <gpxx:WaypointExtension>
        <gpxx:DisplayMode>SymbolOnly</gpxx:DisplayMode>
      </gpxx:WaypointExtension>
      <wptx1:WaypointExtension>
        <wptx1:DisplayMode>SymbolOnly</wptx1:DisplayMode>
      </wptx1:WaypointExtension>
      <ctx:CreationTimeExtension>
        <ctx:CreationTime>2021-11-21T11:36:21Z</ctx:CreationTime>
      </ctx:CreationTimeExtension>
    </extensions>
  </wpt>

  <wpt lat="50.772547395899892" lon="-101.28900300711393">
    <time>2022-04-07T08:10:37Z</time>
    <name>Russell Visitor Information Centre</name>
    <cmt>Russell</cmt>
    <desc>Russell</desc>
    <sym>Information</sym>
    <type>user</type>
    <extensions>
      <gpxx:WaypointExtension>
        <gpxx:DisplayMode>SymbolOnly</gpxx:DisplayMode>
      </gpxx:WaypointExtension>
      <wptx1:WaypointExtension>
        <wptx1:DisplayMode>SymbolOnly</wptx1:DisplayMode>
      </wptx1:WaypointExtension>
      <ctx:CreationTimeExtension>
        <ctx:CreationTime>2022-04-07T08:10:37Z</ctx:CreationTime>
      </ctx:CreationTimeExtension>
    </extensions>
  </wpt>

  <wpt lat="47.482888698577881" lon="-68.478577136993408">
    <time>2022-03-02T04:50:56Z</time>
    <name>Saint-Jacques Provincial Visitor Information Centre</name>
    <cmt>Saint-Jacques Provincial Visitor Information Centre</cmt>
    <desc>Saint-Jacques Provincial Visitor Information Centre</desc>
    <sym>Information</sym>
    <type>user</type>
    <extensions>
      <gpxx:WaypointExtension>
        <gpxx:DisplayMode>SymbolOnly</gpxx:DisplayMode>
      </gpxx:WaypointExtension>
      <wptx1:WaypointExtension>
        <wptx1:DisplayMode>SymbolOnly</wptx1:DisplayMode>
      </wptx1:WaypointExtension>
      <ctx:CreationTimeExtension>
        <ctx:CreationTime>2022-03-02T04:50:56Z</ctx:CreationTime>
      </ctx:CreationTimeExtension>
    </extensions>
  </wpt>

  <wpt lat="50.700392369180918" lon="-119.27892101928592">
    <time>2021-12-01T13:03:48Z</time>
    <name>Salmon Arm Visitor Centre</name>
    <cmt>Downtown</cmt>
    <desc>Downtown</desc>
    <sym>Information</sym>
    <type>user</type>
    <extensions>
      <gpxx:WaypointExtension>
        <gpxx:DisplayMode>SymbolOnly</gpxx:DisplayMode>
      </gpxx:WaypointExtension>
      <wptx1:WaypointExtension>
        <wptx1:DisplayMode>SymbolOnly</wptx1:DisplayMode>
      </wptx1:WaypointExtension>
      <ctx:CreationTimeExtension>
        <ctx:CreationTime>2021-12-01T13:03:48Z</ctx:CreationTime>
      </ctx:CreationTimeExtension>
    </extensions>
  </wpt>

  <wpt lat="50.836945809423923" lon="-118.98226384073496">
    <time>2021-11-17T10:12:49Z</time>
    <name>Sicamous Visitor Centre (no bike shop in town)</name>
    <cmt>area</cmt>
    <desc>area</desc>
    <sym>Information</sym>
    <type>user</type>
    <extensions>
      <gpxx:WaypointExtension>
        <gpxx:DisplayMode>SymbolOnly</gpxx:DisplayMode>
      </gpxx:WaypointExtension>
      <wptx1:WaypointExtension>
        <wptx1:DisplayMode>SymbolOnly</wptx1:DisplayMode>
      </wptx1:WaypointExtension>
      <ctx:CreationTimeExtension>
        <ctx:CreationTime>2021-11-17T10:12:49Z</ctx:CreationTime>
      </ctx:CreationTimeExtension>
    </extensions>
  </wpt>

  <wpt lat="48.648720569908619" lon="-123.40442938730121">
    <time>2022-04-14T06:00:31Z</time>
    <name>Sidney Information Centre (no washroom)</name>
    <cmt>Sidney Information Centre</cmt>
    <desc>Sidney Information Centre</desc>
    <sym>Information</sym>
    <type>user</type>
    <extensions>
      <gpxx:WaypointExtension>
        <gpxx:DisplayMode>SymbolOnly</gpxx:DisplayMode>
      </gpxx:WaypointExtension>
      <wptx1:WaypointExtension>
        <wptx1:DisplayMode>SymbolOnly</wptx1:DisplayMode>
      </wptx1:WaypointExtension>
      <ctx:CreationTimeExtension>
        <ctx:CreationTime>2022-04-14T06:00:31Z</ctx:CreationTime>
      </ctx:CreationTimeExtension>
    </extensions>
  </wpt>

  <wpt lat="47.570442371070385" lon="-52.681433307006955">
    <time>2021-12-27T17:00:54Z</time>
    <name>Signal Hill National Historic Site</name>
    <cmt>Signal Hill National Historic Site</cmt>
    <desc>Signal Hill National Historic Site</desc>
    <sym>Information</sym>
    <type>user</type>
    <extensions>
      <gpxx:WaypointExtension>
        <gpxx:DisplayMode>SymbolOnly</gpxx:DisplayMode>
      </gpxx:WaypointExtension>
      <wptx1:WaypointExtension>
        <wptx1:DisplayMode>SymbolOnly</wptx1:DisplayMode>
      </wptx1:WaypointExtension>
      <ctx:CreationTimeExtension>
        <ctx:CreationTime>2021-12-27T17:00:54Z</ctx:CreationTime>
      </ctx:CreationTimeExtension>
    </extensions>
  </wpt>

  <wpt lat="49.409830570220947" lon="-94.096634387969971">
    <time>2022-04-07T00:02:23Z</time>
    <name>Sioux Narrows Tourism Office (unconfirmed location)</name>
    <cmt>Tourism Office</cmt>
    <desc>Tourism Office</desc>
    <sym>Information</sym>
    <type>user</type>
    <extensions>
      <gpxx:WaypointExtension>
        <gpxx:DisplayMode>SymbolOnly</gpxx:DisplayMode>
      </gpxx:WaypointExtension>
      <wptx1:WaypointExtension>
        <wptx1:DisplayMode>SymbolOnly</wptx1:DisplayMode>
      </wptx1:WaypointExtension>
      <ctx:CreationTimeExtension>
        <ctx:CreationTime>2022-04-07T00:02:23Z</ctx:CreationTime>
      </ctx:CreationTimeExtension>
    </extensions>
  </wpt>

  <wpt lat="54.782863520085812" lon="-127.16673824004829">
    <time>2021-10-30T03:29:09Z</time>
    <name>Smithers Visitors Centre (washrooms, water)</name>
    <sym>Information</sym>
    <type>user</type>
    <extensions>
      <gpxx:WaypointExtension>
        <gpxx:DisplayMode>SymbolOnly</gpxx:DisplayMode>
      </gpxx:WaypointExtension>
      <wptx1:WaypointExtension>
        <wptx1:DisplayMode>SymbolOnly</wptx1:DisplayMode>
      </wptx1:WaypointExtension>
      <ctx:CreationTimeExtension>
        <ctx:CreationTime>2021-10-30T03:29:09Z</ctx:CreationTime>
      </ctx:CreationTimeExtension>
    </extensions>
  </wpt>

  <wpt lat="49.187264805659652" lon="-124.00235286913812">
    <time>2021-06-25T12:23:51Z</time>
    <name>Snuneymuxw Territory (Nanaimo)</name>
    <cmt>Experimental import of Canadian places and POIs from GNS Dataset</cmt>
    <desc>Experimental import of Canadian places and POIs from GNS Dataset</desc>
    <sym>Information</sym>
    <type>user</type>
    <extensions>
      <gpxx:WaypointExtension>
        <gpxx:DisplayMode>SymbolOnly</gpxx:DisplayMode>
      </gpxx:WaypointExtension>
      <wptx1:WaypointExtension>
        <wptx1:DisplayMode>SymbolOnly</wptx1:DisplayMode>
      </wptx1:WaypointExtension>
      <ctx:CreationTimeExtension>
        <ctx:CreationTime>2021-06-25T12:23:51Z</ctx:CreationTime>
      </ctx:CreationTimeExtension>
    </extensions>
  </wpt>

  <wpt lat="49.731330871582031" lon="-114.88441944122314">
    <time>2021-11-28T14:02:57Z</time>
    <name>Sparwood Chamber of Commerce &amp; Visitor Information Centre</name>
    <cmt>Sparwood Chamber of Commerce &amp; Business Information Centre</cmt>
    <desc>Sparwood Chamber of Commerce &amp; Business Information Centre</desc>
    <sym>Information</sym>
    <type>user</type>
    <extensions>
      <gpxx:WaypointExtension>
        <gpxx:DisplayMode>SymbolOnly</gpxx:DisplayMode>
      </gpxx:WaypointExtension>
      <wptx1:WaypointExtension>
        <wptx1:DisplayMode>SymbolOnly</wptx1:DisplayMode>
      </wptx1:WaypointExtension>
      <ctx:CreationTimeExtension>
        <ctx:CreationTime>2021-11-28T14:02:57Z</ctx:CreationTime>
      </ctx:CreationTimeExtension>
    </extensions>
  </wpt>

  <wpt lat="45.652999877929688" lon="-60.859730243682861">
    <time>2023-08-27T23:23:00Z</time>
    <name>St Peter's Tourist Office</name>
    <cmt>St Peter's Tourist Office</cmt>
    <desc>St Peter's Tourist Office</desc>
    <sym>Information</sym>
    <type>user</type>
    <extensions>
      <gpxx:WaypointExtension>
        <gpxx:DisplayMode>SymbolAndName</gpxx:DisplayMode>
      </gpxx:WaypointExtension>
      <wptx1:WaypointExtension>
        <wptx1:DisplayMode>SymbolAndName</wptx1:DisplayMode>
      </wptx1:WaypointExtension>
      <ctx:CreationTimeExtension>
        <ctx:CreationTime>2023-08-27T23:23:00Z</ctx:CreationTime>
      </ctx:CreationTimeExtension>
    </extensions>
  </wpt>

  <wpt lat="47.560649793595076" lon="-52.711027963086963">
    <time>2021-10-12T16:01:50Z</time>
    <name>St. John's Visitors Information Centre</name>
    <sym>Information</sym>
    <type>user</type>
    <extensions>
      <gpxx:WaypointExtension>
        <gpxx:DisplayMode>SymbolOnly</gpxx:DisplayMode>
      </gpxx:WaypointExtension>
      <wptx1:WaypointExtension>
        <wptx1:DisplayMode>SymbolOnly</wptx1:DisplayMode>
      </wptx1:WaypointExtension>
      <ctx:CreationTimeExtension>
        <ctx:CreationTime>2021-10-12T16:01:50Z</ctx:CreationTime>
      </ctx:CreationTimeExtension>
    </extensions>
  </wpt>

  <wpt lat="49.297758908942342" lon="-123.13145795837045">
    <time>2022-10-28T21:24:02Z</time>
    <name>Stanley Park Information Booth</name>
    <cmt>Stanley Park</cmt>
    <desc>Stanley Park</desc>
    <sym>Information</sym>
    <type>user</type>
    <extensions>
      <gpxx:WaypointExtension>
        <gpxx:DisplayMode>SymbolOnly</gpxx:DisplayMode>
      </gpxx:WaypointExtension>
      <wptx1:WaypointExtension>
        <wptx1:DisplayMode>SymbolOnly</wptx1:DisplayMode>
      </wptx1:WaypointExtension>
      <ctx:CreationTimeExtension>
        <ctx:CreationTime>2022-10-28T21:24:02Z</ctx:CreationTime>
      </ctx:CreationTimeExtension>
    </extensions>
  </wpt>

  <wpt lat="49.783243937417865" lon="-112.1504563651979">
    <time>2022-04-11T01:05:02Z</time>
    <name>Taber &amp; District Chamber Of Commerce</name>
    <cmt>area</cmt>
    <desc>area</desc>
    <sym>Information</sym>
    <type>user</type>
    <extensions>
      <gpxx:WaypointExtension>
        <gpxx:DisplayMode>SymbolOnly</gpxx:DisplayMode>
      </gpxx:WaypointExtension>
      <wptx1:WaypointExtension>
        <wptx1:DisplayMode>SymbolOnly</wptx1:DisplayMode>
      </wptx1:WaypointExtension>
      <ctx:CreationTimeExtension>
        <ctx:CreationTime>2022-04-11T01:05:02Z</ctx:CreationTime>
      </ctx:CreationTimeExtension>
    </extensions>
  </wpt>

  <wpt lat="48.782335314899683" lon="-87.105294484645128">
    <time>2021-07-12T19:43:39Z</time>
    <name>Terrace Bay Tourist Information Centre</name>
    <sym>Information</sym>
    <type>user</type>
    <extensions>
      <gpxx:WaypointExtension>
        <gpxx:DisplayMode>SymbolOnly</gpxx:DisplayMode>
      </gpxx:WaypointExtension>
      <wptx1:WaypointExtension>
        <wptx1:DisplayMode>SymbolOnly</wptx1:DisplayMode>
      </wptx1:WaypointExtension>
      <ctx:CreationTimeExtension>
        <ctx:CreationTime>2021-07-12T19:43:39Z</ctx:CreationTime>
      </ctx:CreationTimeExtension>
    </extensions>
  </wpt>

  <wpt lat="54.512708075344563" lon="-128.58316185884178">
    <time>2021-10-28T04:58:50Z</time>
    <name>Terrace Vistors Centre - Kermodei Tourism (Washroom, Water, Wifi, Charging Station)</name>
    <link href="https://www.visitterrace.com/" />
    <sym>Information</sym>
    <type>user</type>
    <extensions>
      <gpxx:WaypointExtension>
        <gpxx:DisplayMode>SymbolOnly</gpxx:DisplayMode>
      </gpxx:WaypointExtension>
      <wptx1:WaypointExtension>
        <wptx1:DisplayMode>SymbolOnly</wptx1:DisplayMode>
      </wptx1:WaypointExtension>
      <ctx:CreationTimeExtension>
        <ctx:CreationTime>2021-10-28T04:58:50Z</ctx:CreationTime>
      </ctx:CreationTimeExtension>
    </extensions>
  </wpt>

  <wpt lat="48.434430593624711" lon="-89.218001458793879">
    <time>2022-04-04T07:40:20Z</time>
    <name>Thunder Bay Tourist Pagoda</name>
    <cmt>area</cmt>
    <desc>area</desc>
    <sym>Information</sym>
    <type>user</type>
    <extensions>
      <gpxx:WaypointExtension>
        <gpxx:DisplayMode>SymbolOnly</gpxx:DisplayMode>
      </gpxx:WaypointExtension>
      <wptx1:WaypointExtension>
        <wptx1:DisplayMode>SymbolOnly</wptx1:DisplayMode>
      </wptx1:WaypointExtension>
      <ctx:CreationTimeExtension>
        <ctx:CreationTime>2022-04-04T07:40:20Z</ctx:CreationTime>
      </ctx:CreationTimeExtension>
    </extensions>
  </wpt>

  <wpt lat="45.253249229863286" lon="-81.663991771638393">
    <time>2022-04-02T21:48:59Z</time>
    <name>Tobermory Chamber of Commerce</name>
    <cmt>area</cmt>
    <desc>area</desc>
    <sym>Information</sym>
    <type>user</type>
    <extensions>
      <gpxx:WaypointExtension>
        <gpxx:DisplayMode>SymbolOnly</gpxx:DisplayMode>
      </gpxx:WaypointExtension>
      <wptx1:WaypointExtension>
        <wptx1:DisplayMode>SymbolOnly</wptx1:DisplayMode>
      </wptx1:WaypointExtension>
      <ctx:CreationTimeExtension>
        <ctx:CreationTime>2022-04-02T21:48:59Z</ctx:CreationTime>
      </ctx:CreationTimeExtension>
    </extensions>
  </wpt>

  <wpt lat="51.042630085721612" lon="-114.05846041627228">
    <time>2022-09-17T16:14:46Z</time>
    <name>Tourism Calgary (2nd floor)</name>
    <cmt>area</cmt>
    <desc>area</desc>
    <sym>Information</sym>
    <type>user</type>
    <extensions>
      <gpxx:WaypointExtension>
        <gpxx:DisplayMode>SymbolOnly</gpxx:DisplayMode>
      </gpxx:WaypointExtension>
      <wptx1:WaypointExtension>
        <wptx1:DisplayMode>SymbolOnly</wptx1:DisplayMode>
      </wptx1:WaypointExtension>
      <ctx:CreationTimeExtension>
        <ctx:CreationTime>2022-09-17T16:14:46Z</ctx:CreationTime>
      </ctx:CreationTimeExtension>
    </extensions>
  </wpt>

  <wpt lat="51.10666036605835" lon="-115.36618709564209">
    <time>2021-12-12T14:47:32Z</time>
    <name>Tourism Canmore Kananaskis</name>
    <cmt>information</cmt>
    <desc>information</desc>
    <sym>Information</sym>
    <type>user</type>
    <extensions>
      <gpxx:WaypointExtension>
        <gpxx:DisplayMode>SymbolOnly</gpxx:DisplayMode>
      </gpxx:WaypointExtension>
      <wptx1:WaypointExtension>
        <wptx1:DisplayMode>SymbolOnly</wptx1:DisplayMode>
      </wptx1:WaypointExtension>
      <ctx:CreationTimeExtension>
        <ctx:CreationTime>2021-12-12T14:47:32Z</ctx:CreationTime>
      </ctx:CreationTimeExtension>
    </extensions>
  </wpt>

  <wpt lat="49.525042176246643" lon="-115.05403932183981">
    <time>2021-11-28T13:36:45Z</time>
    <name>Tourism Fernie</name>
    <cmt>area</cmt>
    <desc>area</desc>
    <sym>Information</sym>
    <type>user</type>
    <extensions>
      <gpxx:WaypointExtension>
        <gpxx:DisplayMode>SymbolOnly</gpxx:DisplayMode>
      </gpxx:WaypointExtension>
      <wptx1:WaypointExtension>
        <wptx1:DisplayMode>SymbolOnly</wptx1:DisplayMode>
      </wptx1:WaypointExtension>
      <ctx:CreationTimeExtension>
        <ctx:CreationTime>2021-11-28T13:36:45Z</ctx:CreationTime>
      </ctx:CreationTimeExtension>
    </extensions>
  </wpt>

  <wpt lat="49.669338902458549" lon="-112.80063455924392">
    <time>2022-04-11T02:35:56Z</time>
    <name>Tourism Lethbridge</name>
    <cmt>Chinook Tourist Park</cmt>
    <desc>Chinook Tourist Park</desc>
    <sym>Information</sym>
    <type>user</type>
    <extensions>
      <gpxx:WaypointExtension>
        <gpxx:DisplayMode>SymbolOnly</gpxx:DisplayMode>
      </gpxx:WaypointExtension>
      <wptx1:WaypointExtension>
        <wptx1:DisplayMode>SymbolOnly</wptx1:DisplayMode>
      </wptx1:WaypointExtension>
      <ctx:CreationTimeExtension>
        <ctx:CreationTime>2022-04-11T02:35:56Z</ctx:CreationTime>
      </ctx:CreationTimeExtension>
    </extensions>
  </wpt>

  <wpt lat="50.011847019195557" lon="-110.68465948104858">
    <time>2022-04-10T23:56:55Z</time>
    <name>Tourism Medicine Hat</name>
    <cmt>Tourism Information</cmt>
    <desc>Tourism Information</desc>
    <sym>Information</sym>
    <type>user</type>
    <extensions>
      <gpxx:WaypointExtension>
        <gpxx:DisplayMode>SymbolOnly</gpxx:DisplayMode>
      </gpxx:WaypointExtension>
      <wptx1:WaypointExtension>
        <wptx1:DisplayMode>SymbolOnly</wptx1:DisplayMode>
      </wptx1:WaypointExtension>
      <ctx:CreationTimeExtension>
        <ctx:CreationTime>2022-04-10T23:56:55Z</ctx:CreationTime>
      </ctx:CreationTimeExtension>
    </extensions>
  </wpt>

  <wpt lat="49.138584136962891" lon="-122.28246688842773">
    <time>2022-11-06T11:11:23Z</time>
    <name>Tourism Mission Visitor Information Centre - 34033 Lougheed Hwy., Mission, BC V2V 5X8</name>
    <cmt>Information Centre</cmt>
    <desc>Information Centre</desc>
    <link href="https://tourismmission.ca/" />
    <sym>Information</sym>
    <type>user</type>
    <extensions>
      <gpxx:WaypointExtension>
        <gpxx:DisplayMode>SymbolOnly</gpxx:DisplayMode>
      </gpxx:WaypointExtension>
      <wptx1:WaypointExtension>
        <wptx1:DisplayMode>SymbolOnly</wptx1:DisplayMode>
      </wptx1:WaypointExtension>
      <ctx:CreationTimeExtension>
        <ctx:CreationTime>2022-11-06T11:11:23Z</ctx:CreationTime>
      </ctx:CreationTimeExtension>
    </extensions>
  </wpt>

  <wpt lat="50.41263316757977" lon="-105.51044845953584">
    <time>2022-09-17T13:32:09Z</time>
    <name>Tourism Moose Jaw</name>
    <cmt>area</cmt>
    <desc>area</desc>
    <sym>Information</sym>
    <type>user</type>
    <extensions>
      <gpxx:WaypointExtension>
        <gpxx:DisplayMode>SymbolOnly</gpxx:DisplayMode>
      </gpxx:WaypointExtension>
      <wptx1:WaypointExtension>
        <wptx1:DisplayMode>SymbolOnly</wptx1:DisplayMode>
      </wptx1:WaypointExtension>
      <ctx:CreationTimeExtension>
        <ctx:CreationTime>2022-09-17T13:32:09Z</ctx:CreationTime>
      </ctx:CreationTimeExtension>
    </extensions>
  </wpt>

  <wpt lat="45.576546192169189" lon="-62.725882530212402">
    <time>2022-01-10T21:41:14Z</time>
    <name>Tourism Nova Scotia</name>
    <cmt>Tourism Nova Scotia</cmt>
    <desc>Tourism Nova Scotia</desc>
    <sym>Information</sym>
    <type>user</type>
    <extensions>
      <gpxx:WaypointExtension>
        <gpxx:DisplayMode>SymbolOnly</gpxx:DisplayMode>
      </gpxx:WaypointExtension>
      <wptx1:WaypointExtension>
        <wptx1:DisplayMode>SymbolOnly</wptx1:DisplayMode>
      </wptx1:WaypointExtension>
      <ctx:CreationTimeExtension>
        <ctx:CreationTime>2022-01-10T21:41:14Z</ctx:CreationTime>
      </ctx:CreationTimeExtension>
    </extensions>
  </wpt>

  <wpt lat="52.13043037801981" lon="-106.65902509354055">
    <time>2022-04-10T22:59:47Z</time>
    <name>Tourism Saskatoon</name>
    <cmt>parking</cmt>
    <desc>parking</desc>
    <sym>Information</sym>
    <type>user</type>
    <extensions>
      <gpxx:WaypointExtension>
        <gpxx:DisplayMode>SymbolOnly</gpxx:DisplayMode>
      </gpxx:WaypointExtension>
      <wptx1:WaypointExtension>
        <wptx1:DisplayMode>SymbolOnly</wptx1:DisplayMode>
      </wptx1:WaypointExtension>
      <ctx:CreationTimeExtension>
        <ctx:CreationTime>2022-04-10T22:59:47Z</ctx:CreationTime>
      </ctx:CreationTimeExtension>
    </extensions>
  </wpt>

  <wpt lat="46.506717167794704" lon="-84.333701441064477">
    <time>2022-04-03T12:23:45Z</time>
    <name>Tourism Sault Ste. Marie</name>
    <cmt>area</cmt>
    <desc>area</desc>
    <sym>Information</sym>
    <type>user</type>
    <extensions>
      <gpxx:WaypointExtension>
        <gpxx:DisplayMode>SymbolOnly</gpxx:DisplayMode>
      </gpxx:WaypointExtension>
      <wptx1:WaypointExtension>
        <wptx1:DisplayMode>SymbolOnly</wptx1:DisplayMode>
      </wptx1:WaypointExtension>
      <ctx:CreationTimeExtension>
        <ctx:CreationTime>2022-04-03T12:23:45Z</ctx:CreationTime>
      </ctx:CreationTimeExtension>
    </extensions>
  </wpt>

  <wpt lat="50.297685423865914" lon="-107.80023856088519">
    <time>2022-04-10T22:27:32Z</time>
    <name>Tourism Swift Current</name>
    <cmt>Swift Current Museum</cmt>
    <desc>Swift Current Museum</desc>
    <sym>Information</sym>
    <type>user</type>
    <extensions>
      <gpxx:WaypointExtension>
        <gpxx:DisplayMode>SymbolOnly</gpxx:DisplayMode>
      </gpxx:WaypointExtension>
      <wptx1:WaypointExtension>
        <wptx1:DisplayMode>SymbolOnly</wptx1:DisplayMode>
      </wptx1:WaypointExtension>
      <ctx:CreationTimeExtension>
        <ctx:CreationTime>2022-04-10T22:27:32Z</ctx:CreationTime>
      </ctx:CreationTimeExtension>
    </extensions>
  </wpt>

  <wpt lat="49.106381786987185" lon="-125.86720260791481">
    <time>2022-04-14T08:02:42Z</time>
    <name>Tourism Tofino</name>
    <cmt>area</cmt>
    <desc>area</desc>
    <sym>Information</sym>
    <type>user</type>
    <extensions>
      <gpxx:WaypointExtension>
        <gpxx:DisplayMode>SymbolOnly</gpxx:DisplayMode>
      </gpxx:WaypointExtension>
      <wptx1:WaypointExtension>
        <wptx1:DisplayMode>SymbolOnly</wptx1:DisplayMode>
      </wptx1:WaypointExtension>
      <ctx:CreationTimeExtension>
        <ctx:CreationTime>2022-04-14T08:02:42Z</ctx:CreationTime>
      </ctx:CreationTimeExtension>
    </extensions>
  </wpt>

  <wpt lat="45.431921482086182" lon="-75.709941387176514">
    <time>2022-11-06T11:23:25Z</time>
    <name>Tourisme Outaouais - 103 Laurier St, Gatineau, Quebec J8X 3V8</name>
    <cmt>Tourisme Outaouais</cmt>
    <desc>Tourisme Outaouais</desc>
    <sym>Information</sym>
    <type>user</type>
    <extensions>
      <gpxx:WaypointExtension>
        <gpxx:DisplayMode>SymbolOnly</gpxx:DisplayMode>
      </gpxx:WaypointExtension>
      <wptx1:WaypointExtension>
        <wptx1:DisplayMode>SymbolOnly</wptx1:DisplayMode>
      </wptx1:WaypointExtension>
      <ctx:CreationTimeExtension>
        <ctx:CreationTime>2022-11-06T11:23:25Z</ctx:CreationTime>
      </ctx:CreationTimeExtension>
    </extensions>
  </wpt>

  <wpt lat="50.511682033538818" lon="-115.99749326705933">
    <time>2022-04-21T09:35:09Z</time>
    <name>Tourist Info - Columbia Valley Chamber of Commerce (Invermere)</name>
    <cmt>Tourist Info</cmt>
    <desc>Tourist Info</desc>
    <sym>Information</sym>
    <type>user</type>
    <extensions>
      <gpxx:WaypointExtension>
        <gpxx:DisplayMode>SymbolOnly</gpxx:DisplayMode>
      </gpxx:WaypointExtension>
      <wptx1:WaypointExtension>
        <wptx1:DisplayMode>SymbolOnly</wptx1:DisplayMode>
      </wptx1:WaypointExtension>
      <ctx:CreationTimeExtension>
        <ctx:CreationTime>2022-04-21T09:35:09Z</ctx:CreationTime>
      </ctx:CreationTimeExtension>
    </extensions>
  </wpt>

  <wpt lat="49.887603828683496" lon="-97.130437921732664">
    <time>2021-10-17T02:01:36Z</time>
    <name>Tourist Information - Winnipeg</name>
    <sym>Information</sym>
    <type>user</type>
    <extensions>
      <gpxx:WaypointExtension>
        <gpxx:DisplayMode>SymbolOnly</gpxx:DisplayMode>
      </gpxx:WaypointExtension>
      <wptx1:WaypointExtension>
        <wptx1:DisplayMode>SymbolOnly</wptx1:DisplayMode>
      </wptx1:WaypointExtension>
      <ctx:CreationTimeExtension>
        <ctx:CreationTime>2021-10-17T02:01:36Z</ctx:CreationTime>
      </ctx:CreationTimeExtension>
    </extensions>
  </wpt>

  <wpt lat="46.81037281639874" lon="-71.18715955875814">
    <time>2022-09-13T09:37:23Z</time>
    <name>Tourist Information Office De Lévis</name>
    <cmt>Gare Traversier Vers Quebec</cmt>
    <desc>Gare Traversier Vers Quebec</desc>
    <sym>Information</sym>
    <type>user</type>
    <extensions>
      <gpxx:WaypointExtension>
        <gpxx:DisplayMode>SymbolOnly</gpxx:DisplayMode>
      </gpxx:WaypointExtension>
      <wptx1:WaypointExtension>
        <wptx1:DisplayMode>SymbolOnly</wptx1:DisplayMode>
      </wptx1:WaypointExtension>
      <ctx:CreationTimeExtension>
        <ctx:CreationTime>2022-09-13T09:37:23Z</ctx:CreationTime>
      </ctx:CreationTimeExtension>
    </extensions>
  </wpt>

  <wpt lat="44.571211338043213" lon="-80.944862365722656">
    <time>2022-03-23T13:01:41Z</time>
    <name>Tourist Office (Owen Sound)</name>
    <cmt>Tourist Office</cmt>
    <desc>Tourist Office</desc>
    <sym>Information</sym>
    <type>user</type>
    <extensions>
      <gpxx:WaypointExtension>
        <gpxx:DisplayMode>SymbolOnly</gpxx:DisplayMode>
      </gpxx:WaypointExtension>
      <wptx1:WaypointExtension>
        <wptx1:DisplayMode>SymbolOnly</wptx1:DisplayMode>
      </wptx1:WaypointExtension>
      <ctx:CreationTimeExtension>
        <ctx:CreationTime>2022-03-23T13:01:41Z</ctx:CreationTime>
      </ctx:CreationTimeExtension>
    </extensions>
  </wpt>

  <wpt lat="45.091109275817871" lon="-64.356300830841064">
    <time>2022-09-12T08:32:34Z</time>
    <name>Town Of Wolfville Tourist Bureau</name>
    <cmt>Tourist Bureau</cmt>
    <desc>Tourist Bureau</desc>
    <sym>Information</sym>
    <type>user</type>
    <extensions>
      <gpxx:WaypointExtension>
        <gpxx:DisplayMode>SymbolOnly</gpxx:DisplayMode>
      </gpxx:WaypointExtension>
      <wptx1:WaypointExtension>
        <wptx1:DisplayMode>SymbolOnly</wptx1:DisplayMode>
      </wptx1:WaypointExtension>
      <ctx:CreationTimeExtension>
        <ctx:CreationTime>2022-09-12T08:32:34Z</ctx:CreationTime>
      </ctx:CreationTimeExtension>
    </extensions>
  </wpt>

  <wpt lat="51.388521390035748" lon="-110.47213356010616">
    <time>2021-12-19T15:24:57Z</time>
    <name>Travel Alberta Oyen Visitor Information Centre</name>
    <cmt>area</cmt>
    <desc>area</desc>
    <sym>Information</sym>
    <type>user</type>
    <extensions>
      <gpxx:WaypointExtension>
        <gpxx:DisplayMode>SymbolOnly</gpxx:DisplayMode>
      </gpxx:WaypointExtension>
      <wptx1:WaypointExtension>
        <wptx1:DisplayMode>SymbolOnly</wptx1:DisplayMode>
      </wptx1:WaypointExtension>
      <ctx:CreationTimeExtension>
        <ctx:CreationTime>2021-12-19T15:24:57Z</ctx:CreationTime>
      </ctx:CreationTimeExtension>
    </extensions>
  </wpt>

  <wpt lat="49.943890571594238" lon="-110.04249572753906">
    <time>2022-04-10T23:53:32Z</time>
    <name>Travel Alberta Walsh Visitor Information Centre</name>
    <cmt>information</cmt>
    <desc>information</desc>
    <sym>Information</sym>
    <type>user</type>
    <extensions>
      <gpxx:WaypointExtension>
        <gpxx:DisplayMode>SymbolOnly</gpxx:DisplayMode>
      </gpxx:WaypointExtension>
      <wptx1:WaypointExtension>
        <wptx1:DisplayMode>SymbolOnly</wptx1:DisplayMode>
      </wptx1:WaypointExtension>
      <ctx:CreationTimeExtension>
        <ctx:CreationTime>2022-04-10T23:53:32Z</ctx:CreationTime>
      </ctx:CreationTimeExtension>
    </extensions>
  </wpt>

  <wpt lat="49.739513285458088" lon="-95.161318564787507">
    <time>2022-04-17T23:11:31Z</time>
    <name>Travel Manitoba (Visitors information, toilets, phones)</name>
    <cmt>area</cmt>
    <desc>area</desc>
    <sym>Information</sym>
    <type>user</type>
    <extensions>
      <gpxx:WaypointExtension>
        <gpxx:DisplayMode>SymbolOnly</gpxx:DisplayMode>
      </gpxx:WaypointExtension>
      <wptx1:WaypointExtension>
        <wptx1:DisplayMode>SymbolOnly</wptx1:DisplayMode>
      </wptx1:WaypointExtension>
      <ctx:CreationTimeExtension>
        <ctx:CreationTime>2022-04-17T23:11:31Z</ctx:CreationTime>
      </ctx:CreationTimeExtension>
    </extensions>
  </wpt>

  <wpt lat="45.366368293762207" lon="-63.286936283111572">
    <time>2022-01-16T17:55:26Z</time>
    <name>Truro Welcome Centre</name>
    <cmt>Truro Welcome Centre</cmt>
    <desc>Truro Welcome Centre</desc>
    <sym>Information</sym>
    <type>user</type>
    <extensions>
      <gpxx:WaypointExtension>
        <gpxx:DisplayMode>SymbolOnly</gpxx:DisplayMode>
      </gpxx:WaypointExtension>
      <wptx1:WaypointExtension>
        <wptx1:DisplayMode>SymbolOnly</wptx1:DisplayMode>
      </wptx1:WaypointExtension>
      <ctx:CreationTimeExtension>
        <ctx:CreationTime>2022-01-16T17:55:26Z</ctx:CreationTime>
      </ctx:CreationTimeExtension>
    </extensions>
  </wpt>

  <wpt lat="49.287929534912109" lon="-123.11515331268311">
    <time>2021-10-17T01:34:49Z</time>
    <name>Vancouver Tourism Visitor Centre</name>
    <cmt>Vancouver Tourism Visitor Centre</cmt>
    <desc>Vancouver Tourism Visitor Centre</desc>
    <sym>Information</sym>
    <type>user</type>
    <extensions>
      <gpxx:WaypointExtension>
        <gpxx:DisplayMode>SymbolOnly</gpxx:DisplayMode>
      </gpxx:WaypointExtension>
      <wptx1:WaypointExtension>
        <wptx1:DisplayMode>SymbolOnly</wptx1:DisplayMode>
      </wptx1:WaypointExtension>
      <ctx:CreationTimeExtension>
        <ctx:CreationTime>2021-10-17T01:34:49Z</ctx:CreationTime>
      </ctx:CreationTimeExtension>
    </extensions>
  </wpt>

  <wpt lat="54.013519305735826" lon="-124.02046800591052">
    <time>2021-11-03T02:21:02Z</time>
    <name>Vanderhoof Museum &amp; Visitor Centre</name>
    <cmt>478 1 St, Vanderhoof, BC V0J 3A0

+12505673374</cmt>
    <desc>478 1 St, Vanderhoof, BC V0J 3A0

+12505673374</desc>
    <link href="http://www.vanderhoof.ca/visit/visitor-centre/" />
    <sym>Information</sym>
    <type>user</type>
    <extensions>
      <gpxx:WaypointExtension>
        <gpxx:DisplayMode>SymbolOnly</gpxx:DisplayMode>
      </gpxx:WaypointExtension>
      <wptx1:WaypointExtension>
        <wptx1:DisplayMode>SymbolOnly</wptx1:DisplayMode>
      </wptx1:WaypointExtension>
      <ctx:CreationTimeExtension>
        <ctx:CreationTime>2021-11-03T02:21:02Z</ctx:CreationTime>
      </ctx:CreationTimeExtension>
    </extensions>
  </wpt>

  <wpt lat="50.270004272460937" lon="-119.27184820175171">
    <time>2021-11-14T14:59:35Z</time>
    <name>Vernon Visitor Center (not open in 2021)</name>
    <cmt>Visitor Center</cmt>
    <desc>Visitor Center</desc>
    <sym>Information</sym>
    <type>user</type>
    <extensions>
      <gpxx:WaypointExtension>
        <gpxx:DisplayMode>SymbolOnly</gpxx:DisplayMode>
      </gpxx:WaypointExtension>
      <wptx1:WaypointExtension>
        <wptx1:DisplayMode>SymbolOnly</wptx1:DisplayMode>
      </wptx1:WaypointExtension>
      <ctx:CreationTimeExtension>
        <ctx:CreationTime>2021-11-14T14:59:35Z</ctx:CreationTime>
      </ctx:CreationTimeExtension>
    </extensions>
  </wpt>

  <wpt lat="52.831599712371826" lon="-119.28056001663208">
    <time>2023-06-12T00:42:21Z</time>
    <name>Village of Valemount Information Office</name>
    <cmt>Village of Valemount Information Office</cmt>
    <desc>Village of Valemount Information Office</desc>
    <sym>Information</sym>
    <type>user</type>
    <extensions>
      <gpxx:WaypointExtension>
        <gpxx:DisplayMode>SymbolOnly</gpxx:DisplayMode>
      </gpxx:WaypointExtension>
      <wptx1:WaypointExtension>
        <wptx1:DisplayMode>SymbolOnly</wptx1:DisplayMode>
      </wptx1:WaypointExtension>
      <ctx:CreationTimeExtension>
        <ctx:CreationTime>2023-06-12T00:42:21Z</ctx:CreationTime>
      </ctx:CreationTimeExtension>
    </extensions>
  </wpt>

  <wpt lat="50.111217498779297" lon="-119.3878698348999">
    <time>2022-08-10T22:17:39Z</time>
    <name>Visitor Center Oyama (may or may not have washrooms or exist)</name>
    <cmt>Visitor Center (shows up on Google Maps, but no placemarker for it)</cmt>
    <desc>Visitor Center (shows up on Google Maps, but no placemarker for it)</desc>
    <sym>Information</sym>
    <type>user</type>
    <extensions>
      <gpxx:WaypointExtension>
        <gpxx:DisplayMode>SymbolOnly</gpxx:DisplayMode>
      </gpxx:WaypointExtension>
      <wptx1:WaypointExtension>
        <wptx1:DisplayMode>SymbolOnly</wptx1:DisplayMode>
      </wptx1:WaypointExtension>
      <ctx:CreationTimeExtension>
        <ctx:CreationTime>2022-08-10T22:17:39Z</ctx:CreationTime>
      </ctx:CreationTimeExtension>
    </extensions>
  </wpt>

  <wpt lat="48.008704511448741" lon="-66.675123162567616">
    <time>2022-03-02T13:07:20Z</time>
    <name>Visitor Information Centre (temp closed march 2022)</name>
    <cmt>area</cmt>
    <desc>area</desc>
    <sym>Information</sym>
    <type>user</type>
    <extensions>
      <gpxx:WaypointExtension>
        <gpxx:DisplayMode>SymbolOnly</gpxx:DisplayMode>
      </gpxx:WaypointExtension>
      <wptx1:WaypointExtension>
        <wptx1:DisplayMode>SymbolOnly</wptx1:DisplayMode>
      </wptx1:WaypointExtension>
      <ctx:CreationTimeExtension>
        <ctx:CreationTime>2022-03-02T13:07:20Z</ctx:CreationTime>
      </ctx:CreationTimeExtension>
    </extensions>
  </wpt>

  <wpt lat="44.744310295209289" lon="-81.137096202000976">
    <time>2022-09-08T11:24:49Z</time>
    <name>Visitor Information Centre - Wiarton, ON</name>
    <cmt>area</cmt>
    <desc>area</desc>
    <sym>Information</sym>
    <type>user</type>
    <extensions>
      <gpxx:WaypointExtension>
        <gpxx:DisplayMode>SymbolOnly</gpxx:DisplayMode>
      </gpxx:WaypointExtension>
      <wptx1:WaypointExtension>
        <wptx1:DisplayMode>SymbolOnly</wptx1:DisplayMode>
      </wptx1:WaypointExtension>
      <ctx:CreationTimeExtension>
        <ctx:CreationTime>2022-09-08T11:24:49Z</ctx:CreationTime>
      </ctx:CreationTimeExtension>
    </extensions>
  </wpt>

  <wpt lat="46.218151962384582" lon="-64.556178962811828">
    <time>2022-11-11T19:44:47Z</time>
    <name>Visitors Information Centre - 229 Main St, Shediac, NB E4P 2A5 (temporarly closed nov 2022)</name>
    <cmt>information</cmt>
    <desc>information</desc>
    <sym>Information</sym>
    <type>user</type>
    <extensions>
      <gpxx:WaypointExtension>
        <gpxx:DisplayMode>SymbolOnly</gpxx:DisplayMode>
      </gpxx:WaypointExtension>
      <wptx1:WaypointExtension>
        <wptx1:DisplayMode>SymbolOnly</wptx1:DisplayMode>
      </wptx1:WaypointExtension>
      <ctx:CreationTimeExtension>
        <ctx:CreationTime>2022-11-11T19:44:47Z</ctx:CreationTime>
      </ctx:CreationTimeExtension>
    </extensions>
  </wpt>

  <wpt lat="50.43256969191134" lon="-104.60675147362053">
    <time>2021-08-12T02:22:27Z</time>
    <name>Wascana Centre (Regina) Victor Information Kiosk</name>
    <cmt>Wascana Centre</cmt>
    <desc>Wascana Centre</desc>
    <sym>Information</sym>
    <type>user</type>
    <extensions>
      <gpxx:WaypointExtension>
        <gpxx:DisplayMode>SymbolOnly</gpxx:DisplayMode>
      </gpxx:WaypointExtension>
      <wptx1:WaypointExtension>
        <wptx1:DisplayMode>SymbolOnly</wptx1:DisplayMode>
      </wptx1:WaypointExtension>
      <ctx:CreationTimeExtension>
        <ctx:CreationTime>2021-08-12T02:22:27Z</ctx:CreationTime>
      </ctx:CreationTimeExtension>
    </extensions>
  </wpt>

  <wpt lat="47.973876111209393" lon="-84.78315057232976">
    <time>2022-09-24T12:03:17Z</time>
    <name>Wawa - Tourist Information Centre</name>
    <cmt>forest, park</cmt>
    <desc>forest, park</desc>
    <sym>Information</sym>
    <type>user</type>
    <extensions>
      <gpxx:WaypointExtension>
        <gpxx:DisplayMode>SymbolOnly</gpxx:DisplayMode>
      </gpxx:WaypointExtension>
      <wptx1:WaypointExtension>
        <wptx1:DisplayMode>SymbolOnly</wptx1:DisplayMode>
      </wptx1:WaypointExtension>
      <ctx:CreationTimeExtension>
        <ctx:CreationTime>2022-09-24T12:03:17Z</ctx:CreationTime>
      </ctx:CreationTimeExtension>
    </extensions>
  </wpt>

  <wpt lat="51.765353735536337" lon="-104.16563521139324">
    <time>2022-04-17T09:09:04Z</time>
    <name>Welcome to Wynard Map sign</name>
    <cmt>area</cmt>
    <desc>area</desc>
    <sym>Information</sym>
    <type>user</type>
    <extensions>
      <gpxx:WaypointExtension>
        <gpxx:DisplayMode>SymbolOnly</gpxx:DisplayMode>
      </gpxx:WaypointExtension>
      <wptx1:WaypointExtension>
        <wptx1:DisplayMode>SymbolOnly</wptx1:DisplayMode>
      </wptx1:WaypointExtension>
      <ctx:CreationTimeExtension>
        <ctx:CreationTime>2022-04-17T09:09:04Z</ctx:CreationTime>
      </ctx:CreationTimeExtension>
    </extensions>
  </wpt>

  <wpt lat="46.365888118743896" lon="-79.938647663220763">
    <time>2022-04-18T03:25:33Z</time>
    <name>West Nipissing Information Centre (toilets, visitors information)</name>
    <cmt>ublic Rest Area

Highway 17 Eastbound

0.5 km west of Sturgeon Falls

Name 	West Nipissing Tourism

Type 	Tourist Info Centre

Status 	Open

Open 	Year-round

Truck Parking 	N

Lavatory 	Y

Barrier Free 	Y

Food Services 	Not Available

Fuel</cmt>
    <desc>ublic Rest Area

Highway 17 Eastbound

0.5 km west of Sturgeon Falls

Name 	West Nipissing Tourism

Type 	Tourist Info Centre

Status 	Open

Open 	Year-round

Truck Parking 	N

Lavatory 	Y

Barrier Free 	Y

Food Services 	Not Available

Fuel</desc>
    <sym>Information</sym>
    <type>user</type>
    <extensions>
      <gpxx:WaypointExtension>
        <gpxx:DisplayMode>SymbolOnly</gpxx:DisplayMode>
      </gpxx:WaypointExtension>
      <wptx1:WaypointExtension>
        <wptx1:DisplayMode>SymbolOnly</wptx1:DisplayMode>
      </wptx1:WaypointExtension>
      <ctx:CreationTimeExtension>
        <ctx:CreationTime>2022-04-18T03:25:33Z</ctx:CreationTime>
      </ctx:CreationTimeExtension>
    </extensions>
  </wpt>

  <wpt lat="47.449049865826964" lon="-53.557298183441162">
    <time>2022-07-07T17:15:47Z</time>
    <name>Whitbourne Provincial Visitor Information Centre</name>
    <cmt>Whitbourne Provincial Visitor Information Centre</cmt>
    <desc>Whitbourne Provincial Visitor Information Centre</desc>
    <sym>Information</sym>
    <type>user</type>
    <extensions>
      <gpxx:WaypointExtension>
        <gpxx:DisplayMode>SymbolOnly</gpxx:DisplayMode>
      </gpxx:WaypointExtension>
      <wptx1:WaypointExtension>
        <wptx1:DisplayMode>SymbolOnly</wptx1:DisplayMode>
      </wptx1:WaypointExtension>
      <ctx:CreationTimeExtension>
        <ctx:CreationTime>2022-07-07T17:15:47Z</ctx:CreationTime>
      </ctx:CreationTimeExtension>
    </extensions>
  </wpt>

  <wpt lat="48.592228386551142" lon="-85.275045493617654">
    <time>2021-07-14T21:30:29Z</time>
    <name>White River Tourist Information Centre</name>
    <sym>Information</sym>
    <type>user</type>
    <extensions>
      <gpxx:WaypointExtension>
        <gpxx:DisplayMode>SymbolOnly</gpxx:DisplayMode>
      </gpxx:WaypointExtension>
      <wptx1:WaypointExtension>
        <wptx1:DisplayMode>SymbolOnly</wptx1:DisplayMode>
      </wptx1:WaypointExtension>
      <ctx:CreationTimeExtension>
        <ctx:CreationTime>2021-07-14T21:30:29Z</ctx:CreationTime>
      </ctx:CreationTimeExtension>
    </extensions>
  </wpt>

  <wpt lat="44.992564329877496" lon="-64.133387384936213">
    <time>2022-01-19T18:06:43Z</time>
    <name>Windsor Visitor Info Ctr</name>
    <cmt>Windsor</cmt>
    <desc>Windsor</desc>
    <sym>Information</sym>
    <type>user</type>
    <extensions>
      <gpxx:WaypointExtension>
        <gpxx:DisplayMode>SymbolOnly</gpxx:DisplayMode>
      </gpxx:WaypointExtension>
      <wptx1:WaypointExtension>
        <wptx1:DisplayMode>SymbolOnly</wptx1:DisplayMode>
      </wptx1:WaypointExtension>
      <ctx:CreationTimeExtension>
        <ctx:CreationTime>2022-01-19T18:06:43Z</ctx:CreationTime>
      </ctx:CreationTimeExtension>
    </extensions>
  </wpt>

  <wpt lat="50.42339033447206" lon="-103.28586193732917">
    <time>2022-04-10T02:55:43Z</time>
    <name>Wolseley Tourist Booth</name>
    <cmt>area</cmt>
    <desc>area</desc>
    <sym>Information</sym>
    <type>user</type>
    <extensions>
      <gpxx:WaypointExtension>
        <gpxx:DisplayMode>SymbolOnly</gpxx:DisplayMode>
      </gpxx:WaypointExtension>
      <wptx1:WaypointExtension>
        <wptx1:DisplayMode>SymbolOnly</wptx1:DisplayMode>
      </wptx1:WaypointExtension>
      <ctx:CreationTimeExtension>
        <ctx:CreationTime>2022-04-10T02:55:43Z</ctx:CreationTime>
      </ctx:CreationTimeExtension>
    </extensions>
  </wpt>

  <wpt lat="45.965659618377686" lon="-62.74867057800293">
    <time>2022-07-27T11:59:20Z</time>
    <name>Wood Islands Visitor Information Centre</name>
    <cmt>information</cmt>
    <desc>information</desc>
    <sym>Information</sym>
    <type>user</type>
    <extensions>
      <gpxx:WaypointExtension>
        <gpxx:DisplayMode>SymbolOnly</gpxx:DisplayMode>
      </gpxx:WaypointExtension>
      <wptx1:WaypointExtension>
        <wptx1:DisplayMode>SymbolOnly</wptx1:DisplayMode>
      </wptx1:WaypointExtension>
      <ctx:CreationTimeExtension>
        <ctx:CreationTime>2022-07-27T11:59:20Z</ctx:CreationTime>
      </ctx:CreationTimeExtension>
    </extensions>
  </wpt>

  <wpt lat="51.397926807403564" lon="-116.49183511734009">
    <time>2022-04-21T09:45:12Z</time>
    <name>Yoho National Park Visitor Centre</name>
    <cmt>Yoho National Park Visitor Centre</cmt>
    <desc>Yoho National Park Visitor Centre</desc>
    <sym>Information</sym>
    <type>user</type>
    <extensions>
      <gpxx:WaypointExtension>
        <gpxx:DisplayMode>SymbolOnly</gpxx:DisplayMode>
      </gpxx:WaypointExtension>
      <wptx1:WaypointExtension>
        <wptx1:DisplayMode>SymbolOnly</wptx1:DisplayMode>
      </wptx1:WaypointExtension>
      <ctx:CreationTimeExtension>
        <ctx:CreationTime>2022-04-21T09:45:12Z</ctx:CreationTime>
      </ctx:CreationTimeExtension>
    </extensions>
  </wpt>

</gpx>