<?xml version="1.0" encoding="utf-8"?><gpx creator="Garmin Desktop App" version="1.1" xsi:schemaLocation="http://www.topografix.com/GPX/1/1 http://www.topografix.com/GPX/1/1/gpx.xsd http://www.garmin.com/xmlschemas/WaypointExtension/v1 http://www8.garmin.com/xmlschemas/WaypointExtensionv1.xsd http://www.garmin.com/xmlschemas/TrackPointExtension/v1 http://www.garmin.com/xmlschemas/TrackPointExtensionv1.xsd http://www.garmin.com/xmlschemas/GpxExtensions/v3 http://www8.garmin.com/xmlschemas/GpxExtensionsv3.xsd http://www.garmin.com/xmlschemas/ActivityExtension/v1 http://www8.garmin.com/xmlschemas/ActivityExtensionv1.xsd http://www.garmin.com/xmlschemas/AdventuresExtensions/v1 http://www8.garmin.com/xmlschemas/AdventuresExtensionv1.xsd http://www.garmin.com/xmlschemas/PressureExtension/v1 http://www.garmin.com/xmlschemas/PressureExtensionv1.xsd http://www.garmin.com/xmlschemas/TripExtensions/v1 http://www.garmin.com/xmlschemas/TripExtensionsv1.xsd http://www.garmin.com/xmlschemas/TripMetaDataExtensions/v1 http://www.garmin.com/xmlschemas/TripMetaDataExtensionsv1.xsd http://www.garmin.com/xmlschemas/ViaPointTransportationModeExtensions/v1 http://www.garmin.com/xmlschemas/ViaPointTransportationModeExtensionsv1.xsd http://www.garmin.com/xmlschemas/CreationTimeExtension/v1 http://www.garmin.com/xmlschemas/CreationTimeExtensionsv1.xsd http://www.garmin.com/xmlschemas/AccelerationExtension/v1 http://www.garmin.com/xmlschemas/AccelerationExtensionv1.xsd http://www.garmin.com/xmlschemas/PowerExtension/v1 http://www.garmin.com/xmlschemas/PowerExtensionv1.xsd http://www.garmin.com/xmlschemas/VideoExtension/v1 http://www.garmin.com/xmlschemas/VideoExtensionv1.xsd" xmlns="http://www.topografix.com/GPX/1/1" xmlns:xsi="http://www.w3.org/2001/XMLSchema-instance" xmlns:wptx1="http://www.garmin.com/xmlschemas/WaypointExtension/v1" xmlns:gpxtrx="http://www.garmin.com/xmlschemas/GpxExtensions/v3" xmlns:gpxtpx="http://www.garmin.com/xmlschemas/TrackPointExtension/v1" xmlns:gpxx="http://www.garmin.com/xmlschemas/GpxExtensions/v3" xmlns:trp="http://www.garmin.com/xmlschemas/TripExtensions/v1" xmlns:adv="http://www.garmin.com/xmlschemas/AdventuresExtensions/v1" xmlns:prs="http://www.garmin.com/xmlschemas/PressureExtension/v1" xmlns:tmd="http://www.garmin.com/xmlschemas/TripMetaDataExtensions/v1" xmlns:vptm="http://www.garmin.com/xmlschemas/ViaPointTransportationModeExtensions/v1" xmlns:ctx="http://www.garmin.com/xmlschemas/CreationTimeExtension/v1" xmlns:gpxacc="http://www.garmin.com/xmlschemas/AccelerationExtension/v1" xmlns:gpxpx="http://www.garmin.com/xmlschemas/PowerExtension/v1" xmlns:vidx1="http://www.garmin.com/xmlschemas/VideoExtension/v1">

  <metadata>
    <link href="http://www.garmin.com">
      <text>Garmin International</text>
    </link>
    <time>2026-08-26T10:15:52Z</time>
    <bounds maxlat="54.780369065701962" maxlon="-52.705279570072889" minlat="42.982637090608478" minlon="-130.31858738511801" />
  </metadata>

  <wpt lat="49.848682377487421" lon="-99.941135561093688">
    <ele>0</ele>
    <time>2026-06-27T16:47:04Z</time>
    <name>A&amp;L Cycle (201 Rosser Ave, Brandon, MB R7A 0J8)</name>
    <cmt>A&amp;L Cycle&lt;br&gt;&lt;br&gt;201 Rosser Ave, Brandon, MB R7A 0J8&lt;br&gt;&lt;br&gt;Approved Bike Shop #69</cmt>
    <desc>A&amp;L Cycle&lt;br&gt;&lt;br&gt;201 Rosser Ave, Brandon, MB R7A 0J8&lt;br&gt;&lt;br&gt;Approved Bike Shop #69</desc>
    <sym>Bike Trail</sym>
    <type>user</type>
    <extensions>
      <gpxx:WaypointExtension>
        <gpxx:DisplayMode>SymbolAndName</gpxx:DisplayMode>
      </gpxx:WaypointExtension>
      <wptx1:WaypointExtension>
        <wptx1:DisplayMode>SymbolAndName</wptx1:DisplayMode>
      </wptx1:WaypointExtension>
      <ctx:CreationTimeExtension>
        <ctx:CreationTime>2026-06-27T16:47:04Z</ctx:CreationTime>
      </ctx:CreationTimeExtension>
    </extensions>
  </wpt>

  <wpt lat="49.052355140447617" lon="-122.31444326229393">
    <ele>0</ele>
    <time>2026-06-27T16:47:04Z</time>
    <name>Abby Bike Shop (2760 Gladwin Rd #104, Abbotsford, BC V2T 4S6)</name>
    <cmt>Abby Bike Shop&lt;br&gt;&lt;br&gt;2760 Gladwin Rd #104, Abbotsford, BC V2T 4S6&lt;br&gt;&lt;br&gt;+16047762453&lt;br&gt;&lt;br&gt;Approved Bike Shop #67</cmt>
    <desc>Abby Bike Shop&lt;br&gt;&lt;br&gt;2760 Gladwin Rd #104, Abbotsford, BC V2T 4S6&lt;br&gt;&lt;br&gt;+16047762453&lt;br&gt;&lt;br&gt;Approved Bike Shop #67</desc>
    <sym>Bike Trail</sym>
    <type>user</type>
    <extensions>
      <gpxx:WaypointExtension>
        <gpxx:DisplayMode>SymbolAndName</gpxx:DisplayMode>
      </gpxx:WaypointExtension>
      <wptx1:WaypointExtension>
        <wptx1:DisplayMode>SymbolAndName</wptx1:DisplayMode>
      </wptx1:WaypointExtension>
      <ctx:CreationTimeExtension>
        <ctx:CreationTime>2026-06-27T16:47:04Z</ctx:CreationTime>
      </ctx:CreationTimeExtension>
    </extensions>
  </wpt>

  <wpt lat="46.505954917520285" lon="-80.943697029724717">
    <ele>0</ele>
    <time>2026-06-27T16:47:04Z</time>
    <name>Adventure365 (444 Barry Downe Rd Unit 3, Greater Sudbury, ON P3A 3T3)</name>
    <cmt>Adventure365&lt;br&gt;&lt;br&gt;444 Barry Downe Rd Unit 3, Greater Sudbury, ON P3A 3T3&lt;br&gt;&lt;br&gt;Approved Bike Shop #70</cmt>
    <desc>Adventure365&lt;br&gt;&lt;br&gt;444 Barry Downe Rd Unit 3, Greater Sudbury, ON P3A 3T3&lt;br&gt;&lt;br&gt;Approved Bike Shop #70</desc>
    <sym>Bike Trail</sym>
    <type>user</type>
    <extensions>
      <gpxx:WaypointExtension>
        <gpxx:DisplayMode>SymbolAndName</gpxx:DisplayMode>
      </gpxx:WaypointExtension>
      <wptx1:WaypointExtension>
        <wptx1:DisplayMode>SymbolAndName</wptx1:DisplayMode>
      </wptx1:WaypointExtension>
      <ctx:CreationTimeExtension>
        <ctx:CreationTime>2026-06-27T16:47:04Z</ctx:CreationTime>
      </ctx:CreationTimeExtension>
    </extensions>
  </wpt>

  <wpt lat="49.607721939682961" lon="-114.43586071953177">
    <ele>0</ele>
    <time>2026-06-27T16:47:04Z</time>
    <name>Alpenland Crowsnest Pass (does bike repair) (13131 20 Ave, Blairmore, AB T0K 0E0)</name>
    <cmt>Alpenland Crowsnest Pass (does bike repair)&lt;br&gt;&lt;br&gt;13131 20 Ave, Blairmore, AB T0K 0E0&lt;br&gt;&lt;br&gt;Approved Bike Shop #71</cmt>
    <desc>Alpenland Crowsnest Pass (does bike repair)&lt;br&gt;&lt;br&gt;13131 20 Ave, Blairmore, AB T0K 0E0&lt;br&gt;&lt;br&gt;Approved Bike Shop #71</desc>
    <sym>Bike Trail</sym>
    <type>user</type>
    <extensions>
      <gpxx:WaypointExtension>
        <gpxx:DisplayMode>SymbolAndName</gpxx:DisplayMode>
      </gpxx:WaypointExtension>
      <wptx1:WaypointExtension>
        <wptx1:DisplayMode>SymbolAndName</wptx1:DisplayMode>
      </wptx1:WaypointExtension>
      <ctx:CreationTimeExtension>
        <ctx:CreationTime>2026-06-27T16:47:04Z</ctx:CreationTime>
      </ctx:CreationTimeExtension>
    </extensions>
  </wpt>

  <wpt lat="49.696153700351715" lon="-112.82908022403717">
    <ele>0</ele>
    <time>2026-06-27T16:47:04Z</time>
    <name>Alpenland Ski &amp; Cycle (1202 3 Ave S, Lethbridge, AB T1J 0J9)</name>
    <cmt>Alpenland Ski &amp; Cycle&lt;br&gt;&lt;br&gt;1202 3 Ave S, Lethbridge, AB T1J 0J9&lt;br&gt;&lt;br&gt;Approved Bike Shop #72</cmt>
    <desc>Alpenland Ski &amp; Cycle&lt;br&gt;&lt;br&gt;1202 3 Ave S, Lethbridge, AB T1J 0J9&lt;br&gt;&lt;br&gt;Approved Bike Shop #72</desc>
    <sym>Bike Trail</sym>
    <type>user</type>
    <extensions>
      <gpxx:WaypointExtension>
        <gpxx:DisplayMode>SymbolAndName</gpxx:DisplayMode>
      </gpxx:WaypointExtension>
      <wptx1:WaypointExtension>
        <wptx1:DisplayMode>SymbolAndName</wptx1:DisplayMode>
      </wptx1:WaypointExtension>
      <ctx:CreationTimeExtension>
        <ctx:CreationTime>2026-06-27T16:47:04Z</ctx:CreationTime>
      </ctx:CreationTimeExtension>
    </extensions>
  </wpt>

  <wpt lat="49.696229221299291" lon="-112.81655849888921">
    <ele>0</ele>
    <time>2026-06-27T16:47:04Z</time>
    <name>Ascent Cycle Ltd (330 18 St S, Lethbridge, AB T1J 4Y6)</name>
    <cmt>Ascent Cycle&lt;br&gt;&lt;br&gt;330 18 St S, Lethbridge, AB T1J 4Y6&lt;br&gt;&lt;br&gt;Approved Bike Shop #73</cmt>
    <desc>Ascent Cycle&lt;br&gt;&lt;br&gt;330 18 St S, Lethbridge, AB T1J 4Y6&lt;br&gt;&lt;br&gt;Approved Bike Shop #73</desc>
    <sym>Bike Trail</sym>
    <type>user</type>
    <extensions>
      <gpxx:WaypointExtension>
        <gpxx:DisplayMode>SymbolAndName</gpxx:DisplayMode>
      </gpxx:WaypointExtension>
      <wptx1:WaypointExtension>
        <wptx1:DisplayMode>SymbolAndName</wptx1:DisplayMode>
      </wptx1:WaypointExtension>
      <ctx:CreationTimeExtension>
        <ctx:CreationTime>2026-06-27T16:47:04Z</ctx:CreationTime>
      </ctx:CreationTimeExtension>
    </extensions>
  </wpt>

  <wpt lat="45.479565560817719" lon="-73.56413503177464">
    <ele>0</ele>
    <time>2026-06-27T16:47:04Z</time>
    <name>Atelier de vélo communautaire Bill's / Bill’s Community Bike Shop (2365 Rue Grand Trunk, Montréal, QC H3K 1M8)</name>
    <cmt>Atelier de vélo communautaire Bill's / Bill’s Community Bike Shop&lt;br&gt;&lt;br&gt;2365 Rue Grand Trunk, Montréal, QC H3K 1M8&lt;br&gt;&lt;br&gt;(514) 932-6202 ext. 232&lt;br&gt;&lt;br&gt;Approved Bike Shop #82</cmt>
    <desc>Atelier de vélo communautaire Bill's / Bill’s Community Bike Shop&lt;br&gt;&lt;br&gt;2365 Rue Grand Trunk, Montréal, QC H3K 1M8&lt;br&gt;&lt;br&gt;(514) 932-6202 ext. 232&lt;br&gt;&lt;br&gt;Approved Bike Shop #82</desc>
    <sym>Bike Trail</sym>
    <type>user</type>
    <extensions>
      <gpxx:WaypointExtension>
        <gpxx:DisplayMode>SymbolAndName</gpxx:DisplayMode>
      </gpxx:WaypointExtension>
      <wptx1:WaypointExtension>
        <wptx1:DisplayMode>SymbolAndName</wptx1:DisplayMode>
      </wptx1:WaypointExtension>
      <ctx:CreationTimeExtension>
        <ctx:CreationTime>2026-06-27T16:47:04Z</ctx:CreationTime>
      </ctx:CreationTimeExtension>
    </extensions>
  </wpt>

  <wpt lat="44.302488109096885" lon="-78.319974839687347">
    <ele>0</ele>
    <time>2026-06-27T16:47:04Z</time>
    <name>B!KE: The Peterborough Community Bike Shop (293 George St N, Peterborough, ON K9J 3H3)</name>
    <cmt>B!KE: The Peterborough Community Bike Shop&lt;br&gt;&lt;br&gt;293 George St N, Peterborough, ON K9J 3H3&lt;br&gt;&lt;br&gt;Approved Bike Shop #76</cmt>
    <desc>B!KE: The Peterborough Community Bike Shop&lt;br&gt;&lt;br&gt;293 George St N, Peterborough, ON K9J 3H3&lt;br&gt;&lt;br&gt;Approved Bike Shop #76</desc>
    <sym>Bike Trail</sym>
    <type>user</type>
    <extensions>
      <gpxx:WaypointExtension>
        <gpxx:DisplayMode>SymbolAndName</gpxx:DisplayMode>
      </gpxx:WaypointExtension>
      <wptx1:WaypointExtension>
        <wptx1:DisplayMode>SymbolAndName</wptx1:DisplayMode>
      </wptx1:WaypointExtension>
      <ctx:CreationTimeExtension>
        <ctx:CreationTime>2026-06-27T16:47:04Z</ctx:CreationTime>
      </ctx:CreationTimeExtension>
    </extensions>
  </wpt>

  <wpt lat="51.176928458735347" lon="-115.5724988412112">
    <ele>0</ele>
    <time>2026-06-27T16:47:04Z</time>
    <name>Banff Soul Ski and Bike (203a Bear St, Banff, AB T1L 1G2)</name>
    <cmt>Banff Soul Ski and Bike&lt;br&gt;&lt;br&gt;203a Bear St, Banff, AB T1L 1G2&lt;br&gt;&lt;br&gt;+14037601650&lt;br&gt;&lt;br&gt;Approved Bike Shop #77</cmt>
    <desc>Banff Soul Ski and Bike&lt;br&gt;&lt;br&gt;203a Bear St, Banff, AB T1L 1G2&lt;br&gt;&lt;br&gt;+14037601650&lt;br&gt;&lt;br&gt;Approved Bike Shop #77</desc>
    <sym>Bike Trail</sym>
    <type>user</type>
    <extensions>
      <gpxx:WaypointExtension>
        <gpxx:DisplayMode>SymbolAndName</gpxx:DisplayMode>
      </gpxx:WaypointExtension>
      <wptx1:WaypointExtension>
        <wptx1:DisplayMode>SymbolAndName</wptx1:DisplayMode>
      </wptx1:WaypointExtension>
      <ctx:CreationTimeExtension>
        <ctx:CreationTime>2026-06-27T16:47:04Z</ctx:CreationTime>
      </ctx:CreationTimeExtension>
    </extensions>
  </wpt>

  <wpt lat="45.092271761968732" lon="-64.359456114470959">
    <ele>0</ele>
    <time>2026-06-27T16:47:04Z</time>
    <name>Banks Bikes Inc.</name>
    <cmt>Pete's</cmt>
    <desc>Pete's</desc>
    <sym>Bike Trail</sym>
    <type>user</type>
    <extensions>
      <gpxx:WaypointExtension>
        <gpxx:DisplayMode>SymbolAndName</gpxx:DisplayMode>
      </gpxx:WaypointExtension>
      <wptx1:WaypointExtension>
        <wptx1:DisplayMode>SymbolAndName</wptx1:DisplayMode>
      </wptx1:WaypointExtension>
      <ctx:CreationTimeExtension>
        <ctx:CreationTime>2026-06-27T16:47:04Z</ctx:CreationTime>
      </ctx:CreationTimeExtension>
    </extensions>
  </wpt>

  <wpt lat="46.090367082506418" lon="-64.787047505378723">
    <ele>0</ele>
    <time>2026-06-27T16:47:04Z</time>
    <name>Bent Spokes Bicycle Shop (329 St. George St, Moncton, NB E1C 1W8)</name>
    <cmt>Bent Spokes Bicycle Shop&lt;br&gt;&lt;br&gt;329 St. George St, Moncton, NB E1C 1W8&lt;br&gt;&lt;br&gt;+15062332453&lt;br&gt;&lt;br&gt;Approved Bike Shop #78</cmt>
    <desc>Bent Spokes Bicycle Shop&lt;br&gt;&lt;br&gt;329 St. George St, Moncton, NB E1C 1W8&lt;br&gt;&lt;br&gt;+15062332453&lt;br&gt;&lt;br&gt;Approved Bike Shop #78</desc>
    <sym>Bike Trail</sym>
    <type>user</type>
    <extensions>
      <gpxx:WaypointExtension>
        <gpxx:DisplayMode>SymbolAndName</gpxx:DisplayMode>
      </gpxx:WaypointExtension>
      <wptx1:WaypointExtension>
        <wptx1:DisplayMode>SymbolAndName</wptx1:DisplayMode>
      </wptx1:WaypointExtension>
      <ctx:CreationTimeExtension>
        <ctx:CreationTime>2026-06-27T16:47:04Z</ctx:CreationTime>
      </ctx:CreationTimeExtension>
    </extensions>
  </wpt>

  <wpt lat="50.674347365275025" lon="-120.31598573550582">
    <ele>0</ele>
    <time>2026-06-27T16:47:04Z</time>
    <name>Bicycle Cafe (1012 Victoria St, Kamloops, BC V2C 2C4)</name>
    <cmt>Bicycle Cafe&lt;br&gt;&lt;br&gt;1012 Victoria St, Kamloops, BC V2C 2C4&lt;br&gt;&lt;br&gt;+12508282453&lt;br&gt;&lt;br&gt;Approved Bike Shop #80</cmt>
    <desc>Bicycle Cafe&lt;br&gt;&lt;br&gt;1012 Victoria St, Kamloops, BC V2C 2C4&lt;br&gt;&lt;br&gt;+12508282453&lt;br&gt;&lt;br&gt;Approved Bike Shop #80</desc>
    <sym>Bike Trail</sym>
    <type>user</type>
    <extensions>
      <gpxx:WaypointExtension>
        <gpxx:DisplayMode>SymbolAndName</gpxx:DisplayMode>
      </gpxx:WaypointExtension>
      <wptx1:WaypointExtension>
        <wptx1:DisplayMode>SymbolAndName</wptx1:DisplayMode>
      </wptx1:WaypointExtension>
      <ctx:CreationTimeExtension>
        <ctx:CreationTime>2026-06-27T16:47:04Z</ctx:CreationTime>
      </ctx:CreationTimeExtension>
    </extensions>
  </wpt>

  <wpt lat="51.089279735460877" lon="-115.35775423049927">
    <ele>0</ele>
    <time>2026-06-27T16:47:04Z</time>
    <name>Bicycle Cafe (630 8 St, Canmore, AB T1W 2B5)</name>
    <cmt>Bicycle Cafe&lt;br&gt;&lt;br&gt;630 8 St, Canmore, AB T1W 2B5&lt;br&gt;&lt;br&gt;+14036783021&lt;br&gt;&lt;br&gt;Approved Bike Shop #79</cmt>
    <desc>Bicycle Cafe&lt;br&gt;&lt;br&gt;630 8 St, Canmore, AB T1W 2B5&lt;br&gt;&lt;br&gt;+14036783021&lt;br&gt;&lt;br&gt;Approved Bike Shop #79</desc>
    <sym>Bike Trail</sym>
    <type>user</type>
    <extensions>
      <gpxx:WaypointExtension>
        <gpxx:DisplayMode>SymbolAndName</gpxx:DisplayMode>
      </gpxx:WaypointExtension>
      <wptx1:WaypointExtension>
        <wptx1:DisplayMode>SymbolAndName</wptx1:DisplayMode>
      </wptx1:WaypointExtension>
      <ctx:CreationTimeExtension>
        <ctx:CreationTime>2026-06-27T16:47:04Z</ctx:CreationTime>
      </ctx:CreationTimeExtension>
    </extensions>
  </wpt>

  <wpt lat="43.734418535605073" lon="-79.559657061472535">
    <ele>0</ele>
    <time>2026-06-27T16:47:04Z</time>
    <name>Bicycle Depot (835 Albion Rd, Etobicoke, ON M9V 1A3)</name>
    <cmt>Bicycle Depot&lt;br&gt;&lt;br&gt;835 Albion Rd, Etobicoke, ON M9V 1A3&lt;br&gt;&lt;br&gt;+14167411452</cmt>
    <desc>Bicycle Depot&lt;br&gt;&lt;br&gt;835 Albion Rd, Etobicoke, ON M9V 1A3&lt;br&gt;&lt;br&gt;+14167411452</desc>
    <sym>Bike Trail</sym>
    <type>user</type>
    <extensions>
      <gpxx:WaypointExtension>
        <gpxx:DisplayMode>SymbolAndName</gpxx:DisplayMode>
      </gpxx:WaypointExtension>
      <wptx1:WaypointExtension>
        <wptx1:DisplayMode>SymbolAndName</wptx1:DisplayMode>
      </wptx1:WaypointExtension>
      <ctx:CreationTimeExtension>
        <ctx:CreationTime>2026-06-27T16:47:04Z</ctx:CreationTime>
      </ctx:CreationTimeExtension>
    </extensions>
  </wpt>

  <wpt lat="50.4056032653898" lon="-102.93017788790166">
    <ele>0</ele>
    <time>2026-06-27T16:47:04Z</time>
    <name>Bicycle technicans available by appointment only</name>
    <cmt>area</cmt>
    <desc>area</desc>
    <sym>Bike Trail</sym>
    <type>user</type>
    <extensions>
      <gpxx:WaypointExtension>
        <gpxx:DisplayMode>SymbolAndName</gpxx:DisplayMode>
      </gpxx:WaypointExtension>
      <wptx1:WaypointExtension>
        <wptx1:DisplayMode>SymbolAndName</wptx1:DisplayMode>
      </wptx1:WaypointExtension>
      <ctx:CreationTimeExtension>
        <ctx:CreationTime>2026-06-27T16:47:04Z</ctx:CreationTime>
      </ctx:CreationTimeExtension>
    </extensions>
  </wpt>

  <wpt lat="45.028419597074389" lon="-74.733230480924249">
    <ele>0</ele>
    <time>2026-06-27T16:47:04Z</time>
    <name>Bicycle World - 24 Ninth St E, Cornwall, ON K6H 2T8</name>
    <cmt>24 Ninth St E, Cornwall, ON K6H 2T8</cmt>
    <desc>24 Ninth St E, Cornwall, ON K6H 2T8</desc>
    <sym>Bike Trail</sym>
    <type>user</type>
    <extensions>
      <gpxx:WaypointExtension>
        <gpxx:DisplayMode>SymbolAndName</gpxx:DisplayMode>
      </gpxx:WaypointExtension>
      <wptx1:WaypointExtension>
        <wptx1:DisplayMode>SymbolAndName</wptx1:DisplayMode>
      </wptx1:WaypointExtension>
      <ctx:CreationTimeExtension>
        <ctx:CreationTime>2026-06-27T16:47:04Z</ctx:CreationTime>
      </ctx:CreationTimeExtension>
    </extensions>
  </wpt>

  <wpt lat="44.654875136911869" lon="-63.591344123706222">
    <ele>0</ele>
    <time>2026-06-27T16:47:04Z</time>
    <name>Bike Again! (5664 Charles St, Halifax, NS B3K 1K4)</name>
    <cmt>Bike Again!&lt;br&gt;&lt;br&gt;5664 Charles St, Halifax, NS B3K 1K4&lt;br&gt;&lt;br&gt;+19024292202&lt;br&gt;&lt;br&gt;Approved Bike Shop #81</cmt>
    <desc>Bike Again!&lt;br&gt;&lt;br&gt;5664 Charles St, Halifax, NS B3K 1K4&lt;br&gt;&lt;br&gt;+19024292202&lt;br&gt;&lt;br&gt;Approved Bike Shop #81</desc>
    <sym>Bike Trail</sym>
    <type>user</type>
    <extensions>
      <gpxx:WaypointExtension>
        <gpxx:DisplayMode>SymbolAndName</gpxx:DisplayMode>
      </gpxx:WaypointExtension>
      <wptx1:WaypointExtension>
        <wptx1:DisplayMode>SymbolAndName</wptx1:DisplayMode>
      </wptx1:WaypointExtension>
      <ctx:CreationTimeExtension>
        <ctx:CreationTime>2026-06-27T16:47:04Z</ctx:CreationTime>
      </ctx:CreationTimeExtension>
    </extensions>
  </wpt>

  <wpt lat="51.185918301343918" lon="-114.46449296548963">
    <ele>0</ele>
    <time>2026-06-27T16:47:04Z</time>
    <name>Bike Bros. (128 River Ave, Cochrane, AB T4C 2C2)</name>
    <cmt>Bike Bros.&lt;br&gt;&lt;br&gt;128 River Ave, Cochrane, AB T4C 2C2&lt;br&gt;&lt;br&gt;(403) 932-7010&lt;br&gt;&lt;br&gt;Approved Bike Shop #83</cmt>
    <desc>Bike Bros.&lt;br&gt;&lt;br&gt;128 River Ave, Cochrane, AB T4C 2C2&lt;br&gt;&lt;br&gt;(403) 932-7010&lt;br&gt;&lt;br&gt;Approved Bike Shop #83</desc>
    <sym>Bike Trail</sym>
    <type>user</type>
    <extensions>
      <gpxx:WaypointExtension>
        <gpxx:DisplayMode>SymbolAndName</gpxx:DisplayMode>
      </gpxx:WaypointExtension>
      <wptx1:WaypointExtension>
        <wptx1:DisplayMode>SymbolAndName</wptx1:DisplayMode>
      </wptx1:WaypointExtension>
      <ctx:CreationTimeExtension>
        <ctx:CreationTime>2026-06-27T16:47:04Z</ctx:CreationTime>
      </ctx:CreationTimeExtension>
    </extensions>
  </wpt>

  <wpt lat="52.116909027099609" lon="-106.65510177612305">
    <ele>0</ele>
    <time>2026-06-27T16:47:04Z</time>
    <name>Bike Doctor (623 Main St, Saskatoon, SK S7H 0J8)</name>
    <cmt>Bike Doctor&lt;br&gt;&lt;br&gt;623 Main St, Saskatoon, SK S7H 0J8&lt;br&gt;&lt;br&gt;Approved Bike Shop #104</cmt>
    <desc>Bike Doctor&lt;br&gt;&lt;br&gt;623 Main St, Saskatoon, SK S7H 0J8&lt;br&gt;&lt;br&gt;Approved Bike Shop #104</desc>
    <sym>Bike Trail</sym>
    <type>user</type>
    <extensions>
      <gpxx:WaypointExtension>
        <gpxx:DisplayMode>SymbolAndName</gpxx:DisplayMode>
      </gpxx:WaypointExtension>
      <wptx1:WaypointExtension>
        <wptx1:DisplayMode>SymbolAndName</wptx1:DisplayMode>
      </wptx1:WaypointExtension>
      <ctx:CreationTimeExtension>
        <ctx:CreationTime>2026-06-27T16:47:04Z</ctx:CreationTime>
      </ctx:CreationTimeExtension>
    </extensions>
  </wpt>

  <wpt lat="45.36275552585721" lon="-63.275615768507123">
    <ele>0</ele>
    <time>2026-06-27T16:47:04Z</time>
    <name>Bike Monkey (130 Esplanade St, Truro, NS B2N 2K3)</name>
    <cmt>Bike Monkey&lt;br&gt;&lt;br&gt;130 Esplanade St, Truro, NS B2N 2K3&lt;br&gt;&lt;br&gt;+19028437111&lt;br&gt;&lt;br&gt;Approved Bike Shop #84</cmt>
    <desc>Bike Monkey&lt;br&gt;&lt;br&gt;130 Esplanade St, Truro, NS B2N 2K3&lt;br&gt;&lt;br&gt;+19028437111&lt;br&gt;&lt;br&gt;Approved Bike Shop #84</desc>
    <sym>Bike Trail</sym>
    <type>user</type>
    <extensions>
      <gpxx:WaypointExtension>
        <gpxx:DisplayMode>SymbolAndName</gpxx:DisplayMode>
      </gpxx:WaypointExtension>
      <wptx1:WaypointExtension>
        <wptx1:DisplayMode>SymbolAndName</wptx1:DisplayMode>
      </wptx1:WaypointExtension>
      <ctx:CreationTimeExtension>
        <ctx:CreationTime>2026-06-27T16:47:04Z</ctx:CreationTime>
      </ctx:CreationTimeExtension>
    </extensions>
  </wpt>

  <wpt lat="51.075353622436523" lon="-114.1309118270874">
    <ele>0</ele>
    <time>2026-06-27T16:47:04Z</time>
    <name>Bike Root Community Bike Shop (University of Calgary, Calgary, AB T2N 1N4)</name>
    <cmt>Bike Root Community Bike Shop&lt;br&gt;&lt;br&gt;University of Calgary, Calgary, AB T2N 1N4&lt;br&gt;&lt;br&gt;Approved Bike Shop #170</cmt>
    <desc>Bike Root Community Bike Shop&lt;br&gt;&lt;br&gt;University of Calgary, Calgary, AB T2N 1N4&lt;br&gt;&lt;br&gt;Approved Bike Shop #170</desc>
    <sym>Bike Trail</sym>
    <type>user</type>
    <extensions>
      <gpxx:WaypointExtension>
        <gpxx:DisplayMode>SymbolAndName</gpxx:DisplayMode>
      </gpxx:WaypointExtension>
      <wptx1:WaypointExtension>
        <wptx1:DisplayMode>SymbolAndName</wptx1:DisplayMode>
      </wptx1:WaypointExtension>
      <ctx:CreationTimeExtension>
        <ctx:CreationTime>2026-06-27T16:47:04Z</ctx:CreationTime>
      </ctx:CreationTimeExtension>
    </extensions>
  </wpt>

  <wpt lat="45.285825161263347" lon="-66.044758530333638">
    <ele>0</ele>
    <time>2026-06-27T16:47:04Z</time>
    <name>Bike Works (178 Thorne Ave, Saint John, NB E2J 1W9)</name>
    <cmt>Bike Works&lt;br&gt;&lt;br&gt;178 Thorne Ave, Saint John, NB E2J 1W9&lt;br&gt;&lt;br&gt;+15066522453&lt;br&gt;&lt;br&gt;Approved Bike Shop #86</cmt>
    <desc>Bike Works&lt;br&gt;&lt;br&gt;178 Thorne Ave, Saint John, NB E2J 1W9&lt;br&gt;&lt;br&gt;+15066522453&lt;br&gt;&lt;br&gt;Approved Bike Shop #86</desc>
    <sym>Bike Trail</sym>
    <type>user</type>
    <extensions>
      <gpxx:WaypointExtension>
        <gpxx:DisplayMode>SymbolAndName</gpxx:DisplayMode>
      </gpxx:WaypointExtension>
      <wptx1:WaypointExtension>
        <wptx1:DisplayMode>SymbolAndName</wptx1:DisplayMode>
      </wptx1:WaypointExtension>
      <ctx:CreationTimeExtension>
        <ctx:CreationTime>2026-06-27T16:47:04Z</ctx:CreationTime>
      </ctx:CreationTimeExtension>
    </extensions>
  </wpt>

  <wpt lat="51.038252301514149" lon="-114.02997267432511">
    <ele>0</ele>
    <time>2026-06-27T16:47:04Z</time>
    <name>BikeBike Inc. (130-1439 10 Ave SE, Calgary, AB T2G 0X1)</name>
    <cmt>BikeBike Inc.&lt;br&gt;&lt;br&gt;130-1439 10 Ave SE, Calgary, AB T2G 0X1&lt;br&gt;&lt;br&gt;+14034572453&lt;br&gt;&lt;br&gt;Approved Bicycle Shop #33</cmt>
    <desc>BikeBike Inc.&lt;br&gt;&lt;br&gt;130-1439 10 Ave SE, Calgary, AB T2G 0X1&lt;br&gt;&lt;br&gt;+14034572453&lt;br&gt;&lt;br&gt;Approved Bicycle Shop #33</desc>
    <sym>Bike Trail</sym>
    <type>user</type>
    <extensions>
      <gpxx:WaypointExtension>
        <gpxx:DisplayMode>SymbolAndName</gpxx:DisplayMode>
      </gpxx:WaypointExtension>
      <wptx1:WaypointExtension>
        <wptx1:DisplayMode>SymbolAndName</wptx1:DisplayMode>
      </wptx1:WaypointExtension>
      <ctx:CreationTimeExtension>
        <ctx:CreationTime>2026-06-27T16:47:04Z</ctx:CreationTime>
      </ctx:CreationTimeExtension>
    </extensions>
  </wpt>

  <wpt lat="44.567692279815674" lon="-80.941922664642334">
    <ele>0</ele>
    <time>2026-06-27T16:47:04Z</time>
    <name>Bikeface Cycling (269 10th St E, Owen Sound, ON N4K 1S4)</name>
    <cmt>Bikeface Cycling&lt;br&gt;&lt;br&gt;269 10th St E, Owen Sound, ON N4K 1S4&lt;br&gt;&lt;br&gt;+15193769777&lt;br&gt;&lt;br&gt;Approved Bike Shop #87</cmt>
    <desc>Bikeface Cycling&lt;br&gt;&lt;br&gt;269 10th St E, Owen Sound, ON N4K 1S4&lt;br&gt;&lt;br&gt;+15193769777&lt;br&gt;&lt;br&gt;Approved Bike Shop #87</desc>
    <sym>Bike Trail</sym>
    <type>user</type>
    <extensions>
      <gpxx:WaypointExtension>
        <gpxx:DisplayMode>SymbolAndName</gpxx:DisplayMode>
      </gpxx:WaypointExtension>
      <wptx1:WaypointExtension>
        <wptx1:DisplayMode>SymbolAndName</wptx1:DisplayMode>
      </wptx1:WaypointExtension>
      <ctx:CreationTimeExtension>
        <ctx:CreationTime>2026-06-27T16:47:04Z</ctx:CreationTime>
      </ctx:CreationTimeExtension>
    </extensions>
  </wpt>

  <wpt lat="49.914085865020752" lon="-97.114505767822266">
    <ele>0</ele>
    <time>2026-06-27T16:47:04Z</time>
    <name>Bikes &amp; Beyond - 227 Henderson Hwy, Winnipeg, MB R2L 1M1</name>
    <cmt>Bikes &amp; Beyond&lt;br&gt;&lt;br&gt;227 Henderson Hwy, Winnipeg, MB R2L 1M1</cmt>
    <desc>Bikes &amp; Beyond&lt;br&gt;&lt;br&gt;227 Henderson Hwy, Winnipeg, MB R2L 1M1</desc>
    <sym>Bike Trail</sym>
    <type>user</type>
    <extensions>
      <gpxx:WaypointExtension>
        <gpxx:DisplayMode>SymbolAndName</gpxx:DisplayMode>
      </gpxx:WaypointExtension>
      <wptx1:WaypointExtension>
        <wptx1:DisplayMode>SymbolAndName</wptx1:DisplayMode>
      </wptx1:WaypointExtension>
      <ctx:CreationTimeExtension>
        <ctx:CreationTime>2026-06-27T16:47:04Z</ctx:CreationTime>
      </ctx:CreationTimeExtension>
    </extensions>
  </wpt>

  <wpt lat="48.4280348662287" lon="-123.36306536570191">
    <ele>0</ele>
    <time>2026-06-27T16:47:04Z</time>
    <name>Bishop's Family Cycles (730 Pandora Ave, Victoria, BC V8W 0E4)</name>
    <cmt>Bishop's Family Cycles&lt;br&gt;&lt;br&gt;730 Pandora Ave, Victoria, BC V8W 0E4&lt;br&gt;&lt;br&gt;+17786000878&lt;br&gt;&lt;br&gt;Approved Bike Shop #66</cmt>
    <desc>Bishop's Family Cycles&lt;br&gt;&lt;br&gt;730 Pandora Ave, Victoria, BC V8W 0E4&lt;br&gt;&lt;br&gt;+17786000878&lt;br&gt;&lt;br&gt;Approved Bike Shop #66</desc>
    <sym>Bike Trail</sym>
    <type>user</type>
    <extensions>
      <gpxx:WaypointExtension>
        <gpxx:DisplayMode>SymbolAndName</gpxx:DisplayMode>
      </gpxx:WaypointExtension>
      <wptx1:WaypointExtension>
        <wptx1:DisplayMode>SymbolAndName</wptx1:DisplayMode>
      </wptx1:WaypointExtension>
      <ctx:CreationTimeExtension>
        <ctx:CreationTime>2026-06-27T16:47:04Z</ctx:CreationTime>
      </ctx:CreationTimeExtension>
    </extensions>
  </wpt>

  <wpt lat="50.397261679172516" lon="-105.53452581167221">
    <ele>0</ele>
    <time>2026-06-27T16:47:04Z</time>
    <name>Boh's Cycle &amp; Sporting Goods (821 Main St N, Moose Jaw, SK S6H 0W8)</name>
    <cmt>Boh's Cycle &amp; Sporting Goods&lt;br&gt;&lt;br&gt;821 Main St N, Moose Jaw, SK S6H 0W8&lt;br&gt;&lt;br&gt;+13066920477&lt;br&gt;&lt;br&gt;Approved Bike Shop #88</cmt>
    <desc>Boh's Cycle &amp; Sporting Goods&lt;br&gt;&lt;br&gt;821 Main St N, Moose Jaw, SK S6H 0W8&lt;br&gt;&lt;br&gt;+13066920477&lt;br&gt;&lt;br&gt;Approved Bike Shop #88</desc>
    <sym>Bike Trail</sym>
    <type>user</type>
    <extensions>
      <gpxx:WaypointExtension>
        <gpxx:DisplayMode>SymbolAndName</gpxx:DisplayMode>
      </gpxx:WaypointExtension>
      <wptx1:WaypointExtension>
        <wptx1:DisplayMode>SymbolAndName</wptx1:DisplayMode>
      </wptx1:WaypointExtension>
      <ctx:CreationTimeExtension>
        <ctx:CreationTime>2026-06-27T16:47:04Z</ctx:CreationTime>
      </ctx:CreationTimeExtension>
    </extensions>
  </wpt>

  <wpt lat="51.086447238922119" lon="-114.18243169784546">
    <ele>0</ele>
    <time>2026-06-27T16:47:04Z</time>
    <name>Bow Cycle &amp; Sports (6501 Bowness Rd NW, Calgary, AB T3B 0E8)</name>
    <cmt>Bow Cycle&lt;br&gt;&lt;br&gt;6501 Bowness Rd NW, Calgary, AB T3B 0E8&lt;br&gt;&lt;br&gt;+14032885422&lt;br&gt;&lt;br&gt;Approved Bike Shop #89</cmt>
    <desc>Bow Cycle&lt;br&gt;&lt;br&gt;6501 Bowness Rd NW, Calgary, AB T3B 0E8&lt;br&gt;&lt;br&gt;+14032885422&lt;br&gt;&lt;br&gt;Approved Bike Shop #89</desc>
    <sym>Bike Trail</sym>
    <type>user</type>
    <extensions>
      <gpxx:WaypointExtension>
        <gpxx:DisplayMode>SymbolAndName</gpxx:DisplayMode>
      </gpxx:WaypointExtension>
      <wptx1:WaypointExtension>
        <wptx1:DisplayMode>SymbolAndName</wptx1:DisplayMode>
      </wptx1:WaypointExtension>
      <ctx:CreationTimeExtension>
        <ctx:CreationTime>2026-06-27T16:47:04Z</ctx:CreationTime>
      </ctx:CreationTimeExtension>
    </extensions>
  </wpt>

  <wpt lat="48.565753139555454" lon="-123.4116721060127">
    <ele>0</ele>
    <time>2026-06-27T16:47:04Z</time>
    <name>Brentwood Cycle (2136 Keating Cross Rd, Saanichton, BC V8M 2A6)</name>
    <cmt>Brentwood Cycle&lt;br&gt;&lt;br&gt;Keating Centre&lt;br&gt;&lt;br&gt;2136 Keating Cross Rd, Saanichton, BC V8M 2A6&lt;br&gt;&lt;br&gt;+12506524649&lt;br&gt;&lt;br&gt;Approved Bicycle Shop #13</cmt>
    <desc>Brentwood Cycle&lt;br&gt;&lt;br&gt;Keating Centre&lt;br&gt;&lt;br&gt;2136 Keating Cross Rd, Saanichton, BC V8M 2A6&lt;br&gt;&lt;br&gt;+12506524649&lt;br&gt;&lt;br&gt;Approved Bicycle Shop #13</desc>
    <sym>Bike Trail</sym>
    <type>user</type>
    <extensions>
      <gpxx:WaypointExtension>
        <gpxx:DisplayMode>SymbolAndName</gpxx:DisplayMode>
      </gpxx:WaypointExtension>
      <wptx1:WaypointExtension>
        <wptx1:DisplayMode>SymbolAndName</wptx1:DisplayMode>
      </wptx1:WaypointExtension>
      <ctx:CreationTimeExtension>
        <ctx:CreationTime>2026-06-27T16:47:04Z</ctx:CreationTime>
      </ctx:CreationTimeExtension>
    </extensions>
  </wpt>

  <wpt lat="48.427813164889812" lon="-123.36573206819594">
    <ele>0</ele>
    <time>2026-06-27T16:47:04Z</time>
    <name>Broad Street Cycles (1419 Broad St, Victoria, BC V8W 2B2)</name>
    <cmt>Broad Street Cycles&lt;br&gt;&lt;br&gt;1419 Broad St, Victoria, BC V8W 2B2&lt;br&gt;&lt;br&gt;+12503851739&lt;br&gt;&lt;br&gt;Approved Bicycle Shop #37</cmt>
    <desc>Broad Street Cycles&lt;br&gt;&lt;br&gt;1419 Broad St, Victoria, BC V8W 2B2&lt;br&gt;&lt;br&gt;+12503851739&lt;br&gt;&lt;br&gt;Approved Bicycle Shop #37</desc>
    <sym>Bike Trail</sym>
    <type>user</type>
    <extensions>
      <gpxx:WaypointExtension>
        <gpxx:DisplayMode>SymbolAndName</gpxx:DisplayMode>
      </gpxx:WaypointExtension>
      <wptx1:WaypointExtension>
        <wptx1:DisplayMode>SymbolAndName</wptx1:DisplayMode>
      </wptx1:WaypointExtension>
      <ctx:CreationTimeExtension>
        <ctx:CreationTime>2026-06-27T16:47:04Z</ctx:CreationTime>
      </ctx:CreationTimeExtension>
    </extensions>
  </wpt>

  <wpt lat="43.649153709411621" lon="-79.484410285949707">
    <ele>0</ele>
    <time>2026-06-27T16:47:04Z</time>
    <name>Brown's Sports &amp; Cycle Company (Sports) (2447 Bloor St W, Toronto, ON M6S 1P7)</name>
    <cmt>Brown's Sports &amp; Cycle Company (Sports)&lt;br&gt;&lt;br&gt;2447 Bloor St W, Toronto, ON M6S 1P7&lt;br&gt;&lt;br&gt;+14167634176&lt;br&gt;&lt;br&gt;Approved Bike Shop #90</cmt>
    <desc>Brown's Sports &amp; Cycle Company (Sports)&lt;br&gt;&lt;br&gt;2447 Bloor St W, Toronto, ON M6S 1P7&lt;br&gt;&lt;br&gt;+14167634176&lt;br&gt;&lt;br&gt;Approved Bike Shop #90</desc>
    <sym>Bike Trail</sym>
    <type>user</type>
    <extensions>
      <gpxx:WaypointExtension>
        <gpxx:DisplayMode>SymbolAndName</gpxx:DisplayMode>
      </gpxx:WaypointExtension>
      <wptx1:WaypointExtension>
        <wptx1:DisplayMode>SymbolAndName</wptx1:DisplayMode>
      </wptx1:WaypointExtension>
      <ctx:CreationTimeExtension>
        <ctx:CreationTime>2026-06-27T16:47:04Z</ctx:CreationTime>
      </ctx:CreationTimeExtension>
    </extensions>
  </wpt>

  <wpt lat="54.229059023782611" lon="-125.76099266298115">
    <ele>0</ele>
    <time>2026-06-27T16:47:04Z</time>
    <name>Burnt Bikes (call ahead for open hours) (132 2 Ave, Burns Lake, BC V0J 1E0)</name>
    <cmt>Burnt Bikes&lt;br&gt;&lt;br&gt;132 2 Ave, Burns Lake, BC V0J 1E0&lt;br&gt;&lt;br&gt;+12506920033&lt;br&gt;&lt;br&gt;Approved Bike Shop #91</cmt>
    <desc>Burnt Bikes&lt;br&gt;&lt;br&gt;132 2 Ave, Burns Lake, BC V0J 1E0&lt;br&gt;&lt;br&gt;+12506920033&lt;br&gt;&lt;br&gt;Approved Bike Shop #91</desc>
    <sym>Bike Trail</sym>
    <type>user</type>
    <extensions>
      <gpxx:WaypointExtension>
        <gpxx:DisplayMode>SymbolAndName</gpxx:DisplayMode>
      </gpxx:WaypointExtension>
      <wptx1:WaypointExtension>
        <wptx1:DisplayMode>SymbolAndName</wptx1:DisplayMode>
      </wptx1:WaypointExtension>
      <ctx:CreationTimeExtension>
        <ctx:CreationTime>2026-06-27T16:47:04Z</ctx:CreationTime>
      </ctx:CreationTimeExtension>
    </extensions>
  </wpt>

  <wpt lat="43.795795440673828" lon="-79.932768261060119">
    <ele>0</ele>
    <time>2026-06-27T16:47:04Z</time>
    <name>Caledon Hills Cycling (15640 McLaughlin Rd, Inglewood, ON L7C 1M3)</name>
    <cmt>Caledon Hills Cycling&lt;br&gt;&lt;br&gt;15640 McLaughlin Rd, Inglewood, ON L7C 1M3&lt;br&gt;&lt;br&gt;+19058381698&lt;br&gt;&lt;br&gt;Approved Bike Shop #92</cmt>
    <desc>Caledon Hills Cycling&lt;br&gt;&lt;br&gt;15640 McLaughlin Rd, Inglewood, ON L7C 1M3&lt;br&gt;&lt;br&gt;+19058381698&lt;br&gt;&lt;br&gt;Approved Bike Shop #92</desc>
    <sym>Bike Trail</sym>
    <type>user</type>
    <extensions>
      <gpxx:WaypointExtension>
        <gpxx:DisplayMode>SymbolAndName</gpxx:DisplayMode>
      </gpxx:WaypointExtension>
      <wptx1:WaypointExtension>
        <wptx1:DisplayMode>SymbolAndName</wptx1:DisplayMode>
      </wptx1:WaypointExtension>
      <ctx:CreationTimeExtension>
        <ctx:CreationTime>2026-06-27T16:47:04Z</ctx:CreationTime>
      </ctx:CreationTimeExtension>
    </extensions>
  </wpt>

  <wpt lat="47.563826618716121" lon="-52.714929906651378">
    <ele>0</ele>
    <time>2026-06-27T16:47:04Z</time>
    <name>Canary Cycles (7 Lemarchant Rd, St. John's, NL A1C 2G4)</name>
    <cmt>Canary Cycles&lt;br&gt;&lt;br&gt;7 Lemarchant Rd, St. John's, NL A1C 2G4&lt;br&gt;&lt;br&gt;+17095795972&lt;br&gt;&lt;br&gt;Approved Bike Shop #93</cmt>
    <desc>Canary Cycles&lt;br&gt;&lt;br&gt;7 Lemarchant Rd, St. John's, NL A1C 2G4&lt;br&gt;&lt;br&gt;+17095795972&lt;br&gt;&lt;br&gt;Approved Bike Shop #93</desc>
    <sym>Bike Trail</sym>
    <type>user</type>
    <extensions>
      <gpxx:WaypointExtension>
        <gpxx:DisplayMode>SymbolAndName</gpxx:DisplayMode>
      </gpxx:WaypointExtension>
      <wptx1:WaypointExtension>
        <wptx1:DisplayMode>SymbolAndName</wptx1:DisplayMode>
      </wptx1:WaypointExtension>
      <ctx:CreationTimeExtension>
        <ctx:CreationTime>2026-06-27T16:47:04Z</ctx:CreationTime>
      </ctx:CreationTimeExtension>
    </extensions>
  </wpt>

  <wpt lat="49.108371734619141" lon="-122.65973567962646">
    <ele>0</ele>
    <time>2026-06-27T16:47:04Z</time>
    <name>Cap's Bicycles Langley (20306 Logan Ave, Langley, BC V3A 4L7)</name>
    <cmt>Caps Bicycles&lt;br&gt;&lt;br&gt;20306 Logan Ave, Langley, BC V3A 4L7&lt;br&gt;&lt;br&gt;+16045347718&lt;br&gt;&lt;br&gt;Approved Bike Shop #94</cmt>
    <desc>Caps Bicycles&lt;br&gt;&lt;br&gt;20306 Logan Ave, Langley, BC V3A 4L7&lt;br&gt;&lt;br&gt;+16045347718&lt;br&gt;&lt;br&gt;Approved Bike Shop #94</desc>
    <sym>Bike Trail</sym>
    <type>user</type>
    <extensions>
      <gpxx:WaypointExtension>
        <gpxx:DisplayMode>SymbolAndName</gpxx:DisplayMode>
      </gpxx:WaypointExtension>
      <wptx1:WaypointExtension>
        <wptx1:DisplayMode>SymbolAndName</wptx1:DisplayMode>
      </wptx1:WaypointExtension>
      <ctx:CreationTimeExtension>
        <ctx:CreationTime>2026-06-27T16:47:04Z</ctx:CreationTime>
      </ctx:CreationTimeExtension>
    </extensions>
  </wpt>

  <wpt lat="43.659507958218455" lon="-79.512993833050132">
    <ele>0</ele>
    <time>2026-06-27T16:47:04Z</time>
    <name>Chain Reaction Bicycles Toronto (4231 Dundas St W, Etobicoke, ON M8X 1Y3)</name>
    <cmt>Chain Reaction Bicycles Toronto&lt;br&gt;&lt;br&gt;4231 Dundas St W, Etobicoke, ON M8X 1Y3&lt;br&gt;&lt;br&gt;+14162345300&lt;br&gt;&lt;br&gt;Approved Bike Shop #58</cmt>
    <desc>Chain Reaction Bicycles Toronto&lt;br&gt;&lt;br&gt;4231 Dundas St W, Etobicoke, ON M8X 1Y3&lt;br&gt;&lt;br&gt;+14162345300&lt;br&gt;&lt;br&gt;Approved Bike Shop #58</desc>
    <sym>Bike Trail</sym>
    <type>user</type>
    <extensions>
      <gpxx:WaypointExtension>
        <gpxx:DisplayMode>SymbolAndName</gpxx:DisplayMode>
      </gpxx:WaypointExtension>
      <wptx1:WaypointExtension>
        <wptx1:DisplayMode>SymbolAndName</wptx1:DisplayMode>
      </wptx1:WaypointExtension>
      <ctx:CreationTimeExtension>
        <ctx:CreationTime>2026-06-27T16:47:04Z</ctx:CreationTime>
      </ctx:CreationTimeExtension>
    </extensions>
  </wpt>

  <wpt lat="46.307980986312032" lon="-79.461688958108425">
    <ele>0</ele>
    <time>2026-06-27T16:47:04Z</time>
    <name>Cheapskates</name>
    <cmt>274 Main St E, North Bay, ON P1B 1B1 (705) 495-4736 Locally owned bike shop and retail offerings. https://cheapskatesports.com/</cmt>
    <desc>274 Main St E, North Bay, ON P1B 1B1 (705) 495-4736 Locally owned bike shop and retail offerings. https://cheapskatesports.com/</desc>
    <sym>Bike Trail</sym>
    <type>user</type>
    <extensions>
      <gpxx:WaypointExtension>
        <gpxx:DisplayMode>SymbolAndName</gpxx:DisplayMode>
      </gpxx:WaypointExtension>
      <wptx1:WaypointExtension>
        <wptx1:DisplayMode>SymbolAndName</wptx1:DisplayMode>
      </wptx1:WaypointExtension>
      <ctx:CreationTimeExtension>
        <ctx:CreationTime>2026-06-27T16:47:04Z</ctx:CreationTime>
      </ctx:CreationTimeExtension>
    </extensions>
  </wpt>

  <wpt lat="54.318706328049302" lon="-130.31858738511801">
    <ele>0</ele>
    <time>2026-06-27T16:47:04Z</time>
    <name>Chucky’s Cycle Shop (pickup and drop off only)</name>
    <cmt>Offers pick up and drop off cycle maintenance and repairs. As well as supply Parts and Accessories for your own do it yourself experience.</cmt>
    <desc>Offers pick up and drop off cycle maintenance and repairs. As well as supply Parts and Accessories for your own do it yourself experience.</desc>
    <sym>Bike Trail</sym>
    <type>user</type>
    <extensions>
      <gpxx:WaypointExtension>
        <gpxx:DisplayMode>SymbolAndName</gpxx:DisplayMode>
      </gpxx:WaypointExtension>
      <wptx1:WaypointExtension>
        <wptx1:DisplayMode>SymbolAndName</wptx1:DisplayMode>
      </wptx1:WaypointExtension>
      <ctx:CreationTimeExtension>
        <ctx:CreationTime>2026-06-27T16:47:04Z</ctx:CreationTime>
      </ctx:CreationTimeExtension>
    </extensions>
  </wpt>

  <wpt lat="53.095881370827556" lon="-113.47283033654094">
    <ele>0</ele>
    <time>2026-06-27T16:47:04Z</time>
    <name>Circuit Cycle &amp; Sports (5012 50 St, Millet, AB T0C 1Z0)</name>
    <cmt>Circuit Cycle &amp; Sports&lt;br&gt;&lt;br&gt;5012 50 St, Millet, AB T0C 1Z0&lt;br&gt;&lt;br&gt;+17803875340&lt;br&gt;&lt;br&gt;Approved Bicycle Shop #31</cmt>
    <desc>Circuit Cycle &amp; Sports&lt;br&gt;&lt;br&gt;5012 50 St, Millet, AB T0C 1Z0&lt;br&gt;&lt;br&gt;+17803875340&lt;br&gt;&lt;br&gt;Approved Bicycle Shop #31</desc>
    <sym>Bike Trail</sym>
    <type>user</type>
    <extensions>
      <gpxx:WaypointExtension>
        <gpxx:DisplayMode>SymbolAndName</gpxx:DisplayMode>
      </gpxx:WaypointExtension>
      <wptx1:WaypointExtension>
        <wptx1:DisplayMode>SymbolAndName</wptx1:DisplayMode>
      </wptx1:WaypointExtension>
      <ctx:CreationTimeExtension>
        <ctx:CreationTime>2026-06-27T16:47:04Z</ctx:CreationTime>
      </ctx:CreationTimeExtension>
    </extensions>
  </wpt>

  <wpt lat="48.436405370011926" lon="-123.37330511771142">
    <ele>0</ele>
    <time>2026-06-27T16:47:04Z</time>
    <name>Cit-E Cycles Electric Bikes - Victoria (2612 Bridge St #100, Victoria, BC V8T 4S9)</name>
    <cmt>Cit-E Cycles Electric Bikes - Victoria&lt;br&gt;&lt;br&gt;2612 Bridge St #100, Victoria, BC V8T 4S9&lt;br&gt;&lt;br&gt;+12503828329&lt;br&gt;&lt;br&gt;Approved Bike Shop #55</cmt>
    <desc>Cit-E Cycles Electric Bikes - Victoria&lt;br&gt;&lt;br&gt;2612 Bridge St #100, Victoria, BC V8T 4S9&lt;br&gt;&lt;br&gt;+12503828329&lt;br&gt;&lt;br&gt;Approved Bike Shop #55</desc>
    <sym>Bike Trail</sym>
    <type>user</type>
    <extensions>
      <gpxx:WaypointExtension>
        <gpxx:DisplayMode>SymbolAndName</gpxx:DisplayMode>
      </gpxx:WaypointExtension>
      <wptx1:WaypointExtension>
        <wptx1:DisplayMode>SymbolAndName</wptx1:DisplayMode>
      </wptx1:WaypointExtension>
      <ctx:CreationTimeExtension>
        <ctx:CreationTime>2026-06-27T16:47:04Z</ctx:CreationTime>
      </ctx:CreationTimeExtension>
    </extensions>
  </wpt>

  <wpt lat="48.455398930236697" lon="-123.46106959506869">
    <ele>0</ele>
    <time>2026-06-27T16:47:04Z</time>
    <name>Coastal Cycles (1612 Island Hwy #1, Victoria, BC V9B 1H8)</name>
    <cmt>Coastal Cycles&lt;br&gt;&lt;br&gt;1612 Island Hwy #1, Victoria, BC V9B 1H8&lt;br&gt;&lt;br&gt;(250) 391-1980&lt;br&gt;&lt;br&gt;Approved Bicycle Shop #18</cmt>
    <desc>Coastal Cycles&lt;br&gt;&lt;br&gt;1612 Island Hwy #1, Victoria, BC V9B 1H8&lt;br&gt;&lt;br&gt;(250) 391-1980&lt;br&gt;&lt;br&gt;Approved Bicycle Shop #18</desc>
    <sym>Bike Trail</sym>
    <type>user</type>
    <extensions>
      <gpxx:WaypointExtension>
        <gpxx:DisplayMode>SymbolAndName</gpxx:DisplayMode>
      </gpxx:WaypointExtension>
      <wptx1:WaypointExtension>
        <wptx1:DisplayMode>SymbolAndName</wptx1:DisplayMode>
      </wptx1:WaypointExtension>
      <ctx:CreationTimeExtension>
        <ctx:CreationTime>2026-06-27T16:47:04Z</ctx:CreationTime>
      </ctx:CreationTimeExtension>
    </extensions>
  </wpt>

  <wpt lat="50.513856634497643" lon="-116.02616021409631">
    <ele>0</ele>
    <time>2026-06-27T16:47:04Z</time>
    <name>Columbia Cycle &amp; Ski (375 Laurier St, Invermere, BC V0A 1K0)</name>
    <cmt>Columbia Cycle &amp; Ski&lt;br&gt;&lt;br&gt;375 Laurier St, Invermere, BC V0A 1K0&lt;br&gt;&lt;br&gt;+12503426164&lt;br&gt;&lt;br&gt;Approved Bike Shop #95</cmt>
    <desc>Columbia Cycle &amp; Ski&lt;br&gt;&lt;br&gt;375 Laurier St, Invermere, BC V0A 1K0&lt;br&gt;&lt;br&gt;+12503426164&lt;br&gt;&lt;br&gt;Approved Bike Shop #95</desc>
    <sym>Bike Trail</sym>
    <type>user</type>
    <extensions>
      <gpxx:WaypointExtension>
        <gpxx:DisplayMode>SymbolAndName</gpxx:DisplayMode>
      </gpxx:WaypointExtension>
      <wptx1:WaypointExtension>
        <wptx1:DisplayMode>SymbolAndName</wptx1:DisplayMode>
      </wptx1:WaypointExtension>
      <ctx:CreationTimeExtension>
        <ctx:CreationTime>2026-06-27T16:47:04Z</ctx:CreationTime>
      </ctx:CreationTimeExtension>
    </extensions>
  </wpt>

  <wpt lat="54.395044930279255" lon="-126.66318777948618">
    <ele>0</ele>
    <time>2026-06-27T16:47:04Z</time>
    <name>Country Wide Sports (does do bike tune ups) (2860 Hamblin Frontage Rd Houston, BC, Canada V0J1Z0)</name>
    <cmt>Country Wide Sports&lt;br&gt;&lt;br&gt;2860 Hamblin Frontage Rd Houston, BC, Canada V0J1Z0&lt;br&gt;&lt;br&gt;+12508450022&lt;br&gt;&lt;br&gt;Approved Bike Shop #96</cmt>
    <desc>Country Wide Sports&lt;br&gt;&lt;br&gt;2860 Hamblin Frontage Rd Houston, BC, Canada V0J1Z0&lt;br&gt;&lt;br&gt;+12508450022&lt;br&gt;&lt;br&gt;Approved Bike Shop #96</desc>
    <sym>Bike Trail</sym>
    <type>user</type>
    <extensions>
      <gpxx:WaypointExtension>
        <gpxx:DisplayMode>SymbolAndName</gpxx:DisplayMode>
      </gpxx:WaypointExtension>
      <wptx1:WaypointExtension>
        <wptx1:DisplayMode>SymbolAndName</wptx1:DisplayMode>
      </wptx1:WaypointExtension>
      <ctx:CreationTimeExtension>
        <ctx:CreationTime>2026-06-27T16:47:04Z</ctx:CreationTime>
      </ctx:CreationTimeExtension>
    </extensions>
  </wpt>

  <wpt lat="48.782007163390517" lon="-123.70412182062864">
    <ele>0</ele>
    <time>2026-06-27T16:47:04Z</time>
    <name>Cowichan Cycles (2692 James St, Duncan, BC V9L 2X6)</name>
    <cmt>Cowichan Cycles&lt;br&gt;&lt;br&gt;2692 James St, Duncan, BC V9L 2X6</cmt>
    <desc>Cowichan Cycles&lt;br&gt;&lt;br&gt;2692 James St, Duncan, BC V9L 2X6</desc>
    <sym>Bike Trail</sym>
    <type>user</type>
    <extensions>
      <gpxx:WaypointExtension>
        <gpxx:DisplayMode>SymbolAndName</gpxx:DisplayMode>
      </gpxx:WaypointExtension>
      <wptx1:WaypointExtension>
        <wptx1:DisplayMode>SymbolAndName</wptx1:DisplayMode>
      </wptx1:WaypointExtension>
      <ctx:CreationTimeExtension>
        <ctx:CreationTime>2026-06-27T16:47:04Z</ctx:CreationTime>
      </ctx:CreationTimeExtension>
    </extensions>
  </wpt>

  <wpt lat="49.05698605813086" lon="-122.47098259627819">
    <ele>0</ele>
    <time>2026-06-27T16:47:04Z</time>
    <name>Cranky's Bike Shop (2961 272 St, Aldergrove, BC V4W 3R3)</name>
    <cmt>Cranky's Bike Shop&lt;br&gt;&lt;br&gt;2961 272 St, Aldergrove, BC V4W 3R3&lt;br&gt;&lt;br&gt;+16048561688&lt;br&gt;&lt;br&gt;Approved Bike Shop #97</cmt>
    <desc>Cranky's Bike Shop&lt;br&gt;&lt;br&gt;2961 272 St, Aldergrove, BC V4W 3R3&lt;br&gt;&lt;br&gt;+16048561688&lt;br&gt;&lt;br&gt;Approved Bike Shop #97</desc>
    <sym>Bike Trail</sym>
    <type>user</type>
    <extensions>
      <gpxx:WaypointExtension>
        <gpxx:DisplayMode>SymbolAndName</gpxx:DisplayMode>
      </gpxx:WaypointExtension>
      <wptx1:WaypointExtension>
        <wptx1:DisplayMode>SymbolAndName</wptx1:DisplayMode>
      </wptx1:WaypointExtension>
      <ctx:CreationTimeExtension>
        <ctx:CreationTime>2026-06-27T16:47:04Z</ctx:CreationTime>
      </ctx:CreationTimeExtension>
    </extensions>
  </wpt>

  <wpt lat="43.786775590851903" lon="-79.418412437662482">
    <ele>0</ele>
    <time>2026-06-27T16:47:04Z</time>
    <name>Cycle Active - E-bikes &amp; Bike Repair (19 Drewry Ave, North York, ON M2M 1C9)</name>
    <cmt>Cycle Active - E-bikes &amp; Bike Repair&lt;br&gt;&lt;br&gt;19 Drewry Ave, North York, ON M2M 1C9&lt;br&gt;&lt;br&gt;+16472453111</cmt>
    <desc>Cycle Active - E-bikes &amp; Bike Repair&lt;br&gt;&lt;br&gt;19 Drewry Ave, North York, ON M2M 1C9&lt;br&gt;&lt;br&gt;+16472453111</desc>
    <sym>Bike Trail</sym>
    <type>user</type>
    <extensions>
      <gpxx:WaypointExtension>
        <gpxx:DisplayMode>SymbolAndName</gpxx:DisplayMode>
      </gpxx:WaypointExtension>
      <wptx1:WaypointExtension>
        <wptx1:DisplayMode>SymbolAndName</wptx1:DisplayMode>
      </wptx1:WaypointExtension>
      <ctx:CreationTimeExtension>
        <ctx:CreationTime>2026-06-27T16:47:04Z</ctx:CreationTime>
      </ctx:CreationTimeExtension>
    </extensions>
  </wpt>

  <wpt lat="45.309011600911617" lon="-73.862533802166581">
    <ele>0</ele>
    <time>2026-06-27T16:47:04Z</time>
    <name>Cycle Dubuc - Vélo/Mobilité/Réparation (223 Chem. de la Beauce, Beauharnois, QC J6N 2N5)</name>
    <cmt>223 Chem. de la Beauce, Beauharnois, QC J6N 2N5&lt;br&gt;&lt;br&gt;Approved Bicycle Shop #6</cmt>
    <desc>223 Chem. de la Beauce, Beauharnois, QC J6N 2N5&lt;br&gt;&lt;br&gt;Approved Bicycle Shop #6</desc>
    <sym>Bike Trail</sym>
    <type>user</type>
    <extensions>
      <gpxx:WaypointExtension>
        <gpxx:DisplayMode>SymbolAndName</gpxx:DisplayMode>
      </gpxx:WaypointExtension>
      <wptx1:WaypointExtension>
        <wptx1:DisplayMode>SymbolAndName</wptx1:DisplayMode>
      </wptx1:WaypointExtension>
      <ctx:CreationTimeExtension>
        <ctx:CreationTime>2026-06-27T16:47:04Z</ctx:CreationTime>
      </ctx:CreationTimeExtension>
    </extensions>
  </wpt>

  <wpt lat="53.91743553802371" lon="-122.74810549803078">
    <ele>0</ele>
    <time>2026-06-27T16:47:04Z</time>
    <name>Cycle Logic (1443 3rd Ave, Prince George, BC V2L 3G1)</name>
    <cmt>Cycle Logic&lt;br&gt;&lt;br&gt;1443 3rd Ave, Prince George, BC V2L 3G1&lt;br&gt;&lt;br&gt;(250) 614-7223&lt;br&gt;&lt;br&gt;Approved Bike Shop #98</cmt>
    <desc>Cycle Logic&lt;br&gt;&lt;br&gt;1443 3rd Ave, Prince George, BC V2L 3G1&lt;br&gt;&lt;br&gt;(250) 614-7223&lt;br&gt;&lt;br&gt;Approved Bike Shop #98</desc>
    <sym>Bike Trail</sym>
    <type>user</type>
    <extensions>
      <gpxx:WaypointExtension>
        <gpxx:DisplayMode>SymbolAndName</gpxx:DisplayMode>
      </gpxx:WaypointExtension>
      <wptx1:WaypointExtension>
        <wptx1:DisplayMode>SymbolAndName</wptx1:DisplayMode>
      </wptx1:WaypointExtension>
      <ctx:CreationTimeExtension>
        <ctx:CreationTime>2026-06-27T16:47:04Z</ctx:CreationTime>
      </ctx:CreationTimeExtension>
    </extensions>
  </wpt>

  <wpt lat="50.676004886627197" lon="-120.33578395843506">
    <ele>0</ele>
    <time>2026-06-27T16:47:04Z</time>
    <name>Cycle Logic - Kamloops (222 Victoria St, Kamloops, BC V2C 2A2)</name>
    <cmt>Cycle Logic&lt;br&gt;&lt;br&gt;222 Victoria St, Kamloops, BC V2C 2A2&lt;br&gt;&lt;br&gt;+12503744515&lt;br&gt;&lt;br&gt;Approved Bike Shop #99</cmt>
    <desc>Cycle Logic&lt;br&gt;&lt;br&gt;222 Victoria St, Kamloops, BC V2C 2A2&lt;br&gt;&lt;br&gt;+12503744515&lt;br&gt;&lt;br&gt;Approved Bike Shop #99</desc>
    <sym>Bike Trail</sym>
    <type>user</type>
    <extensions>
      <gpxx:WaypointExtension>
        <gpxx:DisplayMode>SymbolAndName</gpxx:DisplayMode>
      </gpxx:WaypointExtension>
      <wptx1:WaypointExtension>
        <wptx1:DisplayMode>SymbolAndName</wptx1:DisplayMode>
      </wptx1:WaypointExtension>
      <ctx:CreationTimeExtension>
        <ctx:CreationTime>2026-06-27T16:47:04Z</ctx:CreationTime>
      </ctx:CreationTimeExtension>
    </extensions>
  </wpt>

  <wpt lat="48.952091401442885" lon="-57.943016197532415">
    <ele>0</ele>
    <time>2026-06-27T16:47:04Z</time>
    <name>Cycle Solutions (35 West St, Corner Brook, NL A2H 2Y6)</name>
    <cmt>Cycle Solutions&lt;br&gt;&lt;br&gt;35 West St, Corner Brook, NL A2H 2Y6&lt;br&gt;&lt;br&gt;+17096347100&lt;br&gt;&lt;br&gt;Approved Bike Shop #64</cmt>
    <desc>Cycle Solutions&lt;br&gt;&lt;br&gt;35 West St, Corner Brook, NL A2H 2Y6&lt;br&gt;&lt;br&gt;+17096347100&lt;br&gt;&lt;br&gt;Approved Bike Shop #64</desc>
    <sym>Bike Trail</sym>
    <type>user</type>
    <extensions>
      <gpxx:WaypointExtension>
        <gpxx:DisplayMode>SymbolAndName</gpxx:DisplayMode>
      </gpxx:WaypointExtension>
      <wptx1:WaypointExtension>
        <wptx1:DisplayMode>SymbolAndName</wptx1:DisplayMode>
      </wptx1:WaypointExtension>
      <ctx:CreationTimeExtension>
        <ctx:CreationTime>2026-06-27T16:47:04Z</ctx:CreationTime>
      </ctx:CreationTimeExtension>
    </extensions>
  </wpt>

  <wpt lat="49.996193898841739" lon="-110.64249783754349">
    <ele>0</ele>
    <time>2026-06-27T16:47:04Z</time>
    <name>Cyclepath (2010 Strachan Rd SE Suite 1, Medicine Hat, AB T1B 0M9)</name>
    <cmt>Cyclepath&lt;br&gt;&lt;br&gt;2010 Strachan Rd SE Suite 1, Medicine Hat, AB T1B 0M9&lt;br&gt;&lt;br&gt;+14035262274&lt;br&gt;&lt;br&gt;Approved Bike Shop #101</cmt>
    <desc>Cyclepath&lt;br&gt;&lt;br&gt;2010 Strachan Rd SE Suite 1, Medicine Hat, AB T1B 0M9&lt;br&gt;&lt;br&gt;+14035262274&lt;br&gt;&lt;br&gt;Approved Bike Shop #101</desc>
    <sym>Bike Trail</sym>
    <type>user</type>
    <extensions>
      <gpxx:WaypointExtension>
        <gpxx:DisplayMode>SymbolAndName</gpxx:DisplayMode>
      </gpxx:WaypointExtension>
      <wptx1:WaypointExtension>
        <wptx1:DisplayMode>SymbolAndName</wptx1:DisplayMode>
      </wptx1:WaypointExtension>
      <ctx:CreationTimeExtension>
        <ctx:CreationTime>2026-06-27T16:47:04Z</ctx:CreationTime>
      </ctx:CreationTimeExtension>
    </extensions>
  </wpt>

  <wpt lat="48.450908660888672" lon="-123.38727951049805">
    <ele>0</ele>
    <time>2026-06-27T16:47:04Z</time>
    <name>Cycles West (100 Burnside Rd W, Victoria, BC V9A 1B8)</name>
    <cmt>Cycles West&lt;br&gt;&lt;br&gt;100 Burnside Rd W, Victoria, BC V9A 1B8&lt;br&gt;&lt;br&gt;+12504742477&lt;br&gt;&lt;br&gt;Approved Bicycle Shop #26</cmt>
    <desc>Cycles West&lt;br&gt;&lt;br&gt;100 Burnside Rd W, Victoria, BC V9A 1B8&lt;br&gt;&lt;br&gt;+12504742477&lt;br&gt;&lt;br&gt;Approved Bicycle Shop #26</desc>
    <sym>Bike Trail</sym>
    <type>user</type>
    <extensions>
      <gpxx:WaypointExtension>
        <gpxx:DisplayMode>SymbolAndName</gpxx:DisplayMode>
      </gpxx:WaypointExtension>
      <wptx1:WaypointExtension>
        <wptx1:DisplayMode>SymbolAndName</wptx1:DisplayMode>
      </wptx1:WaypointExtension>
      <ctx:CreationTimeExtension>
        <ctx:CreationTime>2026-06-27T16:47:04Z</ctx:CreationTime>
      </ctx:CreationTimeExtension>
    </extensions>
  </wpt>

  <wpt lat="44.655046463012695" lon="-63.592879772186279">
    <ele>0</ele>
    <time>2026-06-27T16:47:04Z</time>
    <name>Cyclesmith (2553 Agricola St, Halifax, NS B3K 4C4)</name>
    <cmt>Cyclesmith&lt;br&gt;&lt;br&gt;2553 Agricola St, Halifax, NS B3K 4C4&lt;br&gt;&lt;br&gt;+19024251756&lt;br&gt;&lt;br&gt;Approved Bike Shop #102</cmt>
    <desc>Cyclesmith&lt;br&gt;&lt;br&gt;2553 Agricola St, Halifax, NS B3K 4C4&lt;br&gt;&lt;br&gt;+19024251756&lt;br&gt;&lt;br&gt;Approved Bike Shop #102</desc>
    <sym>Bike Trail</sym>
    <type>user</type>
    <extensions>
      <gpxx:WaypointExtension>
        <gpxx:DisplayMode>SymbolAndName</gpxx:DisplayMode>
      </gpxx:WaypointExtension>
      <wptx1:WaypointExtension>
        <wptx1:DisplayMode>SymbolAndName</wptx1:DisplayMode>
      </wptx1:WaypointExtension>
      <ctx:CreationTimeExtension>
        <ctx:CreationTime>2026-06-27T16:47:04Z</ctx:CreationTime>
      </ctx:CreationTimeExtension>
    </extensions>
  </wpt>

  <wpt lat="43.91960620880127" lon="-80.092349136248231">
    <ele>0</ele>
    <time>2026-06-27T16:47:04Z</time>
    <name>Cycling Elements (2 Wellington St, Orangeville, ON L9W 2L3)</name>
    <cmt>Cycling Elements&lt;br&gt;&lt;br&gt;2 Wellington St, Orangeville, ON L9W 2L3&lt;br&gt;&lt;br&gt;+15193074100&lt;br&gt;&lt;br&gt;Approved Bike Shop #103</cmt>
    <desc>Cycling Elements&lt;br&gt;&lt;br&gt;2 Wellington St, Orangeville, ON L9W 2L3&lt;br&gt;&lt;br&gt;+15193074100&lt;br&gt;&lt;br&gt;Approved Bike Shop #103</desc>
    <sym>Bike Trail</sym>
    <type>user</type>
    <extensions>
      <gpxx:WaypointExtension>
        <gpxx:DisplayMode>SymbolAndName</gpxx:DisplayMode>
      </gpxx:WaypointExtension>
      <wptx1:WaypointExtension>
        <wptx1:DisplayMode>SymbolAndName</wptx1:DisplayMode>
      </wptx1:WaypointExtension>
      <ctx:CreationTimeExtension>
        <ctx:CreationTime>2026-06-27T16:47:04Z</ctx:CreationTime>
      </ctx:CreationTimeExtension>
    </extensions>
  </wpt>

  <wpt lat="46.816778182983398" lon="-71.211233139038086">
    <ele>0</ele>
    <time>2026-06-27T16:47:04Z</time>
    <name>Cyclo Service (289 Rue Saint-Paul, Québec, QC G1K 3W6)</name>
    <cmt>Cyclo Service&lt;br&gt;&lt;br&gt;289 Rue Saint-Paul, Québec, QC G1K 3W6&lt;br&gt;&lt;br&gt;Approved Bike Shop #106</cmt>
    <desc>Cyclo Service&lt;br&gt;&lt;br&gt;289 Rue Saint-Paul, Québec, QC G1K 3W6&lt;br&gt;&lt;br&gt;Approved Bike Shop #106</desc>
    <sym>Bike Trail</sym>
    <type>user</type>
    <extensions>
      <gpxx:WaypointExtension>
        <gpxx:DisplayMode>SymbolAndName</gpxx:DisplayMode>
      </gpxx:WaypointExtension>
      <wptx1:WaypointExtension>
        <wptx1:DisplayMode>SymbolAndName</wptx1:DisplayMode>
      </wptx1:WaypointExtension>
      <ctx:CreationTimeExtension>
        <ctx:CreationTime>2026-06-27T16:47:04Z</ctx:CreationTime>
      </ctx:CreationTimeExtension>
    </extensions>
  </wpt>

  <wpt lat="45.698318481445313" lon="-73.920736312866211">
    <ele>0</ele>
    <time>2026-06-27T16:47:04Z</time>
    <name>Cyclosphère Sport (13376 boulevard du, Bd du Curé-Labelle, Mirabel, QC J7J 1G9)</name>
    <cmt>Cyclosphère Sport&lt;br&gt;&lt;br&gt;13376 boulevard du, Bd du Curé-Labelle, Mirabel, QC J7J 1G9&lt;br&gt;&lt;br&gt;+14504308356&lt;br&gt;&lt;br&gt;Approved Bike Shop #65</cmt>
    <desc>Cyclosphère Sport&lt;br&gt;&lt;br&gt;13376 boulevard du, Bd du Curé-Labelle, Mirabel, QC J7J 1G9&lt;br&gt;&lt;br&gt;+14504308356&lt;br&gt;&lt;br&gt;Approved Bike Shop #65</desc>
    <sym>Bike Trail</sym>
    <type>user</type>
    <extensions>
      <gpxx:WaypointExtension>
        <gpxx:DisplayMode>SymbolAndName</gpxx:DisplayMode>
      </gpxx:WaypointExtension>
      <wptx1:WaypointExtension>
        <wptx1:DisplayMode>SymbolAndName</wptx1:DisplayMode>
      </wptx1:WaypointExtension>
      <ctx:CreationTimeExtension>
        <ctx:CreationTime>2026-06-27T16:47:04Z</ctx:CreationTime>
      </ctx:CreationTimeExtension>
    </extensions>
  </wpt>

  <wpt lat="49.315527202561498" lon="-117.6642544940114">
    <ele>0</ele>
    <time>2026-06-27T16:47:04Z</time>
    <name>Cycology Bikes Inc. (926 Columbia Ave, Castlegar, BC V1N 1H2)</name>
    <cmt>Cycology Bikes&lt;br&gt;&lt;br&gt;926 Columbia Ave, Castlegar, BC V1N 1H2&lt;br&gt;&lt;br&gt;Approved Bike Shop #108</cmt>
    <desc>Cycology Bikes&lt;br&gt;&lt;br&gt;926 Columbia Ave, Castlegar, BC V1N 1H2&lt;br&gt;&lt;br&gt;Approved Bike Shop #108</desc>
    <sym>Bike Trail</sym>
    <type>user</type>
    <extensions>
      <gpxx:WaypointExtension>
        <gpxx:DisplayMode>SymbolAndName</gpxx:DisplayMode>
      </gpxx:WaypointExtension>
      <wptx1:WaypointExtension>
        <wptx1:DisplayMode>SymbolAndName</wptx1:DisplayMode>
      </wptx1:WaypointExtension>
      <ctx:CreationTimeExtension>
        <ctx:CreationTime>2026-06-27T16:47:04Z</ctx:CreationTime>
      </ctx:CreationTimeExtension>
    </extensions>
  </wpt>

  <wpt lat="45.412193583324552" lon="-75.681858407333493">
    <ele>0</ele>
    <time>2026-06-27T16:47:04Z</time>
    <name>Cyco’s (25 Hawthorne Ave, Ottawa, ON K1S 0A9)</name>
    <cmt>Cyco’s&lt;br&gt;&lt;br&gt;25 Hawthorne Ave, Ottawa, ON K1S 0A9&lt;br&gt;&lt;br&gt;Approved Bike Shop #107</cmt>
    <desc>Cyco’s&lt;br&gt;&lt;br&gt;25 Hawthorne Ave, Ottawa, ON K1S 0A9&lt;br&gt;&lt;br&gt;Approved Bike Shop #107</desc>
    <sym>Bike Trail</sym>
    <type>user</type>
    <extensions>
      <gpxx:WaypointExtension>
        <gpxx:DisplayMode>SymbolAndName</gpxx:DisplayMode>
      </gpxx:WaypointExtension>
      <wptx1:WaypointExtension>
        <wptx1:DisplayMode>SymbolAndName</wptx1:DisplayMode>
      </wptx1:WaypointExtension>
      <ctx:CreationTimeExtension>
        <ctx:CreationTime>2026-06-27T16:47:04Z</ctx:CreationTime>
      </ctx:CreationTimeExtension>
    </extensions>
  </wpt>

  <wpt lat="49.032497406005859" lon="-119.46973093785346">
    <ele>0</ele>
    <time>2026-06-27T16:47:04Z</time>
    <name>Double o Bikes (8905 Main St, Osoyoos, BC V0H 1V0)</name>
    <cmt>Double o Bikes&lt;br&gt;&lt;br&gt;8905 Main St, Osoyoos, BC V0H 1V0&lt;br&gt;&lt;br&gt;Approved Bike Shop #109</cmt>
    <desc>Double o Bikes&lt;br&gt;&lt;br&gt;8905 Main St, Osoyoos, BC V0H 1V0&lt;br&gt;&lt;br&gt;Approved Bike Shop #109</desc>
    <sym>Bike Trail</sym>
    <type>user</type>
    <extensions>
      <gpxx:WaypointExtension>
        <gpxx:DisplayMode>SymbolAndName</gpxx:DisplayMode>
      </gpxx:WaypointExtension>
      <wptx1:WaypointExtension>
        <wptx1:DisplayMode>SymbolAndName</wptx1:DisplayMode>
      </wptx1:WaypointExtension>
      <ctx:CreationTimeExtension>
        <ctx:CreationTime>2026-06-27T16:47:04Z</ctx:CreationTime>
      </ctx:CreationTimeExtension>
    </extensions>
  </wpt>

  <wpt lat="44.174337526783347" lon="-77.400360200554132">
    <ele>0</ele>
    <time>2026-06-27T16:47:04Z</time>
    <name>Doug's Bicycle Sales &amp; Service (159 College St W, Belleville, ON K8P 2G7)</name>
    <cmt>Doug's Bicycle Sales &amp; Service&lt;br&gt;&lt;br&gt;159 College St W, Belleville, ON K8P 2G7&lt;br&gt;&lt;br&gt;+16139669161&lt;br&gt;&lt;br&gt;Approved Bicycle Shop #30</cmt>
    <desc>Doug's Bicycle Sales &amp; Service&lt;br&gt;&lt;br&gt;159 College St W, Belleville, ON K8P 2G7&lt;br&gt;&lt;br&gt;+16139669161&lt;br&gt;&lt;br&gt;Approved Bicycle Shop #30</desc>
    <sym>Bike Trail</sym>
    <type>user</type>
    <extensions>
      <gpxx:WaypointExtension>
        <gpxx:DisplayMode>SymbolAndName</gpxx:DisplayMode>
      </gpxx:WaypointExtension>
      <wptx1:WaypointExtension>
        <wptx1:DisplayMode>SymbolAndName</wptx1:DisplayMode>
      </wptx1:WaypointExtension>
      <ctx:CreationTimeExtension>
        <ctx:CreationTime>2026-06-27T16:47:04Z</ctx:CreationTime>
      </ctx:CreationTimeExtension>
    </extensions>
  </wpt>

  <wpt lat="45.462293727323413" lon="-75.547892125323415">
    <ele>0</ele>
    <time>2026-06-27T16:47:04Z</time>
    <name>Dr. Cycle Service (By appointment only)</name>
    <cmt>(By Appointment only)&lt;br&gt;&lt;br&gt;1803 St Joseph Blvd Unit 115, Ottawa, ON K1C 6E7&lt;br&gt;&lt;br&gt;+16132528627&lt;br&gt;&lt;br&gt;Approved Bike Shop #56</cmt>
    <desc>(By Appointment only)&lt;br&gt;&lt;br&gt;1803 St Joseph Blvd Unit 115, Ottawa, ON K1C 6E7&lt;br&gt;&lt;br&gt;+16132528627&lt;br&gt;&lt;br&gt;Approved Bike Shop #56</desc>
    <sym>Bike Trail</sym>
    <type>user</type>
    <extensions>
      <gpxx:WaypointExtension>
        <gpxx:DisplayMode>SymbolAndName</gpxx:DisplayMode>
      </gpxx:WaypointExtension>
      <wptx1:WaypointExtension>
        <wptx1:DisplayMode>SymbolAndName</wptx1:DisplayMode>
      </wptx1:WaypointExtension>
      <ctx:CreationTimeExtension>
        <ctx:CreationTime>2026-06-27T16:47:04Z</ctx:CreationTime>
      </ctx:CreationTimeExtension>
    </extensions>
  </wpt>

  <wpt lat="43.638210296630859" lon="-79.390382766723633">
    <ele>0</ele>
    <time>2026-06-27T16:47:04Z</time>
    <name>Dream Cyclery (390 Queens Quay W #111, Toronto, ON M5V 3A6)</name>
    <cmt>Dream Cyclery&lt;br&gt;&lt;br&gt;390 Queens Quay W #111, Toronto, ON M5V 3A6&lt;br&gt;&lt;br&gt;Approved Bike Shop #68</cmt>
    <desc>Dream Cyclery&lt;br&gt;&lt;br&gt;390 Queens Quay W #111, Toronto, ON M5V 3A6&lt;br&gt;&lt;br&gt;Approved Bike Shop #68</desc>
    <sym>Bike Trail</sym>
    <type>user</type>
    <extensions>
      <gpxx:WaypointExtension>
        <gpxx:DisplayMode>SymbolAndName</gpxx:DisplayMode>
      </gpxx:WaypointExtension>
      <wptx1:WaypointExtension>
        <wptx1:DisplayMode>SymbolAndName</wptx1:DisplayMode>
      </wptx1:WaypointExtension>
      <ctx:CreationTimeExtension>
        <ctx:CreationTime>2026-06-27T16:47:04Z</ctx:CreationTime>
      </ctx:CreationTimeExtension>
    </extensions>
  </wpt>

  <wpt lat="50.457651615142822" lon="-104.61406946182251">
    <ele>0</ele>
    <time>2026-06-27T16:47:04Z</time>
    <name>Dutch Cycle Repair (1336 Lorne St, Regina, SK S4R 2K1)</name>
    <cmt>Dutch Cycle Repair&lt;br&gt;&lt;br&gt;1336 Lorne St, Regina, SK S4R 2K1&lt;br&gt;&lt;br&gt;Approved Bike Shop #110</cmt>
    <desc>Dutch Cycle Repair&lt;br&gt;&lt;br&gt;1336 Lorne St, Regina, SK S4R 2K1&lt;br&gt;&lt;br&gt;Approved Bike Shop #110</desc>
    <sym>Bike Trail</sym>
    <type>user</type>
    <extensions>
      <gpxx:WaypointExtension>
        <gpxx:DisplayMode>SymbolAndName</gpxx:DisplayMode>
      </gpxx:WaypointExtension>
      <wptx1:WaypointExtension>
        <wptx1:DisplayMode>SymbolAndName</wptx1:DisplayMode>
      </wptx1:WaypointExtension>
      <ctx:CreationTimeExtension>
        <ctx:CreationTime>2026-06-27T16:47:04Z</ctx:CreationTime>
      </ctx:CreationTimeExtension>
    </extensions>
  </wpt>

  <wpt lat="45.486766202375293" lon="-73.569422923028469">
    <ele>0</ele>
    <time>2026-06-27T16:47:04Z</time>
    <name>E2-Sport (1950 Notre-Dame St W, Montreal, Quebec H3J 1M8)</name>
    <cmt>E2-Sport&lt;br&gt;&lt;br&gt;1950 Notre-Dame St W, Montreal, Quebec H3J 1M8&lt;br&gt;&lt;br&gt;Approved Bike Shop #111</cmt>
    <desc>E2-Sport&lt;br&gt;&lt;br&gt;1950 Notre-Dame St W, Montreal, Quebec H3J 1M8&lt;br&gt;&lt;br&gt;Approved Bike Shop #111</desc>
    <sym>Bike Trail</sym>
    <type>user</type>
    <extensions>
      <gpxx:WaypointExtension>
        <gpxx:DisplayMode>SymbolAndName</gpxx:DisplayMode>
      </gpxx:WaypointExtension>
      <wptx1:WaypointExtension>
        <wptx1:DisplayMode>SymbolAndName</wptx1:DisplayMode>
      </wptx1:WaypointExtension>
      <ctx:CreationTimeExtension>
        <ctx:CreationTime>2026-06-27T16:47:04Z</ctx:CreationTime>
      </ctx:CreationTimeExtension>
    </extensions>
  </wpt>

  <wpt lat="48.780219638720155" lon="-123.69839429855347">
    <ele>0</ele>
    <time>2026-06-27T16:47:04Z</time>
    <name>Experience Cycling (482 Trans-Canada Hwy, Duncan, BC V9L 3R6)</name>
    <cmt>Experience Cycling&lt;br&gt;&lt;br&gt;482 Trans-Canada Hwy, Duncan, BC V9L 3R6&lt;br&gt;&lt;br&gt;Approved Bike Shop #112</cmt>
    <desc>Experience Cycling&lt;br&gt;&lt;br&gt;482 Trans-Canada Hwy, Duncan, BC V9L 3R6&lt;br&gt;&lt;br&gt;Approved Bike Shop #112</desc>
    <sym>Bike Trail</sym>
    <type>user</type>
    <extensions>
      <gpxx:WaypointExtension>
        <gpxx:DisplayMode>SymbolAndName</gpxx:DisplayMode>
      </gpxx:WaypointExtension>
      <wptx1:WaypointExtension>
        <wptx1:DisplayMode>SymbolAndName</wptx1:DisplayMode>
      </wptx1:WaypointExtension>
      <ctx:CreationTimeExtension>
        <ctx:CreationTime>2026-06-27T16:47:04Z</ctx:CreationTime>
      </ctx:CreationTimeExtension>
    </extensions>
  </wpt>

  <wpt lat="48.41500997543335" lon="-123.34904193878174">
    <ele>0</ele>
    <time>2026-06-27T16:47:04Z</time>
    <name>Fairfield Bike Shop (390 Moss St, Victoria, BC V8V 4N1)</name>
    <cmt>Fairfield Bike Shop&lt;br&gt;&lt;br&gt;390 Moss St, Victoria, BC V8V 4N1&lt;br&gt;&lt;br&gt;+12503812453&lt;br&gt;&lt;br&gt;Approved Bike Shop #47</cmt>
    <desc>Fairfield Bike Shop&lt;br&gt;&lt;br&gt;390 Moss St, Victoria, BC V8V 4N1&lt;br&gt;&lt;br&gt;+12503812453&lt;br&gt;&lt;br&gt;Approved Bike Shop #47</desc>
    <sym>Bike Trail</sym>
    <type>user</type>
    <extensions>
      <gpxx:WaypointExtension>
        <gpxx:DisplayMode>SymbolAndName</gpxx:DisplayMode>
      </gpxx:WaypointExtension>
      <wptx1:WaypointExtension>
        <wptx1:DisplayMode>SymbolAndName</wptx1:DisplayMode>
      </wptx1:WaypointExtension>
      <ctx:CreationTimeExtension>
        <ctx:CreationTime>2026-06-27T16:47:04Z</ctx:CreationTime>
      </ctx:CreationTimeExtension>
    </extensions>
  </wpt>

  <wpt lat="43.645038781687617" lon="-79.428173834457994">
    <ele>0</ele>
    <time>2026-06-27T16:47:04Z</time>
    <name>Fix Coffee + Bikes (80 Gladstone Ave, Toronto, ON M6J 3K9)</name>
    <cmt>Fix Coffee + Bikes&lt;br&gt;&lt;br&gt;80 Gladstone Ave, Toronto, ON M6J 3K9&lt;br&gt;&lt;br&gt;+14165464349&lt;br&gt;&lt;br&gt;Approved Bike Shop #45</cmt>
    <desc>Fix Coffee + Bikes&lt;br&gt;&lt;br&gt;80 Gladstone Ave, Toronto, ON M6J 3K9&lt;br&gt;&lt;br&gt;+14165464349&lt;br&gt;&lt;br&gt;Approved Bike Shop #45</desc>
    <sym>Bike Trail</sym>
    <type>user</type>
    <extensions>
      <gpxx:WaypointExtension>
        <gpxx:DisplayMode>SymbolAndName</gpxx:DisplayMode>
      </gpxx:WaypointExtension>
      <wptx1:WaypointExtension>
        <wptx1:DisplayMode>SymbolAndName</wptx1:DisplayMode>
      </wptx1:WaypointExtension>
      <ctx:CreationTimeExtension>
        <ctx:CreationTime>2026-06-27T16:47:04Z</ctx:CreationTime>
      </ctx:CreationTimeExtension>
    </extensions>
  </wpt>

  <wpt lat="43.487169658765197" lon="-79.982421398162842">
    <ele>0</ele>
    <time>2026-06-27T16:47:04Z</time>
    <name>Flying Monkey Bike Shop &amp; Coffee Bar (6 Main St N, Campbellville, ON L0P 1B0)</name>
    <cmt>Flying Monkey Bike Shop &amp; Coffee Bar&lt;br&gt;&lt;br&gt;6 Main St N, Campbellville, ON L0P 1B0&lt;br&gt;&lt;br&gt;Approved Bike Shop #44&lt;br&gt;&lt;br&gt;+12894580202</cmt>
    <desc>Flying Monkey Bike Shop &amp; Coffee Bar&lt;br&gt;&lt;br&gt;6 Main St N, Campbellville, ON L0P 1B0&lt;br&gt;&lt;br&gt;Approved Bike Shop #44&lt;br&gt;&lt;br&gt;+12894580202</desc>
    <sym>Bike Trail</sym>
    <type>user</type>
    <extensions>
      <gpxx:WaypointExtension>
        <gpxx:DisplayMode>SymbolAndName</gpxx:DisplayMode>
      </gpxx:WaypointExtension>
      <wptx1:WaypointExtension>
        <wptx1:DisplayMode>SymbolAndName</wptx1:DisplayMode>
      </wptx1:WaypointExtension>
      <ctx:CreationTimeExtension>
        <ctx:CreationTime>2026-06-27T16:47:04Z</ctx:CreationTime>
      </ctx:CreationTimeExtension>
    </extensions>
  </wpt>

  <wpt lat="44.563318435102701" lon="-80.989228030666709">
    <ele>0</ele>
    <time>2026-06-27T16:47:04Z</time>
    <name>Forks Bicycle Shop (121 Jason St, Owen Sound, ON N4K 5N7)</name>
    <cmt>Forks Bicycle Shop&lt;br&gt;&lt;br&gt;121 Jason St, Owen Sound, ON N4K 5N7&lt;br&gt;&lt;br&gt;+15193717800&lt;br&gt;&lt;br&gt;Approved Bike Shop #60</cmt>
    <desc>Forks Bicycle Shop&lt;br&gt;&lt;br&gt;121 Jason St, Owen Sound, ON N4K 5N7&lt;br&gt;&lt;br&gt;+15193717800&lt;br&gt;&lt;br&gt;Approved Bike Shop #60</desc>
    <sym>Bike Trail</sym>
    <type>user</type>
    <extensions>
      <gpxx:WaypointExtension>
        <gpxx:DisplayMode>SymbolAndName</gpxx:DisplayMode>
      </gpxx:WaypointExtension>
      <wptx1:WaypointExtension>
        <wptx1:DisplayMode>SymbolAndName</wptx1:DisplayMode>
      </wptx1:WaypointExtension>
      <ctx:CreationTimeExtension>
        <ctx:CreationTime>2026-06-27T16:47:04Z</ctx:CreationTime>
      </ctx:CreationTimeExtension>
    </extensions>
  </wpt>

  <wpt lat="48.423485839739442" lon="-123.35580110549927">
    <ele>0</ele>
    <time>2026-06-27T16:47:04Z</time>
    <name>Fort Street Cycle (1025 Fort Street, Victoria, BC V8V 3K5)</name>
    <cmt>Fort Street Cycle&lt;br&gt;&lt;br&gt;1025 Fort Street, Victoria, BC V8V 3K5&lt;br&gt;&lt;br&gt;+12503846665&lt;br&gt;&lt;br&gt;Approved Bike Shop #43</cmt>
    <desc>Fort Street Cycle&lt;br&gt;&lt;br&gt;1025 Fort Street, Victoria, BC V8V 3K5&lt;br&gt;&lt;br&gt;+12503846665&lt;br&gt;&lt;br&gt;Approved Bike Shop #43</desc>
    <sym>Bike Trail</sym>
    <type>user</type>
    <extensions>
      <gpxx:WaypointExtension>
        <gpxx:DisplayMode>SymbolAndName</gpxx:DisplayMode>
      </gpxx:WaypointExtension>
      <wptx1:WaypointExtension>
        <wptx1:DisplayMode>SymbolAndName</wptx1:DisplayMode>
      </wptx1:WaypointExtension>
      <ctx:CreationTimeExtension>
        <ctx:CreationTime>2026-06-27T16:47:04Z</ctx:CreationTime>
      </ctx:CreationTimeExtension>
    </extensions>
  </wpt>

  <wpt lat="46.139850988984108" lon="-60.192907266318798">
    <ele>0</ele>
    <time>2026-06-27T16:47:04Z</time>
    <name>Framework Cycle &amp; Fitness (333 George St, Sydney, NS B1P 1J7)</name>
    <cmt>Framework Cycle &amp; Fitness&lt;br&gt;&lt;br&gt;333 George St, Sydney, NS B1P 1J7&lt;br&gt;&lt;br&gt;+19025671909</cmt>
    <desc>Framework Cycle &amp; Fitness&lt;br&gt;&lt;br&gt;333 George St, Sydney, NS B1P 1J7&lt;br&gt;&lt;br&gt;+19025671909</desc>
    <sym>Bike Trail</sym>
    <type>user</type>
    <extensions>
      <gpxx:WaypointExtension>
        <gpxx:DisplayMode>SymbolAndName</gpxx:DisplayMode>
      </gpxx:WaypointExtension>
      <wptx1:WaypointExtension>
        <wptx1:DisplayMode>SymbolAndName</wptx1:DisplayMode>
      </wptx1:WaypointExtension>
      <ctx:CreationTimeExtension>
        <ctx:CreationTime>2026-06-27T16:47:04Z</ctx:CreationTime>
      </ctx:CreationTimeExtension>
    </extensions>
  </wpt>

  <wpt lat="49.495317935943604" lon="-119.59075212478638">
    <ele>0</ele>
    <time>2026-06-27T16:47:04Z</time>
    <name>Freedom Bikes (533 Main St, Penticton, BC V2A 5C6)</name>
    <cmt>Freedom Bikes&lt;br&gt;&lt;br&gt;533 Main St, Penticton, BC V2A 5C6&lt;br&gt;&lt;br&gt;Approved Bike Shop #113</cmt>
    <desc>Freedom Bikes&lt;br&gt;&lt;br&gt;533 Main St, Penticton, BC V2A 5C6&lt;br&gt;&lt;br&gt;Approved Bike Shop #113</desc>
    <sym>Bike Trail</sym>
    <type>user</type>
    <extensions>
      <gpxx:WaypointExtension>
        <gpxx:DisplayMode>SymbolAndName</gpxx:DisplayMode>
      </gpxx:WaypointExtension>
      <wptx1:WaypointExtension>
        <wptx1:DisplayMode>SymbolAndName</wptx1:DisplayMode>
      </wptx1:WaypointExtension>
      <ctx:CreationTimeExtension>
        <ctx:CreationTime>2026-06-27T16:47:04Z</ctx:CreationTime>
      </ctx:CreationTimeExtension>
    </extensions>
  </wpt>

  <wpt lat="47.565591931343079" lon="-52.705279570072889">
    <ele>0</ele>
    <time>2026-06-27T16:47:04Z</time>
    <name>Freeride Mountain Sports (153 Water St, St. John's, NL A1C 1B1)</name>
    <cmt>Freeride Mountain Sports&lt;br&gt;&lt;br&gt;153 Water St, St. John's, NL A1C 1B1&lt;br&gt;&lt;br&gt;Approved Bike Shop #114</cmt>
    <desc>Freeride Mountain Sports&lt;br&gt;&lt;br&gt;153 Water St, St. John's, NL A1C 1B1&lt;br&gt;&lt;br&gt;Approved Bike Shop #114</desc>
    <sym>Bike Trail</sym>
    <type>user</type>
    <extensions>
      <gpxx:WaypointExtension>
        <gpxx:DisplayMode>SymbolAndName</gpxx:DisplayMode>
      </gpxx:WaypointExtension>
      <wptx1:WaypointExtension>
        <wptx1:DisplayMode>SymbolAndName</wptx1:DisplayMode>
      </wptx1:WaypointExtension>
      <ctx:CreationTimeExtension>
        <ctx:CreationTime>2026-06-27T16:47:04Z</ctx:CreationTime>
      </ctx:CreationTimeExtension>
    </extensions>
  </wpt>

  <wpt lat="48.395453738048673" lon="-89.258043821901083">
    <ele>0</ele>
    <time>2026-06-27T16:47:04Z</time>
    <name>Fresh Air - Thunder Bay (Outdoor Store - does bike repairs)</name>
    <cmt>710 Balmoral St, Thunder Bay, ON P7C 5V3</cmt>
    <desc>710 Balmoral St, Thunder Bay, ON P7C 5V3</desc>
    <sym>Bike Trail</sym>
    <type>user</type>
    <extensions>
      <gpxx:WaypointExtension>
        <gpxx:DisplayMode>SymbolAndName</gpxx:DisplayMode>
      </gpxx:WaypointExtension>
      <wptx1:WaypointExtension>
        <wptx1:DisplayMode>SymbolAndName</wptx1:DisplayMode>
      </wptx1:WaypointExtension>
      <ctx:CreationTimeExtension>
        <ctx:CreationTime>2026-06-27T16:47:04Z</ctx:CreationTime>
      </ctx:CreationTimeExtension>
    </extensions>
  </wpt>

  <wpt lat="48.390026623383164" lon="-123.67867302149534">
    <ele>0</ele>
    <time>2026-06-27T16:47:04Z</time>
    <name>Fuca Cycles (5871 Sooke Rd, Sooke, BC V9Z 0C3)</name>
    <cmt>Fuca Cycles&lt;br&gt;&lt;br&gt;5871 Sooke Rd, Sooke, BC V9Z 0C3&lt;br&gt;&lt;br&gt;+17786772069&lt;br&gt;&lt;br&gt;Approved Bike Shop #74</cmt>
    <desc>Fuca Cycles&lt;br&gt;&lt;br&gt;5871 Sooke Rd, Sooke, BC V9Z 0C3&lt;br&gt;&lt;br&gt;+17786772069&lt;br&gt;&lt;br&gt;Approved Bike Shop #74</desc>
    <sym>Bike Trail</sym>
    <type>user</type>
    <extensions>
      <gpxx:WaypointExtension>
        <gpxx:DisplayMode>SymbolAndName</gpxx:DisplayMode>
      </gpxx:WaypointExtension>
      <wptx1:WaypointExtension>
        <wptx1:DisplayMode>SymbolAndName</wptx1:DisplayMode>
      </wptx1:WaypointExtension>
      <ctx:CreationTimeExtension>
        <ctx:CreationTime>2026-06-27T16:47:04Z</ctx:CreationTime>
      </ctx:CreationTimeExtension>
    </extensions>
  </wpt>

  <wpt lat="45.889957034960389" lon="-77.262446880340576">
    <ele>0</ele>
    <time>2026-06-27T16:47:04Z</time>
    <name>Gearheads (3067 Petawawa Blvd, Petawawa, ON K8H 1X9)</name>
    <cmt>Gearheads&lt;br&gt;&lt;br&gt;3067 Petawawa Blvd, Petawawa, ON K8H 1X9&lt;br&gt;&lt;br&gt;Approved Bike Shop #115</cmt>
    <desc>Gearheads&lt;br&gt;&lt;br&gt;3067 Petawawa Blvd, Petawawa, ON K8H 1X9&lt;br&gt;&lt;br&gt;Approved Bike Shop #115</desc>
    <sym>Bike Trail</sym>
    <type>user</type>
    <extensions>
      <gpxx:WaypointExtension>
        <gpxx:DisplayMode>SymbolAndName</gpxx:DisplayMode>
      </gpxx:WaypointExtension>
      <wptx1:WaypointExtension>
        <wptx1:DisplayMode>SymbolAndName</wptx1:DisplayMode>
      </wptx1:WaypointExtension>
      <ctx:CreationTimeExtension>
        <ctx:CreationTime>2026-06-27T16:47:04Z</ctx:CreationTime>
      </ctx:CreationTimeExtension>
    </extensions>
  </wpt>

  <wpt lat="49.502077102661133" lon="-115.06163843907416">
    <ele>0</ele>
    <time>2026-06-27T16:47:04Z</time>
    <name>Gearhub Sports (401 1st Ave, Fernie, BC V0B 1M0)</name>
    <cmt>Gearhub Sports&lt;br&gt;&lt;br&gt;401 1st Ave, Fernie, BC V0B 1M0&lt;br&gt;&lt;br&gt;Approved Bike Shop #116</cmt>
    <desc>Gearhub Sports&lt;br&gt;&lt;br&gt;401 1st Ave, Fernie, BC V0B 1M0&lt;br&gt;&lt;br&gt;Approved Bike Shop #116</desc>
    <sym>Bike Trail</sym>
    <type>user</type>
    <extensions>
      <gpxx:WaypointExtension>
        <gpxx:DisplayMode>SymbolAndName</gpxx:DisplayMode>
      </gpxx:WaypointExtension>
      <wptx1:WaypointExtension>
        <wptx1:DisplayMode>SymbolAndName</wptx1:DisplayMode>
      </wptx1:WaypointExtension>
      <ctx:CreationTimeExtension>
        <ctx:CreationTime>2026-06-27T16:47:04Z</ctx:CreationTime>
      </ctx:CreationTimeExtension>
    </extensions>
  </wpt>

  <wpt lat="43.54800215922296" lon="-79.589874660596251">
    <ele>0</ele>
    <time>2026-06-27T16:47:04Z</time>
    <name>GEARS Bike Shop Mississauga (176 Lakeshore Rd W, Mississauga, ON L5H 1G4)</name>
    <cmt>176 Lakeshore Rd W, Mississauga, ON L5H 1G4&lt;br&gt;&lt;br&gt;+19052712400&lt;br&gt;&lt;br&gt;Approved Bicycle Shop #10</cmt>
    <desc>176 Lakeshore Rd W, Mississauga, ON L5H 1G4&lt;br&gt;&lt;br&gt;+19052712400&lt;br&gt;&lt;br&gt;Approved Bicycle Shop #10</desc>
    <sym>Bike Trail</sym>
    <type>user</type>
    <extensions>
      <gpxx:WaypointExtension>
        <gpxx:DisplayMode>SymbolAndName</gpxx:DisplayMode>
      </gpxx:WaypointExtension>
      <wptx1:WaypointExtension>
        <wptx1:DisplayMode>SymbolAndName</wptx1:DisplayMode>
      </wptx1:WaypointExtension>
      <ctx:CreationTimeExtension>
        <ctx:CreationTime>2026-06-27T16:47:04Z</ctx:CreationTime>
      </ctx:CreationTimeExtension>
    </extensions>
  </wpt>

  <wpt lat="43.656854163855314" lon="-79.355881679803133">
    <ele>0</ele>
    <time>2026-06-27T16:47:04Z</time>
    <name>Gears Bike Shop Toronto (599 King St E, Toronto, ON M5A 0E9)</name>
    <cmt>Gears Bike Shop Toronto&lt;br&gt;&lt;br&gt;599 King St E, Toronto, ON M5A 0E9&lt;br&gt;&lt;br&gt;+14168554327&lt;br&gt;&lt;br&gt;Approved Bike Shop #59</cmt>
    <desc>Gears Bike Shop Toronto&lt;br&gt;&lt;br&gt;599 King St E, Toronto, ON M5A 0E9&lt;br&gt;&lt;br&gt;+14168554327&lt;br&gt;&lt;br&gt;Approved Bike Shop #59</desc>
    <sym>Bike Trail</sym>
    <type>user</type>
    <extensions>
      <gpxx:WaypointExtension>
        <gpxx:DisplayMode>SymbolAndName</gpxx:DisplayMode>
      </gpxx:WaypointExtension>
      <wptx1:WaypointExtension>
        <wptx1:DisplayMode>SymbolAndName</wptx1:DisplayMode>
      </wptx1:WaypointExtension>
      <ctx:CreationTimeExtension>
        <ctx:CreationTime>2026-06-27T16:47:04Z</ctx:CreationTime>
      </ctx:CreationTimeExtension>
    </extensions>
  </wpt>

  <wpt lat="49.492936134338379" lon="-117.2910475730896">
    <ele>0</ele>
    <time>2026-06-27T16:47:04Z</time>
    <name>Gerick Cycle &amp; Ski (702 Baker St, Nelson, BC V1L 4J6)</name>
    <cmt>Gerick Cycle &amp; Ski&lt;br&gt;&lt;br&gt;702 Baker St, Nelson, BC V1L 4J6&lt;br&gt;&lt;br&gt;Approved Bike Shop #117</cmt>
    <desc>Gerick Cycle &amp; Ski&lt;br&gt;&lt;br&gt;702 Baker St, Nelson, BC V1L 4J6&lt;br&gt;&lt;br&gt;Approved Bike Shop #117</desc>
    <sym>Bike Trail</sym>
    <type>user</type>
    <extensions>
      <gpxx:WaypointExtension>
        <gpxx:DisplayMode>SymbolAndName</gpxx:DisplayMode>
      </gpxx:WaypointExtension>
      <wptx1:WaypointExtension>
        <wptx1:DisplayMode>SymbolAndName</wptx1:DisplayMode>
      </wptx1:WaypointExtension>
      <ctx:CreationTimeExtension>
        <ctx:CreationTime>2026-06-27T16:47:04Z</ctx:CreationTime>
      </ctx:CreationTimeExtension>
    </extensions>
  </wpt>

  <wpt lat="49.515745304524899" lon="-115.76387646608055">
    <ele>0</ele>
    <time>2026-06-27T16:47:04Z</time>
    <name>Gerick Sports (320 Cranbrook Street North, Cranbrook, BC V1C 3R3)</name>
    <cmt>Gerick Sports&lt;br&gt;&lt;br&gt;320 Cranbrook Street North, Cranbrook, BC V1C 3R3&lt;br&gt;&lt;br&gt;Approved Bike Shop #118</cmt>
    <desc>Gerick Sports&lt;br&gt;&lt;br&gt;320 Cranbrook Street North, Cranbrook, BC V1C 3R3&lt;br&gt;&lt;br&gt;Approved Bike Shop #118</desc>
    <sym>Bike Trail</sym>
    <type>user</type>
    <extensions>
      <gpxx:WaypointExtension>
        <gpxx:DisplayMode>SymbolAndName</gpxx:DisplayMode>
      </gpxx:WaypointExtension>
      <wptx1:WaypointExtension>
        <wptx1:DisplayMode>SymbolAndName</wptx1:DisplayMode>
      </wptx1:WaypointExtension>
      <ctx:CreationTimeExtension>
        <ctx:CreationTime>2026-06-27T16:47:04Z</ctx:CreationTime>
      </ctx:CreationTimeExtension>
    </extensions>
  </wpt>

  <wpt lat="49.119200818240643" lon="-122.65946586616337">
    <ele>0</ele>
    <time>2026-06-27T16:47:04Z</time>
    <name>Giant Langley (118-20353 64 Ave, Langley, BC V2Y 1N5)</name>
    <cmt>Giant Langley&lt;br&gt;&lt;br&gt;118-20353 64 Ave, Langley, BC V2Y 1N5&lt;br&gt;&lt;br&gt;+16045343993&lt;br&gt;&lt;br&gt;Approved Bike Shop #54</cmt>
    <desc>Giant Langley&lt;br&gt;&lt;br&gt;118-20353 64 Ave, Langley, BC V2Y 1N5&lt;br&gt;&lt;br&gt;+16045343993&lt;br&gt;&lt;br&gt;Approved Bike Shop #54</desc>
    <sym>Bike Trail</sym>
    <type>user</type>
    <extensions>
      <gpxx:WaypointExtension>
        <gpxx:DisplayMode>SymbolAndName</gpxx:DisplayMode>
      </gpxx:WaypointExtension>
      <wptx1:WaypointExtension>
        <wptx1:DisplayMode>SymbolAndName</wptx1:DisplayMode>
      </wptx1:WaypointExtension>
      <ctx:CreationTimeExtension>
        <ctx:CreationTime>2026-06-27T16:47:04Z</ctx:CreationTime>
      </ctx:CreationTimeExtension>
    </extensions>
  </wpt>

  <wpt lat="48.42631439678371" lon="-123.36610372178257">
    <ele>0</ele>
    <time>2026-06-27T16:47:04Z</time>
    <name>Giant Victoria (631 Yates St, Victoria, BC V8W 1L2)</name>
    <cmt>631 Yates St, Victoria, BC V8W 1L2&lt;br&gt;&lt;br&gt;+17782656646&lt;br&gt;&lt;br&gt;Approved Bicycle Shop #19</cmt>
    <desc>631 Yates St, Victoria, BC V8W 1L2&lt;br&gt;&lt;br&gt;+17782656646&lt;br&gt;&lt;br&gt;Approved Bicycle Shop #19</desc>
    <sym>Bike Trail</sym>
    <type>user</type>
    <extensions>
      <gpxx:WaypointExtension>
        <gpxx:DisplayMode>SymbolAndName</gpxx:DisplayMode>
      </gpxx:WaypointExtension>
      <wptx1:WaypointExtension>
        <wptx1:DisplayMode>SymbolAndName</wptx1:DisplayMode>
      </wptx1:WaypointExtension>
      <ctx:CreationTimeExtension>
        <ctx:CreationTime>2026-06-27T16:47:04Z</ctx:CreationTime>
      </ctx:CreationTimeExtension>
    </extensions>
  </wpt>

  <wpt lat="48.44726094044745" lon="-123.49431037902832">
    <ele>0</ele>
    <time>2026-06-27T16:47:04Z</time>
    <name>Goldstream Bikes (694 Goldstream Ave unit 116, Victoria, BC V9B 2X1)</name>
    <cmt>Goldstream Bikes&lt;br&gt;&lt;br&gt;694 Goldstream Ave unit 116, Victoria, BC V9B 2X1&lt;br&gt;&lt;br&gt;+12504741948&lt;br&gt;&lt;br&gt;Approved Bicycle Shop #35</cmt>
    <desc>Goldstream Bikes&lt;br&gt;&lt;br&gt;694 Goldstream Ave unit 116, Victoria, BC V9B 2X1&lt;br&gt;&lt;br&gt;+12504741948&lt;br&gt;&lt;br&gt;Approved Bicycle Shop #35</desc>
    <sym>Bike Trail</sym>
    <type>user</type>
    <extensions>
      <gpxx:WaypointExtension>
        <gpxx:DisplayMode>SymbolAndName</gpxx:DisplayMode>
      </gpxx:WaypointExtension>
      <wptx1:WaypointExtension>
        <wptx1:DisplayMode>SymbolAndName</wptx1:DisplayMode>
      </wptx1:WaypointExtension>
      <ctx:CreationTimeExtension>
        <ctx:CreationTime>2026-06-27T16:47:04Z</ctx:CreationTime>
      </ctx:CreationTimeExtension>
    </extensions>
  </wpt>

  <wpt lat="48.948002206161618" lon="-55.665904395282269">
    <ele>0</ele>
    <time>2026-06-27T16:47:04Z</time>
    <name>Grant's Sports Excellence (128 Main St, Grand Falls-Windsor, NL A2B 1J7)</name>
    <cmt>Grant's Sports Excellence&lt;br&gt;&lt;br&gt;128 Main St, Grand Falls-Windsor, NL A2B 1J7&lt;br&gt;&lt;br&gt;Approved Bike Shop #119</cmt>
    <desc>Grant's Sports Excellence&lt;br&gt;&lt;br&gt;128 Main St, Grand Falls-Windsor, NL A2B 1J7&lt;br&gt;&lt;br&gt;Approved Bike Shop #119</desc>
    <sym>Bike Trail</sym>
    <type>user</type>
    <extensions>
      <gpxx:WaypointExtension>
        <gpxx:DisplayMode>SymbolAndName</gpxx:DisplayMode>
      </gpxx:WaypointExtension>
      <wptx1:WaypointExtension>
        <wptx1:DisplayMode>SymbolAndName</wptx1:DisplayMode>
      </wptx1:WaypointExtension>
      <ctx:CreationTimeExtension>
        <ctx:CreationTime>2026-06-27T16:47:04Z</ctx:CreationTime>
      </ctx:CreationTimeExtension>
    </extensions>
  </wpt>

  <wpt lat="50.040226131677628" lon="-110.67458686418831">
    <ele>0</ele>
    <time>2026-06-27T16:47:04Z</time>
    <name>Gravity Sports (648 3rd St SE, Medicine Hat, AB T1A 0H5)</name>
    <cmt>Gravity Sports&lt;br&gt;&lt;br&gt;648 3rd St SE, Medicine Hat, AB T1A 0H5&lt;br&gt;&lt;br&gt;Approved Bike Shop #120</cmt>
    <desc>Gravity Sports&lt;br&gt;&lt;br&gt;648 3rd St SE, Medicine Hat, AB T1A 0H5&lt;br&gt;&lt;br&gt;Approved Bike Shop #120</desc>
    <sym>Bike Trail</sym>
    <type>user</type>
    <extensions>
      <gpxx:WaypointExtension>
        <gpxx:DisplayMode>SymbolAndName</gpxx:DisplayMode>
      </gpxx:WaypointExtension>
      <wptx1:WaypointExtension>
        <wptx1:DisplayMode>SymbolAndName</wptx1:DisplayMode>
      </wptx1:WaypointExtension>
      <ctx:CreationTimeExtension>
        <ctx:CreationTime>2026-06-27T16:47:04Z</ctx:CreationTime>
      </ctx:CreationTimeExtension>
    </extensions>
  </wpt>

  <wpt lat="48.433122178539634" lon="-123.5250702034682">
    <ele>0</ele>
    <time>2026-06-27T16:47:04Z</time>
    <name>Green Man Bikes (3202A Happy Valley Rd, Victoria, BC V9C 2V8)</name>
    <cmt>3202A Happy Valley Rd, Victoria, BC V9C 2V8&lt;br&gt;&lt;br&gt;+17784322453&lt;br&gt;&lt;br&gt;Approved Bicycle Shop #8</cmt>
    <desc>3202A Happy Valley Rd, Victoria, BC V9C 2V8&lt;br&gt;&lt;br&gt;+17784322453&lt;br&gt;&lt;br&gt;Approved Bicycle Shop #8</desc>
    <sym>Bike Trail</sym>
    <type>user</type>
    <extensions>
      <gpxx:WaypointExtension>
        <gpxx:DisplayMode>SymbolAndName</gpxx:DisplayMode>
      </gpxx:WaypointExtension>
      <wptx1:WaypointExtension>
        <wptx1:DisplayMode>SymbolAndName</wptx1:DisplayMode>
      </wptx1:WaypointExtension>
      <ctx:CreationTimeExtension>
        <ctx:CreationTime>2026-06-27T16:47:04Z</ctx:CreationTime>
      </ctx:CreationTimeExtension>
    </extensions>
  </wpt>

  <wpt lat="44.662127662450075" lon="-63.617555759847164">
    <ele>0</ele>
    <time>2026-06-27T16:47:04Z</time>
    <name>Halifax Cycles Inc. (3600 Kempt Rd, Halifax, NS B3K 4X8)</name>
    <cmt>Halifax Cycles&lt;br&gt;&lt;br&gt;3600 Kempt Rd, Halifax, NS B3K 4X8&lt;br&gt;&lt;br&gt;Approved Bike Shop #121</cmt>
    <desc>Halifax Cycles&lt;br&gt;&lt;br&gt;3600 Kempt Rd, Halifax, NS B3K 4X8&lt;br&gt;&lt;br&gt;Approved Bike Shop #121</desc>
    <sym>Bike Trail</sym>
    <type>user</type>
    <extensions>
      <gpxx:WaypointExtension>
        <gpxx:DisplayMode>SymbolAndName</gpxx:DisplayMode>
      </gpxx:WaypointExtension>
      <wptx1:WaypointExtension>
        <wptx1:DisplayMode>SymbolAndName</wptx1:DisplayMode>
      </wptx1:WaypointExtension>
      <ctx:CreationTimeExtension>
        <ctx:CreationTime>2026-06-27T16:47:04Z</ctx:CreationTime>
      </ctx:CreationTimeExtension>
    </extensions>
  </wpt>

  <wpt lat="51.299858707934618" lon="-116.96679742075503">
    <ele>0</ele>
    <time>2026-06-27T16:47:04Z</time>
    <name>Higher Ground Sports (501A, 9 Ave N, Golden, BC V0A 1H0)</name>
    <cmt>Higher Ground Sports&lt;br&gt;&lt;br&gt;501A, 9 Ave N, Golden, BC V0A 1H0&lt;br&gt;&lt;br&gt;Approved Bike Shop #125</cmt>
    <desc>Higher Ground Sports&lt;br&gt;&lt;br&gt;501A, 9 Ave N, Golden, BC V0A 1H0&lt;br&gt;&lt;br&gt;Approved Bike Shop #125</desc>
    <sym>Bike Trail</sym>
    <type>user</type>
    <extensions>
      <gpxx:WaypointExtension>
        <gpxx:DisplayMode>SymbolAndName</gpxx:DisplayMode>
      </gpxx:WaypointExtension>
      <wptx1:WaypointExtension>
        <wptx1:DisplayMode>SymbolAndName</wptx1:DisplayMode>
      </wptx1:WaypointExtension>
      <ctx:CreationTimeExtension>
        <ctx:CreationTime>2026-06-27T16:47:04Z</ctx:CreationTime>
      </ctx:CreationTimeExtension>
    </extensions>
  </wpt>

  <wpt lat="51.210830574855208" lon="-102.45974223129451">
    <ele>0</ele>
    <time>2026-06-27T16:47:04Z</time>
    <name>Hometown Source For Sports (does bike repairs) (11 3 Ave N, Yorkton, SK S3N 1C1)</name>
    <cmt>Hometown Source For Sports (does bike repairs)&lt;br&gt;&lt;br&gt;11 3 Ave N, Yorkton, SK S3N 1C1&lt;br&gt;&lt;br&gt;Approved Bike Shop #122</cmt>
    <desc>Hometown Source For Sports (does bike repairs)&lt;br&gt;&lt;br&gt;11 3 Ave N, Yorkton, SK S3N 1C1&lt;br&gt;&lt;br&gt;Approved Bike Shop #122</desc>
    <sym>Bike Trail</sym>
    <type>user</type>
    <extensions>
      <gpxx:WaypointExtension>
        <gpxx:DisplayMode>SymbolAndName</gpxx:DisplayMode>
      </gpxx:WaypointExtension>
      <wptx1:WaypointExtension>
        <wptx1:DisplayMode>SymbolAndName</wptx1:DisplayMode>
      </wptx1:WaypointExtension>
      <ctx:CreationTimeExtension>
        <ctx:CreationTime>2026-06-27T16:47:04Z</ctx:CreationTime>
      </ctx:CreationTimeExtension>
    </extensions>
  </wpt>

  <wpt lat="45.363847436383367" lon="-63.2761350274086">
    <ele>0</ele>
    <time>2026-06-27T16:47:04Z</time>
    <name>Hub Cycle (33 Inglis Pl, Truro, NS B2N 4B5)</name>
    <cmt>Hub Cycle&lt;br&gt;&lt;br&gt;33 Inglis Pl, Truro, NS B2N 4B5&lt;br&gt;&lt;br&gt;Approved Bike Shop #123</cmt>
    <desc>Hub Cycle&lt;br&gt;&lt;br&gt;33 Inglis Pl, Truro, NS B2N 4B5&lt;br&gt;&lt;br&gt;Approved Bike Shop #123</desc>
    <sym>Bike Trail</sym>
    <type>user</type>
    <extensions>
      <gpxx:WaypointExtension>
        <gpxx:DisplayMode>SymbolAndName</gpxx:DisplayMode>
      </gpxx:WaypointExtension>
      <wptx1:WaypointExtension>
        <wptx1:DisplayMode>SymbolAndName</wptx1:DisplayMode>
      </wptx1:WaypointExtension>
      <ctx:CreationTimeExtension>
        <ctx:CreationTime>2026-06-27T16:47:04Z</ctx:CreationTime>
      </ctx:CreationTimeExtension>
    </extensions>
  </wpt>

  <wpt lat="49.106914959847927" lon="-121.95895593613386">
    <ele>0</ele>
    <time>2026-06-27T16:47:04Z</time>
    <name>Jack's Cycle (45735 Thomas Rd Unit 1, Chilliwack, BC V2R 3N3)</name>
    <cmt>Jack's Cycle&lt;br&gt;&lt;br&gt;45735 Thomas Rd Unit 1, Chilliwack, BC V2R 3N3&lt;br&gt;&lt;br&gt;Approved Bike Shop #124</cmt>
    <desc>Jack's Cycle&lt;br&gt;&lt;br&gt;45735 Thomas Rd Unit 1, Chilliwack, BC V2R 3N3&lt;br&gt;&lt;br&gt;Approved Bike Shop #124</desc>
    <sym>Bike Trail</sym>
    <type>user</type>
    <extensions>
      <gpxx:WaypointExtension>
        <gpxx:DisplayMode>SymbolAndName</gpxx:DisplayMode>
      </gpxx:WaypointExtension>
      <wptx1:WaypointExtension>
        <wptx1:DisplayMode>SymbolAndName</wptx1:DisplayMode>
      </wptx1:WaypointExtension>
      <ctx:CreationTimeExtension>
        <ctx:CreationTime>2026-06-27T16:47:04Z</ctx:CreationTime>
      </ctx:CreationTimeExtension>
    </extensions>
  </wpt>

  <wpt lat="47.389150271192193" lon="-68.341936524957418">
    <ele>0</ele>
    <time>2026-06-27T16:47:04Z</time>
    <name>Jessome's Source For Sports (692 Rue Victoria, Edmundston, NB E3V 3S9)</name>
    <cmt>Jessome's Source For Sports&lt;br&gt;&lt;br&gt;692 Rue Victoria, Edmundston, NB E3V 3S9&lt;br&gt;&lt;br&gt;Approved Bike Shop #126</cmt>
    <desc>Jessome's Source For Sports&lt;br&gt;&lt;br&gt;692 Rue Victoria, Edmundston, NB E3V 3S9&lt;br&gt;&lt;br&gt;Approved Bike Shop #126</desc>
    <sym>Bike Trail</sym>
    <type>user</type>
    <extensions>
      <gpxx:WaypointExtension>
        <gpxx:DisplayMode>SymbolAndName</gpxx:DisplayMode>
      </gpxx:WaypointExtension>
      <wptx1:WaypointExtension>
        <wptx1:DisplayMode>SymbolAndName</wptx1:DisplayMode>
      </wptx1:WaypointExtension>
      <ctx:CreationTimeExtension>
        <ctx:CreationTime>2026-06-27T16:47:04Z</ctx:CreationTime>
      </ctx:CreationTimeExtension>
    </extensions>
  </wpt>

  <wpt lat="46.096186386421323" lon="-64.812753964215517">
    <ele>0</ele>
    <time>2026-06-27T16:47:04Z</time>
    <name>Jim's Bike Shop (200 Halifax St, Moncton, NB E1C 9S2)</name>
    <cmt>Jim's Bike Shop&lt;br&gt;&lt;br&gt;200 Halifax St, Moncton, NB E1C 9S2&lt;br&gt;&lt;br&gt;+15068722769&lt;br&gt;&lt;br&gt;Approved Bike Shop #53</cmt>
    <desc>Jim's Bike Shop&lt;br&gt;&lt;br&gt;200 Halifax St, Moncton, NB E1C 9S2&lt;br&gt;&lt;br&gt;+15068722769&lt;br&gt;&lt;br&gt;Approved Bike Shop #53</desc>
    <sym>Bike Trail</sym>
    <type>user</type>
    <extensions>
      <gpxx:WaypointExtension>
        <gpxx:DisplayMode>SymbolAndName</gpxx:DisplayMode>
      </gpxx:WaypointExtension>
      <wptx1:WaypointExtension>
        <wptx1:DisplayMode>SymbolAndName</wptx1:DisplayMode>
      </wptx1:WaypointExtension>
      <ctx:CreationTimeExtension>
        <ctx:CreationTime>2026-06-27T16:47:04Z</ctx:CreationTime>
      </ctx:CreationTimeExtension>
    </extensions>
  </wpt>

  <wpt lat="48.433892726898193" lon="-123.33460092544556">
    <ele>0</ele>
    <time>2026-06-27T16:47:04Z</time>
    <name>JK's Bicycleitis (1623 Bay St, Victoria, BC V8R 2B7)</name>
    <cmt>JK's Bicycleitis&lt;br&gt;&lt;br&gt;1623 Bay St, Victoria, BC V8R 2B7&lt;br&gt;&lt;br&gt;+12503702282&lt;br&gt;&lt;br&gt;Approved Bicycle Shop #42</cmt>
    <desc>JK's Bicycleitis&lt;br&gt;&lt;br&gt;1623 Bay St, Victoria, BC V8R 2B7&lt;br&gt;&lt;br&gt;+12503702282&lt;br&gt;&lt;br&gt;Approved Bicycle Shop #42</desc>
    <sym>Bike Trail</sym>
    <type>user</type>
    <extensions>
      <gpxx:WaypointExtension>
        <gpxx:DisplayMode>SymbolAndName</gpxx:DisplayMode>
      </gpxx:WaypointExtension>
      <wptx1:WaypointExtension>
        <wptx1:DisplayMode>SymbolAndName</wptx1:DisplayMode>
      </wptx1:WaypointExtension>
      <ctx:CreationTimeExtension>
        <ctx:CreationTime>2026-06-27T16:47:04Z</ctx:CreationTime>
      </ctx:CreationTimeExtension>
    </extensions>
  </wpt>

  <wpt lat="49.25375240854919" lon="-124.7985605802387">
    <ele>0</ele>
    <time>2026-06-27T16:47:04Z</time>
    <name>Jumping Slug Community Cyclery (4282 10th Ave, Port Alberni, BC V9Y 4X3)</name>
    <cmt>Jumping Slug Community Cyclery&lt;br&gt;&lt;br&gt;4282 10th Ave, Port Alberni, BC V9Y 4X3&lt;br&gt;&lt;br&gt;Approved Bike Shop #127</cmt>
    <desc>Jumping Slug Community Cyclery&lt;br&gt;&lt;br&gt;4282 10th Ave, Port Alberni, BC V9Y 4X3&lt;br&gt;&lt;br&gt;Approved Bike Shop #127</desc>
    <sym>Bike Trail</sym>
    <type>user</type>
    <extensions>
      <gpxx:WaypointExtension>
        <gpxx:DisplayMode>SymbolAndName</gpxx:DisplayMode>
      </gpxx:WaypointExtension>
      <wptx1:WaypointExtension>
        <wptx1:DisplayMode>SymbolAndName</wptx1:DisplayMode>
      </wptx1:WaypointExtension>
      <ctx:CreationTimeExtension>
        <ctx:CreationTime>2026-06-27T16:47:04Z</ctx:CreationTime>
      </ctx:CreationTimeExtension>
    </extensions>
  </wpt>

  <wpt lat="44.501044834032655" lon="-80.231437683105469">
    <ele>0</ele>
    <time>2026-06-27T16:47:04Z</time>
    <name>Kamikaze (470 First St, Collingwood, ON L9Y 1B8)</name>
    <cmt>Kamikaze&lt;br&gt;&lt;br&gt;470 First St, Collingwood, ON L9Y 1B8&lt;br&gt;&lt;br&gt;Approved Bike Shop #128</cmt>
    <desc>Kamikaze&lt;br&gt;&lt;br&gt;470 First St, Collingwood, ON L9Y 1B8&lt;br&gt;&lt;br&gt;Approved Bike Shop #128</desc>
    <sym>Bike Trail</sym>
    <type>user</type>
    <extensions>
      <gpxx:WaypointExtension>
        <gpxx:DisplayMode>SymbolAndName</gpxx:DisplayMode>
      </gpxx:WaypointExtension>
      <wptx1:WaypointExtension>
        <wptx1:DisplayMode>SymbolAndName</wptx1:DisplayMode>
      </wptx1:WaypointExtension>
      <ctx:CreationTimeExtension>
        <ctx:CreationTime>2026-06-27T16:47:04Z</ctx:CreationTime>
      </ctx:CreationTimeExtension>
    </extensions>
  </wpt>

  <wpt lat="53.908799579367042" lon="-122.78710406273603">
    <ele>0</ele>
    <time>2026-06-27T16:47:04Z</time>
    <name>Koops' Bike Shop Ltd (1659 Nicholson St S, Prince George, BC V2N 1V7)</name>
    <cmt>Koops' Bike Shop&lt;br&gt;&lt;br&gt;1659 Nicholson St S, Prince George, BC V2N 1V7&lt;br&gt;&lt;br&gt;(250) 563-4828&lt;br&gt;&lt;br&gt;Approved Bike Shop #129</cmt>
    <desc>Koops' Bike Shop&lt;br&gt;&lt;br&gt;1659 Nicholson St S, Prince George, BC V2N 1V7&lt;br&gt;&lt;br&gt;(250) 563-4828&lt;br&gt;&lt;br&gt;Approved Bike Shop #129</desc>
    <sym>Bike Trail</sym>
    <type>user</type>
    <extensions>
      <gpxx:WaypointExtension>
        <gpxx:DisplayMode>SymbolAndName</gpxx:DisplayMode>
      </gpxx:WaypointExtension>
      <wptx1:WaypointExtension>
        <wptx1:DisplayMode>SymbolAndName</wptx1:DisplayMode>
      </wptx1:WaypointExtension>
      <ctx:CreationTimeExtension>
        <ctx:CreationTime>2026-06-27T16:47:04Z</ctx:CreationTime>
      </ctx:CreationTimeExtension>
    </extensions>
  </wpt>

  <wpt lat="50.049029560759664" lon="-119.40376871265471">
    <ele>0</ele>
    <time>2026-06-27T16:47:04Z</time>
    <name>Lake Country Cycle</name>
    <sym>Bike Trail</sym>
    <type>user</type>
    <extensions>
      <gpxx:WaypointExtension>
        <gpxx:DisplayMode>SymbolAndName</gpxx:DisplayMode>
      </gpxx:WaypointExtension>
      <wptx1:WaypointExtension>
        <wptx1:DisplayMode>SymbolAndName</wptx1:DisplayMode>
      </wptx1:WaypointExtension>
      <ctx:CreationTimeExtension>
        <ctx:CreationTime>2026-06-27T16:47:04Z</ctx:CreationTime>
      </ctx:CreationTimeExtension>
    </extensions>
  </wpt>

  <wpt lat="49.033193858340383" lon="-122.28817337192595">
    <ele>0</ele>
    <time>2026-06-27T16:47:04Z</time>
    <name>Life Cycles Bike Shop (1-1707 Salton Rd, Abbotsford, BC V2S 7P2)</name>
    <cmt>Life Cycles Bike Shop&lt;br&gt;&lt;br&gt;1-1707 Salton Rd, Abbotsford, BC V2S 7P2&lt;br&gt;&lt;br&gt;Approved Bike Shop #130</cmt>
    <desc>Life Cycles Bike Shop&lt;br&gt;&lt;br&gt;1-1707 Salton Rd, Abbotsford, BC V2S 7P2&lt;br&gt;&lt;br&gt;Approved Bike Shop #130</desc>
    <sym>Bike Trail</sym>
    <type>user</type>
    <extensions>
      <gpxx:WaypointExtension>
        <gpxx:DisplayMode>SymbolAndName</gpxx:DisplayMode>
      </gpxx:WaypointExtension>
      <wptx1:WaypointExtension>
        <wptx1:DisplayMode>SymbolAndName</wptx1:DisplayMode>
      </wptx1:WaypointExtension>
      <ctx:CreationTimeExtension>
        <ctx:CreationTime>2026-06-27T16:47:04Z</ctx:CreationTime>
      </ctx:CreationTimeExtension>
    </extensions>
  </wpt>

  <wpt lat="42.982637090608478" lon="-81.246879771351814">
    <ele>0</ele>
    <time>2026-06-27T16:47:04Z</time>
    <name>London Bicycle Café (355 Clarence St, London, ON N6A 3M4)</name>
    <cmt>London Bicycle Café&lt;br&gt;&lt;br&gt;355 Clarence St, London, ON N6A 3M4&lt;br&gt;&lt;br&gt;+12262892670&lt;br&gt;&lt;br&gt;Appoved Bike Shop #46</cmt>
    <desc>London Bicycle Café&lt;br&gt;&lt;br&gt;355 Clarence St, London, ON N6A 3M4&lt;br&gt;&lt;br&gt;+12262892670&lt;br&gt;&lt;br&gt;Appoved Bike Shop #46</desc>
    <sym>Bike Trail</sym>
    <type>user</type>
    <extensions>
      <gpxx:WaypointExtension>
        <gpxx:DisplayMode>SymbolAndName</gpxx:DisplayMode>
      </gpxx:WaypointExtension>
      <wptx1:WaypointExtension>
        <wptx1:DisplayMode>SymbolAndName</wptx1:DisplayMode>
      </wptx1:WaypointExtension>
      <ctx:CreationTimeExtension>
        <ctx:CreationTime>2026-06-27T16:47:04Z</ctx:CreationTime>
      </ctx:CreationTimeExtension>
    </extensions>
  </wpt>

  <wpt lat="44.645796362310648" lon="-63.595245564356446">
    <ele>0</ele>
    <time>2026-06-27T16:47:04Z</time>
    <name>Long Alley Bicycles (6164 Quinpool Rd, Halifax, NS B3L 1A3)</name>
    <cmt>Long Alley Bicycles&lt;br&gt;&lt;br&gt;6164 Quinpool Rd, Halifax, NS B3L 1A3&lt;br&gt;&lt;br&gt;Approved Bike Shop #131</cmt>
    <desc>Long Alley Bicycles&lt;br&gt;&lt;br&gt;6164 Quinpool Rd, Halifax, NS B3L 1A3&lt;br&gt;&lt;br&gt;Approved Bike Shop #131</desc>
    <sym>Bike Trail</sym>
    <type>user</type>
    <extensions>
      <gpxx:WaypointExtension>
        <gpxx:DisplayMode>SymbolAndName</gpxx:DisplayMode>
      </gpxx:WaypointExtension>
      <wptx1:WaypointExtension>
        <wptx1:DisplayMode>SymbolAndName</wptx1:DisplayMode>
      </wptx1:WaypointExtension>
      <ctx:CreationTimeExtension>
        <ctx:CreationTime>2026-06-27T16:47:04Z</ctx:CreationTime>
      </ctx:CreationTimeExtension>
    </extensions>
  </wpt>

  <wpt lat="45.477948188781738" lon="-73.574666976928711">
    <ele>0</ele>
    <time>2026-06-27T16:47:04Z</time>
    <name>Ma Bicyclette (2985 Rue Saint-Patrick, Montréal, QC H3K 1B9)</name>
    <cmt>Ma Bicyclette&lt;br&gt;&lt;br&gt;(2985 Rue Saint-Patrick, Montréal, QC H3K 1B9)&lt;br&gt;&lt;br&gt;+18778150150&lt;br&gt;&lt;br&gt;Approved Bike Shop #75</cmt>
    <desc>Ma Bicyclette&lt;br&gt;&lt;br&gt;(2985 Rue Saint-Patrick, Montréal, QC H3K 1B9)&lt;br&gt;&lt;br&gt;+18778150150&lt;br&gt;&lt;br&gt;Approved Bike Shop #75</desc>
    <sym>Bike Trail</sym>
    <type>user</type>
    <extensions>
      <gpxx:WaypointExtension>
        <gpxx:DisplayMode>SymbolAndName</gpxx:DisplayMode>
      </gpxx:WaypointExtension>
      <wptx1:WaypointExtension>
        <wptx1:DisplayMode>SymbolAndName</wptx1:DisplayMode>
      </wptx1:WaypointExtension>
      <ctx:CreationTimeExtension>
        <ctx:CreationTime>2026-06-27T16:47:04Z</ctx:CreationTime>
      </ctx:CreationTimeExtension>
    </extensions>
  </wpt>

  <wpt lat="46.242420673370361" lon="-63.135960102081299">
    <ele>0</ele>
    <time>2026-06-27T16:47:04Z</time>
    <name>MacQueen's Bike Shop &amp; Island Tours (430 Queen St, Charlottetown, PE C1A 4E7)</name>
    <cmt>Macqueen's Bike Shop &amp; Island Tours&lt;br&gt;&lt;br&gt;430 Queen St, Charlottetown, PE C1A 4E7&lt;br&gt;&lt;br&gt;+19023682453&lt;br&gt;&lt;br&gt;Approved Bicycle Shop #24</cmt>
    <desc>Macqueen's Bike Shop &amp; Island Tours&lt;br&gt;&lt;br&gt;430 Queen St, Charlottetown, PE C1A 4E7&lt;br&gt;&lt;br&gt;+19023682453&lt;br&gt;&lt;br&gt;Approved Bicycle Shop #24</desc>
    <sym>Bike Trail</sym>
    <type>user</type>
    <extensions>
      <gpxx:WaypointExtension>
        <gpxx:DisplayMode>SymbolAndName</gpxx:DisplayMode>
      </gpxx:WaypointExtension>
      <wptx1:WaypointExtension>
        <wptx1:DisplayMode>SymbolAndName</wptx1:DisplayMode>
      </wptx1:WaypointExtension>
      <ctx:CreationTimeExtension>
        <ctx:CreationTime>2026-06-27T16:47:04Z</ctx:CreationTime>
      </ctx:CreationTimeExtension>
    </extensions>
  </wpt>

  <wpt lat="48.459372958168387" lon="-123.33227603696287">
    <ele>0</ele>
    <time>2026-06-27T16:47:04Z</time>
    <name>Macs Cycle Centre (3627 Shelbourne St, Victoria, BC V8P 4H1)</name>
    <cmt>Macs Cycle Centre&lt;br&gt;&lt;br&gt;Shelbourne Plaza&lt;br&gt;&lt;br&gt;3627 Shelbourne St, Victoria, BC V8P 4H1&lt;br&gt;&lt;br&gt;+12504777612&lt;br&gt;&lt;br&gt;Approved Bicycle Shop #11</cmt>
    <desc>Macs Cycle Centre&lt;br&gt;&lt;br&gt;Shelbourne Plaza&lt;br&gt;&lt;br&gt;3627 Shelbourne St, Victoria, BC V8P 4H1&lt;br&gt;&lt;br&gt;+12504777612&lt;br&gt;&lt;br&gt;Approved Bicycle Shop #11</desc>
    <sym>Bike Trail</sym>
    <type>user</type>
    <extensions>
      <gpxx:WaypointExtension>
        <gpxx:DisplayMode>SymbolAndName</gpxx:DisplayMode>
      </gpxx:WaypointExtension>
      <wptx1:WaypointExtension>
        <wptx1:DisplayMode>SymbolAndName</wptx1:DisplayMode>
      </wptx1:WaypointExtension>
      <ctx:CreationTimeExtension>
        <ctx:CreationTime>2026-06-27T16:47:04Z</ctx:CreationTime>
      </ctx:CreationTimeExtension>
    </extensions>
  </wpt>

  <wpt lat="45.473359012976289" lon="-76.68658297508955">
    <ele>0</ele>
    <time>2026-06-27T16:47:04Z</time>
    <name>Martin Cycle And Small Engine (31 Patrick Ave, Renfrew, ON K7V 3G6)</name>
    <cmt>Martin Cycle And Small Engine&lt;br&gt;&lt;br&gt;31 Patrick Ave, Renfrew, ON K7V 3G6&lt;br&gt;&lt;br&gt;Approved Bike Shop #132</cmt>
    <desc>Martin Cycle And Small Engine&lt;br&gt;&lt;br&gt;31 Patrick Ave, Renfrew, ON K7V 3G6&lt;br&gt;&lt;br&gt;Approved Bike Shop #132</desc>
    <sym>Bike Trail</sym>
    <type>user</type>
    <extensions>
      <gpxx:WaypointExtension>
        <gpxx:DisplayMode>SymbolAndName</gpxx:DisplayMode>
      </gpxx:WaypointExtension>
      <wptx1:WaypointExtension>
        <wptx1:DisplayMode>SymbolAndName</wptx1:DisplayMode>
      </wptx1:WaypointExtension>
      <ctx:CreationTimeExtension>
        <ctx:CreationTime>2026-06-27T16:47:04Z</ctx:CreationTime>
      </ctx:CreationTimeExtension>
    </extensions>
  </wpt>

  <wpt lat="48.430116176605225" lon="-123.41566801071167">
    <ele>0</ele>
    <time>2026-06-27T16:47:04Z</time>
    <name>Marty's Mountain Cycle: MMC (1-1258 Esquimalt Rd, Victoria, BC V9A 3P3)</name>
    <cmt>Marty's Mountain Cycle: MMC&lt;br&gt;&lt;br&gt;1-1258 Esquimalt Rd, Victoria, BC V9A 3P3&lt;br&gt;&lt;br&gt;Approved Bicycle Shop #20</cmt>
    <desc>Marty's Mountain Cycle: MMC&lt;br&gt;&lt;br&gt;1-1258 Esquimalt Rd, Victoria, BC V9A 3P3&lt;br&gt;&lt;br&gt;Approved Bicycle Shop #20</desc>
    <sym>Bike Trail</sym>
    <type>user</type>
    <extensions>
      <gpxx:WaypointExtension>
        <gpxx:DisplayMode>SymbolAndName</gpxx:DisplayMode>
      </gpxx:WaypointExtension>
      <wptx1:WaypointExtension>
        <wptx1:DisplayMode>SymbolAndName</wptx1:DisplayMode>
      </wptx1:WaypointExtension>
      <ctx:CreationTimeExtension>
        <ctx:CreationTime>2026-06-27T16:47:04Z</ctx:CreationTime>
      </ctx:CreationTimeExtension>
    </extensions>
  </wpt>

  <wpt lat="54.780369065701962" lon="-127.17119506560266">
    <ele>0</ele>
    <time>2026-06-27T16:47:04Z</time>
    <name>McBike &amp; Sport (1191 Main St, Smithers, BC V0J 2N1)</name>
    <cmt>McBike &amp; Sport&lt;br&gt;&lt;br&gt;1191 Main St, Smithers, BC V0J 2N0&lt;br&gt;&lt;br&gt;+12508475009&lt;br&gt;&lt;br&gt;Approved Bike Shop #133</cmt>
    <desc>McBike &amp; Sport&lt;br&gt;&lt;br&gt;1191 Main St, Smithers, BC V0J 2N0&lt;br&gt;&lt;br&gt;+12508475009&lt;br&gt;&lt;br&gt;Approved Bike Shop #133</desc>
    <sym>Bike Trail</sym>
    <type>user</type>
    <extensions>
      <gpxx:WaypointExtension>
        <gpxx:DisplayMode>SymbolAndName</gpxx:DisplayMode>
      </gpxx:WaypointExtension>
      <wptx1:WaypointExtension>
        <wptx1:DisplayMode>SymbolAndName</wptx1:DisplayMode>
      </wptx1:WaypointExtension>
      <ctx:CreationTimeExtension>
        <ctx:CreationTime>2026-06-27T16:47:04Z</ctx:CreationTime>
      </ctx:CreationTimeExtension>
    </extensions>
  </wpt>

  <wpt lat="44.645487740635872" lon="-63.572670836001635">
    <ele>0</ele>
    <time>2026-06-27T16:47:04Z</time>
    <name>MEC Halifax (1550 Granville St, Halifax, NS B3J 1X1)</name>
    <cmt>MEC Halifax&lt;br&gt;&lt;br&gt;1550 Granville St, Halifax, NS B3J 1X1&lt;br&gt;&lt;br&gt;Approved Bike Shop #134</cmt>
    <desc>MEC Halifax&lt;br&gt;&lt;br&gt;1550 Granville St, Halifax, NS B3J 1X1&lt;br&gt;&lt;br&gt;Approved Bike Shop #134</desc>
    <sym>Bike Trail</sym>
    <type>user</type>
    <extensions>
      <gpxx:WaypointExtension>
        <gpxx:DisplayMode>SymbolAndName</gpxx:DisplayMode>
      </gpxx:WaypointExtension>
      <wptx1:WaypointExtension>
        <wptx1:DisplayMode>SymbolAndName</wptx1:DisplayMode>
      </wptx1:WaypointExtension>
      <ctx:CreationTimeExtension>
        <ctx:CreationTime>2026-06-27T16:47:04Z</ctx:CreationTime>
      </ctx:CreationTimeExtension>
    </extensions>
  </wpt>

  <wpt lat="49.269431428983808" lon="-123.10229086317122">
    <ele>0</ele>
    <time>2026-06-27T16:47:04Z</time>
    <name>MEC Vancouver (111 E 2nd Ave, Vancouver, BC V5T 1B4)</name>
    <cmt>MEC Vancouver&lt;br&gt;&lt;br&gt;111 E 2nd Ave, Vancouver, BC V5T 1B4&lt;br&gt;&lt;br&gt;Approved Bike Shop #135</cmt>
    <desc>MEC Vancouver&lt;br&gt;&lt;br&gt;111 E 2nd Ave, Vancouver, BC V5T 1B4&lt;br&gt;&lt;br&gt;Approved Bike Shop #135</desc>
    <sym>Bike Trail</sym>
    <type>user</type>
    <extensions>
      <gpxx:WaypointExtension>
        <gpxx:DisplayMode>SymbolAndName</gpxx:DisplayMode>
      </gpxx:WaypointExtension>
      <wptx1:WaypointExtension>
        <wptx1:DisplayMode>SymbolAndName</wptx1:DisplayMode>
      </wptx1:WaypointExtension>
      <ctx:CreationTimeExtension>
        <ctx:CreationTime>2026-06-27T16:47:04Z</ctx:CreationTime>
      </ctx:CreationTimeExtension>
    </extensions>
  </wpt>

  <wpt lat="48.428238965570927" lon="-123.36730610579252">
    <ele>0</ele>
    <time>2026-06-27T16:47:04Z</time>
    <name>MEC Victoria (1450 Government St, Victoria, BC V8W 1Z2)</name>
    <cmt>Mountain Equipment Company&lt;br&gt;&lt;br&gt;1450 Government St, Victoria, BC V8W 1Z2&lt;br&gt;&lt;br&gt;+12503862667&lt;br&gt;&lt;br&gt;Approved Bicycle Shop #32</cmt>
    <desc>Mountain Equipment Company&lt;br&gt;&lt;br&gt;1450 Government St, Victoria, BC V8W 1Z2&lt;br&gt;&lt;br&gt;+12503862667&lt;br&gt;&lt;br&gt;Approved Bicycle Shop #32</desc>
    <sym>Bike Trail</sym>
    <type>user</type>
    <extensions>
      <gpxx:WaypointExtension>
        <gpxx:DisplayMode>SymbolAndName</gpxx:DisplayMode>
      </gpxx:WaypointExtension>
      <wptx1:WaypointExtension>
        <wptx1:DisplayMode>SymbolAndName</wptx1:DisplayMode>
      </wptx1:WaypointExtension>
      <ctx:CreationTimeExtension>
        <ctx:CreationTime>2026-06-27T16:47:04Z</ctx:CreationTime>
      </ctx:CreationTimeExtension>
    </extensions>
  </wpt>

  <wpt lat="49.894060241058469" lon="-97.143496172502637">
    <ele>0</ele>
    <time>2026-06-27T16:47:04Z</time>
    <name>MEC Winnipeg (Outdoor gear and bike shop)</name>
    <cmt>Mountain Equipment Co-Op</cmt>
    <desc>Mountain Equipment Co-Op</desc>
    <sym>Bike Trail</sym>
    <type>user</type>
    <extensions>
      <gpxx:WaypointExtension>
        <gpxx:DisplayMode>SymbolAndName</gpxx:DisplayMode>
      </gpxx:WaypointExtension>
      <wptx1:WaypointExtension>
        <wptx1:DisplayMode>SymbolAndName</wptx1:DisplayMode>
      </wptx1:WaypointExtension>
      <ctx:CreationTimeExtension>
        <ctx:CreationTime>2026-06-27T16:47:04Z</ctx:CreationTime>
      </ctx:CreationTimeExtension>
    </extensions>
  </wpt>

  <wpt lat="49.262866973876953" lon="-123.10463913716376">
    <ele>0</ele>
    <time>2026-06-27T16:47:04Z</time>
    <name>Mighty Riders (10 E Broadway, Vancouver, BC V5T 1V6)</name>
    <cmt>Mighty Riders&lt;br&gt;&lt;br&gt;10 E Broadway, Vancouver, BC V5T 1V6&lt;br&gt;&lt;br&gt;+16048798705&lt;br&gt;&lt;br&gt;Approved Bicycle Shop #22</cmt>
    <desc>Mighty Riders&lt;br&gt;&lt;br&gt;10 E Broadway, Vancouver, BC V5T 1V6&lt;br&gt;&lt;br&gt;+16048798705&lt;br&gt;&lt;br&gt;Approved Bicycle Shop #22</desc>
    <sym>Bike Trail</sym>
    <type>user</type>
    <extensions>
      <gpxx:WaypointExtension>
        <gpxx:DisplayMode>SymbolAndName</gpxx:DisplayMode>
      </gpxx:WaypointExtension>
      <wptx1:WaypointExtension>
        <wptx1:DisplayMode>SymbolAndName</wptx1:DisplayMode>
      </wptx1:WaypointExtension>
      <ctx:CreationTimeExtension>
        <ctx:CreationTime>2026-06-27T16:47:04Z</ctx:CreationTime>
      </ctx:CreationTimeExtension>
    </extensions>
  </wpt>

  <wpt lat="46.101508140563965" lon="-64.701554775238037">
    <ele>0</ele>
    <time>2026-06-27T16:47:04Z</time>
    <name>Mike's Bike Shop (67 Englehart St, Dieppe, NB E1A 8K2)</name>
    <cmt>Mike's Bike Shop&lt;br&gt;&lt;br&gt;67 Englehart St, Dieppe, NB E1A 8K2&lt;br&gt;&lt;br&gt;+15068527100&lt;br&gt;&lt;br&gt;Approved Bike Shop #52</cmt>
    <desc>Mike's Bike Shop&lt;br&gt;&lt;br&gt;67 Englehart St, Dieppe, NB E1A 8K2&lt;br&gt;&lt;br&gt;+15068527100&lt;br&gt;&lt;br&gt;Approved Bike Shop #52</desc>
    <sym>Bike Trail</sym>
    <type>user</type>
    <extensions>
      <gpxx:WaypointExtension>
        <gpxx:DisplayMode>SymbolAndName</gpxx:DisplayMode>
      </gpxx:WaypointExtension>
      <wptx1:WaypointExtension>
        <wptx1:DisplayMode>SymbolAndName</wptx1:DisplayMode>
      </wptx1:WaypointExtension>
      <ctx:CreationTimeExtension>
        <ctx:CreationTime>2026-06-27T16:47:04Z</ctx:CreationTime>
      </ctx:CreationTimeExtension>
    </extensions>
  </wpt>

  <wpt lat="49.691677093505859" lon="-124.99600410461426">
    <ele>0</ele>
    <time>2026-06-27T16:47:04Z</time>
    <name>Mountain City Cycle (120 5th St, Courtenay, BC V9N 1J4)</name>
    <cmt>Mountain City Cycle&lt;br&gt;&lt;br&gt;120 5th St, Courtenay, BC V9N 1J4&lt;br&gt;&lt;br&gt;Approved Bike Shop #137</cmt>
    <desc>Mountain City Cycle&lt;br&gt;&lt;br&gt;120 5th St, Courtenay, BC V9N 1J4&lt;br&gt;&lt;br&gt;Approved Bike Shop #137</desc>
    <sym>Bike Trail</sym>
    <type>user</type>
    <extensions>
      <gpxx:WaypointExtension>
        <gpxx:DisplayMode>SymbolAndName</gpxx:DisplayMode>
      </gpxx:WaypointExtension>
      <wptx1:WaypointExtension>
        <wptx1:DisplayMode>SymbolAndName</wptx1:DisplayMode>
      </wptx1:WaypointExtension>
      <ctx:CreationTimeExtension>
        <ctx:CreationTime>2026-06-27T16:47:04Z</ctx:CreationTime>
      </ctx:CreationTimeExtension>
    </extensions>
  </wpt>

  <wpt lat="45.581723107025027" lon="-74.806088414043188">
    <ele>0</ele>
    <time>2026-06-27T16:47:04Z</time>
    <name>Méo Bicycle Service (3330 County Road 17, L'Orignal, ON K0B 1K0)</name>
    <cmt>Méo Bicycle Service&lt;br&gt;&lt;br&gt;3330 County Road 17, L'Orignal, ON K0B 1K0&lt;br&gt;&lt;br&gt;Approved Bike Shop #136</cmt>
    <desc>Méo Bicycle Service&lt;br&gt;&lt;br&gt;3330 County Road 17, L'Orignal, ON K0B 1K0&lt;br&gt;&lt;br&gt;Approved Bike Shop #136</desc>
    <sym>Bike Trail</sym>
    <type>user</type>
    <extensions>
      <gpxx:WaypointExtension>
        <gpxx:DisplayMode>SymbolAndName</gpxx:DisplayMode>
      </gpxx:WaypointExtension>
      <wptx1:WaypointExtension>
        <wptx1:DisplayMode>SymbolAndName</wptx1:DisplayMode>
      </wptx1:WaypointExtension>
      <ctx:CreationTimeExtension>
        <ctx:CreationTime>2026-06-27T16:47:04Z</ctx:CreationTime>
      </ctx:CreationTimeExtension>
    </extensions>
  </wpt>

  <wpt lat="46.305085038766265" lon="-79.454860975965858">
    <ele>0</ele>
    <time>2026-06-27T16:47:04Z</time>
    <name>North Bay Cycleworks (593 John St, North Bay, ON P1B 2M9)</name>
    <cmt>North Bay Cycleworks&lt;br&gt;&lt;br&gt;593 John St, North Bay, ON P1B 2M9&lt;br&gt;&lt;br&gt;+17054725662&lt;br&gt;&lt;br&gt;Approved Bike Shop #100</cmt>
    <desc>North Bay Cycleworks&lt;br&gt;&lt;br&gt;593 John St, North Bay, ON P1B 2M9&lt;br&gt;&lt;br&gt;+17054725662&lt;br&gt;&lt;br&gt;Approved Bike Shop #100</desc>
    <sym>Bike Trail</sym>
    <type>user</type>
    <extensions>
      <gpxx:WaypointExtension>
        <gpxx:DisplayMode>SymbolAndName</gpxx:DisplayMode>
      </gpxx:WaypointExtension>
      <wptx1:WaypointExtension>
        <wptx1:DisplayMode>SymbolAndName</wptx1:DisplayMode>
      </wptx1:WaypointExtension>
      <ctx:CreationTimeExtension>
        <ctx:CreationTime>2026-06-27T16:47:04Z</ctx:CreationTime>
      </ctx:CreationTimeExtension>
    </extensions>
  </wpt>

  <wpt lat="48.43005146831274" lon="-123.35269577801228">
    <ele>0</ele>
    <time>2026-06-27T16:47:04Z</time>
    <name>North Park Bike Shop (1833 Cook St, Victoria, BC V8T 3P5)</name>
    <cmt>North Park Bike Shop&lt;br&gt;&lt;br&gt;1833 Cook St, Victoria, BC V8T 3P5&lt;br&gt;&lt;br&gt;+12503862453&lt;br&gt;&lt;br&gt;Approved Bicycle Shop #14</cmt>
    <desc>North Park Bike Shop&lt;br&gt;&lt;br&gt;1833 Cook St, Victoria, BC V8T 3P5&lt;br&gt;&lt;br&gt;+12503862453&lt;br&gt;&lt;br&gt;Approved Bicycle Shop #14</desc>
    <sym>Bike Trail</sym>
    <type>user</type>
    <extensions>
      <gpxx:WaypointExtension>
        <gpxx:DisplayMode>SymbolAndName</gpxx:DisplayMode>
      </gpxx:WaypointExtension>
      <wptx1:WaypointExtension>
        <wptx1:DisplayMode>SymbolAndName</wptx1:DisplayMode>
      </wptx1:WaypointExtension>
      <ctx:CreationTimeExtension>
        <ctx:CreationTime>2026-06-27T16:47:04Z</ctx:CreationTime>
      </ctx:CreationTimeExtension>
    </extensions>
  </wpt>

  <wpt lat="50.722432835027575" lon="-127.49245413579047">
    <ele>0</ele>
    <time>2026-06-27T16:47:04Z</time>
    <name>North Star Cycle &amp; Sports (7210 Market St, Port Hardy, BC V0N 2P0)</name>
    <cmt>North Star Cycle &amp; Sports&lt;br&gt;&lt;br&gt;7210 Market St, Port Hardy, BC V0N 2P0&lt;br&gt;&lt;br&gt;Approved Bike Shop #138</cmt>
    <desc>North Star Cycle &amp; Sports&lt;br&gt;&lt;br&gt;7210 Market St, Port Hardy, BC V0N 2P0&lt;br&gt;&lt;br&gt;Approved Bike Shop #138</desc>
    <sym>Bike Trail</sym>
    <type>user</type>
    <extensions>
      <gpxx:WaypointExtension>
        <gpxx:DisplayMode>SymbolAndName</gpxx:DisplayMode>
      </gpxx:WaypointExtension>
      <wptx1:WaypointExtension>
        <wptx1:DisplayMode>SymbolAndName</wptx1:DisplayMode>
      </wptx1:WaypointExtension>
      <ctx:CreationTimeExtension>
        <ctx:CreationTime>2026-06-27T16:47:04Z</ctx:CreationTime>
      </ctx:CreationTimeExtension>
    </extensions>
  </wpt>

  <wpt lat="43.830580338835716" lon="-79.019373161718249">
    <ele>0</ele>
    <time>2026-06-27T16:47:04Z</time>
    <name>Northern Cycle (889 Westney Rd S, Ajax, ON L1S 3M4)</name>
    <cmt>Northern Cycle&lt;br&gt;&lt;br&gt;889 Westney Rd S, Ajax, ON L1S 3M4&lt;br&gt;&lt;br&gt;Approved Bike Shop #139</cmt>
    <desc>Northern Cycle&lt;br&gt;&lt;br&gt;889 Westney Rd S, Ajax, ON L1S 3M4&lt;br&gt;&lt;br&gt;Approved Bike Shop #139</desc>
    <sym>Bike Trail</sym>
    <type>user</type>
    <extensions>
      <gpxx:WaypointExtension>
        <gpxx:DisplayMode>SymbolAndName</gpxx:DisplayMode>
      </gpxx:WaypointExtension>
      <wptx1:WaypointExtension>
        <wptx1:DisplayMode>SymbolAndName</wptx1:DisplayMode>
      </wptx1:WaypointExtension>
      <ctx:CreationTimeExtension>
        <ctx:CreationTime>2026-06-27T16:47:04Z</ctx:CreationTime>
      </ctx:CreationTimeExtension>
    </extensions>
  </wpt>

  <wpt lat="48.426597118377686" lon="-123.32290649414062">
    <ele>0</ele>
    <time>2026-06-27T16:47:04Z</time>
    <name>Oak Bay Bicycles (1990 Oak Bay Ave, Victoria, BC V8R 1E2)</name>
    <cmt>Oak Bay Bicycles&lt;br&gt;&lt;br&gt;1990 Oak Bay Ave, Victoria, BC V8R 1E2&lt;br&gt;&lt;br&gt;+12505984111&lt;br&gt;&lt;br&gt;Approved Bicycle Shop #28</cmt>
    <desc>Oak Bay Bicycles&lt;br&gt;&lt;br&gt;1990 Oak Bay Ave, Victoria, BC V8R 1E2&lt;br&gt;&lt;br&gt;+12505984111&lt;br&gt;&lt;br&gt;Approved Bicycle Shop #28</desc>
    <sym>Bike Trail</sym>
    <type>user</type>
    <extensions>
      <gpxx:WaypointExtension>
        <gpxx:DisplayMode>SymbolAndName</gpxx:DisplayMode>
      </gpxx:WaypointExtension>
      <wptx1:WaypointExtension>
        <wptx1:DisplayMode>SymbolAndName</wptx1:DisplayMode>
      </wptx1:WaypointExtension>
      <ctx:CreationTimeExtension>
        <ctx:CreationTime>2026-06-27T16:47:04Z</ctx:CreationTime>
      </ctx:CreationTimeExtension>
    </extensions>
  </wpt>

  <wpt lat="49.872050285339355" lon="-97.11439847946167">
    <ele>0</ele>
    <time>2026-06-27T16:47:04Z</time>
    <name>Olympia Cycle &amp; Ski (326 St Mary's Rd, Winnipeg, MB R2H 1J9)</name>
    <cmt>Olympia Cycle &amp; Ski&lt;br&gt;&lt;br&gt;326 St Mary's Rd, Winnipeg, MB R2H 1J9&lt;br&gt;&lt;br&gt;Approved Bike Shop #140</cmt>
    <desc>Olympia Cycle &amp; Ski&lt;br&gt;&lt;br&gt;326 St Mary's Rd, Winnipeg, MB R2H 1J9&lt;br&gt;&lt;br&gt;Approved Bike Shop #140</desc>
    <sym>Bike Trail</sym>
    <type>user</type>
    <extensions>
      <gpxx:WaypointExtension>
        <gpxx:DisplayMode>SymbolAndName</gpxx:DisplayMode>
      </gpxx:WaypointExtension>
      <wptx1:WaypointExtension>
        <wptx1:DisplayMode>SymbolAndName</wptx1:DisplayMode>
      </wptx1:WaypointExtension>
      <ctx:CreationTimeExtension>
        <ctx:CreationTime>2026-06-27T16:47:04Z</ctx:CreationTime>
      </ctx:CreationTimeExtension>
    </extensions>
  </wpt>

  <wpt lat="49.836429124698043" lon="-119.61689528077841">
    <ele>0</ele>
    <time>2026-06-27T16:47:04Z</time>
    <name>Outbound Cycle &amp; Sport (3011 Louie Dr, Westbank, BC V4T 3E3)</name>
    <cmt>Outbound Cycle &amp; Sport&lt;br&gt;&lt;br&gt;3011 Louie Dr, Westbank, BC V4T 3E3&lt;br&gt;&lt;br&gt;Approved Bike Shop #141</cmt>
    <desc>Outbound Cycle &amp; Sport&lt;br&gt;&lt;br&gt;3011 Louie Dr, Westbank, BC V4T 3E3&lt;br&gt;&lt;br&gt;Approved Bike Shop #141</desc>
    <sym>Bike Trail</sym>
    <type>user</type>
    <extensions>
      <gpxx:WaypointExtension>
        <gpxx:DisplayMode>SymbolAndName</gpxx:DisplayMode>
      </gpxx:WaypointExtension>
      <wptx1:WaypointExtension>
        <wptx1:DisplayMode>SymbolAndName</wptx1:DisplayMode>
      </wptx1:WaypointExtension>
      <ctx:CreationTimeExtension>
        <ctx:CreationTime>2026-06-27T16:47:04Z</ctx:CreationTime>
      </ctx:CreationTimeExtension>
    </extensions>
  </wpt>

  <wpt lat="51.092541217803955" lon="-115.35681009292603">
    <ele>0</ele>
    <time>2026-06-27T16:47:04Z</time>
    <name>Outside Bike and Ski (1160 Railway Ave Unit 110, Canmore, AB T1W 1P4)</name>
    <cmt>Outside Bike and Ski&lt;br&gt;&lt;br&gt;1160 Railway Ave Unit 110, Canmore, AB T1W 1P4&lt;br&gt;&lt;br&gt;Approved Bike Shop #142</cmt>
    <desc>Outside Bike and Ski&lt;br&gt;&lt;br&gt;1160 Railway Ave Unit 110, Canmore, AB T1W 1P4&lt;br&gt;&lt;br&gt;Approved Bike Shop #142</desc>
    <sym>Bike Trail</sym>
    <type>user</type>
    <extensions>
      <gpxx:WaypointExtension>
        <gpxx:DisplayMode>SymbolAndName</gpxx:DisplayMode>
      </gpxx:WaypointExtension>
      <wptx1:WaypointExtension>
        <wptx1:DisplayMode>SymbolAndName</wptx1:DisplayMode>
      </wptx1:WaypointExtension>
      <ctx:CreationTimeExtension>
        <ctx:CreationTime>2026-06-27T16:47:04Z</ctx:CreationTime>
      </ctx:CreationTimeExtension>
    </extensions>
  </wpt>

  <wpt lat="48.448772616684437" lon="-123.50075128488243">
    <ele>0</ele>
    <time>2026-06-27T16:47:04Z</time>
    <name>P M Bikes (797 Goldstream Ave, Victoria, BC V9B 2X5)</name>
    <cmt>P M Bikes&lt;br&gt;&lt;br&gt;797 Goldstream Ave, Victoria, BC V9B 2X5&lt;br&gt;&lt;br&gt;+12504783312&lt;br&gt;&lt;br&gt;Approved Bicycle Shop #4</cmt>
    <desc>P M Bikes&lt;br&gt;&lt;br&gt;797 Goldstream Ave, Victoria, BC V9B 2X5&lt;br&gt;&lt;br&gt;+12504783312&lt;br&gt;&lt;br&gt;Approved Bicycle Shop #4</desc>
    <sym>Bike Trail</sym>
    <type>user</type>
    <extensions>
      <gpxx:WaypointExtension>
        <gpxx:DisplayMode>SymbolAndName</gpxx:DisplayMode>
      </gpxx:WaypointExtension>
      <wptx1:WaypointExtension>
        <wptx1:DisplayMode>SymbolAndName</wptx1:DisplayMode>
      </wptx1:WaypointExtension>
      <ctx:CreationTimeExtension>
        <ctx:CreationTime>2026-06-27T16:47:04Z</ctx:CreationTime>
      </ctx:CreationTimeExtension>
    </extensions>
  </wpt>

  <wpt lat="50.283631067723036" lon="-107.80059386976063">
    <ele>0</ele>
    <time>2026-06-27T16:47:04Z</time>
    <name>Pedal Works Bike Shop (15 Cheadle St W, Swift Current, SK S9H 0B1)</name>
    <cmt>Pedal Works Bike Shop&lt;br&gt;&lt;br&gt;15 Cheadle St W, Swift Current, SK S9H 0B1&lt;br&gt;&lt;br&gt;Approved Bike Shop #143</cmt>
    <desc>Pedal Works Bike Shop&lt;br&gt;&lt;br&gt;15 Cheadle St W, Swift Current, SK S9H 0B1&lt;br&gt;&lt;br&gt;Approved Bike Shop #143</desc>
    <sym>Bike Trail</sym>
    <type>user</type>
    <extensions>
      <gpxx:WaypointExtension>
        <gpxx:DisplayMode>SymbolAndName</gpxx:DisplayMode>
      </gpxx:WaypointExtension>
      <wptx1:WaypointExtension>
        <wptx1:DisplayMode>SymbolAndName</wptx1:DisplayMode>
      </wptx1:WaypointExtension>
      <ctx:CreationTimeExtension>
        <ctx:CreationTime>2026-06-27T16:47:04Z</ctx:CreationTime>
      </ctx:CreationTimeExtension>
    </extensions>
  </wpt>

  <wpt lat="49.165952811017632" lon="-121.95226642303169">
    <ele>0</ele>
    <time>2026-06-27T16:47:04Z</time>
    <name>PedalSport (9020 Young Rd, Chilliwack, BC V2P 4R8)</name>
    <cmt>PedalSport&lt;br&gt;&lt;br&gt;9020 Young Rd, Chilliwack, BC V2P 4R8&lt;br&gt;&lt;br&gt;+16047952453&lt;br&gt;&lt;br&gt;Approved Bicycle Shop #21</cmt>
    <desc>PedalSport&lt;br&gt;&lt;br&gt;9020 Young Rd, Chilliwack, BC V2P 4R8&lt;br&gt;&lt;br&gt;+16047952453&lt;br&gt;&lt;br&gt;Approved Bicycle Shop #21</desc>
    <sym>Bike Trail</sym>
    <type>user</type>
    <extensions>
      <gpxx:WaypointExtension>
        <gpxx:DisplayMode>SymbolAndName</gpxx:DisplayMode>
      </gpxx:WaypointExtension>
      <wptx1:WaypointExtension>
        <wptx1:DisplayMode>SymbolAndName</wptx1:DisplayMode>
      </wptx1:WaypointExtension>
      <ctx:CreationTimeExtension>
        <ctx:CreationTime>2026-06-27T16:47:04Z</ctx:CreationTime>
      </ctx:CreationTimeExtension>
    </extensions>
  </wpt>

  <wpt lat="45.412523662671447" lon="-75.680394172668457">
    <ele>0</ele>
    <time>2026-06-27T16:47:04Z</time>
    <name>Phat Moose Cycles (98 Hawthorne Ave, Ottawa, ON K1S 0B1)</name>
    <cmt>Phat Moose Cycles&lt;br&gt;&lt;br&gt;98 Hawthorne Ave, Ottawa, ON K1S 0B1&lt;br&gt;&lt;br&gt;Approved Bike Shop #144</cmt>
    <desc>Phat Moose Cycles&lt;br&gt;&lt;br&gt;98 Hawthorne Ave, Ottawa, ON K1S 0B1&lt;br&gt;&lt;br&gt;Approved Bike Shop #144</desc>
    <sym>Bike Trail</sym>
    <type>user</type>
    <extensions>
      <gpxx:WaypointExtension>
        <gpxx:DisplayMode>SymbolAndName</gpxx:DisplayMode>
      </gpxx:WaypointExtension>
      <wptx1:WaypointExtension>
        <wptx1:DisplayMode>SymbolAndName</wptx1:DisplayMode>
      </wptx1:WaypointExtension>
      <ctx:CreationTimeExtension>
        <ctx:CreationTime>2026-06-27T16:47:04Z</ctx:CreationTime>
      </ctx:CreationTimeExtension>
    </extensions>
  </wpt>

  <wpt lat="45.577747821807861" lon="-62.684361934661865">
    <ele>0</ele>
    <time>2026-06-27T16:47:04Z</time>
    <name>Pictou County Cycle &amp; Repair Service (2619 Westville Rd, New Glasgow, NS B2H 5C6)</name>
    <cmt>Pictou County Cycle &amp; Repair Service&lt;br&gt;&lt;br&gt;2619 Westville Rd, New Glasgow, NS B2H 5C6&lt;br&gt;&lt;br&gt;Approved Bike Shop #145</cmt>
    <desc>Pictou County Cycle &amp; Repair Service&lt;br&gt;&lt;br&gt;2619 Westville Rd, New Glasgow, NS B2H 5C6&lt;br&gt;&lt;br&gt;Approved Bike Shop #145</desc>
    <sym>Bike Trail</sym>
    <type>user</type>
    <extensions>
      <gpxx:WaypointExtension>
        <gpxx:DisplayMode>SymbolAndName</gpxx:DisplayMode>
      </gpxx:WaypointExtension>
      <wptx1:WaypointExtension>
        <wptx1:DisplayMode>SymbolAndName</wptx1:DisplayMode>
      </wptx1:WaypointExtension>
      <ctx:CreationTimeExtension>
        <ctx:CreationTime>2026-06-27T16:47:04Z</ctx:CreationTime>
      </ctx:CreationTimeExtension>
    </extensions>
  </wpt>

  <wpt lat="48.422605991363525" lon="-123.35451356135309">
    <ele>0</ele>
    <time>2026-06-27T16:47:04Z</time>
    <name>PitStop Bikes Victoria (1014 Cook St, Victoria, BC V8V 3Z5)</name>
    <cmt>PitStop Bikes Victoria&lt;br&gt;&lt;br&gt;1014 Cook St, Victoria, BC V8V 3Z5&lt;br&gt;&lt;br&gt;+17784403750&lt;br&gt;&lt;br&gt;Approved Bicycle Shop #29</cmt>
    <desc>PitStop Bikes Victoria&lt;br&gt;&lt;br&gt;1014 Cook St, Victoria, BC V8V 3Z5&lt;br&gt;&lt;br&gt;+17784403750&lt;br&gt;&lt;br&gt;Approved Bicycle Shop #29</desc>
    <sym>Bike Trail</sym>
    <type>user</type>
    <extensions>
      <gpxx:WaypointExtension>
        <gpxx:DisplayMode>SymbolAndName</gpxx:DisplayMode>
      </gpxx:WaypointExtension>
      <wptx1:WaypointExtension>
        <wptx1:DisplayMode>SymbolAndName</wptx1:DisplayMode>
      </wptx1:WaypointExtension>
      <ctx:CreationTimeExtension>
        <ctx:CreationTime>2026-06-27T16:47:04Z</ctx:CreationTime>
      </ctx:CreationTimeExtension>
    </extensions>
  </wpt>

  <wpt lat="43.777485424652696" lon="-79.614178659394383">
    <ele>0</ele>
    <time>2026-06-27T16:47:04Z</time>
    <name>Potenza Cycle &amp; Fitness (5732 Hwy 7 Unit #1A, Woodbridge, ON L4L 3A2)</name>
    <cmt>Potenza Cycle &amp; Fitness&lt;br&gt;&lt;br&gt;5732 Hwy 7 Unit #1A, Woodbridge, ON L4L 3A2&lt;br&gt;&lt;br&gt;Approved Bike Shop #146</cmt>
    <desc>Potenza Cycle &amp; Fitness&lt;br&gt;&lt;br&gt;5732 Hwy 7 Unit #1A, Woodbridge, ON L4L 3A2&lt;br&gt;&lt;br&gt;Approved Bike Shop #146</desc>
    <sym>Bike Trail</sym>
    <type>user</type>
    <extensions>
      <gpxx:WaypointExtension>
        <gpxx:DisplayMode>SymbolAndName</gpxx:DisplayMode>
      </gpxx:WaypointExtension>
      <wptx1:WaypointExtension>
        <wptx1:DisplayMode>SymbolAndName</wptx1:DisplayMode>
      </wptx1:WaypointExtension>
      <ctx:CreationTimeExtension>
        <ctx:CreationTime>2026-06-27T16:47:04Z</ctx:CreationTime>
      </ctx:CreationTimeExtension>
    </extensions>
  </wpt>

  <wpt lat="44.587798118591309" lon="-75.687732696533203">
    <ele>0</ele>
    <time>2026-06-27T16:47:04Z</time>
    <name>Q.J. Johnny (198 King St W, Brockville, ON K6V 3R5)</name>
    <cmt>Q.J. Johnny&lt;br&gt;&lt;br&gt;198 King St W, Brockville, ON K6V 3R5&lt;br&gt;&lt;br&gt;+16133425543&lt;br&gt;&lt;br&gt;Approved Bike Shop #147</cmt>
    <desc>Q.J. Johnny&lt;br&gt;&lt;br&gt;198 King St W, Brockville, ON K6V 3R5&lt;br&gt;&lt;br&gt;+16133425543&lt;br&gt;&lt;br&gt;Approved Bike Shop #147</desc>
    <sym>Bike Trail</sym>
    <type>user</type>
    <extensions>
      <gpxx:WaypointExtension>
        <gpxx:DisplayMode>SymbolAndName</gpxx:DisplayMode>
      </gpxx:WaypointExtension>
      <wptx1:WaypointExtension>
        <wptx1:DisplayMode>SymbolAndName</wptx1:DisplayMode>
      </wptx1:WaypointExtension>
      <ctx:CreationTimeExtension>
        <ctx:CreationTime>2026-06-27T16:47:04Z</ctx:CreationTime>
      </ctx:CreationTimeExtension>
    </extensions>
  </wpt>

  <wpt lat="54.524514405056834" lon="-128.58772999607027">
    <ele>0</ele>
    <time>2026-06-27T16:47:04Z</time>
    <name>R.E.D Cycles (4618 Straume Ave, Terrace, BC V8G 2C3)</name>
    <cmt>R.E.D Cycles&lt;br&gt;&lt;br&gt;4618 Straume Ave, Terrace, BC V8G 2C3&lt;br&gt;&lt;br&gt;+12506151025&lt;br&gt;&lt;br&gt;Approved Bike Shop #148</cmt>
    <desc>R.E.D Cycles&lt;br&gt;&lt;br&gt;4618 Straume Ave, Terrace, BC V8G 2C3&lt;br&gt;&lt;br&gt;+12506151025&lt;br&gt;&lt;br&gt;Approved Bike Shop #148</desc>
    <sym>Bike Trail</sym>
    <type>user</type>
    <extensions>
      <gpxx:WaypointExtension>
        <gpxx:DisplayMode>SymbolAndName</gpxx:DisplayMode>
      </gpxx:WaypointExtension>
      <wptx1:WaypointExtension>
        <wptx1:DisplayMode>SymbolAndName</wptx1:DisplayMode>
      </wptx1:WaypointExtension>
      <ctx:CreationTimeExtension>
        <ctx:CreationTime>2026-06-27T16:47:04Z</ctx:CreationTime>
      </ctx:CreationTimeExtension>
    </extensions>
  </wpt>

  <wpt lat="48.444046396762133" lon="-123.51061183959246">
    <ele>0</ele>
    <time>2026-06-27T16:47:04Z</time>
    <name>Re-Buy-Cycle Shop (2920 Jacklin Rd Unit 110, Victoria, BC V9B 3Y5)</name>
    <cmt>Re-Buy-Cycle Shop&lt;br&gt;&lt;br&gt;2920 Jacklin Rd Unit 110, Victoria, BC V9B 3Y5&lt;br&gt;&lt;br&gt;+17786799560&lt;br&gt;&lt;br&gt;Approved Bike Shop #39</cmt>
    <desc>Re-Buy-Cycle Shop&lt;br&gt;&lt;br&gt;2920 Jacklin Rd Unit 110, Victoria, BC V9B 3Y5&lt;br&gt;&lt;br&gt;+17786799560&lt;br&gt;&lt;br&gt;Approved Bike Shop #39</desc>
    <sym>Bike Trail</sym>
    <type>user</type>
    <extensions>
      <gpxx:WaypointExtension>
        <gpxx:DisplayMode>SymbolAndName</gpxx:DisplayMode>
      </gpxx:WaypointExtension>
      <wptx1:WaypointExtension>
        <wptx1:DisplayMode>SymbolAndName</wptx1:DisplayMode>
      </wptx1:WaypointExtension>
      <ctx:CreationTimeExtension>
        <ctx:CreationTime>2026-06-27T16:47:04Z</ctx:CreationTime>
      </ctx:CreationTimeExtension>
    </extensions>
  </wpt>

  <wpt lat="48.00363932736218" lon="-66.680351961404085">
    <ele>0</ele>
    <time>2026-06-27T16:47:04Z</time>
    <name>Rebels Bike Shop (116 Roseberry St, Campbellton, NB E3N 2G9)</name>
    <cmt>Rebels Bike Shop&lt;br&gt;&lt;br&gt;116 Roseberry St, Campbellton, NB E3N 2G9&lt;br&gt;&lt;br&gt;Approved Bike Shop #149</cmt>
    <desc>Rebels Bike Shop&lt;br&gt;&lt;br&gt;116 Roseberry St, Campbellton, NB E3N 2G9&lt;br&gt;&lt;br&gt;Approved Bike Shop #149</desc>
    <sym>Bike Trail</sym>
    <type>user</type>
    <extensions>
      <gpxx:WaypointExtension>
        <gpxx:DisplayMode>SymbolAndName</gpxx:DisplayMode>
      </gpxx:WaypointExtension>
      <wptx1:WaypointExtension>
        <wptx1:DisplayMode>SymbolAndName</wptx1:DisplayMode>
      </wptx1:WaypointExtension>
      <ctx:CreationTimeExtension>
        <ctx:CreationTime>2026-06-27T16:47:04Z</ctx:CreationTime>
      </ctx:CreationTimeExtension>
    </extensions>
  </wpt>

  <wpt lat="51.089365482330322" lon="-115.36367646418512">
    <ele>0</ele>
    <time>2026-06-27T16:47:04Z</time>
    <name>Rebound Cycle (902 8 St, Canmore, AB T1W 2B8)</name>
    <cmt>Rebound Cycle&lt;br&gt;&lt;br&gt;902 8 St, Canmore, AB T1W 2B8&lt;br&gt;&lt;br&gt;Approved Bike Shop #152</cmt>
    <desc>Rebound Cycle&lt;br&gt;&lt;br&gt;902 8 St, Canmore, AB T1W 2B8&lt;br&gt;&lt;br&gt;Approved Bike Shop #152</desc>
    <sym>Bike Trail</sym>
    <type>user</type>
    <extensions>
      <gpxx:WaypointExtension>
        <gpxx:DisplayMode>SymbolAndName</gpxx:DisplayMode>
      </gpxx:WaypointExtension>
      <wptx1:WaypointExtension>
        <wptx1:DisplayMode>SymbolAndName</wptx1:DisplayMode>
      </wptx1:WaypointExtension>
      <ctx:CreationTimeExtension>
        <ctx:CreationTime>2026-06-27T16:47:04Z</ctx:CreationTime>
      </ctx:CreationTimeExtension>
    </extensions>
  </wpt>

  <wpt lat="48.455729763954878" lon="-123.37827390991151">
    <ele>0</ele>
    <time>2026-06-27T16:47:04Z</time>
    <name>Recyclistas Bike Shop (25 Crease Ave, Victoria, BC V8Z 1S4)</name>
    <cmt>Recyclistas Bike Shop&lt;br&gt;&lt;br&gt;25 Crease Ave, Victoria, BC V8Z 1S4&lt;br&gt;&lt;br&gt;+12504188867&lt;br&gt;&lt;br&gt;Approved Bike Shop #38</cmt>
    <desc>Recyclistas Bike Shop&lt;br&gt;&lt;br&gt;25 Crease Ave, Victoria, BC V8Z 1S4&lt;br&gt;&lt;br&gt;+12504188867&lt;br&gt;&lt;br&gt;Approved Bike Shop #38</desc>
    <sym>Bike Trail</sym>
    <type>user</type>
    <extensions>
      <gpxx:WaypointExtension>
        <gpxx:DisplayMode>SymbolAndName</gpxx:DisplayMode>
      </gpxx:WaypointExtension>
      <wptx1:WaypointExtension>
        <wptx1:DisplayMode>SymbolAndName</wptx1:DisplayMode>
      </wptx1:WaypointExtension>
      <ctx:CreationTimeExtension>
        <ctx:CreationTime>2026-06-27T16:47:04Z</ctx:CreationTime>
      </ctx:CreationTimeExtension>
    </extensions>
  </wpt>

  <wpt lat="48.421679958701134" lon="-89.237131476402283">
    <ele>0</ele>
    <time>2026-06-27T16:47:04Z</time>
    <name>Rollin' Thunder Bike &amp; Ski (485 Memorial Ave, Thunder Bay, ON P7B 3Y6)</name>
    <cmt>Rollin' Thunder Bike &amp; Ski&lt;br&gt;&lt;br&gt;485 Memorial Ave, Thunder Bay, ON P7B 3Y6&lt;br&gt;&lt;br&gt;Approved Bike Shop #150</cmt>
    <desc>Rollin' Thunder Bike &amp; Ski&lt;br&gt;&lt;br&gt;485 Memorial Ave, Thunder Bay, ON P7B 3Y6&lt;br&gt;&lt;br&gt;Approved Bike Shop #150</desc>
    <sym>Bike Trail</sym>
    <type>user</type>
    <extensions>
      <gpxx:WaypointExtension>
        <gpxx:DisplayMode>SymbolAndName</gpxx:DisplayMode>
      </gpxx:WaypointExtension>
      <wptx1:WaypointExtension>
        <wptx1:DisplayMode>SymbolAndName</wptx1:DisplayMode>
      </wptx1:WaypointExtension>
      <ctx:CreationTimeExtension>
        <ctx:CreationTime>2026-06-27T16:47:04Z</ctx:CreationTime>
      </ctx:CreationTimeExtension>
    </extensions>
  </wpt>

  <wpt lat="53.880849536508322" lon="-122.77275256812572">
    <ele>0</ele>
    <time>2026-06-27T16:47:04Z</time>
    <name>Ruckus Skis Boards &amp; Bikes Ltd (2629 Vance Rd, Prince George, BC V2N 1N5)</name>
    <cmt>Ruckus Skis Boards &amp; Bikes&lt;br&gt;&lt;br&gt;2629 Vance Rd, Prince George, BC V2N 1N5&lt;br&gt;&lt;br&gt;Approved Bike Shop #151</cmt>
    <desc>Ruckus Skis Boards &amp; Bikes&lt;br&gt;&lt;br&gt;2629 Vance Rd, Prince George, BC V2N 1N5&lt;br&gt;&lt;br&gt;Approved Bike Shop #151</desc>
    <sym>Bike Trail</sym>
    <type>user</type>
    <extensions>
      <gpxx:WaypointExtension>
        <gpxx:DisplayMode>SymbolAndName</gpxx:DisplayMode>
      </gpxx:WaypointExtension>
      <wptx1:WaypointExtension>
        <wptx1:DisplayMode>SymbolAndName</wptx1:DisplayMode>
      </wptx1:WaypointExtension>
      <ctx:CreationTimeExtension>
        <ctx:CreationTime>2026-06-27T16:47:04Z</ctx:CreationTime>
      </ctx:CreationTimeExtension>
    </extensions>
  </wpt>

  <wpt lat="48.647782802581787" lon="-123.3995532989502">
    <ele>0</ele>
    <time>2026-06-27T16:47:04Z</time>
    <name>Russ Hay's Bike Shop (2426 Bevan Ave, Sidney, BC V8L 1W1)</name>
    <cmt>Russ Hay's Bike Shop&lt;br&gt;&lt;br&gt;2426 Bevan Ave, Sidney, BC V8L 1W1&lt;br&gt;&lt;br&gt;+12506561512&lt;br&gt;&lt;br&gt;Approved Bicycle Shop #41</cmt>
    <desc>Russ Hay's Bike Shop&lt;br&gt;&lt;br&gt;2426 Bevan Ave, Sidney, BC V8L 1W1&lt;br&gt;&lt;br&gt;+12506561512&lt;br&gt;&lt;br&gt;Approved Bicycle Shop #41</desc>
    <sym>Bike Trail</sym>
    <type>user</type>
    <extensions>
      <gpxx:WaypointExtension>
        <gpxx:DisplayMode>SymbolAndName</gpxx:DisplayMode>
      </gpxx:WaypointExtension>
      <wptx1:WaypointExtension>
        <wptx1:DisplayMode>SymbolAndName</wptx1:DisplayMode>
      </wptx1:WaypointExtension>
      <ctx:CreationTimeExtension>
        <ctx:CreationTime>2026-06-27T16:47:04Z</ctx:CreationTime>
      </ctx:CreationTimeExtension>
    </extensions>
  </wpt>

  <wpt lat="48.438291465863585" lon="-123.36818218231201">
    <ele>0</ele>
    <time>2026-06-27T16:47:04Z</time>
    <name>Russ Hay's The Bicycle Shop (Hillside) 650 Hillside Ave, Victoria, BC V8T 1Z2</name>
    <cmt>Russ Hay's The Bicycle Shop&lt;br&gt;&lt;br&gt;650 Hillside Ave, Victoria, BC V8T 1Z2&lt;br&gt;&lt;br&gt;+12503844722&lt;br&gt;&lt;br&gt;Approved Bicycle Shop #17</cmt>
    <desc>Russ Hay's The Bicycle Shop&lt;br&gt;&lt;br&gt;650 Hillside Ave, Victoria, BC V8T 1Z2&lt;br&gt;&lt;br&gt;+12503844722&lt;br&gt;&lt;br&gt;Approved Bicycle Shop #17</desc>
    <sym>Bike Trail</sym>
    <type>user</type>
    <extensions>
      <gpxx:WaypointExtension>
        <gpxx:DisplayMode>SymbolAndName</gpxx:DisplayMode>
      </gpxx:WaypointExtension>
      <wptx1:WaypointExtension>
        <wptx1:DisplayMode>SymbolAndName</wptx1:DisplayMode>
      </wptx1:WaypointExtension>
      <ctx:CreationTimeExtension>
        <ctx:CreationTime>2026-06-27T16:47:04Z</ctx:CreationTime>
      </ctx:CreationTimeExtension>
    </extensions>
  </wpt>

  <wpt lat="45.961727667599916" lon="-66.641812808811665">
    <ele>0</ele>
    <time>2026-06-27T16:47:04Z</time>
    <name>Savage's Bicycle Center (441 King St, Fredericton, NB E3B 1E5)</name>
    <cmt>Savage's Bicycle Center&lt;br&gt;&lt;br&gt;441 King St, Fredericton, NB E3B 1E5&lt;br&gt;&lt;br&gt;Approved Bike Shop #153</cmt>
    <desc>Savage's Bicycle Center&lt;br&gt;&lt;br&gt;441 King St, Fredericton, NB E3B 1E5&lt;br&gt;&lt;br&gt;Approved Bike Shop #153</desc>
    <sym>Bike Trail</sym>
    <type>user</type>
    <extensions>
      <gpxx:WaypointExtension>
        <gpxx:DisplayMode>SymbolAndName</gpxx:DisplayMode>
      </gpxx:WaypointExtension>
      <wptx1:WaypointExtension>
        <wptx1:DisplayMode>SymbolAndName</wptx1:DisplayMode>
      </wptx1:WaypointExtension>
      <ctx:CreationTimeExtension>
        <ctx:CreationTime>2026-06-27T16:47:04Z</ctx:CreationTime>
      </ctx:CreationTimeExtension>
    </extensions>
  </wpt>

  <wpt lat="49.03375368565321" lon="-118.4360433742404">
    <ele>0</ele>
    <time>2026-06-27T16:47:04Z</time>
    <name>Seasons Outdoors (7330 Riverside Dr #103, Grand Forks, BC V0H 1H0)</name>
    <cmt>Seasons Outdoors&lt;br&gt;&lt;br&gt;7330 Riverside Dr #103, Grand Forks, BC V0H 1H0&lt;br&gt;&lt;br&gt;Approved Bike Shop #154</cmt>
    <desc>Seasons Outdoors&lt;br&gt;&lt;br&gt;7330 Riverside Dr #103, Grand Forks, BC V0H 1H0&lt;br&gt;&lt;br&gt;Approved Bike Shop #154</desc>
    <sym>Bike Trail</sym>
    <type>user</type>
    <extensions>
      <gpxx:WaypointExtension>
        <gpxx:DisplayMode>SymbolAndName</gpxx:DisplayMode>
      </gpxx:WaypointExtension>
      <wptx1:WaypointExtension>
        <wptx1:DisplayMode>SymbolAndName</wptx1:DisplayMode>
      </wptx1:WaypointExtension>
      <ctx:CreationTimeExtension>
        <ctx:CreationTime>2026-06-27T16:47:04Z</ctx:CreationTime>
      </ctx:CreationTimeExtension>
    </extensions>
  </wpt>

  <wpt lat="54.03033466078341" lon="-124.00050859898329">
    <ele>0</ele>
    <time>2026-06-27T16:47:04Z</time>
    <name>Senders Bike Shop (call for appointment) (384 Seyforth Dr, Vanderhoof, BC V0J 3A2)</name>
    <cmt>Senders Bike Shop&lt;br&gt;&lt;br&gt;384 Seyforth Dr, Vanderhoof, BC V0J 3A2&lt;br&gt;&lt;br&gt;+12505670929&lt;br&gt;&lt;br&gt;Approved Bike Shop #155</cmt>
    <desc>Senders Bike Shop&lt;br&gt;&lt;br&gt;384 Seyforth Dr, Vanderhoof, BC V0J 3A2&lt;br&gt;&lt;br&gt;+12505670929&lt;br&gt;&lt;br&gt;Approved Bike Shop #155</desc>
    <sym>Bike Trail</sym>
    <type>user</type>
    <extensions>
      <gpxx:WaypointExtension>
        <gpxx:DisplayMode>SymbolAndName</gpxx:DisplayMode>
      </gpxx:WaypointExtension>
      <wptx1:WaypointExtension>
        <wptx1:DisplayMode>SymbolAndName</wptx1:DisplayMode>
      </wptx1:WaypointExtension>
      <ctx:CreationTimeExtension>
        <ctx:CreationTime>2026-06-27T16:47:04Z</ctx:CreationTime>
      </ctx:CreationTimeExtension>
    </extensions>
  </wpt>

  <wpt lat="46.50656646117568" lon="-80.987030128017068">
    <ele>0</ele>
    <time>2026-06-27T16:47:04Z</time>
    <name>Sessions Ride Company (609 Notre Dame Ave, Sudbury, ON P3C 5L4)</name>
    <cmt>Sessions Ride Company&lt;br&gt;&lt;br&gt;609 Notre Dame Ave, Sudbury, ON P3C 5L4&lt;br&gt;&lt;br&gt;Approved Bike Shop #156</cmt>
    <desc>Sessions Ride Company&lt;br&gt;&lt;br&gt;609 Notre Dame Ave, Sudbury, ON P3C 5L4&lt;br&gt;&lt;br&gt;Approved Bike Shop #156</desc>
    <sym>Bike Trail</sym>
    <type>user</type>
    <extensions>
      <gpxx:WaypointExtension>
        <gpxx:DisplayMode>SymbolAndName</gpxx:DisplayMode>
      </gpxx:WaypointExtension>
      <wptx1:WaypointExtension>
        <wptx1:DisplayMode>SymbolAndName</wptx1:DisplayMode>
      </wptx1:WaypointExtension>
      <ctx:CreationTimeExtension>
        <ctx:CreationTime>2026-06-27T16:47:04Z</ctx:CreationTime>
      </ctx:CreationTimeExtension>
    </extensions>
  </wpt>

  <wpt lat="49.279255270957947" lon="-123.11589318327606">
    <ele>0</ele>
    <time>2026-06-27T16:47:04Z</time>
    <name>Simon's Bike Shop (Library Square, 345 Robson St #203, Vancouver, BC V6B 6B3)</name>
    <cmt>Simon's Bike Shop&lt;br&gt;&lt;br&gt;Library Square, 345 Robson St #203, Vancouver, BC V6B 6B3&lt;br&gt;&lt;br&gt;+16046021181&lt;br&gt;&lt;br&gt;Approved Bike Shop #48</cmt>
    <desc>Simon's Bike Shop&lt;br&gt;&lt;br&gt;Library Square, 345 Robson St #203, Vancouver, BC V6B 6B3&lt;br&gt;&lt;br&gt;+16046021181&lt;br&gt;&lt;br&gt;Approved Bike Shop #48</desc>
    <sym>Bike Trail</sym>
    <type>user</type>
    <extensions>
      <gpxx:WaypointExtension>
        <gpxx:DisplayMode>SymbolAndName</gpxx:DisplayMode>
      </gpxx:WaypointExtension>
      <wptx1:WaypointExtension>
        <wptx1:DisplayMode>SymbolAndName</wptx1:DisplayMode>
      </wptx1:WaypointExtension>
      <ctx:CreationTimeExtension>
        <ctx:CreationTime>2026-06-27T16:47:04Z</ctx:CreationTime>
      </ctx:CreationTimeExtension>
    </extensions>
  </wpt>

  <wpt lat="49.381378283724189" lon="-121.43435994163156">
    <ele>0</ele>
    <time>2026-06-27T16:47:04Z</time>
    <name>Sixth Avenue Sports (835 6 Ave, Hope, BC V0X 1L0)</name>
    <cmt>Sixth Avenue Sports&lt;br&gt;&lt;br&gt;835 6 Ave, Hope, BC V0X 1L0&lt;br&gt;&lt;br&gt;+16048692345&lt;br&gt;&lt;br&gt;Approved Bike Shop #50</cmt>
    <desc>Sixth Avenue Sports&lt;br&gt;&lt;br&gt;835 6 Ave, Hope, BC V0X 1L0&lt;br&gt;&lt;br&gt;+16048692345&lt;br&gt;&lt;br&gt;Approved Bike Shop #50</desc>
    <sym>Bike Trail</sym>
    <type>user</type>
    <extensions>
      <gpxx:WaypointExtension>
        <gpxx:DisplayMode>SymbolAndName</gpxx:DisplayMode>
      </gpxx:WaypointExtension>
      <wptx1:WaypointExtension>
        <wptx1:DisplayMode>SymbolAndName</wptx1:DisplayMode>
      </wptx1:WaypointExtension>
      <ctx:CreationTimeExtension>
        <ctx:CreationTime>2026-06-27T16:47:04Z</ctx:CreationTime>
      </ctx:CreationTimeExtension>
    </extensions>
  </wpt>

  <wpt lat="50.700852870941162" lon="-119.28540953435004">
    <ele>0</ele>
    <time>2026-06-27T16:47:04Z</time>
    <name>Skookum Cycle &amp; Ski Ltd (141 Shuswap St N, Salmon Arm, BC V1E 4N6)</name>
    <cmt>Skookum Cycle &amp; Ski Ltd&lt;br&gt;&lt;br&gt;141 Shuswap St N, Salmon Arm, BC V1E 4N6&lt;br&gt;&lt;br&gt;Approved Bike Shop #157</cmt>
    <desc>Skookum Cycle &amp; Ski Ltd&lt;br&gt;&lt;br&gt;141 Shuswap St N, Salmon Arm, BC V1E 4N6&lt;br&gt;&lt;br&gt;Approved Bike Shop #157</desc>
    <sym>Bike Trail</sym>
    <type>user</type>
    <extensions>
      <gpxx:WaypointExtension>
        <gpxx:DisplayMode>SymbolAndName</gpxx:DisplayMode>
      </gpxx:WaypointExtension>
      <wptx1:WaypointExtension>
        <wptx1:DisplayMode>SymbolAndName</wptx1:DisplayMode>
      </wptx1:WaypointExtension>
      <ctx:CreationTimeExtension>
        <ctx:CreationTime>2026-06-27T16:47:04Z</ctx:CreationTime>
      </ctx:CreationTimeExtension>
    </extensions>
  </wpt>

  <wpt lat="50.998889040201902" lon="-118.19481178186834">
    <ele>0</ele>
    <time>2026-06-27T16:47:04Z</time>
    <name>Skookum Cycle &amp; Ski Revelstoke (116 MacKenzie Ave, Revelstoke, BC V0E 2S0)</name>
    <cmt>Skookum Revelstoke Bike &amp; Ski&lt;br&gt;&lt;br&gt;116 MacKenzie Ave, Revelstoke, BC V0E 2S0&lt;br&gt;&lt;br&gt;Approved Bike Shop #158</cmt>
    <desc>Skookum Revelstoke Bike &amp; Ski&lt;br&gt;&lt;br&gt;116 MacKenzie Ave, Revelstoke, BC V0E 2S0&lt;br&gt;&lt;br&gt;Approved Bike Shop #158</desc>
    <sym>Bike Trail</sym>
    <type>user</type>
    <extensions>
      <gpxx:WaypointExtension>
        <gpxx:DisplayMode>SymbolAndName</gpxx:DisplayMode>
      </gpxx:WaypointExtension>
      <wptx1:WaypointExtension>
        <wptx1:DisplayMode>SymbolAndName</wptx1:DisplayMode>
      </wptx1:WaypointExtension>
      <ctx:CreationTimeExtension>
        <ctx:CreationTime>2026-06-27T16:47:04Z</ctx:CreationTime>
      </ctx:CreationTimeExtension>
    </extensions>
  </wpt>

  <wpt lat="50.282422564923763" lon="-119.25194193609059">
    <ele>0</ele>
    <time>2026-06-27T16:47:04Z</time>
    <name>Skyride - Bike Sales &amp; Service (4815 Silver Star Rd, Vernon, BC V1B 3K3)</name>
    <cmt>Skyride - Bike Sales &amp; Service&lt;br&gt;&lt;br&gt;4815 Silver Star Rd, Vernon, BC V1B 3K3&lt;br&gt;&lt;br&gt;Approved Bike Shop #159</cmt>
    <desc>Skyride - Bike Sales &amp; Service&lt;br&gt;&lt;br&gt;4815 Silver Star Rd, Vernon, BC V1B 3K3&lt;br&gt;&lt;br&gt;Approved Bike Shop #159</desc>
    <sym>Bike Trail</sym>
    <type>user</type>
    <extensions>
      <gpxx:WaypointExtension>
        <gpxx:DisplayMode>SymbolAndName</gpxx:DisplayMode>
      </gpxx:WaypointExtension>
      <wptx1:WaypointExtension>
        <wptx1:DisplayMode>SymbolAndName</wptx1:DisplayMode>
      </wptx1:WaypointExtension>
      <ctx:CreationTimeExtension>
        <ctx:CreationTime>2026-06-27T16:47:04Z</ctx:CreationTime>
      </ctx:CreationTimeExtension>
    </extensions>
  </wpt>

  <wpt lat="49.837426235899329" lon="-119.6120310947299">
    <ele>0</ele>
    <time>2026-06-27T16:47:04Z</time>
    <name>Sovereign Cycle (3480 Carrington Rd #110, West Kelowna, BC V4T 3C1)</name>
    <cmt>Sovereign Cycle&lt;br&gt;&lt;br&gt;3480 Carrington Rd #110, West Kelowna, BC V4T 3C1&lt;br&gt;&lt;br&gt;Approved Bike Shop #160</cmt>
    <desc>Sovereign Cycle&lt;br&gt;&lt;br&gt;3480 Carrington Rd #110, West Kelowna, BC V4T 3C1&lt;br&gt;&lt;br&gt;Approved Bike Shop #160</desc>
    <sym>Bike Trail</sym>
    <type>user</type>
    <extensions>
      <gpxx:WaypointExtension>
        <gpxx:DisplayMode>SymbolAndName</gpxx:DisplayMode>
      </gpxx:WaypointExtension>
      <wptx1:WaypointExtension>
        <wptx1:DisplayMode>SymbolAndName</wptx1:DisplayMode>
      </wptx1:WaypointExtension>
      <ctx:CreationTimeExtension>
        <ctx:CreationTime>2026-06-27T16:47:04Z</ctx:CreationTime>
      </ctx:CreationTimeExtension>
    </extensions>
  </wpt>

  <wpt lat="46.013871235772967" lon="-73.126036673784256">
    <ele>0</ele>
    <time>2026-06-27T16:47:04Z</time>
    <name>St-Pierre Sport De Sorel (1108 Chem. des Patriotes, Sorel-Tracy, QC J3P 6L9)</name>
    <cmt>St-Pierre Sport De Sorel&lt;br&gt;&lt;br&gt;1108 Chem. des Patriotes, Sorel-Tracy, QC J3P 6L9&lt;br&gt;&lt;br&gt;Approved Bike Shop #161</cmt>
    <desc>St-Pierre Sport De Sorel&lt;br&gt;&lt;br&gt;1108 Chem. des Patriotes, Sorel-Tracy, QC J3P 6L9&lt;br&gt;&lt;br&gt;Approved Bike Shop #161</desc>
    <sym>Bike Trail</sym>
    <type>user</type>
    <extensions>
      <gpxx:WaypointExtension>
        <gpxx:DisplayMode>SymbolAndName</gpxx:DisplayMode>
      </gpxx:WaypointExtension>
      <wptx1:WaypointExtension>
        <wptx1:DisplayMode>SymbolAndName</wptx1:DisplayMode>
      </wptx1:WaypointExtension>
      <ctx:CreationTimeExtension>
        <ctx:CreationTime>2026-06-27T16:47:04Z</ctx:CreationTime>
      </ctx:CreationTimeExtension>
    </extensions>
  </wpt>

  <wpt lat="49.502935409545898" lon="-115.06185293197632">
    <ele>0</ele>
    <time>2026-06-27T16:47:04Z</time>
    <name>Straight Line Bicycle &amp; Skis (461 2 Ave, Fernie, BC V0B 1M0)</name>
    <cmt>Straight Line Bicycle &amp; Skis&lt;br&gt;&lt;br&gt;461 2 Ave, Fernie, BC V0B 1M0&lt;br&gt;&lt;br&gt;Approved Bike Shop #162</cmt>
    <desc>Straight Line Bicycle &amp; Skis&lt;br&gt;&lt;br&gt;461 2 Ave, Fernie, BC V0B 1M0&lt;br&gt;&lt;br&gt;Approved Bike Shop #162</desc>
    <sym>Bike Trail</sym>
    <type>user</type>
    <extensions>
      <gpxx:WaypointExtension>
        <gpxx:DisplayMode>SymbolAndName</gpxx:DisplayMode>
      </gpxx:WaypointExtension>
      <wptx1:WaypointExtension>
        <wptx1:DisplayMode>SymbolAndName</wptx1:DisplayMode>
      </wptx1:WaypointExtension>
      <ctx:CreationTimeExtension>
        <ctx:CreationTime>2026-06-27T16:47:04Z</ctx:CreationTime>
      </ctx:CreationTimeExtension>
    </extensions>
  </wpt>

  <wpt lat="48.448655605316162" lon="-123.36215257644653">
    <ele>0</ele>
    <time>2026-06-27T16:47:04Z</time>
    <name>Straight Up Cycles (3198 Quadra St #4, Victoria, BC V8X 1G1)</name>
    <cmt>Straight Up Cycles&lt;br&gt;&lt;br&gt;3198 Quadra St #4, Victoria, BC V8X 1G1&lt;br&gt;&lt;br&gt;+12504801944&lt;br&gt;&lt;br&gt;Approved Bicycle Shop #27</cmt>
    <desc>Straight Up Cycles&lt;br&gt;&lt;br&gt;3198 Quadra St #4, Victoria, BC V8X 1G1&lt;br&gt;&lt;br&gt;+12504801944&lt;br&gt;&lt;br&gt;Approved Bicycle Shop #27</desc>
    <sym>Bike Trail</sym>
    <type>user</type>
    <extensions>
      <gpxx:WaypointExtension>
        <gpxx:DisplayMode>SymbolAndName</gpxx:DisplayMode>
      </gpxx:WaypointExtension>
      <wptx1:WaypointExtension>
        <wptx1:DisplayMode>SymbolAndName</wptx1:DisplayMode>
      </wptx1:WaypointExtension>
      <ctx:CreationTimeExtension>
        <ctx:CreationTime>2026-06-27T16:47:04Z</ctx:CreationTime>
      </ctx:CreationTimeExtension>
    </extensions>
  </wpt>

  <wpt lat="49.852902917191386" lon="-99.960852228105068">
    <ele>0</ele>
    <time>2026-06-27T16:47:04Z</time>
    <name>Stream N Wood (135 17th St N, Brandon, MB R7A 1G6)</name>
    <cmt>Stream N Wood&lt;br&gt;&lt;br&gt;135 17th St N, Brandon, MB R7A 1G6&lt;br&gt;&lt;br&gt;Approved Bike Shop #163</cmt>
    <desc>Stream N Wood&lt;br&gt;&lt;br&gt;135 17th St N, Brandon, MB R7A 1G6&lt;br&gt;&lt;br&gt;Approved Bike Shop #163</desc>
    <sym>Bike Trail</sym>
    <type>user</type>
    <extensions>
      <gpxx:WaypointExtension>
        <gpxx:DisplayMode>SymbolAndName</gpxx:DisplayMode>
      </gpxx:WaypointExtension>
      <wptx1:WaypointExtension>
        <wptx1:DisplayMode>SymbolAndName</wptx1:DisplayMode>
      </wptx1:WaypointExtension>
      <ctx:CreationTimeExtension>
        <ctx:CreationTime>2026-06-27T16:47:04Z</ctx:CreationTime>
      </ctx:CreationTimeExtension>
    </extensions>
  </wpt>

  <wpt lat="43.807030376046896" lon="-79.18401662260294">
    <ele>0</ele>
    <time>2026-06-27T16:47:04Z</time>
    <name>Stunty's Bikes &amp; Repairs (Panda Square, Scarborough, ON M1B 6G4)</name>
    <cmt>Stunty's Bikes &amp; Repairs&lt;br&gt;&lt;br&gt;Panda Square, Scarborough, ON M1B 6G4&lt;br&gt;&lt;br&gt;+14372301527</cmt>
    <desc>Stunty's Bikes &amp; Repairs&lt;br&gt;&lt;br&gt;Panda Square, Scarborough, ON M1B 6G4&lt;br&gt;&lt;br&gt;+14372301527</desc>
    <sym>Bike Trail</sym>
    <type>user</type>
    <extensions>
      <gpxx:WaypointExtension>
        <gpxx:DisplayMode>SymbolAndName</gpxx:DisplayMode>
      </gpxx:WaypointExtension>
      <wptx1:WaypointExtension>
        <wptx1:DisplayMode>SymbolAndName</wptx1:DisplayMode>
      </wptx1:WaypointExtension>
      <ctx:CreationTimeExtension>
        <ctx:CreationTime>2026-06-27T16:47:04Z</ctx:CreationTime>
      </ctx:CreationTimeExtension>
    </extensions>
  </wpt>

  <wpt lat="49.095430076122284" lon="-116.51239575818181">
    <ele>0</ele>
    <time>2026-06-27T16:47:04Z</time>
    <name>Summit Cycles and Sports (1021 Canyon St, Creston, BC V0B 1G0)</name>
    <cmt>Summit Cycles and Sports&lt;br&gt;&lt;br&gt;1021 Canyon St, Creston, BC V0B 1G0&lt;br&gt;&lt;br&gt;Approved Bike Shop #164</cmt>
    <desc>Summit Cycles and Sports&lt;br&gt;&lt;br&gt;1021 Canyon St, Creston, BC V0B 1G0&lt;br&gt;&lt;br&gt;Approved Bike Shop #164</desc>
    <sym>Bike Trail</sym>
    <type>user</type>
    <extensions>
      <gpxx:WaypointExtension>
        <gpxx:DisplayMode>SymbolAndName</gpxx:DisplayMode>
      </gpxx:WaypointExtension>
      <wptx1:WaypointExtension>
        <wptx1:DisplayMode>SymbolAndName</wptx1:DisplayMode>
      </wptx1:WaypointExtension>
      <ctx:CreationTimeExtension>
        <ctx:CreationTime>2026-06-27T16:47:04Z</ctx:CreationTime>
      </ctx:CreationTimeExtension>
    </extensions>
  </wpt>

  <wpt lat="50.820530438795686" lon="-119.68690454028547">
    <ele>0</ele>
    <time>2026-06-27T16:47:04Z</time>
    <name>Sunflower Bicycle Repair (838 Shuswap Ave, Chase, BC V0E 1M0)</name>
    <cmt>Sunflower Bicycle Repair&lt;br&gt;&lt;br&gt;838 Shuswap Ave, Chase, BC V0E 1M0&lt;br&gt;&lt;br&gt;Approved Bike Shop #165</cmt>
    <desc>Sunflower Bicycle Repair&lt;br&gt;&lt;br&gt;838 Shuswap Ave, Chase, BC V0E 1M0&lt;br&gt;&lt;br&gt;Approved Bike Shop #165</desc>
    <sym>Bike Trail</sym>
    <type>user</type>
    <extensions>
      <gpxx:WaypointExtension>
        <gpxx:DisplayMode>SymbolAndName</gpxx:DisplayMode>
      </gpxx:WaypointExtension>
      <wptx1:WaypointExtension>
        <wptx1:DisplayMode>SymbolAndName</wptx1:DisplayMode>
      </wptx1:WaypointExtension>
      <ctx:CreationTimeExtension>
        <ctx:CreationTime>2026-06-27T16:47:04Z</ctx:CreationTime>
      </ctx:CreationTimeExtension>
    </extensions>
  </wpt>

  <wpt lat="50.028721801936626" lon="-125.27057882398367">
    <ele>0</ele>
    <time>2026-06-27T16:47:04Z</time>
    <name>Swicked Cycles Ltd.</name>
    <cmt>area</cmt>
    <desc>area</desc>
    <sym>Bike Trail</sym>
    <type>user</type>
    <extensions>
      <gpxx:WaypointExtension>
        <gpxx:DisplayMode>SymbolAndName</gpxx:DisplayMode>
      </gpxx:WaypointExtension>
      <wptx1:WaypointExtension>
        <wptx1:DisplayMode>SymbolAndName</wptx1:DisplayMode>
      </wptx1:WaypointExtension>
      <ctx:CreationTimeExtension>
        <ctx:CreationTime>2026-06-27T16:47:04Z</ctx:CreationTime>
      </ctx:CreationTimeExtension>
    </extensions>
  </wpt>

  <wpt lat="45.826935768127441" lon="-64.197556972503662">
    <ele>0</ele>
    <time>2026-06-27T16:47:04Z</time>
    <name>The Bicycle Specialist (198 Church St, Amherst, NS B4H 3C7)</name>
    <cmt>The Bicycle Specialist&lt;br&gt;&lt;br&gt;198 Church St, Amherst, NS B4H 3C7&lt;br&gt;&lt;br&gt;Approved Bike Shop #167</cmt>
    <desc>The Bicycle Specialist&lt;br&gt;&lt;br&gt;198 Church St, Amherst, NS B4H 3C7&lt;br&gt;&lt;br&gt;Approved Bike Shop #167</desc>
    <sym>Bike Trail</sym>
    <type>user</type>
    <extensions>
      <gpxx:WaypointExtension>
        <gpxx:DisplayMode>SymbolAndName</gpxx:DisplayMode>
      </gpxx:WaypointExtension>
      <wptx1:WaypointExtension>
        <wptx1:DisplayMode>SymbolAndName</wptx1:DisplayMode>
      </wptx1:WaypointExtension>
      <ctx:CreationTimeExtension>
        <ctx:CreationTime>2026-06-27T16:47:04Z</ctx:CreationTime>
      </ctx:CreationTimeExtension>
    </extensions>
  </wpt>

  <wpt lat="49.499051570892334" lon="-119.59796190261841">
    <ele>0</ele>
    <time>2026-06-27T16:47:04Z</time>
    <name>The Bike Barn (300 Westminster Ave W, Penticton, BC V2A 1K2)</name>
    <cmt>The Bike Barn&lt;br&gt;&lt;br&gt;300 Westminster Ave W, Penticton, BC V2A 1K2&lt;br&gt;&lt;br&gt;+12504924140&lt;br&gt;&lt;br&gt;Approved Bike Shop #23</cmt>
    <desc>The Bike Barn&lt;br&gt;&lt;br&gt;300 Westminster Ave W, Penticton, BC V2A 1K2&lt;br&gt;&lt;br&gt;+12504924140&lt;br&gt;&lt;br&gt;Approved Bike Shop #23</desc>
    <sym>Bike Trail</sym>
    <type>user</type>
    <extensions>
      <gpxx:WaypointExtension>
        <gpxx:DisplayMode>SymbolAndName</gpxx:DisplayMode>
      </gpxx:WaypointExtension>
      <wptx1:WaypointExtension>
        <wptx1:DisplayMode>SymbolAndName</wptx1:DisplayMode>
      </wptx1:WaypointExtension>
      <ctx:CreationTimeExtension>
        <ctx:CreationTime>2026-06-27T16:47:04Z</ctx:CreationTime>
      </ctx:CreationTimeExtension>
    </extensions>
  </wpt>

  <wpt lat="44.35731103643775" lon="-78.737700060009956">
    <ele>0</ele>
    <time>2026-06-27T16:47:04Z</time>
    <name>The Bike Garage (66 William St N, Lindsay, ON K9V 4A2)</name>
    <cmt>The Bike Garage&lt;br&gt;&lt;br&gt;66 William St N, Lindsay, ON K9V 4A2&lt;br&gt;&lt;br&gt;Approved Bike Shop #168</cmt>
    <desc>The Bike Garage&lt;br&gt;&lt;br&gt;66 William St N, Lindsay, ON K9V 4A2&lt;br&gt;&lt;br&gt;Approved Bike Shop #168</desc>
    <sym>Bike Trail</sym>
    <type>user</type>
    <extensions>
      <gpxx:WaypointExtension>
        <gpxx:DisplayMode>SymbolAndName</gpxx:DisplayMode>
      </gpxx:WaypointExtension>
      <wptx1:WaypointExtension>
        <wptx1:DisplayMode>SymbolAndName</wptx1:DisplayMode>
      </wptx1:WaypointExtension>
      <ctx:CreationTimeExtension>
        <ctx:CreationTime>2026-06-27T16:47:04Z</ctx:CreationTime>
      </ctx:CreationTimeExtension>
    </extensions>
  </wpt>

  <wpt lat="44.665365004912019" lon="-63.567059906199574">
    <ele>0</ele>
    <time>2026-06-27T16:47:04Z</time>
    <name>The Bike Pedaler (61 Portland St, Dartmouth, NS B2Y 1H1)</name>
    <cmt>The Bike Pedaler&lt;br&gt;&lt;br&gt;61 Portland St, Dartmouth, NS B2Y 1H1&lt;br&gt;&lt;br&gt;Approved Bike Shop #169</cmt>
    <desc>The Bike Pedaler&lt;br&gt;&lt;br&gt;61 Portland St, Dartmouth, NS B2Y 1H1&lt;br&gt;&lt;br&gt;Approved Bike Shop #169</desc>
    <sym>Bike Trail</sym>
    <type>user</type>
    <extensions>
      <gpxx:WaypointExtension>
        <gpxx:DisplayMode>SymbolAndName</gpxx:DisplayMode>
      </gpxx:WaypointExtension>
      <wptx1:WaypointExtension>
        <wptx1:DisplayMode>SymbolAndName</wptx1:DisplayMode>
      </wptx1:WaypointExtension>
      <ctx:CreationTimeExtension>
        <ctx:CreationTime>2026-06-27T16:47:04Z</ctx:CreationTime>
      </ctx:CreationTimeExtension>
    </extensions>
  </wpt>

  <wpt lat="44.605965558439493" lon="-79.422123106196523">
    <ele>0</ele>
    <time>2026-06-27T16:47:04Z</time>
    <name>The Bike Stop of Orillia &amp; Sports (84 Colborne St W, Orillia, ON L3V 2Y7)</name>
    <cmt>84 Colborne St W, Orillia, ON L3V 2Y7&lt;br&gt;&lt;br&gt;+17053252453&lt;br&gt;&lt;br&gt;Approved Bike Shop #61</cmt>
    <desc>84 Colborne St W, Orillia, ON L3V 2Y7&lt;br&gt;&lt;br&gt;+17053252453&lt;br&gt;&lt;br&gt;Approved Bike Shop #61</desc>
    <sym>Bike Trail</sym>
    <type>user</type>
    <extensions>
      <gpxx:WaypointExtension>
        <gpxx:DisplayMode>SymbolAndName</gpxx:DisplayMode>
      </gpxx:WaypointExtension>
      <wptx1:WaypointExtension>
        <wptx1:DisplayMode>SymbolAndName</wptx1:DisplayMode>
      </wptx1:WaypointExtension>
      <ctx:CreationTimeExtension>
        <ctx:CreationTime>2026-06-27T16:47:04Z</ctx:CreationTime>
      </ctx:CreationTimeExtension>
    </extensions>
  </wpt>

  <wpt lat="44.613276673480868" lon="-79.415582539513707">
    <ele>0</ele>
    <time>2026-06-27T16:47:04Z</time>
    <name>The Crank &amp; Sprocket Bicycle Co. (88 Laclie St #2, Orillia, ON L3V 4M8)</name>
    <cmt>The Crank &amp; Sprocket Bicycle Co.&lt;br&gt;&lt;br&gt;88 Laclie St #2, Orillia, ON L3V 4M8&lt;br&gt;&lt;br&gt;Approved Bike Shop #171</cmt>
    <desc>The Crank &amp; Sprocket Bicycle Co.&lt;br&gt;&lt;br&gt;88 Laclie St #2, Orillia, ON L3V 4M8&lt;br&gt;&lt;br&gt;Approved Bike Shop #171</desc>
    <sym>Bike Trail</sym>
    <type>user</type>
    <extensions>
      <gpxx:WaypointExtension>
        <gpxx:DisplayMode>SymbolAndName</gpxx:DisplayMode>
      </gpxx:WaypointExtension>
      <wptx1:WaypointExtension>
        <wptx1:DisplayMode>SymbolAndName</wptx1:DisplayMode>
      </wptx1:WaypointExtension>
      <ctx:CreationTimeExtension>
        <ctx:CreationTime>2026-06-27T16:47:04Z</ctx:CreationTime>
      </ctx:CreationTimeExtension>
    </extensions>
  </wpt>

  <wpt lat="45.393630433827639" lon="-75.68287119269371">
    <ele>0</ele>
    <time>2026-06-27T16:47:04Z</time>
    <name>The Cyclery (1115 Bank St, Ottawa, ON K1S 3X4)</name>
    <cmt>1115 Bank St, Ottawa, ON K1S 3X4&lt;br&gt;&lt;br&gt;+16137302856&lt;br&gt;&lt;br&gt;Approved Bicycle Shop #25</cmt>
    <desc>1115 Bank St, Ottawa, ON K1S 3X4&lt;br&gt;&lt;br&gt;+16137302856&lt;br&gt;&lt;br&gt;Approved Bicycle Shop #25</desc>
    <sym>Bike Trail</sym>
    <type>user</type>
    <extensions>
      <gpxx:WaypointExtension>
        <gpxx:DisplayMode>SymbolAndName</gpxx:DisplayMode>
      </gpxx:WaypointExtension>
      <wptx1:WaypointExtension>
        <wptx1:DisplayMode>SymbolAndName</wptx1:DisplayMode>
      </wptx1:WaypointExtension>
      <ctx:CreationTimeExtension>
        <ctx:CreationTime>2026-06-27T16:47:04Z</ctx:CreationTime>
      </ctx:CreationTimeExtension>
    </extensions>
  </wpt>

  <wpt lat="49.504501819610596" lon="-115.06030797958374">
    <ele>0</ele>
    <time>2026-06-27T16:47:04Z</time>
    <name>The Guide's Hut (671 2 Ave, Fernie, BC V0B 1M0)</name>
    <cmt>The Guide's Hut&lt;br&gt;&lt;br&gt;671 2 Ave, Fernie, BC V0B 1M0&lt;br&gt;&lt;br&gt;Approved Bike Shop #172</cmt>
    <desc>The Guide's Hut&lt;br&gt;&lt;br&gt;671 2 Ave, Fernie, BC V0B 1M0&lt;br&gt;&lt;br&gt;Approved Bike Shop #172</desc>
    <sym>Bike Trail</sym>
    <type>user</type>
    <extensions>
      <gpxx:WaypointExtension>
        <gpxx:DisplayMode>SymbolAndName</gpxx:DisplayMode>
      </gpxx:WaypointExtension>
      <wptx1:WaypointExtension>
        <wptx1:DisplayMode>SymbolAndName</wptx1:DisplayMode>
      </wptx1:WaypointExtension>
      <ctx:CreationTimeExtension>
        <ctx:CreationTime>2026-06-27T16:47:04Z</ctx:CreationTime>
      </ctx:CreationTimeExtension>
    </extensions>
  </wpt>

  <wpt lat="49.767628284171224" lon="-94.490301702171564">
    <ele>0</ele>
    <time>2026-06-27T16:47:04Z</time>
    <name>The Hardwear Company (Bicycle repair) (106 Main St S, Kenora, ON P9N 1S9)</name>
    <cmt>The Hardwear Company&lt;br&gt;&lt;br&gt;106 Main St S, Kenora, ON P9N 1S9&lt;br&gt;&lt;br&gt;Approved Bike Shop #173</cmt>
    <desc>The Hardwear Company&lt;br&gt;&lt;br&gt;106 Main St S, Kenora, ON P9N 1S9&lt;br&gt;&lt;br&gt;Approved Bike Shop #173</desc>
    <sym>Bike Trail</sym>
    <type>user</type>
    <extensions>
      <gpxx:WaypointExtension>
        <gpxx:DisplayMode>SymbolAndName</gpxx:DisplayMode>
      </gpxx:WaypointExtension>
      <wptx1:WaypointExtension>
        <wptx1:DisplayMode>SymbolAndName</wptx1:DisplayMode>
      </wptx1:WaypointExtension>
      <ctx:CreationTimeExtension>
        <ctx:CreationTime>2026-06-27T16:47:04Z</ctx:CreationTime>
      </ctx:CreationTimeExtension>
    </extensions>
  </wpt>

  <wpt lat="48.421447277069092" lon="-123.37449073791504">
    <ele>0</ele>
    <time>2026-06-27T16:47:04Z</time>
    <name>The Pedaler Cycling Tours (321 Belleville St, Victoria, BC V8V 1W3)</name>
    <cmt>The Pedaler Cycling Tours&lt;br&gt;&lt;br&gt;321 Belleville St, Victoria, BC V8V 1W3&lt;br&gt;&lt;br&gt;+17782657433&lt;br&gt;&lt;br&gt;Approved Bike Shop #63</cmt>
    <desc>The Pedaler Cycling Tours&lt;br&gt;&lt;br&gt;321 Belleville St, Victoria, BC V8V 1W3&lt;br&gt;&lt;br&gt;+17782657433&lt;br&gt;&lt;br&gt;Approved Bike Shop #63</desc>
    <sym>Bike Trail</sym>
    <type>user</type>
    <extensions>
      <gpxx:WaypointExtension>
        <gpxx:DisplayMode>SymbolAndName</gpxx:DisplayMode>
      </gpxx:WaypointExtension>
      <wptx1:WaypointExtension>
        <wptx1:DisplayMode>SymbolAndName</wptx1:DisplayMode>
      </wptx1:WaypointExtension>
      <ctx:CreationTimeExtension>
        <ctx:CreationTime>2026-06-27T16:47:04Z</ctx:CreationTime>
      </ctx:CreationTimeExtension>
    </extensions>
  </wpt>

  <wpt lat="49.490640163421631" lon="-117.29789257049561">
    <ele>0</ele>
    <time>2026-06-27T16:47:04Z</time>
    <name>The Sacred Ride (213 Baker St, Nelson, BC V1L 4H4)</name>
    <cmt>The Sacred Ride&lt;br&gt;&lt;br&gt;213 Baker St, Nelson, BC V1L 4H4&lt;br&gt;&lt;br&gt;Approved Bike Shop #174</cmt>
    <desc>The Sacred Ride&lt;br&gt;&lt;br&gt;213 Baker St, Nelson, BC V1L 4H4&lt;br&gt;&lt;br&gt;Approved Bike Shop #174</desc>
    <sym>Bike Trail</sym>
    <type>user</type>
    <extensions>
      <gpxx:WaypointExtension>
        <gpxx:DisplayMode>SymbolAndName</gpxx:DisplayMode>
      </gpxx:WaypointExtension>
      <wptx1:WaypointExtension>
        <wptx1:DisplayMode>SymbolAndName</wptx1:DisplayMode>
      </wptx1:WaypointExtension>
      <ctx:CreationTimeExtension>
        <ctx:CreationTime>2026-06-27T16:47:04Z</ctx:CreationTime>
      </ctx:CreationTimeExtension>
    </extensions>
  </wpt>

  <wpt lat="49.126717625185847" lon="-125.89337820187211">
    <ele>0</ele>
    <time>2026-06-27T16:47:04Z</time>
    <name>Tofino Bike Co (1180 Pacific Rim Hwy, Tofino, BC V0R 2Z0)</name>
    <cmt>Tofino Bike Co&lt;br&gt;&lt;br&gt;1180 Pacific Rim Hwy, Tofino, BC V0R 2Z0&lt;br&gt;&lt;br&gt;Approved Bike Shop #175</cmt>
    <desc>Tofino Bike Co&lt;br&gt;&lt;br&gt;1180 Pacific Rim Hwy, Tofino, BC V0R 2Z0&lt;br&gt;&lt;br&gt;Approved Bike Shop #175</desc>
    <sym>Bike Trail</sym>
    <type>user</type>
    <extensions>
      <gpxx:WaypointExtension>
        <gpxx:DisplayMode>SymbolAndName</gpxx:DisplayMode>
      </gpxx:WaypointExtension>
      <wptx1:WaypointExtension>
        <wptx1:DisplayMode>SymbolAndName</wptx1:DisplayMode>
      </wptx1:WaypointExtension>
      <ctx:CreationTimeExtension>
        <ctx:CreationTime>2026-06-27T16:47:04Z</ctx:CreationTime>
      </ctx:CreationTimeExtension>
    </extensions>
  </wpt>

  <wpt lat="45.019376277923584" lon="-74.729025363922119">
    <ele>0</ele>
    <time>2026-06-27T16:47:04Z</time>
    <name>Total Cyclery &amp; Sports (241 Pitt St, Cornwall, ON K6J 3P8)</name>
    <cmt>Total Cyclery&lt;br&gt;&lt;br&gt;241 Pitt St, Cornwall, ON K6J 3P8&lt;br&gt;&lt;br&gt;Approved Bike Shop #176</cmt>
    <desc>Total Cyclery&lt;br&gt;&lt;br&gt;241 Pitt St, Cornwall, ON K6J 3P8&lt;br&gt;&lt;br&gt;Approved Bike Shop #176</desc>
    <sym>Bike Trail</sym>
    <type>user</type>
    <extensions>
      <gpxx:WaypointExtension>
        <gpxx:DisplayMode>SymbolAndName</gpxx:DisplayMode>
      </gpxx:WaypointExtension>
      <wptx1:WaypointExtension>
        <wptx1:DisplayMode>SymbolAndName</wptx1:DisplayMode>
      </wptx1:WaypointExtension>
      <ctx:CreationTimeExtension>
        <ctx:CreationTime>2026-06-27T16:47:04Z</ctx:CreationTime>
      </ctx:CreationTimeExtension>
    </extensions>
  </wpt>

  <wpt lat="44.234347259625793" lon="-76.49479866027832">
    <ele>0</ele>
    <time>2026-06-27T16:47:04Z</time>
    <name>Trek Bicycle Kingston (477 Princess St, Kingston, ON K7L 1C3)</name>
    <cmt>Trek Bicycle Kingston&lt;br&gt;&lt;br&gt;477 Princess St, Kingston, ON K7L 1C3&lt;br&gt;&lt;br&gt;Approved Bike Shop #177</cmt>
    <desc>Trek Bicycle Kingston&lt;br&gt;&lt;br&gt;477 Princess St, Kingston, ON K7L 1C3&lt;br&gt;&lt;br&gt;Approved Bike Shop #177</desc>
    <sym>Bike Trail</sym>
    <type>user</type>
    <extensions>
      <gpxx:WaypointExtension>
        <gpxx:DisplayMode>SymbolAndName</gpxx:DisplayMode>
      </gpxx:WaypointExtension>
      <wptx1:WaypointExtension>
        <wptx1:DisplayMode>SymbolAndName</wptx1:DisplayMode>
      </wptx1:WaypointExtension>
      <ctx:CreationTimeExtension>
        <ctx:CreationTime>2026-06-27T16:47:04Z</ctx:CreationTime>
      </ctx:CreationTimeExtension>
    </extensions>
  </wpt>

  <wpt lat="49.216904640197754" lon="-122.62248516082764">
    <ele>0</ele>
    <time>2026-06-27T16:47:04Z</time>
    <name>Trek Bicycle Maple Ridge (21626 Lougheed Hwy., Maple Ridge, BC V2X 2S1)</name>
    <cmt>Trek Bicycle Maple Ridge&lt;br&gt;&lt;br&gt;21626 Lougheed Hwy., Maple Ridge, BC V2X 2S1&lt;br&gt;&lt;br&gt;Approved Bike Shop #178</cmt>
    <desc>Trek Bicycle Maple Ridge&lt;br&gt;&lt;br&gt;21626 Lougheed Hwy., Maple Ridge, BC V2X 2S1&lt;br&gt;&lt;br&gt;Approved Bike Shop #178</desc>
    <sym>Bike Trail</sym>
    <type>user</type>
    <extensions>
      <gpxx:WaypointExtension>
        <gpxx:DisplayMode>SymbolAndName</gpxx:DisplayMode>
      </gpxx:WaypointExtension>
      <wptx1:WaypointExtension>
        <wptx1:DisplayMode>SymbolAndName</wptx1:DisplayMode>
      </wptx1:WaypointExtension>
      <ctx:CreationTimeExtension>
        <ctx:CreationTime>2026-06-27T16:47:04Z</ctx:CreationTime>
      </ctx:CreationTimeExtension>
    </extensions>
  </wpt>

  <wpt lat="48.429980222135782" lon="-123.38488169945776">
    <ele>0</ele>
    <time>2026-06-27T16:47:04Z</time>
    <name>Trek Bicycle Store (Catherine Street) (338 Catherine St, Victoria, BC V9A 1E7)</name>
    <cmt>Trek Bicycle Store (Catherine Street)&lt;br&gt;&lt;br&gt;338 Catherine St, Victoria, BC V9A 1E7&lt;br&gt;&lt;br&gt;+12503807877&lt;br&gt;&lt;br&gt;Approved Bicycle Shop #16</cmt>
    <desc>Trek Bicycle Store (Catherine Street)&lt;br&gt;&lt;br&gt;338 Catherine St, Victoria, BC V9A 1E7&lt;br&gt;&lt;br&gt;+12503807877&lt;br&gt;&lt;br&gt;Approved Bicycle Shop #16</desc>
    <sym>Bike Trail</sym>
    <type>user</type>
    <extensions>
      <gpxx:WaypointExtension>
        <gpxx:DisplayMode>SymbolAndName</gpxx:DisplayMode>
      </gpxx:WaypointExtension>
      <wptx1:WaypointExtension>
        <wptx1:DisplayMode>SymbolAndName</wptx1:DisplayMode>
      </wptx1:WaypointExtension>
      <ctx:CreationTimeExtension>
        <ctx:CreationTime>2026-06-27T16:47:04Z</ctx:CreationTime>
      </ctx:CreationTimeExtension>
    </extensions>
  </wpt>

  <wpt lat="49.974816106259823" lon="-98.330420181155205">
    <ele>0</ele>
    <time>2026-06-27T16:47:04Z</time>
    <name>Two Tired Boys (2450 Saskatchewan Ave W unit a02, Portage la Prairie, MB R1N 3N8)</name>
    <cmt>Two Tired Boys&lt;br&gt;&lt;br&gt;2450 Saskatchewan Ave W unit a02, Portage la Prairie, MB R1N 3N8&lt;br&gt;&lt;br&gt;Approved Bike Shop #179</cmt>
    <desc>Two Tired Boys&lt;br&gt;&lt;br&gt;2450 Saskatchewan Ave W unit a02, Portage la Prairie, MB R1N 3N8&lt;br&gt;&lt;br&gt;Approved Bike Shop #179</desc>
    <sym>Bike Trail</sym>
    <type>user</type>
    <extensions>
      <gpxx:WaypointExtension>
        <gpxx:DisplayMode>SymbolAndName</gpxx:DisplayMode>
      </gpxx:WaypointExtension>
      <wptx1:WaypointExtension>
        <wptx1:DisplayMode>SymbolAndName</wptx1:DisplayMode>
      </wptx1:WaypointExtension>
      <ctx:CreationTimeExtension>
        <ctx:CreationTime>2026-06-27T16:47:04Z</ctx:CreationTime>
      </ctx:CreationTimeExtension>
    </extensions>
  </wpt>

  <wpt lat="48.941851062700152" lon="-125.5448330193758">
    <ele>0</ele>
    <time>2026-06-27T16:47:04Z</time>
    <name>Ukee Bikes (1559 Imperial Ln, Ucluelet, BC V0R 3A0)</name>
    <cmt>Ukee Bikes&lt;br&gt;&lt;br&gt;1559 Imperial Ln, Ucluelet, BC V0R 3A0&lt;br&gt;&lt;br&gt;Approved Bike Shop #180</cmt>
    <desc>Ukee Bikes&lt;br&gt;&lt;br&gt;1559 Imperial Ln, Ucluelet, BC V0R 3A0&lt;br&gt;&lt;br&gt;Approved Bike Shop #180</desc>
    <sym>Bike Trail</sym>
    <type>user</type>
    <extensions>
      <gpxx:WaypointExtension>
        <gpxx:DisplayMode>SymbolAndName</gpxx:DisplayMode>
      </gpxx:WaypointExtension>
      <wptx1:WaypointExtension>
        <wptx1:DisplayMode>SymbolAndName</wptx1:DisplayMode>
      </wptx1:WaypointExtension>
      <ctx:CreationTimeExtension>
        <ctx:CreationTime>2026-06-27T16:47:04Z</ctx:CreationTime>
      </ctx:CreationTimeExtension>
    </extensions>
  </wpt>

  <wpt lat="45.077110659331083" lon="-64.49457373470068">
    <ele>0</ele>
    <time>2026-06-27T16:47:04Z</time>
    <name>Valley Stove &amp; Cycle (353 Main St, Kentville, NS B4N 1K7)</name>
    <cmt>Valley Stove &amp; Cycle&lt;br&gt;&lt;br&gt;353 Main St, Kentville, NS B4N 1K7&lt;br&gt;&lt;br&gt;Approved Bike Shop #181</cmt>
    <desc>Valley Stove &amp; Cycle&lt;br&gt;&lt;br&gt;353 Main St, Kentville, NS B4N 1K7&lt;br&gt;&lt;br&gt;Approved Bike Shop #181</desc>
    <sym>Bike Trail</sym>
    <type>user</type>
    <extensions>
      <gpxx:WaypointExtension>
        <gpxx:DisplayMode>SymbolAndName</gpxx:DisplayMode>
      </gpxx:WaypointExtension>
      <wptx1:WaypointExtension>
        <wptx1:DisplayMode>SymbolAndName</wptx1:DisplayMode>
      </wptx1:WaypointExtension>
      <ctx:CreationTimeExtension>
        <ctx:CreationTime>2026-06-27T16:47:04Z</ctx:CreationTime>
      </ctx:CreationTimeExtension>
    </extensions>
  </wpt>

  <wpt lat="49.105325164273381" lon="-121.96099106222391">
    <ele>0</ele>
    <time>2026-06-27T16:47:04Z</time>
    <name>Vedder Mountain Bike Co. (5658 Vedder Rd #102, Chilliwack, BC V2R 3N5)</name>
    <cmt>Vedder Mountain Bike Co.&lt;br&gt;&lt;br&gt;5658 Vedder Rd #102, Chilliwack, BC V2R 3N5&lt;br&gt;&lt;br&gt;Approved Bike Shop #182</cmt>
    <desc>Vedder Mountain Bike Co.&lt;br&gt;&lt;br&gt;5658 Vedder Rd #102, Chilliwack, BC V2R 3N5&lt;br&gt;&lt;br&gt;Approved Bike Shop #182</desc>
    <sym>Bike Trail</sym>
    <type>user</type>
    <extensions>
      <gpxx:WaypointExtension>
        <gpxx:DisplayMode>SymbolAndName</gpxx:DisplayMode>
      </gpxx:WaypointExtension>
      <wptx1:WaypointExtension>
        <wptx1:DisplayMode>SymbolAndName</wptx1:DisplayMode>
      </wptx1:WaypointExtension>
      <ctx:CreationTimeExtension>
        <ctx:CreationTime>2026-06-27T16:47:04Z</ctx:CreationTime>
      </ctx:CreationTimeExtension>
    </extensions>
  </wpt>

  <wpt lat="46.449860036373138" lon="-61.096550021320581">
    <ele>0</ele>
    <time>2026-06-27T16:47:04Z</time>
    <name>Velo Max Cycling (Velo Max Cycling (inside Caper Gas Belle Cote) 10787 Cabot Trail Rd, Belle Côte, NS B0E 1C0</name>
    <cmt>contact to arrange appointment&lt;br&gt;&lt;br&gt;https://www.facebook.com/velomaxcycling/&lt;br&gt;&lt;br&gt;10787 Cabot Trail Rd, Belle Côte, NS B0E 1C0&lt;br&gt;&lt;br&gt;Approved Bike Shop #183</cmt>
    <desc>contact to arrange appointment&lt;br&gt;&lt;br&gt;https://www.facebook.com/velomaxcycling/&lt;br&gt;&lt;br&gt;10787 Cabot Trail Rd, Belle Côte, NS B0E 1C0&lt;br&gt;&lt;br&gt;Approved Bike Shop #183</desc>
    <sym>Bike Trail</sym>
    <type>user</type>
    <extensions>
      <gpxx:WaypointExtension>
        <gpxx:DisplayMode>SymbolAndName</gpxx:DisplayMode>
      </gpxx:WaypointExtension>
      <wptx1:WaypointExtension>
        <wptx1:DisplayMode>SymbolAndName</wptx1:DisplayMode>
      </wptx1:WaypointExtension>
      <ctx:CreationTimeExtension>
        <ctx:CreationTime>2026-06-27T16:47:04Z</ctx:CreationTime>
      </ctx:CreationTimeExtension>
    </extensions>
  </wpt>

  <wpt lat="48.428372405469418" lon="-123.36535228416324">
    <ele>0</ele>
    <time>2026-06-27T16:47:04Z</time>
    <name>Velofix Victoria - Mobile Bicycle Repair (call for appointment)</name>
    <cmt>+18558356349&lt;br&gt;&lt;br&gt;Approved Bike Shop #49</cmt>
    <desc>+18558356349&lt;br&gt;&lt;br&gt;Approved Bike Shop #49</desc>
    <sym>Bike Trail</sym>
    <type>user</type>
    <extensions>
      <gpxx:WaypointExtension>
        <gpxx:DisplayMode>SymbolAndName</gpxx:DisplayMode>
      </gpxx:WaypointExtension>
      <wptx1:WaypointExtension>
        <wptx1:DisplayMode>SymbolAndName</wptx1:DisplayMode>
      </wptx1:WaypointExtension>
      <ctx:CreationTimeExtension>
        <ctx:CreationTime>2026-06-27T16:47:04Z</ctx:CreationTime>
      </ctx:CreationTimeExtension>
    </extensions>
  </wpt>

  <wpt lat="46.575568886473775" lon="-84.28208677098155">
    <ele>0</ele>
    <time>2026-06-27T16:47:04Z</time>
    <name>Velorution (12 Fish Hatchery Rd, Sault Ste. Marie, ON P6A 6J8)</name>
    <cmt>Velorution&lt;br&gt;&lt;br&gt;12 Fish Hatchery Rd, Sault Ste. Marie, ON P6A 6J8&lt;br&gt;&lt;br&gt;Approved Bicycle Shop #3&lt;br&gt;&lt;br&gt;+1 705 253 9388</cmt>
    <desc>Velorution&lt;br&gt;&lt;br&gt;12 Fish Hatchery Rd, Sault Ste. Marie, ON P6A 6J8&lt;br&gt;&lt;br&gt;Approved Bicycle Shop #3&lt;br&gt;&lt;br&gt;+1 705 253 9388</desc>
    <sym>Bike Trail</sym>
    <type>user</type>
    <extensions>
      <gpxx:WaypointExtension>
        <gpxx:DisplayMode>SymbolAndName</gpxx:DisplayMode>
      </gpxx:WaypointExtension>
      <wptx1:WaypointExtension>
        <wptx1:DisplayMode>SymbolAndName</wptx1:DisplayMode>
      </wptx1:WaypointExtension>
      <ctx:CreationTimeExtension>
        <ctx:CreationTime>2026-06-27T16:47:04Z</ctx:CreationTime>
      </ctx:CreationTimeExtension>
    </extensions>
  </wpt>

  <wpt lat="52.874214565381408" lon="-118.08141946792603">
    <ele>0</ele>
    <time>2026-06-27T16:47:04Z</time>
    <name>Vicious Cycle (630 Connaught Dr, Jasper, AB T0E 1E0)</name>
    <cmt>Vicious Cycle&lt;br&gt;&lt;br&gt;630 Connaught Dr, Jasper, AB T0E 1E0&lt;br&gt;&lt;br&gt;Approved Bike Shop #184</cmt>
    <desc>Vicious Cycle&lt;br&gt;&lt;br&gt;630 Connaught Dr, Jasper, AB T0E 1E0&lt;br&gt;&lt;br&gt;Approved Bike Shop #184</desc>
    <sym>Bike Trail</sym>
    <type>user</type>
    <extensions>
      <gpxx:WaypointExtension>
        <gpxx:DisplayMode>SymbolAndName</gpxx:DisplayMode>
      </gpxx:WaypointExtension>
      <wptx1:WaypointExtension>
        <wptx1:DisplayMode>SymbolAndName</wptx1:DisplayMode>
      </wptx1:WaypointExtension>
      <ctx:CreationTimeExtension>
        <ctx:CreationTime>2026-06-27T16:47:04Z</ctx:CreationTime>
      </ctx:CreationTimeExtension>
    </extensions>
  </wpt>

  <wpt lat="49.134035110473633" lon="-122.30347386561334">
    <ele>0</ele>
    <time>2026-06-27T16:47:04Z</time>
    <name>Wentings' Cycle &amp; Mountain Shop (33245 N Railway Ave, Mission, BC V2V 1E4)</name>
    <cmt>Wentings Cycle&lt;br&gt;&lt;br&gt;33245 N Railway Ave, Mission, BC V2V 1E4&lt;br&gt;&lt;br&gt;Approved Bike Shop #185</cmt>
    <desc>Wentings Cycle&lt;br&gt;&lt;br&gt;33245 N Railway Ave, Mission, BC V2V 1E4&lt;br&gt;&lt;br&gt;Approved Bike Shop #185</desc>
    <sym>Bike Trail</sym>
    <type>user</type>
    <extensions>
      <gpxx:WaypointExtension>
        <gpxx:DisplayMode>SymbolAndName</gpxx:DisplayMode>
      </gpxx:WaypointExtension>
      <wptx1:WaypointExtension>
        <wptx1:DisplayMode>SymbolAndName</wptx1:DisplayMode>
      </wptx1:WaypointExtension>
      <ctx:CreationTimeExtension>
        <ctx:CreationTime>2026-06-27T16:47:04Z</ctx:CreationTime>
      </ctx:CreationTimeExtension>
    </extensions>
  </wpt>

  <wpt lat="50.456986427307129" lon="-104.60291147232056">
    <ele>0</ele>
    <time>2026-06-27T16:47:04Z</time>
    <name>Western Cycle (1550 8th Ave, Regina, SK S4R 1E4)</name>
    <cmt>Western Cycle&lt;br&gt;&lt;br&gt;1550 8th Ave, Regina, SK S4R 1E4&lt;br&gt;&lt;br&gt;Approved Bike Shop #186</cmt>
    <desc>Western Cycle&lt;br&gt;&lt;br&gt;1550 8th Ave, Regina, SK S4R 1E4&lt;br&gt;&lt;br&gt;Approved Bike Shop #186</desc>
    <sym>Bike Trail</sym>
    <type>user</type>
    <extensions>
      <gpxx:WaypointExtension>
        <gpxx:DisplayMode>SymbolAndName</gpxx:DisplayMode>
      </gpxx:WaypointExtension>
      <wptx1:WaypointExtension>
        <wptx1:DisplayMode>SymbolAndName</wptx1:DisplayMode>
      </wptx1:WaypointExtension>
      <ctx:CreationTimeExtension>
        <ctx:CreationTime>2026-06-27T16:47:04Z</ctx:CreationTime>
      </ctx:CreationTimeExtension>
    </extensions>
  </wpt>

  <wpt lat="48.438558680936694" lon="-123.50583046674728">
    <ele>0</ele>
    <time>2026-06-27T16:47:04Z</time>
    <name>WestShore Bicycles (800 Kelly Rd #104, Victoria, BC V9B 5T6)</name>
    <cmt>WestShore Bicycles&lt;br&gt;&lt;br&gt;800 Kelly Rd #104, Victoria, BC V9B 5T6&lt;br&gt;&lt;br&gt;+12505906960&lt;br&gt;&lt;br&gt;Approved Bicycle Shop #9</cmt>
    <desc>WestShore Bicycles&lt;br&gt;&lt;br&gt;800 Kelly Rd #104, Victoria, BC V9B 5T6&lt;br&gt;&lt;br&gt;+12505906960&lt;br&gt;&lt;br&gt;Approved Bicycle Shop #9</desc>
    <sym>Bike Trail</sym>
    <type>user</type>
    <extensions>
      <gpxx:WaypointExtension>
        <gpxx:DisplayMode>SymbolAndName</gpxx:DisplayMode>
      </gpxx:WaypointExtension>
      <wptx1:WaypointExtension>
        <wptx1:DisplayMode>SymbolAndName</wptx1:DisplayMode>
      </wptx1:WaypointExtension>
      <ctx:CreationTimeExtension>
        <ctx:CreationTime>2026-06-27T16:47:04Z</ctx:CreationTime>
      </ctx:CreationTimeExtension>
    </extensions>
  </wpt>

  <wpt lat="48.572247689589858" lon="-123.40271713212132">
    <ele>0</ele>
    <time>2026-06-27T16:47:04Z</time>
    <name>Wheelers Yard Bike Shop (6981 E Saanich Rd #203, Victoria, BC V8Z 5Z2)</name>
    <cmt>Wheelers Yard Bike Shop 6981 E Saanich Rd #203, Victoria, BC V8Z 5Z2&lt;br&gt;&lt;br&gt;+17784264433&lt;br&gt;&lt;br&gt;Approved Bike Shop #191</cmt>
    <desc>Wheelers Yard Bike Shop 6981 E Saanich Rd #203, Victoria, BC V8Z 5Z2&lt;br&gt;&lt;br&gt;+17784264433&lt;br&gt;&lt;br&gt;Approved Bike Shop #191</desc>
    <sym>Bike Trail</sym>
    <type>user</type>
    <extensions>
      <gpxx:WaypointExtension>
        <gpxx:DisplayMode>SymbolAndName</gpxx:DisplayMode>
      </gpxx:WaypointExtension>
      <wptx1:WaypointExtension>
        <wptx1:DisplayMode>SymbolAndName</wptx1:DisplayMode>
      </wptx1:WaypointExtension>
      <ctx:CreationTimeExtension>
        <ctx:CreationTime>2026-06-27T16:47:04Z</ctx:CreationTime>
      </ctx:CreationTimeExtension>
    </extensions>
  </wpt>

  <wpt lat="46.316774608567357" lon="-79.458293197676539">
    <ele>0</ele>
    <time>2026-06-27T16:47:04Z</time>
    <name>Wheelhouse</name>
    <cmt>1055 Cassells St, North Bay, ON P1B 4B1 (705) 223-0403 Locally owned bike shop and retail offerings. https://www.facebook.com/wheelshousebikeshop/</cmt>
    <desc>1055 Cassells St, North Bay, ON P1B 4B1 (705) 223-0403 Locally owned bike shop and retail offerings. https://www.facebook.com/wheelshousebikeshop/</desc>
    <sym>Bike Trail</sym>
    <type>user</type>
    <extensions>
      <gpxx:WaypointExtension>
        <gpxx:DisplayMode>SymbolAndName</gpxx:DisplayMode>
      </gpxx:WaypointExtension>
      <wptx1:WaypointExtension>
        <wptx1:DisplayMode>SymbolAndName</wptx1:DisplayMode>
      </wptx1:WaypointExtension>
      <ctx:CreationTimeExtension>
        <ctx:CreationTime>2026-06-27T16:47:04Z</ctx:CreationTime>
      </ctx:CreationTimeExtension>
    </extensions>
  </wpt>

  <wpt lat="54.518033182248473" lon="-128.59766020439565">
    <ele>0</ele>
    <time>2026-06-27T16:47:04Z</time>
    <name>Wild Bike (4734 Lazelle Ave #102, Terrace, BC V8G 1T2)</name>
    <cmt>Wild Bike&lt;br&gt;&lt;br&gt;4734 Lazelle Ave #102, Terrace, BC V8G 1T2&lt;br&gt;&lt;br&gt;+12506355225&lt;br&gt;&lt;br&gt;Approved Bike Shop #187</cmt>
    <desc>Wild Bike&lt;br&gt;&lt;br&gt;4734 Lazelle Ave #102, Terrace, BC V8G 1T2&lt;br&gt;&lt;br&gt;+12506355225&lt;br&gt;&lt;br&gt;Approved Bike Shop #187</desc>
    <sym>Bike Trail</sym>
    <type>user</type>
    <extensions>
      <gpxx:WaypointExtension>
        <gpxx:DisplayMode>SymbolAndName</gpxx:DisplayMode>
      </gpxx:WaypointExtension>
      <wptx1:WaypointExtension>
        <wptx1:DisplayMode>SymbolAndName</wptx1:DisplayMode>
      </wptx1:WaypointExtension>
      <ctx:CreationTimeExtension>
        <ctx:CreationTime>2026-06-27T16:47:04Z</ctx:CreationTime>
      </ctx:CreationTimeExtension>
    </extensions>
  </wpt>

  <wpt lat="49.055092334747314" lon="-118.2140923384577">
    <ele>0</ele>
    <time>2026-06-27T16:47:04Z</time>
    <name>Wild Ways Adventure Sports (1925 Crowsnest Hwy, BC-3, Christina Lake, BC V0H 1E2)</name>
    <cmt>Wild Ways Adventure Sports&lt;br&gt;&lt;br&gt;1925 BC-3, Christina Lake, BC V0H 1E2&lt;br&gt;&lt;br&gt;wildways.com&lt;br&gt;&lt;br&gt;+1 250-447-6561&lt;br&gt;&lt;br&gt;Approved Bike Shop #188</cmt>
    <desc>Wild Ways Adventure Sports&lt;br&gt;&lt;br&gt;1925 BC-3, Christina Lake, BC V0H 1E2&lt;br&gt;&lt;br&gt;wildways.com&lt;br&gt;&lt;br&gt;+1 250-447-6561&lt;br&gt;&lt;br&gt;Approved Bike Shop #188</desc>
    <sym>Bike Trail</sym>
    <type>user</type>
    <extensions>
      <gpxx:WaypointExtension>
        <gpxx:DisplayMode>SymbolAndName</gpxx:DisplayMode>
      </gpxx:WaypointExtension>
      <wptx1:WaypointExtension>
        <wptx1:DisplayMode>SymbolAndName</wptx1:DisplayMode>
      </wptx1:WaypointExtension>
      <ctx:CreationTimeExtension>
        <ctx:CreationTime>2026-06-27T16:47:04Z</ctx:CreationTime>
      </ctx:CreationTimeExtension>
    </extensions>
  </wpt>

  <wpt lat="51.425607204437256" lon="-116.17908946238458">
    <ele>0</ele>
    <time>2026-06-27T16:47:04Z</time>
    <name>Wilson Mountain Sports (Samson Mall, Building A, 101 Lake Louise Dr, Lake Louise, AB T0L 1E0)</name>
    <cmt>Wilson Mountain Sports&lt;br&gt;&lt;br&gt;Samson Mall, Building A, 101 Lake Louise Dr, Lake Louise, AB T0L 1E0&lt;br&gt;&lt;br&gt;Approved Bike Shop #189</cmt>
    <desc>Wilson Mountain Sports&lt;br&gt;&lt;br&gt;Samson Mall, Building A, 101 Lake Louise Dr, Lake Louise, AB T0L 1E0&lt;br&gt;&lt;br&gt;Approved Bike Shop #189</desc>
    <sym>Bike Trail</sym>
    <type>user</type>
    <extensions>
      <gpxx:WaypointExtension>
        <gpxx:DisplayMode>SymbolAndName</gpxx:DisplayMode>
      </gpxx:WaypointExtension>
      <wptx1:WaypointExtension>
        <wptx1:DisplayMode>SymbolAndName</wptx1:DisplayMode>
      </wptx1:WaypointExtension>
      <ctx:CreationTimeExtension>
        <ctx:CreationTime>2026-06-27T16:47:04Z</ctx:CreationTime>
      </ctx:CreationTimeExtension>
    </extensions>
  </wpt>

  <wpt lat="49.870930714532733" lon="-97.112181633710861">
    <ele>0</ele>
    <time>2026-06-27T16:47:04Z</time>
    <name>Woodcock Cycle Works (433 St Mary's Rd, Winnipeg, MB R2M 3K7)</name>
    <cmt>Woodcock Cycle Works&lt;br&gt;&lt;br&gt;433 St Mary's Rd, Winnipeg, MB R2M 3K7&lt;br&gt;&lt;br&gt;+12042535896&lt;br&gt;&lt;br&gt;Approved Bike Shop #62</cmt>
    <desc>Woodcock Cycle Works&lt;br&gt;&lt;br&gt;433 St Mary's Rd, Winnipeg, MB R2M 3K7&lt;br&gt;&lt;br&gt;+12042535896&lt;br&gt;&lt;br&gt;Approved Bike Shop #62</desc>
    <sym>Bike Trail</sym>
    <type>user</type>
    <extensions>
      <gpxx:WaypointExtension>
        <gpxx:DisplayMode>SymbolAndName</gpxx:DisplayMode>
      </gpxx:WaypointExtension>
      <wptx1:WaypointExtension>
        <wptx1:DisplayMode>SymbolAndName</wptx1:DisplayMode>
      </wptx1:WaypointExtension>
      <ctx:CreationTimeExtension>
        <ctx:CreationTime>2026-06-27T16:47:04Z</ctx:CreationTime>
      </ctx:CreationTimeExtension>
    </extensions>
  </wpt>

  <wpt lat="45.830697063356638" lon="-77.161388536915183">
    <ele>0</ele>
    <time>2026-06-27T16:47:04Z</time>
    <name>Yantha Cycle</name>
    <cmt>recommended from video https://www.youtube.com/watch?v=7jruPfK_ejo (22may2024)</cmt>
    <desc>recommended from video https://www.youtube.com/watch?v=7jruPfK_ejo (22may2024)</desc>
    <sym>Bike Trail</sym>
    <type>user</type>
    <extensions>
      <gpxx:WaypointExtension>
        <gpxx:DisplayMode>SymbolAndName</gpxx:DisplayMode>
      </gpxx:WaypointExtension>
      <wptx1:WaypointExtension>
        <wptx1:DisplayMode>SymbolAndName</wptx1:DisplayMode>
      </wptx1:WaypointExtension>
      <ctx:CreationTimeExtension>
        <ctx:CreationTime>2026-06-27T16:47:04Z</ctx:CreationTime>
      </ctx:CreationTimeExtension>
    </extensions>
  </wpt>

  <wpt lat="44.239049339666963" lon="-76.499867280945182">
    <ele>0</ele>
    <time>2026-06-27T16:47:04Z</time>
    <name>Yellow Bike Action (Community Bike Repair) 303 York St, Kingston, ON K7K 4M4</name>
    <cmt>Yellow Bike Action (Community Bike Repair)&lt;br&gt;&lt;br&gt;303 York St, Kingston, ON K7K 4M4&lt;br&gt;&lt;br&gt;Approved Bike Shop #190</cmt>
    <desc>Yellow Bike Action (Community Bike Repair)&lt;br&gt;&lt;br&gt;303 York St, Kingston, ON K7K 4M4&lt;br&gt;&lt;br&gt;Approved Bike Shop #190</desc>
    <sym>Bike Trail</sym>
    <type>user</type>
    <extensions>
      <gpxx:WaypointExtension>
        <gpxx:DisplayMode>SymbolAndName</gpxx:DisplayMode>
      </gpxx:WaypointExtension>
      <wptx1:WaypointExtension>
        <wptx1:DisplayMode>SymbolAndName</wptx1:DisplayMode>
      </wptx1:WaypointExtension>
      <ctx:CreationTimeExtension>
        <ctx:CreationTime>2026-06-27T16:47:04Z</ctx:CreationTime>
      </ctx:CreationTimeExtension>
    </extensions>
  </wpt>

</gpx>