<?xml version="1.0" encoding="UTF-8" standalone="no" ?>
<gpx xmlns="http://www.topografix.com/GPX/1/1" creator="MapSource 6.16.3" version="1.1" xmlns:xsi="http://www.w3.org/2001/XMLSchema-instance" xsi:schemaLocation="http://www.topografix.com/GPX/1/1 http://www.topografix.com/GPX/1/1/gpx.xsd">

  <metadata>
    <link href="http://www.garmin.com">
      <text>Garmin International</text>
    </link>
    <time>2026-09-12T13:19:03Z</time>
    <bounds maxlat="49.214862724766135" maxlon="-122.36010611057281" minlat="48.408623719587922" minlon="-123.44174813479185"/>
  </metadata>

  <trk>
    <name>[C1 EB] (Swartz Bay-Tsawwassen ferry 1h 35mins) to Mission, BC (Sun Valley Trout Park 833m) pt2of2</name>
    <extensions>
      <gpxx:TrackExtension xmlns:gpxx="http://www.garmin.com/xmlschemas/GpxExtensions/v3">
        <gpxx:DisplayColor>DarkMagenta</gpxx:DisplayColor>
      </gpxx:TrackExtension>
    </extensions>
    <trkseg>
      <trkpt lat="49.006935534998775" lon="-123.13320256769657">
        <ele>0</ele>
      </trkpt>
      <trkpt lat="49.007183639332652" lon="-123.13284826464951">
        <ele>0</ele>
      </trkpt>
      <trkpt lat="49.00719721801579" lon="-123.13282831571996">
        <ele>0</ele>
      </trkpt>
      <trkpt lat="49.007320515811443" lon="-123.13264617696404">
        <ele>0</ele>
      </trkpt>
      <trkpt lat="49.007348008453846" lon="-123.13245020806789">
        <ele>0</ele>
      </trkpt>
      <trkpt lat="49.006946263834834" lon="-123.13178351148963">
        <ele>0</ele>
      </trkpt>
      <trkpt lat="49.006734788417816" lon="-123.13142593950033">
        <ele>0</ele>
      </trkpt>
      <trkpt lat="49.006525408476591" lon="-123.13105923123658">
        <ele>0</ele>
      </trkpt>
      <trkpt lat="49.006604114547372" lon="-123.13089100643992">
        <ele>0</ele>
      </trkpt>
      <trkpt lat="49.006622806191444" lon="-123.13080383464694">
        <ele>0</ele>
      </trkpt>
      <trkpt lat="49.006621297448874" lon="-123.13044961541891">
        <ele>0</ele>
      </trkpt>
      <trkpt lat="49.006622470915318" lon="-123.13022539950907">
        <ele>0</ele>
      </trkpt>
      <trkpt lat="49.006631439551711" lon="-123.12992976978421">
        <ele>0</ele>
      </trkpt>
      <trkpt lat="49.006659183651209" lon="-123.12972089275718">
        <ele>0</ele>
      </trkpt>
      <trkpt lat="49.006724311038852" lon="-123.12941688112915">
        <ele>0</ele>
      </trkpt>
      <trkpt lat="49.006789103150368" lon="-123.12914656475186">
        <ele>0</ele>
      </trkpt>
      <trkpt lat="49.006863534450531" lon="-123.12888571992517">
        <ele>0</ele>
      </trkpt>
      <trkpt lat="49.006969816982746" lon="-123.1284936144948">
        <ele>0</ele>
      </trkpt>
      <trkpt lat="49.007060509175062" lon="-123.12821122817695">
        <ele>0</ele>
      </trkpt>
      <trkpt lat="49.007154805585742" lon="-123.1279050372541">
        <ele>0</ele>
      </trkpt>
      <trkpt lat="49.007264859974384" lon="-123.12754981219769">
        <ele>0</ele>
      </trkpt>
      <trkpt lat="49.007370807230473" lon="-123.12727798707783">
        <ele>0</ele>
      </trkpt>
      <trkpt lat="49.007458817213774" lon="-123.12708436511457">
        <ele>0</ele>
      </trkpt>
      <trkpt lat="49.007554035633802" lon="-123.12691329047084">
        <ele>0</ele>
      </trkpt>
      <trkpt lat="49.00771614164114" lon="-123.12666736543179">
        <ele>0</ele>
      </trkpt>
      <trkpt lat="49.00800640694797" lon="-123.12624868936837">
        <ele>0</ele>
      </trkpt>
      <trkpt lat="49.008639827370644" lon="-123.12536272220314">
        <ele>0</ele>
      </trkpt>
      <trkpt lat="49.009230500087142" lon="-123.12451078556478">
        <ele>0</ele>
      </trkpt>
      <trkpt lat="49.009544318541884" lon="-123.12410661019385">
        <ele>0</ele>
      </trkpt>
      <trkpt lat="49.009649679064751" lon="-123.12396160326898">
        <ele>0</ele>
      </trkpt>
      <trkpt lat="49.00983533822" lon="-123.123824223876">
        <ele>0</ele>
      </trkpt>
      <trkpt lat="49.010011274367571" lon="-123.12371307983994">
        <ele>0</ele>
      </trkpt>
      <trkpt lat="49.01023356243968" lon="-123.12360486947">
        <ele>0</ele>
      </trkpt>
      <trkpt lat="49.010357027873397" lon="-123.12354946509004">
        <ele>0</ele>
      </trkpt>
      <trkpt lat="49.010602533817291" lon="-123.1234285980463">
        <ele>0</ele>
      </trkpt>
      <trkpt lat="49.010775033384562" lon="-123.12334477901459">
        <ele>0</ele>
      </trkpt>
      <trkpt lat="49.011050295084715" lon="-123.12317579984665">
        <ele>0</ele>
      </trkpt>
      <trkpt lat="49.011264536529779" lon="-123.12300933524966">
        <ele>0</ele>
      </trkpt>
      <trkpt lat="49.011410381644964" lon="-123.122878074646">
        <ele>0</ele>
      </trkpt>
      <trkpt lat="49.011574164032936" lon="-123.1227052398026">
        <ele>0</ele>
      </trkpt>
      <trkpt lat="49.011800894513726" lon="-123.12246853485703">
        <ele>0</ele>
      </trkpt>
      <trkpt lat="49.012755090370774" lon="-123.1210975907743">
        <ele>0</ele>
      </trkpt>
      <trkpt lat="49.01375999674201" lon="-123.11966730281711">
        <ele>0</ele>
      </trkpt>
      <trkpt lat="49.026174265891314" lon="-123.10212196782231">
        <ele>0</ele>
      </trkpt>
      <trkpt lat="49.026680281385779" lon="-123.10140632092953">
        <ele>0</ele>
      </trkpt>
      <trkpt lat="49.027010109275579" lon="-123.1009191647172">
        <ele>0</ele>
      </trkpt>
      <trkpt lat="49.027335997670889" lon="-123.10041918419302">
        <ele>0</ele>
      </trkpt>
      <trkpt lat="49.027649061754346" lon="-123.09991149231791">
        <ele>0</ele>
      </trkpt>
      <trkpt lat="49.027803540229797" lon="-123.09964628890157">
        <ele>0</ele>
      </trkpt>
      <trkpt lat="49.0279536601156" lon="-123.09938351623714">
        <ele>0</ele>
      </trkpt>
      <trkpt lat="49.028096320107579" lon="-123.09911730699241">
        <ele>0</ele>
      </trkpt>
      <trkpt lat="49.028245015069842" lon="-123.09882377274334">
        <ele>0</ele>
      </trkpt>
      <trkpt lat="49.028794029727578" lon="-123.0977173615247">
        <ele>0</ele>
      </trkpt>
      <trkpt lat="49.028839962556958" lon="-123.09762038290501">
        <ele>0</ele>
      </trkpt>
      <trkpt lat="49.029055377468467" lon="-123.09716608375311">
        <ele>0</ele>
      </trkpt>
      <trkpt lat="49.029244305565953" lon="-123.09677598997951">
        <ele>0</ele>
      </trkpt>
      <trkpt lat="49.02947916649282" lon="-123.096291013062">
        <ele>0</ele>
      </trkpt>
      <trkpt lat="49.031946463510394" lon="-123.09119573794305">
        <ele>0</ele>
      </trkpt>
      <trkpt lat="49.032535208389163" lon="-123.08998488821089">
        <ele>0</ele>
      </trkpt>
      <trkpt lat="49.032598910853267" lon="-123.08985186740756">
        <ele>0</ele>
      </trkpt>
      <trkpt lat="49.032658087089658" lon="-123.08973192237318">
        <ele>0</ele>
      </trkpt>
      <trkpt lat="49.034530939534307" lon="-123.08582436293364">
        <ele>0</ele>
      </trkpt>
      <trkpt lat="49.036436732858419" lon="-123.08186693117023">
        <ele>0</ele>
      </trkpt>
      <trkpt lat="49.036913579329848" lon="-123.08088222518563">
        <ele>0</ele>
      </trkpt>
      <trkpt lat="49.037013240158558" lon="-123.0806696601212">
        <ele>0</ele>
      </trkpt>
      <trkpt lat="49.037313899025321" lon="-123.08002861216664">
        <ele>0</ele>
      </trkpt>
      <trkpt lat="49.037347510457039" lon="-123.07996013201773">
        <ele>0</ele>
      </trkpt>
      <trkpt lat="49.037450440227985" lon="-123.07973206043243">
        <ele>0</ele>
      </trkpt>
      <trkpt lat="49.037637440487742" lon="-123.07933869771659">
        <ele>0</ele>
      </trkpt>
      <trkpt lat="49.039295297116041" lon="-123.07587722316384">
        <ele>0</ele>
      </trkpt>
      <trkpt lat="49.04063992202282" lon="-123.07303827255964">
        <ele>0</ele>
      </trkpt>
      <trkpt lat="49.042351674288511" lon="-123.06951326318085">
        <ele>0</ele>
      </trkpt>
      <trkpt lat="49.042624002322555" lon="-123.06896651163697">
        <ele>0</ele>
      </trkpt>
      <trkpt lat="49.042660128325224" lon="-123.06889400817454">
        <ele>0</ele>
      </trkpt>
      <trkpt lat="49.042775798588991" lon="-123.06866769678891">
        <ele>0</ele>
      </trkpt>
      <trkpt lat="49.043086683377624" lon="-123.06802824139595">
        <ele>0</ele>
      </trkpt>
      <trkpt lat="49.044819893315434" lon="-123.06446576490998">
        <ele>0</ele>
      </trkpt>
      <trkpt lat="49.045428838580847" lon="-123.06317796930671">
        <ele>0</ele>
      </trkpt>
      <trkpt lat="49.045727234333754" lon="-123.06262996047735">
        <ele>0</ele>
      </trkpt>
      <trkpt lat="49.046029569581151" lon="-123.06211589835584">
        <ele>0</ele>
      </trkpt>
      <trkpt lat="49.046419495716691" lon="-123.0615047737956">
        <ele>0</ele>
      </trkpt>
      <trkpt lat="49.046845799311996" lon="-123.06090622209013">
        <ele>0</ele>
      </trkpt>
      <trkpt lat="49.047356592491269" lon="-123.06029082275927">
        <ele>0</ele>
      </trkpt>
      <trkpt lat="49.047907702624798" lon="-123.05969453416765">
        <ele>0</ele>
      </trkpt>
      <trkpt lat="49.048452693969011" lon="-123.05922389030457">
        <ele>0</ele>
      </trkpt>
      <trkpt lat="49.048965414986014" lon="-123.05881544016302">
        <ele>0</ele>
      </trkpt>
      <trkpt lat="49.049621298909187" lon="-123.0583777371794">
        <ele>0</ele>
      </trkpt>
      <trkpt lat="49.049937212839723" lon="-123.05818973109126">
        <ele>0</ele>
      </trkpt>
      <trkpt lat="49.050337867811322" lon="-123.05797699838877">
        <ele>0</ele>
      </trkpt>
      <trkpt lat="49.050916973501444" lon="-123.05774113163352">
        <ele>0</ele>
      </trkpt>
      <trkpt lat="49.051508400589228" lon="-123.05753317661583">
        <ele>0</ele>
      </trkpt>
      <trkpt lat="49.05202891677618" lon="-123.05740300565958">
        <ele>0</ele>
      </trkpt>
      <trkpt lat="49.052494280040264" lon="-123.05732547305524">
        <ele>0</ele>
      </trkpt>
      <trkpt lat="49.052859228104353" lon="-123.05727501399815">
        <ele>0</ele>
      </trkpt>
      <trkpt lat="49.053236413747072" lon="-123.05725129321218">
        <ele>0</ele>
      </trkpt>
      <trkpt lat="49.053675960749388" lon="-123.05712983943522">
        <ele>0</ele>
      </trkpt>
      <trkpt lat="49.053879976272583" lon="-123.05711139924824">
        <ele>0</ele>
      </trkpt>
      <trkpt lat="49.053850471973419" lon="-123.05693747475743">
        <ele>0</ele>
      </trkpt>
      <trkpt lat="49.053804706782103" lon="-123.05669138208032">
        <ele>0</ele>
      </trkpt>
      <trkpt lat="49.053775034844875" lon="-123.05651477538049">
        <ele>0</ele>
      </trkpt>
      <trkpt lat="49.053755505010486" lon="-123.05631780065596">
        <ele>0</ele>
      </trkpt>
      <trkpt lat="49.053756594657898" lon="-123.05596961639822">
        <ele>0</ele>
      </trkpt>
      <trkpt lat="49.053738573566079" lon="-123.05571396835148">
        <ele>0</ele>
      </trkpt>
      <trkpt lat="49.053748631849885" lon="-123.05564020760357">
        <ele>0</ele>
      </trkpt>
      <trkpt lat="49.053754080086946" lon="-123.05557080544531">
        <ele>0</ele>
      </trkpt>
      <trkpt lat="49.053757265210152" lon="-123.05545748211443">
        <ele>0</ele>
      </trkpt>
      <trkpt lat="49.053721390664577" lon="-123.04639899171889">
        <ele>0</ele>
      </trkpt>
      <trkpt lat="49.050470637157559" lon="-123.04640368558466">
        <ele>0</ele>
      </trkpt>
      <trkpt lat="49.050108538940549" lon="-123.04640963673592">
        <ele>0</ele>
      </trkpt>
      <trkpt lat="49.049760522320867" lon="-123.04640460759401">
        <ele>0</ele>
      </trkpt>
      <trkpt lat="49.049668237566948" lon="-123.04640242829919">
        <ele>0</ele>
      </trkpt>
      <trkpt lat="49.049779381603003" lon="-123.04485663771629">
        <ele>0</ele>
      </trkpt>
      <trkpt lat="49.049199940636754" lon="-123.03975750692189">
        <ele>0</ele>
      </trkpt>
      <trkpt lat="49.050884367898107" lon="-123.03750403225422">
        <ele>0</ele>
      </trkpt>
      <trkpt lat="49.053056035190821" lon="-123.035579463467">
        <ele>0</ele>
      </trkpt>
      <trkpt lat="49.055319735780358" lon="-123.03533823229373">
        <ele>0</ele>
      </trkpt>
      <trkpt lat="49.055229714140296" lon="-123.03119262680411">
        <ele>0</ele>
      </trkpt>
      <trkpt lat="49.05699041672051" lon="-123.02943795919418">
        <ele>0</ele>
      </trkpt>
      <trkpt lat="49.059777986258268" lon="-123.02350499667227">
        <ele>11.199999999999999</ele>
      </trkpt>
      <trkpt lat="49.060170007869601" lon="-123.02225701510906">
        <ele>11.4</ele>
      </trkpt>
      <trkpt lat="49.060520958155394" lon="-123.02093099802732">
        <ele>11.199999999999999</ele>
      </trkpt>
      <trkpt lat="49.060975005850196" lon="-123.0196700245142">
        <ele>11</ele>
      </trkpt>
      <trkpt lat="49.061499964445829" lon="-123.01848197355866">
        <ele>11.4</ele>
      </trkpt>
      <trkpt lat="49.061891986057162" lon="-123.017209013924">
        <ele>11.4</ele>
      </trkpt>
      <trkpt lat="49.062265986576676" lon="-123.01589397713542">
        <ele>11.199999999999999</ele>
      </trkpt>
      <trkpt lat="49.062598999589682" lon="-123.01456502638757">
        <ele>11.199999999999999</ele>
      </trkpt>
      <trkpt lat="49.062922960147262" lon="-123.01324697211385">
        <ele>11</ele>
      </trkpt>
      <trkpt lat="49.063266031444073" lon="-123.01196202635765">
        <ele>11</ele>
      </trkpt>
      <trkpt lat="49.063568031415343" lon="-123.01063198596239">
        <ele>11</ele>
      </trkpt>
      <trkpt lat="49.063858967274427" lon="-123.00926397554576">
        <ele>11.199999999999999</ele>
      </trkpt>
      <trkpt lat="49.064133977517486" lon="-123.00792496651411">
        <ele>10.6</ele>
      </trkpt>
      <trkpt lat="49.064423991367221" lon="-123.00662300549448">
        <ele>10.800000000000001</ele>
      </trkpt>
      <trkpt lat="49.064634963870049" lon="-123.00526496954262">
        <ele>11.199999999999999</ele>
      </trkpt>
      <trkpt lat="49.064812995493412" lon="-123.00385496579111">
        <ele>11.199999999999999</ele>
      </trkpt>
      <trkpt lat="49.064968982711434" lon="-123.00242903642356">
        <ele>11.199999999999999</ele>
      </trkpt>
      <trkpt lat="49.065090017393231" lon="-123.00099799409509">
        <ele>11</ele>
      </trkpt>
      <trkpt lat="49.065212979912758" lon="-122.99958799034357">
        <ele>11.4</ele>
      </trkpt>
      <trkpt lat="49.065359998494387" lon="-122.9982000309974">
        <ele>11.4</ele>
      </trkpt>
      <trkpt lat="49.065530989319086" lon="-122.99680897034705">
        <ele>11.199999999999999</ele>
      </trkpt>
      <trkpt lat="49.065749002620578" lon="-122.99540399573743">
        <ele>11</ele>
      </trkpt>
      <trkpt lat="49.065969027578831" lon="-122.9940499830991">
        <ele>11.4</ele>
      </trkpt>
      <trkpt lat="49.066181005910039" lon="-122.99269001930952">
        <ele>11</ele>
      </trkpt>
      <trkpt lat="49.066388960927725" lon="-122.99131999723613">
        <ele>11</ele>
      </trkpt>
      <trkpt lat="49.066594988107681" lon="-122.98996296711266">
        <ele>11</ele>
      </trkpt>
      <trkpt lat="49.066788023337722" lon="-122.9886019974947">
        <ele>11</ele>
      </trkpt>
      <trkpt lat="49.06697996892035" lon="-122.98725401982665">
        <ele>11</ele>
      </trkpt>
      <trkpt lat="49.067136039957404" lon="-122.98585600219667">
        <ele>10.800000000000001</ele>
      </trkpt>
      <trkpt lat="49.067348018288612" lon="-122.98445597290993">
        <ele>10.800000000000001</ele>
      </trkpt>
      <trkpt lat="49.067534012719989" lon="-122.98310799524188">
        <ele>10.6</ele>
      </trkpt>
      <trkpt lat="49.067731993272901" lon="-122.98170100897551">
        <ele>10.800000000000001</ele>
      </trkpt>
      <trkpt lat="49.067914970219135" lon="-122.98035403713584">
        <ele>11</ele>
      </trkpt>
      <trkpt lat="49.068100964650512" lon="-122.97895501367748">
        <ele>11</ele>
      </trkpt>
      <trkpt lat="49.068286037072539" lon="-122.97757199965417">
        <ele>10.6</ele>
      </trkpt>
      <trkpt lat="49.068450992926955" lon="-122.97619602642953">
        <ele>10.6</ele>
      </trkpt>
      <trkpt lat="49.06867696903646" lon="-122.97481896355748">
        <ele>11</ele>
      </trkpt>
      <trkpt lat="49.068947033956647" lon="-122.97344600781798">
        <ele>11</ele>
      </trkpt>
      <trkpt lat="49.069216009229422" lon="-122.97209601849318">
        <ele>10.800000000000001</ele>
      </trkpt>
      <trkpt lat="49.069465035572648" lon="-122.9707580152899">
        <ele>10.800000000000001</ele>
      </trkpt>
      <trkpt lat="49.069720013067126" lon="-122.96941003762186">
        <ele>11</ele>
      </trkpt>
      <trkpt lat="49.069952024146914" lon="-122.96804102137685">
        <ele>10.6</ele>
      </trkpt>
      <trkpt lat="49.070183029398322" lon="-122.96668902039528">
        <ele>11.199999999999999</ele>
      </trkpt>
      <trkpt lat="49.070383021607995" lon="-122.96542997471988">
        <ele>11.199999999999999</ele>
      </trkpt>
      <trkpt lat="49.070618972182274" lon="-122.96404000371695">
        <ele>11</ele>
      </trkpt>
      <trkpt lat="49.07080396078527" lon="-122.96268599107862">
        <ele>11</ele>
      </trkpt>
      <trkpt lat="49.071008982136846" lon="-122.96131001785398">
        <ele>10.800000000000001</ele>
      </trkpt>
      <trkpt lat="49.07121098600328" lon="-122.95995198190212">
        <ele>11</ele>
      </trkpt>
      <trkpt lat="49.071424975991249" lon="-122.9585699737072">
        <ele>10.800000000000001</ele>
      </trkpt>
      <trkpt lat="49.071650030091405" lon="-122.95718000270426">
        <ele>10.6</ele>
      </trkpt>
      <trkpt lat="49.071892015635967" lon="-122.95583998784423">
        <ele>10.800000000000001</ele>
      </trkpt>
      <trkpt lat="49.072136012837291" lon="-122.95449997298419">
        <ele>10.6</ele>
      </trkpt>
      <trkpt lat="49.072385961189866" lon="-122.95317102223635">
        <ele>10.6</ele>
      </trkpt>
      <trkpt lat="49.072657031938434" lon="-122.95179303735495">
        <ele>11</ele>
      </trkpt>
      <trkpt lat="49.072917960584164" lon="-122.95042896643281">
        <ele>10.800000000000001</ele>
      </trkpt>
      <trkpt lat="49.073172016069293" lon="-122.94909096322954">
        <ele>10.800000000000001</ele>
      </trkpt>
      <trkpt lat="49.073489019647241" lon="-122.9477890022099">
        <ele>11</ele>
      </trkpt>
      <trkpt lat="49.073865031823516" lon="-122.94652702286839">
        <ele>10.800000000000001</ele>
      </trkpt>
      <trkpt lat="49.074267027899623" lon="-122.94523696415126">
        <ele>10.4</ele>
      </trkpt>
      <trkpt lat="49.074671035632491" lon="-122.94399401172996">
        <ele>10.6</ele>
      </trkpt>
      <trkpt lat="49.075047969818115" lon="-122.94269003905356">
        <ele>10.6</ele>
      </trkpt>
      <trkpt lat="49.075405038893223" lon="-122.94138900004327">
        <ele>10.4</ele>
      </trkpt>
      <trkpt lat="49.075748026371002" lon="-122.9401199799031">
        <ele>10.4</ele>
      </trkpt>
      <trkpt lat="49.07606796361506" lon="-122.93876403942704">
        <ele>10.6</ele>
      </trkpt>
      <trkpt lat="49.076350014656782" lon="-122.9374419618398">
        <ele>10.4</ele>
      </trkpt>
      <trkpt lat="49.076630976051092" lon="-122.93609197251499">
        <ele>10.199999999999999</ele>
      </trkpt>
      <trkpt lat="49.076942028477788" lon="-122.93475396931171">
        <ele>10.199999999999999</ele>
      </trkpt>
      <trkpt lat="49.07731200568378" lon="-122.93348796665668">
        <ele>10.6</ele>
      </trkpt>
      <trkpt lat="49.077690029516816" lon="-122.93224199675024">
        <ele>10.199999999999999</ele>
      </trkpt>
      <trkpt lat="49.078077021986246" lon="-122.93092997744679">
        <ele>10.4</ele>
      </trkpt>
      <trkpt lat="49.078449010848999" lon="-122.92964000254869">
        <ele>10.6</ele>
      </trkpt>
      <trkpt lat="49.078802978619933" lon="-122.92836897075176">
        <ele>10.6</ele>
      </trkpt>
      <trkpt lat="49.07916096970439" lon="-122.92708301916718">
        <ele>10.6</ele>
      </trkpt>
      <trkpt lat="49.079553997144103" lon="-122.92578600347042">
        <ele>10.4</ele>
      </trkpt>
      <trkpt lat="49.079992035403848" lon="-122.92452603578568">
        <ele>10.4</ele>
      </trkpt>
      <trkpt lat="49.080438958480954" lon="-122.92328601703048">
        <ele>10.6</ele>
      </trkpt>
      <trkpt lat="49.080895017832518" lon="-122.92202898301184">
        <ele>10.800000000000001</ele>
      </trkpt>
      <trkpt lat="49.081343030557036" lon="-122.92076599784195">
        <ele>10.800000000000001</ele>
      </trkpt>
      <trkpt lat="49.081792971119285" lon="-122.91953100822866">
        <ele>10.4</ele>
      </trkpt>
      <trkpt lat="49.082270991057158" lon="-122.91834304109216">
        <ele>10.199999999999999</ele>
      </trkpt>
      <trkpt lat="49.082762002944946" lon="-122.91714996099472">
        <ele>10.4</ele>
      </trkpt>
      <trkpt lat="49.083216972649097" lon="-122.91593902744353">
        <ele>10</ele>
      </trkpt>
      <trkpt lat="49.083411013707519" lon="-122.91456196457148">
        <ele>10.6</ele>
      </trkpt>
      <trkpt lat="49.083958016708493" lon="-122.91347600519657">
        <ele>10.6</ele>
      </trkpt>
      <trkpt lat="49.083813009783626" lon="-122.91208796203136">
        <ele>10.4</ele>
      </trkpt>
      <trkpt lat="49.08412498421967" lon="-122.91077896021307">
        <ele>10.6</ele>
      </trkpt>
      <trkpt lat="49.084540978074074" lon="-122.90954103693366">
        <ele>10.6</ele>
      </trkpt>
      <trkpt lat="49.084911961108446" lon="-122.90826698765159">
        <ele>10.6</ele>
      </trkpt>
      <trkpt lat="49.08521899022162" lon="-122.90695899166167">
        <ele>10.4</ele>
      </trkpt>
      <trkpt lat="49.085352011024952" lon="-122.90555896237493">
        <ele>10.6</ele>
      </trkpt>
      <trkpt lat="49.085404984652996" lon="-122.90418600663543">
        <ele>10.4</ele>
      </trkpt>
      <trkpt lat="49.08597000874579" lon="-122.9032670147717">
        <ele>10.199999999999999</ele>
      </trkpt>
      <trkpt lat="49.086852036416531" lon="-122.90295998565853">
        <ele>10.199999999999999</ele>
      </trkpt>
      <trkpt lat="49.087455030530691" lon="-122.90190403349698">
        <ele>10.199999999999999</ele>
      </trkpt>
      <trkpt lat="49.087882004678249" lon="-122.90062503889203">
        <ele>10.6</ele>
      </trkpt>
      <trkpt lat="49.088502014055848" lon="-122.89966698735952">
        <ele>10.199999999999999</ele>
      </trkpt>
      <trkpt lat="49.089312963187695" lon="-122.89904597215354">
        <ele>10</ele>
      </trkpt>
      <trkpt lat="49.089849991723895" lon="-122.89800602942705">
        <ele>10.6</ele>
      </trkpt>
      <trkpt lat="49.089872958138585" lon="-122.89662703871727">
        <ele>10.4</ele>
      </trkpt>
      <trkpt lat="49.089885028079152" lon="-122.89522097446024">
        <ele>10.199999999999999</ele>
      </trkpt>
      <trkpt lat="49.090292975306511" lon="-122.89396201260388">
        <ele>10</ele>
      </trkpt>
      <trkpt lat="49.090873003005981" lon="-122.89290203712881">
        <ele>9.800000000000001</ele>
      </trkpt>
      <trkpt lat="49.091688981279731" lon="-122.89232997223735">
        <ele>10</ele>
      </trkpt>
      <trkpt lat="49.091655034571886" lon="-122.89092198014259">
        <ele>10.199999999999999</ele>
      </trkpt>
      <trkpt lat="49.091498041525483" lon="-122.88957903161645">
        <ele>10.199999999999999</ele>
      </trkpt>
      <trkpt lat="49.09162200987339" lon="-122.88823398761451">
        <ele>9.800000000000001</ele>
      </trkpt>
      <trkpt lat="49.091523019596934" lon="-122.88682197220623">
        <ele>9.6</ele>
      </trkpt>
      <trkpt lat="49.091413971036673" lon="-122.88545597344637">
        <ele>9.6</ele>
      </trkpt>
      <trkpt lat="49.091360997408628" lon="-122.88406801410019">
        <ele>9.6</ele>
      </trkpt>
      <trkpt lat="49.09117198549211" lon="-122.88266798481345">
        <ele>9.199999999999999</ele>
      </trkpt>
      <trkpt lat="49.09117097966373" lon="-122.88125496357679">
        <ele>9</ele>
      </trkpt>
      <trkpt lat="49.091021027415991" lon="-122.8798870369792">
        <ele>9</ele>
      </trkpt>
      <trkpt lat="49.091000994667411" lon="-122.87846202962101">
        <ele>9.199999999999999</ele>
      </trkpt>
      <trkpt lat="49.090937962755561" lon="-122.87708597257733">
        <ele>9.6</ele>
      </trkpt>
      <trkpt lat="49.090734031051397" lon="-122.87568502128124">
        <ele>9.199999999999999</ele>
      </trkpt>
      <trkpt lat="49.090670999139547" lon="-122.87430200725794">
        <ele>9.199999999999999</ele>
      </trkpt>
      <trkpt lat="49.090510988608003" lon="-122.87294900044799">
        <ele>8</ele>
      </trkpt>
      <trkpt lat="49.090478969737887" lon="-122.87153497338295">
        <ele>8.199999999999999</ele>
      </trkpt>
      <trkpt lat="49.090341003611684" lon="-122.8701510373503">
        <ele>7.8</ele>
      </trkpt>
      <trkpt lat="49.090285012498498" lon="-122.86875000223517">
        <ele>8.199999999999999</ele>
      </trkpt>
      <trkpt lat="49.090309990569949" lon="-122.86738400347531">
        <ele>9.800000000000001</ele>
      </trkpt>
      <trkpt lat="49.090129025280476" lon="-122.86602102220058">
        <ele>9.800000000000001</ele>
      </trkpt>
      <trkpt lat="49.090028023347259" lon="-122.86460003815591">
        <ele>8.6</ele>
      </trkpt>
      <trkpt lat="49.089877987280488" lon="-122.86322004161775">
        <ele>8.4</ele>
      </trkpt>
      <trkpt lat="49.089777991175652" lon="-122.86179503425956">
        <ele>8.4</ele>
      </trkpt>
      <trkpt lat="49.089753096923232" lon="-122.86117611452937">
        <ele>0</ele>
      </trkpt>
      <trkpt lat="49.089851835742593" lon="-122.86109548062086">
        <ele>0</ele>
      </trkpt>
      <trkpt lat="49.090029699727893" lon="-122.86112179979682">
        <ele>0</ele>
      </trkpt>
      <trkpt lat="49.090027939528227" lon="-122.86112179979682">
        <ele>0</ele>
      </trkpt>
      <trkpt lat="49.090203959494829" lon="-122.86125096492469">
        <ele>8.6</ele>
      </trkpt>
      <trkpt lat="49.090959001332521" lon="-122.86203098483384">
        <ele>8.800000000000001</ele>
      </trkpt>
      <trkpt lat="49.091656040400267" lon="-122.86295098252594">
        <ele>8.199999999999999</ele>
      </trkpt>
      <trkpt lat="49.092274038121104" lon="-122.8640119638294">
        <ele>8</ele>
      </trkpt>
      <trkpt lat="49.092793967574835" lon="-122.86515399813652">
        <ele>8.4</ele>
      </trkpt>
      <trkpt lat="49.093243991956115" lon="-122.86639099940658">
        <ele>8.199999999999999</ele>
      </trkpt>
      <trkpt lat="49.093569964170456" lon="-122.86772397346795">
        <ele>8.4</ele>
      </trkpt>
      <trkpt lat="49.093656968325377" lon="-122.86911696195602">
        <ele>8</ele>
      </trkpt>
      <trkpt lat="49.093686891719699" lon="-122.86966731771827">
        <ele>0</ele>
      </trkpt>
      <trkpt lat="49.094250993803144" lon="-122.8695669863373">
        <ele>9</ele>
      </trkpt>
      <trkpt lat="49.094546958804131" lon="-122.86842604167759">
        <ele>8.199999999999999</ele>
      </trkpt>
      <trkpt lat="49.094639997929335" lon="-122.86699298769236">
        <ele>8</ele>
      </trkpt>
      <trkpt lat="49.094724990427494" lon="-122.86555096507072">
        <ele>7.6</ele>
      </trkpt>
      <trkpt lat="49.094811994582415" lon="-122.8641050029546">
        <ele>7.6</ele>
      </trkpt>
      <trkpt lat="49.094900004565716" lon="-122.86264998838305">
        <ele>7.8</ele>
      </trkpt>
      <trkpt lat="49.094983991235495" lon="-122.86120100878179">
        <ele>7.8</ele>
      </trkpt>
      <trkpt lat="49.095067977905273" lon="-122.85981003195047">
        <ele>7.8</ele>
      </trkpt>
      <trkpt lat="49.095134027302265" lon="-122.85841100849211">
        <ele>7.4</ele>
      </trkpt>
      <trkpt lat="49.095208961516619" lon="-122.85702296532691">
        <ele>7.6</ele>
      </trkpt>
      <trkpt lat="49.095288002863526" lon="-122.85558597184718">
        <ele>8</ele>
      </trkpt>
      <trkpt lat="49.095365032553673" lon="-122.85415601916611">
        <ele>8</ele>
      </trkpt>
      <trkpt lat="49.095458993688226" lon="-122.8527129907161">
        <ele>8.6</ele>
      </trkpt>
      <trkpt lat="49.095695028081536" lon="-122.85134699195623">
        <ele>8</ele>
      </trkpt>
      <trkpt lat="49.095693016424775" lon="-122.84994604066014">
        <ele>8.199999999999999</ele>
      </trkpt>
      <trkpt lat="49.095721011981368" lon="-122.84854701720178">
        <ele>8.4</ele>
      </trkpt>
      <trkpt lat="49.095861995592713" lon="-122.84718998707831">
        <ele>8.199999999999999</ele>
      </trkpt>
      <trkpt lat="49.096012031659484" lon="-122.8457519877702">
        <ele>8.4</ele>
      </trkpt>
      <trkpt lat="49.096167013049126" lon="-122.84432102926075">
        <ele>8.199999999999999</ele>
      </trkpt>
      <trkpt lat="49.096286036074162" lon="-122.84294296056032">
        <ele>8</ele>
      </trkpt>
      <trkpt lat="49.096376979723573" lon="-122.84152901731431">
        <ele>7.8</ele>
      </trkpt>
      <trkpt lat="49.096464989706874" lon="-122.84007702022791">
        <ele>8.199999999999999</ele>
      </trkpt>
      <trkpt lat="49.096546964719892" lon="-122.83864203840494">
        <ele>8</ele>
      </trkpt>
      <trkpt lat="49.096631035208702" lon="-122.83722097054124">
        <ele>8</ele>
      </trkpt>
      <trkpt lat="49.09671301022172" lon="-122.83581599593163">
        <ele>7.6</ele>
      </trkpt>
      <trkpt lat="49.096794985234737" lon="-122.8343980293721">
        <ele>8</ele>
      </trkpt>
      <trkpt lat="49.096889030188322" lon="-122.83296598121524">
        <ele>8.199999999999999</ele>
      </trkpt>
      <trkpt lat="49.096967987716198" lon="-122.83156201243401">
        <ele>8.4</ele>
      </trkpt>
      <trkpt lat="49.097052980214357" lon="-122.83018603920937">
        <ele>8.4</ele>
      </trkpt>
      <trkpt lat="49.097136966884136" lon="-122.82875298522413">
        <ele>8</ele>
      </trkpt>
      <trkpt lat="49.097224976867437" lon="-122.82734700478613">
        <ele>8.199999999999999</ele>
      </trkpt>
      <trkpt lat="49.097301000729203" lon="-122.82597103156149">
        <ele>8.199999999999999</ele>
      </trkpt>
      <trkpt lat="49.09738096408546" lon="-122.82460302114487">
        <ele>8</ele>
      </trkpt>
      <trkpt lat="49.097475009039044" lon="-122.82319301739335">
        <ele>8.4</ele>
      </trkpt>
      <trkpt lat="49.097564024850726" lon="-122.82175501808524">
        <ele>8.199999999999999</ele>
      </trkpt>
      <trkpt lat="49.097663015127182" lon="-122.82034702599049">
        <ele>8.199999999999999</ele>
      </trkpt>
      <trkpt lat="49.09770299680531" lon="-122.81912603415549">
        <ele>8.199999999999999</ele>
      </trkpt>
      <trkpt lat="49.097197987139225" lon="-122.81833000481129">
        <ele>8</ele>
      </trkpt>
      <trkpt lat="49.097307035699487" lon="-122.8169650118798">
        <ele>7.8</ele>
      </trkpt>
      <trkpt lat="49.097404014319181" lon="-122.81553899869323">
        <ele>8.199999999999999</ele>
      </trkpt>
      <trkpt lat="49.097489006817341" lon="-122.81412597745657">
        <ele>8</ele>
      </trkpt>
      <trkpt lat="49.09757299348712" lon="-122.81272502616048">
        <ele>8</ele>
      </trkpt>
      <trkpt lat="49.097652034834027" lon="-122.81131401658058">
        <ele>8</ele>
      </trkpt>
      <trkpt lat="49.097734009847045" lon="-122.80990602448583">
        <ele>8</ele>
      </trkpt>
      <trkpt lat="49.097812967374921" lon="-122.80848696827888">
        <ele>8.199999999999999</ele>
      </trkpt>
      <trkpt lat="49.09789402037859" lon="-122.80710403807461">
        <ele>8.6</ele>
      </trkpt>
      <trkpt lat="49.09798102453351" lon="-122.80572102405131">
        <ele>9</ele>
      </trkpt>
      <trkpt lat="49.098055958747864" lon="-122.80431697145104">
        <ele>9</ele>
      </trkpt>
      <trkpt lat="49.098144974559546" lon="-122.80287100933492">
        <ele>9.199999999999999</ele>
      </trkpt>
      <trkpt lat="49.098213035613298" lon="-122.8014559764415">
        <ele>8.6</ele>
      </trkpt>
      <trkpt lat="49.098285958170891" lon="-122.80008100904524">
        <ele>8.199999999999999</ele>
      </trkpt>
      <trkpt lat="49.098395006731153" lon="-122.79866103082895">
        <ele>8.199999999999999</ele>
      </trkpt>
      <trkpt lat="49.098485028371215" lon="-122.79720903374255">
        <ele>8.800000000000001</ele>
      </trkpt>
      <trkpt lat="49.098565997555852" lon="-122.79581998474896">
        <ele>8.4</ele>
      </trkpt>
      <trkpt lat="49.098646966740489" lon="-122.79444702900946">
        <ele>8.199999999999999</ele>
      </trkpt>
      <trkpt lat="49.098731959238648" lon="-122.79307097196579">
        <ele>8.4</ele>
      </trkpt>
      <trkpt lat="49.098815023899078" lon="-122.79163599014282">
        <ele>8.800000000000001</ele>
      </trkpt>
      <trkpt lat="49.098900016397238" lon="-122.79019799083471">
        <ele>8.6</ele>
      </trkpt>
      <trkpt lat="49.098984003067017" lon="-122.78873099014163">
        <ele>8.199999999999999</ele>
      </trkpt>
      <trkpt lat="49.099071007221937" lon="-122.78727798722684">
        <ele>8.6</ele>
      </trkpt>
      <trkpt lat="49.099148036912084" lon="-122.78588499873877">
        <ele>8.6</ele>
      </trkpt>
      <trkpt lat="49.099229006096721" lon="-122.78451003134251">
        <ele>8.6</ele>
      </trkpt>
      <trkpt lat="49.099309975281358" lon="-122.78307496570051">
        <ele>9</ele>
      </trkpt>
      <trkpt lat="49.099393961951137" lon="-122.78165196999907">
        <ele>8.800000000000001</ele>
      </trkpt>
      <trkpt lat="49.099471997469664" lon="-122.78021103702486">
        <ele>9</ele>
      </trkpt>
      <trkpt lat="49.099621027708054" lon="-122.77895903214812">
        <ele>9.199999999999999</ele>
      </trkpt>
      <trkpt lat="49.100532978773117" lon="-122.77896196581423">
        <ele>9.4</ele>
      </trkpt>
      <trkpt lat="49.101477032527328" lon="-122.7789740357548">
        <ele>9.199999999999999</ele>
      </trkpt>
      <trkpt lat="49.102431982755661" lon="-122.77898903936148">
        <ele>9.199999999999999</ele>
      </trkpt>
      <trkpt lat="49.10333395935595" lon="-122.77900102548301">
        <ele>8.800000000000001</ele>
      </trkpt>
      <trkpt lat="49.104286981746554" lon="-122.77899297885597">
        <ele>8.6</ele>
      </trkpt>
      <trkpt lat="49.104420840740204" lon="-122.77904980815947">
        <ele>0</ele>
      </trkpt>
      <trkpt lat="49.104416063055396" lon="-122.77406148612499">
        <ele>0</ele>
      </trkpt>
      <trkpt lat="49.104393264278769" lon="-122.77082934044302">
        <ele>0</ele>
      </trkpt>
      <trkpt lat="49.104375494644046" lon="-122.76830261573195">
        <ele>0</ele>
      </trkpt>
      <trkpt lat="49.10437130369246" lon="-122.76770448312163">
        <ele>0</ele>
      </trkpt>
      <trkpt lat="49.104356300085783" lon="-122.76728119701147">
        <ele>0</ele>
      </trkpt>
      <trkpt lat="49.104311875998974" lon="-122.76545058935881">
        <ele>0</ele>
      </trkpt>
      <trkpt lat="49.104284131899476" lon="-122.76247769594193">
        <ele>0</ele>
      </trkpt>
      <trkpt lat="49.104257309809327" lon="-122.75894078426063">
        <ele>0</ele>
      </trkpt>
      <trkpt lat="49.104232667014003" lon="-122.75699241086841">
        <ele>0</ele>
      </trkpt>
      <trkpt lat="49.104228392243385" lon="-122.7566488366574">
        <ele>0</ele>
      </trkpt>
      <trkpt lat="49.104205258190632" lon="-122.75414641946554">
        <ele>0</ele>
      </trkpt>
      <trkpt lat="49.10417977720499" lon="-122.74952111765742">
        <ele>0</ele>
      </trkpt>
      <trkpt lat="49.10408983938396" lon="-122.74608227424324">
        <ele>0</ele>
      </trkpt>
      <trkpt lat="49.104043068364263" lon="-122.74429718032479">
        <ele>0</ele>
      </trkpt>
      <trkpt lat="49.104038123041391" lon="-122.74356418289244">
        <ele>0</ele>
      </trkpt>
      <trkpt lat="49.104023873806" lon="-122.74146493524313">
        <ele>0</ele>
      </trkpt>
      <trkpt lat="49.104019766673446" lon="-122.74058190174401">
        <ele>0</ele>
      </trkpt>
      <trkpt lat="49.104011803865433" lon="-122.73886847309768">
        <ele>0</ele>
      </trkpt>
      <trkpt lat="49.10401071421802" lon="-122.73866990581155">
        <ele>0</ele>
      </trkpt>
      <trkpt lat="49.104011887684464" lon="-122.73856429383159">
        <ele>0</ele>
      </trkpt>
      <trkpt lat="49.104013228788972" lon="-122.73840503767133">
        <ele>0</ele>
      </trkpt>
      <trkpt lat="49.104013228788972" lon="-122.73819305934012">
        <ele>0</ele>
      </trkpt>
      <trkpt lat="49.104148428887129" lon="-122.7381903771311">
        <ele>0</ele>
      </trkpt>
      <trkpt lat="49.104358982294798" lon="-122.73818828165531">
        <ele>0</ele>
      </trkpt>
      <trkpt lat="49.105860600247979" lon="-122.73817311041057">
        <ele>0</ele>
      </trkpt>
      <trkpt lat="49.106000997126102" lon="-122.73817168548703">
        <ele>0</ele>
      </trkpt>
      <trkpt lat="49.106713877990842" lon="-122.73815819062293">
        <ele>0</ele>
      </trkpt>
      <trkpt lat="49.106899034231901" lon="-122.73812902159989">
        <ele>0</ele>
      </trkpt>
      <trkpt lat="49.10712132230401" lon="-122.7380939014256">
        <ele>0</ele>
      </trkpt>
      <trkpt lat="49.107384597882628" lon="-122.7379678376019">
        <ele>0</ele>
      </trkpt>
      <trkpt lat="49.107641000300646" lon="-122.73778268136084">
        <ele>0</ele>
      </trkpt>
      <trkpt lat="49.107783241197467" lon="-122.73762979544699">
        <ele>0</ele>
      </trkpt>
      <trkpt lat="49.107946520671248" lon="-122.73739376105368">
        <ele>0</ele>
      </trkpt>
      <trkpt lat="49.10816503688693" lon="-122.73694407194853">
        <ele>0</ele>
      </trkpt>
      <trkpt lat="49.108234522864223" lon="-122.73680099286139">
        <ele>0</ele>
      </trkpt>
      <trkpt lat="49.108283724635839" lon="-122.73669378831983">
        <ele>0</ele>
      </trkpt>
      <trkpt lat="49.108497882261872" lon="-122.73623513057828">
        <ele>0</ele>
      </trkpt>
      <trkpt lat="49.108724361285567" lon="-122.73577907122672">
        <ele>0</ele>
      </trkpt>
      <trkpt lat="49.108862327411771" lon="-122.73554278537631">
        <ele>0</ele>
      </trkpt>
      <trkpt lat="49.109043879434466" lon="-122.73529099300504">
        <ele>0</ele>
      </trkpt>
      <trkpt lat="49.109207158908248" lon="-122.73513542488217">
        <ele>0</ele>
      </trkpt>
      <trkpt lat="49.109384603798389" lon="-122.73500131443143">
        <ele>0</ele>
      </trkpt>
      <trkpt lat="49.109667325392365" lon="-122.73486720398068">
        <ele>0</ele>
      </trkpt>
      <trkpt lat="49.109946358948946" lon="-122.73478128947318">
        <ele>0</ele>
      </trkpt>
      <trkpt lat="49.110109303146601" lon="-122.73480459116399">
        <ele>0</ele>
      </trkpt>
      <trkpt lat="49.111339012160897" lon="-122.73478539660573">
        <ele>0</ele>
      </trkpt>
      <trkpt lat="49.111369019374251" lon="-122.73478522896767">
        <ele>0</ele>
      </trkpt>
      <trkpt lat="49.111446300521493" lon="-122.73478489369154">
        <ele>0</ele>
      </trkpt>
      <trkpt lat="49.111517127603292" lon="-122.73479042574763">
        <ele>0</ele>
      </trkpt>
      <trkpt lat="49.111589379608631" lon="-122.73479050956666">
        <ele>0</ele>
      </trkpt>
      <trkpt lat="49.111588792875409" lon="-122.7346420660615">
        <ele>0</ele>
      </trkpt>
      <trkpt lat="49.111599186435342" lon="-122.73463619872928">
        <ele>0</ele>
      </trkpt>
      <trkpt lat="49.111642017960548" lon="-122.73468372412026">
        <ele>0</ele>
      </trkpt>
      <trkpt lat="49.111673785373569" lon="-122.73468992672861">
        <ele>0</ele>
      </trkpt>
      <trkpt lat="49.111707396805286" lon="-122.73468649014831">
        <ele>0</ele>
      </trkpt>
      <trkpt lat="49.111870005726814" lon="-122.73466117680073">
        <ele>0</ele>
      </trkpt>
      <trkpt lat="49.112482806667686" lon="-122.73465530946851">
        <ele>0</ele>
      </trkpt>
      <trkpt lat="49.115549325942993" lon="-122.73466142825782">
        <ele>0</ele>
      </trkpt>
      <trkpt lat="49.115706235170364" lon="-122.73467391729355">
        <ele>0</ele>
      </trkpt>
      <trkpt lat="49.115808913484216" lon="-122.7346917707473">
        <ele>0</ele>
      </trkpt>
      <trkpt lat="49.115930031985044" lon="-122.73471347987652">
        <ele>0</ele>
      </trkpt>
      <trkpt lat="49.116539228707552" lon="-122.73472932167351">
        <ele>0</ele>
      </trkpt>
      <trkpt lat="49.116649283096194" lon="-122.73472923785448">
        <ele>0</ele>
      </trkpt>
      <trkpt lat="49.116714326664805" lon="-122.73464072495699">
        <ele>0</ele>
      </trkpt>
      <trkpt lat="49.117721999064088" lon="-122.73457358591259">
        <ele>0</ele>
      </trkpt>
      <trkpt lat="49.118129275739193" lon="-122.73459512740374">
        <ele>0</ele>
      </trkpt>
      <trkpt lat="49.118325915187597" lon="-122.73450929671526">
        <ele>0</ele>
      </trkpt>
      <trkpt lat="49.118567481637001" lon="-122.73455170914531">
        <ele>0</ele>
      </trkpt>
      <trkpt lat="49.118640990927815" lon="-122.73467651568353">
        <ele>0</ele>
      </trkpt>
      <trkpt lat="49.118736041709781" lon="-122.73469956591725">
        <ele>0</ele>
      </trkpt>
      <trkpt lat="49.118819860741496" lon="-122.73471431806684">
        <ele>0</ele>
      </trkpt>
      <trkpt lat="49.118892699480057" lon="-122.7347282320261">
        <ele>0</ele>
      </trkpt>
      <trkpt lat="49.11889286711812" lon="-122.73482982069254">
        <ele>0</ele>
      </trkpt>
      <trkpt lat="49.119191514328122" lon="-122.73483443073928">
        <ele>0</ele>
      </trkpt>
      <trkpt lat="49.120236989110708" lon="-122.73485044017434">
        <ele>0</ele>
      </trkpt>
      <trkpt lat="49.1211889218539" lon="-122.73484339937568">
        <ele>0</ele>
      </trkpt>
      <trkpt lat="49.121214989572763" lon="-122.73484272882342">
        <ele>0</ele>
      </trkpt>
      <trkpt lat="49.123344831168652" lon="-122.73478648625314">
        <ele>0</ele>
      </trkpt>
      <trkpt lat="49.125807769596577" lon="-122.73475673049688">
        <ele>0</ele>
      </trkpt>
      <trkpt lat="49.126724498346448" lon="-122.73474583402276">
        <ele>0</ele>
      </trkpt>
      <trkpt lat="49.126786859706044" lon="-122.73474499583244">
        <ele>0</ele>
      </trkpt>
      <trkpt lat="49.126950725913048" lon="-122.73474281653762">
        <ele>0</ele>
      </trkpt>
      <trkpt lat="49.127137726172805" lon="-122.73474080488086">
        <ele>0</ele>
      </trkpt>
      <trkpt lat="49.127223640680313" lon="-122.73473979905248">
        <ele>0</ele>
      </trkpt>
      <trkpt lat="49.127222467213869" lon="-122.73463033139706">
        <ele>0</ele>
      </trkpt>
      <trkpt lat="49.127294635400176" lon="-122.73461205884814">
        <ele>0</ele>
      </trkpt>
      <trkpt lat="49.127337802201509" lon="-122.73455933667719">
        <ele>0</ele>
      </trkpt>
      <trkpt lat="49.127399912104011" lon="-122.73448339663446">
        <ele>0</ele>
      </trkpt>
      <trkpt lat="49.127472583204508" lon="-122.73456025868654">
        <ele>0</ele>
      </trkpt>
      <trkpt lat="49.127586828544736" lon="-122.73459328338504">
        <ele>0</ele>
      </trkpt>
      <trkpt lat="49.127793191000819" lon="-122.73456302471459">
        <ele>0</ele>
      </trkpt>
      <trkpt lat="49.128151098266244" lon="-122.73450460284948">
        <ele>0</ele>
      </trkpt>
      <trkpt lat="49.128368692472577" lon="-122.73445087485015">
        <ele>0</ele>
      </trkpt>
      <trkpt lat="49.129344597458839" lon="-122.73445649072528">
        <ele>0</ele>
      </trkpt>
      <trkpt lat="49.129659505560994" lon="-122.73444693535566">
        <ele>0</ele>
      </trkpt>
      <trkpt lat="49.129695631563663" lon="-122.73444576188922">
        <ele>0</ele>
      </trkpt>
      <trkpt lat="49.130376661196351" lon="-122.73443126119673">
        <ele>0</ele>
      </trkpt>
      <trkpt lat="49.130397699773312" lon="-122.73443511687219">
        <ele>0</ele>
      </trkpt>
      <trkpt lat="49.130846131592989" lon="-122.73439421318471">
        <ele>0</ele>
      </trkpt>
      <trkpt lat="49.130868008360267" lon="-122.73439220152795">
        <ele>0</ele>
      </trkpt>
      <trkpt lat="49.132335176691413" lon="-122.73442966863513">
        <ele>0</ele>
      </trkpt>
      <trkpt lat="49.133535632863641" lon="-122.73440829478204">
        <ele>0</ele>
      </trkpt>
      <trkpt lat="49.134911522269249" lon="-122.7343706600368">
        <ele>0</ele>
      </trkpt>
      <trkpt lat="49.13612237200141" lon="-122.73432238027453">
        <ele>0</ele>
      </trkpt>
      <trkpt lat="49.13633300922811" lon="-122.73431173525751">
        <ele>0</ele>
      </trkpt>
      <trkpt lat="49.136459324508905" lon="-122.73424199782312">
        <ele>0</ele>
      </trkpt>
      <trkpt lat="49.136655880138278" lon="-122.73430628702044">
        <ele>0</ele>
      </trkpt>
      <trkpt lat="49.137143706902862" lon="-122.73431173525751">
        <ele>0</ele>
      </trkpt>
      <trkpt lat="49.137650895863771" lon="-122.73431081324816">
        <ele>0</ele>
      </trkpt>
      <trkpt lat="49.137712586671114" lon="-122.7343674749136">
        <ele>0</ele>
      </trkpt>
      <trkpt lat="49.137862203642726" lon="-122.73448959924281">
        <ele>0</ele>
      </trkpt>
      <trkpt lat="49.137944933027029" lon="-122.73448993451893">
        <ele>0</ele>
      </trkpt>
      <trkpt lat="49.138002600520849" lon="-122.734490102157">
        <ele>0</ele>
      </trkpt>
      <trkpt lat="49.138068230822682" lon="-122.73449043743312">
        <ele>0</ele>
      </trkpt>
      <trkpt lat="49.138183062896132" lon="-122.73449077270925">
        <ele>0</ele>
      </trkpt>
      <trkpt lat="49.138210890814662" lon="-122.73439572192729">
        <ele>0</ele>
      </trkpt>
      <trkpt lat="49.138231258839369" lon="-122.73434350267053">
        <ele>0</ele>
      </trkpt>
      <trkpt lat="49.138178704306483" lon="-122.73427980020642">
        <ele>0</ele>
      </trkpt>
      <trkpt lat="49.137955410405993" lon="-122.73373732343316">
        <ele>0</ele>
      </trkpt>
      <trkpt lat="49.137894222512841" lon="-122.73358980193734">
        <ele>0</ele>
      </trkpt>
      <trkpt lat="49.138028919696808" lon="-122.73347639478743">
        <ele>0</ele>
      </trkpt>
      <trkpt lat="49.138406021520495" lon="-122.73315427824855">
        <ele>0</ele>
      </trkpt>
      <trkpt lat="49.138593692332506" lon="-122.73299301043153">
        <ele>0</ele>
      </trkpt>
      <trkpt lat="49.138778261840343" lon="-122.73282377980649">
        <ele>0</ele>
      </trkpt>
      <trkpt lat="49.138959897682071" lon="-122.73264700546861">
        <ele>0</ele>
      </trkpt>
      <trkpt lat="49.139138264581561" lon="-122.7324627712369">
        <ele>0</ele>
      </trkpt>
      <trkpt lat="49.139313194900751" lon="-122.73227107711136">
        <ele>0</ele>
      </trkpt>
      <trkpt lat="49.139484604820609" lon="-122.73207209073007">
        <ele>0</ele>
      </trkpt>
      <trkpt lat="49.139652494341135" lon="-122.73186606355011">
        <ele>0</ele>
      </trkpt>
      <trkpt lat="49.140563104301691" lon="-122.73057390935719">
        <ele>0</ele>
      </trkpt>
      <trkpt lat="49.14795896038413" lon="-122.72007876075804">
        <ele>0</ele>
      </trkpt>
      <trkpt lat="49.153276607394218" lon="-122.71251627244055">
        <ele>0</ele>
      </trkpt>
      <trkpt lat="49.153334191069007" lon="-122.71243412978947">
        <ele>0</ele>
      </trkpt>
      <trkpt lat="49.154137512668967" lon="-122.71128639578819">
        <ele>0</ele>
      </trkpt>
      <trkpt lat="49.155392786487937" lon="-122.70949803292751">
        <ele>0</ele>
      </trkpt>
      <trkpt lat="49.158308515325189" lon="-122.70533826202154">
        <ele>0</ele>
      </trkpt>
      <trkpt lat="49.160914197564125" lon="-122.70163832232356">
        <ele>0</ele>
      </trkpt>
      <trkpt lat="49.162661405280232" lon="-122.69913372583687">
        <ele>0</ele>
      </trkpt>
      <trkpt lat="49.162835329771042" lon="-122.69888436421752">
        <ele>0</ele>
      </trkpt>
      <trkpt lat="49.163056779652834" lon="-122.69856828264892">
        <ele>0</ele>
      </trkpt>
      <trkpt lat="49.163613924756646" lon="-122.6977732591331">
        <ele>0</ele>
      </trkpt>
      <trkpt lat="49.164039976894855" lon="-122.69719398580492">
        <ele>0</ele>
      </trkpt>
      <trkpt lat="49.164347592741251" lon="-122.6968236733228">
        <ele>0</ele>
      </trkpt>
      <trkpt lat="49.164665937423706" lon="-122.69647741690278">
        <ele>0</ele>
      </trkpt>
      <trkpt lat="49.164994340389967" lon="-122.69615571945906">
        <ele>0</ele>
      </trkpt>
      <trkpt lat="49.165344787761569" lon="-122.69584852270782">
        <ele>0</ele>
      </trkpt>
      <trkpt lat="49.165693894028664" lon="-122.6955765299499">
        <ele>0</ele>
      </trkpt>
      <trkpt lat="49.166063787415624" lon="-122.69532297737896">
        <ele>0</ele>
      </trkpt>
      <trkpt lat="49.166440637782216" lon="-122.69509859383106">
        <ele>0</ele>
      </trkpt>
      <trkpt lat="49.16646771132946" lon="-122.69508501514792">
        <ele>0</ele>
      </trkpt>
      <trkpt lat="49.166688239201903" lon="-122.69497429020703">
        <ele>0</ele>
      </trkpt>
      <trkpt lat="49.167084787040949" lon="-122.69480288028717">
        <ele>0</ele>
      </trkpt>
      <trkpt lat="49.167463732883334" lon="-122.69466977566481">
        <ele>0</ele>
      </trkpt>
      <trkpt lat="49.167820382863283" lon="-122.69457086920738">
        <ele>0</ele>
      </trkpt>
      <trkpt lat="49.168198239058256" lon="-122.69449358806014">
        <ele>0</ele>
      </trkpt>
      <trkpt lat="49.168591517955065" lon="-122.6943853776902">
        <ele>0</ele>
      </trkpt>
      <trkpt lat="49.169029723852873" lon="-122.69412143155932">
        <ele>0</ele>
      </trkpt>
      <trkpt lat="49.169760709628463" lon="-122.69309816882014">
        <ele>0</ele>
      </trkpt>
      <trkpt lat="49.169999426230788" lon="-122.69273707643151">
        <ele>0</ele>
      </trkpt>
      <trkpt lat="49.1706273984164" lon="-122.6918157376349">
        <ele>0</ele>
      </trkpt>
      <trkpt lat="49.170954711735249" lon="-122.69133201800287">
        <ele>0</ele>
      </trkpt>
      <trkpt lat="49.171214466914535" lon="-122.69101006910205">
        <ele>0</ele>
      </trkpt>
      <trkpt lat="49.171392414718866" lon="-122.6908608712256">
        <ele>0</ele>
      </trkpt>
      <trkpt lat="49.171599531546235" lon="-122.6907379925251">
        <ele>0</ele>
      </trkpt>
      <trkpt lat="49.171772282570601" lon="-122.69066037610173">
        <ele>0</ele>
      </trkpt>
      <trkpt lat="49.171960707753897" lon="-122.69061000086367">
        <ele>0</ele>
      </trkpt>
      <trkpt lat="49.172257510945201" lon="-122.69058167003095">
        <ele>0</ele>
      </trkpt>
      <trkpt lat="49.173382194712758" lon="-122.69058368168771">
        <ele>0</ele>
      </trkpt>
      <trkpt lat="49.174422137439251" lon="-122.69058560952544">
        <ele>0</ele>
      </trkpt>
      <trkpt lat="49.174971487373114" lon="-122.69058661535382">
        <ele>0</ele>
      </trkpt>
      <trkpt lat="49.175212718546391" lon="-122.69058703444898">
        <ele>0</ele>
      </trkpt>
      <trkpt lat="49.176030708476901" lon="-122.69058845937252">
        <ele>0</ele>
      </trkpt>
      <trkpt lat="49.176093405112624" lon="-122.69058862701058">
        <ele>0</ele>
      </trkpt>
      <trkpt lat="49.176255594938993" lon="-122.69058912992477">
        <ele>0</ele>
      </trkpt>
      <trkpt lat="49.176474027335644" lon="-122.690589716658">
        <ele>0</ele>
      </trkpt>
      <trkpt lat="49.176997393369675" lon="-122.69048703834414">
        <ele>0</ele>
      </trkpt>
      <trkpt lat="49.176994208246469" lon="-122.68963267095387">
        <ele>0</ele>
      </trkpt>
      <trkpt lat="49.176992028951645" lon="-122.68905272707343">
        <ele>0</ele>
      </trkpt>
      <trkpt lat="49.176988508552313" lon="-122.68809509463608">
        <ele>0</ele>
      </trkpt>
      <trkpt lat="49.176986664533615" lon="-122.68714031204581">
        <ele>0</ele>
      </trkpt>
      <trkpt lat="49.176983898505569" lon="-122.68662532791495">
        <ele>0</ele>
      </trkpt>
      <trkpt lat="49.176981132477522" lon="-122.68613180145621">
        <ele>0</ele>
      </trkpt>
      <trkpt lat="49.176979372277856" lon="-122.68566928803921">
        <ele>0</ele>
      </trkpt>
      <trkpt lat="49.17697467841208" lon="-122.68441300839186">
        <ele>0</ele>
      </trkpt>
      <trkpt lat="49.176973085850477" lon="-122.68312001600862">
        <ele>0</ele>
      </trkpt>
      <trkpt lat="49.176972163841128" lon="-122.6823421753943">
        <ele>0</ele>
      </trkpt>
      <trkpt lat="49.176975935697556" lon="-122.68075908534229">
        <ele>0</ele>
      </trkpt>
      <trkpt lat="49.176975935697556" lon="-122.68069261685014">
        <ele>0</ele>
      </trkpt>
      <trkpt lat="49.176975935697556" lon="-122.68033320084214">
        <ele>0</ele>
      </trkpt>
      <trkpt lat="49.176975768059492" lon="-122.68011015839875">
        <ele>0</ele>
      </trkpt>
      <trkpt lat="49.176982389762998" lon="-122.67963046208024">
        <ele>0</ele>
      </trkpt>
      <trkpt lat="49.1769839823246" lon="-122.67949098721147">
        <ele>0</ele>
      </trkpt>
      <trkpt lat="49.176984569057822" lon="-122.67900341190398">
        <ele>0</ele>
      </trkpt>
      <trkpt lat="49.176984988152981" lon="-122.67868062481284">
        <ele>0</ele>
      </trkpt>
      <trkpt lat="49.17698641307652" lon="-122.67755099572241">
        <ele>0</ele>
      </trkpt>
      <trkpt lat="49.176963614299893" lon="-122.67686569131911">
        <ele>0</ele>
      </trkpt>
      <trkpt lat="49.176959590986371" lon="-122.67571728676558">
        <ele>0</ele>
      </trkpt>
      <trkpt lat="49.176971409469843" lon="-122.67510012723505">
        <ele>0</ele>
      </trkpt>
      <trkpt lat="49.17697761207819" lon="-122.67470508813858">
        <ele>0</ele>
      </trkpt>
      <trkpt lat="49.176976270973682" lon="-122.67429320141673">
        <ele>0</ele>
      </trkpt>
      <trkpt lat="49.176978534087539" lon="-122.67389011569321">
        <ele>0</ele>
      </trkpt>
      <trkpt lat="49.176978198811412" lon="-122.67353153787553">
        <ele>0</ele>
      </trkpt>
      <trkpt lat="49.176974007859826" lon="-122.67297548241913">
        <ele>0</ele>
      </trkpt>
      <trkpt lat="49.176944587379694" lon="-122.67152407206595">
        <ele>0</ele>
      </trkpt>
      <trkpt lat="49.176933187991381" lon="-122.6710463874042">
        <ele>0</ele>
      </trkpt>
      <trkpt lat="49.176925309002399" lon="-122.6707131229341">
        <ele>0</ele>
      </trkpt>
      <trkpt lat="49.176920363679528" lon="-122.67050717957318">
        <ele>0</ele>
      </trkpt>
      <trkpt lat="49.176919274032116" lon="-122.67045906744897">
        <ele>0</ele>
      </trkpt>
      <trkpt lat="49.176915334537625" lon="-122.67027860507369">
        <ele>0</ele>
      </trkpt>
      <trkpt lat="49.176908461377025" lon="-122.66969807446003">
        <ele>0</ele>
      </trkpt>
      <trkpt lat="49.176909970119596" lon="-122.66941200010478">
        <ele>0</ele>
      </trkpt>
      <trkpt lat="49.176914412528276" lon="-122.6686495821923">
        <ele>0</ele>
      </trkpt>
      <trkpt lat="49.176915166899562" lon="-122.66806083731353">
        <ele>0</ele>
      </trkpt>
      <trkpt lat="49.176916675642133" lon="-122.66765456646681">
        <ele>0</ele>
      </trkpt>
      <trkpt lat="49.176914915442467" lon="-122.6668902207166">
        <ele>0</ele>
      </trkpt>
      <trkpt lat="49.176928661763668" lon="-122.66547166742384">
        <ele>0</ele>
      </trkpt>
      <trkpt lat="49.176932433620095" lon="-122.66463012434542">
        <ele>0</ele>
      </trkpt>
      <trkpt lat="49.176933020353317" lon="-122.664385875687">
        <ele>0</ele>
      </trkpt>
      <trkpt lat="49.177053468301892" lon="-122.66438478603959">
        <ele>0</ele>
      </trkpt>
      <trkpt lat="49.178015710785985" lon="-122.66439652070403">
        <ele>0</ele>
      </trkpt>
      <trkpt lat="49.179107788950205" lon="-122.66440976411104">
        <ele>0</ele>
      </trkpt>
      <trkpt lat="49.179319515824318" lon="-122.66440951265395">
        <ele>0</ele>
      </trkpt>
      <trkpt lat="49.18007749132812" lon="-122.6644083391875">
        <ele>0</ele>
      </trkpt>
      <trkpt lat="49.180171620100737" lon="-122.66440808773041">
        <ele>0</ele>
      </trkpt>
      <trkpt lat="49.180420394986868" lon="-122.66426987014711">
        <ele>0</ele>
      </trkpt>
      <trkpt lat="49.181528901681304" lon="-122.66426500864327">
        <ele>0</ele>
      </trkpt>
      <trkpt lat="49.182352004572749" lon="-122.66430390067399">
        <ele>0</ele>
      </trkpt>
      <trkpt lat="49.183074440807104" lon="-122.66430876217782">
        <ele>0</ele>
      </trkpt>
      <trkpt lat="49.183115176856518" lon="-122.66430960036814">
        <ele>0</ele>
      </trkpt>
      <trkpt lat="49.183211233466864" lon="-122.66432569362223">
        <ele>0</ele>
      </trkpt>
      <trkpt lat="49.183250209316611" lon="-122.66433700919151">
        <ele>0</ele>
      </trkpt>
      <trkpt lat="49.184163333848119" lon="-122.66429727897048">
        <ele>0</ele>
      </trkpt>
      <trkpt lat="49.184344802051783" lon="-122.66424941830337">
        <ele>0</ele>
      </trkpt>
      <trkpt lat="49.184467513114214" lon="-122.66419015824795">
        <ele>0</ele>
      </trkpt>
      <trkpt lat="49.184477487578988" lon="-122.66416920349002">
        <ele>0</ele>
      </trkpt>
      <trkpt lat="49.184489138424397" lon="-122.66415017656982">
        <ele>0</ele>
      </trkpt>
      <trkpt lat="49.184502214193344" lon="-122.66413366422057">
        <ele>0</ele>
      </trkpt>
      <trkpt lat="49.184516631066799" lon="-122.66411966644228">
        <ele>0</ele>
      </trkpt>
      <trkpt lat="49.184531886130571" lon="-122.66410868614912">
        <ele>0</ele>
      </trkpt>
      <trkpt lat="49.184548063203692" lon="-122.66410063952208">
        <ele>0</ele>
      </trkpt>
      <trkpt lat="49.184564827010036" lon="-122.66409577801824">
        <ele>0</ele>
      </trkpt>
      <trkpt lat="49.184581758454442" lon="-122.6640941016376">
        <ele>0</ele>
      </trkpt>
      <trkpt lat="49.184598689898849" lon="-122.66409577801824">
        <ele>0</ele>
      </trkpt>
      <trkpt lat="49.18461536988616" lon="-122.66410063952208">
        <ele>0</ele>
      </trkpt>
      <trkpt lat="49.184623165056109" lon="-122.66410407610238">
        <ele>0</ele>
      </trkpt>
      <trkpt lat="49.184631630778313" lon="-122.66410868614912">
        <ele>0</ele>
      </trkpt>
      <trkpt lat="49.184646885842085" lon="-122.66411966644228">
        <ele>0</ele>
      </trkpt>
      <trkpt lat="49.18466130271554" lon="-122.66413366422057">
        <ele>0</ele>
      </trkpt>
      <trkpt lat="49.184674378484488" lon="-122.66415017656982">
        <ele>0</ele>
      </trkpt>
      <trkpt lat="49.184686029329896" lon="-122.66416920349002">
        <ele>0</ele>
      </trkpt>
      <trkpt lat="49.18469600379467" lon="-122.66419015824795">
        <ele>0</ele>
      </trkpt>
      <trkpt lat="49.184704218059778" lon="-122.66421304084361">
        <ele>0</ele>
      </trkpt>
      <trkpt lat="49.184710504487157" lon="-122.66423718072474">
        <ele>0</ele>
      </trkpt>
      <trkpt lat="49.184714695438743" lon="-122.66426241025329">
        <ele>0</ele>
      </trkpt>
      <trkpt lat="49.184715868905187" lon="-122.66427406109869">
        <ele>0</ele>
      </trkpt>
      <trkpt lat="49.184716790914536" lon="-122.66428822651505">
        <ele>0</ele>
      </trkpt>
      <trkpt lat="49.184716790914536" lon="-122.66431421041489">
        <ele>0</ele>
      </trkpt>
      <trkpt lat="49.184714695438743" lon="-122.66434002667665">
        <ele>0</ele>
      </trkpt>
      <trkpt lat="49.184710504487157" lon="-122.66436517238617">
        <ele>0</ele>
      </trkpt>
      <trkpt lat="49.184704218059778" lon="-122.6643893122673">
        <ele>0</ele>
      </trkpt>
      <trkpt lat="49.18469600379467" lon="-122.66441211104393">
        <ele>0</ele>
      </trkpt>
      <trkpt lat="49.184686029329896" lon="-122.66443323343992">
        <ele>0</ele>
      </trkpt>
      <trkpt lat="49.184674378484488" lon="-122.66445209272206">
        <ele>0</ele>
      </trkpt>
      <trkpt lat="49.18466130271554" lon="-122.66446868889034">
        <ele>0</ele>
      </trkpt>
      <trkpt lat="49.184646885842085" lon="-122.6644826028496">
        <ele>0</ele>
      </trkpt>
      <trkpt lat="49.184631630778313" lon="-122.66449366696179">
        <ele>0</ele>
      </trkpt>
      <trkpt lat="49.18461536988616" lon="-122.66450171358883">
        <ele>0</ele>
      </trkpt>
      <trkpt lat="49.184598689898849" lon="-122.66450657509267">
        <ele>0</ele>
      </trkpt>
      <trkpt lat="49.184581758454442" lon="-122.66450816765428">
        <ele>0</ele>
      </trkpt>
      <trkpt lat="49.184573879465461" lon="-122.66450607217848">
        <ele>0</ele>
      </trkpt>
      <trkpt lat="49.184564827010036" lon="-122.66450657509267">
        <ele>0</ele>
      </trkpt>
      <trkpt lat="49.184548063203692" lon="-122.66450171358883">
        <ele>0</ele>
      </trkpt>
      <trkpt lat="49.184531886130571" lon="-122.66449366696179">
        <ele>0</ele>
      </trkpt>
      <trkpt lat="49.184516631066799" lon="-122.6644826028496">
        <ele>0</ele>
      </trkpt>
      <trkpt lat="49.184502214193344" lon="-122.66446868889034">
        <ele>0</ele>
      </trkpt>
      <trkpt lat="49.184489138424397" lon="-122.66445209272206">
        <ele>0</ele>
      </trkpt>
      <trkpt lat="49.184477487578988" lon="-122.66443323343992">
        <ele>0</ele>
      </trkpt>
      <trkpt lat="49.184467513114214" lon="-122.66441211104393">
        <ele>0</ele>
      </trkpt>
      <trkpt lat="49.184338264167309" lon="-122.66445108689368">
        <ele>0</ele>
      </trkpt>
      <trkpt lat="49.184316303580999" lon="-122.66455150209367">
        <ele>0</ele>
      </trkpt>
      <trkpt lat="49.184247320517898" lon="-122.6645930763334">
        <ele>0</ele>
      </trkpt>
      <trkpt lat="49.18413357809186" lon="-122.66464403830469">
        <ele>0</ele>
      </trkpt>
      <trkpt lat="49.184089405462146" lon="-122.66467966139317">
        <ele>0</ele>
      </trkpt>
      <trkpt lat="49.18405981734395" lon="-122.66473372466862">
        <ele>0</ele>
      </trkpt>
      <trkpt lat="49.184044394642115" lon="-122.66480849124491">
        <ele>0</ele>
      </trkpt>
      <trkpt lat="49.184048837050796" lon="-122.66488200053573">
        <ele>0</ele>
      </trkpt>
      <trkpt lat="49.184071803465486" lon="-122.66494872048497">
        <ele>0</ele>
      </trkpt>
      <trkpt lat="49.184106085449457" lon="-122.66501166857779">
        <ele>0</ele>
      </trkpt>
      <trkpt lat="49.184169787913561" lon="-122.66503798775375">
        <ele>0</ele>
      </trkpt>
      <trkpt lat="49.184183618053794" lon="-122.66502013429999">
        <ele>0</ele>
      </trkpt>
      <trkpt lat="49.184226784855127" lon="-122.66501233913004">
        <ele>0</ele>
      </trkpt>
      <trkpt lat="49.184171631932259" lon="-122.66502273268998">
        <ele>0</ele>
      </trkpt>
      <trkpt lat="49.184122011065483" lon="-122.66499834135175">
        <ele>0</ele>
      </trkpt>
      <trkpt lat="49.184087226167321" lon="-122.66495307907462">
        <ele>0</ele>
      </trkpt>
      <trkpt lat="49.184064175933599" lon="-122.66488635912538">
        <ele>0</ele>
      </trkpt>
      <trkpt lat="49.184059733524919" lon="-122.66481276601553">
        <ele>0</ele>
      </trkpt>
      <trkpt lat="49.184075072407722" lon="-122.66473799943924">
        <ele>0</ele>
      </trkpt>
      <trkpt lat="49.184104828163981" lon="-122.66468393616378">
        <ele>0</ele>
      </trkpt>
      <trkpt lat="49.184135338291526" lon="-122.6646551862359">
        <ele>0</ele>
      </trkpt>
      <trkpt lat="49.184188563376665" lon="-122.66465049237013">
        <ele>0</ele>
      </trkpt>
      <trkpt lat="49.184233406558633" lon="-122.66466239467263">
        <ele>0</ele>
      </trkpt>
      <trkpt lat="49.18427187949419" lon="-122.66470983624458">
        <ele>0</ele>
      </trkpt>
      <trkpt lat="49.184295181185007" lon="-122.66477521508932">
        <ele>0</ele>
      </trkpt>
      <trkpt lat="49.184299958869815" lon="-122.66485040076077">
        <ele>0</ele>
      </trkpt>
      <trkpt lat="49.184285961091518" lon="-122.6649215631187">
        <ele>0</ele>
      </trkpt>
      <trkpt lat="49.184254696592689" lon="-122.6649802364409">
        <ele>0</ele>
      </trkpt>
      <trkpt lat="49.184183618053794" lon="-122.66502013429999">
        <ele>0</ele>
      </trkpt>
      <trkpt lat="49.184226784855127" lon="-122.66501233913004">
        <ele>0</ele>
      </trkpt>
      <trkpt lat="49.184322338551283" lon="-122.66491938382387">
        <ele>0</ele>
      </trkpt>
      <trkpt lat="49.184609334915876" lon="-122.66467547044158">
        <ele>0</ele>
      </trkpt>
      <trkpt lat="49.184939665719867" lon="-122.66444329172373">
        <ele>0</ele>
      </trkpt>
      <trkpt lat="49.185291538015008" lon="-122.66425327397883">
        <ele>0</ele>
      </trkpt>
      <trkpt lat="49.18565958738327" lon="-122.66410826705396">
        <ele>0</ele>
      </trkpt>
      <trkpt lat="49.186059404164553" lon="-122.66403517685831">
        <ele>0</ele>
      </trkpt>
      <trkpt lat="49.186249505728483" lon="-122.66402645967901">
        <ele>0</ele>
      </trkpt>
      <trkpt lat="49.186440696939826" lon="-122.66402478329837">
        <ele>0</ele>
      </trkpt>
      <trkpt lat="49.186664912849665" lon="-122.66403869725764">
        <ele>0</ele>
      </trkpt>
      <trkpt lat="49.189143776893616" lon="-122.66401120461524">
        <ele>0</ele>
      </trkpt>
      <trkpt lat="49.189775101840496" lon="-122.66400743275881">
        <ele>0</ele>
      </trkpt>
      <trkpt lat="49.190779086202383" lon="-122.66401489265263">
        <ele>0</ele>
      </trkpt>
      <trkpt lat="49.19099198654294" lon="-122.66403157263994">
        <ele>0</ele>
      </trkpt>
      <trkpt lat="49.191499762237072" lon="-122.66409167088568">
        <ele>0</ele>
      </trkpt>
      <trkpt lat="49.191570337861776" lon="-122.6640890724957">
        <ele>0</ele>
      </trkpt>
      <trkpt lat="49.192032683640718" lon="-122.66419007442892">
        <ele>0</ele>
      </trkpt>
      <trkpt lat="49.192490000277758" lon="-122.66431932337582">
        <ele>0</ele>
      </trkpt>
      <trkpt lat="49.192557139322162" lon="-122.66431923955679">
        <ele>0</ele>
      </trkpt>
      <trkpt lat="49.192623440176249" lon="-122.6643377635628">
        <ele>0</ele>
      </trkpt>
      <trkpt lat="49.192682700231671" lon="-122.66437313519418">
        <ele>0</ele>
      </trkpt>
      <trkpt lat="49.194660410284996" lon="-122.66492600552738">
        <ele>0</ele>
      </trkpt>
      <trkpt lat="49.194703325629234" lon="-122.66491309739649">
        <ele>0</ele>
      </trkpt>
      <trkpt lat="49.194754036143422" lon="-122.66492726281285">
        <ele>0</ele>
      </trkpt>
      <trkpt lat="49.194796532392502" lon="-122.66496405936778">
        <ele>0</ele>
      </trkpt>
      <trkpt lat="49.196796789765358" lon="-122.66552329994738">
        <ele>0</ele>
      </trkpt>
      <trkpt lat="49.196847081184387" lon="-122.6655032671988">
        <ele>0</ele>
      </trkpt>
      <trkpt lat="49.196905503049493" lon="-122.66551961190999">
        <ele>0</ele>
      </trkpt>
      <trkpt lat="49.196952525526285" lon="-122.66556680202484">
        <ele>0</ele>
      </trkpt>
      <trkpt lat="49.198934258893132" lon="-122.66612076200545">
        <ele>0</ele>
      </trkpt>
      <trkpt lat="49.198978934437037" lon="-122.66609846614301">
        <ele>0</ele>
      </trkpt>
      <trkpt lat="49.199037021026015" lon="-122.6661148108542">
        <ele>0</ele>
      </trkpt>
      <trkpt lat="49.199071219190955" lon="-122.66615906730294">
        <ele>0</ele>
      </trkpt>
      <trkpt lat="49.20540408231318" lon="-122.6679296605289">
        <ele>0</ele>
      </trkpt>
      <trkpt lat="49.206358278170228" lon="-122.66816494055092">
        <ele>0</ele>
      </trkpt>
      <trkpt lat="49.206610405817628" lon="-122.66821506433189">
        <ele>0</ele>
      </trkpt>
      <trkpt lat="49.206848870962858" lon="-122.66821908764541">
        <ele>0</ele>
      </trkpt>
      <trkpt lat="49.207026399672031" lon="-122.66816829331219">
        <ele>0</ele>
      </trkpt>
      <trkpt lat="49.207205269485712" lon="-122.66807768493891">
        <ele>0</ele>
      </trkpt>
      <trkpt lat="49.207375841215253" lon="-122.66794919036329">
        <ele>0</ele>
      </trkpt>
      <trkpt lat="49.207732575014234" lon="-122.66761533915997">
        <ele>0</ele>
      </trkpt>
      <trkpt lat="49.207777418196201" lon="-122.667649788782">
        <ele>0</ele>
      </trkpt>
      <trkpt lat="49.207832822576165" lon="-122.6675982400775">
        <ele>0</ele>
      </trkpt>
      <trkpt lat="49.208124177530408" lon="-122.6673218049109">
        <ele>0</ele>
      </trkpt>
      <trkpt lat="49.20821176841855" lon="-122.66725248657167">
        <ele>0</ele>
      </trkpt>
      <trkpt lat="49.208291480317712" lon="-122.66720613464713">
        <ele>0</ele>
      </trkpt>
      <trkpt lat="49.208393739536405" lon="-122.66715961508453">
        <ele>0</ele>
      </trkpt>
      <trkpt lat="49.208471523597836" lon="-122.6671333797276">
        <ele>0</ele>
      </trkpt>
      <trkpt lat="49.208549978211522" lon="-122.6671198848635">
        <ele>0</ele>
      </trkpt>
      <trkpt lat="49.208678640425205" lon="-122.66710387542844">
        <ele>0</ele>
      </trkpt>
      <trkpt lat="49.208816606551409" lon="-122.66711007803679">
        <ele>0</ele>
      </trkpt>
      <trkpt lat="49.208917524665594" lon="-122.66712843440473">
        <ele>0</ele>
      </trkpt>
      <trkpt lat="49.208994470536709" lon="-122.66712851822376">
        <ele>0</ele>
      </trkpt>
      <trkpt lat="49.20909128151834" lon="-122.6671111676842">
        <ele>0</ele>
      </trkpt>
      <trkpt lat="49.209144003689289" lon="-122.6671006064862">
        <ele>0</ele>
      </trkpt>
      <trkpt lat="49.209168311208487" lon="-122.66704847104847">
        <ele>0</ele>
      </trkpt>
      <trkpt lat="49.209202006459236" lon="-122.66701058484614">
        <ele>0</ele>
      </trkpt>
      <trkpt lat="49.209254309535027" lon="-122.66681092791259">
        <ele>0</ele>
      </trkpt>
      <trkpt lat="49.209308372810483" lon="-122.66659148968756">
        <ele>0</ele>
      </trkpt>
      <trkpt lat="49.20930870808661" lon="-122.66570216976106">
        <ele>0</ele>
      </trkpt>
      <trkpt lat="49.209303595125675" lon="-122.6632219646126">
        <ele>0</ele>
      </trkpt>
      <trkpt lat="49.209300661459565" lon="-122.6614916883409">
        <ele>0</ele>
      </trkpt>
      <trkpt lat="49.20934827066958" lon="-122.66104870475829">
        <ele>0</ele>
      </trkpt>
      <trkpt lat="49.209478860720992" lon="-122.66056691296399">
        <ele>0</ele>
      </trkpt>
      <trkpt lat="49.209671141579747" lon="-122.66017556190491">
        <ele>0</ele>
      </trkpt>
      <trkpt lat="49.209875240921974" lon="-122.65989719890058">
        <ele>0</ele>
      </trkpt>
      <trkpt lat="49.210042459890246" lon="-122.65976459719241">
        <ele>0</ele>
      </trkpt>
      <trkpt lat="49.21021269634366" lon="-122.65966502018273">
        <ele>0</ele>
      </trkpt>
      <trkpt lat="49.210560210049152" lon="-122.6594921015203">
        <ele>0</ele>
      </trkpt>
      <trkpt lat="49.210647968575358" lon="-122.65941423363984">
        <ele>0</ele>
      </trkpt>
      <trkpt lat="49.210884338244796" lon="-122.65927417203784">
        <ele>0</ele>
      </trkpt>
      <trkpt lat="49.211789919063449" lon="-122.65881668776274">
        <ele>0</ele>
      </trkpt>
      <trkpt lat="49.211872816085815" lon="-122.65883621759713">
        <ele>0</ele>
      </trkpt>
      <trkpt lat="49.211912713944912" lon="-122.65880277380347">
        <ele>0</ele>
      </trkpt>
      <trkpt lat="49.212093679234385" lon="-122.65870059840381">
        <ele>0</ele>
      </trkpt>
      <trkpt lat="49.212192082777619" lon="-122.6586339622736">
        <ele>0</ele>
      </trkpt>
      <trkpt lat="49.212251175194979" lon="-122.65858124010265">
        <ele>0</ele>
      </trkpt>
      <trkpt lat="49.212327115237713" lon="-122.65855181962252">
        <ele>0</ele>
      </trkpt>
      <trkpt lat="49.212459214031696" lon="-122.65853396616876">
        <ele>0</ele>
      </trkpt>
      <trkpt lat="49.212580835446715" lon="-122.65853522345424">
        <ele>0</ele>
      </trkpt>
      <trkpt lat="49.212714694440365" lon="-122.65856883488595">
        <ele>0</ele>
      </trkpt>
      <trkpt lat="49.213102692738175" lon="-122.65858702361584">
        <ele>0</ele>
      </trkpt>
      <trkpt lat="49.213390778750181" lon="-122.65858551487327">
        <ele>0</ele>
      </trkpt>
      <trkpt lat="49.214171972125769" lon="-122.65854896977544">
        <ele>0</ele>
      </trkpt>
      <trkpt lat="49.214173816144466" lon="-122.65729973092675">
        <ele>0</ele>
      </trkpt>
      <trkpt lat="49.214185969904065" lon="-122.65598100610077">
        <ele>0</ele>
      </trkpt>
      <trkpt lat="49.214191501960158" lon="-122.65569241717458">
        <ele>0</ele>
      </trkpt>
      <trkpt lat="49.214453520253301" lon="-122.65498992986977">
        <ele>0</ele>
      </trkpt>
      <trkpt lat="49.214860880747437" lon="-122.65403388999403">
        <ele>0</ele>
      </trkpt>
      <trkpt lat="49.214861718937755" lon="-122.6533789280802">
        <ele>0</ele>
      </trkpt>
      <trkpt lat="49.214862724766135" lon="-122.65249631367624">
        <ele>0</ele>
      </trkpt>
      <trkpt lat="49.214862640947104" lon="-122.65238382853568">
        <ele>0</ele>
      </trkpt>
      <trkpt lat="49.214861299842596" lon="-122.65129250474274">
        <ele>0</ele>
      </trkpt>
      <trkpt lat="49.213801240548491" lon="-122.65131119638681">
        <ele>0</ele>
      </trkpt>
      <trkpt lat="49.213400585576892" lon="-122.65131832100451">
        <ele>0</ele>
      </trkpt>
      <trkpt lat="49.213337386026978" lon="-122.64811408706009">
        <ele>0</ele>
      </trkpt>
      <trkpt lat="49.213335122913122" lon="-122.64799556694925">
        <ele>0</ele>
      </trkpt>
      <trkpt lat="49.213319532573223" lon="-122.64787210151553">
        <ele>0</ele>
      </trkpt>
      <trkpt lat="49.213265720754862" lon="-122.64744470827281">
        <ele>0</ele>
      </trkpt>
      <trkpt lat="49.212828269228339" lon="-122.64496701769531">
        <ele>0</ele>
      </trkpt>
      <trkpt lat="49.212732966989279" lon="-122.64442713931203">
        <ele>0</ele>
      </trkpt>
      <trkpt lat="49.212653506547213" lon="-122.64397669583559">
        <ele>0</ele>
      </trkpt>
      <trkpt lat="49.212581170722842" lon="-122.64357645995915">
        <ele>0</ele>
      </trkpt>
      <trkpt lat="49.212137516587973" lon="-122.64112089760602">
        <ele>0</ele>
      </trkpt>
      <trkpt lat="49.212120668962598" lon="-122.64102777466178">
        <ele>0</ele>
      </trkpt>
      <trkpt lat="49.21191556379199" lon="-122.63967946171761">
        <ele>0</ele>
      </trkpt>
      <trkpt lat="49.211891507729888" lon="-122.63913908042014">
        <ele>0</ele>
      </trkpt>
      <trkpt lat="49.211925622075796" lon="-122.63864253647625">
        <ele>0</ele>
      </trkpt>
      <trkpt lat="49.211966777220368" lon="-122.638343218714">
        <ele>0</ele>
      </trkpt>
      <trkpt lat="49.212311189621687" lon="-122.63583904132247">
        <ele>0</ele>
      </trkpt>
      <trkpt lat="49.212546637281775" lon="-122.63454806059599">
        <ele>0</ele>
      </trkpt>
      <trkpt lat="49.212706983089447" lon="-122.63371288776398">
        <ele>0</ele>
      </trkpt>
      <trkpt lat="49.212735733017325" lon="-122.63356251642108">
        <ele>0</ele>
      </trkpt>
      <trkpt lat="49.212878979742527" lon="-122.63278475962579">
        <ele>0</ele>
      </trkpt>
      <trkpt lat="49.213025663048029" lon="-122.63204497285187">
        <ele>0</ele>
      </trkpt>
      <trkpt lat="49.213045528158545" lon="-122.63194497674704">
        <ele>0</ele>
      </trkpt>
      <trkpt lat="49.21316547319293" lon="-122.63131440617144">
        <ele>0</ele>
      </trkpt>
      <trkpt lat="49.213373763486743" lon="-122.63010917231441">
        <ele>0</ele>
      </trkpt>
      <trkpt lat="49.213538719341159" lon="-122.6290993206203">
        <ele>0</ele>
      </trkpt>
      <trkpt lat="49.213672913610935" lon="-122.62840588577092">
        <ele>0</ele>
      </trkpt>
      <trkpt lat="49.213716080412269" lon="-122.62804303318262">
        <ele>0</ele>
      </trkpt>
      <trkpt lat="49.213744159787893" lon="-122.62780632823706">
        <ele>0</ele>
      </trkpt>
      <trkpt lat="49.21382512897253" lon="-122.62635910883546">
        <ele>0</ele>
      </trkpt>
      <trkpt lat="49.213830409571528" lon="-122.62625953182578">
        <ele>0</ele>
      </trkpt>
      <trkpt lat="49.213971560820937" lon="-122.62358578853309">
        <ele>0</ele>
      </trkpt>
      <trkpt lat="49.214007183909416" lon="-122.62291129678488">
        <ele>0</ele>
      </trkpt>
      <trkpt lat="49.214299796149135" lon="-122.61729877442122">
        <ele>0</ele>
      </trkpt>
      <trkpt lat="49.214299628511071" lon="-122.61667943559587">
        <ele>0</ele>
      </trkpt>
      <trkpt lat="49.214253108948469" lon="-122.61460902169347">
        <ele>0</ele>
      </trkpt>
      <trkpt lat="49.21421991661191" lon="-122.61422831565142">
        <ele>0</ele>
      </trkpt>
      <trkpt lat="49.214215222746134" lon="-122.61417509056628">
        <ele>0</ele>
      </trkpt>
      <trkpt lat="49.214230561628938" lon="-122.6140065304935">
        <ele>0</ele>
      </trkpt>
      <trkpt lat="49.214254869148135" lon="-122.61391097679734">
        <ele>0</ele>
      </trkpt>
      <trkpt lat="49.214597521349788" lon="-122.6126438844949">
        <ele>0</ele>
      </trkpt>
      <trkpt lat="49.214612441137433" lon="-122.61250558309257">
        <ele>0</ele>
      </trkpt>
      <trkpt lat="49.214610178023577" lon="-122.6123626716435">
        <ele>0</ele>
      </trkpt>
      <trkpt lat="49.214534070342779" lon="-122.61174559593201">
        <ele>0</ele>
      </trkpt>
      <trkpt lat="49.214491071179509" lon="-122.61158558540046">
        <ele>0</ele>
      </trkpt>
      <trkpt lat="49.214434074237943" lon="-122.61144636198878">
        <ele>0</ele>
      </trkpt>
      <trkpt lat="49.214362325146794" lon="-122.61133429594338">
        <ele>0</ele>
      </trkpt>
      <trkpt lat="49.2142687831074" lon="-122.61123756878078">
        <ele>0</ele>
      </trkpt>
      <trkpt lat="49.214151771739125" lon="-122.61113505810499">
        <ele>0</ele>
      </trkpt>
      <trkpt lat="49.214018583297729" lon="-122.61101829819381">
        <ele>0</ele>
      </trkpt>
      <trkpt lat="49.213845999911427" lon="-122.61082920245826">
        <ele>0</ele>
      </trkpt>
      <trkpt lat="49.21366386115551" lon="-122.6104540284723">
        <ele>0</ele>
      </trkpt>
      <trkpt lat="49.213510723784566" lon="-122.60996821336448">
        <ele>0</ele>
      </trkpt>
      <trkpt lat="49.213078636676073" lon="-122.60820424184203">
        <ele>0</ele>
      </trkpt>
      <trkpt lat="49.212837321683764" lon="-122.60728667490184">
        <ele>0</ele>
      </trkpt>
      <trkpt lat="49.212771523743868" lon="-122.60703647509217">
        <ele>0</ele>
      </trkpt>
      <trkpt lat="49.212615368887782" lon="-122.60636416263878">
        <ele>0</ele>
      </trkpt>
      <trkpt lat="49.212552672252059" lon="-122.60609426535666">
        <ele>0</ele>
      </trkpt>
      <trkpt lat="49.212445383891463" lon="-122.60563200339675">
        <ele>0</ele>
      </trkpt>
      <trkpt lat="49.212235081940889" lon="-122.60466003790498">
        <ele>0</ele>
      </trkpt>
      <trkpt lat="49.211884634569287" lon="-122.60326797142625">
        <ele>0</ele>
      </trkpt>
      <trkpt lat="49.211791595444083" lon="-122.60289858095348">
        <ele>0</ele>
      </trkpt>
      <trkpt lat="49.211576683446765" lon="-122.60197263211012">
        <ele>0</ele>
      </trkpt>
      <trkpt lat="49.211515327915549" lon="-122.60171581059694">
        <ele>0</ele>
      </trkpt>
      <trkpt lat="49.211398400366306" lon="-122.60121759027243">
        <ele>0</ele>
      </trkpt>
      <trkpt lat="49.211172508075833" lon="-122.60052608326077">
        <ele>0</ele>
      </trkpt>
      <trkpt lat="49.210915602743626" lon="-122.59988210164011">
        <ele>0</ele>
      </trkpt>
      <trkpt lat="49.210723573341966" lon="-122.59941103868186">
        <ele>0</ele>
      </trkpt>
      <trkpt lat="49.210545709356666" lon="-122.59897300042212">
        <ele>0</ele>
      </trkpt>
      <trkpt lat="49.209461510181427" lon="-122.59630353190005">
        <ele>0</ele>
      </trkpt>
      <trkpt lat="49.209250034764409" lon="-122.59567698463798">
        <ele>0</ele>
      </trkpt>
      <trkpt lat="49.209136879071593" lon="-122.59534179233015">
        <ele>0</ele>
      </trkpt>
      <trkpt lat="49.209001762792468" lon="-122.59502026252449">
        <ele>0</ele>
      </trkpt>
      <trkpt lat="49.208668414503336" lon="-122.59422699920833">
        <ele>0</ele>
      </trkpt>
      <trkpt lat="49.208555007353425" lon="-122.59395752102137">
        <ele>0</ele>
      </trkpt>
      <trkpt lat="49.207812706008554" lon="-122.59219137020409">
        <ele>0</ele>
      </trkpt>
      <trkpt lat="49.207078870385885" lon="-122.59051146917045">
        <ele>0</ele>
      </trkpt>
      <trkpt lat="49.206923805177212" lon="-122.59015649557114">
        <ele>0</ele>
      </trkpt>
      <trkpt lat="49.206810230389237" lon="-122.58989799767733">
        <ele>0</ele>
      </trkpt>
      <trkpt lat="49.206727836281061" lon="-122.58971049450338">
        <ele>0</ele>
      </trkpt>
      <trkpt lat="49.206383675336838" lon="-122.5889256130904">
        <ele>0</ele>
      </trkpt>
      <trkpt lat="49.205878330394626" lon="-122.58777712471783">
        <ele>0</ele>
      </trkpt>
      <trkpt lat="49.20560197904706" lon="-122.58720606565475">
        <ele>0</ele>
      </trkpt>
      <trkpt lat="49.205242479220033" lon="-122.58625438436866">
        <ele>0</ele>
      </trkpt>
      <trkpt lat="49.204864958301187" lon="-122.5849949195981">
        <ele>0</ele>
      </trkpt>
      <trkpt lat="49.204367073252797" lon="-122.5832353066653">
        <ele>0</ele>
      </trkpt>
      <trkpt lat="49.204292390495539" lon="-122.58312801830471">
        <ele>0</ele>
      </trkpt>
      <trkpt lat="49.204191891476512" lon="-122.58282719179988">
        <ele>0</ele>
      </trkpt>
      <trkpt lat="49.204084184020758" lon="-122.58255947381258">
        <ele>0</ele>
      </trkpt>
      <trkpt lat="49.203759301453829" lon="-122.58189990185201">
        <ele>0</ele>
      </trkpt>
      <trkpt lat="49.203282371163368" lon="-122.5810924731195">
        <ele>0</ele>
      </trkpt>
      <trkpt lat="49.203227637335658" lon="-122.58097806014121">
        <ele>0</ele>
      </trkpt>
      <trkpt lat="49.203197127208114" lon="-122.58085803128779">
        <ele>0</ele>
      </trkpt>
      <trkpt lat="49.203034015372396" lon="-122.58022519759834">
        <ele>0</ele>
      </trkpt>
      <trkpt lat="49.202911891043186" lon="-122.57998757064342">
        <ele>0</ele>
      </trkpt>
      <trkpt lat="49.202781217172742" lon="-122.57979989983141">
        <ele>0</ele>
      </trkpt>
      <trkpt lat="49.202429009601474" lon="-122.57957761175931">
        <ele>0</ele>
      </trkpt>
      <trkpt lat="49.201659969985485" lon="-122.57913362234831">
        <ele>0</ele>
      </trkpt>
      <trkpt lat="49.201316898688674" lon="-122.57892893627286">
        <ele>0</ele>
      </trkpt>
      <trkpt lat="49.201071141287684" lon="-122.57878493517637">
        <ele>0</ele>
      </trkpt>
      <trkpt lat="49.200987406075001" lon="-122.57873397320509">
        <ele>0</ele>
      </trkpt>
      <trkpt lat="49.200965780764818" lon="-122.57879541255534">
        <ele>0</ele>
      </trkpt>
      <trkpt lat="49.200924793258309" lon="-122.57891217246652">
        <ele>0</ele>
      </trkpt>
      <trkpt lat="49.200868383049965" lon="-122.57907302118838">
        <ele>0</ele>
      </trkpt>
      <trkpt lat="49.200806021690369" lon="-122.57925088517368">
        <ele>0</ele>
      </trkpt>
      <trkpt lat="49.200760340318084" lon="-122.57938113994896">
        <ele>0</ele>
      </trkpt>
      <trkpt lat="49.200744079425931" lon="-122.57942724041641">
        <ele>0</ele>
      </trkpt>
      <trkpt lat="49.200711809098721" lon="-122.57951969280839">
        <ele>0</ele>
      </trkpt>
      <trkpt lat="49.200661685317755" lon="-122.57959110662341">
        <ele>0</ele>
      </trkpt>
      <trkpt lat="49.200595216825604" lon="-122.57961608469486">
        <ele>0</ele>
      </trkpt>
      <trkpt lat="49.200517600402236" lon="-122.57960619404912">
        <ele>0</ele>
      </trkpt>
      <trkpt lat="49.199997838586569" lon="-122.57913546636701">
        <ele>0</ele>
      </trkpt>
      <trkpt lat="49.19995098374784" lon="-122.5790960714221">
        <ele>0</ele>
      </trkpt>
      <trkpt lat="49.199931537732482" lon="-122.57907955907285">
        <ele>0</ele>
      </trkpt>
      <trkpt lat="49.197134077548981" lon="-122.57691082544625">
        <ele>0</ele>
      </trkpt>
      <trkpt lat="49.197065513581038" lon="-122.57685760036111">
        <ele>0</ele>
      </trkpt>
      <trkpt lat="49.192051962018013" lon="-122.57304928265512">
        <ele>0</ele>
      </trkpt>
      <trkpt lat="49.191300440579653" lon="-122.57240219973028">
        <ele>0</ele>
      </trkpt>
      <trkpt lat="49.19061966240406" lon="-122.57170708850026">
        <ele>0</ele>
      </trkpt>
      <trkpt lat="49.19015253894031" lon="-122.57118330337107">
        <ele>0</ele>
      </trkpt>
      <trkpt lat="49.189520627260208" lon="-122.57040009833872">
        <ele>0</ele>
      </trkpt>
      <trkpt lat="49.188867174088955" lon="-122.56956442259252">
        <ele>0</ele>
      </trkpt>
      <trkpt lat="49.188734069466591" lon="-122.56939410232008">
        <ele>0</ele>
      </trkpt>
      <trkpt lat="49.187654396519065" lon="-122.56801318377256">
        <ele>0</ele>
      </trkpt>
      <trkpt lat="49.187512407079339" lon="-122.5678314641118">
        <ele>0</ele>
      </trkpt>
      <trkpt lat="49.187417775392532" lon="-122.56771059706807">
        <ele>0</ele>
      </trkpt>
      <trkpt lat="49.186870101839304" lon="-122.5669355224818">
        <ele>0</ele>
      </trkpt>
      <trkpt lat="49.186522169038653" lon="-122.5664431694895">
        <ele>0</ele>
      </trkpt>
      <trkpt lat="49.186279932036996" lon="-122.56607101298869">
        <ele>0</ele>
      </trkpt>
      <trkpt lat="49.185488428920507" lon="-122.56485546939075">
        <ele>0</ele>
      </trkpt>
      <trkpt lat="49.184882920235395" lon="-122.56384109146893">
        <ele>0</ele>
      </trkpt>
      <trkpt lat="49.184734979644418" lon="-122.56357630714774">
        <ele>0</ele>
      </trkpt>
      <trkpt lat="49.183847839012742" lon="-122.56198743358254">
        <ele>0</ele>
      </trkpt>
      <trkpt lat="49.183206958696246" lon="-122.56074213422835">
        <ele>0</ele>
      </trkpt>
      <trkpt lat="49.182684179395437" lon="-122.55972616374493">
        <ele>0</ele>
      </trkpt>
      <trkpt lat="49.182666409760714" lon="-122.55968492478132">
        <ele>0</ele>
      </trkpt>
      <trkpt lat="49.181663934141397" lon="-122.55735710263252">
        <ele>0</ele>
      </trkpt>
      <trkpt lat="49.181624706834555" lon="-122.55712643265724">
        <ele>0</ele>
      </trkpt>
      <trkpt lat="49.181656306609511" lon="-122.55698301829398">
        <ele>0</ele>
      </trkpt>
      <trkpt lat="49.181683631613851" lon="-122.55691730417311">
        <ele>0</ele>
      </trkpt>
      <trkpt lat="49.181774826720357" lon="-122.55684421397746">
        <ele>0</ele>
      </trkpt>
      <trkpt lat="49.182915100827813" lon="-122.55684446543455">
        <ele>0</ele>
      </trkpt>
      <trkpt lat="49.183096317574382" lon="-122.55666073411703">
        <ele>0</ele>
      </trkpt>
      <trkpt lat="49.183151889592409" lon="-122.55658026784658">
        <ele>0</ele>
      </trkpt>
      <trkpt lat="49.183226237073541" lon="-122.55644624121487">
        <ele>0</ele>
      </trkpt>
      <trkpt lat="49.183074273169041" lon="-122.55442410707474">
        <ele>0</ele>
      </trkpt>
      <trkpt lat="49.182976875454187" lon="-122.55370192229748">
        <ele>0</ele>
      </trkpt>
      <trkpt lat="49.182815439999104" lon="-122.55298887379467">
        <ele>0</ele>
      </trkpt>
      <trkpt lat="49.182608826085925" lon="-122.55252770148218">
        <ele>0</ele>
      </trkpt>
      <trkpt lat="49.182172128930688" lon="-122.55155288614333">
        <ele>0</ele>
      </trkpt>
      <trkpt lat="49.181540217250586" lon="-122.55034513771534">
        <ele>0</ele>
      </trkpt>
      <trkpt lat="49.181147525086999" lon="-122.54931508563459">
        <ele>0</ele>
      </trkpt>
      <trkpt lat="49.181007212027907" lon="-122.54824220202863">
        <ele>0</ele>
      </trkpt>
      <trkpt lat="49.180845776572824" lon="-122.54622501321137">
        <ele>0</ele>
      </trkpt>
      <trkpt lat="49.180767489597201" lon="-122.54519739188254">
        <ele>0</ele>
      </trkpt>
      <trkpt lat="49.180551320314407" lon="-122.543935328722">
        <ele>0</ele>
      </trkpt>
      <trkpt lat="49.180243033915758" lon="-122.54305707290769">
        <ele>0</ele>
      </trkpt>
      <trkpt lat="49.179664766415954" lon="-122.54209231585264">
        <ele>0</ele>
      </trkpt>
      <trkpt lat="49.179547922685742" lon="-122.54188218154013">
        <ele>0</ele>
      </trkpt>
      <trkpt lat="49.178219474852085" lon="-122.54007537849247">
        <ele>0</ele>
      </trkpt>
      <trkpt lat="49.177578510716558" lon="-122.53901163116097">
        <ele>0</ele>
      </trkpt>
      <trkpt lat="49.176837131381035" lon="-122.53755234181881">
        <ele>0</ele>
      </trkpt>
      <trkpt lat="49.176232041791081" lon="-122.53620956093073">
        <ele>0</ele>
      </trkpt>
      <trkpt lat="49.175600716844201" lon="-122.53450040705502">
        <ele>0</ele>
      </trkpt>
      <trkpt lat="49.175140131264925" lon="-122.53301622346044">
        <ele>0</ele>
      </trkpt>
      <trkpt lat="49.17476512491703" lon="-122.53142852336168">
        <ele>0</ele>
      </trkpt>
      <trkpt lat="49.174597905948758" lon="-122.52989396452904">
        <ele>0</ele>
      </trkpt>
      <trkpt lat="49.174601258710027" lon="-122.52923280000687">
        <ele>0</ele>
      </trkpt>
      <trkpt lat="49.174634367227554" lon="-122.52862838096917">
        <ele>0</ele>
      </trkpt>
      <trkpt lat="49.174732770770788" lon="-122.5278514623642">
        <ele>0</ele>
      </trkpt>
      <trkpt lat="49.174949359148741" lon="-122.5265009701252">
        <ele>0</ele>
      </trkpt>
      <trkpt lat="49.17514817789197" lon="-122.52515383064747">
        <ele>0</ele>
      </trkpt>
      <trkpt lat="49.175262423232198" lon="-122.52402663230896">
        <ele>0</ele>
      </trkpt>
      <trkpt lat="49.175308691337705" lon="-122.52271293662488">
        <ele>0</ele>
      </trkpt>
      <trkpt lat="49.175286898389459" lon="-122.52181112766266">
        <ele>0</ele>
      </trkpt>
      <trkpt lat="49.175218418240547" lon="-122.52072013914585">
        <ele>0</ele>
      </trkpt>
      <trkpt lat="49.175003590062261" lon="-122.51918851397932">
        <ele>0</ele>
      </trkpt>
      <trkpt lat="49.174550296738744" lon="-122.51686706207693">
        <ele>0</ele>
      </trkpt>
      <trkpt lat="49.174302192404866" lon="-122.51528321765363">
        <ele>0</ele>
      </trkpt>
      <trkpt lat="49.174251984804869" lon="-122.51418250612915">
        <ele>0</ele>
      </trkpt>
      <trkpt lat="49.174233125522733" lon="-122.51362225972116">
        <ele>0</ele>
      </trkpt>
      <trkpt lat="49.174223318696022" lon="-122.5128812994808">
        <ele>0</ele>
      </trkpt>
      <trkpt lat="49.174161879345775" lon="-122.51197873614728">
        <ele>0</ele>
      </trkpt>
      <trkpt lat="49.173887623474002" lon="-122.51052506268024">
        <ele>0</ele>
      </trkpt>
      <trkpt lat="49.173886366188526" lon="-122.5103201251477">
        <ele>0</ele>
      </trkpt>
      <trkpt lat="49.173673130571842" lon="-122.5094120297581">
        <ele>0</ele>
      </trkpt>
      <trkpt lat="49.173431312665343" lon="-122.50845741480589">
        <ele>0</ele>
      </trkpt>
      <trkpt lat="49.173366772010922" lon="-122.50822481699288">
        <ele>0</ele>
      </trkpt>
      <trkpt lat="49.172954298555851" lon="-122.50663619488478">
        <ele>0</ele>
      </trkpt>
      <trkpt lat="49.172001527622342" lon="-122.50296651385725">
        <ele>0</ele>
      </trkpt>
      <trkpt lat="49.17194033972919" lon="-122.5026944372803">
        <ele>0</ele>
      </trkpt>
      <trkpt lat="49.171899938955903" lon="-122.50244423747063">
        <ele>0</ele>
      </trkpt>
      <trkpt lat="49.171826764941216" lon="-122.50195045955479">
        <ele>0</ele>
      </trkpt>
      <trkpt lat="49.171792985871434" lon="-122.50150009989738">
        <ele>0</ele>
      </trkpt>
      <trkpt lat="49.171768426895142" lon="-122.5010796636343">
        <ele>0</ele>
      </trkpt>
      <trkpt lat="49.171767085790634" lon="-122.50054121017456">
        <ele>0</ele>
      </trkpt>
      <trkpt lat="49.171765493229032" lon="-122.50026552937925">
        <ele>0</ele>
      </trkpt>
      <trkpt lat="49.171866998076439" lon="-122.49837423674762">
        <ele>0</ele>
      </trkpt>
      <trkpt lat="49.171919217333198" lon="-122.49650180339813">
        <ele>0</ele>
      </trkpt>
      <trkpt lat="49.17193690314889" lon="-122.49477161094546">
        <ele>0</ele>
      </trkpt>
      <trkpt lat="49.17199457064271" lon="-122.49254437163472">
        <ele>0</ele>
      </trkpt>
      <trkpt lat="49.172059530392289" lon="-122.48978563584387">
        <ele>0</ele>
      </trkpt>
      <trkpt lat="49.172123232856393" lon="-122.48702773824334">
        <ele>0</ele>
      </trkpt>
      <trkpt lat="49.172166483476758" lon="-122.48579232953489">
        <ele>0</ele>
      </trkpt>
      <trkpt lat="49.172205459326506" lon="-122.48414821922779">
        <ele>0</ele>
      </trkpt>
      <trkpt lat="49.172289194539189" lon="-122.48298346996307">
        <ele>0</ele>
      </trkpt>
      <trkpt lat="49.172382233664393" lon="-122.48202751390636">
        <ele>0</ele>
      </trkpt>
      <trkpt lat="49.172700326889753" lon="-122.47883861884475">
        <ele>0</ele>
      </trkpt>
      <trkpt lat="49.1727842297405" lon="-122.47808366082609">
        <ele>0</ele>
      </trkpt>
      <trkpt lat="49.173073321580887" lon="-122.47564670629799">
        <ele>0</ele>
      </trkpt>
      <trkpt lat="49.173315558582544" lon="-122.47353279031813">
        <ele>0</ele>
      </trkpt>
      <trkpt lat="49.173557879403234" lon="-122.47147654183209">
        <ele>0</ele>
      </trkpt>
      <trkpt lat="49.174192221835256" lon="-122.46618521399796">
        <ele>0</ele>
      </trkpt>
      <trkpt lat="49.174263635650277" lon="-122.46552379801869">
        <ele>0</ele>
      </trkpt>
      <trkpt lat="49.174264138564467" lon="-122.46551902033389">
        <ele>0</ele>
      </trkpt>
      <trkpt lat="49.174304958432913" lon="-122.46443280950189">
        <ele>0</ele>
      </trkpt>
      <trkpt lat="49.174309903755784" lon="-122.46427020058036">
        <ele>0</ele>
      </trkpt>
      <trkpt lat="49.174321470782161" lon="-122.46118289418519">
        <ele>0</ele>
      </trkpt>
      <trkpt lat="49.174313675612211" lon="-122.45916143059731">
        <ele>0</ele>
      </trkpt>
      <trkpt lat="49.174303701147437" lon="-122.45865181088448">
        <ele>0</ele>
      </trkpt>
      <trkpt lat="49.174300599843264" lon="-122.45763223618269">
        <ele>0</ele>
      </trkpt>
      <trkpt lat="49.174264809116721" lon="-122.44817728176713">
        <ele>0</ele>
      </trkpt>
      <trkpt lat="49.174251481890678" lon="-122.44737446308136">
        <ele>0</ele>
      </trkpt>
      <trkpt lat="49.174206973984838" lon="-122.4465124681592">
        <ele>0</ele>
      </trkpt>
      <trkpt lat="49.174057859927416" lon="-122.44427818804979">
        <ele>0</ele>
      </trkpt>
      <trkpt lat="49.173903800547123" lon="-122.44204223155975">
        <ele>0</ele>
      </trkpt>
      <trkpt lat="49.173651840537786" lon="-122.43785069324076">
        <ele>0</ele>
      </trkpt>
      <trkpt lat="49.173554359003901" lon="-122.43651411496103">
        <ele>0</ele>
      </trkpt>
      <trkpt lat="49.173486884683371" lon="-122.43580341339111">
        <ele>0</ele>
      </trkpt>
      <trkpt lat="49.173425361514091" lon="-122.43518516421318">
        <ele>0</ele>
      </trkpt>
      <trkpt lat="49.173310864716768" lon="-122.4343120213598">
        <ele>0</ele>
      </trkpt>
      <trkpt lat="49.173266021534801" lon="-122.43410289287567">
        <ele>0</ele>
      </trkpt>
      <trkpt lat="49.173246826976538" lon="-122.43373643606901">
        <ele>0</ele>
      </trkpt>
      <trkpt lat="49.173240289092064" lon="-122.43316772393882">
        <ele>0</ele>
      </trkpt>
      <trkpt lat="49.173242887482047" lon="-122.43263337761164">
        <ele>0</ele>
      </trkpt>
      <trkpt lat="49.173285802826285" lon="-122.43128548376262">
        <ele>0</ele>
      </trkpt>
      <trkpt lat="49.173328466713428" lon="-122.42936577647924">
        <ele>0</ele>
      </trkpt>
      <trkpt lat="49.173336764797568" lon="-122.42911926470697">
        <ele>0</ele>
      </trkpt>
      <trkpt lat="49.173342464491725" lon="-122.42895187810063">
        <ele>0</ele>
      </trkpt>
      <trkpt lat="49.173355204984546" lon="-122.42849892005324">
        <ele>0</ele>
      </trkpt>
      <trkpt lat="49.173365514725447" lon="-122.42813422344625">
        <ele>0</ele>
      </trkpt>
      <trkpt lat="49.173369705677032" lon="-122.42753642611206">
        <ele>0</ele>
      </trkpt>
      <trkpt lat="49.173337519168854" lon="-122.42692370899022">
        <ele>0</ele>
      </trkpt>
      <trkpt lat="49.173299632966518" lon="-122.42649832740426">
        <ele>0</ele>
      </trkpt>
      <trkpt lat="49.173242719843984" lon="-122.42608400993049">
        <ele>0</ele>
      </trkpt>
      <trkpt lat="49.173170467838645" lon="-122.42561118677258">
        <ele>0</ele>
      </trkpt>
      <trkpt lat="49.173033758997917" lon="-122.42502990178764">
        <ele>0</ele>
      </trkpt>
      <trkpt lat="49.172874083742499" lon="-122.4244533944875">
        <ele>0</ele>
      </trkpt>
      <trkpt lat="49.172149887308478" lon="-122.42202130146325">
        <ele>0</ele>
      </trkpt>
      <trkpt lat="49.171890132129192" lon="-122.42115771397948">
        <ele>0</ele>
      </trkpt>
      <trkpt lat="49.171520490199327" lon="-122.42002448067069">
        <ele>0</ele>
      </trkpt>
      <trkpt lat="49.170683892443776" lon="-122.41767268627882">
        <ele>0</ele>
      </trkpt>
      <trkpt lat="49.170172093436122" lon="-122.41637793369591">
        <ele>0</ele>
      </trkpt>
      <trkpt lat="49.169639423489571" lon="-122.4151127692312">
        <ele>0</ele>
      </trkpt>
      <trkpt lat="49.169143298640847" lon="-122.41398272104561">
        <ele>0</ele>
      </trkpt>
      <trkpt lat="49.168154485523701" lon="-122.41201699711382">
        <ele>0</ele>
      </trkpt>
      <trkpt lat="49.167575631290674" lon="-122.41100211627781">
        <ele>0</ele>
      </trkpt>
      <trkpt lat="49.166995771229267" lon="-122.41005387157202">
        <ele>0</ele>
      </trkpt>
      <trkpt lat="49.166481709107757" lon="-122.40927611477673">
        <ele>0</ele>
      </trkpt>
      <trkpt lat="49.165916433557868" lon="-122.40846793167293">
        <ele>0</ele>
      </trkpt>
      <trkpt lat="49.165349313989282" lon="-122.40774222649634">
        <ele>0</ele>
      </trkpt>
      <trkpt lat="49.16458748281002" lon="-122.40679959766567">
        <ele>0</ele>
      </trkpt>
      <trkpt lat="49.164310377091169" lon="-122.40647739730775">
        <ele>0</ele>
      </trkpt>
      <trkpt lat="49.164143409579992" lon="-122.4062832724303">
        <ele>0</ele>
      </trkpt>
      <trkpt lat="49.164056573063135" lon="-122.40619040094316">
        <ele>0</ele>
      </trkpt>
      <trkpt lat="49.16397862136364" lon="-122.40610046312213">
        <ele>0</ele>
      </trkpt>
      <trkpt lat="49.163816096261144" lon="-122.40591321140528">
        <ele>0</ele>
      </trkpt>
      <trkpt lat="49.163226261734962" lon="-122.40529471077025">
        <ele>0</ele>
      </trkpt>
      <trkpt lat="49.162973295897245" lon="-122.40504115819931">
        <ele>0</ele>
      </trkpt>
      <trkpt lat="49.162700632587075" lon="-122.40475541912019">
        <ele>0</ele>
      </trkpt>
      <trkpt lat="49.162029074504972" lon="-122.40412183105946">
        <ele>0</ele>
      </trkpt>
      <trkpt lat="49.161415603011847" lon="-122.40358262322843">
        <ele>0</ele>
      </trkpt>
      <trkpt lat="49.160829288884997" lon="-122.40310267545283">
        <ele>0</ele>
      </trkpt>
      <trkpt lat="49.16001683101058" lon="-122.40247176960111">
        <ele>0</ele>
      </trkpt>
      <trkpt lat="49.159281570464373" lon="-122.40191051736474">
        <ele>0</ele>
      </trkpt>
      <trkpt lat="49.159164307639003" lon="-122.40182275883853">
        <ele>0</ele>
      </trkpt>
      <trkpt lat="49.159049391746521" lon="-122.40173441357911">
        <ele>0</ele>
      </trkpt>
      <trkpt lat="49.158657537773252" lon="-122.4014397058636">
        <ele>0</ele>
      </trkpt>
      <trkpt lat="49.158372972160578" lon="-122.40121046081185">
        <ele>0</ele>
      </trkpt>
      <trkpt lat="49.158248417079449" lon="-122.40110979415476">
        <ele>0</ele>
      </trkpt>
      <trkpt lat="49.15815370157361" lon="-122.40102287381887">
        <ele>0</ele>
      </trkpt>
      <trkpt lat="49.158119419589639" lon="-122.40099144168198">
        <ele>0</ele>
      </trkpt>
      <trkpt lat="49.158017076551914" lon="-122.40090359933674">
        <ele>0</ele>
      </trkpt>
      <trkpt lat="49.157843068242073" lon="-122.40072674117982">
        <ele>0</ele>
      </trkpt>
      <trkpt lat="49.157147202640772" lon="-122.39998360164464">
        <ele>0</ele>
      </trkpt>
      <trkpt lat="49.156722575426102" lon="-122.39943827502429">
        <ele>0</ele>
      </trkpt>
      <trkpt lat="49.156555272638798" lon="-122.39918463863432">
        <ele>0</ele>
      </trkpt>
      <trkpt lat="49.15587374009192" lon="-122.39815467037261">
        <ele>0</ele>
      </trkpt>
      <trkpt lat="49.15524878539145" lon="-122.3971894942224">
        <ele>0</ele>
      </trkpt>
      <trkpt lat="49.154560212045908" lon="-122.39605961367488">
        <ele>0</ele>
      </trkpt>
      <trkpt lat="49.154236586764455" lon="-122.39543507806957">
        <ele>0</ele>
      </trkpt>
      <trkpt lat="49.153998792171478" lon="-122.39497600123286">
        <ele>0</ele>
      </trkpt>
      <trkpt lat="49.153142664581537" lon="-122.39296970888972">
        <ele>0</ele>
      </trkpt>
      <trkpt lat="49.150946270674467" lon="-122.38759456202388">
        <ele>0</ele>
      </trkpt>
      <trkpt lat="49.148550722748041" lon="-122.38175899721682">
        <ele>0</ele>
      </trkpt>
      <trkpt lat="49.143963474780321" lon="-122.37060008570552">
        <ele>0</ele>
      </trkpt>
      <trkpt lat="49.141717627644539" lon="-122.36520348116755">
        <ele>0</ele>
      </trkpt>
      <trkpt lat="49.139913590624928" lon="-122.36077439971268">
        <ele>0</ele>
      </trkpt>
      <trkpt lat="49.139734134078026" lon="-122.36033393070102">
        <ele>0</ele>
      </trkpt>
      <trkpt lat="49.139640340581536" lon="-122.36010611057281">
        <ele>0</ele>
      </trkpt>
    </trkseg>
  </trk>

  <trk>
    <name>[C1 EB] Victoria (Ocean Island Backpackers Inn 622m) to Swartz Bay, BC pt1of2</name>
    <link href="GPX/C1%2001%20-%20Victoria%20to%20Mission%20BC%20114km%20%2B%20ferry.gpx"/>
    <extensions>
      <gpxx:TrackExtension xmlns:gpxx="http://www.garmin.com/xmlschemas/GpxExtensions/v3">
        <gpxx:DisplayColor>DarkMagenta</gpxx:DisplayColor>
      </gpxx:TrackExtension>
    </extensions>
    <trkseg>
      <trkpt lat="48.408764032647014" lon="-123.36924559436738">
        <ele>0</ele>
      </trkpt>
      <trkpt lat="48.40871742926538" lon="-123.3694155793637">
        <ele>0</ele>
      </trkpt>
      <trkpt lat="48.408693624660373" lon="-123.3695107139647">
        <ele>0</ele>
      </trkpt>
      <trkpt lat="48.408634280785918" lon="-123.36949503980577">
        <ele>0</ele>
      </trkpt>
      <trkpt lat="48.408623719587922" lon="-123.3695831336081">
        <ele>0</ele>
      </trkpt>
      <trkpt lat="48.408623803406954" lon="-123.36969503201544">
        <ele>0</ele>
      </trkpt>
      <trkpt lat="48.408640986308455" lon="-123.36980810388923">
        <ele>0</ele>
      </trkpt>
      <trkpt lat="48.408682560548186" lon="-123.36998881772161">
        <ele>0</ele>
      </trkpt>
      <trkpt lat="48.408721368759871" lon="-123.37014078162611">
        <ele>0</ele>
      </trkpt>
      <trkpt lat="48.408895628526807" lon="-123.37078769691288">
        <ele>0</ele>
      </trkpt>
      <trkpt lat="48.409061003476381" lon="-123.37141717784107">
        <ele>0</ele>
      </trkpt>
      <trkpt lat="48.409111127257347" lon="-123.37161616422236">
        <ele>0</ele>
      </trkpt>
      <trkpt lat="48.409144235774875" lon="-123.37172881700099">
        <ele>0</ele>
      </trkpt>
      <trkpt lat="48.409182289615273" lon="-123.37176921777427">
        <ele>0</ele>
      </trkpt>
      <trkpt lat="48.409210704267025" lon="-123.37182671763003">
        <ele>0</ele>
      </trkpt>
      <trkpt lat="48.409278597682714" lon="-123.37197666987777">
        <ele>0</ele>
      </trkpt>
      <trkpt lat="48.409315561875701" lon="-123.37206736207008">
        <ele>0</ele>
      </trkpt>
      <trkpt lat="48.409364763647318" lon="-123.37215822190046">
        <ele>0</ele>
      </trkpt>
      <trkpt lat="48.409406086429954" lon="-123.37227062322199">
        <ele>0</ele>
      </trkpt>
      <trkpt lat="48.40953198261559" lon="-123.37254940532148">
        <ele>0</ele>
      </trkpt>
      <trkpt lat="48.409717977046967" lon="-123.37296908721328">
        <ele>0</ele>
      </trkpt>
      <trkpt lat="48.409832809120417" lon="-123.37319632060826">
        <ele>0</ele>
      </trkpt>
      <trkpt lat="48.409989215433598" lon="-123.37352950125933">
        <ele>0</ele>
      </trkpt>
      <trkpt lat="48.410145621746778" lon="-123.37385438382626">
        <ele>0</ele>
      </trkpt>
      <trkpt lat="48.4102204721421" lon="-123.37401053868234">
        <ele>0</ele>
      </trkpt>
      <trkpt lat="48.410275038331747" lon="-123.37397458031774">
        <ele>0</ele>
      </trkpt>
      <trkpt lat="48.411460826173425" lon="-123.37267429567873">
        <ele>0</ele>
      </trkpt>
      <trkpt lat="48.412094414234161" lon="-123.37200592271984">
        <ele>0</ele>
      </trkpt>
      <trkpt lat="48.413638863712549" lon="-123.37031403556466">
        <ele>0</ele>
      </trkpt>
      <trkpt lat="48.414755584672093" lon="-123.36960819549859">
        <ele>0</ele>
      </trkpt>
      <trkpt lat="48.414835128933191" lon="-123.36955790407956">
        <ele>0</ele>
      </trkpt>
      <trkpt lat="48.41530661098659" lon="-123.36922899819911">
        <ele>0</ele>
      </trkpt>
      <trkpt lat="48.415490509942174" lon="-123.36912053637207">
        <ele>0</ele>
      </trkpt>
      <trkpt lat="48.415680779144168" lon="-123.3690254855901">
        <ele>0</ele>
      </trkpt>
      <trkpt lat="48.417166220024228" lon="-123.36884879507124">
        <ele>0</ele>
      </trkpt>
      <trkpt lat="48.41767156496644" lon="-123.36883638985455">
        <ele>0</ele>
      </trkpt>
      <trkpt lat="48.418274559080601" lon="-123.36881610564888">
        <ele>0</ele>
      </trkpt>
      <trkpt lat="48.418355360627174" lon="-123.36881551891565">
        <ele>0</ele>
      </trkpt>
      <trkpt lat="48.418570188805461" lon="-123.36882130242884">
        <ele>0</ele>
      </trkpt>
      <trkpt lat="48.41865660622716" lon="-123.36882021278143">
        <ele>0</ele>
      </trkpt>
      <trkpt lat="48.419023314490914" lon="-123.36882457137108">
        <ele>0</ele>
      </trkpt>
      <trkpt lat="48.419293127954006" lon="-123.36883236654103">
        <ele>0</ele>
      </trkpt>
      <trkpt lat="48.419320117682219" lon="-123.36883320473135">
        <ele>0</ele>
      </trkpt>
      <trkpt lat="48.419685736298561" lon="-123.36884007789195">
        <ele>0</ele>
      </trkpt>
      <trkpt lat="48.419719599187374" lon="-123.36884041316807">
        <ele>0</ele>
      </trkpt>
      <trkpt lat="48.42006728053093" lon="-123.3688494656235">
        <ele>0</ele>
      </trkpt>
      <trkpt lat="48.420644039288163" lon="-123.36886463686824">
        <ele>0</ele>
      </trkpt>
      <trkpt lat="48.420909661799669" lon="-123.36881518363953">
        <ele>0</ele>
      </trkpt>
      <trkpt lat="48.421153910458088" lon="-123.36875692941248">
        <ele>0</ele>
      </trkpt>
      <trkpt lat="48.42166411690414" lon="-123.36862307041883">
        <ele>0</ele>
      </trkpt>
      <trkpt lat="48.421741230413318" lon="-123.36860563606024">
        <ele>0</ele>
      </trkpt>
      <trkpt lat="48.421776434406638" lon="-123.36859683506191">
        <ele>0</ele>
      </trkpt>
      <trkpt lat="48.421802083030343" lon="-123.36851058527827">
        <ele>0</ele>
      </trkpt>
      <trkpt lat="48.42200567945838" lon="-123.36846339516342">
        <ele>0</ele>
      </trkpt>
      <trkpt lat="48.422340620309114" lon="-123.36838577874005">
        <ele>0</ele>
      </trkpt>
      <trkpt lat="48.422500630840659" lon="-123.36833858862519">
        <ele>0</ele>
      </trkpt>
      <trkpt lat="48.422705987468362" lon="-123.36826147511601">
        <ele>0</ele>
      </trkpt>
      <trkpt lat="48.422773629426956" lon="-123.36821286007762">
        <ele>0</ele>
      </trkpt>
      <trkpt lat="48.422781173139811" lon="-123.36832609958947">
        <ele>0</ele>
      </trkpt>
      <trkpt lat="48.42278016731143" lon="-123.36851209402084">
        <ele>0</ele>
      </trkpt>
      <trkpt lat="48.422834062948823" lon="-123.36856816895306">
        <ele>0</ele>
      </trkpt>
      <trkpt lat="48.422852419316769" lon="-123.36859323084354">
        <ele>0</ele>
      </trkpt>
      <trkpt lat="48.422880163416266" lon="-123.36862759664655">
        <ele>0</ele>
      </trkpt>
      <trkpt lat="48.422917630523443" lon="-123.36869582533836">
        <ele>0</ele>
      </trkpt>
      <trkpt lat="48.42299222946167" lon="-123.36884250864387">
        <ele>0</ele>
      </trkpt>
      <trkpt lat="48.423062972724438" lon="-123.36899464018643">
        <ele>0</ele>
      </trkpt>
      <trkpt lat="48.423145618289709" lon="-123.36915221996605">
        <ele>0</ele>
      </trkpt>
      <trkpt lat="48.423192137852311" lon="-123.36922598071396">
        <ele>0</ele>
      </trkpt>
      <trkpt lat="48.423242596909404" lon="-123.36928968317807">
        <ele>0</ele>
      </trkpt>
      <trkpt lat="48.423323063179851" lon="-123.36936252191663">
        <ele>0</ele>
      </trkpt>
      <trkpt lat="48.423383664339781" lon="-123.36940401233733">
        <ele>0</ele>
      </trkpt>
      <trkpt lat="48.423574017360806" lon="-123.36949470452964">
        <ele>0</ele>
      </trkpt>
      <trkpt lat="48.423910634592175" lon="-123.36966066621244">
        <ele>0</ele>
      </trkpt>
      <trkpt lat="48.423995794728398" lon="-123.36969721131027">
        <ele>0</ele>
      </trkpt>
      <trkpt lat="48.424066621810198" lon="-123.36971741169691">
        <ele>0</ele>
      </trkpt>
      <trkpt lat="48.424140131101012" lon="-123.36973342113197">
        <ele>0</ele>
      </trkpt>
      <trkpt lat="48.424237612634897" lon="-123.3697456587106">
        <ele>0</ele>
      </trkpt>
      <trkpt lat="48.424345487728715" lon="-123.36976049467921">
        <ele>0</ele>
      </trkpt>
      <trkpt lat="48.424430312588811" lon="-123.36977147497237">
        <ele>0</ele>
      </trkpt>
      <trkpt lat="48.424815628677607" lon="-123.36982143111527">
        <ele>0</ele>
      </trkpt>
      <trkpt lat="48.425025595352054" lon="-123.36984842084348">
        <ele>0</ele>
      </trkpt>
      <trkpt lat="48.425095668062568" lon="-123.36984112858772">
        <ele>0</ele>
      </trkpt>
      <trkpt lat="48.425136404111981" lon="-123.36984221823514">
        <ele>0</ele>
      </trkpt>
      <trkpt lat="48.425145205110312" lon="-123.36984288878739">
        <ele>0</ele>
      </trkpt>
      <trkpt lat="48.42521502636373" lon="-123.36984892375767">
        <ele>0</ele>
      </trkpt>
      <trkpt lat="48.425512500107288" lon="-123.36988278664649">
        <ele>0</ele>
      </trkpt>
      <trkpt lat="48.425584500655532" lon="-123.36990340612829">
        <ele>0</ele>
      </trkpt>
      <trkpt lat="48.425735123455524" lon="-123.36995017714798">
        <ele>0</ele>
      </trkpt>
      <trkpt lat="48.425910640507936" lon="-123.37000692263246">
        <ele>0</ele>
      </trkpt>
      <trkpt lat="48.426515478640795" lon="-123.37024438194931">
        <ele>0</ele>
      </trkpt>
      <trkpt lat="48.426536517217755" lon="-123.3702602237463">
        <ele>0</ele>
      </trkpt>
      <trkpt lat="48.426555963233113" lon="-123.37028897367418">
        <ele>0</ele>
      </trkpt>
      <trkpt lat="48.426567278802395" lon="-123.37030054070055">
        <ele>0</ele>
      </trkpt>
      <trkpt lat="48.426661659032106" lon="-123.37033825926483">
        <ele>0</ele>
      </trkpt>
      <trkpt lat="48.426678590476513" lon="-123.3703395165503">
        <ele>0</ele>
      </trkpt>
      <trkpt lat="48.42670775949955" lon="-123.37032996118069">
        <ele>0</ele>
      </trkpt>
      <trkpt lat="48.426730306819081" lon="-123.37033088319004">
        <ele>0</ele>
      </trkpt>
      <trkpt lat="48.426796104758978" lon="-123.37035787291825">
        <ele>0</ele>
      </trkpt>
      <trkpt lat="48.426867686212063" lon="-123.37038058787584">
        <ele>0</ele>
      </trkpt>
      <trkpt lat="48.426920408383012" lon="-123.37039249017835">
        <ele>0</ele>
      </trkpt>
      <trkpt lat="48.426994169130921" lon="-123.37040732614696">
        <ele>0</ele>
      </trkpt>
      <trkpt lat="48.427072707563639" lon="-123.37041554041207">
        <ele>0</ele>
      </trkpt>
      <trkpt lat="48.427180582657456" lon="-123.37040833197534">
        <ele>0</ele>
      </trkpt>
      <trkpt lat="48.427267335355282" lon="-123.37039592675865">
        <ele>0</ele>
      </trkpt>
      <trkpt lat="48.427339922636747" lon="-123.37037689983845">
        <ele>0</ele>
      </trkpt>
      <trkpt lat="48.427430279552937" lon="-123.37034923955798">
        <ele>0</ele>
      </trkpt>
      <trkpt lat="48.427641168236732" lon="-123.37025427259505">
        <ele>0</ele>
      </trkpt>
      <trkpt lat="48.427723813802004" lon="-123.37019409053028">
        <ele>0</ele>
      </trkpt>
      <trkpt lat="48.427783409133554" lon="-123.37015050463378">
        <ele>0</ele>
      </trkpt>
      <trkpt lat="48.42794107273221" lon="-123.37007079273462">
        <ele>0</ele>
      </trkpt>
      <trkpt lat="48.42803050763905" lon="-123.37002561427653">
        <ele>0</ele>
      </trkpt>
      <trkpt lat="48.428134778514504" lon="-123.36997289210558">
        <ele>0</ele>
      </trkpt>
      <trkpt lat="48.428396210074425" lon="-123.36983148939908">
        <ele>0</ele>
      </trkpt>
      <trkpt lat="48.428485225886106" lon="-123.36978899315">
        <ele>0</ele>
      </trkpt>
      <trkpt lat="48.428551694378257" lon="-123.36976376362145">
        <ele>0</ele>
      </trkpt>
      <trkpt lat="48.428585138171911" lon="-123.36981380358338">
        <ele>0</ele>
      </trkpt>
      <trkpt lat="48.428570972755551" lon="-123.37020372971892">
        <ele>0</ele>
      </trkpt>
      <trkpt lat="48.428570469841361" lon="-123.37021672166884">
        <ele>0</ele>
      </trkpt>
      <trkpt lat="48.428570469841361" lon="-123.37022418156266">
        <ele>0</ele>
      </trkpt>
      <trkpt lat="48.428568039089441" lon="-123.3706177957356">
        <ele>0</ele>
      </trkpt>
      <trkpt lat="48.42856359668076" lon="-123.37079633027315">
        <ele>0</ele>
      </trkpt>
      <trkpt lat="48.428517999127507" lon="-123.37123738601804">
        <ele>0</ele>
      </trkpt>
      <trkpt lat="48.42849955894053" lon="-123.37162689305842">
        <ele>0</ele>
      </trkpt>
      <trkpt lat="48.428458739072084" lon="-123.3718974608928">
        <ele>0</ele>
      </trkpt>
      <trkpt lat="48.42835446819663" lon="-123.37250573560596">
        <ele>0</ele>
      </trkpt>
      <trkpt lat="48.428284898400307" lon="-123.37300043553114">
        <ele>0</ele>
      </trkpt>
      <trkpt lat="48.428280120715499" lon="-123.37310805916786">
        <ele>0</ele>
      </trkpt>
      <trkpt lat="48.42830752953887" lon="-123.37349790148437">
        <ele>0</ele>
      </trkpt>
      <trkpt lat="48.428322784602642" lon="-123.37363662198186">
        <ele>0</ele>
      </trkpt>
      <trkpt lat="48.428338710218668" lon="-123.37374147959054">
        <ele>0</ele>
      </trkpt>
      <trkpt lat="48.428414901718497" lon="-123.37408463470638">
        <ele>0</ele>
      </trkpt>
      <trkpt lat="48.428460918366909" lon="-123.37429150007665">
        <ele>0</ele>
      </trkpt>
      <trkpt lat="48.428477263078094" lon="-123.37436174042523">
        <ele>0</ele>
      </trkpt>
      <trkpt lat="48.428498720750213" lon="-123.37442359887064">
        <ele>0</ele>
      </trkpt>
      <trkpt lat="48.428529901430011" lon="-123.37447070516646">
        <ele>0</ele>
      </trkpt>
      <trkpt lat="48.428571559488773" lon="-123.37450616061687">
        <ele>0</ele>
      </trkpt>
      <trkpt lat="48.428639536723495" lon="-123.37453759275377">
        <ele>0</ele>
      </trkpt>
      <trkpt lat="48.428826369345188" lon="-123.37460950948298">
        <ele>0</ele>
      </trkpt>
      <trkpt lat="48.428882695734501" lon="-123.37470766156912">
        <ele>0</ele>
      </trkpt>
      <trkpt lat="48.428953187540174" lon="-123.37478812783957">
        <ele>0</ele>
      </trkpt>
      <trkpt lat="48.429028205573559" lon="-123.3748450409621">
        <ele>0</ele>
      </trkpt>
      <trkpt lat="48.429270023480058" lon="-123.3750783931464">
        <ele>0</ele>
      </trkpt>
      <trkpt lat="48.430889910086989" lon="-123.37665041908622">
        <ele>0</ele>
      </trkpt>
      <trkpt lat="48.431837316602468" lon="-123.37756572291255">
        <ele>0</ele>
      </trkpt>
      <trkpt lat="48.431980898603797" lon="-123.37771047838032">
        <ele>0</ele>
      </trkpt>
      <trkpt lat="48.432108471170068" lon="-123.3778288308531">
        <ele>0</ele>
      </trkpt>
      <trkpt lat="48.432279797270894" lon="-123.37798129767179">
        <ele>0</ele>
      </trkpt>
      <trkpt lat="48.43237685970962" lon="-123.37806914001703">
        <ele>0</ele>
      </trkpt>
      <trkpt lat="48.432430503889918" lon="-123.37815077975392">
        <ele>0</ele>
      </trkpt>
      <trkpt lat="48.432475933805108" lon="-123.3782054297626">
        <ele>0</ele>
      </trkpt>
      <trkpt lat="48.432506611570716" lon="-123.37824147194624">
        <ele>0</ele>
      </trkpt>
      <trkpt lat="48.432559836655855" lon="-123.37821892462671">
        <ele>0</ele>
      </trkpt>
      <trkpt lat="48.432683385908604" lon="-123.3782297372818">
        <ele>0</ele>
      </trkpt>
      <trkpt lat="48.432724373415112" lon="-123.3782210201025">
        <ele>0</ele>
      </trkpt>
      <trkpt lat="48.432763433083892" lon="-123.37820308282971">
        <ele>0</ele>
      </trkpt>
      <trkpt lat="48.432807186618447" lon="-123.37817676365376">
        <ele>0</ele>
      </trkpt>
      <trkpt lat="48.432845659554005" lon="-123.37817005813122">
        <ele>0</ele>
      </trkpt>
      <trkpt lat="48.432906093075871" lon="-123.37817047722638">
        <ele>0</ele>
      </trkpt>
      <trkpt lat="48.432924868538976" lon="-123.37817416526377">
        <ele>0</ele>
      </trkpt>
      <trkpt lat="48.432960323989391" lon="-123.37818271480501">
        <ele>0</ele>
      </trkpt>
      <trkpt lat="48.433125782757998" lon="-123.37830182164907">
        <ele>0</ele>
      </trkpt>
      <trkpt lat="48.433166434988379" lon="-123.37833727709949">
        <ele>0</ele>
      </trkpt>
      <trkpt lat="48.433202812448144" lon="-123.37839988991618">
        <ele>0</ele>
      </trkpt>
      <trkpt lat="48.433269700035453" lon="-123.37851916439831">
        <ele>0</ele>
      </trkpt>
      <trkpt lat="48.433286799117923" lon="-123.37855017744005">
        <ele>0</ele>
      </trkpt>
      <trkpt lat="48.433421663939953" lon="-123.37879467755556">
        <ele>0</ele>
      </trkpt>
      <trkpt lat="48.43346550129354" lon="-123.37885620072484">
        <ele>0</ele>
      </trkpt>
      <trkpt lat="48.433619979768991" lon="-123.37904286570847">
        <ele>0</ele>
      </trkpt>
      <trkpt lat="48.433894906193018" lon="-123.37937839329243">
        <ele>0</ele>
      </trkpt>
      <trkpt lat="48.433960871770978" lon="-123.37945902720094">
        <ele>0</ele>
      </trkpt>
      <trkpt lat="48.434004038572311" lon="-123.37951325811446">
        <ele>0</ele>
      </trkpt>
      <trkpt lat="48.434075871482491" lon="-123.37957511655986">
        <ele>0</ele>
      </trkpt>
      <trkpt lat="48.434141082689166" lon="-123.37964971549809">
        <ele>0</ele>
      </trkpt>
      <trkpt lat="48.434244599193335" lon="-123.37979849427938">
        <ele>0</ele>
      </trkpt>
      <trkpt lat="48.434329172596335" lon="-123.3798751886934">
        <ele>0</ele>
      </trkpt>
      <trkpt lat="48.434402262791991" lon="-123.37991961278021">
        <ele>0</ele>
      </trkpt>
      <trkpt lat="48.434481974691153" lon="-123.37994702160358">
        <ele>0</ele>
      </trkpt>
      <trkpt lat="48.434569230303168" lon="-123.37998197413981">
        <ele>0</ele>
      </trkpt>
      <trkpt lat="48.434683308005333" lon="-123.38000091724098">
        <ele>0</ele>
      </trkpt>
      <trkpt lat="48.434779616072774" lon="-123.37997593916953">
        <ele>0</ele>
      </trkpt>
      <trkpt lat="48.434876007959247" lon="-123.37990687228739">
        <ele>0</ele>
      </trkpt>
      <trkpt lat="48.434973070397973" lon="-123.37980955839157">
        <ele>0</ele>
      </trkpt>
      <trkpt lat="48.43503157608211" lon="-123.37976270355284">
        <ele>0</ele>
      </trkpt>
      <trkpt lat="48.435102235525846" lon="-123.37971149012446">
        <ele>0</ele>
      </trkpt>
      <trkpt lat="48.435196615755558" lon="-123.37968818843365">
        <ele>0</ele>
      </trkpt>
      <trkpt lat="48.435304658487439" lon="-123.37966572493315">
        <ele>0</ele>
      </trkpt>
      <trkpt lat="48.43543860130012" lon="-123.37965432554483">
        <ele>0</ele>
      </trkpt>
      <trkpt lat="48.435538513585925" lon="-123.37966740131378">
        <ele>0</ele>
      </trkpt>
      <trkpt lat="48.435601126402617" lon="-123.37969497777522">
        <ele>0</ele>
      </trkpt>
      <trkpt lat="48.43571956269443" lon="-123.37977586314082">
        <ele>0</ele>
      </trkpt>
      <trkpt lat="48.435827605426311" lon="-123.37985507212579">
        <ele>0</ele>
      </trkpt>
      <trkpt lat="48.435926092788577" lon="-123.37996068410575">
        <ele>0</ele>
      </trkpt>
      <trkpt lat="48.436025837436318" lon="-123.38006336241961">
        <ele>0</ele>
      </trkpt>
      <trkpt lat="48.436105297878385" lon="-123.38013117201626">
        <ele>0</ele>
      </trkpt>
      <trkpt lat="48.436215100809932" lon="-123.38025346398354">
        <ele>0</ele>
      </trkpt>
      <trkpt lat="48.436282575130463" lon="-123.38031993247569">
        <ele>0</ele>
      </trkpt>
      <trkpt lat="48.436340996995568" lon="-123.38040626607835">
        <ele>0</ele>
      </trkpt>
      <trkpt lat="48.436393719166517" lon="-123.38049511425197">
        <ele>0</ele>
      </trkpt>
      <trkpt lat="48.43644711188972" lon="-123.38058589026332">
        <ele>0</ele>
      </trkpt>
      <trkpt lat="48.436483824625611" lon="-123.38067473843694">
        <ele>0</ele>
      </trkpt>
      <trkpt lat="48.436554903164506" lon="-123.38084396906197">
        <ele>0</ele>
      </trkpt>
      <trkpt lat="48.436674932017922" lon="-123.38104228489101">
        <ele>0</ele>
      </trkpt>
      <trkpt lat="48.436774760484695" lon="-123.38119584135711">
        <ele>0</ele>
      </trkpt>
      <trkpt lat="48.436799319460988" lon="-123.38126088492572">
        <ele>0</ele>
      </trkpt>
      <trkpt lat="48.436806024983525" lon="-123.38134998455644">
        <ele>0</ele>
      </trkpt>
      <trkpt lat="48.436812059953809" lon="-123.38143606670201">
        <ele>0</ele>
      </trkpt>
      <trkpt lat="48.436837205663323" lon="-123.3815108332783">
        <ele>0</ele>
      </trkpt>
      <trkpt lat="48.436881294474006" lon="-123.38157277554274">
        <ele>0</ele>
      </trkpt>
      <trkpt lat="48.436960084363818" lon="-123.38162943720818">
        <ele>0</ele>
      </trkpt>
      <trkpt lat="48.437000820413232" lon="-123.38169431313872">
        <ele>0</ele>
      </trkpt>
      <trkpt lat="48.437023367732763" lon="-123.38176002725959">
        <ele>0</ele>
      </trkpt>
      <trkpt lat="48.437056895345449" lon="-123.38191383518279">
        <ele>0</ele>
      </trkpt>
      <trkpt lat="48.437081705778837" lon="-123.38204828090966">
        <ele>0</ele>
      </trkpt>
      <trkpt lat="48.437225958332419" lon="-123.38241968303919">
        <ele>0</ele>
      </trkpt>
      <trkpt lat="48.437279183417559" lon="-123.38252797722816">
        <ele>0</ele>
      </trkpt>
      <trkpt lat="48.437351183965802" lon="-123.38263627141714">
        <ele>0</ele>
      </trkpt>
      <trkpt lat="48.437445312738419" lon="-123.38274087756872">
        <ele>0</ele>
      </trkpt>
      <trkpt lat="48.437556121498346" lon="-123.38284472934902">
        <ele>0</ele>
      </trkpt>
      <trkpt lat="48.437620829790831" lon="-123.38292670436203">
        <ele>0</ele>
      </trkpt>
      <trkpt lat="48.437690986320376" lon="-123.38301706127822">
        <ele>0</ele>
      </trkpt>
      <trkpt lat="48.43778938986361" lon="-123.38306953199208">
        <ele>0</ele>
      </trkpt>
      <trkpt lat="48.437884859740734" lon="-123.38308302685618">
        <ele>0</ele>
      </trkpt>
      <trkpt lat="48.438179064542055" lon="-123.3830941747874">
        <ele>0</ele>
      </trkpt>
      <trkpt lat="48.438386265188456" lon="-123.38301161304116">
        <ele>0</ele>
      </trkpt>
      <trkpt lat="48.438720703125" lon="-123.38284037075937">
        <ele>0</ele>
      </trkpt>
      <trkpt lat="48.43907056376338" lon="-123.38265487924218">
        <ele>0</ele>
      </trkpt>
      <trkpt lat="48.439385136589408" lon="-123.38247181847692">
        <ele>0</ele>
      </trkpt>
      <trkpt lat="48.439518325030804" lon="-123.38238263502717">
        <ele>0</ele>
      </trkpt>
      <trkpt lat="48.439665175974369" lon="-123.3822740893811">
        <ele>0</ele>
      </trkpt>
      <trkpt lat="48.439797023311257" lon="-123.38216805830598">
        <ele>0</ele>
      </trkpt>
      <trkpt lat="48.440129533410072" lon="-123.38186262175441">
        <ele>0</ele>
      </trkpt>
      <trkpt lat="48.440805617719889" lon="-123.38123640976846">
        <ele>0</ele>
      </trkpt>
      <trkpt lat="48.44128112308681" lon="-123.38078152388334">
        <ele>0</ele>
      </trkpt>
      <trkpt lat="48.4414750803262" lon="-123.38060349225998">
        <ele>0</ele>
      </trkpt>
      <trkpt lat="48.441687393933535" lon="-123.38041137903929">
        <ele>0</ele>
      </trkpt>
      <trkpt lat="48.442156277596951" lon="-123.37998356670141">
        <ele>0</ele>
      </trkpt>
      <trkpt lat="48.44235367141664" lon="-123.37980419397354">
        <ele>0</ele>
      </trkpt>
      <trkpt lat="48.442470096051693" lon="-123.37970294058323">
        <ele>0</ele>
      </trkpt>
      <trkpt lat="48.442554669454694" lon="-123.37964502163231">
        <ele>0</ele>
      </trkpt>
      <trkpt lat="48.442658269777894" lon="-123.37958467192948">
        <ele>0</ele>
      </trkpt>
      <trkpt lat="48.442868320271373" lon="-123.37947646155953">
        <ele>0</ele>
      </trkpt>
      <trkpt lat="48.442977285012603" lon="-123.37943371385336">
        <ele>0</ele>
      </trkpt>
      <trkpt lat="48.44322832301259" lon="-123.37935157120228">
        <ele>0</ele>
      </trkpt>
      <trkpt lat="48.443274591118097" lon="-123.37934075854719">
        <ele>0</ele>
      </trkpt>
      <trkpt lat="48.443392021581531" lon="-123.37931343354285">
        <ele>0</ele>
      </trkpt>
      <trkpt lat="48.443544236943126" lon="-123.37929558008909">
        <ele>0</ele>
      </trkpt>
      <trkpt lat="48.444167096167803" lon="-123.37921913713217">
        <ele>0</ele>
      </trkpt>
      <trkpt lat="48.444244461134076" lon="-123.37920958176255">
        <ele>0</ele>
      </trkpt>
      <trkpt lat="48.444905960932374" lon="-123.37912417016923">
        <ele>0</ele>
      </trkpt>
      <trkpt lat="48.444964718073606" lon="-123.37911662645638">
        <ele>0</ele>
      </trkpt>
      <trkpt lat="48.445127578452229" lon="-123.37909307330847">
        <ele>0</ele>
      </trkpt>
      <trkpt lat="48.44529228284955" lon="-123.37908066809177">
        <ele>0</ele>
      </trkpt>
      <trkpt lat="48.445342574268579" lon="-123.3790725376457">
        <ele>0</ele>
      </trkpt>
      <trkpt lat="48.445428404957056" lon="-123.37904336862266">
        <ele>0</ele>
      </trkpt>
      <trkpt lat="48.445508787408471" lon="-123.37901143357158">
        <ele>0</ele>
      </trkpt>
      <trkpt lat="48.445585314184427" lon="-123.37897690013051">
        <ele>0</ele>
      </trkpt>
      <trkpt lat="48.445661505684257" lon="-123.37893499061465">
        <ele>0</ele>
      </trkpt>
      <trkpt lat="48.445757227018476" lon="-123.37887573055923">
        <ele>0</ele>
      </trkpt>
      <trkpt lat="48.445815816521645" lon="-123.37883038446307">
        <ele>0</ele>
      </trkpt>
      <trkpt lat="48.445891002193093" lon="-123.3787651732564">
        <ele>0</ele>
      </trkpt>
      <trkpt lat="48.445973480120301" lon="-123.3786888141185">
        <ele>0</ele>
      </trkpt>
      <trkpt lat="48.446051934733987" lon="-123.37861052714288">
        <ele>0</ele>
      </trkpt>
      <trkpt lat="48.446138519793749" lon="-123.37851086631417">
        <ele>0</ele>
      </trkpt>
      <trkpt lat="48.446192918345332" lon="-123.37843618355691">
        <ele>0</ele>
      </trkpt>
      <trkpt lat="48.446248909458518" lon="-123.37836468592286">
        <ele>0</ele>
      </trkpt>
      <trkpt lat="48.446351923048496" lon="-123.37818346917629">
        <ele>0</ele>
      </trkpt>
      <trkpt lat="48.446404729038477" lon="-123.37806654162705">
        <ele>0</ele>
      </trkpt>
      <trkpt lat="48.446441860869527" lon="-123.37797618471086">
        <ele>0</ele>
      </trkpt>
      <trkpt lat="48.446482932195067" lon="-123.3778565749526">
        <ele>0</ele>
      </trkpt>
      <trkpt lat="48.44661402516067" lon="-123.37748919613659">
        <ele>0</ele>
      </trkpt>
      <trkpt lat="48.446741765365005" lon="-123.37711242958903">
        <ele>0</ele>
      </trkpt>
      <trkpt lat="48.446919796988368" lon="-123.37659367360175">
        <ele>0</ele>
      </trkpt>
      <trkpt lat="48.447006801143289" lon="-123.37633986957371">
        <ele>0</ele>
      </trkpt>
      <trkpt lat="48.447077879682183" lon="-123.37613887153566">
        <ele>0</ele>
      </trkpt>
      <trkpt lat="48.447145689278841" lon="-123.37597492150962">
        <ele>0</ele>
      </trkpt>
      <trkpt lat="48.447217019274831" lon="-123.37584131397307">
        <ele>0</ele>
      </trkpt>
      <trkpt lat="48.44736747443676" lon="-123.37563838809729">
        <ele>0</ele>
      </trkpt>
      <trkpt lat="48.447458418086171" lon="-123.37552146054804">
        <ele>0</ele>
      </trkpt>
      <trkpt lat="48.44760593958199" lon="-123.37535256519914">
        <ele>0</ele>
      </trkpt>
      <trkpt lat="48.44772269949317" lon="-123.37524058297276">
        <ele>0</ele>
      </trkpt>
      <trkpt lat="48.447886984795332" lon="-123.37511066347361">
        <ele>0</ele>
      </trkpt>
      <trkpt lat="48.447985472157598" lon="-123.37504821829498">
        <ele>0</ele>
      </trkpt>
      <trkpt lat="48.448142213746905" lon="-123.37496959604323">
        <ele>0</ele>
      </trkpt>
      <trkpt lat="48.448327537626028" lon="-123.37490061298013">
        <ele>0</ele>
      </trkpt>
      <trkpt lat="48.448464833199978" lon="-123.37486758828163">
        <ele>0</ele>
      </trkpt>
      <trkpt lat="48.448615958914161" lon="-123.37484453804791">
        <ele>0</ele>
      </trkpt>
      <trkpt lat="48.448737999424338" lon="-123.37483766488731">
        <ele>0</ele>
      </trkpt>
      <trkpt lat="48.448905721306801" lon="-123.3748452924192">
        <ele>0</ele>
      </trkpt>
      <trkpt lat="48.449034215882421" lon="-123.37486507371068">
        <ele>0</ele>
      </trkpt>
      <trkpt lat="48.449188191443682" lon="-123.37490346282721">
        <ele>0</ele>
      </trkpt>
      <trkpt lat="48.449324397370219" lon="-123.37496071122587">
        <ele>0</ele>
      </trkpt>
      <trkpt lat="48.44949496909976" lon="-123.37503891438246">
        <ele>0</ele>
      </trkpt>
      <trkpt lat="48.450290160253644" lon="-123.37544568814337">
        <ele>0</ele>
      </trkpt>
      <trkpt lat="48.450485039502382" lon="-123.37554518133402">
        <ele>0</ele>
      </trkpt>
      <trkpt lat="48.450655778869987" lon="-123.37562447413802">
        <ele>0</ele>
      </trkpt>
      <trkpt lat="48.450814113020897" lon="-123.37569270282984">
        <ele>0</ele>
      </trkpt>
      <trkpt lat="48.450962137430906" lon="-123.37576109915972">
        <ele>0</ele>
      </trkpt>
      <trkpt lat="48.451318871229887" lon="-123.37594751268625">
        <ele>0</ele>
      </trkpt>
      <trkpt lat="48.451675269752741" lon="-123.37613074108958">
        <ele>0</ele>
      </trkpt>
      <trkpt lat="48.451846428215504" lon="-123.37621011771262">
        <ele>0</ele>
      </trkpt>
      <trkpt lat="48.451973078772426" lon="-123.37625890038908">
        <ele>0</ele>
      </trkpt>
      <trkpt lat="48.451993782073259" lon="-123.3762729819864">
        <ele>0</ele>
      </trkpt>
      <trkpt lat="48.452011803165078" lon="-123.37628899142146">
        <ele>0</ele>
      </trkpt>
      <trkpt lat="48.452069135382771" lon="-123.37635889649391">
        <ele>0</ele>
      </trkpt>
      <trkpt lat="48.452099813148379" lon="-123.37638395838439">
        <ele>0</ele>
      </trkpt>
      <trkpt lat="48.452154127880931" lon="-123.37641916237772">
        <ele>0</ele>
      </trkpt>
      <trkpt lat="48.452201066538692" lon="-123.37644682265818">
        <ele>0</ele>
      </trkpt>
      <trkpt lat="48.452333500608802" lon="-123.37652058340609">
        <ele>0</ele>
      </trkpt>
      <trkpt lat="48.452511616051197" lon="-123.37661982513964">
        <ele>0</ele>
      </trkpt>
      <trkpt lat="48.452702974900603" lon="-123.37671252898872">
        <ele>0</ele>
      </trkpt>
      <trkpt lat="48.452913612127304" lon="-123.37681906297803">
        <ele>0</ele>
      </trkpt>
      <trkpt lat="48.453521886840463" lon="-123.37713464163244">
        <ele>0</ele>
      </trkpt>
      <trkpt lat="48.453576369211078" lon="-123.3771591167897">
        <ele>0</ele>
      </trkpt>
      <trkpt lat="48.453630432486534" lon="-123.37717420421541">
        <ele>0</ele>
      </trkpt>
      <trkpt lat="48.453749706968665" lon="-123.37720328941941">
        <ele>0</ele>
      </trkpt>
      <trkpt lat="48.453834531828761" lon="-123.3772315364331">
        <ele>0</ele>
      </trkpt>
      <trkpt lat="48.453943077474833" lon="-123.37726741097867">
        <ele>0</ele>
      </trkpt>
      <trkpt lat="48.454251531511545" lon="-123.37737612426281">
        <ele>0</ele>
      </trkpt>
      <trkpt lat="48.454519500955939" lon="-123.37745541706681">
        <ele>0</ele>
      </trkpt>
      <trkpt lat="48.454581024125218" lon="-123.37747360579669">
        <ele>0</ele>
      </trkpt>
      <trkpt lat="48.454682780429721" lon="-123.37749950587749">
        <ele>0</ele>
      </trkpt>
      <trkpt lat="48.454784788191319" lon="-123.37751191109419">
        <ele>0</ele>
      </trkpt>
      <trkpt lat="48.454915713518858" lon="-123.37751207873225">
        <ele>0</ele>
      </trkpt>
      <trkpt lat="48.455110006034374" lon="-123.37750210426748">
        <ele>0</ele>
      </trkpt>
      <trkpt lat="48.455272698774934" lon="-123.37749648839235">
        <ele>0</ele>
      </trkpt>
      <trkpt lat="48.455354170873761" lon="-123.37750327773392">
        <ele>0</ele>
      </trkpt>
      <trkpt lat="48.455439498648047" lon="-123.37751576676965">
        <ele>0</ele>
      </trkpt>
      <trkpt lat="48.455536561086774" lon="-123.37754040956497">
        <ele>0</ele>
      </trkpt>
      <trkpt lat="48.455654410645366" lon="-123.37759422138333">
        <ele>0</ele>
      </trkpt>
      <trkpt lat="48.455768907442689" lon="-123.37764711119235">
        <ele>0</ele>
      </trkpt>
      <trkpt lat="48.455898659303784" lon="-123.37774040177464">
        <ele>0</ele>
      </trkpt>
      <trkpt lat="48.455973174422979" lon="-123.37778993882239">
        <ele>0</ele>
      </trkpt>
      <trkpt lat="48.456047689542174" lon="-123.37782287970185">
        <ele>0</ele>
      </trkpt>
      <trkpt lat="48.456078702583909" lon="-123.37783008813858">
        <ele>0</ele>
      </trkpt>
      <trkpt lat="48.456127736717463" lon="-123.37784148752689">
        <ele>0</ele>
      </trkpt>
      <trkpt lat="48.45622731372714" lon="-123.37785230018198">
        <ele>0</ele>
      </trkpt>
      <trkpt lat="48.456265116110444" lon="-123.37784861214459">
        <ele>0</ele>
      </trkpt>
      <trkpt lat="48.456346672028303" lon="-123.37784073315561">
        <ele>0</ele>
      </trkpt>
      <trkpt lat="48.456453960388899" lon="-123.37779438123107">
        <ele>0</ele>
      </trkpt>
      <trkpt lat="48.456568541005254" lon="-123.37773897685111">
        <ele>0</ele>
      </trkpt>
      <trkpt lat="48.456591172143817" lon="-123.37770343758166">
        <ele>0</ele>
      </trkpt>
      <trkpt lat="48.456756379455328" lon="-123.3775283396244">
        <ele>0</ele>
      </trkpt>
      <trkpt lat="48.457343867048621" lon="-123.37691796943545">
        <ele>0</ele>
      </trkpt>
      <trkpt lat="48.457610076293349" lon="-123.37663608603179">
        <ele>0</ele>
      </trkpt>
      <trkpt lat="48.458934584632516" lon="-123.37525952607393">
        <ele>0</ele>
      </trkpt>
      <trkpt lat="48.45923918299377" lon="-123.37494294159114">
        <ele>0</ele>
      </trkpt>
      <trkpt lat="48.459465997293591" lon="-123.3747049793601">
        <ele>0</ele>
      </trkpt>
      <trkpt lat="48.459520228207111" lon="-123.37463750503957">
        <ele>0</ele>
      </trkpt>
      <trkpt lat="48.459565239027143" lon="-123.37457489222288">
        <ele>0</ele>
      </trkpt>
      <trkpt lat="48.45971611328423" lon="-123.37427096441388">
        <ele>0</ele>
      </trkpt>
      <trkpt lat="48.45977327786386" lon="-123.37413718923926">
        <ele>0</ele>
      </trkpt>
      <trkpt lat="48.45984511077404" lon="-123.37397516705096">
        <ele>0</ele>
      </trkpt>
      <trkpt lat="48.459921637549996" lon="-123.37375832721591">
        <ele>0</ele>
      </trkpt>
      <trkpt lat="48.45997410826385" lon="-123.37357677519321">
        <ele>0</ele>
      </trkpt>
      <trkpt lat="48.460012665018439" lon="-123.3734443411231">
        <ele>0</ele>
      </trkpt>
      <trkpt lat="48.460024818778038" lon="-123.37340301834047">
        <ele>0</ele>
      </trkpt>
      <trkpt lat="48.460088521242142" lon="-123.37317930534482">
        <ele>0</ele>
      </trkpt>
      <trkpt lat="48.46014610491693" lon="-123.3729783911258">
        <ele>0</ele>
      </trkpt>
      <trkpt lat="48.460299829021096" lon="-123.37245158851147">
        <ele>0</ele>
      </trkpt>
      <trkpt lat="48.460354981943965" lon="-123.37228646501899">
        <ele>0</ele>
      </trkpt>
      <trkpt lat="48.460406782105565" lon="-123.3721443079412">
        <ele>0</ele>
      </trkpt>
      <trkpt lat="48.460519770160317" lon="-123.37186150252819">
        <ele>0</ele>
      </trkpt>
      <trkpt lat="48.460587160661817" lon="-123.3717143163085">
        <ele>0</ele>
      </trkpt>
      <trkpt lat="48.460681876167655" lon="-123.3715417329222">
        <ele>0</ele>
      </trkpt>
      <trkpt lat="48.460726467892528" lon="-123.37146411649883">
        <ele>0</ele>
      </trkpt>
      <trkpt lat="48.460886562243104" lon="-123.37121928110719">
        <ele>0</ele>
      </trkpt>
      <trkpt lat="48.461044058203697" lon="-123.37099364027381">
        <ele>0</ele>
      </trkpt>
      <trkpt lat="48.46145611256361" lon="-123.37043213658035">
        <ele>0</ele>
      </trkpt>
      <trkpt lat="48.461949303746223" lon="-123.36976166814566">
        <ele>0</ele>
      </trkpt>
      <trkpt lat="48.462717505171895" lon="-123.36871912702918">
        <ele>0</ele>
      </trkpt>
      <trkpt lat="48.463186891749501" lon="-123.36807170882821">
        <ele>0</ele>
      </trkpt>
      <trkpt lat="48.46331731416285" lon="-123.36789082735777">
        <ele>0</ele>
      </trkpt>
      <trkpt lat="48.463477324694395" lon="-123.36766543798149">
        <ele>0</ele>
      </trkpt>
      <trkpt lat="48.463650494813919" lon="-123.36743091233075">
        <ele>0</ele>
      </trkpt>
      <trkpt lat="48.463878817856312" lon="-123.36712170392275">
        <ele>0</ele>
      </trkpt>
      <trkpt lat="48.46414209343493" lon="-123.366768239066">
        <ele>0</ele>
      </trkpt>
      <trkpt lat="48.465118668973446" lon="-123.36543643847108">
        <ele>0</ele>
      </trkpt>
      <trkpt lat="48.465162422508001" lon="-123.36537751369178">
        <ele>0</ele>
      </trkpt>
      <trkpt lat="48.465488981455564" lon="-123.36493687704206">
        <ele>0</ele>
      </trkpt>
      <trkpt lat="48.465880919247866" lon="-123.36439507082105">
        <ele>0</ele>
      </trkpt>
      <trkpt lat="48.466015364974737" lon="-123.36423028260469">
        <ele>0</ele>
      </trkpt>
      <trkpt lat="48.466118965297937" lon="-123.36410949937999">
        <ele>0</ele>
      </trkpt>
      <trkpt lat="48.466273862868547" lon="-123.36395828984678">
        <ele>0</ele>
      </trkpt>
      <trkpt lat="48.466473100706935" lon="-123.36381177417934">
        <ele>0</ele>
      </trkpt>
      <trkpt lat="48.466967800632119" lon="-123.36352259851992">
        <ele>0</ele>
      </trkpt>
      <trkpt lat="48.467515641823411" lon="-123.36319696158171">
        <ele>0</ele>
      </trkpt>
      <trkpt lat="48.467609016224742" lon="-123.36315236985683">
        <ele>0</ele>
      </trkpt>
      <trkpt lat="48.467912608757615" lon="-123.36306167766452">
        <ele>0</ele>
      </trkpt>
      <trkpt lat="48.467999529093504" lon="-123.36298942565918">
        <ele>0</ele>
      </trkpt>
      <trkpt lat="48.468216536566615" lon="-123.36279320530593">
        <ele>0</ele>
      </trkpt>
      <trkpt lat="48.468445530161262" lon="-123.36261416785419">
        <ele>0</ele>
      </trkpt>
      <trkpt lat="48.468571174889803" lon="-123.36253286339343">
        <ele>0</ele>
      </trkpt>
      <trkpt lat="48.468680810183287" lon="-123.36247008293867">
        <ele>0</ele>
      </trkpt>
      <trkpt lat="48.469249438494444" lon="-123.36213958449662">
        <ele>0</ele>
      </trkpt>
      <trkpt lat="48.469783198088408" lon="-123.36180933751166">
        <ele>0</ele>
      </trkpt>
      <trkpt lat="48.470289129763842" lon="-123.36145008914173">
        <ele>0</ele>
      </trkpt>
      <trkpt lat="48.470307402312756" lon="-123.36140658706427">
        <ele>0</ele>
      </trkpt>
      <trkpt lat="48.470321567729115" lon="-123.36128211580217">
        <ele>0</ele>
      </trkpt>
      <trkpt lat="48.470348306000233" lon="-123.36125370115042">
        <ele>0</ele>
      </trkpt>
      <trkpt lat="48.470417624339461" lon="-123.36127172224224">
        <ele>0</ele>
      </trkpt>
      <trkpt lat="48.47052751109004" lon="-123.36130030453205">
        <ele>0</ele>
      </trkpt>
      <trkpt lat="48.471176102757454" lon="-123.36146903224289">
        <ele>0</ele>
      </trkpt>
      <trkpt lat="48.471200577914715" lon="-123.36147456429899">
        <ele>0</ele>
      </trkpt>
      <trkpt lat="48.471246929839253" lon="-123.3614754024893">
        <ele>0</ele>
      </trkpt>
      <trkpt lat="48.471270315349102" lon="-123.36147858761251">
        <ele>0</ele>
      </trkpt>
      <trkpt lat="48.471449101343751" lon="-123.3615272026509">
        <ele>0</ele>
      </trkpt>
      <trkpt lat="48.471571728587151" lon="-123.3615604788065">
        <ele>0</ele>
      </trkpt>
      <trkpt lat="48.471943885087967" lon="-123.36166902445257">
        <ele>0</ele>
      </trkpt>
      <trkpt lat="48.471962073817849" lon="-123.36168176494539">
        <ele>0</ele>
      </trkpt>
      <trkpt lat="48.47197431139648" lon="-123.36169710382819">
        <ele>0</ele>
      </trkpt>
      <trkpt lat="48.471984369680285" lon="-123.36171152070165">
        <ele>0</ele>
      </trkpt>
      <trkpt lat="48.472012113779783" lon="-123.36171881295741">
        <ele>0</ele>
      </trkpt>
      <trkpt lat="48.472022758796811" lon="-123.36171311326325">
        <ele>0</ele>
      </trkpt>
      <trkpt lat="48.472029715776443" lon="-123.36169953458011">
        <ele>0</ele>
      </trkpt>
      <trkpt lat="48.472039522603154" lon="-123.36161646991968">
        <ele>0</ele>
      </trkpt>
      <trkpt lat="48.472050419077277" lon="-123.36152443662286">
        <ele>0</ele>
      </trkpt>
      <trkpt lat="48.472053101286292" lon="-123.36146903224289">
        <ele>0</ele>
      </trkpt>
      <trkpt lat="48.472049413248897" lon="-123.36141362786293">
        <ele>0</ele>
      </trkpt>
      <trkpt lat="48.472037678584456" lon="-123.36135889403522">
        <ele>0</ele>
      </trkpt>
      <trkpt lat="48.472017394378781" lon="-123.36128991097212">
        <ele>0</ele>
      </trkpt>
      <trkpt lat="48.471870962530375" lon="-123.36085774004459">
        <ele>0</ele>
      </trkpt>
      <trkpt lat="48.471794435754418" lon="-123.36064090020955">
        <ele>0</ele>
      </trkpt>
      <trkpt lat="48.471768703311682" lon="-123.36056789383292">
        <ele>0</ele>
      </trkpt>
      <trkpt lat="48.471774403005838" lon="-123.36052699014544">
        <ele>0</ele>
      </trkpt>
      <trkpt lat="48.472757516428828" lon="-123.3599369879812">
        <ele>0</ele>
      </trkpt>
      <trkpt lat="48.472954491153359" lon="-123.35983389057219">
        <ele>0</ele>
      </trkpt>
      <trkpt lat="48.473006626591086" lon="-123.35979726165533">
        <ele>0</ele>
      </trkpt>
      <trkpt lat="48.473050212487578" lon="-123.3597089163959">
        <ele>0</ele>
      </trkpt>
      <trkpt lat="48.47311575897038" lon="-123.35957740433514">
        <ele>0</ele>
      </trkpt>
      <trkpt lat="48.473162613809109" lon="-123.35951378569007">
        <ele>0</ele>
      </trkpt>
      <trkpt lat="48.473212737590075" lon="-123.35948511958122">
        <ele>0</ele>
      </trkpt>
      <trkpt lat="48.473447095602751" lon="-123.35939501412213">
        <ele>0</ele>
      </trkpt>
      <trkpt lat="48.473551785573363" lon="-123.35935520008206">
        <ele>0</ele>
      </trkpt>
      <trkpt lat="48.473661337047815" lon="-123.35931672714651">
        <ele>0</ele>
      </trkpt>
      <trkpt lat="48.473791675642133" lon="-123.35932192392647">
        <ele>0</ele>
      </trkpt>
      <trkpt lat="48.473923439159989" lon="-123.35932267829776">
        <ele>0</ele>
      </trkpt>
      <trkpt lat="48.474085964262486" lon="-123.35931982845068">
        <ele>0</ele>
      </trkpt>
      <trkpt lat="48.474525595083833" lon="-123.35932267829776">
        <ele>0</ele>
      </trkpt>
      <trkpt lat="48.474930273368955" lon="-123.35935478098691">
        <ele>0</ele>
      </trkpt>
      <trkpt lat="48.475209726020694" lon="-123.35938478820026">
        <ele>0</ele>
      </trkpt>
      <trkpt lat="48.475348362699151" lon="-123.35941093973815">
        <ele>0</ele>
      </trkpt>
      <trkpt lat="48.475442575290799" lon="-123.35944052785635">
        <ele>0</ele>
      </trkpt>
      <trkpt lat="48.475623121485114" lon="-123.35953566245735">
        <ele>0</ele>
      </trkpt>
      <trkpt lat="48.475707694888115" lon="-123.3595640771091">
        <ele>0</ele>
      </trkpt>
      <trkpt lat="48.475734097883105" lon="-123.35956818424165">
        <ele>0</ele>
      </trkpt>
      <trkpt lat="48.475868124514818" lon="-123.35958947427571">
        <ele>0</ele>
      </trkpt>
      <trkpt lat="48.475895030423999" lon="-123.3595965988934">
        <ele>0</ele>
      </trkpt>
      <trkpt lat="48.476009862497449" lon="-123.35965443402529">
        <ele>0</ele>
      </trkpt>
      <trkpt lat="48.476068200543523" lon="-123.35966859944165">
        <ele>0</ele>
      </trkpt>
      <trkpt lat="48.476159060373902" lon="-123.35965661332011">
        <ele>0</ele>
      </trkpt>
      <trkpt lat="48.476230641826987" lon="-123.35965887643397">
        <ele>0</ele>
      </trkpt>
      <trkpt lat="48.477006973698735" lon="-123.35970422253013">
        <ele>0</ele>
      </trkpt>
      <trkpt lat="48.477649362757802" lon="-123.3597437851131">
        <ele>0</ele>
      </trkpt>
      <trkpt lat="48.479335634037852" lon="-123.35982249118388">
        <ele>0</ele>
      </trkpt>
      <trkpt lat="48.479490699246526" lon="-123.35979642346501">
        <ele>0</ele>
      </trkpt>
      <trkpt lat="48.479760177433491" lon="-123.35983003489673">
        <ele>0</ele>
      </trkpt>
      <trkpt lat="48.479922283440828" lon="-123.35984420031309">
        <ele>0</ele>
      </trkpt>
      <trkpt lat="48.480242975056171" lon="-123.35986146703362">
        <ele>0</ele>
      </trkpt>
      <trkpt lat="48.480354202911258" lon="-123.3598487265408">
        <ele>0</ele>
      </trkpt>
      <trkpt lat="48.48047599196434" lon="-123.35983129218221">
        <ele>0</ele>
      </trkpt>
      <trkpt lat="48.480508262291551" lon="-123.35982617922127">
        <ele>0</ele>
      </trkpt>
      <trkpt lat="48.480666512623429" lon="-123.35980128496885">
        <ele>0</ele>
      </trkpt>
      <trkpt lat="48.480832725763321" lon="-123.35980086587369">
        <ele>0</ele>
      </trkpt>
      <trkpt lat="48.480948396027088" lon="-123.35980690084398">
        <ele>0</ele>
      </trkpt>
      <trkpt lat="48.481084099039435" lon="-123.35982257500291">
        <ele>0</ele>
      </trkpt>
      <trkpt lat="48.481219466775656" lon="-123.35985442623496">
        <ele>0</ele>
      </trkpt>
      <trkpt lat="48.481540158390999" lon="-123.35992290638387">
        <ele>0</ele>
      </trkpt>
      <trkpt lat="48.482295367866755" lon="-123.35996808484197">
        <ele>0</ele>
      </trkpt>
      <trkpt lat="48.482868690043688" lon="-123.360002534464">
        <ele>0</ele>
      </trkpt>
      <trkpt lat="48.482965584844351" lon="-123.35999163798988">
        <ele>0</ele>
      </trkpt>
      <trkpt lat="48.483099779114127" lon="-123.35997646674514">
        <ele>0</ele>
      </trkpt>
      <trkpt lat="48.483597580343485" lon="-123.35998887196183">
        <ele>0</ele>
      </trkpt>
      <trkpt lat="48.484017262235284" lon="-123.36002809926867">
        <ele>0</ele>
      </trkpt>
      <trkpt lat="48.484465191140771" lon="-123.36003514006734">
        <ele>0</ele>
      </trkpt>
      <trkpt lat="48.484542137011886" lon="-123.36003983393312">
        <ele>0</ele>
      </trkpt>
      <trkpt lat="48.485265411436558" lon="-123.36008383892477">
        <ele>0</ele>
      </trkpt>
      <trkpt lat="48.48700013011694" lon="-123.36016958579421">
        <ele>0</ele>
      </trkpt>
      <trkpt lat="48.48876410163939" lon="-123.36025340482593">
        <ele>0</ele>
      </trkpt>
      <trkpt lat="48.489013714715838" lon="-123.36025902070105">
        <ele>0</ele>
      </trkpt>
      <trkpt lat="48.489734893664718" lon="-123.36029380559921">
        <ele>0</ele>
      </trkpt>
      <trkpt lat="48.490414917469025" lon="-123.36035097017884">
        <ele>0</ele>
      </trkpt>
      <trkpt lat="48.491861969232559" lon="-123.3603944722563">
        <ele>0</ele>
      </trkpt>
      <trkpt lat="48.491949811577797" lon="-123.36040226742625">
        <ele>0</ele>
      </trkpt>
      <trkpt lat="48.492465633898973" lon="-123.3603928796947">
        <ele>0</ele>
      </trkpt>
      <trkpt lat="48.493041722103953" lon="-123.3604533970356">
        <ele>0</ele>
      </trkpt>
      <trkpt lat="48.493996923789382" lon="-123.36049069650471">
        <ele>0</ele>
      </trkpt>
      <trkpt lat="48.494435381144285" lon="-123.36050637066364">
        <ele>0</ele>
      </trkpt>
      <trkpt lat="48.495497703552246" lon="-123.36055138148367">
        <ele>0</ele>
      </trkpt>
      <trkpt lat="48.496266575530171" lon="-123.36050008423626">
        <ele>0</ele>
      </trkpt>
      <trkpt lat="48.496540915220976" lon="-123.36048013530672">
        <ele>0</ele>
      </trkpt>
      <trkpt lat="48.496965793892741" lon="-123.36041240952909">
        <ele>0</ele>
      </trkpt>
      <trkpt lat="48.497259495779872" lon="-123.3603896945715">
        <ele>0</ele>
      </trkpt>
      <trkpt lat="48.497755201533437" lon="-123.36035633459687">
        <ele>0</ele>
      </trkpt>
      <trkpt lat="48.498066002503037" lon="-123.36033269762993">
        <ele>0</ele>
      </trkpt>
      <trkpt lat="48.498254092410207" lon="-123.36032113060355">
        <ele>0</ele>
      </trkpt>
      <trkpt lat="48.498823475092649" lon="-123.36026849225163">
        <ele>0</ele>
      </trkpt>
      <trkpt lat="48.499085996299982" lon="-123.36026849225163">
        <ele>0</ele>
      </trkpt>
      <trkpt lat="48.499361928552389" lon="-123.36029757745564">
        <ele>0</ele>
      </trkpt>
      <trkpt lat="48.499566363170743" lon="-123.36033546365798">
        <ele>0</ele>
      </trkpt>
      <trkpt lat="48.499937262386084" lon="-123.36048893630505">
        <ele>0</ele>
      </trkpt>
      <trkpt lat="48.500203471630812" lon="-123.36066327989101">
        <ele>0</ele>
      </trkpt>
      <trkpt lat="48.500488875433803" lon="-123.36091951467097">
        <ele>0</ele>
      </trkpt>
      <trkpt lat="48.500731196254492" lon="-123.36119620129466">
        <ele>0</ele>
      </trkpt>
      <trkpt lat="48.500985838472843" lon="-123.36152234114707">
        <ele>0</ele>
      </trkpt>
      <trkpt lat="48.501153308898211" lon="-123.36179559119046">
        <ele>0</ele>
      </trkpt>
      <trkpt lat="48.501344583928585" lon="-123.36202776990831">
        <ele>0</ele>
      </trkpt>
      <trkpt lat="48.501504259184003" lon="-123.3621887024492">
        <ele>0</ele>
      </trkpt>
      <trkpt lat="48.501682039350271" lon="-123.36242926307023">
        <ele>0</ele>
      </trkpt>
      <trkpt lat="48.501798212528229" lon="-123.36265959776938">
        <ele>0</ele>
      </trkpt>
      <trkpt lat="48.501950763165951" lon="-123.36301599629223">
        <ele>0</ele>
      </trkpt>
      <trkpt lat="48.502081604674459" lon="-123.36349560879171">
        <ele>0</ele>
      </trkpt>
      <trkpt lat="48.502185204997659" lon="-123.36399751715362">
        <ele>0</ele>
      </trkpt>
      <trkpt lat="48.502354100346565" lon="-123.36450470611453">
        <ele>0</ele>
      </trkpt>
      <trkpt lat="48.502579322084785" lon="-123.36495975963771">
        <ele>0</ele>
      </trkpt>
      <trkpt lat="48.502789037302136" lon="-123.36525723338127">
        <ele>0</ele>
      </trkpt>
      <trkpt lat="48.502867240458727" lon="-123.36534767411649">
        <ele>0</ele>
      </trkpt>
      <trkpt lat="48.503142669796944" lon="-123.36566627025604">
        <ele>0</ele>
      </trkpt>
      <trkpt lat="48.503583306446671" lon="-123.3659827709198">
        <ele>0</ele>
      </trkpt>
      <trkpt lat="48.503995528444648" lon="-123.3661328908056">
        <ele>0</ele>
      </trkpt>
      <trkpt lat="48.504382772371173" lon="-123.36619458161294">
        <ele>0</ele>
      </trkpt>
      <trkpt lat="48.504725676029921" lon="-123.3661677595228">
        <ele>0</ele>
      </trkpt>
      <trkpt lat="48.504867497831583" lon="-123.36613481864333">
        <ele>0</ele>
      </trkpt>
      <trkpt lat="48.505074195563793" lon="-123.36608679033816">
        <ele>0</ele>
      </trkpt>
      <trkpt lat="48.505986984819174" lon="-123.36592133156955">
        <ele>0</ele>
      </trkpt>
      <trkpt lat="48.506257301196456" lon="-123.36588311009109">
        <ele>0</ele>
      </trkpt>
      <trkpt lat="48.506557289510965" lon="-123.36584061384201">
        <ele>0</ele>
      </trkpt>
      <trkpt lat="48.506873287260532" lon="-123.365837931633">
        <ele>0</ele>
      </trkpt>
      <trkpt lat="48.506945287808776" lon="-123.36583726108074">
        <ele>0</ele>
      </trkpt>
      <trkpt lat="48.507279558107257" lon="-123.36585737764835">
        <ele>0</ele>
      </trkpt>
      <trkpt lat="48.507358264178038" lon="-123.36589526385069">
        <ele>0</ele>
      </trkpt>
      <trkpt lat="48.507524561136961" lon="-123.36591948755085">
        <ele>0</ele>
      </trkpt>
      <trkpt lat="48.508422011509538" lon="-123.36600699461997">
        <ele>0</ele>
      </trkpt>
      <trkpt lat="48.508822415024042" lon="-123.36607363075018">
        <ele>0</ele>
      </trkpt>
      <trkpt lat="48.509079571813345" lon="-123.36612400598824">
        <ele>0</ele>
      </trkpt>
      <trkpt lat="48.509144112467766" lon="-123.36613188497722">
        <ele>0</ele>
      </trkpt>
      <trkpt lat="48.509180825203657" lon="-123.36612719111145">
        <ele>0</ele>
      </trkpt>
      <trkpt lat="48.50920781493187" lon="-123.36611470207572">
        <ele>0</ele>
      </trkpt>
      <trkpt lat="48.509260704740882" lon="-123.36607832461596">
        <ele>0</ele>
      </trkpt>
      <trkpt lat="48.509300434961915" lon="-123.36603331379592">
        <ele>0</ele>
      </trkpt>
      <trkpt lat="48.50936958566308" lon="-123.36605871096253">
        <ele>0</ele>
      </trkpt>
      <trkpt lat="48.509467989206314" lon="-123.36608000099659">
        <ele>0</ele>
      </trkpt>
      <trkpt lat="48.50997693836689" lon="-123.3661225810647">
        <ele>0</ele>
      </trkpt>
      <trkpt lat="48.510227808728814" lon="-123.36614747531712">
        <ele>0</ele>
      </trkpt>
      <trkpt lat="48.510379185900092" lon="-123.366160383448">
        <ele>0</ele>
      </trkpt>
      <trkpt lat="48.510503070428967" lon="-123.36617639288306">
        <ele>0</ele>
      </trkpt>
      <trkpt lat="48.510599629953504" lon="-123.3661862835288">
        <ele>0</ele>
      </trkpt>
      <trkpt lat="48.510701218619943" lon="-123.36620640009642">
        <ele>0</ele>
      </trkpt>
      <trkpt lat="48.510951083153486" lon="-123.3662433642894">
        <ele>0</ele>
      </trkpt>
      <trkpt lat="48.511231206357479" lon="-123.36628359742463">
        <ele>0</ele>
      </trkpt>
      <trkpt lat="48.511592717841268" lon="-123.36633590050042">
        <ele>0</ele>
      </trkpt>
      <trkpt lat="48.512003682553768" lon="-123.36641527712345">
        <ele>0</ele>
      </trkpt>
      <trkpt lat="48.512369720265269" lon="-123.36651762016118">
        <ele>0</ele>
      </trkpt>
      <trkpt lat="48.512743134051561" lon="-123.36661476641893">
        <ele>0</ele>
      </trkpt>
      <trkpt lat="48.513018731027842" lon="-123.36669011972845">
        <ele>0</ele>
      </trkpt>
      <trkpt lat="48.513211430981755" lon="-123.36676597595215">
        <ele>0</ele>
      </trkpt>
      <trkpt lat="48.513334225863218" lon="-123.36680956184864">
        <ele>0</ele>
      </trkpt>
      <trkpt lat="48.51362407207489" lon="-123.36692783050239">
        <ele>0</ele>
      </trkpt>
      <trkpt lat="48.513868069276214" lon="-123.36702631786466">
        <ele>0</ele>
      </trkpt>
      <trkpt lat="48.514309963211417" lon="-123.36723293177783">
        <ele>0</ele>
      </trkpt>
      <trkpt lat="48.514681868255138" lon="-123.36739528924227">
        <ele>0</ele>
      </trkpt>
      <trkpt lat="48.515100460499525" lon="-123.36757952347398">
        <ele>0</ele>
      </trkpt>
      <trkpt lat="48.515545288100839" lon="-123.3678203355521">
        <ele>0</ele>
      </trkpt>
      <trkpt lat="48.515932867303491" lon="-123.36800079792738">
        <ele>0</ele>
      </trkpt>
      <trkpt lat="48.516302928328514" lon="-123.36818159557879">
        <ele>0</ele>
      </trkpt>
      <trkpt lat="48.516597803682089" lon="-123.36832157336175">
        <ele>0</ele>
      </trkpt>
      <trkpt lat="48.516706014052033" lon="-123.36837303824723">
        <ele>0</ele>
      </trkpt>
      <trkpt lat="48.517028717324138" lon="-123.36852726526558">
        <ele>0</ele>
      </trkpt>
      <trkpt lat="48.517083283513784" lon="-123.36855341680348">
        <ele>0</ele>
      </trkpt>
      <trkpt lat="48.517239773645997" lon="-123.36862944066525">
        <ele>0</ele>
      </trkpt>
      <trkpt lat="48.517456529662013" lon="-123.36874192580581">
        <ele>0</ele>
      </trkpt>
      <trkpt lat="48.517681499943137" lon="-123.36890143342316">
        <ele>0</ele>
      </trkpt>
      <trkpt lat="48.517880318686366" lon="-123.36905281059444">
        <ele>0</ele>
      </trkpt>
      <trkpt lat="48.518214169889688" lon="-123.36930518969893">
        <ele>0</ele>
      </trkpt>
      <trkpt lat="48.518676096573472" lon="-123.36960677057505">
        <ele>0</ele>
      </trkpt>
      <trkpt lat="48.519245982170105" lon="-123.36999149993062">
        <ele>0</ele>
      </trkpt>
      <trkpt lat="48.519921312108636" lon="-123.370460299775">
        <ele>0</ele>
      </trkpt>
      <trkpt lat="48.520386591553688" lon="-123.37075701914728">
        <ele>0</ele>
      </trkpt>
      <trkpt lat="48.52080057375133" lon="-123.37103932164609">
        <ele>0</ele>
      </trkpt>
      <trkpt lat="48.520919932052493" lon="-123.37111241184175">
        <ele>0</ele>
      </trkpt>
      <trkpt lat="48.521128389984369" lon="-123.37124140933156">
        <ele>0</ele>
      </trkpt>
      <trkpt lat="48.521315138787031" lon="-123.3713496197015">
        <ele>0</ele>
      </trkpt>
      <trkpt lat="48.521600207313895" lon="-123.37151097133756">
        <ele>0</ele>
      </trkpt>
      <trkpt lat="48.521785279735923" lon="-123.37160753086209">
        <ele>0</ele>
      </trkpt>
      <trkpt lat="48.522248798981309" lon="-123.37178732268512">
        <ele>0</ele>
      </trkpt>
      <trkpt lat="48.522577537223697" lon="-123.37189637124538">
        <ele>0</ele>
      </trkpt>
      <trkpt lat="48.522764872759581" lon="-123.37195873260498">
        <ele>0</ele>
      </trkpt>
      <trkpt lat="48.52294416166842" lon="-123.37201816029847">
        <ele>0</ele>
      </trkpt>
      <trkpt lat="48.523086486384273" lon="-123.37205998599529">
        <ele>0</ele>
      </trkpt>
      <trkpt lat="48.523565679788589" lon="-123.37221228517592">
        <ele>0</ele>
      </trkpt>
      <trkpt lat="48.52417697198689" lon="-123.37239886634052">
        <ele>0</ele>
      </trkpt>
      <trkpt lat="48.524479726329446" lon="-123.37247966788709">
        <ele>0</ele>
      </trkpt>
      <trkpt lat="48.525035781785846" lon="-123.37262459099293">
        <ele>0</ele>
      </trkpt>
      <trkpt lat="48.525577168911695" lon="-123.37270748801529">
        <ele>0</ele>
      </trkpt>
      <trkpt lat="48.526014788076282" lon="-123.37270229123533">
        <ele>0</ele>
      </trkpt>
      <trkpt lat="48.526099026203156" lon="-123.37269701063633">
        <ele>0</ele>
      </trkpt>
      <trkpt lat="48.526578890159726" lon="-123.3726847730577">
        <ele>0</ele>
      </trkpt>
      <trkpt lat="48.527096640318632" lon="-123.37265786714852">
        <ele>0</ele>
      </trkpt>
      <trkpt lat="48.527418924495578" lon="-123.3726847730577">
        <ele>0</ele>
      </trkpt>
      <trkpt lat="48.527537696063519" lon="-123.37268996983767">
        <ele>0</ele>
      </trkpt>
      <trkpt lat="48.527704915031791" lon="-123.37272710166872">
        <ele>0</ele>
      </trkpt>
      <trkpt lat="48.527801977470517" lon="-123.37275467813015">
        <ele>0</ele>
      </trkpt>
      <trkpt lat="48.527902811765671" lon="-123.37279046885669">
        <ele>0</ele>
      </trkpt>
      <trkpt lat="48.528008507564664" lon="-123.37282927706838">
        <ele>0</ele>
      </trkpt>
      <trkpt lat="48.528180839493871" lon="-123.37289591319859">
        <ele>0</ele>
      </trkpt>
      <trkpt lat="48.528345208615065" lon="-123.37296757847071">
        <ele>0</ele>
      </trkpt>
      <trkpt lat="48.528488706797361" lon="-123.37304620072246">
        <ele>0</ele>
      </trkpt>
      <trkpt lat="48.528665564954281" lon="-123.37317553348839">
        <ele>0</ele>
      </trkpt>
      <trkpt lat="48.528763130307198" lon="-123.37323470972478">
        <ele>0</ele>
      </trkpt>
      <trkpt lat="48.528869664296508" lon="-123.37337996810675">
        <ele>0</ele>
      </trkpt>
      <trkpt lat="48.529034620150924" lon="-123.37362891063094">
        <ele>0</ele>
      </trkpt>
      <trkpt lat="48.529181219637394" lon="-123.37373351678252">
        <ele>0</ele>
      </trkpt>
      <trkpt lat="48.529295800253749" lon="-123.37381767109036">
        <ele>0</ele>
      </trkpt>
      <trkpt lat="48.529380038380623" lon="-123.3738952036947">
        <ele>0</ele>
      </trkpt>
      <trkpt lat="48.529474418610334" lon="-123.3739660307765">
        <ele>0</ele>
      </trkpt>
      <trkpt lat="48.529565362259746" lon="-123.37403677403927">
        <ele>0</ele>
      </trkpt>
      <trkpt lat="48.529690084978938" lon="-123.3741108700633">
        <ele>0</ele>
      </trkpt>
      <trkpt lat="48.529801312834024" lon="-123.37417499162257">
        <ele>0</ele>
      </trkpt>
      <trkpt lat="48.530008429661393" lon="-123.37413987144828">
        <ele>0</ele>
      </trkpt>
      <trkpt lat="48.530139438807964" lon="-123.3740799408406">
        <ele>0</ele>
      </trkpt>
      <trkpt lat="48.530247984454036" lon="-123.37413551285863">
        <ele>0</ele>
      </trkpt>
      <trkpt lat="48.530584936961532" lon="-123.37432066909969">
        <ele>0</ele>
      </trkpt>
      <trkpt lat="48.530662301927805" lon="-123.37440859526396">
        <ele>0</ele>
      </trkpt>
      <trkpt lat="48.530783923342824" lon="-123.37450574152172">
        <ele>0</ele>
      </trkpt>
      <trkpt lat="48.530852319672704" lon="-123.37453541345894">
        <ele>0</ele>
      </trkpt>
      <trkpt lat="48.530982825905085" lon="-123.37459391914308">
        <ele>0</ele>
      </trkpt>
      <trkpt lat="48.531231516972184" lon="-123.37474546395242">
        <ele>0</ele>
      </trkpt>
      <trkpt lat="48.531380211934447" lon="-123.37486867792904">
        <ele>0</ele>
      </trkpt>
      <trkpt lat="48.531628483906388" lon="-123.37505098432302">
        <ele>0</ele>
      </trkpt>
      <trkpt lat="48.531826632097363" lon="-123.3752092346549">
        <ele>0</ele>
      </trkpt>
      <trkpt lat="48.531966358423233" lon="-123.37539246305823">
        <ele>0</ele>
      </trkpt>
      <trkpt lat="48.532086303457618" lon="-123.37546781636775">
        <ele>0</ele>
      </trkpt>
      <trkpt lat="48.532189065590501" lon="-123.37555180303752">
        <ele>0</ele>
      </trkpt>
      <trkpt lat="48.532215384766459" lon="-123.37566671893001">
        <ele>0</ele>
      </trkpt>
      <trkpt lat="48.532308675348759" lon="-123.37573260068893">
        <ele>0</ele>
      </trkpt>
      <trkpt lat="48.532592989504337" lon="-123.37592429481447">
        <ele>0</ele>
      </trkpt>
      <trkpt lat="48.532944191247225" lon="-123.37615923956037">
        <ele>0</ele>
      </trkpt>
      <trkpt lat="48.533129431307316" lon="-123.3762764185667">
        <ele>0</ele>
      </trkpt>
      <trkpt lat="48.533563865348697" lon="-123.3765578828752">
        <ele>0</ele>
      </trkpt>
      <trkpt lat="48.533779364079237" lon="-123.37669744156301">
        <ele>0</ele>
      </trkpt>
      <trkpt lat="48.534032078459859" lon="-123.37686114013195">
        <ele>0</ele>
      </trkpt>
      <trkpt lat="48.534296192228794" lon="-123.37705149315298">
        <ele>0</ele>
      </trkpt>
      <trkpt lat="48.53467857465148" lon="-123.3773142658174">
        <ele>0</ele>
      </trkpt>
      <trkpt lat="48.534895917400718" lon="-123.37747293524444">
        <ele>0</ele>
      </trkpt>
      <trkpt lat="48.535043690353632" lon="-123.37758097797632">
        <ele>0</ele>
      </trkpt>
      <trkpt lat="48.535439735278487" lon="-123.37789203040302">
        <ele>0</ele>
      </trkpt>
      <trkpt lat="48.535813987255096" lon="-123.37816553190351">
        <ele>0</ele>
      </trkpt>
      <trkpt lat="48.536266693845391" lon="-123.37845588102937">
        <ele>0</ele>
      </trkpt>
      <trkpt lat="48.536684280261397" lon="-123.37875511497259">
        <ele>0</ele>
      </trkpt>
      <trkpt lat="48.53713640011847" lon="-123.37905661202967">
        <ele>0</ele>
      </trkpt>
      <trkpt lat="48.537545017898083" lon="-123.37934268638492">
        <ele>0</ele>
      </trkpt>
      <trkpt lat="48.537904685363173" lon="-123.37960017845035">
        <ele>0</ele>
      </trkpt>
      <trkpt lat="48.538164524361491" lon="-123.37978105992079">
        <ele>0</ele>
      </trkpt>
      <trkpt lat="48.538572806864977" lon="-123.38006772100925">
        <ele>0</ele>
      </trkpt>
      <trkpt lat="48.539281329140067" lon="-123.38058228604496">
        <ele>0</ele>
      </trkpt>
      <trkpt lat="48.539374032989144" lon="-123.38065805844963">
        <ele>0</ele>
      </trkpt>
      <trkpt lat="48.539766389876604" lon="-123.38092636317015">
        <ele>0</ele>
      </trkpt>
      <trkpt lat="48.540062690153718" lon="-123.38113783858716">
        <ele>0</ele>
      </trkpt>
      <trkpt lat="48.54040240868926" lon="-123.38136532343924">
        <ele>0</ele>
      </trkpt>
      <trkpt lat="48.540997104719281" lon="-123.38176463730633">
        <ele>0</ele>
      </trkpt>
      <trkpt lat="48.541099196299911" lon="-123.38183839805424">
        <ele>0</ele>
      </trkpt>
      <trkpt lat="48.541411841288209" lon="-123.38206797838211">
        <ele>0</ele>
      </trkpt>
      <trkpt lat="48.54173831641674" lon="-123.38230594061315">
        <ele>0</ele>
      </trkpt>
      <trkpt lat="48.541972925886512" lon="-123.3824741654098">
        <ele>0</ele>
      </trkpt>
      <trkpt lat="48.542279368266463" lon="-123.3826813660562">
        <ele>0</ele>
      </trkpt>
      <trkpt lat="48.542789993807673" lon="-123.38305888697505">
        <ele>0</ele>
      </trkpt>
      <trkpt lat="48.543033739551902" lon="-123.38322610594332">
        <ele>0</ele>
      </trkpt>
      <trkpt lat="48.543263236060739" lon="-123.38338603265584">
        <ele>0</ele>
      </trkpt>
      <trkpt lat="48.543564565479755" lon="-123.38360949419439">
        <ele>0</ele>
      </trkpt>
      <trkpt lat="48.544088518247008" lon="-123.38396530598402">
        <ele>0</ele>
      </trkpt>
      <trkpt lat="48.544644406065345" lon="-123.38433628901839">
        <ele>0</ele>
      </trkpt>
      <trkpt lat="48.545073308050632" lon="-123.38457860983908">
        <ele>0</ele>
      </trkpt>
      <trkpt lat="48.54524471797049" lon="-123.38467894122005">
        <ele>0</ele>
      </trkpt>
      <trkpt lat="48.54557354003191" lon="-123.38481531478465">
        <ele>0</ele>
      </trkpt>
      <trkpt lat="48.545822063460946" lon="-123.38487960398197">
        <ele>0</ele>
      </trkpt>
      <trkpt lat="48.546120375394821" lon="-123.38491179049015">
        <ele>0</ele>
      </trkpt>
      <trkpt lat="48.547725593671203" lon="-123.3851370960474">
        <ele>0</ele>
      </trkpt>
      <trkpt lat="48.548890426754951" lon="-123.38531948626041">
        <ele>0</ele>
      </trkpt>
      <trkpt lat="48.550708461552858" lon="-123.38564143516123">
        <ele>0</ele>
      </trkpt>
      <trkpt lat="48.552413005381823" lon="-123.38588811457157">
        <ele>0</ele>
      </trkpt>
      <trkpt lat="48.553357059136033" lon="-123.38601090945303">
        <ele>0</ele>
      </trkpt>
      <trkpt lat="48.553781770169735" lon="-123.38608743622899">
        <ele>0</ele>
      </trkpt>
      <trkpt lat="48.554096175357699" lon="-123.38613990694284">
        <ele>0</ele>
      </trkpt>
      <trkpt lat="48.555297134444118" lon="-123.38631148450077">
        <ele>0</ele>
      </trkpt>
      <trkpt lat="48.55612937361002" lon="-123.38642740622163">
        <ele>0</ele>
      </trkpt>
      <trkpt lat="48.556521059945226" lon="-123.38647099211812">
        <ele>0</ele>
      </trkpt>
      <trkpt lat="48.556703869253397" lon="-123.38650108315051">
        <ele>0</ele>
      </trkpt>
      <trkpt lat="48.55684912763536" lon="-123.38653502985835">
        <ele>0</ele>
      </trkpt>
      <trkpt lat="48.557031936943531" lon="-123.38660552166402">
        <ele>0</ele>
      </trkpt>
      <trkpt lat="48.557157833129168" lon="-123.3866704814136">
        <ele>0</ele>
      </trkpt>
      <trkpt lat="48.557282891124487" lon="-123.3867362793535">
        <ele>0</ele>
      </trkpt>
      <trkpt lat="48.557562259957194" lon="-123.38691120967269">
        <ele>0</ele>
      </trkpt>
      <trkpt lat="48.558024019002914" lon="-123.38720876723528">
        <ele>0</ele>
      </trkpt>
      <trkpt lat="48.558195428922772" lon="-123.38730599731207">
        <ele>0</ele>
      </trkpt>
      <trkpt lat="48.559031272307038" lon="-123.38786808773875">
        <ele>0</ele>
      </trkpt>
      <trkpt lat="48.559470735490322" lon="-123.38816832751036">
        <ele>0</ele>
      </trkpt>
      <trkpt lat="48.560062581673265" lon="-123.38856420479715">
        <ele>0</ele>
      </trkpt>
      <trkpt lat="48.561403434723616" lon="-123.38947657495737">
        <ele>0</ele>
      </trkpt>
      <trkpt lat="48.561575766652822" lon="-123.38958595879376">
        <ele>0</ele>
      </trkpt>
      <trkpt lat="48.562255622819066" lon="-123.39005970396101">
        <ele>0</ele>
      </trkpt>
      <trkpt lat="48.563722539693117" lon="-123.39104114100337">
        <ele>0</ele>
      </trkpt>
      <trkpt lat="48.564260071143508" lon="-123.39142637327313">
        <ele>0</ele>
      </trkpt>
      <trkpt lat="48.564760973677039" lon="-123.39173792861402">
        <ele>0</ele>
      </trkpt>
      <trkpt lat="48.565248632803559" lon="-123.39205962605774">
        <ele>0</ele>
      </trkpt>
      <trkpt lat="48.565534204244614" lon="-123.39224813506007">
        <ele>0</ele>
      </trkpt>
      <trkpt lat="48.566392511129379" lon="-123.39285917580128">
        <ele>0</ele>
      </trkpt>
      <trkpt lat="48.566869776695967" lon="-123.39316612109542">
        <ele>0</ele>
      </trkpt>
      <trkpt lat="48.567246459424496" lon="-123.39339243248105">
        <ele>0</ele>
      </trkpt>
      <trkpt lat="48.567528007552028" lon="-123.39359468780458">
        <ele>0</ele>
      </trkpt>
      <trkpt lat="48.568323701620102" lon="-123.39412920176983">
        <ele>0</ele>
      </trkpt>
      <trkpt lat="48.568858131766319" lon="-123.3944985922426">
        <ele>0</ele>
      </trkpt>
      <trkpt lat="48.56900573708117" lon="-123.39459087699652">
        <ele>0</ele>
      </trkpt>
      <trkpt lat="48.569137835875154" lon="-123.39466170407832">
        <ele>0</ele>
      </trkpt>
      <trkpt lat="48.569278484210372" lon="-123.39473303407431">
        <ele>0</ele>
      </trkpt>
      <trkpt lat="48.569426340982318" lon="-123.3948041126132">
        <ele>0</ele>
      </trkpt>
      <trkpt lat="48.569787098094821" lon="-123.39497233740985">
        <ele>0</ele>
      </trkpt>
      <trkpt lat="48.570264279842377" lon="-123.39517618529499">
        <ele>0</ele>
      </trkpt>
      <trkpt lat="48.570323204621673" lon="-123.39520141482353">
        <ele>0</ele>
      </trkpt>
      <trkpt lat="48.57084103859961" lon="-123.39541129767895">
        <ele>0</ele>
      </trkpt>
      <trkpt lat="48.571347137913108" lon="-123.39561455883086">
        <ele>0</ele>
      </trkpt>
      <trkpt lat="48.571678893640637" lon="-123.39575562626123">
        <ele>0</ele>
      </trkpt>
      <trkpt lat="48.57174058444798" lon="-123.39578261598945">
        <ele>0</ele>
      </trkpt>
      <trkpt lat="48.572288760915399" lon="-123.39602183550596">
        <ele>0</ele>
      </trkpt>
      <trkpt lat="48.572440641000867" lon="-123.39608813636005">
        <ele>0</ele>
      </trkpt>
      <trkpt lat="48.572832830250263" lon="-123.39621101506054">
        <ele>0</ele>
      </trkpt>
      <trkpt lat="48.57360178604722" lon="-123.39653179049492">
        <ele>0</ele>
      </trkpt>
      <trkpt lat="48.574233027175069" lon="-123.39678794145584">
        <ele>0</ele>
      </trkpt>
      <trkpt lat="48.574655139818788" lon="-123.39695817790926">
        <ele>0</ele>
      </trkpt>
      <trkpt lat="48.574845073744655" lon="-123.39702431112528">
        <ele>0</ele>
      </trkpt>
      <trkpt lat="48.575003491714597" lon="-123.39706068858504">
        <ele>0</ele>
      </trkpt>
      <trkpt lat="48.575125532224774" lon="-123.39708206243813">
        <ele>0</ele>
      </trkpt>
      <trkpt lat="48.57541847974062" lon="-123.39712170884013">
        <ele>0</ele>
      </trkpt>
      <trkpt lat="48.575768172740936" lon="-123.39715179987252">
        <ele>0</ele>
      </trkpt>
      <trkpt lat="48.575890967622399" lon="-123.39717468246818">
        <ele>0</ele>
      </trkpt>
      <trkpt lat="48.576005715876818" lon="-123.39720728807151">
        <ele>0</ele>
      </trkpt>
      <trkpt lat="48.576130103319883" lon="-123.39724902994931">
        <ele>0</ele>
      </trkpt>
      <trkpt lat="48.576280474662781" lon="-123.39730544015765">
        <ele>0</ele>
      </trkpt>
      <trkpt lat="48.576436713337898" lon="-123.39736947789788">
        <ele>0</ele>
      </trkpt>
      <trkpt lat="48.577044401317835" lon="-123.39762663468719">
        <ele>0</ele>
      </trkpt>
      <trkpt lat="48.577352184802294" lon="-123.39774833992124">
        <ele>0</ele>
      </trkpt>
      <trkpt lat="48.578169168904424" lon="-123.39807707816362">
        <ele>0</ele>
      </trkpt>
      <trkpt lat="48.578285677358508" lon="-123.39812762103975">
        <ele>0</ele>
      </trkpt>
      <trkpt lat="48.578379889950156" lon="-123.39816986583173">
        <ele>0</ele>
      </trkpt>
      <trkpt lat="48.578630508854985" lon="-123.39828788302839">
        <ele>0</ele>
      </trkpt>
      <trkpt lat="48.579047508537769" lon="-123.3984618075192">
        <ele>0</ele>
      </trkpt>
      <trkpt lat="48.579458221793175" lon="-123.39862676337361">
        <ele>0</ele>
      </trkpt>
      <trkpt lat="48.579504573717713" lon="-123.3986949082464">
        <ele>0</ele>
      </trkpt>
      <trkpt lat="48.579614963382483" lon="-123.39879808947444">
        <ele>0</ele>
      </trkpt>
      <trkpt lat="48.579711439087987" lon="-123.39886137284338">
        <ele>0</ele>
      </trkpt>
      <trkpt lat="48.579802131280303" lon="-123.39889079332352">
        <ele>0</ele>
      </trkpt>
      <trkpt lat="48.57990656979382" lon="-123.39893873780966">
        <ele>0</ele>
      </trkpt>
      <trkpt lat="48.580004973337054" lon="-123.39897712692618">
        <ele>0</ele>
      </trkpt>
      <trkpt lat="48.580157607793808" lon="-123.39904610998929">
        <ele>0</ele>
      </trkpt>
      <trkpt lat="48.58035022392869" lon="-123.39911576360464">
        <ele>0</ele>
      </trkpt>
      <trkpt lat="48.580551138147712" lon="-123.39919488877058">
        <ele>0</ele>
      </trkpt>
      <trkpt lat="48.580706706270576" lon="-123.39925808832049">
        <ele>0</ele>
      </trkpt>
      <trkpt lat="48.58085498213768" lon="-123.39932438917458">
        <ele>0</ele>
      </trkpt>
      <trkpt lat="48.581007700413465" lon="-123.39938247576356">
        <ele>0</ele>
      </trkpt>
      <trkpt lat="48.581155641004443" lon="-123.39944274164736">
        <ele>0</ele>
      </trkpt>
      <trkpt lat="48.581336019560695" lon="-123.39951692149043">
        <ele>0</ele>
      </trkpt>
      <trkpt lat="48.58143744058907" lon="-123.39955966919661">
        <ele>0</ele>
      </trkpt>
      <trkpt lat="48.581477589905262" lon="-123.39956436306238">
        <ele>0</ele>
      </trkpt>
      <trkpt lat="48.581541711464524" lon="-123.39954986236989">
        <ele>0</ele>
      </trkpt>
      <trkpt lat="48.58159719966352" lon="-123.39955707080662">
        <ele>0</ele>
      </trkpt>
      <trkpt lat="48.581676324829459" lon="-123.39958816766739">
        <ele>0</ele>
      </trkpt>
      <trkpt lat="48.582005063071847" lon="-123.39972462505102">
        <ele>0</ele>
      </trkpt>
      <trkpt lat="48.582378225401044" lon="-123.39987642131746">
        <ele>0</ele>
      </trkpt>
      <trkpt lat="48.582688691094518" lon="-123.40000173076987">
        <ele>0</ele>
      </trkpt>
      <trkpt lat="48.582884492352605" lon="-123.40008420869708">
        <ele>0</ele>
      </trkpt>
      <trkpt lat="48.582977280020714" lon="-123.40011673048139">
        <ele>0</ele>
      </trkpt>
      <trkpt lat="48.583016088232398" lon="-123.40014061890543">
        <ele>0</ele>
      </trkpt>
      <trkpt lat="48.583055231720209" lon="-123.40016366913915">
        <ele>0</ele>
      </trkpt>
      <trkpt lat="48.583154221996665" lon="-123.40022527612746">
        <ele>0</ele>
      </trkpt>
      <trkpt lat="48.58325463719666" lon="-123.40028897859156">
        <ele>0</ele>
      </trkpt>
      <trkpt lat="48.583311634138227" lon="-123.40032284148037">
        <ele>0</ele>
      </trkpt>
      <trkpt lat="48.583370810374618" lon="-123.40034991502762">
        <ele>0</ele>
      </trkpt>
      <trkpt lat="48.58347256667912" lon="-123.40038998052478">
        <ele>0</ele>
      </trkpt>
      <trkpt lat="48.58375352807343" lon="-123.40050858445466">
        <ele>0</ele>
      </trkpt>
      <trkpt lat="48.583987299352884" lon="-123.40060782618821">
        <ele>0</ele>
      </trkpt>
      <trkpt lat="48.584181508049369" lon="-123.40068426914513">
        <ele>0</ele>
      </trkpt>
      <trkpt lat="48.584355600178242" lon="-123.40075048618019">
        <ele>0</ele>
      </trkpt>
      <trkpt lat="48.584462469443679" lon="-123.40078870765865">
        <ele>0</ele>
      </trkpt>
      <trkpt lat="48.584526507183909" lon="-123.40081309899688">
        <ele>0</ele>
      </trkpt>
      <trkpt lat="48.584627928212285" lon="-123.40087688528001">
        <ele>0</ele>
      </trkpt>
      <trkpt lat="48.584703113883734" lon="-123.40089339762926">
        <ele>0</ele>
      </trkpt>
      <trkpt lat="48.584793470799923" lon="-123.40091183781624">
        <ele>0</ele>
      </trkpt>
      <trkpt lat="48.584898412227631" lon="-123.40094100683928">
        <ele>0</ele>
      </trkpt>
      <trkpt lat="48.584984494373202" lon="-123.40096581727266">
        <ele>0</ele>
      </trkpt>
      <trkpt lat="48.58506303280592" lon="-123.40099322609603">
        <ele>0</ele>
      </trkpt>
      <trkpt lat="48.585154227912426" lon="-123.40101870708168">
        <ele>0</ele>
      </trkpt>
      <trkpt lat="48.585252379998565" lon="-123.4010362252593">
        <ele>0</ele>
      </trkpt>
      <trkpt lat="48.585387663915753" lon="-123.40105860494077">
        <ele>0</ele>
      </trkpt>
      <trkpt lat="48.585566030815244" lon="-123.40109707787633">
        <ele>0</ele>
      </trkpt>
      <trkpt lat="48.585692094638944" lon="-123.40111141093075">
        <ele>0</ele>
      </trkpt>
      <trkpt lat="48.585934918373823" lon="-123.40113689191639">
        <ele>0</ele>
      </trkpt>
      <trkpt lat="48.586124517023563" lon="-123.40114602819085">
        <ele>0</ele>
      </trkpt>
      <trkpt lat="48.586251586675644" lon="-123.40114938095212">
        <ele>0</ele>
      </trkpt>
      <trkpt lat="48.586484519764781" lon="-123.40115516446531">
        <ele>0</ele>
      </trkpt>
      <trkpt lat="48.586676800623536" lon="-123.40114762075245">
        <ele>0</ele>
      </trkpt>
      <trkpt lat="48.586830524727702" lon="-123.40113471262157">
        <ele>0</ele>
      </trkpt>
      <trkpt lat="48.586946362629533" lon="-123.40115021914244">
        <ele>0</ele>
      </trkpt>
      <trkpt lat="48.586994558572769" lon="-123.40114963240921">
        <ele>0</ele>
      </trkpt>
      <trkpt lat="48.587037473917007" lon="-123.40113286860287">
        <ele>0</ele>
      </trkpt>
      <trkpt lat="48.58708256855607" lon="-123.401098838076">
        <ele>0</ele>
      </trkpt>
      <trkpt lat="48.587112994864583" lon="-123.40108123607934">
        <ele>0</ele>
      </trkpt>
      <trkpt lat="48.587364703416824" lon="-123.40103580616415">
        <ele>0</ele>
      </trkpt>
      <trkpt lat="48.587562432512641" lon="-123.40099632740021">
        <ele>0</ele>
      </trkpt>
      <trkpt lat="48.587756725028157" lon="-123.4009500592947">
        <ele>0</ele>
      </trkpt>
      <trkpt lat="48.587995022535324" lon="-123.4009209740907">
        <ele>0</ele>
      </trkpt>
      <trkpt lat="48.588088396936655" lon="-123.40082977898419">
        <ele>0</ele>
      </trkpt>
      <trkpt lat="48.588169701397419" lon="-123.4008017834276">
        <ele>0</ele>
      </trkpt>
      <trkpt lat="48.588422667235136" lon="-123.40073246508837">
        <ele>0</ele>
      </trkpt>
      <trkpt lat="48.588783508166671" lon="-123.40056482702494">
        <ele>0</ele>
      </trkpt>
      <trkpt lat="48.589182989671826" lon="-123.40038101188838">
        <ele>0</ele>
      </trkpt>
      <trkpt lat="48.589600659906864" lon="-123.4001783374697">
        <ele>0</ele>
      </trkpt>
      <trkpt lat="48.589871814474463" lon="-123.40004162862897">
        <ele>0</ele>
      </trkpt>
      <trkpt lat="48.59001430682838" lon="-123.3999642636627">
        <ele>0</ele>
      </trkpt>
      <trkpt lat="48.59008370898664" lon="-123.39989251457155">
        <ele>0</ele>
      </trkpt>
      <trkpt lat="48.590230727568269" lon="-123.39982328005135">
        <ele>0</ele>
      </trkpt>
      <trkpt lat="48.590386128053069" lon="-123.39973912574351">
        <ele>0</ele>
      </trkpt>
      <trkpt lat="48.590504815801978" lon="-123.39968145824969">
        <ele>0</ele>
      </trkpt>
      <trkpt lat="48.59072333201766" lon="-123.39960308745503">
        <ele>0</ele>
      </trkpt>
      <trkpt lat="48.590909410268068" lon="-123.3994927816093">
        <ele>0</ele>
      </trkpt>
      <trkpt lat="48.591118203476071" lon="-123.39938373304904">
        <ele>0</ele>
      </trkpt>
      <trkpt lat="48.591329762712121" lon="-123.39926906861365">
        <ele>0</ele>
      </trkpt>
      <trkpt lat="48.591436967253685" lon="-123.39921190403402">
        <ele>0</ele>
      </trkpt>
      <trkpt lat="48.591549871489406" lon="-123.39908667840064">
        <ele>0</ele>
      </trkpt>
      <trkpt lat="48.591663194820285" lon="-123.39898006059229">
        <ele>0</ele>
      </trkpt>
      <trkpt lat="48.592063179239631" lon="-123.39863246306777">
        <ele>0</ele>
      </trkpt>
      <trkpt lat="48.592154206708074" lon="-123.39858753606677">
        <ele>0</ele>
      </trkpt>
      <trkpt lat="48.592232828959823" lon="-123.39857672341168">
        <ele>0</ele>
      </trkpt>
      <trkpt lat="48.59234849922359" lon="-123.39861209504306">
        <ele>0</ele>
      </trkpt>
      <trkpt lat="48.59243500046432" lon="-123.39863288216293">
        <ele>0</ele>
      </trkpt>
      <trkpt lat="48.59249266795814" lon="-123.39863288216293">
        <ele>0</ele>
      </trkpt>
      <trkpt lat="48.59254103153944" lon="-123.39860773645341">
        <ele>0</ele>
      </trkpt>
      <trkpt lat="48.59263876453042" lon="-123.39852442033589">
        <ele>0</ele>
      </trkpt>
      <trkpt lat="48.593145115301013" lon="-123.39807691052556">
        <ele>0</ele>
      </trkpt>
      <trkpt lat="48.59343278221786" lon="-123.39782319031656">
        <ele>0</ele>
      </trkpt>
      <trkpt lat="48.593832766637206" lon="-123.39750601910055">
        <ele>0</ele>
      </trkpt>
      <trkpt lat="48.59387987293303" lon="-123.39746033772826">
        <ele>0</ele>
      </trkpt>
      <trkpt lat="48.593936031684279" lon="-123.39739051647484">
        <ele>0</ele>
      </trkpt>
      <trkpt lat="48.59397366642952" lon="-123.39733963832259">
        <ele>0</ele>
      </trkpt>
      <trkpt lat="48.593992525711656" lon="-123.39731466025114">
        <ele>0</ele>
      </trkpt>
      <trkpt lat="48.594007026404142" lon="-123.39728021062911">
        <ele>0</ele>
      </trkpt>
      <trkpt lat="48.594014486297965" lon="-123.39714702218771">
        <ele>0</ele>
      </trkpt>
      <trkpt lat="48.594020437449217" lon="-123.39679347351193">
        <ele>0</ele>
      </trkpt>
      <trkpt lat="48.594049271196127" lon="-123.39670781046152">
        <ele>0</ele>
      </trkpt>
      <trkpt lat="48.594158990308642" lon="-123.39661041274667">
        <ele>0</ele>
      </trkpt>
      <trkpt lat="48.594156727194786" lon="-123.39637848548591">
        <ele>0</ele>
      </trkpt>
      <trkpt lat="48.594156559556723" lon="-123.39609676972032">
        <ele>0</ele>
      </trkpt>
      <trkpt lat="48.594156559556723" lon="-123.39601303450763">
        <ele>0</ele>
      </trkpt>
      <trkpt lat="48.594158990308642" lon="-123.39540249668062">
        <ele>0</ele>
      </trkpt>
      <trkpt lat="48.59416083432734" lon="-123.39479547925293">
        <ele>0</ele>
      </trkpt>
      <trkpt lat="48.594161169603467" lon="-123.39465667493641">
        <ele>0</ele>
      </trkpt>
      <trkpt lat="48.594270218163729" lon="-123.39465751312673">
        <ele>0</ele>
      </trkpt>
      <trkpt lat="48.594302572309971" lon="-123.39465818367898">
        <ele>0</ele>
      </trkpt>
      <trkpt lat="48.595327762886882" lon="-123.39465416036546">
        <ele>0</ele>
      </trkpt>
      <trkpt lat="48.595336731523275" lon="-123.39465642347932">
        <ele>0</ele>
      </trkpt>
      <trkpt lat="48.596827033907175" lon="-123.39466413483024">
        <ele>0</ele>
      </trkpt>
      <trkpt lat="48.597410582005978" lon="-123.39466706849635">
        <ele>0</ele>
      </trkpt>
      <trkpt lat="48.59890197403729" lon="-123.39467477984726">
        <ele>0</ele>
      </trkpt>
      <trkpt lat="48.599197771400213" lon="-123.39468659833074">
        <ele>0</ele>
      </trkpt>
      <trkpt lat="48.59942190349102" lon="-123.39474812150002">
        <ele>0</ele>
      </trkpt>
      <trkpt lat="48.59957680106163" lon="-123.39482481591403">
        <ele>0</ele>
      </trkpt>
      <trkpt lat="48.599710995331407" lon="-123.39491441845894">
        <ele>0</ele>
      </trkpt>
      <trkpt lat="48.599860779941082" lon="-123.39504341594875">
        <ele>0</ele>
      </trkpt>
      <trkpt lat="48.599962117150426" lon="-123.39514760300517">
        <ele>0</ele>
      </trkpt>
      <trkpt lat="48.600232684984803" lon="-123.39542152360082">
        <ele>0</ele>
      </trkpt>
      <trkpt lat="48.600334692746401" lon="-123.39552537538111">
        <ele>0</ele>
      </trkpt>
      <trkpt lat="48.600691929459572" lon="-123.39589082635939">
        <ele>0</ele>
      </trkpt>
      <trkpt lat="48.600849006325006" lon="-123.39602996595204">
        <ele>0</ele>
      </trkpt>
      <trkpt lat="48.601001724600792" lon="-123.39612979441881">
        <ele>0</ele>
      </trkpt>
      <trkpt lat="48.601155029609799" lon="-123.39619207195938">
        <ele>0</ele>
      </trkpt>
      <trkpt lat="48.60129383392632" lon="-123.39620950631797">
        <ele>0</ele>
      </trkpt>
      <trkpt lat="48.601440014317632" lon="-123.39620556682348">
        <ele>0</ele>
      </trkpt>
      <trkpt lat="48.601752491667867" lon="-123.39618980884552">
        <ele>0</ele>
      </trkpt>
      <trkpt lat="48.601966397836804" lon="-123.39617899619043">
        <ele>0</ele>
      </trkpt>
      <trkpt lat="48.602724624797702" lon="-123.39614069089293">
        <ele>0</ele>
      </trkpt>
      <trkpt lat="48.603842938318849" lon="-123.39606927707791">
        <ele>0</ele>
      </trkpt>
      <trkpt lat="48.604314839467406" lon="-123.39604513719678">
        <ele>0</ele>
      </trkpt>
      <trkpt lat="48.604790763929486" lon="-123.39602468535304">
        <ele>0</ele>
      </trkpt>
      <trkpt lat="48.605181276798248" lon="-123.39603239670396">
        <ele>0</ele>
      </trkpt>
      <trkpt lat="48.605506075546145" lon="-123.39607967063785">
        <ele>0</ele>
      </trkpt>
      <trkpt lat="48.605739595368505" lon="-123.39613046497107">
        <ele>0</ele>
      </trkpt>
      <trkpt lat="48.60590890981257" lon="-123.39617916382849">
        <ele>0</ele>
      </trkpt>
      <trkpt lat="48.606163216754794" lon="-123.39627371169627">
        <ele>0</ele>
      </trkpt>
      <trkpt lat="48.606356419622898" lon="-123.39635912328959">
        <ele>0</ele>
      </trkpt>
      <trkpt lat="48.606565296649933" lon="-123.39646046049893">
        <ele>0</ele>
      </trkpt>
      <trkpt lat="48.606802839785814" lon="-123.39659029617906">
        <ele>0</ele>
      </trkpt>
      <trkpt lat="48.606989588588476" lon="-123.39671099558473">
        <ele>0</ele>
      </trkpt>
      <trkpt lat="48.60722335986793" lon="-123.39688072912395">
        <ele>0</ele>
      </trkpt>
      <trkpt lat="48.607452185824513" lon="-123.39705540798604">
        <ele>0</ele>
      </trkpt>
      <trkpt lat="48.607740607112646" lon="-123.39728331193328">
        <ele>0</ele>
      </trkpt>
      <trkpt lat="48.608008828014135" lon="-123.39749629609287">
        <ele>0</ele>
      </trkpt>
      <trkpt lat="48.608702262863517" lon="-123.39803625829518">
        <ele>0</ele>
      </trkpt>
      <trkpt lat="48.609522096812725" lon="-123.39868216775358">
        <ele>0</ele>
      </trkpt>
      <trkpt lat="48.609909173101187" lon="-123.39898282662034">
        <ele>0</ele>
      </trkpt>
      <trkpt lat="48.610486686229706" lon="-123.3994357008487">
        <ele>0</ele>
      </trkpt>
      <trkpt lat="48.611108707264066" lon="-123.39992294088006">
        <ele>0</ele>
      </trkpt>
      <trkpt lat="48.611373407766223" lon="-123.40011656284332">
        <ele>0</ele>
      </trkpt>
      <trkpt lat="48.611495615914464" lon="-123.40016710571945">
        <ele>0</ele>
      </trkpt>
      <trkpt lat="48.611621679738164" lon="-123.40018269605935">
        <ele>0</ele>
      </trkpt>
      <trkpt lat="48.611752772703767" lon="-123.40015679597855">
        <ele>0</ele>
      </trkpt>
      <trkpt lat="48.611881183460355" lon="-123.4000935126096">
        <ele>0</ele>
      </trkpt>
      <trkpt lat="48.612102717161179" lon="-123.39998362585902">
        <ele>0</ele>
      </trkpt>
      <trkpt lat="48.612209670245647" lon="-123.39993400499225">
        <ele>0</ele>
      </trkpt>
      <trkpt lat="48.612291226163507" lon="-123.3999172411859">
        <ele>0</ele>
      </trkpt>
      <trkpt lat="48.612388875335455" lon="-123.39991732500494">
        <ele>0</ele>
      </trkpt>
      <trkpt lat="48.6125005222857" lon="-123.39994791895151">
        <ele>0</ele>
      </trkpt>
      <trkpt lat="48.612599177286029" lon="-123.39999686926603">
        <ele>0</ele>
      </trkpt>
      <trkpt lat="48.612697329372168" lon="-123.40006819926202">
        <ele>0</ele>
      </trkpt>
      <trkpt lat="48.612834038212895" lon="-123.40017381124198">
        <ele>0</ele>
      </trkpt>
      <trkpt lat="48.613118100911379" lon="-123.40039710514247">
        <ele>0</ele>
      </trkpt>
      <trkpt lat="48.613464273512363" lon="-123.40066733770072">
        <ele>0</ele>
      </trkpt>
      <trkpt lat="48.613691003993154" lon="-123.40084344148636">
        <ele>0</ele>
      </trkpt>
      <trkpt lat="48.613908514380455" lon="-123.40101309120655">
        <ele>0</ele>
      </trkpt>
      <trkpt lat="48.614164413884282" lon="-123.40121543034911">
        <ele>0</ele>
      </trkpt>
      <trkpt lat="48.6144017893821" lon="-123.40140083804727">
        <ele>0</ele>
      </trkpt>
      <trkpt lat="48.614731281995773" lon="-123.40165816247463">
        <ele>0</ele>
      </trkpt>
      <trkpt lat="48.614961197599769" lon="-123.40183820575476">
        <ele>0</ele>
      </trkpt>
      <trkpt lat="48.61543913371861" lon="-123.40221296064556">
        <ele>0</ele>
      </trkpt>
      <trkpt lat="48.615729315206409" lon="-123.40243893675506">
        <ele>0</ele>
      </trkpt>
      <trkpt lat="48.616037685424089" lon="-123.40267991647124">
        <ele>0</ele>
      </trkpt>
      <trkpt lat="48.616646714508533" lon="-123.40315651148558">
        <ele>0</ele>
      </trkpt>
      <trkpt lat="48.617023061960936" lon="-123.40345289558172">
        <ele>0</ele>
      </trkpt>
      <trkpt lat="48.617282565683126" lon="-123.40365347452462">
        <ele>0</ele>
      </trkpt>
      <trkpt lat="48.617533938959241" lon="-123.40385070070624">
        <ele>0</ele>
      </trkpt>
      <trkpt lat="48.617862928658724" lon="-123.40410953387618">
        <ele>0</ele>
      </trkpt>
      <trkpt lat="48.61801078543067" lon="-123.40422419831157">
        <ele>0</ele>
      </trkpt>
      <trkpt lat="48.618127796798944" lon="-123.40431882999837">
        <ele>0</ele>
      </trkpt>
      <trkpt lat="48.618464162573218" lon="-123.40457892045379">
        <ele>0</ele>
      </trkpt>
      <trkpt lat="48.618775382637978" lon="-123.40482551604509">
        <ele>0</ele>
      </trkpt>
      <trkpt lat="48.619141168892384" lon="-123.4051101654768">
        <ele>0</ele>
      </trkpt>
      <trkpt lat="48.619260108098388" lon="-123.40520429424942">
        <ele>0</ele>
      </trkpt>
      <trkpt lat="48.619502428919077" lon="-123.40539380908012">
        <ele>0</ele>
      </trkpt>
      <trkpt lat="48.619810715317726" lon="-123.40563428588212">
        <ele>0</ele>
      </trkpt>
      <trkpt lat="48.620100393891335" lon="-123.40586269274354">
        <ele>0</ele>
      </trkpt>
      <trkpt lat="48.620621329173446" lon="-123.40627013705671">
        <ele>0</ele>
      </trkpt>
      <trkpt lat="48.621049812063575" lon="-123.40660491026938">
        <ele>0</ele>
      </trkpt>
      <trkpt lat="48.621159866452217" lon="-123.40669577009976">
        <ele>0</ele>
      </trkpt>
      <trkpt lat="48.621350387111306" lon="-123.40683029964566">
        <ele>0</ele>
      </trkpt>
      <trkpt lat="48.621455663815141" lon="-123.40690121054649">
        <ele>0</ele>
      </trkpt>
      <trkpt lat="48.621577536687255" lon="-123.40698427520692">
        <ele>0</ele>
      </trkpt>
      <trkpt lat="48.621743833646178" lon="-123.40708862990141">
        <ele>0</ele>
      </trkpt>
      <trkpt lat="48.621943239122629" lon="-123.40720279142261">
        <ele>0</ele>
      </trkpt>
      <trkpt lat="48.622448332607746" lon="-123.40746606700122">
        <ele>0</ele>
      </trkpt>
      <trkpt lat="48.622583029791713" lon="-123.40753613971174">
        <ele>0</ele>
      </trkpt>
      <trkpt lat="48.622962478548288" lon="-123.40772833675146">
        <ele>0</ele>
      </trkpt>
      <trkpt lat="48.6231570225209" lon="-123.40782741084695">
        <ele>0</ele>
      </trkpt>
      <trkpt lat="48.623678460717201" lon="-123.40809185989201">
        <ele>0</ele>
      </trkpt>
      <trkpt lat="48.624078361317515" lon="-123.40829470194876">
        <ele>0</ele>
      </trkpt>
      <trkpt lat="48.624174585565925" lon="-123.40835345908999">
        <ele>0</ele>
      </trkpt>
      <trkpt lat="48.624254213646054" lon="-123.40841967612505">
        <ele>0</ele>
      </trkpt>
      <trkpt lat="48.624314730986953" lon="-123.40848161838949">
        <ele>0</ele>
      </trkpt>
      <trkpt lat="48.624365106225014" lon="-123.40855076909065">
        <ele>0</ele>
      </trkpt>
      <trkpt lat="48.624399472028017" lon="-123.40860407799482">
        <ele>0</ele>
      </trkpt>
      <trkpt lat="48.624427216127515" lon="-123.40865747071803">
        <ele>0</ele>
      </trkpt>
      <trkpt lat="48.624477172270417" lon="-123.40877314098179">
        <ele>0</ele>
      </trkpt>
      <trkpt lat="48.624525368213654" lon="-123.40895117260516">
        <ele>0</ele>
      </trkpt>
      <trkpt lat="48.624612875282764" lon="-123.40932307764888">
        <ele>0</ele>
      </trkpt>
      <trkpt lat="48.624655958265066" lon="-123.40943531133235">
        <ele>0</ele>
      </trkpt>
      <trkpt lat="48.624722510576248" lon="-123.40955483727157">
        <ele>0</ele>
      </trkpt>
      <trkpt lat="48.624801635742188" lon="-123.40966422110796">
        <ele>0</ele>
      </trkpt>
      <trkpt lat="48.624893333762884" lon="-123.40975223109126">
        <ele>0</ele>
      </trkpt>
      <trkpt lat="48.625043788924813" lon="-123.40985876508057">
        <ele>0</ele>
      </trkpt>
      <trkpt lat="48.625412341207266" lon="-123.41008340008557">
        <ele>0</ele>
      </trkpt>
      <trkpt lat="48.625805033370852" lon="-123.4102835599333">
        <ele>0</ele>
      </trkpt>
      <trkpt lat="48.626268887892365" lon="-123.41047097928822">
        <ele>0</ele>
      </trkpt>
      <trkpt lat="48.626467371359468" lon="-123.41054189018905">
        <ele>0</ele>
      </trkpt>
      <trkpt lat="48.626648839563131" lon="-123.41060902923346">
        <ele>0</ele>
      </trkpt>
      <trkpt lat="48.6269043199718" lon="-123.41070542111993">
        <ele>0</ele>
      </trkpt>
      <trkpt lat="48.627163823693991" lon="-123.41080415993929">
        <ele>0</ele>
      </trkpt>
      <trkpt lat="48.627399103716016" lon="-123.41090608388186">
        <ele>0</ele>
      </trkpt>
      <trkpt lat="48.627753825858235" lon="-123.41105327010155">
        <ele>0</ele>
      </trkpt>
      <trkpt lat="48.627871423959732" lon="-123.41110263951123">
        <ele>0</ele>
      </trkpt>
      <trkpt lat="48.628104440867901" lon="-123.41120288707316">
        <ele>0</ele>
      </trkpt>
      <trkpt lat="48.628307031467557" lon="-123.41128310188651">
        <ele>0</ele>
      </trkpt>
      <trkpt lat="48.62839856185019" lon="-123.41130372136831">
        <ele>0</ele>
      </trkpt>
      <trkpt lat="48.628487074747682" lon="-123.41131076216698">
        <ele>0</ele>
      </trkpt>
      <trkpt lat="48.628492103889585" lon="-123.41119710355997">
        <ele>0</ele>
      </trkpt>
      <trkpt lat="48.628503838554025" lon="-123.41111579909921">
        <ele>0</ele>
      </trkpt>
      <trkpt lat="48.628540970385075" lon="-123.41106047853827">
        <ele>0</ele>
      </trkpt>
      <trkpt lat="48.628575000911951" lon="-123.4110433794558">
        <ele>0</ele>
      </trkpt>
      <trkpt lat="48.628832492977381" lon="-123.41100540943444">
        <ele>0</ele>
      </trkpt>
      <trkpt lat="48.629272878170013" lon="-123.41091052629054">
        <ele>0</ele>
      </trkpt>
      <trkpt lat="48.629587786272168" lon="-123.41081153601408">
        <ele>0</ele>
      </trkpt>
      <trkpt lat="48.629914931952953" lon="-123.41070701368153">
        <ele>0</ele>
      </trkpt>
      <trkpt lat="48.630333859473467" lon="-123.41057566925883">
        <ele>0</ele>
      </trkpt>
      <trkpt lat="48.630944481119514" lon="-123.41038246639073">
        <ele>0</ele>
      </trkpt>
      <trkpt lat="48.630990078672767" lon="-123.41037718579173">
        <ele>0</ele>
      </trkpt>
      <trkpt lat="48.63103081472218" lon="-123.41041339561343">
        <ele>0</ele>
      </trkpt>
      <trkpt lat="48.631085129454732" lon="-123.41046477667987">
        <ele>0</ele>
      </trkpt>
      <trkpt lat="48.631135420873761" lon="-123.41041917912662">
        <ele>0</ele>
      </trkpt>
      <trkpt lat="48.631245559081435" lon="-123.41031926684082">
        <ele>0</ele>
      </trkpt>
      <trkpt lat="48.631458291783929" lon="-123.41016814112663">
        <ele>0</ele>
      </trkpt>
      <trkpt lat="48.631539596244693" lon="-123.41012723743916">
        <ele>0</ele>
      </trkpt>
      <trkpt lat="48.631646800786257" lon="-123.4100678935647">
        <ele>0</ele>
      </trkpt>
      <trkpt lat="48.63192155957222" lon="-123.40988617390394">
        <ele>0</ele>
      </trkpt>
      <trkpt lat="48.632066063582897" lon="-123.40976907871664">
        <ele>0</ele>
      </trkpt>
      <trkpt lat="48.632160276174545" lon="-123.40969280339777">
        <ele>0</ele>
      </trkpt>
      <trkpt lat="48.632311318069696" lon="-123.4095535799861">
        <ele>0</ele>
      </trkpt>
      <trkpt lat="48.632510220631957" lon="-123.40934931300581">
        <ele>0</ele>
      </trkpt>
      <trkpt lat="48.633061330765486" lon="-123.40875176712871">
        <ele>0</ele>
      </trkpt>
      <trkpt lat="48.633381184190512" lon="-123.40837391093373">
        <ele>0</ele>
      </trkpt>
      <trkpt lat="48.633539183065295" lon="-123.4081251360476">
        <ele>0</ele>
      </trkpt>
      <trkpt lat="48.633638089522719" lon="-123.40795012190938">
        <ele>0</ele>
      </trkpt>
      <trkpt lat="48.633731380105019" lon="-123.40777820907533">
        <ele>0</ele>
      </trkpt>
      <trkpt lat="48.633930115029216" lon="-123.40744318440557">
        <ele>0</ele>
      </trkpt>
      <trkpt lat="48.634025081992149" lon="-123.40730639174581">
        <ele>0</ele>
      </trkpt>
      <trkpt lat="48.634128933772445" lon="-123.40715727768838">
        <ele>0</ele>
      </trkpt>
      <trkpt lat="48.634213339537382" lon="-123.40705552138388">
        <ele>0</ele>
      </trkpt>
      <trkpt lat="48.634338481351733" lon="-123.40691512450576">
        <ele>0</ele>
      </trkpt>
      <trkpt lat="48.634535120800138" lon="-123.4067162219435">
        <ele>0</ele>
      </trkpt>
      <trkpt lat="48.634807365015149" lon="-123.40644900687039">
        <ele>0</ele>
      </trkpt>
      <trkpt lat="48.635026970878243" lon="-123.40623619034886">
        <ele>0</ele>
      </trkpt>
      <trkpt lat="48.635549833998084" lon="-123.40574978850782">
        <ele>0</ele>
      </trkpt>
      <trkpt lat="48.635874381288886" lon="-123.40544787235558">
        <ele>0</ele>
      </trkpt>
      <trkpt lat="48.635915368795395" lon="-123.40541048906744">
        <ele>0</ele>
      </trkpt>
      <trkpt lat="48.636404871940613" lon="-123.40496297925711">
        <ele>0</ele>
      </trkpt>
      <trkpt lat="48.636657083407044" lon="-123.40473566204309">
        <ele>0</ele>
      </trkpt>
      <trkpt lat="48.637053966522217" lon="-123.404375994578">
        <ele>0</ele>
      </trkpt>
      <trkpt lat="48.637404078617692" lon="-123.40403468348086">
        <ele>0</ele>
      </trkpt>
      <trkpt lat="48.637445904314518" lon="-123.40399386361241">
        <ele>0</ele>
      </trkpt>
      <trkpt lat="48.638081923127174" lon="-123.4033606108278">
        <ele>0</ele>
      </trkpt>
      <trkpt lat="48.638723641633987" lon="-123.40271738357842">
        <ele>0</ele>
      </trkpt>
      <trkpt lat="48.639483796432614" lon="-123.40195219963789">
        <ele>0</ele>
      </trkpt>
      <trkpt lat="48.639697870239615" lon="-123.40174516662955">
        <ele>0</ele>
      </trkpt>
      <trkpt lat="48.639783365651965" lon="-123.40166252106428">
        <ele>0</ele>
      </trkpt>
      <trkpt lat="48.639830220490694" lon="-123.40161826461554">
        <ele>0</ele>
      </trkpt>
      <trkpt lat="48.640061225742102" lon="-123.40140016749501">
        <ele>0</ele>
      </trkpt>
      <trkpt lat="48.640230037271976" lon="-123.40123906731606">
        <ele>0</ele>
      </trkpt>
      <trkpt lat="48.640304300934076" lon="-123.4011691622436">
        <ele>0</ele>
      </trkpt>
      <trkpt lat="48.640849376097322" lon="-123.40065610595047">
        <ele>0</ele>
      </trkpt>
      <trkpt lat="48.641013829037547" lon="-123.40052559971809">
        <ele>0</ele>
      </trkpt>
      <trkpt lat="48.641173169016838" lon="-123.40043792501092">
        <ele>0</ele>
      </trkpt>
      <trkpt lat="48.641166714951396" lon="-123.40044127777219">
        <ele>0</ele>
      </trkpt>
      <trkpt lat="48.641292275860906" lon="-123.40037883259356">
        <ele>0</ele>
      </trkpt>
      <trkpt lat="48.641442395746708" lon="-123.40035201050341">
        <ele>0</ele>
      </trkpt>
      <trkpt lat="48.641437785699964" lon="-123.40035326778889">
        <ele>0</ele>
      </trkpt>
      <trkpt lat="48.641561167314649" lon="-123.40034161694348">
        <ele>0</ele>
      </trkpt>
      <trkpt lat="48.64230539649725" lon="-123.40032921172678">
        <ele>0</ele>
      </trkpt>
      <trkpt lat="48.64240363240242" lon="-123.40032761916518">
        <ele>0</ele>
      </trkpt>
      <trkpt lat="48.642840664833784" lon="-123.40032761916518">
        <ele>0</ele>
      </trkpt>
      <trkpt lat="48.643472408875823" lon="-123.40031923726201">
        <ele>0</ele>
      </trkpt>
      <trkpt lat="48.643543235957623" lon="-123.40031831525266">
        <ele>0</ele>
      </trkpt>
      <trkpt lat="48.643670389428735" lon="-123.40031672269106">
        <ele>0</ele>
      </trkpt>
      <trkpt lat="48.643769463524222" lon="-123.40031261555851">
        <ele>0</ele>
      </trkpt>
      <trkpt lat="48.64395503886044" lon="-123.4003078378737">
        <ele>0</ele>
      </trkpt>
      <trkpt lat="48.644042126834393" lon="-123.40026483871043">
        <ele>0</ele>
      </trkpt>
      <trkpt lat="48.64413483068347" lon="-123.40025612153113">
        <ele>0</ele>
      </trkpt>
      <trkpt lat="48.644196018576622" lon="-123.40023726224899">
        <ele>0</ele>
      </trkpt>
      <trkpt lat="48.64426483400166" lon="-123.40018730610609">
        <ele>0</ele>
      </trkpt>
      <trkpt lat="48.6442955955863" lon="-123.40012343600392">
        <ele>0</ele>
      </trkpt>
      <trkpt lat="48.644339768216014" lon="-123.40008135885">
        <ele>0</ele>
      </trkpt>
      <trkpt lat="48.644406907260418" lon="-123.40006886981428">
        <ele>0</ele>
      </trkpt>
      <trkpt lat="48.644469939172268" lon="-123.40010608546436">
        <ele>0</ele>
      </trkpt>
      <trkpt lat="48.644501203671098" lon="-123.40015294030309">
        <ele>0</ele>
      </trkpt>
      <trkpt lat="48.644521068781614" lon="-123.40021220035851">
        <ele>0</ele>
      </trkpt>
      <trkpt lat="48.644527774304152" lon="-123.40027791447937">
        <ele>0</ele>
      </trkpt>
      <trkpt lat="48.644520733505487" lon="-123.40034253895283">
        <ele>0</ele>
      </trkpt>
      <trkpt lat="48.644500700756907" lon="-123.40040054172277">
        <ele>0</ele>
      </trkpt>
      <trkpt lat="48.644469771534204" lon="-123.40044630691409">
        <ele>0</ele>
      </trkpt>
      <trkpt lat="48.644475806504488" lon="-123.40059332549572">
        <ele>0</ele>
      </trkpt>
      <trkpt lat="48.644504137337208" lon="-123.40090622194111">
        <ele>0</ele>
      </trkpt>
      <trkpt lat="48.644510926678777" lon="-123.40099247172475">
        <ele>0</ele>
      </trkpt>
      <trkpt lat="48.644503466784954" lon="-123.40110537596047">
        <ele>0</ele>
      </trkpt>
      <trkpt lat="48.644504472613335" lon="-123.40153151191771">
        <ele>0</ele>
      </trkpt>
      <trkpt lat="48.644504137337208" lon="-123.40160728432238">
        <ele>0</ele>
      </trkpt>
      <trkpt lat="48.644500868394971" lon="-123.40216644108295">
        <ele>0</ele>
      </trkpt>
      <trkpt lat="48.644500700756907" lon="-123.40219711884856">
        <ele>0</ele>
      </trkpt>
      <trkpt lat="48.644498102366924" lon="-123.40280078351498">
        <ele>0</ele>
      </trkpt>
      <trkpt lat="48.644500030204654" lon="-123.40281000360847">
        <ele>0</ele>
      </trkpt>
      <trkpt lat="48.645639969035983" lon="-123.40283003635705">
        <ele>0</ele>
      </trkpt>
      <trkpt lat="48.645639969035983" lon="-123.40343998745084">
        <ele>0</ele>
      </trkpt>
      <trkpt lat="48.645639969035983" lon="-123.40409997850657">
        <ele>0</ele>
      </trkpt>
      <trkpt lat="48.645699983462691" lon="-123.40409000404179">
        <ele>0</ele>
      </trkpt>
      <trkpt lat="48.645697720348835" lon="-123.40408556163311">
        <ele>0</ele>
      </trkpt>
      <trkpt lat="48.64569503813982" lon="-123.4049307089299">
        <ele>0</ele>
      </trkpt>
      <trkpt lat="48.645728398114443" lon="-123.4049338940531">
        <ele>0</ele>
      </trkpt>
      <trkpt lat="48.645981699228287" lon="-123.40497412718832">
        <ele>0</ele>
      </trkpt>
      <trkpt lat="48.64619879052043" lon="-123.40503539890051">
        <ele>0</ele>
      </trkpt>
      <trkpt lat="48.646458713337779" lon="-123.40512516908348">
        <ele>0</ele>
      </trkpt>
      <trkpt lat="48.64676071330905" lon="-123.40526363812387">
        <ele>0</ele>
      </trkpt>
      <trkpt lat="48.647066066041589" lon="-123.40540872886777">
        <ele>0</ele>
      </trkpt>
      <trkpt lat="48.647337136790156" lon="-123.40559078380466">
        <ele>0</ele>
      </trkpt>
      <trkpt lat="48.647871064022183" lon="-123.40596151538193">
        <ele>0</ele>
      </trkpt>
      <trkpt lat="48.648451091721654" lon="-123.40636610984802">
        <ele>0</ele>
      </trkpt>
      <trkpt lat="48.648494509980083" lon="-123.40642008930445">
        <ele>0</ele>
      </trkpt>
      <trkpt lat="48.648515129461884" lon="-123.4064775891602">
        <ele>0</ele>
      </trkpt>
      <trkpt lat="48.648537173867226" lon="-123.40655470266938">
        <ele>0</ele>
      </trkpt>
      <trkpt lat="48.648554608225822" lon="-123.40661563910544">
        <ele>0</ele>
      </trkpt>
      <trkpt lat="48.648791564628482" lon="-123.40680456720293">
        <ele>0</ele>
      </trkpt>
      <trkpt lat="48.64884621463716" lon="-123.40684345923364">
        <ele>0</ele>
      </trkpt>
      <trkpt lat="48.648958532139659" lon="-123.40692384168506">
        <ele>0</ele>
      </trkpt>
      <trkpt lat="48.649005638435483" lon="-123.40695627965033">
        <ele>0</ele>
      </trkpt>
      <trkpt lat="48.649049140512943" lon="-123.40690540149808">
        <ele>0</ele>
      </trkpt>
      <trkpt lat="48.649081997573376" lon="-123.40687086805701">
        <ele>0</ele>
      </trkpt>
      <trkpt lat="48.649161709472537" lon="-123.40694127604365">
        <ele>0</ele>
      </trkpt>
      <trkpt lat="48.649315433576703" lon="-123.40705669485033">
        <ele>0</ele>
      </trkpt>
      <trkpt lat="48.649595221504569" lon="-123.4072426892817">
        <ele>0</ele>
      </trkpt>
      <trkpt lat="48.649648195132613" lon="-123.40726632624865">
        <ele>0</ele>
      </trkpt>
      <trkpt lat="48.649747520685196" lon="-123.40729147195816">
        <ele>0</ele>
      </trkpt>
      <trkpt lat="48.64980242215097" lon="-123.40731577947736">
        <ele>0</ele>
      </trkpt>
      <trkpt lat="48.649907531216741" lon="-123.4073896240443">
        <ele>0</ele>
      </trkpt>
      <trkpt lat="48.650283962488174" lon="-123.40767947025597">
        <ele>0</ele>
      </trkpt>
      <trkpt lat="48.650473728775978" lon="-123.40783311054111">
        <ele>0</ele>
      </trkpt>
      <trkpt lat="48.650879580527544" lon="-123.40816109441221">
        <ele>0</ele>
      </trkpt>
      <trkpt lat="48.65128199569881" lon="-123.40848153457046">
        <ele>0</ele>
      </trkpt>
      <trkpt lat="48.651506379246712" lon="-123.40865219011903">
        <ele>0</ele>
      </trkpt>
      <trkpt lat="48.652123706415296" lon="-123.40909961611032">
        <ele>0</ele>
      </trkpt>
      <trkpt lat="48.652559565380216" lon="-123.40941276401281">
        <ele>0</ele>
      </trkpt>
      <trkpt lat="48.65299416705966" lon="-123.40972700156271">
        <ele>0</ele>
      </trkpt>
      <trkpt lat="48.653173204511404" lon="-123.40985507704318">
        <ele>0</ele>
      </trkpt>
      <trkpt lat="48.653680728748441" lon="-123.41021843254566">
        <ele>0</ele>
      </trkpt>
      <trkpt lat="48.654408110305667" lon="-123.41074146330357">
        <ele>0</ele>
      </trkpt>
      <trkpt lat="48.654683623462915" lon="-123.41093969531357">
        <ele>0</ele>
      </trkpt>
      <trkpt lat="48.655231464654207" lon="-123.41133330948651">
        <ele>0</ele>
      </trkpt>
      <trkpt lat="48.655661372467875" lon="-123.41164218261838">
        <ele>0</ele>
      </trkpt>
      <trkpt lat="48.656108295544982" lon="-123.41196371242404">
        <ele>0</ele>
      </trkpt>
      <trkpt lat="48.657101131975651" lon="-123.41267801821232">
        <ele>0</ele>
      </trkpt>
      <trkpt lat="48.658391861245036" lon="-123.41360656544566">
        <ele>0</ele>
      </trkpt>
      <trkpt lat="48.65866519510746" lon="-123.41380152851343">
        <ele>0</ele>
      </trkpt>
      <trkpt lat="48.659883001819253" lon="-123.41466980986297">
        <ele>0</ele>
      </trkpt>
      <trkpt lat="48.660872485488653" lon="-123.41537531465292">
        <ele>0</ele>
      </trkpt>
      <trkpt lat="48.661057641729712" lon="-123.41550280340016">
        <ele>0</ele>
      </trkpt>
      <trkpt lat="48.661263668909669" lon="-123.41564470902085">
        <ele>0</ele>
      </trkpt>
      <trkpt lat="48.661651080474257" lon="-123.41588820330799">
        <ele>0</ele>
      </trkpt>
      <trkpt lat="48.662047879770398" lon="-123.41613337397575">
        <ele>0</ele>
      </trkpt>
      <trkpt lat="48.662337893620133" lon="-123.41630327515304">
        <ele>0</ele>
      </trkpt>
      <trkpt lat="48.662531012669206" lon="-123.41637812554836">
        <ele>0</ele>
      </trkpt>
      <trkpt lat="48.662602761760354" lon="-123.41640394181013">
        <ele>0</ele>
      </trkpt>
      <trkpt lat="48.662713821977377" lon="-123.41657912358642">
        <ele>0</ele>
      </trkpt>
      <trkpt lat="48.662859415635467" lon="-123.41674801893532">
        <ele>0</ele>
      </trkpt>
      <trkpt lat="48.662968799471855" lon="-123.41680543497205">
        <ele>0</ele>
      </trkpt>
      <trkpt lat="48.663286976516247" lon="-123.41680350713432">
        <ele>0</ele>
      </trkpt>
      <trkpt lat="48.663331400603056" lon="-123.41681532561779">
        <ele>0</ele>
      </trkpt>
      <trkpt lat="48.663366185501218" lon="-123.41684223152697">
        <ele>0</ele>
      </trkpt>
      <trkpt lat="48.663430223241448" lon="-123.41693351045251">
        <ele>0</ele>
      </trkpt>
      <trkpt lat="48.663496440276504" lon="-123.41686394065619">
        <ele>0</ele>
      </trkpt>
      <trkpt lat="48.663560478016734" lon="-123.41681742109358">
        <ele>0</ele>
      </trkpt>
      <trkpt lat="48.663639603182673" lon="-123.41678640805185">
        <ele>0</ele>
      </trkpt>
      <trkpt lat="48.663844708353281" lon="-123.41678280383348">
        <ele>0</ele>
      </trkpt>
      <trkpt lat="48.664047215133905" lon="-123.41678230091929">
        <ele>0</ele>
      </trkpt>
      <trkpt lat="48.664252236485481" lon="-123.41678699478507">
        <ele>0</ele>
      </trkpt>
      <trkpt lat="48.664479721337557" lon="-123.41680116020143">
        <ele>0</ele>
      </trkpt>
      <trkpt lat="48.664765292778611" lon="-123.41682446189225">
        <ele>0</ele>
      </trkpt>
      <trkpt lat="48.664998896420002" lon="-123.41683066450059">
        <ele>0</ele>
      </trkpt>
      <trkpt lat="48.665454117581248" lon="-123.41683116741478">
        <ele>0</ele>
      </trkpt>
      <trkpt lat="48.665941776707768" lon="-123.41683007776737">
        <ele>0</ele>
      </trkpt>
      <trkpt lat="48.665998941287398" lon="-123.41682999394834">
        <ele>0</ele>
      </trkpt>
      <trkpt lat="48.666157275438309" lon="-123.41683091595769">
        <ele>0</ele>
      </trkpt>
      <trkpt lat="48.666276885196567" lon="-123.41684851795435">
        <ele>0</ele>
      </trkpt>
      <trkpt lat="48.666860936209559" lon="-123.41698866337538">
        <ele>0</ele>
      </trkpt>
      <trkpt lat="48.666872000321746" lon="-123.41699168086052">
        <ele>0</ele>
      </trkpt>
      <trkpt lat="48.667078698053956" lon="-123.41704691760242">
        <ele>0</ele>
      </trkpt>
      <trkpt lat="48.667344069108367" lon="-123.41711766086519">
        <ele>0</ele>
      </trkpt>
      <trkpt lat="48.667620336636901" lon="-123.41719100251794">
        <ele>0</ele>
      </trkpt>
      <trkpt lat="48.667774898931384" lon="-123.41723240911961">
        <ele>0</ele>
      </trkpt>
      <trkpt lat="48.668046807870269" lon="-123.41730382293463">
        <ele>0</ele>
      </trkpt>
      <trkpt lat="48.668653992936015" lon="-123.41746383346617">
        <ele>0</ele>
      </trkpt>
      <trkpt lat="48.668894218280911" lon="-123.4175281226635">
        <ele>0</ele>
      </trkpt>
      <trkpt lat="48.668984575197101" lon="-123.41755209490657">
        <ele>0</ele>
      </trkpt>
      <trkpt lat="48.669402161613107" lon="-123.41766349039972">
        <ele>0</ele>
      </trkpt>
      <trkpt lat="48.669980680570006" lon="-123.41781863942742">
        <ele>0</ele>
      </trkpt>
      <trkpt lat="48.670098278671503" lon="-123.41785443015397">
        <ele>0</ele>
      </trkpt>
      <trkpt lat="48.67017338052392" lon="-123.41789131052792">
        <ele>0</ele>
      </trkpt>
      <trkpt lat="48.670291481539607" lon="-123.41799331828952">
        <ele>0</ele>
      </trkpt>
      <trkpt lat="48.670335402712226" lon="-123.41805903241038">
        <ele>0</ele>
      </trkpt>
      <trkpt lat="48.670375635847449" lon="-123.41813899576664">
        <ele>0</ele>
      </trkpt>
      <trkpt lat="48.670439841225743" lon="-123.41828517615795">
        <ele>0</ele>
      </trkpt>
      <trkpt lat="48.670486528426409" lon="-123.41848877258599">
        <ele>0</ele>
      </trkpt>
      <trkpt lat="48.670609071850777" lon="-123.41910668648779">
        <ele>0</ele>
      </trkpt>
      <trkpt lat="48.670768663287163" lon="-123.41991101391613">
        <ele>0</ele>
      </trkpt>
      <trkpt lat="48.670839825645089" lon="-123.42023581266403">
        <ele>0</ele>
      </trkpt>
      <trkpt lat="48.670886009931564" lon="-123.42037520371377">
        <ele>0</ele>
      </trkpt>
      <trkpt lat="48.671410800889134" lon="-123.42172083444893">
        <ele>0</ele>
      </trkpt>
      <trkpt lat="48.671681368723512" lon="-123.42241552658379">
        <ele>0</ele>
      </trkpt>
      <trkpt lat="48.671771809458733" lon="-123.42262146994472">
        <ele>0</ele>
      </trkpt>
      <trkpt lat="48.671851269900799" lon="-123.42277829535306">
        <ele>0</ele>
      </trkpt>
      <trkpt lat="48.67197297513485" lon="-123.42299303971231">
        <ele>0</ele>
      </trkpt>
      <trkpt lat="48.672186713665724" lon="-123.42329118400812">
        <ele>0</ele>
      </trkpt>
      <trkpt lat="48.67243230342865" lon="-123.42356326058507">
        <ele>0</ele>
      </trkpt>
      <trkpt lat="48.672670517116785" lon="-123.42374112457037">
        <ele>0</ele>
      </trkpt>
      <trkpt lat="48.672879813238978" lon="-123.42386878095567">
        <ele>0</ele>
      </trkpt>
      <trkpt lat="48.673071507364511" lon="-123.42395771294832">
        <ele>0</ele>
      </trkpt>
      <trkpt lat="48.673237385228276" lon="-123.42400532215834">
        <ele>0</ele>
      </trkpt>
      <trkpt lat="48.673442574217916" lon="-123.42403843067586">
        <ele>0</ele>
      </trkpt>
      <trkpt lat="48.673676094040275" lon="-123.42405527830124">
        <ele>0</ele>
      </trkpt>
      <trkpt lat="48.673950601369143" lon="-123.42406751587987">
        <ele>0</ele>
      </trkpt>
      <trkpt lat="48.674140870571136" lon="-123.42407371848822">
        <ele>0</ele>
      </trkpt>
      <trkpt lat="48.674503974616528" lon="-123.42411579564214">
        <ele>0</ele>
      </trkpt>
      <trkpt lat="48.674624841660261" lon="-123.42413197271526">
        <ele>0</ele>
      </trkpt>
      <trkpt lat="48.674802286550403" lon="-123.42416441068053">
        <ele>0</ele>
      </trkpt>
      <trkpt lat="48.674937235191464" lon="-123.42422869987786">
        <ele>0</ele>
      </trkpt>
      <trkpt lat="48.675062209367752" lon="-123.42434302903712">
        <ele>0</ele>
      </trkpt>
      <trkpt lat="48.675179472193122" lon="-123.42448937706649">
        <ele>0</ele>
      </trkpt>
      <trkpt lat="48.675293382257223" lon="-123.42469741590321">
        <ele>0</ele>
      </trkpt>
      <trkpt lat="48.675422631204128" lon="-123.42498709447682">
        <ele>0</ele>
      </trkpt>
      <trkpt lat="48.67553167976439" lon="-123.42522522434592">
        <ele>0</ele>
      </trkpt>
      <trkpt lat="48.67572907358408" lon="-123.42566921375692">
        <ele>0</ele>
      </trkpt>
      <trkpt lat="48.67584390565753" lon="-123.4259294718504">
        <ele>0</ele>
      </trkpt>
      <trkpt lat="48.675916995853186" lon="-123.4258480835706">
        <ele>0</ele>
      </trkpt>
      <trkpt lat="48.676078682765365" lon="-123.4259982034564">
        <ele>0</ele>
      </trkpt>
      <trkpt lat="48.676183121278882" lon="-123.426015637815">
        <ele>0</ele>
      </trkpt>
      <trkpt lat="48.676251769065857" lon="-123.42597741633654">
        <ele>0</ele>
      </trkpt>
      <trkpt lat="48.676319411024451" lon="-123.42590692453086">
        <ele>0</ele>
      </trkpt>
      <trkpt lat="48.676432063803077" lon="-123.42570726759732">
        <ele>0</ele>
      </trkpt>
      <trkpt lat="48.676504567265511" lon="-123.42554298229516">
        <ele>0</ele>
      </trkpt>
      <trkpt lat="48.676596265286207" lon="-123.42524006031454">
        <ele>0</ele>
      </trkpt>
      <trkpt lat="48.676648903638124" lon="-123.42509647831321">
        <ele>0</ele>
      </trkpt>
      <trkpt lat="48.676735488697886" lon="-123.42490847222507">
        <ele>0</ele>
      </trkpt>
      <trkpt lat="48.676811512559652" lon="-123.42475709505379">
        <ele>0</ele>
      </trkpt>
      <trkpt lat="48.676945874467492" lon="-123.4245184622705">
        <ele>0</ele>
      </trkpt>
      <trkpt lat="48.677197583019733" lon="-123.42404706403613">
        <ele>0</ele>
      </trkpt>
      <trkpt lat="48.677216693758965" lon="-123.42399350367486">
        <ele>0</ele>
      </trkpt>
      <trkpt lat="48.677244102582335" lon="-123.42387867160141">
        <ele>0</ele>
      </trkpt>
      <trkpt lat="48.677267320454121" lon="-123.42380139045417">
        <ele>0</ele>
      </trkpt>
      <trkpt lat="48.677301099523902" lon="-123.42372980900109">
        <ele>0</ele>
      </trkpt>
      <trkpt lat="48.677350971847773" lon="-123.42366501688957">
        <ele>0</ele>
      </trkpt>
      <trkpt lat="48.677455577999353" lon="-123.42354046180844">
        <ele>0</ele>
      </trkpt>
      <trkpt lat="48.677508467808366" lon="-123.42346728779376">
        <ele>0</ele>
      </trkpt>
      <trkpt lat="48.677577199414372" lon="-123.4233460854739">
        <ele>0</ele>
      </trkpt>
      <trkpt lat="48.677799990400672" lon="-123.42285356484354">
        <ele>0</ele>
      </trkpt>
      <trkpt lat="48.67798313498497" lon="-123.4224514849484">
        <ele>0</ele>
      </trkpt>
      <trkpt lat="48.678112383931875" lon="-123.42211998067796">
        <ele>0</ele>
      </trkpt>
      <trkpt lat="48.678179439157248" lon="-123.42197530902922">
        <ele>0</ele>
      </trkpt>
      <trkpt lat="48.678355878219008" lon="-123.42161295935512">
        <ele>0</ele>
      </trkpt>
      <trkpt lat="48.67853382602334" lon="-123.42124868184328">
        <ele>0</ele>
      </trkpt>
      <trkpt lat="48.678580680862069" lon="-123.42114659026265">
        <ele>0</ele>
      </trkpt>
      <trkpt lat="48.678602389991283" lon="-123.42108028940856">
        <ele>0</ele>
      </trkpt>
      <trkpt lat="48.67864178493619" lon="-123.42094022780657">
        <ele>0</ele>
      </trkpt>
      <trkpt lat="48.678667936474085" lon="-123.42087426222861">
        <ele>0</ele>
      </trkpt>
      <trkpt lat="48.678706409409642" lon="-123.42079480178654">
        <ele>0</ele>
      </trkpt>
      <trkpt lat="48.678805567324162" lon="-123.420663876459">
        <ele>0</ele>
      </trkpt>
      <trkpt lat="48.678846806287766" lon="-123.42058860696852">
        <ele>0</ele>
      </trkpt>
      <trkpt lat="48.678954681381583" lon="-123.42037931084633">
        <ele>0</ele>
      </trkpt>
      <trkpt lat="48.679024586454034" lon="-123.42023011296988">
        <ele>0</ele>
      </trkpt>
      <trkpt lat="48.679106812924147" lon="-123.42006322927773">
        <ele>0</ele>
      </trkpt>
      <trkpt lat="48.679218292236328" lon="-123.41982627287507">
        <ele>0</ele>
      </trkpt>
      <trkpt lat="48.679336979985237" lon="-123.41958621516824">
        <ele>0</ele>
      </trkpt>
      <trkpt lat="48.679475281387568" lon="-123.41929343529046">
        <ele>0</ele>
      </trkpt>
      <trkpt lat="48.679567398503423" lon="-123.41906343586743">
        <ele>0</ele>
      </trkpt>
      <trkpt lat="48.679637638852" lon="-123.41886352747679">
        <ele>0</ele>
      </trkpt>
      <trkpt lat="48.67969379760325" lon="-123.41871818527579">
        <ele>0</ele>
      </trkpt>
      <trkpt lat="48.679744340479374" lon="-123.41862212866545">
        <ele>0</ele>
      </trkpt>
      <trkpt lat="48.679787088185549" lon="-123.41857527382672">
        <ele>0</ele>
      </trkpt>
      <trkpt lat="48.679826818406582" lon="-123.41854132711887">
        <ele>0</ele>
      </trkpt>
      <trkpt lat="48.679849030449986" lon="-123.41850109398365">
        <ele>0</ele>
      </trkpt>
      <trkpt lat="48.679864872246981" lon="-123.41844459995627">
        <ele>0</ele>
      </trkpt>
      <trkpt lat="48.67986629717052" lon="-123.41838357970119">
        <ele>0</ele>
      </trkpt>
      <trkpt lat="48.679891778156161" lon="-123.41830202378333">
        <ele>0</ele>
      </trkpt>
      <trkpt lat="48.679993031546474" lon="-123.41814318671823">
        <ele>0</ele>
      </trkpt>
      <trkpt lat="48.680086322128773" lon="-123.41799424029887">
        <ele>0</ele>
      </trkpt>
      <trkpt lat="48.680454790592194" lon="-123.4171842969954">
        <ele>0</ele>
      </trkpt>
      <trkpt lat="48.680707588791847" lon="-123.41662220656872">
        <ele>0</ele>
      </trkpt>
      <trkpt lat="48.681012522429228" lon="-123.41606522910297">
        <ele>0</ele>
      </trkpt>
      <trkpt lat="48.681347798556089" lon="-123.41550489887595">
        <ele>0</ele>
      </trkpt>
      <trkpt lat="48.681697240099311" lon="-123.41499209403992">
        <ele>0</ele>
      </trkpt>
      <trkpt lat="48.681955737993121" lon="-123.4145818836987">
        <ele>0</ele>
      </trkpt>
      <trkpt lat="48.682133937254548" lon="-123.41431357897818">
        <ele>0</ele>
      </trkpt>
      <trkpt lat="48.682287661358714" lon="-123.41405449435115">
        <ele>0</ele>
      </trkpt>
      <trkpt lat="48.682371731847525" lon="-123.41381720267236">
        <ele>0</ele>
      </trkpt>
      <trkpt lat="48.68242328055203" lon="-123.4136476367712">
        <ele>0</ele>
      </trkpt>
      <trkpt lat="48.682469883933663" lon="-123.41348066926003">
        <ele>0</ele>
      </trkpt>
      <trkpt lat="48.682486228644848" lon="-123.41334421187639">
        <ele>0</ele>
      </trkpt>
      <trkpt lat="48.682430740445852" lon="-123.41320339590311">
        <ele>0</ele>
      </trkpt>
      <trkpt lat="48.682416575029492" lon="-123.41305637732148">
        <ele>0</ele>
      </trkpt>
      <trkpt lat="48.682310460135341" lon="-123.41239362023771">
        <ele>0</ele>
      </trkpt>
      <trkpt lat="48.682269807904959" lon="-123.41201182454824">
        <ele>0</ele>
      </trkpt>
      <trkpt lat="48.682244326919317" lon="-123.41159876435995">
        <ele>0</ele>
      </trkpt>
      <trkpt lat="48.682432919740677" lon="-123.41154470108449">
        <ele>0</ele>
      </trkpt>
      <trkpt lat="48.682511374354362" lon="-123.41152181848884">
        <ele>0</ele>
      </trkpt>
      <trkpt lat="48.682583793997765" lon="-123.41150010935962">
        <ele>0</ele>
      </trkpt>
      <trkpt lat="48.682713126763701" lon="-123.41147739440203">
        <ele>0</ele>
      </trkpt>
      <trkpt lat="48.682789234444499" lon="-123.41148720122874">
        <ele>0</ele>
      </trkpt>
      <trkpt lat="48.682967517524958" lon="-123.41157730668783">
        <ele>0</ele>
      </trkpt>
      <trkpt lat="48.683133982121944" lon="-123.41170001775026">
        <ele>0</ele>
      </trkpt>
      <trkpt lat="48.683229200541973" lon="-123.41173857450485">
        <ele>0</ele>
      </trkpt>
      <trkpt lat="48.683312181383371" lon="-123.41174259781837">
        <ele>0</ele>
      </trkpt>
      <trkpt lat="48.683367166668177" lon="-123.41169389896095">
        <ele>0</ele>
      </trkpt>
      <trkpt lat="48.683482501655817" lon="-123.41154612600803">
        <ele>0</ele>
      </trkpt>
      <trkpt lat="48.683942835777998" lon="-123.4105911757797">
        <ele>0</ele>
      </trkpt>
      <trkpt lat="48.684280039742589" lon="-123.41009731404483">
        <ele>0</ele>
      </trkpt>
      <trkpt lat="48.684479696676135" lon="-123.4098934661597">
        <ele>0</ele>
      </trkpt>
      <trkpt lat="48.684503417462111" lon="-123.40997627936304">
        <ele>0</ele>
      </trkpt>
      <trkpt lat="48.684502579271793" lon="-123.41001190245152">
        <ele>0</ele>
      </trkpt>
      <trkpt lat="48.684494700282812" lon="-123.41004593297839">
        <ele>0</ele>
      </trkpt>
      <trkpt lat="48.684477433562279" lon="-123.41007334180176">
        <ele>0</ele>
      </trkpt>
      <trkpt lat="48.6840377189219" lon="-123.41070248745382">
        <ele>0</ele>
      </trkpt>
      <trkpt lat="48.683989522978663" lon="-123.41081849299371">
        <ele>0</ele>
      </trkpt>
      <trkpt lat="48.683982817456126" lon="-123.4108795132488">
        <ele>0</ele>
      </trkpt>
      <trkpt lat="48.683987762778997" lon="-123.41092226095498">
        <ele>0</ele>
      </trkpt>
      <trkpt lat="48.684001341462135" lon="-123.41094556264579">
        <ele>0</ele>
      </trkpt>
      <trkpt lat="48.684178618714213" lon="-123.41071673668921">
        <ele>0</ele>
      </trkpt>
      <trkpt lat="48.684175098314881" lon="-123.41071003116667">
        <ele>0</ele>
      </trkpt>
      <trkpt lat="48.684343490749598" lon="-123.41097733005881">
        <ele>0</ele>
      </trkpt>
      <trkpt lat="48.684254810214043" lon="-123.41061933897436">
        <ele>0</ele>
      </trkpt>
      <trkpt lat="48.684277776628733" lon="-123.41058698482811">
        <ele>0</ele>
      </trkpt>
      <trkpt lat="48.684290181845427" lon="-123.41054641641676">
        <ele>0</ele>
      </trkpt>
      <trkpt lat="48.684390932321548" lon="-123.41040166094899">
        <ele>0</ele>
      </trkpt>
      <trkpt lat="48.684416078031063" lon="-123.41039378196001">
        <ele>0</ele>
      </trkpt>
      <trkpt lat="48.684545075520873" lon="-123.41020661406219">
        <ele>0</ele>
      </trkpt>
      <trkpt lat="48.68458790704608" lon="-123.41014618054032">
        <ele>0</ele>
      </trkpt>
      <trkpt lat="48.684620931744576" lon="-123.41010678559542">
        <ele>0</ele>
      </trkpt>
      <trkpt lat="48.68465487845242" lon="-123.41007728129625">
        <ele>0</ele>
      </trkpt>
      <trkpt lat="48.684836011379957" lon="-123.41000452637672">
        <ele>0</ele>
      </trkpt>
      <trkpt lat="48.684905916452408" lon="-123.40997871011496">
        <ele>0</ele>
      </trkpt>
      <trkpt lat="48.685020161792636" lon="-123.40993646532297">
        <ele>0</ele>
      </trkpt>
      <trkpt lat="48.685201713815331" lon="-123.40988013893366">
        <ele>0</ele>
      </trkpt>
      <trkpt lat="48.685388630256057" lon="-123.4098295122385">
        <ele>0</ele>
      </trkpt>
      <trkpt lat="48.685528859496117" lon="-123.40982641093433">
        <ele>0</ele>
      </trkpt>
      <trkpt lat="48.685728684067726" lon="-123.40983730740845">
        <ele>0</ele>
      </trkpt>
      <trkpt lat="48.68581049144268" lon="-123.40983202680945">
        <ele>0</ele>
      </trkpt>
      <trkpt lat="48.685879725962877" lon="-123.40983697213233">
        <ele>0</ele>
      </trkpt>
      <trkpt lat="48.685977207496762" lon="-123.40985071845353">
        <ele>0</ele>
      </trkpt>
      <trkpt lat="48.686025822535157" lon="-123.40985842980444">
        <ele>0</ele>
      </trkpt>
      <trkpt lat="48.686050968244672" lon="-123.40986044146121">
        <ele>0</ele>
      </trkpt>
      <trkpt lat="48.686073599383235" lon="-123.40985666960478">
        <ele>0</ele>
      </trkpt>
      <trkpt lat="48.686105282977223" lon="-123.40985734015703">
        <ele>0</ele>
      </trkpt>
      <trkpt lat="48.686302006244659" lon="-123.4098937176168">
        <ele>0</ele>
      </trkpt>
      <trkpt lat="48.686590427532792" lon="-123.40995012782514">
        <ele>0</ele>
      </trkpt>
      <trkpt lat="48.686678102239966" lon="-123.40996898710728">
        <ele>0</ele>
      </trkpt>
      <trkpt lat="48.686914471909404" lon="-123.41003260575235">
        <ele>0</ele>
      </trkpt>
      <trkpt lat="48.686974234879017" lon="-123.41006479226053">
        <ele>0</ele>
      </trkpt>
      <trkpt lat="48.687122091650963" lon="-123.41010577976704">
        <ele>0</ele>
      </trkpt>
      <trkpt lat="48.687153188511729" lon="-123.41010737232864">
        <ele>0</ele>
      </trkpt>
      <trkpt lat="48.687184033915401" lon="-123.4101006668061">
        <ele>0</ele>
      </trkpt>
      <trkpt lat="48.687210269272327" lon="-123.41008792631328">
        <ele>0</ele>
      </trkpt>
      <trkpt lat="48.68723482824862" lon="-123.41006906703115">
        <ele>0</ele>
      </trkpt>
      <trkpt lat="48.687309930101037" lon="-123.41001148335636">
        <ele>0</ele>
      </trkpt>
      <trkpt lat="48.687319485470653" lon="-123.41000301763415">
        <ele>0</ele>
      </trkpt>
      <trkpt lat="48.687327615916729" lon="-123.40999128296971">
        <ele>0</ele>
      </trkpt>
      <trkpt lat="48.687333399429917" lon="-123.40997736901045">
        <ele>0</ele>
      </trkpt>
      <trkpt lat="48.687337003648281" lon="-123.40996177867055">
        <ele>0</ele>
      </trkpt>
      <trkpt lat="48.687341110780835" lon="-123.40994199737906">
        <ele>0</ele>
      </trkpt>
      <trkpt lat="48.687346810474992" lon="-123.40992690995336">
        <ele>0</ele>
      </trkpt>
      <trkpt lat="48.687354270368814" lon="-123.40991366654634">
        <ele>0</ele>
      </trkpt>
      <trkpt lat="48.687362736091018" lon="-123.40990201570094">
        <ele>0</ele>
      </trkpt>
      <trkpt lat="48.687457786872983" lon="-123.40976756997406">
        <ele>0</ele>
      </trkpt>
      <trkpt lat="48.687488967552781" lon="-123.40977251529694">
        <ele>0</ele>
      </trkpt>
      <trkpt lat="48.68753339163959" lon="-123.40978081338108">
        <ele>0</ele>
      </trkpt>
      <trkpt lat="48.687582761049271" lon="-123.40976966544986">
        <ele>0</ele>
      </trkpt>
      <trkpt lat="48.688067402690649" lon="-123.40986211784184">
        <ele>0</ele>
      </trkpt>
      <trkpt lat="48.688080562278628" lon="-123.40987309813499">
        <ele>0</ele>
      </trkpt>
      <trkpt lat="48.688092883676291" lon="-123.40989296324551">
        <ele>0</ele>
      </trkpt>
      <trkpt lat="48.688144683837891" lon="-123.41000000014901">
        <ele>0</ele>
      </trkpt>
      <trkpt lat="48.688141079619527" lon="-123.41010795906186">
        <ele>0</ele>
      </trkpt>
      <trkpt lat="48.68814711458981" lon="-123.41014299541712">
        <ele>0</ele>
      </trkpt>
      <trkpt lat="48.688156083226204" lon="-123.41017643921077">
        <ele>0</ele>
      </trkpt>
      <trkpt lat="48.688165973871946" lon="-123.41020309366286">
        <ele>0</ele>
      </trkpt>
      <trkpt lat="48.688206123188138" lon="-123.41029311530292">
        <ele>0</ele>
      </trkpt>
      <trkpt lat="48.688237471506" lon="-123.41035606339574">
        <ele>0</ele>
      </trkpt>
      <trkpt lat="48.688259264454246" lon="-123.41039570979774">
        <ele>0</ele>
      </trkpt>
      <trkpt lat="48.688308801501989" lon="-123.41047818772495">
        <ele>0</ele>
      </trkpt>
      <trkpt lat="48.688337216153741" lon="-123.41051573865116">
        <ele>0</ele>
      </trkpt>
      <trkpt lat="48.688365463167429" lon="-123.41055060736835">
        <ele>0</ele>
      </trkpt>
      <trkpt lat="48.688414581120014" lon="-123.41059679165483">
        <ele>0</ele>
      </trkpt>
      <trkpt lat="48.688450623303652" lon="-123.41063031926751">
        <ele>0</ele>
      </trkpt>
      <trkpt lat="48.688655560836196" lon="-123.41080700978637">
        <ele>0</ele>
      </trkpt>
      <trkpt lat="48.688841890543699" lon="-123.41091840527952">
        <ele>0</ele>
      </trkpt>
      <trkpt lat="48.689020676538348" lon="-123.41111781075597">
        <ele>0</ele>
      </trkpt>
      <trkpt lat="48.689080104231834" lon="-123.41108126565814">
        <ele>0</ele>
      </trkpt>
      <trkpt lat="48.689132574945688" lon="-123.41103508137167">
        <ele>0</ele>
      </trkpt>
      <trkpt lat="48.689180519431829" lon="-123.41098101809621">
        <ele>0</ele>
      </trkpt>
      <trkpt lat="48.689224105328321" lon="-123.41091899201274">
        <ele>0</ele>
      </trkpt>
      <trkpt lat="48.689262829720974" lon="-123.41085000894964">
        <ele>0</ele>
      </trkpt>
      <trkpt lat="48.689562398940325" lon="-123.41029118746519">
        <ele>0</ele>
      </trkpt>
      <trkpt lat="48.689589891582727" lon="-123.4102269820869">
        <ele>0</ele>
      </trkpt>
    </trkseg>
  </trk>

  <trk>
    <name>[CW] Swartz Bay, BC (Ferry terminal) ↔  Tsawwassen, BC (ferry terminal) 1h35min ferry (Check BC Ferries website for details)</name>
    <extensions>
      <gpxx:TrackExtension xmlns:gpxx="http://www.garmin.com/xmlschemas/GpxExtensions/v3">
        <gpxx:DisplayColor>DarkBlue</gpxx:DisplayColor>
      </gpxx:TrackExtension>
    </extensions>
    <trkseg>
      <trkpt lat="48.689589891582727" lon="-123.4102269820869">
        <ele>0</ele>
      </trkpt>
      <trkpt lat="48.689961461350322" lon="-123.40958056971431">
        <ele>0</ele>
      </trkpt>
      <trkpt lat="48.690441995859146" lon="-123.40906843543053">
        <ele>0</ele>
      </trkpt>
      <trkpt lat="48.690980616956949" lon="-123.4087382722646">
        <ele>0</ele>
      </trkpt>
      <trkpt lat="48.692001029849052" lon="-123.40861991979182">
        <ele>0</ele>
      </trkpt>
      <trkpt lat="48.694551307708025" lon="-123.41021130792797">
        <ele>0</ele>
      </trkpt>
      <trkpt lat="48.700118819251657" lon="-123.42933244071901">
        <ele>0</ele>
      </trkpt>
      <trkpt lat="48.70296967215836" lon="-123.43692032620311">
        <ele>0</ele>
      </trkpt>
      <trkpt lat="48.703887993469834" lon="-123.43913541175425">
        <ele>0</ele>
      </trkpt>
      <trkpt lat="48.705123234540224" lon="-123.44051859341562">
        <ele>0</ele>
      </trkpt>
      <trkpt lat="48.706324361264706" lon="-123.44129366800189">
        <ele>0</ele>
      </trkpt>
      <trkpt lat="48.70724268257618" lon="-123.44174813479185">
        <ele>0</ele>
      </trkpt>
      <trkpt lat="48.708577668294311" lon="-123.44173497520387">
        <ele>0</ele>
      </trkpt>
      <trkpt lat="48.711055275052786" lon="-123.44028079882264">
        <ele>0</ele>
      </trkpt>
      <trkpt lat="48.713595326989889" lon="-123.43590351752937">
        <ele>0</ele>
      </trkpt>
      <trkpt lat="48.721393682062626" lon="-123.42038232833147">
        <ele>0</ele>
      </trkpt>
      <trkpt lat="48.737385766580701" lon="-123.39424068108201">
        <ele>0</ele>
      </trkpt>
      <trkpt lat="48.770747417584062" lon="-123.35545853711665">
        <ele>0</ele>
      </trkpt>
      <trkpt lat="48.785089021548629" lon="-123.34930999204516">
        <ele>0</ele>
      </trkpt>
      <trkpt lat="48.797856839373708" lon="-123.34596418775618">
        <ele>0</ele>
      </trkpt>
      <trkpt lat="48.804222559556365" lon="-123.34368405863643">
        <ele>0</ele>
      </trkpt>
      <trkpt lat="48.810560535639524" lon="-123.34259952418506">
        <ele>0</ele>
      </trkpt>
      <trkpt lat="48.82790420204401" lon="-123.34387868642807">
        <ele>0</ele>
      </trkpt>
      <trkpt lat="48.833492333069444" lon="-123.34703958593309">
        <ele>0</ele>
      </trkpt>
      <trkpt lat="48.84046096354723" lon="-123.352179704234">
        <ele>0</ele>
      </trkpt>
      <trkpt lat="48.843582887202501" lon="-123.35409136489034">
        <ele>0</ele>
      </trkpt>
      <trkpt lat="48.845583731308579" lon="-123.35471522994339">
        <ele>0</ele>
      </trkpt>
      <trkpt lat="48.848123531788588" lon="-123.35461590439081">
        <ele>0</ele>
      </trkpt>
      <trkpt lat="48.851089719682932" lon="-123.35452588275075">
        <ele>0</ele>
      </trkpt>
      <trkpt lat="48.856348777189851" lon="-123.35114043205976">
        <ele>0</ele>
      </trkpt>
      <trkpt lat="48.860078891739249" lon="-123.34671327844262">
        <ele>0</ele>
      </trkpt>
      <trkpt lat="48.860719772055745" lon="-123.34142614156008">
        <ele>0</ele>
      </trkpt>
      <trkpt lat="48.859438095241785" lon="-123.33421619608998">
        <ele>0</ele>
      </trkpt>
      <trkpt lat="48.858156334608793" lon="-123.32652571611106">
        <ele>0</ele>
      </trkpt>
      <trkpt lat="48.857835894450545" lon="-123.31979647278786">
        <ele>0</ele>
      </trkpt>
      <trkpt lat="48.857675716280937" lon="-123.31482969224453">
        <ele>0</ele>
      </trkpt>
      <trkpt lat="48.859196277335286" lon="-123.31099756993353">
        <ele>0</ele>
      </trkpt>
      <trkpt lat="48.863133927807212" lon="-123.30846028402448">
        <ele>0</ele>
      </trkpt>
      <trkpt lat="48.868231466040015" lon="-123.30673579126596">
        <ele>0</ele>
      </trkpt>
      <trkpt lat="48.876167284324765" lon="-123.30231500789523">
        <ele>0</ele>
      </trkpt>
      <trkpt lat="48.88558778911829" lon="-123.29548099078238">
        <ele>0</ele>
      </trkpt>
      <trkpt lat="48.892646608874202" lon="-123.29025219194591">
        <ele>0</ele>
      </trkpt>
      <trkpt lat="49.003110537305474" lon="-123.137286901474">
        <ele>0</ele>
      </trkpt>
      <trkpt lat="49.005137784406543" lon="-123.13566693104804">
        <ele>0</ele>
      </trkpt>
      <trkpt lat="49.006933607161045" lon="-123.13321421854198">
        <ele>0</ele>
      </trkpt>
      <trkpt lat="49.006935534998775" lon="-123.13320256769657">
        <ele>0</ele>
      </trkpt>
    </trkseg>
  </trk>

</gpx>
